"id","genome_fraction","observed_region_hits","fold_enrichment","p_value","p_adjust","mean_tss_dist","observed_gene_hits","gene_set_size","fold_enrichment_hyper","p_value_hyper","p_adjust_hyper"
"R-HSA-3247509",0.0193274243565415,238,1.28754793720617,8.53509390090768e-05,0.0468448859967898,153295,103,106,1.02822484098932,0.157887613008062,0.999973166766684
"R-HSA-4839726",0.0193274243565415,238,1.28754793720617,8.53509390090768e-05,0.0468448859967898,153295,103,106,1.02822484098932,0.157887613008062,0.999973166766684
"R-HSA-157118",0.0208085255889692,254,1.27630020880673,8.59013801897124e-05,0.0468448859967898,161889,92,95,1.02475714351843,0.225544433853935,0.999973166766684
"R-HSA-195721",0.0284209967138066,333,1.22508257203955,0.000147440159920631,0.0552572413920824,144447,141,146,1.02193433125591,0.178752018061884,0.999973166766684
"R-HSA-3214841",0.003309730035639,54,1.70593162841447,0.000182440004888429,0.0552572413920824,102060,29,30,1.02290069941785,0.503004108540448,0.999973166766684
"R-HSA-9616222",0.00216142951514973,39,1.88661794907689,0.00020432275490001,0.0552572413920824,94449,24,25,1.01584621183566,0.59688448482871,0.999973166766684
"R-HSA-3214847",0.00754409642305637,104,1.44140671602356,0.000236430739452675,0.0552572413920824,154868,46,47,1.03565881525798,0.260983703961587,0.999973166766684
"R-HSA-211000",0.00691662704440358,95,1.43611652450476,0.000475320636167842,0.0972030700963237,103829,47,49,1.01498239702967,0.48986373141846,0.999973166766684
"R-HSA-9843970",0.00132607474512015,26,2.05005624504551,0.000677566909093263,0.123166607030731,69221,17,17,1.05817313732881,0.382056003309754,0.999973166766684
"R-HSA-70326",0.00466749382523847,67,1.50089905159486,0.00103739860209773,0.151087283090262,105599,36,37,1.02957386334695,0.388494160663599,0.999973166766684
"R-HSA-8953854",0.0379574267549156,422,1.1624549224355,0.00110166412941515,0.151087283090262,99619,248,258,1.01715867464165,0.152421213977688,0.999973166766684
"R-HSA-392499",0.156812644901772,1610,1.07350786006131,0.00110821968036867,0.151087283090262,133401,827,861,1.01638697394997,0.0182072414811012,0.999973166766684
"R-HSA-193648",0.0106488338431632,134,1.3157191029181,0.00124175950601213,0.151412378023608,104828,38,39,1.03104049278192,0.359652672859144,0.999973166766684
"R-HSA-204998",0.0118513081658328,147,1.29691488926748,0.00129570494641229,0.151412378023608,100036,45,47,1.01314449318716,0.517958134736054,0.999973166766684
"R-HSA-416482",0.0137247749946352,167,1.27224768820446,0.00140745967714684,0.153506935454149,96471,45,46,1.03516937347384,0.271918786122203,0.999973166766684
"R-HSA-73728",0.000764876231270591,17,2.3239040275309,0.00151090290727318,0.154489822268683,27943,14,14,1.05817313732881,0.452827157233172,0.999973166766684
"R-HSA-3858494",0.0146713701448702,176,1.25430289976725,0.00190431572808714,0.176266204883349,138351,64,67,1.01079225058274,0.493050432154306,0.999973166766684
"R-HSA-427389",0.00135710634054388,25,1.92613428477451,0.00193935922243293,0.176266204883349,37194,17,17,1.05817313732881,0.382056003309754,0.999973166766684
"R-HSA-1912422",0.00746941021034162,97,1.35783142587494,0.00223144855547963,0.191531514955467,102363,39,39,1.05817313732881,0.109662361294837,0.999973166766684
"R-HSA-73887",0.0165969069388751,195,1.22847941907615,0.00273147266893814,0.191531514955467,105599,75,78,1.01747417050847,0.371657709769463,0.999973166766684
"R-HSA-6811442",0.0173537622916675,203,1.22310242206762,0.0027354579335408,0.191531514955467,141511,95,96,1.04715050048164,0.028296002829336,0.999973166766684
"R-HSA-199991",0.0544929279519989,583,1.11863613410236,0.00325750908430589,0.191531514955467,129480,275,283,1.02826011577888,0.0231067721218201,0.999973166766684
"R-HSA-1912408",0.00631663903627436,83,1.37389158984332,0.00326122425334763,0.191531514955467,107195,31,31,1.05817313732881,0.172720114059211,0.999973166766684
"R-HSA-68886",0.0250856261649997,283,1.17956512060879,0.00326940254621155,0.191531514955467,127831,147,154,1.01007435835932,0.382826752777146,0.999973166766684
"R-HSA-9843940",0.00319467645091117,47,1.5382658903497,0.00336947654318998,0.191531514955467,55195,30,30,1.05817313732881,0.18280580113317,0.999973166766684
"R-HSA-5578749",0.00362267578609869,52,1.50083969593002,0.00346485521322282,0.191531514955467,49165,31,33,0.994041432036155,0.728460499697205,0.999973166766684
"R-HSA-195258",0.0268603441456528,301,1.17169710107363,0.00350044774178015,0.191531514955467,112083,150,157,1.01099344330778,0.36105641535023,0.999973166766684
"R-HSA-70171",0.00422489912101691,59,1.46014538636993,0.00350094262009715,0.191531514955467,114429,30,31,1.02403851999562,0.485376413351916,0.999973166766684
"R-HSA-2173793",0.00406382410239795,57,1.46656186026013,0.00370089882652724,0.191531514955467,97899,28,28,1.05817313732881,0.204774099246549,0.999973166766684
"R-HSA-193704",0.013612614185752,162,1.24432524251359,0.00371299923231239,0.191531514955467,101646,53,55,1.01969411415322,0.410748973835152,0.999973166766684
"R-HSA-2682334",0.00842691901489937,106,1.31521719325597,0.00371554827299403,0.191531514955467,140771,47,50,0.994682749089082,0.705185241686569,0.999973166766684
"R-HSA-5653656",0.0573804442041395,611,1.11336544153509,0.00374633770084043,0.191531514955467,128353,295,305,1.02347893610491,0.0470758348912581,0.999973166766684
"R-HSA-9609690",0.008266501445336,104,1.31544297456792,0.00399790407885203,0.194322200727879,91190,50,54,0.97978994197112,0.82604837090222,0.999973166766684
"R-HSA-4551638",0.00548141575605589,73,1.3924850745609,0.00403848094422243,0.194322200727879,145852,26,28,0.982589341805324,0.802584872177536,0.999973166766684
"R-HSA-9006936",0.0159203918606755,186,1.22157355840905,0.00416050642751009,0.194473957583043,142612,76,82,0.980745834597434,0.836519703054888,0.999973166766684
"R-HSA-5625740",0.00505749260501302,68,1.40583415002961,0.00434753377171049,0.197571256958843,89268,34,35,1.02793961911942,0.41906607802033,0.999973166766684
"R-HSA-4615885",0.00208963607827957,33,1.65121533967834,0.00463634375215505,0.205001577797991,57091,18,20,0.952355823595929,0.906002727489324,0.999973166766684
"R-HSA-68877",0.0134638992093781,159,1.23477180743281,0.00523059379181512,0.219369961591937,136506,82,85,1.02082585012897,0.305121549653568,0.999973166766684
"R-HSA-9843745",0.0105779608349708,128,1.26522698919994,0.00545719638504227,0.219369961591937,144366,57,59,1.02230286148716,0.362789762348589,0.999973166766684
"R-HSA-141424",0.00690531892064748,88,1.33247590210821,0.00549765796165613,0.219369961591937,150669,44,46,1.01216560961886,0.532288411389369,0.999973166766684
"R-HSA-141444",0.00690531892064748,88,1.33247590210821,0.00549765796165613,0.219369961591937,150669,44,46,1.01216560961886,0.532288411389369,0.999973166766684
"R-HSA-69620",0.0181482237304396,208,1.19836645305225,0.00563701828474905,0.219575283663082,114927,113,119,1.00481986990047,0.516956632616016,0.999973166766684
"R-HSA-2454202",0.0109124709144538,131,1.25518756774284,0.00636590402564707,0.240728926594109,172935,54,56,1.02038123956707,0.398385883584097,0.999973166766684
"R-HSA-5663220",0.0122302618014735,145,1.2396317216767,0.00647437210888802,0.240728926594109,134218,70,73,1.01468657004132,0.424472500028801,0.999973166766684
"R-HSA-9821993",0.000677304017066326,14,2.16124905722545,0.00688437166158207,0.245469174793073,37689,9,9,1.05817313732881,0.601009505914728,0.999973166766684
"R-HSA-4090294",0.00384804932235411,53,1.44011002018432,0.00692355428349456,0.245469174793073,204698,13,14,0.982589341805324,0.822223788643368,0.999973166766684
"R-HSA-72766",0.015390619411683,178,1.20927294363409,0.00710775622613435,0.245469174793073,88063,99,101,1.03721921381735,0.0780826910252037,0.999973166766684
"R-HSA-2990846",0.0194264361843129,220,1.18410435280516,0.00734797678717825,0.245469174793073,134212,89,92,1.02366749154635,0.247528235439876,0.999973166766684
"R-HSA-392518",0.00316956189698773,45,1.4844778060852,0.00735207186116171,0.245469174793073,106342,16,18,0.940598344292276,0.927130573776921,0.999973166766684
"R-HSA-8856688",0.0114522365890912,136,1.2416781232798,0.00771728131879068,0.246316875286309,135204,62,63,1.04137673832359,0.131386530454824,0.999973166766684
"R-HSA-4086398",0.0110780165866507,132,1.24586892240561,0.00773795500057051,0.246316875286309,139058,39,39,1.05817313732881,0.109662361294837,0.999973166766684
"R-HSA-71291",0.0265462149868931,293,1.154052179877,0.00800069126452785,0.246316875286309,118492,146,152,1.01640314506583,0.262055078061295,0.999973166766684
"R-HSA-9700206",0.00747887747674208,93,1.30019042276006,0.0082037586827004,0.246316875286309,114313,47,49,1.01498239702967,0.48986373141846,0.999973166766684
"R-HSA-9725370",0.00747887747674208,93,1.30019042276006,0.0082037586827004,0.246316875286309,114313,47,49,1.01498239702967,0.48986373141846,0.999973166766684
"R-HSA-1442490",0.00503974148051216,66,1.36929211950366,0.00840762815114759,0.246316875286309,108913,35,36,1.02877943906968,0.40356329910605,0.999973166766684
"R-HSA-456926",0.00354207253188365,49,1.44643546767351,0.00843138448412795,0.246316875286309,81450,16,18,0.940598344292276,0.927130573776921,0.999973166766684
"R-HSA-204005",0.00278600611795793,40,1.50119931683275,0.00924033337006058,0.254242085834316,158813,20,20,1.05817313732881,0.322325365896719,0.999973166766684
"R-HSA-3108232",0.0189685886620018,214,1.17961201394041,0.00933996236016954,0.254242085834316,136146,86,89,1.02250437989076,0.27111888700918,0.999973166766684
"R-HSA-3928665",0.00444764286104998,59,1.38701940604441,0.00953502499716508,0.254242085834316,159208,26,28,0.982589341805324,0.802584872177536,0.999973166766684
"R-HSA-597592",0.121251093995229,1235,1.06498066817475,0.00996554993855847,0.254242085834316,140679,609,633,1.01805282880449,0.0265044308856272,0.999973166766684
"R-HSA-168276",0.00180298829004338,28,1.62377390515874,0.0104298460644857,0.254242085834316,61236,16,17,0.99592765866241,0.760648827438052,0.999973166766684
"R-HSA-72312",0.0118549898805441,139,1.22595363368667,0.0104843133826796,0.254242085834316,79556,84,84,1.05817313732881,0.0084470587808394,0.999973166766684
"R-HSA-428930",0.00247148248976483,36,1.52301926008444,0.0105926070881928,0.254242085834316,85382,10,12,0.881810947774008,0.974962395523267,0.999973166766684
"R-HSA-110328",0.00164638392500242,26,1.65121134344573,0.0108836129828289,0.254242085834316,48808,16,17,0.99592765866241,0.760648827438052,0.999973166766684
"R-HSA-110329",0.00164638392500242,26,1.65121134344573,0.0108836129828289,0.254242085834316,48808,16,17,0.99592765866241,0.760648827438052,0.999973166766684
"R-HSA-73928",0.00164638392500242,26,1.65121134344573,0.0108836129828289,0.254242085834316,48808,16,17,0.99592765866241,0.760648827438052,0.999973166766684
"R-HSA-69618",0.00868200924846736,105,1.26453102022267,0.0109587387764419,0.254242085834316,151254,51,53,1.01824207554282,0.436201431813865,0.999973166766684
"R-HSA-3700989",0.0334144537808054,361,1.12962232865945,0.0109651075772522,0.254242085834316,151308,153,161,1.0055931056603,0.471155558415248,0.999973166766684
"R-HSA-9692914",0.00537924817281758,69,1.34118269837974,0.011003917121317,0.254242085834316,86648,41,42,1.03297853882098,0.319587464384183,0.999973166766684
"R-HSA-5628897",0.00620500418663559,78,1.31435583161373,0.0113660041227641,0.254242085834316,123434,38,39,1.03104049278192,0.359652672859144,0.999973166766684
"R-HSA-8878166",0.0104823677422884,124,1.23686621284072,0.0116576779292393,0.254242085834316,234485,44,49,0.950196286580972,0.949483926500639,0.999973166766684
"R-HSA-2871796",0.002833079470338,40,1.476255969788,0.0118309539639283,0.254242085834316,144143,16,17,0.99592765866241,0.760648827438052,0.999973166766684
"R-HSA-177504",0.000444304071766087,10,2.35331541321784,0.0119607713768392,0.254242085834316,121878,7,7,1.05817313732881,0.67303840121885,0.999973166766684
"R-HSA-1980143",0.0131468772747737,152,1.20887504275883,0.0120663310777778,0.254242085834316,182571,42,44,1.01007435835932,0.56145655511341,0.999973166766684
"R-HSA-170834",0.00890370107001149,107,1.25653224974916,0.0121211489310277,0.254242085834316,109584,45,49,0.97179165673054,0.869997816270053,0.999973166766684
"R-HSA-2424491",0.00267397679888581,38,1.48588909169943,0.0126217541586716,0.254242085834316,163619,14,15,0.987628261506889,0.801926304852751,0.999973166766684
"R-HSA-420092",0.00276089156403449,39,1.47698365704272,0.0126968609546447,0.254242085834316,100456,11,11,1.05817313732881,0.536674318931889,0.999973166766684
"R-HSA-74160",0.14065267860524,1422,1.05709013914901,0.0128661639107672,0.254242085834316,147134,665,697,1.00959130032089,0.15611089140267,0.999973166766684
"R-HSA-5621481",0.00986423414022494,117,1.24017485624679,0.0129453979640888,0.254242085834316,117336,54,56,1.02038123956707,0.398385883584097,0.999973166766684
"R-HSA-8934593",0.00259495142240418,37,1.49084648039895,0.0130652144624899,0.254242085834316,163996,14,14,1.05817313732881,0.452827157233172,0.999973166766684
"R-HSA-9006931",0.0296128203617758,321,1.13340648407506,0.0134548819568356,0.254242085834316,143934,129,131,1.04201782225509,0.021991578321404,0.999973166766684
"R-HSA-2500257",0.00903992451432923,108,1.24916378236569,0.0136506949413222,0.254242085834316,140645,56,59,1.00436772356633,0.591198115566206,0.999973166766684
"R-HSA-6803529",0.000738315289424853,14,1.98265251892579,0.0136707032044063,0.254242085834316,31161,11,12,0.969992042551409,0.861639520016197,0.999973166766684
"R-HSA-8936459",0.00463475286227021,60,1.35358365545785,0.0141223266653654,0.254242085834316,167171,29,29,1.05817313732881,0.193479078046745,0.999973166766684
"R-HSA-418592",0.00287108002575096,40,1.45671679070539,0.0143327790855354,0.254242085834316,104435,12,14,0.907005546281837,0.961810813196636,0.999973166766684
"R-HSA-196757",0.000597358211906876,12,2.1004233628694,0.0143390881488965,0.254242085834316,50441,6,6,1.05817313732881,0.712220694663378,0.999973166766684
"R-HSA-73929",0.00210659826391373,31,1.53865199562546,0.0146585087147746,0.254242085834316,57114,17,18,0.999385740810543,0.739838609145694,0.999973166766684
"R-HSA-977606",0.000821153870428888,15,1.90997264561963,0.0148728946222179,0.254242085834316,37163,13,13,1.05817313732881,0.479212630905329,0.999973166766684
"R-HSA-1989781",0.00916996793752446,109,1.24285113517211,0.0150655856086586,0.254242085834316,124248,51,56,0.963693392924452,0.914438212928698,0.999973166766684
"R-HSA-400206",0.00916996793752446,109,1.24285113517211,0.0150655856086586,0.254242085834316,124248,51,56,0.963693392924452,0.914438212928698,0.999973166766684
"R-HSA-427359",0.00161535232957869,25,1.61820365919069,0.0153538207793993,0.254242085834316,48454,18,18,1.05817313732881,0.361009967672346,0.999973166766684
"R-HSA-380270",0.00474743963039792,61,1.34347879700055,0.0153975637535264,0.254242085834316,83820,32,32,1.05817313732881,0.163189734746922,0.999973166766684
"R-HSA-380287",0.00474743963039792,61,1.34347879700055,0.0153975637535264,0.254242085834316,83820,32,32,1.05817313732881,0.163189734746922,0.999973166766684
"R-HSA-381340",0.00843454542394419,101,1.25204553815915,0.0156524021319444,0.254242085834316,128650,46,48,1.01408258994011,0.503813034725663,0.999973166766684
"R-HSA-1234158",0.00113528302918863,19,1.74988652819085,0.015662588084391,0.254242085834316,137248,9,9,1.05817313732881,0.601009505914728,0.999973166766684
"R-HSA-445717",0.00394561476220331,52,1.37799961550865,0.0156984530224029,0.254242085834316,98385,19,20,1.00526448046237,0.698236308995411,0.999973166766684
"R-HSA-9634597",0.00440241036602556,57,1.35376962615213,0.0163104355530662,0.254242085834316,105157,21,22,1.01007435835932,0.657053416540125,0.999973166766684
"R-HSA-1368082",0.00272433739654382,38,1.45842176595394,0.0163366151906765,0.254242085834316,159903,15,15,1.05817313732881,0.427891503831773,0.999973166766684
"R-HSA-350054",0.00668757179343687,82,1.28205255222881,0.0165686033273726,0.254242085834316,157074,16,17,0.99592765866241,0.760648827438052,0.999973166766684
"R-HSA-8853884",0.00449642558097458,58,1.34871757314674,0.01656925015455,0.254242085834316,168303,20,20,1.05817313732881,0.322325365896719,0.999973166766684
"R-HSA-5620912",0.00558568717627209,70,1.3103335562345,0.0166079901195995,0.254242085834316,133624,35,36,1.02877943906968,0.40356329910605,0.999973166766684
"R-HSA-201681",0.0165660068332625,186,1.17396605785909,0.0168392436867956,0.254242085834316,153461,89,92,1.02366749154635,0.247528235439876,0.999973166766684
"R-HSA-6790901",0.0020463759304219,30,1.53283803532669,0.0168527286171447,0.254242085834316,42479,20,20,1.05817313732881,0.322325365896719,0.999973166766684
"R-HSA-2173795",0.00343306747846723,46,1.40099286812249,0.0170586578904683,0.254242085834316,98593,17,17,1.05817313732881,0.382056003309754,0.999973166766684
"R-HSA-3214815",0.00442134489882648,57,1.34797206998363,0.0175462568133287,0.254242085834316,89981,28,29,1.0216844084554,0.521034692841053,0.999973166766684
"R-HSA-4085377",0.00171844034149482,26,1.5819739254177,0.0175528616041192,0.254242085834316,55837,14,16,0.925901495162709,0.945809800332927,0.999973166766684
"R-HSA-9821002",0.00123100761168219,20,1.69875086119698,0.0177950647800766,0.254242085834316,33662,16,17,0.99592765866241,0.760648827438052,0.999973166766684
"R-HSA-392451",0.0025695738888585,36,1.4648792351114,0.0178918737847822,0.254242085834316,72737,9,9,1.05817313732881,0.601009505914728,0.999973166766684
"R-HSA-2644602",0.0111282456944976,129,1.21205809715348,0.0179159022481032,0.254242085834316,184897,32,34,0.99592765866241,0.713233481936245,0.999973166766684
"R-HSA-2644603",0.0111282456944976,129,1.21205809715348,0.0179159022481032,0.254242085834316,184897,32,34,0.99592765866241,0.713233481936245,0.999973166766684
"R-HSA-2644606",0.0111282456944976,129,1.21205809715348,0.0179159022481032,0.254242085834316,184897,32,34,0.99592765866241,0.713233481936245,0.999973166766684
"R-HSA-2894858",0.0111282456944976,129,1.21205809715348,0.0179159022481032,0.254242085834316,184897,32,34,0.99592765866241,0.713233481936245,0.999973166766684
"R-HSA-2894862",0.0111282456944976,129,1.21205809715348,0.0179159022481032,0.254242085834316,184897,32,34,0.99592765866241,0.713233481936245,0.999973166766684
"R-HSA-194138",0.0128457656073146,147,1.19651397101733,0.0179441145824017,0.254242085834316,134483,53,57,0.983915373305736,0.79729529049893,0.999973166766684
"R-HSA-5617472",0.00634740765207586,78,1.28486838799851,0.0181542543837561,0.254242085834316,114507,35,37,1.00097458936509,0.667273221848957,0.999973166766684
"R-HSA-5619507",0.00634740765207586,78,1.28486838799851,0.0181542543837561,0.254242085834316,114507,35,37,1.00097458936509,0.667273221848957,0.999973166766684
"R-HSA-201722",0.00452088268584244,58,1.34142127076161,0.0181823496593001,0.254242085834316,122186,29,29,1.05817313732881,0.193479078046745,0.999973166766684
"R-HSA-9816359",0.00636042514337649,78,1.28223872682238,0.0189130377549505,0.26221804887372,75912,42,43,1.03356445971651,0.30706648234301,0.999973166766684
"R-HSA-69278",0.0377044403583255,400,1.10924613685369,0.019625097907592,0.267992329600118,119285,212,222,1.01050768069238,0.316857648047565,0.999973166766684
"R-HSA-2173796",0.00224439958596488,32,1.49076858046996,0.019717416881293,0.267992329600118,105872,21,21,1.05817313732881,0.30456332776173,0.999973166766684
"R-HSA-114604",0.00409301484046604,53,1.35391993512896,0.0198209485828938,0.267992329600118,145790,19,19,1.05817313732881,0.341120913051654,0.999973166766684
"R-HSA-8951936",0.00276812350364595,38,1.43535248759261,0.0202408836964183,0.268895370558829,235190,6,6,1.05817313732881,0.712220694663378,0.999973166766684
"R-HSA-8941326",0.00610559788943074,75,1.28437989101678,0.0202815190104302,0.268895370558829,220687,19,22,0.913876800420336,0.970031589074615,0.999973166766684
"R-HSA-2299718",0.00165913843668082,25,1.57549785648737,0.020389706593074,0.268895370558829,97616,19,20,1.00526448046237,0.698236308995411,0.999973166766684
"R-HSA-9660821",0.00446565696517308,57,1.33459633864906,0.0207375104422631,0.268895370558829,106399,21,22,1.01007435835932,0.657053416540125,0.999973166766684
"R-HSA-392170",0.00259929058617106,36,1.44813182985365,0.0207625547655015,0.268895370558829,85008,10,10,1.05817313732881,0.567933623204812,0.999973166766684
"R-HSA-1169410",0.0109077372812536,126,1.20780356872901,0.0208739071277331,0.268895370558829,105607,61,64,1.00857127151652,0.529129881616312,0.999973166766684
"R-HSA-9842860",0.00798340388199999,95,1.24421644440417,0.0212527267277491,0.268934339483149,107450,45,45,1.05817313732881,0.0779769845045082,0.999973166766684
"R-HSA-1234174",0.00357455051522968,47,1.37479154209808,0.0213687232346749,0.268934339483149,141790,25,26,1.01747417050847,0.57740076648324,0.999973166766684
"R-HSA-1296071",0.00807925995430466,96,1.24239611190882,0.0213700881007393,0.268934339483149,181576,39,42,0.982589341805324,0.802014839881812,0.999973166766684
"R-HSA-3928662",0.00456966540576704,58,1.32710114612626,0.0217806327216858,0.271253439044674,140155,24,25,1.01584621183566,0.59688448482871,0.999973166766684
"R-HSA-186797",0.00733857784827969,88,1.25380846921064,0.0218859742994481,0.271253439044674,164531,39,40,1.03171880889559,0.345875322991232,0.999973166766684
"R-HSA-72203",0.0137226711576573,155,1.18100972671902,0.0226181105209953,0.274567487081464,102907,92,98,0.993387026880107,0.707002324605393,0.999973166766684
"R-HSA-176033",0.00175985963199684,26,1.5447412754994,0.0226455889687833,0.274567487081464,61419,14,15,0.987628261506889,0.801926304852751,0.999973166766684
"R-HSA-1268020",0.00385751658875457,50,1.35526004384618,0.0226568525403409,0.274567487081464,149098,27,28,1.02038123956707,0.539455317430142,0.999973166766684
"R-HSA-5668914",0.0225841639983001,246,1.1389155454195,0.0228257519884345,0.274580369507933,158693,115,117,1.04008470763088,0.0402388243650755,0.999973166766684
"R-HSA-162582",0.260333389786292,2576,1.03460939526655,0.023246517429897,0.276925421989871,145708,1217,1274,1.01082944123168,0.0445213565844662,0.999973166766684
"R-HSA-392851",0.00236287190578176,33,1.46027346567435,0.0233639942298338,0.276925421989871,73970,8,8,1.05817313732881,0.636007292512453,0.999973166766684
"R-HSA-166658",0.00219298706981793,31,1.47803955042064,0.0236766256193298,0.276925421989871,40667,20,20,1.05817313732881,0.322325365896719,0.999973166766684
"R-HSA-2871809",0.00459385953101266,58,1.32011180500117,0.023766434044285,0.276925421989871,174269,15,15,1.05817313732881,0.427891503831773,0.999973166766684
"R-HSA-429914",0.00211027997862502,30,1.48642023451861,0.0240744298262842,0.276925421989871,55992,22,22,1.05817313732881,0.287778085438949,0.999973166766684
"R-HSA-8868773",0.0109699319619121,126,1.20095585467606,0.0240952490372475,0.276925421989871,73250,76,76,1.05817313732881,0.0133378545139315,0.999973166766684
"R-HSA-202040",0.00263163707970597,36,1.43033226803972,0.0242903582052659,0.276925421989871,84952,10,12,0.881810947774008,0.974962395523267,0.999973166766684
"R-HSA-2467813",0.0122261856173289,139,1.18873280483918,0.0247096811397183,0.276925421989871,141478,73,77,1.00320310422082,0.581990239004072,0.999973166766684
"R-HSA-8949613",0.00228739675420031,32,1.46274597034041,0.0247106892022244,0.276925421989871,55982,15,15,1.05817313732881,0.427891503831773,0.999973166766684
"R-HSA-391251",0.00832448845203883,98,1.23091751972671,0.0248742169175977,0.276925421989871,108043,46,48,1.01408258994011,0.503813034725663,0.999973166766684
"R-HSA-9735871",0.00152436138028536,23,1.57761247277711,0.0248890566372976,0.276925421989871,62936,12,12,1.05817313732881,0.507132027924225,0.999973166766684
"R-HSA-70263",0.00135999911638847,21,1.61451134493401,0.0250519330406485,0.276925421989871,36859,12,12,1.05817313732881,0.507132027924225,0.999973166766684
"R-HSA-2129379",0.00273209529539975,37,1.41600997644977,0.0257990357801181,0.283269949907874,126433,15,17,0.933682179996009,0.936791712379919,0.999973166766684
"R-HSA-73857",0.125806689991206,1267,1.05301197809111,0.0261419895580761,0.285121966113417,151082,578,607,1.00761791330486,0.240764422975717,0.999973166766684
"R-HSA-73894",0.0220902882677427,240,1.13597896875187,0.0265430647557618,0.285696274165472,140062,116,125,0.981984671441136,0.850786177924692,0.999973166766684
"R-HSA-5607764",0.00656568073853093,79,1.25807856471628,0.0265684591457868,0.285696274165472,143369,35,36,1.02877943906968,0.40356329910605,0.999973166766684
"R-HSA-1430728",0.161818724990638,1618,1.04546662918668,0.0267185390876022,0.285696274165472,115381,905,955,1.00277140239013,0.38750426895687,0.999973166766684
"R-HSA-8950505",0.00213144983821494,30,1.47165689967854,0.0269363251608197,0.286154727033123,73897,15,16,0.99203731624576,0.781371519784154,0.999973166766684
"R-HSA-5689603",0.00518687857915266,64,1.2901325271905,0.0275784930006693,0.287924942708616,198224,26,28,0.982589341805324,0.802584872177536,0.999973166766684
"R-HSA-9678108",0.00921901363707129,107,1.21355580727286,0.0276843293446423,0.287924942708616,97722,61,65,0.993054790416268,0.714275667435681,0.999973166766684
"R-HSA-5601884",0.00129596357837424,20,1.61360648970436,0.0283281985566373,0.287924942708616,47080,11,12,0.969992042551409,0.861639520016197,0.999973166766684
"R-HSA-8854518",0.00427894143338621,54,1.31952569045604,0.0283611668774864,0.287924942708616,92467,28,28,1.05817313732881,0.204774099246549,0.999973166766684
"R-HSA-446353",0.00284123183862729,38,1.39841913035911,0.0283796472800421,0.287924942708616,54372,14,14,1.05817313732881,0.452827157233172,0.999973166766684
"R-HSA-2565942",0.00528983510125767,65,1.28478854283395,0.0285574720850353,0.287924942708616,107818,34,34,1.05817313732881,0.14567452393015,0.999973166766684
"R-HSA-2028269",0.00266845422681887,36,1.4105977142282,0.0288605897932346,0.287924942708616,184370,14,14,1.05817313732881,0.452827157233172,0.999973166766684
"R-HSA-168255",0.00886109837120941,103,1.21537444200934,0.0292101565851779,0.287924942708616,78690,61,63,1.02458033931837,0.318878729730673,0.999973166766684
"R-HSA-432040",0.00374390939194904,48,1.34052939100421,0.0293555707473128,0.287924942708616,103878,16,17,0.99592765866241,0.760648827438052,0.999973166766684
"R-HSA-6811434",0.00895840083143637,104,1.21384513320323,0.0293781063404386,0.287924942708616,146642,44,45,1.0346581787215,0.28323920461208,0.999973166766684
"R-HSA-76002",0.0260057918632001,279,1.12174606173204,0.0295186246295465,0.287924942708616,144955,121,125,1.02431159693429,0.175201308591783,0.999973166766684
"R-HSA-1852241",0.0224600376166052,243,1.13124383875075,0.0298040010229322,0.287924942708616,137252,121,130,0.9849149970522,0.822502058138009,0.999973166766684
"R-HSA-8876198",0.00558174248193856,68,1.27379502738725,0.0298855942145533,0.287924942708616,151744,38,39,1.03104049278192,0.359652672859144,0.999973166766684
"R-HSA-4420097",0.0116428968152116,132,1.18542290688086,0.0298994058328143,0.287924942708616,118284,48,52,0.976775203688132,0.84427188651469,0.999973166766684
"R-HSA-191859",0.00180864235192143,26,1.50307649809407,0.0300397165917714,0.287924942708616,79350,16,18,0.940598344292276,0.927130573776921,0.999973166766684
"R-HSA-194441",0.00180864235192143,26,1.50307649809407,0.0300397165917714,0.287924942708616,79350,16,18,0.940598344292276,0.927130573776921,0.999973166766684
"R-HSA-379724",0.00106270065345177,17,1.67262431677149,0.0306964741699438,0.287924942708616,121780,10,10,1.05817313732881,0.567933623204812,0.999973166766684
"R-HSA-9670095",0.00139260858954561,21,1.57670577288759,0.031045490620334,0.287924942708616,37228,14,15,0.987628261506889,0.801926304852751,0.999973166766684
"R-HSA-8964315",0.00233420712695815,32,1.43341194795188,0.031214359997322,0.287924942708616,75962,7,7,1.05817313732881,0.67303840121885,0.999973166766684
"R-HSA-9839373",0.00513323073621671,63,1.28324681784773,0.0312562473485924,0.287924942708616,183956,25,26,1.01747417050847,0.57740076648324,0.999973166766684
"R-HSA-1566948",0.00313116687214141,41,1.36910915899629,0.0313544119555229,0.287924942708616,122778,18,20,0.952355823595929,0.906002727489324,0.999973166766684
"R-HSA-159231",0.00190489289365946,27,1.48201853450751,0.0318533962817203,0.287924942708616,61667,16,17,0.99592765866241,0.760648827438052,0.999973166766684
"R-HSA-159234",0.00190489289365946,27,1.48201853450751,0.0318533962817203,0.287924942708616,61667,16,17,0.99592765866241,0.760648827438052,0.999973166766684
"R-HSA-2122947",0.00965950450431497,111,1.20151324320084,0.0318813399256547,0.287924942708616,186240,28,30,0.987628261506889,0.773462873049509,0.999973166766684
"R-HSA-8864260",0.00242887979096276,33,1.42058868439628,0.0322976471731309,0.287924942708616,167620,15,17,0.933682179996009,0.936791712379919,0.999973166766684
"R-HSA-8943723",0.00173684891505127,25,1.50500658287211,0.0324027760991412,0.287924942708616,178232,6,6,1.05817313732881,0.712220694663378,0.999973166766684
"R-HSA-8948700",0.00173684891505127,25,1.50500658287211,0.0324027760991412,0.287924942708616,178232,6,6,1.05817313732881,0.712220694663378,0.999973166766684
"R-HSA-9768778",0.00173684891505127,25,1.50500658287211,0.0324027760991412,0.287924942708616,178232,6,6,1.05817313732881,0.712220694663378,0.999973166766684
"R-HSA-1221632",0.00208174668961252,29,1.45656727297012,0.0325790616220227,0.287924942708616,38453,18,19,1.0024798143115,0.719012950844803,0.999973166766684
"R-HSA-171306",0.0010712474911744,17,1.65927945601414,0.0326922048546197,0.287924942708616,41772,11,11,1.05817313732881,0.536674318931889,0.999973166766684
"R-HSA-2559585",0.00278626909758017,37,1.38847830536448,0.032930308826574,0.287924942708616,141934,19,20,1.00526448046237,0.698236308995411,0.999973166766684
"R-HSA-380320",0.00580027854801587,70,1.26185549213007,0.0330127200630581,0.287924942708616,96306,38,39,1.03104049278192,0.359652672859144,0.999973166766684
"R-HSA-1474228",0.011981220099217,135,1.17812983622572,0.033161589258595,0.287924942708616,134983,73,78,0.990341525961579,0.74268787663021,0.999973166766684
"R-HSA-9658195",0.0183056170343472,200,1.14236807017291,0.0332627225989782,0.287924942708616,102760,80,87,0.973032769957527,0.895418372088675,0.999973166766684
"R-HSA-9824443",0.0183056170343472,200,1.14236807017291,0.0332627225989782,0.287924942708616,102760,80,87,0.973032769957527,0.895418372088675,0.999973166766684
"R-HSA-72202",0.00368776324260186,47,1.3325860397895,0.0334519719438695,0.28803908473774,60434,25,27,0.97978994197112,0.816781777193931,0.999973166766684
"R-HSA-380259",0.00423896853080648,53,1.3073025541502,0.0340243260659774,0.289915611687182,94146,27,27,1.05817313732881,0.216726999895963,0.999973166766684
"R-HSA-380284",0.00423896853080648,53,1.3073025541502,0.0340243260659774,0.289915611687182,94146,27,27,1.05817313732881,0.216726999895963,0.999973166766684
"R-HSA-419037",0.00479398702353352,59,1.28681344549911,0.0344496947215517,0.290689999199425,214190,24,25,1.01584621183566,0.59688448482871,0.999973166766684
"R-HSA-8878159",0.0128699597325602,144,1.1698919067634,0.0344705744771934,0.290689999199425,184716,43,44,1.03412374784406,0.294952669353943,0.999973166766684
"R-HSA-8948216",0.00424856728701806,53,1.30434897529307,0.0351814111108761,0.294092889821976,127719,23,24,1.01408258994011,0.616675385991643,0.999973166766684
"R-HSA-2559580",0.00751411674612158,88,1.22451797982562,0.0352336224970093,0.294092889821976,99700,46,47,1.03565881525798,0.260983703961587,0.999973166766684
"R-HSA-5579029",0.00166755378459234,24,1.50484518806429,0.0354637873867207,0.294511452612564,211605,15,15,1.05817313732881,0.427891503831773,0.999973166766684
"R-HSA-6791226",0.010673290948031,121,1.18535232165381,0.0360881220043645,0.295288585909826,73673,72,72,1.05817313732881,0.016757253496384,0.999973166766684
"R-HSA-453274",0.0105773033859152,120,1.18622402942688,0.0360988491332306,0.295288585909826,102489,68,71,1.01346159631492,0.4467438210765,0.999973166766684
"R-HSA-69275",0.0105773033859152,120,1.18622402942688,0.0360988491332306,0.295288585909826,102489,68,71,1.01346159631492,0.4467438210765,0.999973166766684
"R-HSA-1640170",0.0478650525328093,496,1.08348666134824,0.0366465564130037,0.298277444237185,112986,265,278,1.00869022083502,0.327195086227315,0.999973166766684
"R-HSA-422475",0.0555384034401942,572,1.07686948441502,0.0370187895020884,0.299530291625583,154640,258,267,1.02250437989076,0.0719693674717209,0.999973166766684
"R-HSA-9648025",0.0098241297478341,112,1.19202226022093,0.037287073416217,0.299530291625583,135096,56,59,1.00436772356633,0.591198115566206,0.999973166766684
"R-HSA-163359",0.0037173484501033,47,1.32198040649204,0.0373497429655373,0.299530291625583,105493,15,16,0.99203731624576,0.781371519784154,0.999973166766684
"R-HSA-9012852",0.00897010342462583,103,1.20060516347366,0.0379122788820679,0.302558479273479,171587,28,29,1.0216844084554,0.521034692841053,0.999973166766684
"R-HSA-8953897",0.0579089017550208,595,1.07431606400719,0.0386527352668513,0.306056848099448,120883,303,319,1.00509862260385,0.410188296886902,0.999973166766684
"R-HSA-373752",0.00745626122922987,87,1.2199964588754,0.0387247967949791,0.306056848099448,161076,28,29,1.0216844084554,0.521034692841053,0.999973166766684
"R-HSA-112316",0.0394825770740677,412,1.09106884976584,0.0389708793633063,0.306174516867483,157123,190,202,0.995311366794425,0.681338334163091,0.999973166766684
"R-HSA-9839394",0.00427946739263068,53,1.29493085911308,0.0391139816780587,0.306174516867483,197243,18,18,1.05817313732881,0.361009967672346,0.999973166766684
"R-HSA-5632684",0.00492915854936233,60,1.27273766072448,0.0395004951318791,0.307727666836925,176921,26,27,1.01898153964997,0.558250285626385,0.999973166766684
"R-HSA-1643685",0.171748046587366,1708,1.03981599258881,0.0397584807611135,0.30826954751271,128641,794,833,1.00863081757392,0.156536693061616,0.999973166766684
"R-HSA-9759811",0.00194894198038382,27,1.44852263590678,0.0401259104022786,0.309650893481735,187443,7,7,1.05817313732881,0.67303840121885,0.999973166766684
"R-HSA-6814122",0.00346949015614678,44,1.32601198505107,0.0409801070782458,0.314308123849321,99816,16,18,0.940598344292276,0.927130573776921,0.999973166766684
"R-HSA-9824272",0.00365344440190019,46,1.31648453459817,0.0412599830368732,0.314308123849321,144877,14,15,0.987628261506889,0.801926304852751,0.999973166766684
"R-HSA-5689880",0.0126789050370065,141,1.16278065041026,0.0418439717911956,0.314308123849321,122602,63,68,0.980366288995809,0.830623737724133,0.999973166766684
"R-HSA-9609646",0.0128744303861382,143,1.16136423290365,0.0419478588072209,0.314308123849321,92314,61,65,0.993054790416268,0.714275667435681,0.999973166766684
"R-HSA-5668599",0.00144165428909245,21,1.5230655637224,0.0420004017621887,0.314308123849321,102654,12,12,1.05817313732881,0.507132027924225,0.999973166766684
"R-HSA-390466",0.00748847623295366,87,1.21474810270212,0.0420068269306554,0.314308123849321,111061,43,45,1.0111432201142,0.546792161304014,0.999973166766684
"R-HSA-3000480",0.00119366450532481,18,1.57670577288759,0.0431353028233964,0.314308123849321,138146,10,10,1.05817313732881,0.567933623204812,0.999973166766684
"R-HSA-6804760",0.00111108890394301,17,1.59978103291683,0.0432690437746097,0.314308123849321,108441,7,7,1.05817313732881,0.67303840121885,0.999973166766684
"R-HSA-9674555",0.00161811361561215,23,1.4862068419393,0.0434140969192366,0.314308123849321,75522,15,15,1.05817313732881,0.427891503831773,0.999973166766684
"R-HSA-112315",0.0271901205919356,288,1.10749503155633,0.043861663474916,0.314308123849321,138900,131,139,0.997271086259526,0.64440334020695,0.999973166766684
"R-HSA-9755779",0.0013647327495887,20,1.53229651821237,0.0439937756033375,0.314308123849321,57770,9,9,1.05817313732881,0.601009505914728,0.999973166766684
"R-HSA-9837999",0.00312538132045224,40,1.33818886469992,0.0440060254978263,0.314308123849321,101765,23,26,0.936076236867794,0.94839668969653,0.999973166766684
"R-HSA-9006934",0.0620027055343536,634,1.0691510080419,0.0440175221464785,0.314308123849321,148901,274,286,1.0137742644339,0.200130552778869,0.999973166766684
"R-HSA-3000178",0.00722339277374075,84,1.21590176322217,0.0441460125993561,0.314308123849321,146540,37,40,0.978810152029149,0.824528955867523,0.999973166766684
"R-HSA-209776",0.00153566950404147,22,1.49790873523236,0.0442099757863808,0.314308123849321,144623,10,10,1.05817313732881,0.567933623204812,0.999973166766684
"R-HSA-8875878",0.0044117461426149,54,1.27980463217753,0.0446671522783118,0.314308123849321,146980,20,21,1.00778394031315,0.677566128596507,0.999973166766684
"R-HSA-110330",0.00171147138150559,24,1.46622976913271,0.045144324591522,0.314308123849321,57533,13,14,0.982589341805324,0.822223788643368,0.999973166766684
"R-HSA-110331",0.00171147138150559,24,1.46622976913271,0.045144324591522,0.314308123849321,57533,13,14,0.982589341805324,0.822223788643368,0.999973166766684
"R-HSA-73927",0.00171147138150559,24,1.46622976913271,0.045144324591522,0.314308123849321,57533,13,14,0.982589341805324,0.822223788643368,0.999973166766684
"R-HSA-8939211",0.0211601293438974,227,1.12167740535819,0.0451880568968359,0.314308123849321,139151,94,95,1.04703447272535,0.0296935665258773,0.999973166766684
"R-HSA-383280",0.00488011284981549,59,1.26410334131196,0.0452724937624572,0.314308123849321,155120,25,26,1.01747417050847,0.57740076648324,0.999973166766684
"R-HSA-170822",0.00162652896352367,23,1.47851749368675,0.0454691531795437,0.314308123849321,62892,13,14,0.982589341805324,0.822223788643368,0.999973166766684
"R-HSA-5619107",0.00162652896352367,23,1.47851749368675,0.0454691531795437,0.314308123849321,62892,13,14,0.982589341805324,0.822223788643368,0.999973166766684
"R-HSA-212436",0.119173423489761,1194,1.04757552649891,0.0456783228961364,0.314308123849321,153347,539,567,1.00591767375702,0.31168169306456,0.999973166766684
"R-HSA-3899300",0.00525683115866718,63,1.25307467725449,0.0457492346591399,0.314308123849321,97472,24,25,1.01584621183566,0.59688448482871,0.999973166766684
"R-HSA-211945",0.00610204766453057,72,1.23372206833224,0.0457775624067286,0.314308123849321,111279,45,46,1.03516937347384,0.271918786122203,0.999973166766684
"R-HSA-2262752",0.0575934576981499,590,1.07112286811517,0.0459166513447358,0.314308123849321,121778,299,315,1.00442466051211,0.431642265613924,0.999973166766684
"R-HSA-69481",0.00819457651865472,94,1.19939372192155,0.0461803701130046,0.314796189603648,80932,56,59,1.00436772356633,0.591198115566206,0.999973166766684
"R-HSA-426496",0.00171738842300588,24,1.46117806255504,0.0465828102590664,0.316221898688102,184243,5,5,1.05817313732881,0.753678851770386,0.999973166766684
"R-HSA-983231",0.0153773389407602,168,1.14232196401122,0.0470296005659396,0.317935646801146,110087,70,74,1.00097458936509,0.615183293120228,0.999973166766684
"R-HSA-168325",0.00198260337202991,27,1.42392906946613,0.047451634647541,0.319468618450111,56908,16,18,0.940598344292276,0.927130573776921,0.999973166766684
"R-HSA-6807505",0.00287449876084002,37,1.34586044969001,0.0476631182388345,0.319577300978415,110806,24,25,1.01584621183566,0.59688448482871,0.999973166766684
"R-HSA-446388",0.000720432675112871,12,1.7415994410505,0.048482406948784,0.321520228438964,76853,6,6,1.05817313732881,0.712220694663378,0.999973166766684
"R-HSA-168333",0.00163888900576872,23,1.4673669285065,0.0486143718228631,0.321520228438964,63404,13,14,0.982589341805324,0.822223788643368,0.999973166766684
"R-HSA-168274",0.00172711866902857,24,1.45294607347022,0.0490202863793172,0.321520228438964,61121,14,15,0.987628261506889,0.801926304852751,0.999973166766684
"R-HSA-159227",0.00164138731217995,23,1.4651334933033,0.0492687066639939,0.321520228438964,61115,13,14,0.982589341805324,0.822223788643368,0.999973166766684
"R-HSA-159230",0.00164138731217995,23,1.4651334933033,0.0492687066639939,0.321520228438964,61115,13,14,0.982589341805324,0.822223788643368,0.999973166766684
"R-HSA-446203",0.018653276094942,201,1.12668204018996,0.0494753298980344,0.321520228438964,116542,116,119,1.03149650361464,0.100724239295158,0.999973166766684
"R-HSA-8964616",0.00288449198648495,37,1.34119776134719,0.0495985823449016,0.321520228438964,68657,9,10,0.952355823595929,0.898692450303967,0.999973166766684
"R-HSA-9662851",0.00937890524739019,106,1.1817188128279,0.049721649018984,0.321520228438964,115012,43,46,0.989161845763888,0.754679243413927,0.999973166766684
"R-HSA-9664433",0.00937890524739019,106,1.1817188128279,0.049721649018984,0.321520228438964,115012,43,46,0.989161845763888,0.754679243413927,0.999973166766684
"R-HSA-418885",0.00252973247608989,33,1.36395416488217,0.0507075011995941,0.324500144776967,98803,10,10,1.05817313732881,0.567933623204812,0.999973166766684
"R-HSA-500657",0.00261967150689427,34,1.35703957517916,0.0507432167821105,0.324500144776967,104493,9,9,1.05817313732881,0.601009505914728,0.999973166766684
"R-HSA-159236",0.00335062336689655,42,1.31064208779942,0.0517867086118136,0.324500144776967,61428,21,23,0.966158081908914,0.870309920251054,0.999973166766684
"R-HSA-397795",0.00335154379557437,42,1.31028214842893,0.0519599624219451,0.324500144776967,81578,12,13,0.976775203688132,0.842164792150978,0.999973166766684
"R-HSA-2029480",0.0122123791871615,135,1.15582988842288,0.0521861586903595,0.324500144776967,109417,53,56,1.0014852906862,0.629163568270459,0.999973166766684
"R-HSA-164944",0.0015659121605985,22,1.46897943729774,0.0522648831261161,0.324500144776967,126421,6,6,1.05817313732881,0.712220694663378,0.999973166766684
"R-HSA-69473",0.00520975780628711,62,1.24432718113705,0.0524079825244811,0.324500144776967,72961,37,39,1.00390784823502,0.636655318013334,0.999973166766684
"R-HSA-5619115",0.00825059117819078,94,1.19125083500204,0.052555996349666,0.324500144776967,92932,58,61,1.00613183549297,0.566135968946071,0.999973166766684
"R-HSA-9768759",0.00235997912993718,31,1.37345351136146,0.0527598412593764,0.324500144776967,159402,10,10,1.05817313732881,0.567933623204812,0.999973166766684
"R-HSA-168271",0.00156775301795414,22,1.46725455999151,0.0527868205465333,0.324500144776967,63845,12,13,0.976775203688132,0.842164792150978,0.999973166766684
"R-HSA-180910",0.00156775301795414,22,1.46725455999151,0.0527868205465333,0.324500144776967,63845,12,13,0.976775203688132,0.842164792150978,0.999973166766684
"R-HSA-918233",0.000893078797110169,14,1.63907448377036,0.0529844536713657,0.324500144776967,79567,8,9,0.940598344292276,0.915989585294261,0.999973166766684
"R-HSA-977443",0.00653583255140726,76,1.21583070731098,0.052994492683189,0.324500144776967,150933,27,27,1.05817313732881,0.216726999895963,0.999973166766684
"R-HSA-5694530",0.000575662393072486,10,1.81632087283304,0.0540179014036313,0.324500144776967,80775,7,7,1.05817313732881,0.67303840121885,0.999973166766684
"R-HSA-199977",0.00855104539659431,97,1.18607719243221,0.0540385069964572,0.324500144776967,124271,53,54,1.03857733848939,0.194522401761768,0.999973166766684
"R-HSA-8939246",0.00065429330012076,11,1.75784526916989,0.0541359521097842,0.324500144776967,186832,5,5,1.05817313732881,0.753678851770386,0.999973166766684
"R-HSA-3108214",0.00503421890844522,60,1.24617658380553,0.0542764855523452,0.324500144776967,91399,32,35,0.967472582700627,0.876342411021537,0.999973166766684
"R-HSA-165054",0.0024562296716752,32,1.36220176124421,0.0542974222329202,0.324500144776967,61240,15,16,0.99203731624576,0.781371519784154,0.999973166766684
"R-HSA-177243",0.0024562296716752,32,1.36220176124421,0.0542974222329202,0.324500144776967,61240,15,16,0.99203731624576,0.781371519784154,0.999973166766684
"R-HSA-2122948",0.00428735678129773,52,1.26816029143618,0.0543268551649083,0.324500144776967,144045,17,17,1.05817313732881,0.382056003309754,0.999973166766684
"R-HSA-9013508",0.00485092211174741,58,1.25015575548427,0.0549384121509905,0.324500144776967,163326,15,16,0.99203731624576,0.781371519784154,0.999973166766684
"R-HSA-3371453",0.00429116998582014,52,1.26703338325626,0.0549845202776857,0.324500144776967,144610,29,32,0.958969405704234,0.903713629151558,0.999973166766684
"R-HSA-3371556",0.00664562654369038,77,1.21147714559913,0.0550158858012011,0.324500144776967,143220,41,45,0.964113302899583,0.900937827410679,0.999973166766684
"R-HSA-1169408",0.00532152414573699,63,1.23784123253582,0.0551320865383735,0.324500144776967,80908,33,34,1.02705039799561,0.435001846123997,0.999973166766684
"R-HSA-9029569",0.00569982033232209,67,1.22906278569859,0.0553162049166944,0.324500144776967,149290,18,19,1.0024798143115,0.719012950844803,0.999973166766684
"R-HSA-399954",0.00183849053904511,25,1.42180174175066,0.0553395723672212,0.324500144776967,233574,8,9,0.940598344292276,0.915989585294261,0.999973166766684
"R-HSA-512988",0.00309566462313968,39,1.31725888149029,0.0555530429590829,0.324588493860927,127737,20,20,1.05817313732881,0.322325365896719,0.999973166766684
"R-HSA-4570464",0.00255353213190216,33,1.35124171875222,0.0559953734692444,0.326008651230192,74730,17,19,0.946786491294199,0.916856704703266,0.999973166766684
"R-HSA-9007101",0.00741983855155032,85,1.19780163817782,0.0565175981981307,0.327882236355113,133492,51,53,1.01824207554282,0.436201431813865,0.999973166766684
"R-HSA-174824",0.00533427865741539,63,1.23488149580845,0.0571399831779038,0.329879744990706,69787,26,30,0.917083385684969,0.977593886496466,0.999973166766684
"R-HSA-1482801",0.000904912880110746,14,1.61763933359028,0.0576863246752526,0.329879744990706,54575,10,10,1.05817313732881,0.567933623204812,0.999973166766684
"R-HSA-445144",0.00310684125708467,39,1.31252013911148,0.0579011269760028,0.329879744990706,200629,10,11,0.961975579389827,0.880526665934042,0.999973166766684
"R-HSA-9013695",0.00402897930245181,49,1.27163208211837,0.0579735130332583,0.329879744990706,132824,13,14,0.982589341805324,0.822223788643368,0.999973166766684
"R-HSA-72702",0.00319888412486693,40,1.30744044414059,0.0580156967879533,0.329879744990706,127942,24,24,1.05817313732881,0.256926494289673,0.999973166766684
"R-HSA-75876",0.00176156899954136,24,1.42453136336727,0.0583903203411074,0.329879744990706,84358,13,13,1.05817313732881,0.479212630905329,0.999973166766684
"R-HSA-9013026",0.013156081561552,144,1.14444879815088,0.0586977140475704,0.329879744990706,169520,44,45,1.0346581787215,0.28323920461208,0.999973166766684
"R-HSA-112314",0.0213461874266287,227,1.11190061743288,0.0587989495487315,0.329879744990706,128924,100,104,1.01747417050847,0.315993999982314,0.999973166766684
"R-HSA-112308",0.00185124505072351,25,1.41200596300573,0.058876580416876,0.329879744990706,162286,8,8,1.05817313732881,0.636007292512453,0.999973166766684
"R-HSA-418217",0.00256589217414721,33,1.34473271385508,0.0588939025201161,0.329879744990706,94818,8,8,1.05817313732881,0.636007292512453,0.999973166766684
"R-HSA-9725371",0.00320427520712275,40,1.30524072079496,0.0591578692026742,0.329879744990706,134851,19,21,0.957394743297495,0.894603022785005,0.999973166766684
"R-HSA-450531",0.003480929769714,43,1.2916166267303,0.0593490350404049,0.329879744990706,118936,27,28,1.02038123956707,0.539455317430142,0.999973166766684
"R-HSA-111885",0.00878785854641696,99,1.17791124945019,0.0595079143315163,0.329879744990706,139133,47,51,0.975179165773609,0.853070894343237,0.999973166766684
"R-HSA-75035",0.00116092354235655,17,1.53110768242691,0.0596848438369493,0.329879744990706,56988,8,8,1.05817313732881,0.636007292512453,0.999973166766684
"R-HSA-3906995",0.0108273970066607,120,1.1588243633435,0.0601234810425687,0.330907829075315,185946,48,48,1.05817313732881,0.0657476033966431,0.999973166766684
"R-HSA-9692916",0.00176827497990836,24,1.41912899130215,0.0603520252086438,0.330907829075315,66151,16,17,0.99592765866241,0.760648827438052,0.999973166766684
"R-HSA-156711",0.000829306238718174,13,1.63903735779959,0.0604776533578969,0.330907829075315,43788,6,6,1.05817313732881,0.712220694663378,0.999973166766684
"R-HSA-9706019",0.000289146094647418,6,2.16967333731598,0.0621057628835017,0.338683426924696,42157,5,5,1.05817313732881,0.753678851770386,0.999973166766684
"R-HSA-8866907",0.00125375534900552,18,1.50113634045868,0.0624988857540607,0.339694940510443,140658,7,7,1.05817313732881,0.67303840121885,0.999973166766684
"R-HSA-190236",0.00804533558303634,91,1.18265388012771,0.0633070905083976,0.342948344608405,133977,45,47,1.01314449318716,0.517958134736054,0.999973166766684
"R-HSA-381676",0.00387303238646644,47,1.26884087835466,0.0638189231648296,0.343486531466906,111019,14,16,0.925901495162709,0.945809800332927,0.999973166766684
"R-HSA-77350",0.000291249931625298,6,2.15400075338954,0.0638263481454397,0.343486531466906,44144,5,5,1.05817313732881,0.753678851770386,0.999973166766684
"R-HSA-2555396",0.0162613449409032,175,1.12523185632816,0.0645381217104868,0.345046951367178,137479,88,94,0.990630171116333,0.74168899298722,0.999973166766684
"R-HSA-68882",0.0162613449409032,175,1.12523185632816,0.0645381217104868,0.345046951367178,137479,88,94,0.990630171116333,0.74168899298722,0.999973166766684
"R-HSA-189445",0.00075698684260354,12,1.65749927696989,0.0648614148657625,0.345645845994747,88298,8,8,1.05817313732881,0.636007292512453,0.999973166766684
"R-HSA-1912420",0.00160864634921169,22,1.42995554346728,0.0653543913843463,0.347142156833736,59669,10,10,1.05817313732881,0.567933623204812,0.999973166766684
"R-HSA-9680350",0.00250251408518857,32,1.33700761349526,0.0656861606431937,0.347775271237103,145670,16,16,1.05817313732881,0.404326169434948,0.999973166766684
"R-HSA-5625886",0.00196537820677351,26,1.38320848540068,0.0663220274699178,0.349298831404365,90112,16,16,1.05817313732881,0.404326169434948,0.999973166766684
"R-HSA-1592230",0.008743152010637,98,1.17197535464452,0.0664207816312438,0.349298831404365,114334,47,49,1.01498239702967,0.48986373141846,0.999973166766684
"R-HSA-109582",0.0577262624073786,587,1.06322479143209,0.0667375536997246,0.349298831404365,124077,273,284,1.01718755806607,0.135833441115922,0.999973166766684
"R-HSA-5619102",0.00567628365613205,66,1.21573880229647,0.066857439907319,0.349298831404365,74797,41,43,1.00895578210421,0.576267596228231,0.999973166766684
"R-HSA-1482922",0.000444304071766087,8,1.88265233057427,0.0673389958110127,0.349298831404365,26271,5,5,1.05817313732881,0.753678851770386,0.999973166766684
"R-HSA-68875",0.00711149494447974,81,1.19092536661916,0.067344041171653,0.349298831404365,119645,49,51,1.01667615155121,0.462589841264674,0.999973166766684
"R-HSA-937042",0.000927923597056311,14,1.57752499557437,0.0676208271016882,0.349298831404365,64260,7,7,1.05817313732881,0.67303840121885,0.999973166766684
"R-HSA-1679131",0.000601697375673754,10,1.73773006583546,0.0680087319652695,0.349298831404365,144525,6,6,1.05817313732881,0.712220694663378,0.999973166766684
"R-HSA-163841",0.00306003088432684,38,1.29842903784804,0.0681364935556834,0.349298831404365,100194,24,24,1.05817313732881,0.256926494289673,0.999973166766684
"R-HSA-9024446",0.00673398769676135,77,1.19558054430956,0.0682863036771368,0.349298831404365,143411,24,25,1.01584621183566,0.59688448482871,0.999973166766684
"R-HSA-168273",0.00846649744804575,95,1.17322215629998,0.0683225098101448,0.349298831404365,81397,55,57,1.02104425531727,0.386269855911703,0.999973166766684
"R-HSA-2029482",0.00856945397015076,96,1.1713279736716,0.0692276383072146,0.352569977993856,79765,35,38,0.974633152802851,0.846088572762324,0.999973166766684
"R-HSA-9843743",0.00343543429506734,42,1.27828612857599,0.0696088648484202,0.352569977993856,191816,15,15,1.05817313732881,0.427891503831773,0.999973166766684
"R-HSA-9844594",0.00343543429506734,42,1.27828612857599,0.0696088648484202,0.352569977993856,191816,15,15,1.05817313732881,0.427891503831773,0.999973166766684
"R-HSA-9705462",0.0014473083509705,20,1.44487195080641,0.0700897232220636,0.353909837010173,74235,12,12,1.05817313732881,0.507132027924225,0.999973166766684
"R-HSA-9819196",0.00119090321929134,17,1.49256373281961,0.0713941787406039,0.359387312060394,84404,10,10,1.05817313732881,0.567933623204812,0.999973166766684
"R-HSA-9610379",0.00781733225055857,88,1.17702187437117,0.0723872660543923,0.363268611242288,85412,38,40,1.00526448046237,0.621422320349481,0.999973166766684
"R-HSA-379716",0.00061247954018539,10,1.70713885385639,0.0744185074041359,0.372320116554026,103197,5,5,1.05817313732881,0.753678851770386,0.999973166766684
"R-HSA-2022090",0.00553072443522496,64,1.20992482050506,0.0750446637862379,0.373763844169159,114663,30,32,0.99203731624576,0.74359452252823,0.999973166766684
"R-HSA-180746",0.0024457104867858,31,1.32530879687718,0.0751640004472208,0.373763844169159,63181,14,15,0.987628261506889,0.801926304852751,0.999973166766684
"R-HSA-8866910",0.00120115942455851,17,1.4798193462668,0.0757291237069236,0.3754328678319,165007,7,7,1.05817313732881,0.67303840121885,0.999973166766684
"R-HSA-72613",0.00784126339618196,88,1.17342966219128,0.0762214584378269,0.375597307241822,98556,51,51,1.05817313732881,0.055432708967641,0.999973166766684
"R-HSA-72737",0.00784126339618196,88,1.17342966219128,0.0762214584378269,0.375597307241822,98556,51,51,1.05817313732881,0.055432708967641,0.999973166766684
"R-HSA-5218920",0.00300283281649072,37,1.2883415199314,0.0770946885982059,0.378759491131126,112925,15,16,0.99203731624576,0.781371519784154,0.999973166766684
"R-HSA-5173105",0.0162875114133156,174,1.11700456445097,0.0779126680904738,0.379447293842011,174011,75,75,1.05817313732881,0.0141211404905869,0.999973166766684
"R-HSA-72649",0.00309987229709544,38,1.28174085127464,0.0783323713922006,0.379447293842011,124274,24,24,1.05817313732881,0.256926494289673,0.999973166766684
"R-HSA-72662",0.00309987229709544,38,1.28174085127464,0.0783323713922006,0.379447293842011,124274,24,24,1.05817313732881,0.256926494289673,0.999973166766684
"R-HSA-9793380",0.00698592217486251,79,1.18239825654498,0.0784392989280984,0.379447293842011,158898,23,24,1.01408258994011,0.616675385991643,0.999973166766684
"R-HSA-9820952",0.00824335923857932,92,1.16692792681076,0.0786501185453774,0.379447293842011,125577,50,53,0.998276544649821,0.667282176429662,0.999973166766684
"R-HSA-159782",0.000701103672878596,11,1.64047975607453,0.0788582395515183,0.379447293842011,59714,5,5,1.05817313732881,0.753678851770386,0.999973166766684
"R-HSA-159854",0.000701103672878596,11,1.64047975607453,0.0788582395515183,0.379447293842011,59714,5,5,1.05817313732881,0.753678851770386,0.999973166766684
"R-HSA-1059683",0.000701761121934184,11,1.63894286291725,0.079248504573772,0.380206901708771,83642,6,6,1.05817313732881,0.712220694663378,0.999973166766684
"R-HSA-71387",0.0246901048131582,258,1.09258995886813,0.0810420245301604,0.387674713834335,131110,129,135,1.0111432201142,0.38177413819075,0.999973166766684
"R-HSA-4086400",0.00499450898548773,58,1.21421509402185,0.0821296965758864,0.389621646974112,138888,32,35,0.967472582700627,0.876342411021537,0.999973166766684
"R-HSA-68616",0.00183480882433382,24,1.36766853053113,0.0823613430622221,0.389621646974112,26441,17,17,1.05817313732881,0.382056003309754,0.999973166766684
"R-HSA-186763",0.00247082504070925,31,1.31183777456844,0.0828160272264803,0.389621646974112,137306,18,18,1.05817313732881,0.361009967672346,0.999973166766684
"R-HSA-1799339",0.00827136656834735,92,1.16297664076974,0.0833081603942005,0.389621646974112,84597,49,49,1.05817313732881,0.0621124063136904,0.999973166766684
"R-HSA-1168372",0.0051909547632973,60,1.20854948800796,0.0834517721493939,0.389621646974112,161189,27,28,1.02038123956707,0.539455317430142,0.999973166766684
"R-HSA-2426168",0.00434087313442256,51,1.22843877213345,0.084393891737656,0.389621646974112,121271,25,26,1.01747417050847,0.57740076648324,0.999973166766684
"R-HSA-1296072",0.0024764791025873,31,1.30884271115618,0.0846091982702291,0.389621646974112,255511,18,21,0.907005546281837,0.974400955715242,0.999973166766684
"R-HSA-72163",0.0101319473956602,111,1.14548784468263,0.0846670328522686,0.389621646974112,104025,67,71,0.998557749310286,0.648460224505942,0.999973166766684
"R-HSA-212165",0.0175383739864765,186,1.10887872225258,0.084869861856002,0.389621646974112,120758,91,94,1.02440165422257,0.232696232238943,0.999973166766684
"R-HSA-157858",0.00462699496341428,54,1.22026783991647,0.0848838219298622,0.389621646974112,95042,24,25,1.01584621183566,0.59688448482871,0.999973166766684
"R-HSA-72706",0.00750491245934335,84,1.17029160001769,0.0849170097495344,0.389621646974112,100424,48,48,1.05817313732881,0.0657476033966431,0.999973166766684
"R-HSA-3371568",0.0012228552433929,17,1.45356448689755,0.0854626454768446,0.389621646974112,131544,8,8,1.05817313732881,0.636007292512453,0.999973166766684
"R-HSA-191273",0.00105007763158448,15,1.49358617228833,0.085603903710547,0.389621646974112,33904,11,11,1.05817313732881,0.536674318931889,0.999973166766684
"R-HSA-9623433",0.00157577389643231,21,1.39343214624937,0.0857955239119516,0.389621646974112,107805,5,5,1.05817313732881,0.753678851770386,0.999973166766684
"R-HSA-450385",0.000630362154497372,10,1.658709382825,0.0858542835158904,0.389621646974112,117120,6,6,1.05817313732881,0.712220694663378,0.999973166766684
"R-HSA-209968",0.000965003723791451,14,1.51690882869169,0.085892401600122,0.389621646974112,203721,5,5,1.05817313732881,0.753678851770386,0.999973166766684
"R-HSA-9664407",0.00857865825692899,95,1.15788298062596,0.0859739697785173,0.389621646974112,85573,34,36,0.999385740810543,0.682613319563087,0.999973166766684
"R-HSA-9664417",0.00857865825692899,95,1.15788298062596,0.0859739697785173,0.389621646974112,85573,34,36,0.999385740810543,0.682613319563087,0.999973166766684
"R-HSA-9664422",0.00857865825692899,95,1.15788298062596,0.0859739697785173,0.389621646974112,85573,34,36,0.999385740810543,0.682613319563087,0.999973166766684
"R-HSA-5669034",0.00157814071303243,21,1.39134234632998,0.0867671800260634,0.389810677140557,43634,12,12,1.05817313732881,0.507132027924225,0.999973166766684
"R-HSA-8955332",0.00454073764732118,53,1.22042161818244,0.0868971251135386,0.389810677140557,169592,25,28,0.94479744404358,0.935089318997226,0.999973166766684
"R-HSA-196849",0.00936404689873391,103,1.15009595797247,0.0869025062252967,0.389810677140557,75795,51,55,0.981215090977624,0.816643067613031,0.999973166766684
"R-HSA-450302",0.0015794556111436,21,1.39018405266837,0.0873100953002082,0.389810677140557,48498,13,13,1.05817313732881,0.479212630905329,0.999973166766684
"R-HSA-1482798",0.000317284914226566,6,1.97725307449558,0.0874052802818104,0.389810677140557,25400,5,5,1.05817313732881,0.753678851770386,0.999973166766684
"R-HSA-196854",0.0145823515427437,156,1.1185553185968,0.0874453047130711,0.389810677140557,86642,85,91,0.988403479922515,0.766860309679626,0.999973166766684
"R-HSA-9013418",0.00248752424672117,31,1.30303116724366,0.0881875604547468,0.391696067142564,129942,14,14,1.05817313732881,0.452827157233172,0.999973166766684
"R-HSA-5627117",0.0014930668052394,20,1.40059053831142,0.0883470958286101,0.391696067142564,93738,9,10,0.952355823595929,0.898692450303967,0.999973166766684
"R-HSA-8868766",0.000885057918632001,13,1.53579091006418,0.0887061621437888,0.39222508450605,140668,8,8,1.05817313732881,0.636007292512453,0.999973166766684
"R-HSA-532668",0.00105888744892936,15,1.48115971338565,0.0901392064658886,0.397487174604296,113014,10,10,1.05817313732881,0.567933623204812,0.999973166766684
"R-HSA-200425",0.00123508379582683,17,1.43917275930451,0.0912891980525719,0.400818190033337,88530,9,9,1.05817313732881,0.601009505914728,0.999973166766684
"R-HSA-5358351",0.0100781680629131,110,1.14122564248485,0.0917255100941916,0.400818190033337,162158,57,61,0.988784734881019,0.756741620983289,0.999973166766684
"R-HSA-2559583",0.0143189774510753,153,1.11722297519996,0.0920038537819008,0.400818190033337,107761,72,75,1.01584621183566,0.402841024177305,0.999973166766684
"R-HSA-450513",0.000321887057615679,6,1.94898352481938,0.0920084808778525,0.400818190033337,27026,5,5,1.05817313732881,0.753678851770386,0.999973166766684
"R-HSA-190828",0.00380492066430756,45,1.23659458532964,0.0921195840174418,0.400818190033337,90604,22,23,1.01216560961886,0.63674327332956,0.999973166766684
"R-HSA-6783310",0.0035244528971939,42,1.24599991349444,0.0925996538792669,0.401838285799684,147016,15,15,1.05817313732881,0.427891503831773,0.999973166766684
"R-HSA-983705",0.00832711824826118,92,1.15519028545564,0.0931581217856072,0.40319229428903,172913,38,39,1.03104049278192,0.359652672859144,0.999973166766684
"R-HSA-3232142",0.00362214982685422,43,1.24125919190588,0.0936529139600144,0.404264293505498,90646,17,19,0.946786491294199,0.916856704703266,0.999973166766684
"R-HSA-5684996",0.0248200167465423,258,1.08687116844982,0.0942261815234886,0.405273574052807,152243,123,129,1.00895578210421,0.430361585044942,0.999973166766684
"R-HSA-877312",0.000980519521503318,14,1.49290517550869,0.0943821709744006,0.405273574052807,97044,7,8,0.925901495162709,0.932256162163627,0.999973166766684
"R-HSA-983189",0.00756329393547953,84,1.1612580556782,0.0959479399335428,0.408115290517953,157585,33,34,1.02705039799561,0.435001846123997,0.999973166766684
"R-HSA-5260271",0.00124468255203841,17,1.42807413143326,0.0960357410022439,0.408115290517953,129152,9,9,1.05817313732881,0.601009505914728,0.999973166766684
"R-HSA-5602358",0.00124468255203841,17,1.42807413143326,0.0960357410022439,0.408115290517953,129152,9,9,1.05817313732881,0.601009505914728,0.999973166766684
"R-HSA-9759475",0.00419768073011558,49,1.22052620687223,0.0960418012526968,0.408115290517953,174050,18,18,1.05817313732881,0.361009967672346,0.999973166766684
"R-HSA-9035034",0.0058282858777839,66,1.18403222462124,0.0973297372199207,0.412516710082358,195274,31,31,1.05817313732881,0.172720114059211,0.999973166766684
"R-HSA-6793080",0.000484276974345812,8,1.72725555932947,0.0977717698433367,0.413319419802839,55406,5,5,1.05817313732881,0.753678851770386,0.999973166766684
"R-HSA-9845323",0.00554426788577007,63,1.18811034085041,0.0983798565937981,0.414538149287874,109765,29,29,1.05817313732881,0.193479078046745,0.999973166766684
"R-HSA-72172",0.0106112277571836,115,1.13316365532249,0.0987613204620686,0.414538149287874,104741,69,74,0.986674952374161,0.77938311056366,0.999973166766684
"R-HSA-9679191",0.00583486036833978,66,1.18269810380476,0.0988327139495575,0.414538149287874,81234,43,43,1.05817313732881,0.0873659649503921,0.999973166766684
"R-HSA-389356",0.00289080349741859,35,1.26593062244352,0.0990988098248975,0.414538149287874,123741,17,18,0.999385740810543,0.739838609145694,0.999973166766684
"R-HSA-9020956",0.000328987507416025,6,1.90691913219738,0.0993617292641236,0.414538149287874,61122,5,5,1.05817313732881,0.753678851770386,0.999973166766684
"R-HSA-170968",0.000733581656224622,11,1.5678505214894,0.0995803744927471,0.414538149287874,90637,6,6,1.05817313732881,0.712220694663378,0.999973166766684
"R-HSA-3781865",0.0158663495483062,168,1.10711490167255,0.100076105125775,0.414877775068112,168073,72,73,1.04367761489965,0.0836578286527263,0.999973166766684
"R-HSA-9682385",0.00206254917718936,26,1.31804266424098,0.100169144958377,0.414877775068112,154927,14,14,1.05817313732881,0.452827157233172,0.999973166766684
"R-HSA-5663084",0.00215761631062732,27,1.30842845447073,0.101551964240348,0.41954296337679,100898,15,15,1.05817313732881,0.427891503831773,0.999973166766684
"R-HSA-9013404",0.0113204837983514,122,1.12682189155353,0.102086761175702,0.420635327560527,149416,47,52,0.956425720277963,0.935781567931576,0.999973166766684
"R-HSA-9694631",0.00057119173949449,9,1.64748331103517,0.102458853552464,0.420635327560527,167929,4,6,0.705448758219207,0.997085919989471,0.999973166766684
"R-HSA-9707564",0.00441214061204825,51,1.20859631007128,0.102587711306021,0.420635327560527,130269,22,25,0.931192360849353,0.954431455042672,0.999973166766684
"R-HSA-156827",0.00740590063157186,82,1.15770098905167,0.103509742055747,0.423354845008005,98053,48,48,1.05817313732881,0.0657476033966431,0.999973166766684
"R-HSA-75105",0.00300072897951284,36,1.2544003335764,0.104612186288758,0.426322519759445,81801,20,20,1.05817313732881,0.322325365896719,0.999973166766684
"R-HSA-6798695",0.0343042453326377,351,1.06984208848335,0.104845339043096,0.426322519759445,104561,183,195,0.993054790416268,0.724530322790078,0.999973166766684
"R-HSA-1502540",0.000826413462873589,12,1.5182535143223,0.105017099916293,0.426322519759445,149211,7,7,1.05817313732881,0.67303840121885,0.999973166766684
"R-HSA-6796648",0.00470983354441831,54,1.19880524355288,0.105607401748518,0.427105242389447,156876,20,22,0.961975579389827,0.882693249160329,0.999973166766684
"R-HSA-6787450",0.000827596871173646,12,1.51608251311021,0.10580613089638,0.427105242389447,66524,6,6,1.05817313732881,0.712220694663378,0.999973166766684
"R-HSA-4085001",0.00263308346762826,32,1.27070805992718,0.106616975241158,0.427105242389447,154401,20,20,1.05817313732881,0.322325365896719,0.999973166766684
"R-HSA-399955",0.00162389916730132,21,1.35213691017429,0.106974079693876,0.427105242389447,275202,7,7,1.05817313732881,0.67303840121885,0.999973166766684
"R-HSA-936837",0.00577319164692566,65,1.17722049556348,0.107079551084973,0.427105242389447,149000,32,33,1.02610728468248,0.451368412936481,0.999973166766684
"R-HSA-429947",0.00100234683014883,14,1.4603953684597,0.107174161878919,0.427105242389447,53328,11,11,1.05817313732881,0.536674318931889,0.999973166766684
"R-HSA-181431",0.0009158265344335,13,1.484193627515,0.107298444145515,0.427105242389447,126773,7,7,1.05817313732881,0.67303840121885,0.999973166766684
"R-HSA-622327",0.0009158265344335,13,1.484193627515,0.107298444145515,0.427105242389447,126773,7,7,1.05817313732881,0.67303840121885,0.999973166766684
"R-HSA-1474290",0.0084998958600696,93,1.14400988298418,0.107627082194581,0.427373559394015,106688,44,48,0.969992042551409,0.878108643844603,0.999973166766684
"R-HSA-933541",0.00117906913629077,16,1.41886522248477,0.10797598487922,0.427486239991949,68028,10,12,0.881810947774008,0.974962395523267,0.999973166766684
"R-HSA-2586552",0.00126795624860621,17,1.40186142571266,0.108178058286471,0.427486239991949,121266,8,9,0.940598344292276,0.915989585294261,0.999973166766684
"R-HSA-912694",0.00118012105477971,16,1.41760049582406,0.10856756024563,0.427991635088796,100219,8,8,1.05817313732881,0.636007292512453,0.999973166766684
"R-HSA-110056",0.000416428231809174,7,1.7575929734399,0.108837828811077,0.428025692151253,69941,5,5,1.05817313732881,0.753678851770386,0.999973166766684
"R-HSA-879518",0.00109333777944215,15,1.43448937725732,0.109303209858349,0.428825063137312,189752,8,8,1.05817313732881,0.636007292512453,0.999973166766684
"R-HSA-1234176",0.00292407041963132,35,1.25152822800705,0.110498774256473,0.432478456180837,131647,18,19,1.0024798143115,0.719012950844803,0.999973166766684
"R-HSA-5693571",0.00386987663099962,45,1.21583831727375,0.11095339666023,0.433221376935885,167968,22,23,1.01216560961886,0.63674327332956,0.999973166766684
"R-HSA-72695",0.00255366362171328,31,1.26928292167836,0.111731390716367,0.435220369552326,143562,19,19,1.05817313732881,0.341120913051654,0.999973166766684
"R-HSA-9009391",0.0104918350086888,113,1.12612713590677,0.112603647005447,0.437576167460597,136962,40,40,1.05817313732881,0.103605618687237,0.999973166766684
"R-HSA-5362517",0.00473823534361969,54,1.19161939832997,0.113429021459391,0.439739050017922,182375,22,22,1.05817313732881,0.287778085438949,0.999973166766684
"R-HSA-5673001",0.0245949061899092,254,1.07981406186691,0.114678171342305,0.443083449135067,153012,120,126,1.00778394031315,0.455690437914869,0.999973166766684
"R-HSA-6811436",0.00435967617741237,50,1.19915743474229,0.114833363345519,0.443083449135067,97471,28,29,1.0216844084554,0.521034692841053,0.999973166766684
"R-HSA-1638074",0.00247043057127589,30,1.26972313943949,0.115599966901525,0.444991872590339,77573,14,15,0.987628261506889,0.801926304852751,0.999973166766684
"R-HSA-9006335",0.00284728036993869,34,1.24855913255262,0.116696107576672,0.448156882618392,163192,13,13,1.05817313732881,0.479212630905329,0.999973166766684
"R-HSA-9733709",0.0042728929020748,49,1.1990423014583,0.117517983141769,0.449816336071533,174139,16,18,0.940598344292276,0.927130573776921,0.999973166766684
"R-HSA-68867",0.00533138588157081,60,1.17671574723964,0.117678112370792,0.449816336071533,90319,37,38,1.03032647582016,0.373857936713206,0.999973166766684
"R-HSA-5654738",0.0052375021564329,59,1.17784523522424,0.118414270432436,0.451004897895027,151811,34,35,1.02793961911942,0.41906607802033,0.999973166766684
"R-HSA-977444",0.00572269955945654,64,1.16933637700666,0.118844123550819,0.451004897895027,119199,22,22,1.05817313732881,0.287778085438949,0.999973166766684
"R-HSA-991365",0.00572269955945654,64,1.16933637700666,0.118844123550819,0.451004897895027,119199,22,22,1.05817313732881,0.287778085438949,0.999973166766684
"R-HSA-428540",0.000846794383596804,12,1.481711698372,0.119091757879371,0.451004897895027,139698,5,6,0.881810947774008,0.960969637305427,0.999973166766684
"R-HSA-9820865",0.000676252098577385,10,1.5461506477276,0.119786799669974,0.452589386281933,76891,8,8,1.05817313732881,0.636007292512453,0.999973166766684
"R-HSA-5663205",0.090515219156698,899,1.03848090890748,0.121469034953284,0.454515023586942,106473,415,439,1.00032312526528,0.542672201721331,0.999973166766684
"R-HSA-8939245",0.000429051253676455,7,1.7058832200074,0.121684277798623,0.454515023586942,174218,6,6,1.05817313732881,0.712220694663378,0.999973166766684
"R-HSA-110357",0.000764087292403886,11,1.50525521586463,0.12171205885994,0.454515023586942,81090,4,5,0.846538509863048,0.973008398200109,0.999973166766684
"R-HSA-5617833",0.0137168856059682,145,1.10528154342272,0.12189613843896,0.454515023586942,152531,74,81,0.966726076078172,0.923996943188921,0.999973166766684
"R-HSA-6811438",0.00333392416088462,39,1.2231207196579,0.122102257291768,0.454515023586942,132375,19,19,1.05817313732881,0.341120913051654,0.999973166766684
"R-HSA-9013106",0.0140182602530495,148,1.10389566895249,0.12232568504949,0.454515023586942,177484,45,47,1.01314449318716,0.517958134736054,0.999973166766684
"R-HSA-8939242",0.000765007721081709,11,1.50344414908721,0.122419400348709,0.454515023586942,112613,7,7,1.05817313732881,0.67303840121885,0.999973166766684
"R-HSA-9673767",0.000680065303099793,10,1.53748120287376,0.122898909920263,0.454515023586942,262529,6,6,1.05817313732881,0.712220694663378,0.999973166766684
"R-HSA-9673770",0.000680065303099793,10,1.53748120287376,0.122898909920263,0.454515023586942,262529,6,6,1.05817313732881,0.712220694663378,0.999973166766684
"R-HSA-2029481",0.00111595402695436,15,1.40541760008184,0.123118410438151,0.454515023586942,98414,7,7,1.05817313732881,0.67303840121885,0.999973166766684
"R-HSA-1251985",0.00267779000340822,32,1.2494931942078,0.123763091971603,0.454515023586942,85838,18,18,1.05817313732881,0.361009967672346,0.999973166766684
"R-HSA-912631",0.00230435893983447,28,1.27048147147142,0.124003474686503,0.454515023586942,150129,13,13,1.05817313732881,0.479212630905329,0.999973166766684
"R-HSA-629594",0.000854157813019385,12,1.4689383216619,0.12442855329578,0.454515023586942,137235,6,6,1.05817313732881,0.712220694663378,0.999973166766684
"R-HSA-937072",0.00147728802790529,19,1.34477261098352,0.124463771740189,0.454515023586942,71428,10,10,1.05817313732881,0.567933623204812,0.999973166766684
"R-HSA-975163",0.00147728802790529,19,1.34477261098352,0.124463771740189,0.454515023586942,71428,10,10,1.05817313732881,0.567933623204812,0.999973166766684
"R-HSA-6784531",0.00353484059227219,41,1.21275885887656,0.125950969499682,0.456082223921825,77638,25,26,1.01747417050847,0.57740076648324,0.999973166766684
"R-HSA-9645135",0.000515571549391781,8,1.62241321729417,0.126203445200424,0.456082223921825,43409,6,6,1.05817313732881,0.712220694663378,0.999973166766684
"R-HSA-167287",0.00221757566449691,27,1.27305084550313,0.126789129538814,0.456082223921825,66878,13,14,0.982589341805324,0.822223788643368,0.999973166766684
"R-HSA-167290",0.00221757566449691,27,1.27305084550313,0.126789129538814,0.456082223921825,66878,13,14,0.982589341805324,0.822223788643368,0.999973166766684
"R-HSA-6783589",0.00175538897841884,22,1.31041768679991,0.126794145212026,0.456082223921825,71380,14,14,1.05817313732881,0.452827157233172,0.999973166766684
"R-HSA-418597",0.00672636128771654,74,1.15030223011136,0.126807684143556,0.456082223921825,149411,26,26,1.05817313732881,0.229376010478571,0.999973166766684
"R-HSA-5658442",0.00306266068054919,36,1.22903443296183,0.126844383792439,0.456082223921825,124264,17,19,0.946786491294199,0.916856704703266,0.999973166766684
"R-HSA-9734009",0.00203322694931015,25,1.28562581343579,0.127393183820217,0.456969544698201,128179,12,13,0.976775203688132,0.842164792150978,0.999973166766684
"R-HSA-1368108",0.00449826643833023,51,1.18545598317573,0.127854082846611,0.456969544698201,127961,21,21,1.05817313732881,0.30456332776173,0.999973166766684
"R-HSA-5625970",0.000858891446219615,12,1.46084251952169,0.127929126816489,0.456969544698201,54634,7,7,1.05817313732881,0.67303840121885,0.999973166766684
"R-HSA-6799198",0.0036377971143772,42,1.20717782409112,0.128638493991989,0.457727995918383,227024,17,18,0.999385740810543,0.739838609145694,0.999973166766684
"R-HSA-2025928",0.00250211961575521,30,1.25364224834669,0.128701025747223,0.457727995918383,152958,8,8,1.05817313732881,0.636007292512453,0.999973166766684
"R-HSA-430039",0.000773817538426582,11,1.48632762266599,0.129305085690875,0.45836930387656,69379,6,6,1.05817313732881,0.712220694663378,0.999973166766684
"R-HSA-447115",0.0034493722150458,40,1.21249613559457,0.129441698282989,0.45836930387656,83187,22,25,0.931192360849353,0.954431455042672,0.999973166766684
"R-HSA-74182",0.000949619415890702,13,1.43137754301329,0.130182939692197,0.459539402251368,102996,5,5,1.05817313732881,0.753678851770386,0.999973166766684
"R-HSA-9715370",0.000603801212651634,9,1.55850773151933,0.130333913596965,0.459539402251368,81611,5,5,1.05817313732881,0.753678851770386,0.999973166766684
"R-HSA-5686938",0.000864414018286551,12,1.45150948243317,0.132081631535994,0.464661707068639,110370,5,5,1.05817313732881,0.753678851770386,0.999973166766684
"R-HSA-196791",0.000952643681546404,13,1.42683348732119,0.132354740521996,0.464661707068639,64608,7,7,1.05817313732881,0.67303840121885,0.999973166766684
"R-HSA-3928663",0.00242164785135129,29,1.25212429090856,0.134515113831833,0.469478591871859,203109,14,16,0.925901495162709,0.945809800332927,0.999973166766684
"R-HSA-163685",0.0110989234666184,118,1.11163339002836,0.134637710421225,0.469478591871859,151206,50,54,0.97978994197112,0.82604837090222,0.999973166766684
"R-HSA-1428517",0.0137914403288718,145,1.09930653593725,0.13524315484252,0.469478591871859,158707,86,91,1.0000317561569,0.615567387115258,0.999973166766684
"R-HSA-6781823",0.00261243956728281,31,1.24072597251437,0.135730782288192,0.469478591871859,147218,16,17,0.99592765866241,0.760648827438052,0.999973166766684
"R-HSA-8875555",0.00113567749862199,15,1.3810095139394,0.135954867700387,0.469478591871859,164020,6,6,1.05817313732881,0.712220694663378,0.999973166766684
"R-HSA-2660825",0.00214420434989334,26,1.26784922004562,0.135986847893066,0.469478591871859,191416,5,5,1.05817313732881,0.753678851770386,0.999973166766684
"R-HSA-2660826",0.00214420434989334,26,1.26784922004562,0.135986847893066,0.469478591871859,191416,5,5,1.05817313732881,0.753678851770386,0.999973166766684
"R-HSA-72689",0.0068596919561897,75,1.14318648736746,0.136022526006883,0.469478591871859,103579,43,43,1.05817313732881,0.0873659649503921,0.999973166766684
"R-HSA-9703465",0.00149845788749521,19,1.32577398073007,0.136420071847302,0.469859447457234,196822,10,10,1.05817313732881,0.567933623204812,0.999973166766684
"R-HSA-451326",0.00559568040191702,62,1.15850848866978,0.137659235714076,0.47313132274838,124857,18,18,1.05817313732881,0.361009967672346,0.999973166766684
"R-HSA-9748787",0.00159273608206647,20,1.31294522930126,0.137989997767007,0.473273870748057,128769,7,7,1.05817313732881,0.67303840121885,0.999973166766684
"R-HSA-2408522",0.00834710469955104,90,1.1273715762412,0.139183084645686,0.474250176868901,87979,49,50,1.03700967458223,0.230408615801173,0.999973166766684
"R-HSA-9758274",0.00105178699912901,14,1.39174820524669,0.13978186773021,0.474250176868901,134514,7,8,0.925901495162709,0.932256162163627,0.999973166766684
"R-HSA-2404192",0.00579843769066023,64,1.1540627193996,0.139975083506078,0.474250176868901,187615,30,30,1.05817313732881,0.18280580113317,0.999973166766684
"R-HSA-2428924",0.00579843769066023,64,1.1540627193996,0.139975083506078,0.474250176868901,187615,30,30,1.05817313732881,0.18280580113317,0.999973166766684
"R-HSA-2428928",0.00579843769066023,64,1.1540627193996,0.139975083506078,0.474250176868901,187615,30,30,1.05817313732881,0.18280580113317,0.999973166766684
"R-HSA-9027284",0.000963951805302511,13,1.41009529609085,0.140652224897538,0.474250176868901,164941,5,5,1.05817313732881,0.753678851770386,0.999973166766684
"R-HSA-9014325",0.00105310189724019,14,1.39001047493673,0.140716618627537,0.474250176868901,97062,8,8,1.05817313732881,0.636007292512453,0.999973166766684
"R-HSA-400508",0.00347961487160283,40,1.20195787042483,0.140721557812622,0.474250176868901,82535,11,11,1.05817313732881,0.536674318931889,0.999973166766684
"R-HSA-5334118",0.00141469887781336,18,1.33035923471266,0.140883609998952,0.474250176868901,39539,15,15,1.05817313732881,0.427891503831773,0.999973166766684
"R-HSA-418886",0.00105533722402918,14,1.38706627133918,0.142313560322151,0.478080050692072,155842,7,7,1.05817313732881,0.67303840121885,0.999973166766684
"R-HSA-426048",0.000792226111983035,11,1.45179054927625,0.144357645549131,0.483953090406514,27769,4,5,0.846538509863048,0.973008398200109,0.999973166766684
"R-HSA-379726",0.000450221113266375,7,1.62567083729093,0.144869893476604,0.484677189627249,148328,5,5,1.05817313732881,0.753678851770386,0.999973166766684
"R-HSA-9758941",0.0190681264490177,197,1.08023597251946,0.145597459868143,0.485103574790462,194474,59,60,1.04053691837333,0.149988616146248,0.999973166766684
"R-HSA-450321",0.00207135899453423,25,1.26195848112472,0.146178182913218,0.485103574790462,87126,15,15,1.05817313732881,0.427891503831773,0.999973166766684
"R-HSA-5423646",0.00133264923567603,17,1.33380855729129,0.14660718275481,0.485103574790462,95753,8,9,0.940598344292276,0.915989585294261,0.999973166766684
"R-HSA-166663",0.00142456061364717,18,1.32114962214081,0.146975750514221,0.485103574790462,39175,9,9,1.05817313732881,0.601009505914728,0.999973166766684
"R-HSA-77286",0.00045206197062202,7,1.61905088623739,0.146979384439229,0.485103574790462,43036,6,6,1.05817313732881,0.712220694663378,0.999973166766684
"R-HSA-1296065",0.00426618692170781,48,1.1764183495165,0.147008331010747,0.485103574790462,100149,13,13,1.05817313732881,0.479212630905329,0.999973166766684
"R-HSA-6806834",0.00828017638569222,89,1.1238564719755,0.14707296644014,0.485103574790462,149541,36,37,1.02957386334695,0.388494160663599,0.999973166766684
"R-HSA-1483191",0.00283110712317124,33,1.21875965715332,0.148566217506754,0.488047525458678,105385,15,15,1.05817313732881,0.427891503831773,0.999973166766684
"R-HSA-606279",0.0028322905314713,33,1.2182504260988,0.149088378889991,0.488047525458678,101188,20,20,1.05817313732881,0.322325365896719,0.999973166766684
"R-HSA-774815",0.0028322905314713,33,1.2182504260988,0.149088378889991,0.488047525458678,101188,20,20,1.05817313732881,0.322325365896719,0.999973166766684
"R-HSA-9833482",0.00573150937680141,63,1.14929621055673,0.149214093536714,0.488047525458678,126816,28,30,0.987628261506889,0.773462873049509,0.999973166766684
"R-HSA-8980692",0.0228278146183009,234,1.07179555830375,0.149572377728589,0.488047525458678,144909,87,89,1.03439396570344,0.125396068123097,0.999973166766684
"R-HSA-982772",0.00236024210955941,28,1.24040043384605,0.14975541429111,0.488047525458678,133823,13,14,0.982589341805324,0.822223788643368,0.999973166766684
"R-HSA-1482925",0.000887293245420999,12,1.4140817038405,0.150057580903343,0.488060044449043,78098,6,6,1.05817313732881,0.712220694663378,0.999973166766684
"R-HSA-109581",0.0162785701061596,169,1.08550263732398,0.150426868977621,0.488258859630449,131488,73,75,1.02995518700004,0.21111196224208,0.999973166766684
"R-HSA-2871837",0.00379374403036258,43,1.18511600441672,0.150715601536294,0.488258859630449,177771,24,25,1.01584621183566,0.59688448482871,0.999973166766684
"R-HSA-1170546",0.000712806266068055,10,1.46686087092106,0.151394418608895,0.489488673605043,172638,6,7,0.907005546281837,0.947314455330543,0.999973166766684
"R-HSA-210744",0.00467025511127194,52,1.16418814298575,0.152766796915907,0.492951636596496,110296,12,12,1.05817313732881,0.507132027924225,0.999973166766684
"R-HSA-1483206",0.0103909823235617,110,1.10686973228591,0.153796053582166,0.49411362841697,103848,68,68,1.05817313732881,0.021050909133691,0.999973166766684
"R-HSA-354192",0.00180601255569908,22,1.27368592055178,0.154086828609787,0.49411362841697,154932,11,11,1.05817313732881,0.536674318931889,0.999973166766684
"R-HSA-9716542",0.0783904121837407,777,1.03637875895362,0.154240557181675,0.49411362841697,121383,356,369,1.02089332490259,0.0500942962204969,0.999973166766684
"R-HSA-1181150",0.00162100639145674,20,1.29004749858259,0.154521555048817,0.49411362841697,67852,11,11,1.05817313732881,0.536674318931889,0.999973166766684
"R-HSA-3299685",0.000629310236008432,9,1.49533378669803,0.154637027964235,0.49411362841697,105323,8,9,0.940598344292276,0.915989585294261,0.999973166766684
"R-HSA-5635838",0.0019945689448416,24,1.25812160821619,0.155044137318673,0.494448749811597,134460,10,10,1.05817313732881,0.567933623204812,0.999973166766684
"R-HSA-210993",0.000983280807536785,13,1.38237611870045,0.155470163259698,0.494842776445264,208260,8,8,1.05817313732881,0.636007292512453,0.999973166766684
"R-HSA-428543",0.00125572769617228,16,1.33224758638962,0.156156820136317,0.496063218918474,117677,6,6,1.05817313732881,0.712220694663378,0.999973166766684
"R-HSA-5668541",0.00380873386882997,43,1.18045180416458,0.15651855490245,0.496116520291441,80161,30,31,1.02403851999562,0.485376413351916,0.999973166766684
"R-HSA-8849471",0.00171883481092817,21,1.27745492967047,0.157518810677928,0.496116520291441,103777,7,7,1.05817313732881,0.67303840121885,0.999973166766684
"R-HSA-75153",0.0063492485094315,69,1.13628480109999,0.158257194015413,0.496116520291441,118373,27,27,1.05817313732881,0.216726999895963,0.999973166766684
"R-HSA-8939236",0.00420031052633794,47,1.16997583495919,0.158289459188122,0.496116520291441,106406,32,33,1.02610728468248,0.451368412936481,0.999973166766684
"R-HSA-674695",0.00654635173629666,71,1.13401668635696,0.158382096837756,0.496116520291441,157133,30,31,1.02403851999562,0.485376413351916,0.999973166766684
"R-HSA-9833110",0.00644799735758076,70,1.13509868813658,0.158386462947544,0.496116520291441,115134,42,43,1.03356445971651,0.30706648234301,0.999973166766684
"R-HSA-8964043",0.00228318908024455,27,1.23646639653365,0.158410117789947,0.496116520291441,73265,14,16,0.925901495162709,0.945809800332927,0.999973166766684
"R-HSA-167242",0.00135105780923248,17,1.31563501003866,0.158769424553126,0.496116520291441,77570,6,7,0.907005546281837,0.947314455330543,0.999973166766684
"R-HSA-72187",0.00256839048055844,30,1.22129515915575,0.158902846352515,0.496116520291441,97908,16,17,0.99592765866241,0.760648827438052,0.999973166766684
"R-HSA-211897",0.0048839260543379,54,1.15607261176589,0.159385328347152,0.496675042239886,133267,33,34,1.02705039799561,0.435001846123997,0.999973166766684
"R-HSA-196780",0.000988803379603721,13,1.37465540101622,0.159847903462412,0.497169524837463,145017,5,5,1.05817313732881,0.753678851770386,0.999973166766684
"R-HSA-450604",0.00063575323675319,9,1.48017942153811,0.161104016169922,0.500125560633763,58650,6,6,1.05817313732881,0.712220694663378,0.999973166766684
"R-HSA-9702518",0.000380663003185209,6,1.64805238989908,0.161487378475387,0.500366195427525,56980,5,5,1.05817313732881,0.753678851770386,0.999973166766684
"R-HSA-372708",0.000901625634832808,12,1.39160322845496,0.161936158745101,0.500808233850634,72887,6,6,1.05817313732881,0.712220694663378,0.999973166766684
"R-HSA-2024096",0.00126624688106168,16,1.32118010903644,0.163548643585749,0.504840718691104,138301,13,13,1.05817313732881,0.479212630905329,0.999973166766684
"R-HSA-3000170",0.00277009585081271,32,1.20785726017192,0.164262767269068,0.505778064928639,157002,14,15,0.987628261506889,0.801926304852751,0.999973166766684
"R-HSA-196807",0.00277180521835724,32,1.20711237666233,0.165076368928734,0.505778064928639,78472,14,15,0.987628261506889,0.801926304852751,0.999973166766684
"R-HSA-9725554",0.00267647510529704,31,1.21104119979934,0.165145676584032,0.505778064928639,106572,12,13,0.976775203688132,0.842164792150978,0.999973166766684
"R-HSA-9734767",0.00267647510529704,31,1.21104119979934,0.165145676584032,0.505778064928639,106572,12,13,0.976775203688132,0.842164792150978,0.999973166766684
"R-HSA-216083",0.00755763987360147,81,1.12062229288639,0.165526983334449,0.505778064928639,126458,38,42,0.957394743297495,0.921375948503416,0.999973166766684
"R-HSA-2173791",0.00126927114671738,16,1.31803216098839,0.165707238876376,0.505778064928639,147722,8,8,1.05817313732881,0.636007292512453,0.999973166766684
"R-HSA-8878171",0.0203997237662048,209,1.07122927317635,0.166037734631596,0.505843079808735,159503,87,88,1.04614844258644,0.041508396981456,0.999973166766684
"R-HSA-114508",0.00354588573640606,40,1.17949386750667,0.167448191631127,0.509191898714727,193387,15,16,0.99203731624576,0.781371519784154,0.999973166766684
"R-HSA-3785653",0.000555412962160388,8,1.50603272372407,0.167863800047929,0.509206332082932,59266,5,5,1.05817313732881,0.753678851770386,0.999973166766684
"R-HSA-5693606",0.00530022279633596,58,1.14417986383502,0.168179813049007,0.509206332082932,83164,27,29,0.985195679581996,0.788133749382855,0.999973166766684
"R-HSA-4755510",0.000385791105818792,6,1.62614576303948,0.168407706766683,0.509206332082932,28378,4,5,0.846538509863048,0.973008398200109,0.999973166766684
"R-HSA-8978868",0.0118544639212997,124,1.09370500235885,0.169011175146762,0.509206332082932,81731,73,76,1.01640314506583,0.392274908388375,0.999973166766684
"R-HSA-9701192",0.0013677570152444,17,1.29957217151963,0.170254195384697,0.509206332082932,98822,10,11,0.961975579389827,0.880526665934042,0.999973166766684
"R-HSA-9701193",0.0013677570152444,17,1.29957217151963,0.170254195384697,0.509206332082932,98822,10,11,0.961975579389827,0.880526665934042,0.999973166766684
"R-HSA-9704331",0.0013677570152444,17,1.29957217151963,0.170254195384697,0.509206332082932,98822,10,11,0.961975579389827,0.880526665934042,0.999973166766684
"R-HSA-9704646",0.0013677570152444,17,1.29957217151963,0.170254195384697,0.509206332082932,98822,10,11,0.961975579389827,0.880526665934042,0.999973166766684
"R-HSA-9709603",0.0013677570152444,17,1.29957217151963,0.170254195384697,0.509206332082932,98822,10,11,0.961975579389827,0.880526665934042,0.999973166766684
"R-HSA-1236394",0.00530995304235865,58,1.14208320658014,0.171567437117193,0.509409707897521,166094,28,28,1.05817313732881,0.204774099246549,0.999973166766684
"R-HSA-73856",0.00288159921064037,33,1.19740425179868,0.171791985369862,0.509409707897521,90245,17,18,0.999385740810543,0.739838609145694,0.999973166766684
"R-HSA-6804114",0.000558963187060561,8,1.49646723712314,0.171850732888231,0.509409707897521,27042,5,5,1.05817313732881,0.753678851770386,0.999973166766684
"R-HSA-5633007",0.0173027442449539,178,1.07563629080084,0.172609394538514,0.509409707897521,177769,69,73,1.00019104761216,0.626277875379919,0.999973166766684
"R-HSA-8854214",0.00231027598133476,27,1.22196940861755,0.172653117033477,0.509409707897521,64571,18,19,1.0024798143115,0.719012950844803,0.999973166766684
"R-HSA-3296482",0.00193184830493855,23,1.24484490858325,0.17273886698674,0.509409707897521,120357,9,9,1.05817313732881,0.601009505914728,0.999973166766684
"R-HSA-9675135",0.00365515376944471,41,1.17283964325414,0.17277254176121,0.509409707897521,92790,22,25,0.931192360849353,0.954431455042672,0.999973166766684
"R-HSA-111465",0.00531350326725883,58,1.14132012203231,0.172813195527582,0.509409707897521,128242,23,23,1.05817313732881,0.271916031443921,0.999973166766684
"R-HSA-5099900",0.000560804044416206,8,1.49155503517244,0.173934667065462,0.50988078795776,111785,7,7,1.05817313732881,0.67303840121885,0.999973166766684
"R-HSA-9609507",0.0115793872364418,121,1.09259755689998,0.174982932055555,0.50988078795776,104766,63,67,0.994998621667389,0.6925372883782,0.999973166766684
"R-HSA-389357",0.00184204076394528,22,1.24877408228844,0.175354990448682,0.50988078795776,172019,11,11,1.05817313732881,0.536674318931889,0.999973166766684
"R-HSA-2022854",0.00212540130690353,25,1.22987082115551,0.175374934759577,0.50988078795776,79890,11,12,0.969992042551409,0.861639520016197,0.999973166766684
"R-HSA-167044",0.000563170861016322,8,1.48528653397396,0.176630505498921,0.50988078795776,82859,7,9,0.823023551255741,0.989189181206406,0.999973166766684
"R-HSA-70895",0.000918719310278085,12,1.36571108308511,0.176700668109041,0.50988078795776,269518,6,6,1.05817313732881,0.712220694663378,0.999973166766684
"R-HSA-2142789",0.00065113754465394,9,1.44520749255589,0.177054362532464,0.50988078795776,56475,7,7,1.05817313732881,0.67303840121885,0.999973166766684
"R-HSA-75205",0.00065113754465394,9,1.44520749255589,0.177054362532464,0.50988078795776,48123,6,6,1.05817313732881,0.712220694663378,0.999973166766684
"R-HSA-5173214",0.0075976127761812,81,1.11472642439956,0.177203077722409,0.50988078795776,235938,32,32,1.05817313732881,0.163189734746922,0.999973166766684
"R-HSA-8877330",0.000563828310071909,8,1.48355462336998,0.177382617394739,0.50988078795776,135011,5,5,1.05817313732881,0.753678851770386,0.999973166766684
"R-HSA-375165",0.00769872844093057,82,1.11366682846041,0.177757697454055,0.50988078795776,190359,35,36,1.02877943906968,0.40356329910605,0.999973166766684
"R-HSA-9683701",0.00184624843790104,22,1.24592807626086,0.177935492327714,0.50988078795776,117213,13,15,0.917083385684969,0.954157433282381,0.999973166766684
"R-HSA-8941858",0.00232026920697969,27,1.21670647792192,0.178077932158205,0.50988078795776,131427,16,17,0.99592765866241,0.760648827438052,0.999973166766684
"R-HSA-2691230",0.00347580166708042,39,1.17319459207558,0.179038803826573,0.50988078795776,176135,10,10,1.05817313732881,0.567933623204812,0.999973166766684
"R-HSA-2691232",0.00347580166708042,39,1.17319459207558,0.179038803826573,0.50988078795776,176135,10,10,1.05817313732881,0.567933623204812,0.999973166766684
"R-HSA-167238",0.00213210728727052,25,1.22600258730544,0.179201924774764,0.50988078795776,67240,11,12,0.969992042551409,0.861639520016197,0.999973166766684
"R-HSA-167243",0.00213210728727052,25,1.22600258730544,0.179201924774764,0.50988078795776,67240,11,12,0.969992042551409,0.861639520016197,0.999973166766684
"R-HSA-390471",0.00260915232200487,30,1.20221530735218,0.179316733827087,0.50988078795776,131471,21,21,1.05817313732881,0.30456332776173,0.999973166766684
"R-HSA-5693554",0.00147426376224959,18,1.27660854497623,0.179837484266974,0.50988078795776,100589,11,12,0.969992042551409,0.861639520016197,0.999973166766684
"R-HSA-5607763",0.00338086602345357,38,1.17521159648412,0.179891862066134,0.50988078795776,174492,9,9,1.05817313732881,0.601009505914728,0.999973166766684
"R-HSA-901032",0.000654030320498525,9,1.43881534039742,0.180131192318503,0.50988078795776,71619,6,6,1.05817313732881,0.712220694663378,0.999973166766684
"R-HSA-901042",0.000654030320498525,9,1.43881534039742,0.180131192318503,0.50988078795776,71619,6,6,1.05817313732881,0.712220694663378,0.999973166766684
"R-HSA-112382",0.00386737832458838,43,1.16255157620805,0.180452919454488,0.50988078795776,99393,22,23,1.01216560961886,0.63674327332956,0.999973166766684
"R-HSA-75955",0.00386737832458838,43,1.16255157620805,0.180452919454488,0.50988078795776,99393,22,23,1.01216560961886,0.63674327332956,0.999973166766684
"R-HSA-205043",0.00119826664871392,15,1.30887514231259,0.181359676077234,0.510357893644242,75384,8,8,1.05817313732881,0.636007292512453,0.999973166766684
"R-HSA-9013409",0.00711557112862438,76,1.11677134135821,0.181441495834784,0.510357893644242,173661,33,36,0.969992042551409,0.86655772282003,0.999973166766684
"R-HSA-3772470",0.0020425627258995,24,1.2285597190055,0.182313584453858,0.510357893644242,153623,13,13,1.05817313732881,0.479212630905329,0.999973166766684
"R-HSA-9664420",0.000745021269791846,10,1.4034332476638,0.182369452691371,0.510357893644242,101729,5,6,0.881810947774008,0.960969637305427,0.999973166766684
"R-HSA-9673324",0.000745021269791846,10,1.4034332476638,0.182369452691371,0.510357893644242,101729,5,6,0.881810947774008,0.960969637305427,0.999973166766684
"R-HSA-983168",0.022625451798991,230,1.06289657679462,0.183090963331313,0.510357893644242,159900,118,124,1.00697121132903,0.472911829584347,0.999973166766684
"R-HSA-9832991",0.00387447877438873,43,1.16042106018568,0.183481566560628,0.510357893644242,346086,6,6,1.05817313732881,0.712220694663378,0.999973166766684
"R-HSA-8848021",0.00534348294419362,58,1.13491673141704,0.183538733698676,0.510357893644242,95075,27,28,1.02038123956707,0.539455317430142,0.999973166766684
"R-HSA-9006927",0.00534348294419362,58,1.13491673141704,0.183538733698676,0.510357893644242,95075,27,28,1.02038123956707,0.539455317430142,0.999973166766684
"R-HSA-201451",0.0028098057737702,32,1.19078707005671,0.183741319900036,0.510357893644242,151106,13,14,0.982589341805324,0.822223788643368,0.999973166766684
"R-HSA-5674135",0.00233433861676926,27,1.20937320505888,0.185867763860472,0.514648930784717,60064,14,15,0.987628261506889,0.801926304852751,0.999973166766684
"R-HSA-2029485",0.00358888290464149,40,1.16536275830044,0.186228602317461,0.514648930784717,169007,17,17,1.05817313732881,0.382056003309754,0.999973166766684
"R-HSA-5610787",0.00752884360496674,80,1.11102068270119,0.18646827829281,0.514648930784717,160936,40,44,0.961975579389827,0.908023819985432,0.999973166766684
"R-HSA-3928664",0.00281532834583714,32,1.18845121199579,0.186544508530157,0.514648930784717,114476,13,14,0.982589341805324,0.822223788643368,0.999973166766684
"R-HSA-9833109",0.00157814071303243,19,1.25883355144141,0.187015142933195,0.515078743836207,67892,12,12,1.05817313732881,0.507132027924225,0.999973166766684
"R-HSA-5610783",0.00243269299548517,28,1.20345861237428,0.187367724722393,0.515182517051824,174346,12,14,0.907005546281837,0.961810813196636,0.999973166766684
"R-HSA-186712",0.00773409920012118,82,1.10857363787819,0.188424009113593,0.516607297980865,106468,27,27,1.05817313732881,0.216726999895963,0.999973166766684
"R-HSA-9645460",0.00102377966936098,13,1.32769183350141,0.188995962878722,0.516607297980865,85555,7,7,1.05817313732881,0.67303840121885,0.999973166766684
"R-HSA-8862803",0.00195932967546211,23,1.22738483302497,0.18937178402582,0.516607297980865,131551,10,11,0.961975579389827,0.880526665934042,0.999973166766684
"R-HSA-8863678",0.00195932967546211,23,1.22738483302497,0.18937178402582,0.516607297980865,131551,10,11,0.961975579389827,0.880526665934042,0.999973166766684
"R-HSA-1169091",0.00214972692196027,25,1.21595400043781,0.189464779210586,0.516607297980865,115492,17,18,0.999385740810543,0.739838609145694,0.999973166766684
"R-HSA-5689901",0.0018654459503242,22,1.23310609140613,0.189957971560629,0.517090252035256,111407,9,12,0.793629852996608,0.996866733304717,0.999973166766684
"R-HSA-9609736",0.00408657183972128,45,1.15136708117004,0.190735618691421,0.517564105340297,97223,22,24,0.969992042551409,0.857490034046647,0.999973166766684
"R-HSA-418346",0.00903834663659582,95,1.09899329951408,0.190764764987897,0.517564105340297,130427,43,45,1.0111432201142,0.546792161304014,0.999973166766684
"R-HSA-389661",0.000935550006101127,12,1.34114171996004,0.19184547544562,0.51837470183866,63951,7,8,0.925901495162709,0.932256162163627,0.999973166766684
"R-HSA-6804757",0.00321321651427874,36,1.17144780507211,0.19214412079017,0.51837470183866,114591,16,17,0.99592765866241,0.760648827438052,0.999973166766684
"R-HSA-9013694",0.00714936401008159,76,1.11149270097843,0.192175881836148,0.51837470183866,170493,29,31,0.989903902662435,0.758605688774167,0.999973166766684
"R-HSA-1483115",0.000402884781264069,6,1.55715132792358,0.192330956000041,0.51837470183866,54094,5,5,1.05817313732881,0.753678851770386,0.999973166766684
"R-HSA-112040",0.00546760932588856,59,1.12827500864442,0.192935247590287,0.519148133318602,158946,33,36,0.969992042551409,0.86655772282003,0.999973166766684
"R-HSA-422356",0.00844940377260047,89,1.10134751168305,0.193761008759795,0.520513974270977,172788,33,37,0.943776041401371,0.949799913418658,0.999973166766684
"R-HSA-169911",0.00177892565460888,21,1.23430341049985,0.195279883958357,0.521950420572276,139768,11,12,0.969992042551409,0.861639520016197,0.999973166766684
"R-HSA-9620244",0.00331761942430605,37,1.16609945268413,0.195682144245244,0.521950420572276,155043,16,16,1.05817313732881,0.404326169434948,0.999973166766684
"R-HSA-1296041",0.00419649732181553,46,1.14612322712863,0.195890928014289,0.521950420572276,100879,12,12,1.05817313732881,0.507132027924225,0.999973166766684
"R-HSA-1296059",0.00419649732181553,46,1.14612322712863,0.195890928014289,0.521950420572276,100879,12,12,1.05817313732881,0.507132027924225,0.999973166766684
"R-HSA-997272",0.00419649732181553,46,1.14612322712863,0.195890928014289,0.521950420572276,100879,12,12,1.05817313732881,0.507132027924225,0.999973166766684
"R-HSA-156584",0.00121706969170373,15,1.28865375668697,0.196306668433762,0.522207657817291,169869,8,8,1.05817313732881,0.636007292512453,0.999973166766684
"R-HSA-162599",0.0150954247857242,155,1.07361060346487,0.196775111578288,0.522604030100779,130080,54,56,1.02038123956707,0.398385883584097,0.999973166766684
"R-HSA-4641263",0.00159313055149983,19,1.24698912878837,0.197468744056777,0.523596216007921,71972,11,11,1.05817313732881,0.536674318931889,0.999973166766684
"R-HSA-5621575",0.00140641501971295,17,1.2638509469098,0.198418980070114,0.524918019439984,114142,7,8,0.925901495162709,0.932256162163627,0.999973166766684
"R-HSA-381771",0.00332366795561746,37,1.16397734267015,0.198608957233099,0.524918019439984,78720,9,9,1.05817313732881,0.601009505914728,0.999973166766684
"R-HSA-9013957",0.000322807486293502,5,1.61952195137741,0.199592945689367,0.525538566339428,98750,4,5,0.846538509863048,0.973008398200109,0.999973166766684
"R-HSA-5083625",0.00159615481715553,19,1.24462643417084,0.199611572213423,0.525538566339428,43328,11,11,1.05817313732881,0.536674318931889,0.999973166766684
"R-HSA-6806003",0.00332656073146204,37,1.16296514845145,0.200016743056812,0.525538566339428,117845,17,18,0.999385740810543,0.739838609145694,0.999973166766684
"R-HSA-5621480",0.00264820479590677,30,1.1844865116082,0.20012868388109,0.525538566339428,77909,15,15,1.05817313732881,0.427891503831773,0.999973166766684
"R-HSA-6804759",0.00188280260539171,22,1.22173867719664,0.201170783886472,0.527428529548507,210693,6,6,1.05817313732881,0.712220694663378,0.999973166766684
"R-HSA-193692",0.000586050088150769,8,1.42730137424511,0.203604657246913,0.527528744824738,57890,5,5,1.05817313732881,0.753678851770386,0.999973166766684
"R-HSA-5368286",0.00382267178880843,42,1.14879546234538,0.203818961516985,0.527528744824738,61186,22,24,0.969992042551409,0.857490034046647,0.999973166766684
"R-HSA-5693565",0.00520015905007553,56,1.12598299724571,0.203914146542413,0.527528744824738,82643,26,28,0.982589341805324,0.802584872177536,0.999973166766684
"R-HSA-9013423",0.013007366585178,134,1.07714916924199,0.204425223984547,0.527528744824738,164044,51,55,0.981215090977624,0.816643067613031,0.999973166766684
"R-HSA-1655829",0.00510285658984857,55,1.12696326265066,0.204497974999141,0.527528744824738,116694,29,30,1.02290069941785,0.503004108540448,0.999973166766684
"R-HSA-9013507",0.00411918131287843,45,1.14225229085721,0.204925639571156,0.527528744824738,182235,13,13,1.05817313732881,0.479212630905329,0.999973166766684
"R-HSA-389513",0.00122772036640425,15,1.27747447487358,0.205021792805057,0.527528744824738,108100,10,10,1.05817313732881,0.567933623204812,0.999973166766684
"R-HSA-611105",0.00828714534568145,87,1.09767741685028,0.205204893724495,0.527528744824738,210881,45,48,0.99203731624576,0.730134634891928,0.999973166766684
"R-HSA-194313",0.000677041037444091,9,1.38991406159191,0.205430231776575,0.527528744824738,152371,5,5,1.05817313732881,0.753678851770386,0.999973166766684
"R-HSA-195399",0.000677041037444091,9,1.38991406159191,0.205430231776575,0.527528744824738,152371,5,5,1.05817313732881,0.753678851770386,0.999973166766684
"R-HSA-8863795",0.00132186707116439,16,1.26558882423365,0.205531869092397,0.527528744824738,104195,11,11,1.05817313732881,0.536674318931889,0.999973166766684
"R-HSA-3301854",0.00246503948902007,28,1.18766670867534,0.205620604467472,0.527528744824738,56308,14,15,0.987628261506889,0.801926304852751,0.999973166766684
"R-HSA-9701898",0.000587759455695297,8,1.42315038590838,0.205683316112092,0.527528744824738,91881,6,6,1.05817313732881,0.712220694663378,0.999973166766684
"R-HSA-8963899",0.00285240847257228,32,1.17300183930493,0.205942380775749,0.527528744824738,56206,12,13,0.976775203688132,0.842164792150978,0.999973166766684
"R-HSA-1839124",0.00392549682110233,43,1.14533955112987,0.206045762801349,0.527528744824738,211043,19,19,1.05817313732881,0.341120913051654,0.999973166766684
"R-HSA-5696394",0.00189082348386988,22,1.21655605832954,0.206459407873012,0.527761861375388,131565,14,14,1.05817313732881,0.452827157233172,0.999973166766684
"R-HSA-9824446",0.0692496349842843,683,1.03124925465347,0.207415302305328,0.529378213060089,106128,323,340,1.00526448046237,0.39802872157175,0.999973166766684
"R-HSA-418889",0.000769872844093057,10,1.35813027861026,0.20807164195059,0.530226177930164,83122,6,6,1.05817313732881,0.712220694663378,0.999973166766684
"R-HSA-9633012",0.00700038605408544,74,1.10527452772116,0.20883263016834,0.53133776509394,88861,40,40,1.05817313732881,0.103605618687237,0.999973166766684
"R-HSA-1650814",0.0069017686957473,73,1.10591791238584,0.20919019278477,0.531421048751373,115396,34,38,0.946786491294199,0.944690854590894,0.999973166766684
"R-HSA-5419276",0.00383608374954242,42,1.14477897036076,0.210024784796672,0.532222304278277,59958,22,24,0.969992042551409,0.857490034046647,0.999973166766684
"R-HSA-399956",0.0024734548369316,28,1.18362595223734,0.210509265435634,0.532222304278277,232677,8,10,0.846538509863048,0.985178125255437,0.999973166766684
"R-HSA-8951664",0.0139413387135458,143,1.07248688785828,0.210552914961222,0.532222304278277,125734,81,87,0.985195679581996,0.799021949192007,0.999973166766684
"R-HSA-9820960",0.00257115176659191,29,1.17931743201713,0.211106543012648,0.532222304278277,182692,13,13,1.05817313732881,0.479212630905329,0.999973166766684
"R-HSA-156590",0.00228161120251114,26,1.19149476897672,0.211132197724084,0.532222304278277,94516,12,12,1.05817313732881,0.507132027924225,0.999973166766684
"R-HSA-425397",0.00413417115134582,45,1.13811066809846,0.211627339898118,0.532649735497418,102290,20,20,1.05817313732881,0.322325365896719,0.999973166766684
"R-HSA-450408",0.00199746172068619,23,1.20395374872655,0.213734960859112,0.536530893294638,128448,14,15,0.987628261506889,0.801926304852751,0.999973166766684
"R-HSA-190239",0.000867175304320019,11,1.32631357989225,0.214214142245115,0.536530893294638,228810,7,7,1.05817313732881,0.67303840121885,0.999973166766684
"R-HSA-190372",0.000867175304320019,11,1.32631357989225,0.214214142245115,0.536530893294638,228810,7,7,1.05817313732881,0.67303840121885,0.999973166766684
"R-HSA-1250196",0.000867438283942254,11,1.32591148391532,0.21448117617035,0.536530893294638,172448,8,8,1.05817313732881,0.636007292512453,0.999973166766684
"R-HSA-9013424",0.0033570663676413,37,1.15239729312104,0.215172260814152,0.537437891132751,167863,18,20,0.952355823595929,0.906002727489324,0.999973166766684
"R-HSA-170670",0.00152620223764101,18,1.23316403948251,0.217783350260689,0.541729986870534,161334,10,10,1.05817313732881,0.567933623204812,0.999973166766684
"R-HSA-194315",0.0774974648764417,762,1.02808236101029,0.217982861879734,0.541729986870534,122443,346,359,1.01985489001607,0.0639548171273407,0.999973166766684
"R-HSA-5357769",0.00152646521726324,18,1.23295158982458,0.217984160072693,0.541729986870534,75874,11,12,0.969992042551409,0.861639520016197,0.999973166766684
"R-HSA-432142",0.000688217671389079,9,1.36734189972044,0.218215196422788,0.541729986870534,89776,7,7,1.05817313732881,0.67303840121885,0.999973166766684
"R-HSA-429958",0.000334115610049608,5,1.56470932334968,0.218559350118223,0.541762267868806,33999,5,5,1.05817313732881,0.753678851770386,0.999973166766684
"R-HSA-9703648",0.00068926958987802,9,1.36525515130423,0.219434157968469,0.543107840297149,236482,6,6,1.05817313732881,0.712220694663378,0.999973166766684
"R-HSA-74751",0.00653412318386273,69,1.10413507316353,0.220244534785251,0.543196969215686,188176,32,32,1.05817313732881,0.163189734746922,0.999973166766684
"R-HSA-75893",0.00327080905154821,36,1.15082090502702,0.221105269213266,0.543196969215686,119970,24,25,1.01584621183566,0.59688448482871,0.999973166766684
"R-HSA-5654732",0.00239482392988332,27,1.17882844723057,0.22130069015836,0.543196969215686,143831,16,16,1.05817313732881,0.404326169434948,0.999973166766684
"R-HSA-933543",0.000335824977594136,5,1.55674486712276,0.221473794838542,0.543196969215686,17565,4,5,0.846538509863048,0.973008398200109,0.999973166766684
"R-HSA-9758881",0.00115369160274509,14,1.26881626325146,0.221752262837541,0.543196969215686,71790,6,7,0.907005546281837,0.947314455330543,0.999973166766684
"R-HSA-4608870",0.00268712577999756,30,1.16733012056123,0.222026739768457,0.543196969215686,161234,18,20,0.952355823595929,0.906002727489324,0.999973166766684
"R-HSA-1482788",0.0019142286702488,22,1.2016812830594,0.222264557455155,0.543196969215686,61923,12,12,1.05817313732881,0.507132027924225,0.999973166766684
"R-HSA-446728",0.0180500008415348,183,1.06006939381462,0.222623189753473,0.543196969215686,177706,67,68,1.04261176766221,0.105030486321366,0.999973166766684
"R-HSA-5625900",0.00162784386163485,19,1.22039743815831,0.222719436287157,0.543196969215686,87042,9,9,1.05817313732881,0.601009505914728,0.999973166766684
"R-HSA-3322077",0.000783679274260396,10,1.33420348678911,0.222965424144245,0.543196969215686,63757,7,7,1.05817313732881,0.67303840121885,0.999973166766684
"R-HSA-5688426",0.0219251370649791,221,1.05392665682672,0.223770849223357,0.543196969215686,167018,93,100,0.984101017715794,0.816286106360227,0.999973166766684
"R-HSA-948021",0.0123767414510584,127,1.07289651558045,0.224097648738135,0.543196969215686,122779,69,72,1.01408258994011,0.435530328815164,0.999973166766684
"R-HSA-389359",0.00134540374735443,16,1.24344844116702,0.22466233072145,0.543196969215686,69223,6,7,0.907005546281837,0.947314455330543,0.999973166766684
"R-HSA-1980145",0.00594794160590084,63,1.10747590409986,0.224702605048525,0.543196969215686,176049,18,18,1.05817313732881,0.361009967672346,0.999973166766684
"R-HSA-77595",0.000785520131616041,10,1.33107679632793,0.224982227495356,0.543196969215686,176188,7,7,1.05817313732881,0.67303840121885,0.999973166766684
"R-HSA-83936",0.00172738164865081,20,1.21060406200245,0.225689895004319,0.543196969215686,59678,7,7,1.05817313732881,0.67303840121885,0.999973166766684
"R-HSA-9818028",0.00182323772095548,21,1.20430483489488,0.225727678390443,0.543196969215686,78399,5,5,1.05817313732881,0.753678851770386,0.999973166766684
"R-HSA-1474244",0.0292940890596269,293,1.04579859816599,0.226034104147993,0.543196969215686,140930,145,155,0.989903902662435,0.76735663527915,0.999973166766684
"R-HSA-3229121",0.000786572050104982,10,1.32929668693799,0.226137857138227,0.543196969215686,51774,7,7,1.05817313732881,0.67303840121885,0.999973166766684
"R-HSA-2162123",0.000604458661707222,8,1.3838334185361,0.226415927728681,0.543196969215686,37690,6,6,1.05817313732881,0.712220694663378,0.999973166766684
"R-HSA-9664323",0.00485999490871451,52,1.11873689733957,0.226863659469159,0.543196969215686,152742,22,23,1.01216560961886,0.63674327332956,0.999973166766684
"R-HSA-5627123",0.00377336310963936,41,1.13609772461158,0.227032883866913,0.543196969215686,114731,17,18,0.999385740810543,0.739838609145694,0.999973166766684
"R-HSA-9013149",0.0267422662952693,268,1.04784493255376,0.227106801310226,0.543196969215686,129169,99,107,0.979057388743478,0.866519122750383,0.999973166766684
"R-HSA-1482839",0.0014442840853148,17,1.23071283031202,0.227995997649381,0.543536842831682,50583,13,13,1.05817313732881,0.479212630905329,0.999973166766684
"R-HSA-2408557",0.00685548428223394,72,1.09813261263774,0.228176162765857,0.543536842831682,95506,40,40,1.05817313732881,0.103605618687237,0.999973166766684
"R-HSA-9013408",0.0115833319307753,119,1.07417216006982,0.228245605761226,0.543536842831682,150681,42,44,1.01007435835932,0.56145655511341,0.999973166766684
"R-HSA-9020591",0.00328579889001561,36,1.14557085167662,0.228973765212339,0.544478313789806,84375,18,21,0.907005546281837,0.974400955715242,0.999973166766684
"R-HSA-389977",0.00260652252578252,29,1.16331398202406,0.231865241059847,0.549230271329187,92622,13,13,1.05817313732881,0.479212630905329,0.999973166766684
"R-HSA-5340588",0.000791831642549682,10,1.32046708423498,0.231950046357768,0.549230271329187,78587,5,5,1.05817313732881,0.753678851770386,0.999973166766684
"R-HSA-5654733",0.00241283803400642,27,1.17002738470901,0.232429805158055,0.549230271329187,139645,16,16,1.05817313732881,0.404326169434948,0.999973166766684
"R-HSA-977225",0.0068679758142901,72,1.0961353198249,0.232743552302269,0.549230271329187,181659,38,39,1.03104049278192,0.359652672859144,0.999973166766684
"R-HSA-9772755",0.00329381976849378,36,1.14278123802583,0.233237691923618,0.549230271329187,144257,17,17,1.05817313732881,0.382056003309754,0.999973166766684
"R-HSA-8956321",0.00097881015395879,12,1.28186772400802,0.233303577346217,0.549230271329187,32409,8,9,0.940598344292276,0.915989585294261,0.999973166766684
"R-HSA-1445148",0.00807413185167108,84,1.08778704279146,0.233729797960121,0.549230271329187,113719,44,46,1.01216560961886,0.532288411389369,0.999973166766684
"R-HSA-2980766",0.00408420502312117,44,1.12643354166181,0.234250947838696,0.549230271329187,129845,22,23,1.01216560961886,0.63674327332956,0.999973166766684
"R-HSA-2514856",0.00339414649437644,37,1.13980766631826,0.234329296691792,0.549230271329187,128742,15,15,1.05817313732881,0.427891503831773,0.999973166766684
"R-HSA-2514859",0.00339414649437644,37,1.13980766631826,0.234329296691792,0.549230271329187,128742,15,15,1.05817313732881,0.427891503831773,0.999973166766684
"R-HSA-5663202",0.0554612189210682,547,1.03123667203684,0.235420294618976,0.5509979999952,155393,224,236,1.00436772356633,0.461424295147044,0.999973166766684
"R-HSA-180292",0.0017415825482515,20,1.20073277180265,0.236163141865499,0.551947000131367,187200,9,9,1.05817313732881,0.601009505914728,0.999973166766684
"R-HSA-8957322",0.0121199418499459,124,1.06974824232063,0.236866894237587,0.552802052742786,104658,78,79,1.04477854065376,0.0633993547312492,0.999973166766684
"R-HSA-6781827",0.00448787874325194,48,1.11830574404684,0.237812167559646,0.552886559153745,124628,29,30,1.02290069941785,0.503004108540448,0.999973166766684
"R-HSA-912526",0.00145743306642655,17,1.21960932227961,0.238687003660081,0.552886559153745,156858,9,9,1.05817313732881,0.601009505914728,0.999973166766684
"R-HSA-977068",0.00252039669950055,28,1.16158116587733,0.238781846051871,0.552886559153745,66142,16,16,1.05817313732881,0.404326169434948,0.999973166766684
"R-HSA-3769402",0.007385914180282,77,1.09005120819864,0.238840721108307,0.552886559153745,203614,24,24,1.05817313732881,0.256926494289673,0.999973166766684
"R-HSA-2173789",0.00578607764841518,61,1.1023157432439,0.239633213201805,0.552886559153745,120166,21,25,0.888865435356201,0.989541884037831,0.999973166766684
"R-HSA-73884",0.00498885492360968,53,1.11079886509829,0.239719310862559,0.552886559153745,60334,31,33,0.994041432036155,0.728460499697205,0.999973166766684
"R-HSA-69601",0.00155512999608686,18,1.2102253323982,0.240356663399341,0.552886559153745,121509,10,11,0.961975579389827,0.880526665934042,0.999973166766684
"R-HSA-69610",0.00155512999608686,18,1.2102253323982,0.240356663399341,0.552886559153745,121509,10,11,0.961975579389827,0.880526665934042,0.999973166766684
"R-HSA-69613",0.00155512999608686,18,1.2102253323982,0.240356663399341,0.552886559153745,121509,10,11,0.961975579389827,0.880526665934042,0.999973166766684
"R-HSA-4411364",0.00174789405918514,20,1.19639701816942,0.240883505877809,0.552886559153745,169763,6,6,1.05817313732881,0.712220694663378,0.999973166766684
"R-HSA-109704",0.00519082327348618,55,1.10786509352147,0.240958506526052,0.552886559153745,186793,28,28,1.05817313732881,0.204774099246549,0.999973166766684
"R-HSA-112399",0.00519082327348618,55,1.10786509352147,0.240958506526052,0.552886559153745,186793,28,28,1.05817313732881,0.204774099246549,0.999973166766684
"R-HSA-376176",0.0150810923963124,153,1.06076470916809,0.241819605770442,0.553107325056827,131143,86,88,1.03412374784406,0.130308073254089,0.999973166766684
"R-HSA-190861",0.00311315276801831,34,1.14192851226113,0.24188497279384,0.553107325056827,98705,18,19,1.0024798143115,0.719012950844803,0.999973166766684
"R-HSA-3371497",0.00410037826988862,44,1.12199051557073,0.242068976002865,0.553107325056827,87463,26,27,1.01898153964997,0.558250285626385,0.999973166766684
"R-HSA-432720",0.00184953568317898,21,1.18718120579073,0.244741337856695,0.557185553423834,210651,10,10,1.05817313732881,0.567933623204812,0.999973166766684
"R-HSA-3371571",0.00233486457601373,26,1.1643192674035,0.244779263712178,0.557185553423834,128756,14,14,1.05817313732881,0.452827157233172,0.999973166766684
"R-HSA-9830369",0.00871093700691321,90,1.08028431094324,0.244875558014509,0.557185553423834,260657,26,27,1.01898153964997,0.558250285626385,0.999973166766684
"R-HSA-72306",0.00750478096953223,78,1.08671838272189,0.24548099260889,0.557405373808003,94236,45,47,1.01314449318716,0.517958134736054,0.999973166766684
"R-HSA-112043",0.00520252586667564,55,1.10537305507119,0.246029095325795,0.557405373808003,161650,30,33,0.961975579389827,0.894934750838479,0.999973166766684
"R-HSA-9013407",0.00381228409373015,41,1.12449889294583,0.246522241064143,0.557405373808003,198258,16,18,0.940598344292276,0.927130573776921,0.999973166766684
"R-HSA-8866904",0.000992748073937247,12,1.26387064073055,0.247359505913387,0.557405373808003,129078,5,7,0.755837955234864,0.995107592242638,0.999973166766684
"R-HSA-373080",0.0109419246321441,112,1.07024876705097,0.247543942346457,0.557405373808003,127801,48,50,1.01584621183566,0.476119805231135,0.999973166766684
"R-HSA-399997",0.000439701928376974,6,1.42676784352806,0.247696057777778,0.557405373808003,337173,5,7,0.755837955234864,0.995107592242638,0.999973166766684
"R-HSA-166662",0.00108742073794186,13,1.24998894989625,0.247708237094758,0.557405373808003,51346,5,5,1.05817313732881,0.753678851770386,0.999973166766684
"R-HSA-166786",0.00108742073794186,13,1.24998894989625,0.247708237094758,0.557405373808003,51346,5,5,1.05817313732881,0.753678851770386,0.999973166766684
"R-HSA-71240",0.00185400633675698,21,1.18431849933705,0.248038577097938,0.557405373808003,155038,5,5,1.05817313732881,0.753678851770386,0.999973166766684
"R-HSA-1632852",0.0126711471381506,129,1.06447191829373,0.249264189512176,0.558136984174406,150360,62,66,0.994041432036155,0.703439900973247,0.999973166766684
"R-HSA-9842663",0.00118393425930212,14,1.23640536359044,0.249372407965109,0.558136984174406,239886,7,7,1.05817313732881,0.67303840121885,0.999973166766684
"R-HSA-5083635",0.00741497342853897,77,1.08577930230752,0.249387613344432,0.558136984174406,244365,31,31,1.05817313732881,0.172720114059211,0.999973166766684
"R-HSA-187687",0.00185650464316821,21,1.18272475675703,0.249889068006744,0.558411822993092,114139,15,17,0.933682179996009,0.936791712379919,0.999973166766684
"R-HSA-5654736",0.00601197714391507,63,1.09567981544896,0.250193072282357,0.558411822993092,142255,27,28,1.02038123956707,0.539455317430142,0.999973166766684
"R-HSA-9861718",0.00195459604226188,22,1.17686351286773,0.250750590512911,0.558823818674886,120240,16,16,1.05817313732881,0.404326169434948,0.999973166766684
"R-HSA-1295596",0.00137669832240039,16,1.21518285100486,0.251215892455062,0.558823818674886,85094,9,9,1.05817313732881,0.601009505914728,0.999973166766684
"R-HSA-5654704",0.000903466492188453,11,1.2730371211453,0.252293525602601,0.558823818674886,236230,7,7,1.05817313732881,0.67303840121885,0.999973166766684
"R-HSA-8866652",0.00205439680890007,23,1.17058764701133,0.252655708104742,0.558823818674886,85971,13,13,1.05817313732881,0.479212630905329,0.999973166766684
"R-HSA-5693616",0.00244479005810798,27,1.15473578816814,0.252768719938518,0.558823818674886,98237,17,19,0.946786491294199,0.916856704703266,0.999973166766684
"R-HSA-9675136",0.00244479005810798,27,1.15473578816814,0.252768719938518,0.558823818674886,98237,17,19,0.946786491294199,0.916856704703266,0.999973166766684
"R-HSA-9701190",0.00244479005810798,27,1.15473578816814,0.252768719938518,0.558823818674886,98237,17,19,0.946786491294199,0.916856704703266,0.999973166766684
"R-HSA-446193",0.00552007376052444,58,1.0986099933619,0.253766102520585,0.559949851945076,127273,36,36,1.05817313732881,0.130035604347607,0.999973166766684
"R-HSA-9690406",0.00176525071425265,20,1.18463356145446,0.254063905039013,0.559949851945076,305083,7,7,1.05817313732881,0.67303840121885,0.999973166766684
"R-HSA-1483213",0.00118919385174682,14,1.23093696304382,0.254304853297794,0.559949851945076,101592,6,6,1.05817313732881,0.712220694663378,0.999973166766684
"R-HSA-70268",0.00353207930623872,38,1.1248991351649,0.255291621287014,0.561367059711768,99746,24,24,1.05817313732881,0.256926494289673,0.999973166766684
"R-HSA-9754678",0.00225399834217646,25,1.15970318242665,0.255895197813605,0.561938984728937,117385,16,17,0.99592765866241,0.760648827438052,0.999973166766684
"R-HSA-3214858",0.00502659249940041,53,1.10245944702036,0.256540379870858,0.562573809547885,193839,23,24,1.01408258994011,0.616675385991643,0.999973166766684
"R-HSA-139853",0.00109688800434232,13,1.23920026560081,0.256984652745749,0.562573809547885,154998,6,6,1.05817313732881,0.712220694663378,0.999973166766684
"R-HSA-8866427",0.00100234683014883,12,1.25176745867974,0.257215898252945,0.562573809547885,50525,8,8,1.05817313732881,0.636007292512453,0.999973166766684
"R-HSA-5693579",0.00255129680511317,28,1.14751264173255,0.258262208387874,0.56378338266786,99394,18,20,0.952355823595929,0.906002727489324,0.999973166766684
"R-HSA-167152",0.00334010418200714,36,1.12694551659503,0.258539545743395,0.56378338266786,114401,16,17,0.99592765866241,0.760648827438052,0.999973166766684
"R-HSA-75067",0.00109872886169796,13,1.23712405644351,0.258802763070637,0.56378338266786,138670,8,8,1.05817313732881,0.636007292512453,0.999973166766684
"R-HSA-202131",0.0011943219543804,14,1.22565164524588,0.259148349247172,0.563785504479219,100244,8,8,1.05817313732881,0.636007292512453,0.999973166766684
"R-HSA-5083636",0.00158011306019919,18,1.19109053892598,0.260590254751518,0.566169530907681,45109,10,10,1.05817313732881,0.567933623204812,0.999973166766684
"R-HSA-9683610",0.000449169194777435,6,1.39669545338344,0.262622313609439,0.569827725550454,185354,3,5,0.634903882397286,0.998481060455144,0.999973166766684
"R-HSA-5654741",0.00324937621233606,35,1.12623360045406,0.263177474287592,0.570275957529139,167015,20,20,1.05817313732881,0.322325365896719,0.999973166766684
"R-HSA-8963889",0.00256036960208027,28,1.14344637364095,0.264103362612065,0.571525266181664,57974,9,10,0.952355823595929,0.898692450303967,0.999973166766684
"R-HSA-400253",0.00958284594443346,98,1.06928137400867,0.26609167856911,0.57368204915764,145080,44,47,0.990630171116333,0.742465802304651,0.999973166766684
"R-HSA-112411",0.000728716533213274,9,1.29135104711959,0.266885051780984,0.57368204915764,69067,5,5,1.05817313732881,0.753678851770386,0.999973166766684
"R-HSA-180585",0.00129859337459659,15,1.20775406762805,0.26710714118984,0.57368204915764,135191,11,12,0.969992042551409,0.861639520016197,0.999973166766684
"R-HSA-5654706",0.00110740718923172,13,1.22742918732391,0.267434412582895,0.57368204915764,209916,9,9,1.05817313732881,0.601009505914728,0.999973166766684
"R-HSA-9617324",0.00315877973247609,34,1.1254339364898,0.268026244263612,0.57368204915764,83362,14,14,1.05817313732881,0.452827157233172,0.999973166766684
"R-HSA-418990",0.0107049799925103,109,1.06463581142775,0.268261572175422,0.57368204915764,206693,37,37,1.05817313732881,0.122856200005496,0.999973166766684
"R-HSA-6802948",0.00188135621746942,21,1.16710168022452,0.26859387128912,0.57368204915764,71740,11,12,0.969992042551409,0.861639520016197,0.999973166766684
"R-HSA-9828211",0.000824441115706826,10,1.26823808313606,0.269151644421298,0.57368204915764,90326,7,8,0.925901495162709,0.932256162163627,0.999973166766684
"R-HSA-9732724",0.000637594094108836,8,1.31191631779964,0.269571924655338,0.57368204915764,44357,5,5,1.05817313732881,0.753678851770386,0.999973166766684
"R-HSA-1226099",0.00646140931831474,67,1.08419645165776,0.269722464767202,0.57368204915764,181266,33,34,1.02705039799561,0.435001846123997,0.999973166766684
"R-HSA-1500931",0.0210156220414792,210,1.04481037876282,0.269734078647534,0.57368204915764,187544,81,85,1.00837675439569,0.495501730313095,0.999973166766684
"R-HSA-380994",0.00091950824914479,11,1.25082769332037,0.269839128631896,0.57368204915764,44495,7,9,0.823023551255741,0.989189181206406,0.999973166766684
"R-HSA-381042",0.00091950824914479,11,1.25082769332037,0.269839128631896,0.57368204915764,44495,7,9,0.823023551255741,0.989189181206406,0.999973166766684
"R-HSA-8941856",0.00485802256154775,51,1.09766819640669,0.271079701991227,0.57368204915764,175658,11,11,1.05817313732881,0.536674318931889,0.999973166766684
"R-HSA-195253",0.00515860826976239,54,1.09451480981904,0.271108668906788,0.57368204915764,145266,27,29,0.985195679581996,0.788133749382855,0.999973166766684
"R-HSA-169893",0.00111148337337636,13,1.22292779080113,0.271522135680097,0.57368204915764,84554,8,8,1.05817313732881,0.636007292512453,0.999973166766684
"R-HSA-166520",0.0163182800291171,164,1.05082379646515,0.271545791151505,0.57368204915764,150478,77,81,1.00591767375702,0.538243870704201,0.999973166766684
"R-HSA-5654719",0.000921480596311553,11,1.24815040801789,0.272023105637397,0.57368204915764,225956,7,7,1.05817313732881,0.67303840121885,0.999973166766684
"R-HSA-400042",0.00516084359655139,54,1.09404074037098,0.272135506500988,0.57368204915764,153487,15,15,1.05817313732881,0.427891503831773,0.999973166766684
"R-HSA-8963693",0.00149727447919516,17,1.18715638255442,0.272264539017303,0.57368204915764,128776,9,9,1.05817313732881,0.601009505914728,0.999973166766684
"R-HSA-927802",0.00757854675356916,78,1.0761408094568,0.272814568609196,0.57368204915764,86772,44,44,1.05817313732881,0.0825383671735653,0.999973166766684
"R-HSA-975957",0.00757854675356916,78,1.0761408094568,0.272814568609196,0.57368204915764,86772,44,44,1.05817313732881,0.0825383671735653,0.999973166766684
"R-HSA-5619084",0.00257430752205873,28,1.13725548000493,0.27317832939423,0.573709559549372,136974,17,18,0.999385740810543,0.739838609145694,0.999973166766684
"R-HSA-5696398",0.00576766907485873,60,1.08770556008523,0.274126281941926,0.57496230417563,125930,39,41,1.00655493550789,0.606267564231352,0.999973166766684
"R-HSA-182971",0.00228108524326667,25,1.14593220850575,0.274567417799783,0.575150186325793,134881,11,11,1.05817313732881,0.536674318931889,0.999973166766684
"R-HSA-400451",0.000457584542688956,6,1.37100910021777,0.276078662746039,0.57708850995373,238039,4,6,0.705448758219207,0.997085919989471,0.999973166766684
"R-HSA-8963691",0.00073686890150256,9,1.27706415116645,0.277064982890369,0.57708850995373,22980,8,8,1.05817313732881,0.636007292512453,0.999973166766684
"R-HSA-8851708",0.00140628352990184,16,1.18961799439186,0.277363206936198,0.57708850995373,201908,6,7,0.907005546281837,0.947314455330543,0.999973166766684
"R-HSA-2559582",0.00708624890074518,73,1.07712694468976,0.277722815094713,0.57708850995373,88994,35,36,1.02877943906968,0.40356329910605,0.999973166766684
"R-HSA-5610780",0.00140694097895742,16,1.1890620981328,0.277954678013344,0.57708850995373,139651,11,12,0.969992042551409,0.861639520016197,0.999973166766684
"R-HSA-9659787",0.00150384896975103,17,1.18196640099215,0.277961947337127,0.57708850995373,83213,9,10,0.952355823595929,0.898692450303967,0.999973166766684
"R-HSA-9661069",0.00150384896975103,17,1.18196640099215,0.277961947337127,0.57708850995373,83213,9,10,0.952355823595929,0.898692450303967,0.999973166766684
"R-HSA-432722",0.00567720408480988,59,1.0866206088904,0.278560793317177,0.577192453266607,109919,22,23,1.01216560961886,0.63674327332956,0.999973166766684
"R-HSA-1839117",0.00297850720143398,32,1.12334137824659,0.278730923275636,0.577192453266607,192941,14,14,1.05817313732881,0.452827157233172,0.999973166766684
"R-HSA-418360",0.00248594636898776,27,1.13561845495664,0.280003471056645,0.577192453266607,138339,14,15,0.987628261506889,0.801926304852751,0.999973166766684
"R-HSA-5637810",0.00112068766015459,13,1.21288379862044,0.280827484542327,0.577192453266607,226978,6,6,1.05817313732881,0.712220694663378,0.999973166766684
"R-HSA-5637812",0.00112068766015459,13,1.21288379862044,0.280827484542327,0.577192453266607,226978,6,6,1.05817313732881,0.712220694663378,0.999973166766684
"R-HSA-72764",0.00649060005638283,67,1.07932040100609,0.281765400165217,0.577192453266607,98750,38,38,1.05817313732881,0.116072369283666,0.999973166766684
"R-HSA-5576892",0.00298363530406756,32,1.12141064298805,0.281887659902828,0.577192453266607,158845,19,19,1.05817313732881,0.341120913051654,0.999973166766684
"R-HSA-442982",0.00308396202995022,33,1.11883321301987,0.282538712016555,0.577192453266607,97843,11,11,1.05817313732881,0.536674318931889,0.999973166766684
"R-HSA-9669938",0.00141233206121324,16,1.18452327064714,0.282820732940909,0.577192453266607,183676,11,11,1.05817313732881,0.536674318931889,0.999973166766684
"R-HSA-9670439",0.00141233206121324,16,1.18452327064714,0.282820732940909,0.577192453266607,183676,11,11,1.05817313732881,0.536674318931889,0.999973166766684
"R-HSA-9029558",0.00112292298694359,13,1.21046939293232,0.283102496409004,0.577192453266607,126874,6,6,1.05817313732881,0.712220694663378,0.999973166766684
"R-HSA-9665348",0.0012198309777372,14,1.20002090048165,0.283712910602521,0.577192453266607,218491,7,7,1.05817313732881,0.67303840121885,0.999973166766684
"R-HSA-2151201",0.00589034906863137,61,1.08280246368517,0.283767570328961,0.577192453266607,149494,28,30,0.987628261506889,0.773462873049509,0.999973166766684
"R-HSA-196071",0.00278850442436916,30,1.12489075983351,0.283881607232757,0.577192453266607,70506,20,20,1.05817313732881,0.322325365896719,0.999973166766684
"R-HSA-192823",0.00639658484143381,66,1.07883792127647,0.284651157891451,0.577192453266607,93157,37,37,1.05817313732881,0.122856200005496,0.999973166766684
"R-HSA-9005891",0.00200140641501971,22,1.14933815904203,0.28551464216575,0.577192453266607,128051,6,6,1.05817313732881,0.712220694663378,0.999973166766684
"R-HSA-9005895",0.00200140641501971,22,1.14933815904203,0.28551464216575,0.577192453266607,128051,6,6,1.05817313732881,0.712220694663378,0.999973166766684
"R-HSA-9675151",0.00200140641501971,22,1.14933815904203,0.28551464216575,0.577192453266607,128051,6,6,1.05817313732881,0.712220694663378,0.999973166766684
"R-HSA-9697154",0.00200140641501971,22,1.14933815904203,0.28551464216575,0.577192453266607,128051,6,6,1.05817313732881,0.712220694663378,0.999973166766684
"R-HSA-5654712",0.00112542129335482,13,1.20778228947798,0.28565192910362,0.577192453266607,201223,9,9,1.05817313732881,0.601009505914728,0.999973166766684
"R-HSA-1236382",0.00151292176671814,17,1.17487830072547,0.285890610916169,0.577192453266607,182883,8,8,1.05817313732881,0.636007292512453,0.999973166766684
"R-HSA-5637815",0.00151292176671814,17,1.17487830072547,0.285890610916169,0.577192453266607,182883,8,8,1.05817313732881,0.636007292512453,0.999973166766684
"R-HSA-6807878",0.00629915089139573,65,1.07892629479,0.286126576772138,0.577192453266607,99244,38,39,1.03104049278192,0.359652672859144,0.999973166766684
"R-HSA-2979096",0.00338914988155398,36,1.11063705189319,0.286547287325122,0.577329263625493,187487,11,11,1.05817313732881,0.536674318931889,0.999973166766684
"R-HSA-1227986",0.00319296708336664,34,1.11338382639272,0.288328550445175,0.580203577525593,156622,20,20,1.05817313732881,0.322325365896719,0.999973166766684
"R-HSA-5675221",0.00319362453242223,34,1.11315462188301,0.288724523016603,0.580286633483001,68884,18,18,1.05817313732881,0.361009967672346,0.999973166766684
"R-HSA-913709",0.00722352426355187,74,1.0711320551432,0.2921293232347,0.586409291793827,113657,38,38,1.05817313732881,0.116072369283666,0.999973166766684
"R-HSA-2219530",0.00946292723669428,96,1.06073320688823,0.294546497781116,0.590536850943511,203557,48,48,1.05817313732881,0.0657476033966431,0.999973166766684
"R-HSA-5632681",0.00152436138028536,17,1.16606139292221,0.295991591924673,0.592707765469724,154073,6,6,1.05817313732881,0.712220694663378,0.999973166766684
"R-HSA-5693607",0.00531455518574777,55,1.08207210393752,0.296902791940519,0.592837673778595,71616,34,37,0.972375315383231,0.856467760323226,0.999973166766684
"R-HSA-354194",0.000752647678836662,9,1.25029131780866,0.297067052060559,0.592837673778595,102889,5,5,1.05817313732881,0.753678851770386,0.999973166766684
"R-HSA-936440",0.00221402543959674,24,1.13341529130724,0.29714357732179,0.592837673778595,126525,14,15,0.987628261506889,0.801926304852751,0.999973166766684
"R-HSA-203927",0.00231382620623493,25,1.12971710820922,0.297789358134259,0.593053987326386,71030,9,10,0.952355823595929,0.898692450303967,0.999973166766684
"R-HSA-9663891",0.00865952449076626,88,1.06254922749465,0.298143021505194,0.593053987326386,164177,42,44,1.01007435835932,0.56145655511341,0.999973166766684
"R-HSA-8849932",0.00310973403292926,33,1.1095608531995,0.298348689047268,0.593053987326386,130785,10,11,0.961975579389827,0.880526665934042,0.999973166766684
"R-HSA-5693532",0.0125337402855328,126,1.05111512724284,0.29870200828664,0.593053987326386,115663,63,68,0.980366288995809,0.830623737724133,0.999973166766684
"R-HSA-140837",0.00152804309499665,17,1.1632518482185,0.299265963665592,0.593453474614434,43303,11,11,1.05817313732881,0.536674318931889,0.999973166766684
"R-HSA-190373",0.000946989619668351,11,1.21452902796298,0.300739462189508,0.5935871135758,265348,5,5,1.05817313732881,0.753678851770386,0.999973166766684
"R-HSA-1839122",0.000946989619668351,11,1.21452902796298,0.300739462189508,0.5935871135758,265348,5,5,1.05817313732881,0.753678851770386,0.999973166766684
"R-HSA-1839130",0.000851133547363682,10,1.22846482021676,0.300875628231741,0.5935871135758,251634,6,6,1.05817313732881,0.712220694663378,0.999973166766684
"R-HSA-2033514",0.000851133547363682,10,1.22846482021676,0.300875628231741,0.5935871135758,251634,6,6,1.05817313732881,0.712220694663378,0.999973166766684
"R-HSA-975956",0.00663839460407892,68,1.0710414553062,0.301402272427091,0.5935871135758,92717,38,38,1.05817313732881,0.116072369283666,0.999973166766684
"R-HSA-9013973",0.000851659506608152,10,1.22770615736654,0.301510324805312,0.5935871135758,90326,7,9,0.823023551255741,0.989189181206406,0.999973166766684
"R-HSA-168249",0.0849512277992603,827,1.01787929891243,0.302177387462843,0.594185343616841,131309,405,433,0.98974623699346,0.845396167227855,0.999973166766684
"R-HSA-5365859",0.00301769116514699,32,1.10875507189725,0.303181727337577,0.594995602946717,227420,9,9,1.05817313732881,0.601009505914728,0.999973166766684
"R-HSA-5655302",0.00462239282002516,48,1.08576245519892,0.303316829375038,0.594995602946717,193195,22,22,1.05817313732881,0.287778085438949,0.999973166766684
"R-HSA-163210",0.000662840137843399,8,1.26194846756803,0.303887122250079,0.595070922448546,33470,7,7,1.05817313732881,0.67303840121885,0.999973166766684
"R-HSA-156842",0.00664759889085715,68,1.0695584878667,0.30531710230556,0.595070922448546,93598,38,38,1.05817313732881,0.116072369283666,0.999973166766684
"R-HSA-156902",0.00664759889085715,68,1.0695584878667,0.30531710230556,0.595070922448546,93598,38,38,1.05817313732881,0.116072369283666,0.999973166766684
"R-HSA-2243919",0.00183046966056694,20,1.14242551271648,0.305914653958998,0.595070922448546,165833,9,10,0.952355823595929,0.898692450303967,0.999973166766684
"R-HSA-9865881",0.00134001266509861,15,1.17042284092774,0.30613373714244,0.595070922448546,231433,9,10,0.952355823595929,0.898692450303967,0.999973166766684
"R-HSA-201556",0.00262414216047227,28,1.11565805419335,0.306550348311506,0.595070922448546,205055,17,17,1.05817313732881,0.382056003309754,0.999973166766684
"R-HSA-5626467",0.00402582354698499,42,1.09082476014322,0.307009055467694,0.595070922448546,86265,17,19,0.946786491294199,0.916856704703266,0.999973166766684
"R-HSA-4641257",0.00232684369753557,25,1.12339692321189,0.307201284694844,0.595070922448546,183585,13,14,0.982589341805324,0.822223788643368,0.999973166766684
"R-HSA-1660662",0.00322439314822373,34,1.10253239769572,0.307473201969754,0.595070922448546,41010,26,26,1.05817313732881,0.229376010478571,0.999973166766684
"R-HSA-6802946",0.0031265647287523,33,1.10358794592346,0.30883739310849,0.595070922448546,79066,18,19,1.0024798143115,0.719012950844803,0.999973166766684
"R-HSA-6802949",0.0031265647287523,33,1.10358794592346,0.30883739310849,0.595070922448546,79066,18,19,1.0024798143115,0.719012950844803,0.999973166766684
"R-HSA-6802955",0.0031265647287523,33,1.10358794592346,0.30883739310849,0.595070922448546,79066,18,19,1.0024798143115,0.719012950844803,0.999973166766684
"R-HSA-9649948",0.0031265647287523,33,1.10358794592346,0.30883739310849,0.595070922448546,79066,18,19,1.0024798143115,0.719012950844803,0.999973166766684
"R-HSA-71064",0.00105086657045119,12,1.19397188907854,0.308923336227158,0.595070922448546,206178,6,6,1.05817313732881,0.712220694663378,0.999973166766684
"R-HSA-2730905",0.00144099684003686,16,1.16096034766137,0.309139661354869,0.595070922448546,195686,9,9,1.05817313732881,0.601009505914728,0.999973166766684
"R-HSA-450341",0.000954353049090932,11,1.20515817847746,0.309174990269721,0.595070922448546,84789,6,6,1.05817313732881,0.712220694663378,0.999973166766684
"R-HSA-3000171",0.00635358767319838,65,1.06968218290997,0.309662320043609,0.595308525959277,141675,29,30,1.02290069941785,0.503004108540448,0.999973166766684
"R-HSA-6782210",0.00373154934970399,39,1.09278783068205,0.311007833028928,0.596997830268009,107339,24,25,1.01584621183566,0.59688448482871,0.999973166766684
"R-HSA-397014",0.018523495651369,184,1.03861671547085,0.311984525023487,0.596997830268009,138566,92,97,1.00362813025001,0.555912961396955,0.999973166766684
"R-HSA-8854050",0.00134619268622113,15,1.16504973353141,0.312093561289092,0.596997830268009,133780,11,12,0.969992042551409,0.861639520016197,0.999973166766684
"R-HSA-2173782",0.00333274075258456,35,1.0980622084124,0.312504892420707,0.596997830268009,106079,21,23,0.966158081908914,0.870309920251054,0.999973166766684
"R-HSA-416476",0.0223319665405767,221,1.03472689542926,0.313076051724096,0.596997830268009,161029,95,98,1.02578008210446,0.205124639923264,0.999973166766684
"R-HSA-3214842",0.00333405565069574,35,1.09762915027689,0.313307076171999,0.596997830268009,118613,18,19,1.0024798143115,0.719012950844803,0.999973166766684
"R-HSA-112409",0.00253433461947901,27,1.11393600235604,0.313323019326507,0.596997830268009,73408,14,14,1.05817313732881,0.452827157233172,0.999973166766684
"R-HSA-9615933",0.00154421634176411,17,1.15106860764196,0.313776257420113,0.596997830268009,43886,9,11,0.865778021450845,0.98043847996863,0.999973166766684
"R-HSA-9013405",0.00666745385233589,68,1.06637345756185,0.313825265299809,0.596997830268009,187293,35,35,1.05817313732881,0.137633595868675,0.999973166766684
"R-HSA-9010553",0.0101322103752824,102,1.05258313156343,0.314839193687623,0.598231034695646,113041,61,62,1.04110582866222,0.137338663765169,0.999973166766684
"R-HSA-8956319",0.00115448054161179,13,1.17738139130319,0.315787016542985,0.599050123044309,141248,10,14,0.755837955234864,0.999349909991027,0.999973166766684
"R-HSA-8951430",0.00174408085466273,19,1.13906214448129,0.316177286049676,0.599050123044309,151963,6,6,1.05817313732881,0.712220694663378,0.999973166766684
"R-HSA-9683673",0.000962242437757983,11,1.19527713301303,0.318276300638951,0.599050123044309,116412,7,7,1.05817313732881,0.67303840121885,0.999973166766684
"R-HSA-9694719",0.000962242437757983,11,1.19527713301303,0.318276300638951,0.599050123044309,116412,7,7,1.05817313732881,0.67303840121885,0.999973166766684
"R-HSA-5663213",0.00515808231051792,53,1.0743555557432,0.318860416536737,0.599050123044309,54609,20,22,0.961975579389827,0.882693249160329,0.999973166766684
"R-HSA-198203",0.00106020234704053,12,1.18345818399054,0.319174706165976,0.599050123044309,283860,5,5,1.05817313732881,0.753678851770386,0.999973166766684
"R-HSA-1643713",0.00174868299805185,19,1.13606438712684,0.320102180240948,0.599050123044309,167041,9,9,1.05817313732881,0.601009505914728,0.999973166766684
"R-HSA-212300",0.00264452308119548,28,1.10705985419335,0.320570188894328,0.599050123044309,66387,19,20,1.00526448046237,0.698236308995411,0.999973166766684
"R-HSA-5654727",0.00354720063451723,37,1.09062739706688,0.320751994771946,0.599050123044309,174446,19,19,1.05817313732881,0.341120913051654,0.999973166766684
"R-HSA-264870",0.00135565995262159,15,1.15691359572208,0.321282953367053,0.599050123044309,23980,9,9,1.05817313732881,0.601009505914728,0.999973166766684
"R-HSA-190322",0.000869147651486782,10,1.20300344648458,0.322792865734326,0.599050123044309,240333,6,6,1.05817313732881,0.712220694663378,0.999973166766684
"R-HSA-5684264",0.000869279141297899,10,1.20282147651839,0.322954103494664,0.599050123044309,121617,6,6,1.05817313732881,0.712220694663378,0.999973166766684
"R-HSA-373755",0.0088279629388078,89,1.05411971987907,0.32306553686082,0.599050123044309,163261,34,37,0.972375315383231,0.856467760323226,0.999973166766684
"R-HSA-1266738",0.143650777788531,1390,1.01173611066464,0.323389007617087,0.599050123044309,162194,592,616,1.01694561249782,0.0381147476177071,0.999973166766684
"R-HSA-6811440",0.00365226099360013,38,1.08788308499423,0.323392532209205,0.599050123044309,186950,21,21,1.05817313732881,0.30456332776173,0.999973166766684
"R-HSA-381119",0.0045611185680444,47,1.07742470225831,0.323883803202326,0.599050123044309,60374,31,33,0.994041432036155,0.728460499697205,0.999973166766684
"R-HSA-73614",0.000486906770568162,6,1.28844495510609,0.324044356499844,0.599050123044309,6405,5,6,0.881810947774008,0.960969637305427,0.999973166766684
"R-HSA-9671793",0.00106467300061853,12,1.17848874120238,0.324111984179939,0.599050123044309,80642,8,8,1.05817313732881,0.636007292512453,0.999973166766684
"R-HSA-4641258",0.0014570385969932,16,1.14817836386796,0.324160379488066,0.599050123044309,123953,12,13,0.976775203688132,0.842164792150978,0.999973166766684
"R-HSA-5654743",0.00325134855950282,34,1.09339181689224,0.324222686151151,0.599050123044309,168587,19,19,1.05817313732881,0.341120913051654,0.999973166766684
"R-HSA-9820841",0.00375508602589403,39,1.08593829564136,0.324632821362076,0.599050123044309,90726,14,14,1.05817313732881,0.452827157233172,0.999973166766684
"R-HSA-190375",0.0015561819145758,17,1.14221797449491,0.324634363151491,0.599050123044309,297880,6,6,1.05817313732881,0.712220694663378,0.999973166766684
"R-HSA-170660",0.0012611187784281,14,1.1607333848158,0.324893398451187,0.599050123044309,173366,7,7,1.05817313732881,0.67303840121885,0.999973166766684
"R-HSA-167169",0.00325463580478076,34,1.09228746995372,0.32628431457631,0.599050123044309,117463,14,15,0.987628261506889,0.801926304852751,0.999973166766684
"R-HSA-167200",0.00325463580478076,34,1.09228746995372,0.32628431457631,0.599050123044309,117463,14,15,0.987628261506889,0.801926304852751,0.999973166766684
"R-HSA-167246",0.00325463580478076,34,1.09228746995372,0.32628431457631,0.599050123044309,117463,14,15,0.987628261506889,0.801926304852751,0.999973166766684
"R-HSA-165159",0.00215485502459385,23,1.11601546234471,0.327402278453729,0.599050123044309,97288,17,18,0.999385740810543,0.739838609145694,0.999973166766684
"R-HSA-9656223",0.00305569172055996,32,1.09496660355617,0.327555786026976,0.599050123044309,79771,17,18,0.999385740810543,0.739838609145694,0.999973166766684
"R-HSA-111933",0.00376100306739431,39,1.08422983067951,0.328087181581771,0.599050123044309,137645,23,24,1.01408258994011,0.616675385991643,0.999973166766684
"R-HSA-111997",0.00376100306739431,39,1.08422983067951,0.328087181581771,0.599050123044309,137645,23,24,1.01408258994011,0.616675385991643,0.999973166766684
"R-HSA-69002",0.00731241137586731,74,1.05811174892733,0.328594722365476,0.599050123044309,104572,45,46,1.03516937347384,0.271918786122203,0.999973166766684
"R-HSA-5368287",0.0042668443707634,44,1.07821732627296,0.328699860039268,0.599050123044309,59393,24,26,0.976775203688132,0.83068910497435,0.999973166766684
"R-HSA-69541",0.00156078405796492,17,1.13885001922049,0.328836085161302,0.599050123044309,128355,11,12,0.969992042551409,0.861639520016197,0.999973166766684
"R-HSA-9027283",0.000972104173591797,11,1.18315136742721,0.329736373890591,0.599050123044309,135627,5,5,1.05817313732881,0.753678851770386,0.999973166766684
"R-HSA-2142753",0.00245767605959749,26,1.106137565207,0.329869510700511,0.599050123044309,45678,19,21,0.957394743297495,0.894603022785005,0.999973166766684
"R-HSA-5654710",0.00176012261161907,19,1.12868073243686,0.329914743025261,0.599050123044309,243305,11,11,1.05817313732881,0.536674318931889,0.999973166766684
"R-HSA-162587",0.0162288669575572,161,1.03728502611617,0.330513876834629,0.599050123044309,131800,56,58,1.0216844084554,0.374403746410502,0.999973166766684
"R-HSA-2197563",0.00255879172434686,27,1.10328892648563,0.330617214597761,0.599050123044309,160799,7,7,1.05817313732881,0.67303840121885,0.999973166766684
"R-HSA-1433557",0.00447288890478455,46,1.07530125507276,0.330757558440307,0.599050123044309,202555,23,24,1.01408258994011,0.616675385991643,0.999973166766684
"R-HSA-9022692",0.006503091588439,66,1.06116886095672,0.330861947415051,0.599050123044309,133938,19,19,1.05817313732881,0.341120913051654,0.999973166766684
"R-HSA-6782135",0.00386698385515503,40,1.08155364429434,0.331049119671115,0.599050123044309,108154,25,26,1.01747417050847,0.57740076648324,0.999973166766684
"R-HSA-9648895",0.00146453351622689,16,1.14230242862461,0.331240702221096,0.599050123044309,163274,6,6,1.05817313732881,0.712220694663378,0.999973166766684
"R-HSA-211733",0.00146466500603801,16,1.14219987880608,0.331365249034359,0.599050123044309,120514,10,11,0.961975579389827,0.880526665934042,0.999973166766684
"R-HSA-5673000",0.00215998312722744,23,1.11336588524411,0.33138163897011,0.599050123044309,96573,14,15,0.987628261506889,0.801926304852751,0.999973166766684
"R-HSA-446219",0.00508549993478105,52,1.06912903254132,0.333203302674733,0.601678369951283,126661,32,32,1.05817313732881,0.163189734746922,0.999973166766684
"R-HSA-5654726",0.0030650274971493,32,1.09163144144324,0.333631647208587,0.601787623851431,149657,18,18,1.05817313732881,0.361009967672346,0.999973166766684
"R-HSA-211976",0.0029666731184334,31,1.09257794618897,0.335084880321301,0.603743242517233,120995,17,18,0.999385740810543,0.739838609145694,0.999973166766684
"R-HSA-8949215",0.00107519218550793,12,1.1669589504116,0.335794631652962,0.603811118571844,83501,7,7,1.05817313732881,0.67303840121885,0.999973166766684
"R-HSA-8949664",0.000685982344600082,8,1.21937554629298,0.33612150208808,0.603811118571844,78164,5,5,1.05817313732881,0.753678851770386,0.999973166766684
"R-HSA-9818027",0.000880061305809535,10,1.18808498151249,0.336229785463906,0.603811118571844,128708,5,5,1.05817313732881,0.753678851770386,0.999973166766684
"R-HSA-211979",0.000399860515608367,5,1.30744044414059,0.336868746927729,0.60415180590463,38587,5,5,1.05817313732881,0.753678851770386,0.999973166766684
"R-HSA-69205",0.00156985685493203,17,1.13226817389624,0.337158067720615,0.60415180590463,53964,11,13,0.895377270047455,0.968750523274901,0.999973166766684
"R-HSA-9034015",0.00166978911138134,18,1.12712300230518,0.337764542456132,0.60456206198057,279027,8,8,1.05817313732881,0.636007292512453,0.999973166766684
"R-HSA-1592389",0.0026701635943634,28,1.09642920113934,0.338470513973514,0.60456206198057,62426,17,19,0.946786491294199,0.916856704703266,0.999973166766684
"R-HSA-9842640",0.000784599702938219,9,1.19937447681193,0.338543363180878,0.60456206198057,231472,5,5,1.05817313732881,0.753678851770386,0.999973166766684
"R-HSA-6788467",0.00127505669840655,14,1.14804515765374,0.339113560672837,0.60456206198057,66673,10,10,1.05817313732881,0.567933623204812,0.999973166766684
"R-HSA-5339717",0.000785125662182689,9,1.19857101040642,0.339234702260491,0.60456206198057,171777,5,5,1.05817313732881,0.753678851770386,0.999973166766684
"R-HSA-211981",0.00117762274836847,13,1.1542439276063,0.340324476129003,0.605394486208714,45634,10,11,0.961975579389827,0.880526665934042,0.999973166766684
"R-HSA-9840310",0.00187228342050231,20,1.11691169060511,0.340726539129744,0.605394486208714,33053,16,16,1.05817313732881,0.404326169434948,0.999973166766684
"R-HSA-113418",0.00247358632674271,26,1.0990228168873,0.341486056051587,0.605394486208714,139670,9,10,0.952355823595929,0.898692450303967,0.999973166766684
"R-HSA-167158",0.00247358632674271,26,1.0990228168873,0.341486056051587,0.605394486208714,139670,9,10,0.952355823595929,0.898692450303967,0.999973166766684
"R-HSA-9761174",0.00117880615666853,13,1.153085177428,0.341589819907343,0.605394486208714,214382,6,6,1.05817313732881,0.712220694663378,0.999973166766684
"R-HSA-1483148",0.000884926428820883,10,1.18155316214904,0.342252315522116,0.605394486208714,51558,6,6,1.05817313732881,0.712220694663378,0.999973166766684
"R-HSA-9675126",0.00328053929757091,34,1.0836626500579,0.342662160286839,0.605394486208714,118765,16,17,0.99592765866241,0.760648827438052,0.999973166766684
"R-HSA-9687139",0.00328053929757091,34,1.0836626500579,0.342662160286839,0.605394486208714,118765,16,17,0.99592765866241,0.760648827438052,0.999973166766684
"R-HSA-8874081",0.00297969060973403,31,1.08780475803872,0.343764446365307,0.60620915583649,160356,13,14,0.982589341805324,0.822223788643368,0.999973166766684
"R-HSA-373760",0.0154542604802639,153,1.03515083171668,0.344370698310084,0.60620915583649,142967,62,64,1.02510522678728,0.308538509146134,0.999973166766684
"R-HSA-5654720",0.00177813671574217,19,1.11724619421725,0.345515856424745,0.60620915583649,237357,11,11,1.05817313732881,0.536674318931889,0.999973166766684
"R-HSA-3371511",0.000985779113948018,11,1.16673843662657,0.345761303980904,0.60620915583649,112491,6,7,0.907005546281837,0.947314455330543,0.999973166766684
"R-HSA-9018519",0.0129907988689772,129,1.03827951130392,0.345763936227802,0.60620915583649,161377,57,58,1.03992877289211,0.163689293712371,0.999973166766684
"R-HSA-9830364",0.00157985008057696,17,1.12510609472719,0.346379355829777,0.60620915583649,186442,9,9,1.05817313732881,0.601009505914728,0.999973166766684
"R-HSA-5654687",0.00389354479700077,40,1.07417551332452,0.346518943928225,0.60620915583649,161273,17,17,1.05817313732881,0.382056003309754,0.999973166766684
"R-HSA-5389840",0.00409669655517733,42,1.07195344977869,0.34679365979948,0.60620915583649,59462,22,24,0.969992042551409,0.857490034046647,0.999973166766684
"R-HSA-167172",0.00745836506620775,75,1.05142441838216,0.347082228255124,0.60620915583649,176441,25,26,1.01747417050847,0.57740076648324,0.999973166766684
"R-HSA-73893",0.00278324483192446,29,1.08944928736538,0.347210886617592,0.60620915583649,89391,20,21,1.00778394031315,0.677566128596507,0.999973166766684
"R-HSA-111996",0.00409919486158856,42,1.07130013412365,0.348222133718852,0.60620915583649,130972,24,25,1.01584621183566,0.59688448482871,0.999973166766684
"R-HSA-164378",0.00138314132314515,15,1.13392710066495,0.348315135604673,0.60620915583649,168494,8,9,0.940598344292276,0.915989585294261,0.999973166766684
"R-HSA-5607761",0.00158300583604378,17,1.12286317203648,0.349302465115429,0.60620915583649,139088,12,13,0.976775203688132,0.842164792150978,0.999973166766684
"R-HSA-5676590",0.00158300583604378,17,1.12286317203648,0.349302465115429,0.60620915583649,139088,12,13,0.976775203688132,0.842164792150978,0.999973166766684
"R-HSA-9612973",0.0158833117339404,157,1.03352033334021,0.349426141335991,0.60620915583649,141138,69,73,1.00019104761216,0.626277875379919,0.999973166766684
"R-HSA-5696400",0.00288725327251842,30,1.08641763110435,0.349427515182779,0.60620915583649,104663,19,19,1.05817313732881,0.341120913051654,0.999973166766684
"R-HSA-3232118",0.00198273486184103,21,1.10742694082183,0.349526130681906,0.60620915583649,157237,8,9,0.940598344292276,0.915989585294261,0.999973166766684
"R-HSA-5357905",0.00258574713562595,27,1.09178756722147,0.349972488489745,0.60620915583649,112989,18,19,1.0024798143115,0.719012950844803,0.999973166766684
"R-HSA-1638091",0.00532283904384817,54,1.0607446708041,0.350370364168223,0.60620915583649,244931,34,34,1.05817313732881,0.14567452393015,0.999973166766684
"R-HSA-5205647",0.0040033387892839,41,1.07083348890424,0.351433868743443,0.60620915583649,264537,14,14,1.05817313732881,0.452827157233172,0.999973166766684
"R-HSA-5693537",0.00228726526438919,24,1.09712254527343,0.352403239463175,0.60620915583649,93913,13,15,0.917083385684969,0.954157433282381,0.999973166766684
"R-HSA-5693568",0.00228726526438919,24,1.09712254527343,0.352403239463175,0.60620915583649,93913,13,15,0.917083385684969,0.954157433282381,0.999973166766684
"R-HSA-438064",0.0104439727174421,104,1.04118533672176,0.352830478542691,0.60620915583649,113477,46,48,1.01408258994011,0.503813034725663,0.999973166766684
"R-HSA-5250913",0.00512547283736078,52,1.06079103290323,0.353576753598458,0.60620915583649,65275,29,31,0.989903902662435,0.758605688774167,0.999973166766684
"R-HSA-622323",0.00079617080631656,9,1.18194343569558,0.35380179002789,0.60620915583649,102432,5,5,1.05817313732881,0.753678851770386,0.999973166766684
"R-HSA-205025",0.00040919629219771,5,1.27761130804355,0.354276114769278,0.60620915583649,69742,4,5,0.846538509863048,0.973008398200109,0.999973166766684
"R-HSA-9711123",0.0131207108023613,130,1.03596819317954,0.354461112010544,0.60620915583649,133034,63,71,0.938942361291761,0.984797594272885,0.999973166766684
"R-HSA-445355",0.00553519508880296,56,1.0578291423193,0.354639621787783,0.60620915583649,116528,25,27,0.97978994197112,0.816781777193931,0.999973166766684
"R-HSA-9032500",0.00138958432388991,15,1.128669490149,0.354718829091367,0.60620915583649,180551,6,6,1.05817313732881,0.712220694663378,0.999973166766684
"R-HSA-5576891",0.0126077690491919,125,1.03665011645101,0.354903006877747,0.60620915583649,153325,61,63,1.02458033931837,0.318878729730673,0.999973166766684
"R-HSA-174113",0.00138984730351215,15,1.12845592922371,0.354980667048507,0.60620915583649,142487,10,11,0.961975579389827,0.880526665934042,0.999973166766684
"R-HSA-180534",0.00138984730351215,15,1.12845592922371,0.354980667048507,0.60620915583649,142487,10,11,0.961975579389827,0.880526665934042,0.999973166766684
"R-HSA-451927",0.00229252485683389,24,1.09460548752689,0.356465034867617,0.608109277417541,191546,14,14,1.05817313732881,0.452827157233172,0.999973166766684
"R-HSA-400685",0.00259547738164865,27,1.08769453920717,0.35702564561817,0.608431204407631,56571,13,13,1.05817313732881,0.479212630905329,0.999973166766684
"R-HSA-110314",0.00219614282528475,23,1.09503421128638,0.359776816960455,0.611163744909884,68438,17,17,1.05817313732881,0.382056003309754,0.999973166766684
"R-HSA-437239",0.00646509103302603,65,1.05123338509213,0.359846227903435,0.611163744909884,99715,26,27,1.01898153964997,0.558250285626385,0.999973166766684
"R-HSA-5578775",0.00432299052011058,44,1.06421365202292,0.359940467101065,0.611163744909884,153481,25,26,1.01747417050847,0.57740076648324,0.999973166766684
"R-HSA-8853659",0.00534216804608245,54,1.05690669043075,0.360123380252523,0.611163744909884,188191,22,22,1.05817313732881,0.287778085438949,0.999973166766684
"R-HSA-9706574",0.00422226932479456,43,1.06483656564514,0.360508354191831,0.61118307508584,127607,20,20,1.05817313732881,0.322325365896719,0.999973166766684
"R-HSA-9027276",0.00199772470030842,21,1.09911741200898,0.36196938973045,0.612586353054945,183183,7,7,1.05817313732881,0.67303840121885,0.999973166766684
"R-HSA-9831926",0.00473415915947505,48,1.06012924536337,0.362084965405948,0.612586353054945,334864,9,9,1.05817313732881,0.601009505914728,0.999973166766684
"R-HSA-381426",0.00862665203798688,86,1.04235727771217,0.364222076243522,0.615021690678098,90624,51,54,0.999385740810543,0.654580880871858,0.999973166766684
"R-HSA-9755088",0.000706100285701062,8,1.18463356145446,0.364545120471158,0.615021690678098,95405,5,5,1.05817313732881,0.753678851770386,0.999973166766684
"R-HSA-9027277",0.00120023899588069,13,1.13249437068821,0.364652224913053,0.615021690678098,175104,5,5,1.05817313732881,0.753678851770386,0.999973166766684
"R-HSA-8963743",0.00170055772718284,18,1.10672968423981,0.365447772351585,0.615530141276732,38397,8,9,0.940598344292276,0.915989585294261,0.999973166766684
"R-HSA-73864",0.00586484004527457,59,1.05185596057333,0.366082412874242,0.615530141276732,93664,30,31,1.02403851999562,0.485376413351916,0.999973166766684
"R-HSA-73854",0.00586484004527457,59,1.05185596057333,0.366082412874242,0.615530141276732,93664,30,31,1.02403851999562,0.485376413351916,0.999973166766684
"R-HSA-9609523",0.00220521562225186,23,1.09052897244679,0.366981883707303,0.61636702964544,75602,10,10,1.05817313732881,0.567933623204812,0.999973166766684
"R-HSA-8963684",0.000513073242980548,6,1.22273492279801,0.367727137674484,0.61636702964544,30286,5,5,1.05817313732881,0.753678851770386,0.999973166766684
"R-HSA-5576890",0.000513204732791665,6,1.22242164200816,0.367947664928387,0.61636702964544,38637,4,5,0.846538509863048,0.973008398200109,0.999973166766684
"R-HSA-1266695",0.00352326948889384,36,1.06835864946994,0.368087156456965,0.61636702964544,203007,19,19,1.05817313732881,0.341120913051654,0.999973166766684
"R-HSA-3296469",0.0010066859939157,11,1.14250758351481,0.370498324984794,0.618347334814757,80345,5,5,1.05817313732881,0.753678851770386,0.999973166766684
"R-HSA-9665686",0.00100681748372682,11,1.14235837265109,0.370654624970165,0.618347334814757,138652,8,8,1.05817313732881,0.636007292512453,0.999973166766684
"R-HSA-212676",0.00160641102242269,17,1.10650321094763,0.371127426887103,0.618347334814757,296719,10,10,1.05817313732881,0.567933623204812,0.999973166766684
"R-HSA-190371",0.000809319787428312,9,1.16274045542433,0.371243914645471,0.618347334814757,272607,5,5,1.05817313732881,0.753678851770386,0.999973166766684
"R-HSA-351202",0.00251408518856691,26,1.08131889284958,0.371485800112051,0.618347334814757,90772,15,16,0.99203731624576,0.781371519784154,0.999973166766684
"R-HSA-9830674",0.00302084692061382,31,1.07298440071017,0.371561676054912,0.618347334814757,189115,11,12,0.969992042551409,0.861639520016197,0.999973166766684
"R-HSA-382556",0.00322478761765708,33,1.06997407454304,0.372155096544011,0.618347334814757,139974,21,22,1.01007435835932,0.657053416540125,0.999973166766684
"R-HSA-74749",0.00201008474255347,21,1.09235892200251,0.372293474812063,0.618347334814757,193592,6,6,1.05817313732881,0.712220694663378,0.999973166766684
"R-HSA-1236978",0.00101023621881588,11,1.13849252367426,0.374721014349542,0.621748052206744,165043,9,10,0.952355823595929,0.898692450303967,0.999973166766684
"R-HSA-1839126",0.00241836060607336,25,1.0808847299455,0.375625043519731,0.622542571018361,208773,13,14,0.982589341805324,0.822223788643368,0.999973166766684
"R-HSA-197264",0.00121102116039232,13,1.12241135891878,0.376341444215867,0.622542571018361,127878,7,8,0.925901495162709,0.932256162163627,0.999973166766684
"R-HSA-204174",0.00121102116039232,13,1.12241135891878,0.376341444215867,0.622542571018361,121921,10,10,1.05817313732881,0.567933623204812,0.999973166766684
"R-HSA-75892",0.00161285402316745,17,1.10208297147784,0.377174354259245,0.623290145018307,107288,10,10,1.05817313732881,0.567933623204812,0.999973166766684
"R-HSA-8940973",0.00323359743500196,33,1.06705896950911,0.377973471303584,0.62339866507871,198362,16,19,0.891093168276893,0.981924542169747,0.999973166766684
"R-HSA-442755",0.0108222689040272,107,1.03377467662371,0.378002124546504,0.62339866507871,116752,50,54,0.97978994197112,0.82604837090222,0.999973166766684
"R-HSA-5633008",0.0036430567068219,37,1.06193081970235,0.379369083758774,0.625022981902672,94941,18,19,1.0024798143115,0.719012950844803,0.999973166766684
"R-HSA-5357801",0.0219895670724267,215,1.02230906871304,0.381167320341496,0.627353859234092,158457,86,88,1.03412374784406,0.130308073254089,0.999973166766684
"R-HSA-430116",0.00141746016384682,15,1.10647302151156,0.382644948878534,0.628880689429935,178929,7,7,1.05817313732881,0.67303840121885,0.999973166766684
"R-HSA-210500",0.00161890255447886,17,1.09796537752983,0.382863793809422,0.628880689429935,170533,11,12,0.969992042551409,0.861639520016197,0.999973166766684
"R-HSA-3238698",0.00263150558989485,27,1.07280280364814,0.383394917038835,0.629121448621398,118817,17,19,0.946786491294199,0.916856704703266,0.999973166766684
"R-HSA-6804758",0.00395863225350394,40,1.05651402129317,0.385169511713559,0.631400121406194,236891,12,12,1.05817313732881,0.507132027924225,0.999973166766684
"R-HSA-74752",0.00837116733498555,83,1.03669857508927,0.385678161684627,0.63149102271531,172694,42,43,1.03356445971651,0.30706648234301,0.999973166766684
"R-HSA-9613354",0.000622341276019204,7,1.17606104941562,0.385996957649945,0.63149102271531,49458,6,6,1.05817313732881,0.712220694663378,0.999973166766684
"R-HSA-193048",0.00102049242408304,11,1.12705038775794,0.386946388090052,0.631882816384824,92575,6,6,1.05817313732881,0.712220694663378,0.999973166766684
"R-HSA-73621",0.000524907325981124,6,1.19516825369685,0.387587062903523,0.631882816384824,156132,5,5,1.05817313732881,0.753678851770386,0.999973166766684
"R-HSA-168638",0.00294274197281001,30,1.06593200821221,0.387802311665611,0.631882816384824,101949,18,19,1.0024798143115,0.719012950844803,0.999973166766684
"R-HSA-9645723",0.0065263652850068,65,1.04136364343414,0.388304045923948,0.631882816384824,99083,36,39,0.976775203688132,0.835436676858679,0.999973166766684
"R-HSA-6807070",0.0120894362137667,119,1.02920371644113,0.388499268510419,0.631882816384824,132468,46,48,1.01408258994011,0.503813034725663,0.999973166766684
"R-HSA-438066",0.00345357988900156,35,1.05964152805714,0.38855385897502,0.631882816384824,154059,14,15,0.987628261506889,0.801926304852751,0.999973166766684
"R-HSA-8983432",0.000923452943478316,10,1.13225869019836,0.390445619631597,0.634328732589169,211508,7,7,1.05817313732881,0.67303840121885,0.999973166766684
"R-HSA-1483166",0.0040709245521983,41,1.05305543937915,0.39118582724823,0.634900806922723,150134,22,22,1.05817313732881,0.287778085438949,0.999973166766684
"R-HSA-5218921",0.00315444056870921,32,1.0606889912481,0.39317988447402,0.63750474826511,157637,14,14,1.05817313732881,0.452827157233172,0.999973166766684
"R-HSA-9735869",0.00234157055638073,24,1.07167827240742,0.394763046580567,0.637643055552031,126944,14,14,1.05817313732881,0.452827157233172,0.999973166766684
"R-HSA-8964038",0.000727533124913217,8,1.14973472347921,0.395044926325675,0.637643055552031,38144,4,6,0.705448758219207,0.997085919989471,0.999973166766684
"R-HSA-8964539",0.00052937797955912,6,1.18507493014353,0.395090169715041,0.637643055552031,52789,5,5,1.05817313732881,0.753678851770386,0.999973166766684
"R-HSA-4419969",0.00132923050058697,14,1.1012557022226,0.395389169365865,0.637643055552031,262549,6,6,1.05817313732881,0.712220694663378,0.999973166766684
"R-HSA-9694614",0.00183480882433382,19,1.08273758667048,0.395501663690038,0.637643055552031,268989,10,10,1.05817313732881,0.567933623204812,0.999973166766684
"R-HSA-156581",0.000827596871173646,9,1.13706188483266,0.395603729453124,0.637643055552031,184934,6,6,1.05817313732881,0.712220694663378,0.999973166766684
"R-HSA-5083632",0.00183572925301164,19,1.08219470556549,0.396321676578331,0.638171518584793,53367,11,11,1.05817313732881,0.536674318931889,0.999973166766684
"R-HSA-8978934",0.00224269021842036,23,1.07230660160091,0.397000701822375,0.638636330561854,99142,14,14,1.05817313732881,0.452827157233172,0.999973166766684
"R-HSA-1489509",0.00490378101581665,49,1.0447814294039,0.398583449625368,0.640552577197545,153201,26,27,1.01898153964997,0.558250285626385,0.999973166766684
"R-HSA-556833",0.0597796072977897,578,1.01096288821314,0.399477239159314,0.641358943341155,99424,342,355,1.01942313511677,0.0703505615404615,0.999973166766684
"R-HSA-525793",0.00572874809076794,57,1.04034063654975,0.400216363665026,0.641915657799982,204716,20,20,1.05817313732881,0.322325365896719,0.999973166766684
"R-HSA-5620920",0.00255471554020222,26,1.06412153128231,0.402052937049157,0.644229779639982,187510,15,17,0.933682179996009,0.936791712379919,0.999973166766684
"R-HSA-936964",0.0012356097550713,13,1.10007540870937,0.403144766307202,0.644722368841479,78163,9,11,0.865778021450845,0.98043847996863,0.999973166766684
"R-HSA-9762114",0.00153935121875276,16,1.08678264713598,0.403472313706822,0.644722368841479,139651,11,13,0.895377270047455,0.968750523274901,0.999973166766684
"R-HSA-8852276",0.00316995636642108,32,1.0554972996533,0.403700518223715,0.644722368841479,112044,20,22,0.961975579389827,0.882693249160329,0.999973166766684
"R-HSA-5654708",0.00194591771472812,20,1.07464731147551,0.403936691969753,0.644722368841479,234522,12,12,1.05817313732881,0.507132027924225,0.999973166766684
"R-HSA-5620922",0.00113672941711093,12,1.10378523279534,0.405409784643549,0.645876559077017,198608,7,7,1.05817313732881,0.67303840121885,0.999973166766684
"R-HSA-9614399",0.00174434383428497,18,1.07894881699635,0.40544940475067,0.645876559077017,87366,8,8,1.05817313732881,0.636007292512453,0.999973166766684
"R-HSA-5576893",0.00133948670585414,14,1.09282358827607,0.40615608245447,0.646321378557492,174399,8,8,1.05817313732881,0.636007292512453,0.999973166766684
"R-HSA-5654227",0.00103692865047273,11,1.10918565297862,0.406595142597334,0.646321378557492,234909,7,7,1.05817313732881,0.67303840121885,0.999973166766684
"R-HSA-2173788",0.00430260959938736,43,1.04495345515039,0.406913826353433,0.646321378557492,143685,15,17,0.933682179996009,0.936791712379919,0.999973166766684
"R-HSA-1963642",0.00134080160396531,14,1.0917518773922,0.407537766964111,0.64668456523112,231555,7,7,1.05817313732881,0.67303840121885,0.999973166766684
"R-HSA-163125",0.00997823580646383,98,1.02691085650025,0.409519506029577,0.646935612007162,164073,49,51,1.01667615155121,0.462589841264674,0.999973166766684
"R-HSA-5658623",0.00114041113182222,12,1.10022176150302,0.409613304536243,0.646935612007162,120199,6,7,0.907005546281837,0.947314455330543,0.999973166766684
"R-HSA-5654700",0.00225978389386563,23,1.06419535650559,0.410797417036635,0.646935612007162,230433,12,12,1.05817313732881,0.507132027924225,0.999973166766684
"R-HSA-5654699",0.00205584319682236,21,1.06804546470435,0.41088650654164,0.646935612007162,246171,10,10,1.05817313732881,0.567933623204812,0.999973166766684
"R-HSA-211999",0.000738709758858206,8,1.13233930669463,0.41097694710615,0.646935612007162,28544,6,6,1.05817313732881,0.712220694663378,0.999973166766684
"R-HSA-3656237",0.00114172602993339,12,1.09895466284875,0.41111489709399,0.646935612007162,189573,9,9,1.05817313732881,0.601009505914728,0.999973166766684
"R-HSA-3656253",0.00114172602993339,12,1.09895466284875,0.41111489709399,0.646935612007162,189573,9,9,1.05817313732881,0.601009505914728,0.999973166766684
"R-HSA-447041",0.00154829252590875,16,1.08050653503362,0.412222258252553,0.646935612007162,242106,8,8,1.05817313732881,0.636007292512453,0.999973166766684
"R-HSA-8939902",0.00297955911992292,30,1.05276073891391,0.413635494298607,0.646935612007162,196589,19,21,0.957394743297495,0.894603022785005,0.999973166766684
"R-HSA-190872",0.00185545272467927,19,1.07069097047692,0.413931422368943,0.646935612007162,93804,11,12,0.969992042551409,0.861639520016197,0.999973166766684
"R-HSA-203615",0.00104389761046196,11,1.10178083630046,0.414937005709095,0.646935612007162,92483,6,6,1.05817313732881,0.712220694663378,0.999973166766684
"R-HSA-6806667",0.00308448798919469,31,1.05084592130256,0.415329187174431,0.646935612007162,112559,21,23,0.966158081908914,0.870309920251054,0.999973166766684
"R-HSA-9020702",0.00617186875423397,61,1.0334122026014,0.41571125123947,0.646935612007162,118653,38,40,1.00526448046237,0.621422320349481,0.999973166766684
"R-HSA-210747",0.0014503326166262,15,1.0813943038889,0.41588147060747,0.646935612007162,89104,6,6,1.05817313732881,0.712220694663378,0.999973166766684
"R-HSA-199992",0.00720445824093983,71,1.03042752910091,0.416007237327355,0.646935612007162,138732,25,26,1.01747417050847,0.57740076648324,0.999973166766684
"R-HSA-442742",0.00555478707065947,55,1.03527495080949,0.416497301804615,0.646935612007162,88816,16,16,1.05817313732881,0.404326169434948,0.999973166766684
"R-HSA-167161",0.00421635228329427,42,1.04153251672503,0.416624793721331,0.646935612007162,222077,15,16,0.99203731624576,0.781371519784154,0.999973166766684
"R-HSA-167162",0.00421635228329427,42,1.04153251672503,0.416624793721331,0.646935612007162,222077,15,16,0.99203731624576,0.781371519784154,0.999973166766684
"R-HSA-73776",0.00421635228329427,42,1.04153251672503,0.416624793721331,0.646935612007162,222077,15,16,0.99203731624576,0.781371519784154,0.999973166766684
"R-HSA-73779",0.00421635228329427,42,1.04153251672503,0.416624793721331,0.646935612007162,222077,15,16,0.99203731624576,0.781371519784154,0.999973166766684
"R-HSA-75953",0.00421635228329427,42,1.04153251672503,0.416624793721331,0.646935612007162,222077,15,16,0.99203731624576,0.781371519784154,0.999973166766684
"R-HSA-76042",0.00421635228329427,42,1.04153251672503,0.416624793721331,0.646935612007162,222077,15,16,0.99203731624576,0.781371519784154,0.999973166766684
"R-HSA-9762292",0.000944359823446001,10,1.107191977341,0.416791036097524,0.646935612007162,126387,7,7,1.05817313732881,0.67303840121885,0.999973166766684
"R-HSA-9840309",0.00135210972772142,14,1.08262120915767,0.419428420701404,0.649402354022292,52945,10,10,1.05817313732881,0.567933623204812,0.999973166766684
"R-HSA-5654716",0.00196393181885122,20,1.06479014210807,0.419611651997576,0.649402354022292,228872,12,12,1.05817313732881,0.507132027924225,0.999973166766684
"R-HSA-8935690",0.000845742465107864,9,1.11266596752748,0.419834533365796,0.649402354022292,38617,4,5,0.846538509863048,0.973008398200109,0.999973166766684
"R-HSA-2022928",0.0037076182040806,37,1.04343920596778,0.419968026011971,0.649402354022292,254563,22,22,1.05817313732881,0.287778085438949,0.999973166766684
"R-HSA-111931",0.00237483747859346,24,1.0566661134506,0.421043738681357,0.649630439109313,168961,12,13,0.976775203688132,0.842164792150978,0.999973166766684
"R-HSA-163615",0.00237483747859346,24,1.0566661134506,0.421043738681357,0.649630439109313,168961,12,13,0.976775203688132,0.842164792150978,0.999973166766684
"R-HSA-9664565",0.00165953290611417,17,1.07108388623304,0.421306782331895,0.649630439109313,201121,10,10,1.05817313732881,0.567933623204812,0.999973166766684
"R-HSA-9619229",0.00166111078384758,17,1.07006647100033,0.422804604189598,0.650905365165297,86018,8,8,1.05817313732881,0.636007292512453,0.999973166766684
"R-HSA-5678895",0.00186689233824649,19,1.06413017920833,0.424169447015145,0.650905365165297,149810,13,14,0.982589341805324,0.822223788643368,0.999973166766684
"R-HSA-1227990",0.00176525071425265,18,1.06617020530901,0.424689631150705,0.650905365165297,192846,11,11,1.05817313732881,0.536674318931889,0.999973166766684
"R-HSA-9696264",0.00299573236669037,30,1.04707713399417,0.425041856216668,0.650905365165297,193387,18,19,1.0024798143115,0.719012950844803,0.999973166766684
"R-HSA-9694635",0.0051593972086291,51,1.03355036404612,0.425518689602364,0.650905365165297,109410,25,27,0.97978994197112,0.816781777193931,0.999973166766684
"R-HSA-8851680",0.000749754902992077,8,1.11565805419335,0.426706468524508,0.650905365165297,24117,6,6,1.05817313732881,0.712220694663378,0.999973166766684
"R-HSA-5654228",0.00105494275459583,11,1.09024530217991,0.42815856668375,0.650905365165297,224635,7,7,1.05817313732881,0.67303840121885,0.999973166766684
"R-HSA-187037",0.0134485149014773,131,1.01849147846601,0.42828997219872,0.650905365165297,152158,64,68,0.99592765866241,0.681578046366618,0.999973166766684
"R-HSA-181429",0.00156499173192068,16,1.06897701646958,0.428586964556108,0.650905365165297,299064,9,9,1.05817313732881,0.601009505914728,0.999973166766684
"R-HSA-176187",0.00269304282149785,27,1.0482887803042,0.429068866163798,0.650905365165297,81551,15,16,0.99203731624576,0.781371519784154,0.999973166766684
"R-HSA-2151209",0.00085284291490821,9,1.10340232857489,0.42930871448366,0.650905365165297,134079,6,6,1.05817313732881,0.712220694663378,0.999973166766684
"R-HSA-382551",0.0584050128123672,563,1.00790292108612,0.429789697392561,0.650905365165297,112833,283,310,0.966009670529204,0.993601235867282,0.999973166766684
"R-HSA-9031628",0.00475440859038715,47,1.03362210498192,0.429802194626792,0.650905365165297,135984,22,24,0.969992042551409,0.857490034046647,0.999973166766684
"R-HSA-9006115",0.00269527814828685,27,1.04741938283785,0.430736630535889,0.650905365165297,201803,14,15,0.987628261506889,0.801926304852751,0.999973166766684
"R-HSA-209543",0.000854026323208267,9,1.1018733646092,0.43088669225019,0.650905365165297,56517,6,6,1.05817313732881,0.712220694663378,0.999973166766684
"R-HSA-159418",0.00197734377958521,20,1.05756786557562,0.43130396740977,0.650905365165297,179962,10,10,1.05817313732881,0.567933623204812,0.999973166766684
"R-HSA-450520",0.000753173638081132,8,1.11059396386356,0.431568274077327,0.650905365165297,105617,5,5,1.05817313732881,0.753678851770386,0.999973166766684
"R-HSA-4641262",0.0029021116211747,29,1.04482683456404,0.431589852118095,0.650905365165297,84773,15,17,0.933682179996009,0.936791712379919,0.999973166766684
"R-HSA-447038",0.00208030030169022,21,1.05548896028395,0.431659019461289,0.650905365165297,119265,5,5,1.05817313732881,0.753678851770386,0.999973166766684
"R-HSA-5140745",0.00126177622748368,13,1.07726225673635,0.431773584747538,0.650905365165297,84866,7,7,1.05817313732881,0.67303840121885,0.999973166766684
"R-HSA-1660517",0.00156867344663197,16,1.06646810142673,0.432196715338454,0.650905365165297,118444,8,8,1.05817313732881,0.636007292512453,0.999973166766684
"R-HSA-9651496",0.000957245824935517,10,1.09228746995372,0.433027675631601,0.650905365165297,62915,6,6,1.05817313732881,0.712220694663378,0.999973166766684
"R-HSA-5610785",0.00187767450275813,19,1.05801962775909,0.433827663220507,0.650905365165297,178126,12,14,0.907005546281837,0.961810813196636,0.999973166766684
"R-HSA-9635486",0.00476177201980973,47,1.0320237497083,0.433935737017004,0.650905365165297,99457,14,15,0.987628261506889,0.801926304852751,0.999973166766684
"R-HSA-196299",0.00116223844046773,12,1.07955915120666,0.434544353197241,0.650905365165297,96763,6,7,0.907005546281837,0.947314455330543,0.999973166766684
"R-HSA-4839743",0.00116223844046773,12,1.07955915120666,0.434544353197241,0.650905365165297,96763,6,7,0.907005546281837,0.947314455330543,0.999973166766684
"R-HSA-5339716",0.00116223844046773,12,1.07955915120666,0.434544353197241,0.650905365165297,96763,6,7,0.907005546281837,0.947314455330543,0.999973166766684
"R-HSA-5358747",0.00116223844046773,12,1.07955915120666,0.434544353197241,0.650905365165297,96763,6,7,0.907005546281837,0.947314455330543,0.999973166766684
"R-HSA-5358749",0.00116223844046773,12,1.07955915120666,0.434544353197241,0.650905365165297,96763,6,7,0.907005546281837,0.947314455330543,0.999973166766684
"R-HSA-5358751",0.00116223844046773,12,1.07955915120666,0.434544353197241,0.650905365165297,96763,6,7,0.907005546281837,0.947314455330543,0.999973166766684
"R-HSA-5358752",0.00116223844046773,12,1.07955915120666,0.434544353197241,0.650905365165297,96763,6,7,0.907005546281837,0.947314455330543,0.999973166766684
"R-HSA-8856828",0.0141949825591915,138,1.01649361661276,0.434865259245519,0.650905365165297,133150,54,58,0.985195679581996,0.787373378108662,0.999973166766684
"R-HSA-5654693",0.0017776107564977,18,1.05875693514857,0.436080109317066,0.651452823449444,201917,11,11,1.05817313732881,0.536674318931889,0.999973166766684
"R-HSA-881907",0.00259968505560441,26,1.04571429018684,0.436201946886581,0.651452823449444,113569,8,8,1.05817313732881,0.636007292512453,0.999973166766684
"R-HSA-140534",0.000756592373170188,8,1.10557563868795,0.436425607885447,0.651452823449444,66814,5,6,0.881810947774008,0.960969637305427,0.999973166766684
"R-HSA-5654688",0.00157367005945443,16,1.06308192262875,0.437095589608524,0.651858144575703,219008,9,9,1.05817313732881,0.601009505914728,0.999973166766684
"R-HSA-8876725",0.0012671673097395,13,1.07267911337989,0.437672000517698,0.652123308603783,101811,7,7,1.05817313732881,0.67303840121885,0.999973166766684
"R-HSA-168898",0.0157641819650679,153,1.01479991953661,0.438372206062507,0.652165790323808,119830,81,87,0.985195679581996,0.799021949192007,0.999973166766684
"R-HSA-9823730",0.00291197335700851,29,1.0412884071915,0.438684811522787,0.652165790323808,149689,11,11,1.05817313732881,0.536674318931889,0.999973166766684
"R-HSA-5654695",0.00291249931625298,29,1.04110036413828,0.439063333086635,0.652165790323808,248064,14,14,1.05817313732881,0.452827157233172,0.999973166766684
"R-HSA-190840",0.00178181843045346,18,1.05625673428334,0.439958204099346,0.652165790323808,97724,10,11,0.961975579389827,0.880526665934042,0.999973166766684
"R-HSA-1630316",0.0133797457302629,130,1.01591161276026,0.440042044385347,0.652165790323808,157630,62,65,1.0093343771444,0.516989174349468,0.999973166766684
"R-HSA-5250941",0.00580737899781622,57,1.02625460429288,0.440092318164722,0.652165790323808,99740,34,35,1.02793961911942,0.41906607802033,0.999973166766684
"R-HSA-349425",0.00127032306520632,13,1.07001434796004,0.441123439701989,0.652773098670503,142582,9,10,0.952355823595929,0.898692450303967,0.999973166766684
"R-HSA-196741",0.00209187140506856,21,1.04965056512995,0.441499478748389,0.652773098670503,72859,10,11,0.961975579389827,0.880526665934042,0.999973166766684
"R-HSA-75109",0.00137327958731134,14,1.06593200821221,0.441699156618732,0.652773098670503,230410,8,8,1.05817313732881,0.636007292512453,0.999973166766684
"R-HSA-1433559",0.00198996680145249,20,1.05085936054752,0.442315275661567,0.653093674171772,212402,9,10,0.952355823595929,0.898692450303967,0.999973166766684
"R-HSA-2022377",0.000558963187060561,6,1.12235042784235,0.444521214254273,0.655758977926051,123594,5,5,1.05817313732881,0.753678851770386,0.999973166766684
"R-HSA-9824878",0.00117144272724595,12,1.07107681417844,0.445047030094524,0.655943190301479,74276,8,9,0.940598344292276,0.915989585294261,0.999973166766684
"R-HSA-69306",0.00987212352889199,96,1.01676616231071,0.448803098865872,0.660716873385386,96315,57,59,1.02230286148716,0.362789762348589,0.999973166766684
"R-HSA-2559586",0.00302978822776981,30,1.03530762710655,0.449119696125816,0.660716873385386,67725,18,20,0.952355823595929,0.906002727489324,0.999973166766684
"R-HSA-425381",0.00107321983834117,11,1.07167827240742,0.450003383442262,0.660716873385386,213159,6,6,1.05817313732881,0.712220694663378,0.999973166766684
"R-HSA-2214320",0.00107492920588569,11,1.06997407454304,0.452042403117846,0.660716873385386,233972,6,7,0.907005546281837,0.947314455330543,0.999973166766684
"R-HSA-3304351",0.000665469934065749,7,1.09984132520928,0.452063218481145,0.660716873385386,117963,5,5,1.05817313732881,0.753678851770386,0.999973166766684
"R-HSA-3656534",0.000665469934065749,7,1.09984132520928,0.452063218481145,0.660716873385386,117963,5,5,1.05817313732881,0.753678851770386,0.999973166766684
"R-HSA-3304349",0.000665469934065749,7,1.09984132520928,0.452063218481145,0.660716873385386,117963,5,5,1.05817313732881,0.753678851770386,0.999973166766684
"R-HSA-3304356",0.000665469934065749,7,1.09984132520928,0.452063218481145,0.660716873385386,117963,5,5,1.05817313732881,0.753678851770386,0.999973166766684
"R-HSA-3656532",0.000665469934065749,7,1.09984132520928,0.452063218481145,0.660716873385386,117963,5,5,1.05817313732881,0.753678851770386,0.999973166766684
"R-HSA-166208",0.00128057927047349,13,1.06144456470295,0.452330522280193,0.660716873385386,144338,7,7,1.05817313732881,0.67303840121885,0.999973166766684
"R-HSA-5205685",0.00386277618119927,38,1.02859517884058,0.452728371066636,0.660716873385386,281310,12,12,1.05817313732881,0.507132027924225,0.999973166766684
"R-HSA-8876384",0.000973419071702972,10,1.07413923831731,0.453355585962979,0.661042547803417,150878,7,7,1.05817313732881,0.67303840121885,0.999973166766684
"R-HSA-2033519",0.00200351025199759,20,1.04375569748153,0.454126935998807,0.661577620030319,254370,9,9,1.05817313732881,0.601009505914728,0.999973166766684
"R-HSA-448424",0.00833001102410576,81,1.01671650847233,0.455470491091713,0.662944593795411,92846,40,40,1.05817313732881,0.103605618687237,0.999973166766684
"R-HSA-179409",0.00221244756186333,22,1.03970498744673,0.456187275191176,0.663397673078012,126689,10,10,1.05817313732881,0.567933623204812,0.999973166766684
"R-HSA-6783783",0.00272999145842187,27,1.03410088187122,0.456657630606269,0.663491903793834,75721,15,17,0.933682179996009,0.936791712379919,0.999973166766684
"R-HSA-171319",0.00149175190712822,15,1.05136881197837,0.457871868594528,0.664619745104076,82389,10,11,0.961975579389827,0.880526665934042,0.999973166766684
"R-HSA-418359",0.00138905836464544,14,1.05382373095118,0.458272716860112,0.664619745104076,121680,8,9,0.940598344292276,0.915989585294261,0.999973166766684
"R-HSA-2562578",0.000669809097832627,7,1.09271632251357,0.458652623607886,0.664619745104076,68829,5,6,0.881810947774008,0.960969637305427,0.999973166766684
"R-HSA-174084",0.0030470133930262,30,1.02945489767355,0.461306363893717,0.666776377053997,149232,16,17,0.99592765866241,0.760648827438052,0.999973166766684
"R-HSA-5655332",0.0019089690778041,19,1.04067504369747,0.46185340865456,0.666776377053997,240297,11,11,1.05817313732881,0.536674318931889,0.999973166766684
"R-HSA-9629569",0.00129004653687395,13,1.05365493992885,0.462656109321856,0.666776377053997,137116,7,7,1.05817313732881,0.67303840121885,0.999973166766684
"R-HSA-190241",0.00211698595899201,21,1.0371981888604,0.462848861969576,0.666776377053997,247236,10,10,1.05817313732881,0.567933623204812,0.999973166766684
"R-HSA-2559584",0.000878351938265008,9,1.07135741064922,0.463207656277357,0.666776377053997,142459,4,5,0.846538509863048,0.973008398200109,0.999973166766684
"R-HSA-210990",0.000775658395782228,8,1.07840010595193,0.463400926837604,0.666776377053997,137830,5,5,1.05817313732881,0.753678851770386,0.999973166766684
"R-HSA-193639",0.00098143995018114,10,1.06536076919387,0.463401430752075,0.666776377053997,57123,7,7,1.05817313732881,0.67303840121885,0.999973166766684
"R-HSA-209560",0.00098143995018114,10,1.06536076919387,0.463401430752075,0.666776377053997,57123,7,7,1.05817313732881,0.67303840121885,0.999973166766684
"R-HSA-8854691",0.00149819490787298,15,1.04684739089825,0.464387501460277,0.667401686629321,109811,10,10,1.05817313732881,0.567933623204812,0.999973166766684
"R-HSA-2219528",0.0122040953290611,118,1.01096669488336,0.465054971839104,0.667401686629321,182801,59,61,1.02347893610491,0.340323995573043,0.999973166766684
"R-HSA-5654689",0.00243032617888505,24,1.03254053319436,0.465059854986202,0.667401686629321,230350,13,13,1.05817313732881,0.479212630905329,0.999973166766684
"R-HSA-426486",0.00201757966178717,20,1.03647716126995,0.466383662460445,0.668714874483162,126663,5,5,1.05817313732881,0.753678851770386,0.999973166766684
"R-HSA-975577",0.00119064023966911,12,1.05380710519223,0.466890662668566,0.66885562532905,193013,7,8,0.925901495162709,0.932256162163627,0.999973166766684
"R-HSA-15869",0.00482278329216826,47,1.01896799367295,0.468257203261065,0.670226408167193,90424,29,38,0.807553183750934,0.999973166766684,0.999973166766684
"R-HSA-421270",0.0152399320881424,147,1.00854373422863,0.469851621060491,0.67192067487322,208140,51,52,1.03782365391864,0.211797845373435,0.999973166766684
"R-HSA-5655253",0.00347619613651377,34,1.02266896608142,0.4709696531043,0.672931312208415,213784,18,19,1.0024798143115,0.719012950844803,0.999973166766684
"R-HSA-8951671",0.00171331223886124,17,1.03746352480025,0.472321257028488,0.673197677992734,152043,7,7,1.05817313732881,0.67303840121885,0.999973166766684
"R-HSA-9634815",0.00535032041437173,52,1.01621121805279,0.472382699053293,0.673197677992734,133278,19,22,0.913876800420336,0.970031589074615,0.999973166766684
"R-HSA-983695",0.00410208763743315,40,1.01956634051519,0.472390546659938,0.673197677992734,181088,14,14,1.05817313732881,0.452827157233172,0.999973166766684
"R-HSA-428542",0.00140483714197954,14,1.04198744793788,0.47479296360404,0.676032452964499,353433,8,8,1.05817313732881,0.636007292512453,0.999973166766684
"R-HSA-6803204",0.00244400111924127,24,1.0267631503218,0.475890784052048,0.676967481820944,77991,11,11,1.05817313732881,0.536674318931889,0.999973166766684
"R-HSA-975634",0.00275628942064537,27,1.02423444849777,0.476277244239552,0.676967481820944,109520,18,20,0.952355823595929,0.906002727489324,0.999973166766684
"R-HSA-389958",0.00234170204619184,23,1.0269673421812,0.477182105317323,0.67707712428373,93971,14,14,1.05817313732881,0.452827157233172,0.999973166766684
"R-HSA-389960",0.00234170204619184,23,1.0269673421812,0.477182105317323,0.67707712428373,93971,14,14,1.05817313732881,0.452827157233172,0.999973166766684
"R-HSA-5693567",0.00796933447221042,77,1.0102505678413,0.4795799505128,0.6798897738639,71404,46,50,0.973519286342505,0.861649121888973,0.999973166766684
"R-HSA-5357956",0.00234669865901431,23,1.02478071367205,0.481220080939404,0.680230411841901,129254,13,13,1.05817313732881,0.479212630905329,0.999973166766684
"R-HSA-3000157",0.00276299540101237,27,1.02174856086281,0.481271348046069,0.680230411841901,124564,14,14,1.05817313732881,0.452827157233172,0.999973166766684
"R-HSA-381070",0.00317955512263266,31,1.01942614539992,0.481394999101509,0.680230411841901,54452,20,20,1.05817313732881,0.322325365896719,0.999973166766684
"R-HSA-1362409",0.000788544397271744,8,1.06077742621485,0.481483384421101,0.680230411841901,186310,5,5,1.05817313732881,0.753678851770386,0.999973166766684
"R-HSA-5685942",0.00443054918560471,43,1.01477866031848,0.482087143193777,0.680495743110456,84099,26,29,0.948706950708588,0.9278279363981,0.999973166766684
"R-HSA-111932",0.00151818135916284,15,1.03306592515976,0.484533491764305,0.683359303902071,86262,9,9,1.05817313732881,0.601009505914728,0.999973166766684
"R-HSA-174154",0.00318626110299965,31,1.01728060506419,0.486045976896111,0.684896574705116,144461,17,18,0.999385740810543,0.739838609145694,0.999973166766684
"R-HSA-2408508",0.00120825987435886,12,1.03843980166674,0.48682112241986,0.684896574705116,52947,6,7,0.907005546281837,0.947314455330543,0.999973166766684
"R-HSA-9854311",0.000584735190039594,6,1.07288321762038,0.486879410991473,0.684896574705116,178660,4,7,0.604670364187892,0.999723690318581,0.999973166766684
"R-HSA-190242",0.00152133711462966,15,1.03092300534958,0.487703132018931,0.685465914074718,228130,8,8,1.05817313732881,0.636007292512453,0.999973166766684
"R-HSA-9662361",0.00558976336041673,54,1.01009162378727,0.488804103032837,0.686166200315586,88401,25,27,0.97978994197112,0.816781777193931,0.999973166766684
"R-HSA-110312",0.00194039514266119,19,1.02382057900656,0.489879047658071,0.686166200315586,112779,11,11,1.05817313732881,0.536674318931889,0.999973166766684
"R-HSA-5655862",0.00194039514266119,19,1.02382057900656,0.489879047658071,0.686166200315586,112779,11,11,1.05817313732881,0.536674318931889,0.999973166766684
"R-HSA-5656121",0.00194039514266119,19,1.02382057900656,0.489879047658071,0.686166200315586,112779,11,11,1.05817313732881,0.536674318931889,0.999973166766684
"R-HSA-9668328",0.00298402977350091,29,1.01614404977804,0.490493155731776,0.686438667901784,93238,14,15,0.987628261506889,0.801926304852751,0.999973166766684
"R-HSA-425366",0.00674700518806199,65,1.00730907152732,0.493204631016334,0.689643398583524,95388,39,42,0.982589341805324,0.802014839881812,0.999973166766684
"R-HSA-5696395",0.00277969460702429,27,1.01561033630134,0.493683706137902,0.689723777319904,143501,18,19,1.0024798143115,0.719012950844803,0.999973166766684
"R-HSA-8957275",0.00800417927215656,77,1.00585261800348,0.494859202665061,0.690776156621194,92886,45,48,0.99203731624576,0.730134634891928,0.999973166766684
"R-HSA-174178",0.00320059349241146,31,1.01272518063824,0.495970051362184,0.69173657632441,144461,17,19,0.946786491294199,0.916856704703266,0.999973166766684
"R-HSA-189200",0.00215774780043844,21,1.01760456067352,0.497341810009618,0.692671286243178,40250,9,9,1.05817313732881,0.601009505914728,0.999973166766684
"R-HSA-5654696",0.00309829441936203,30,1.01241600576281,0.497487017931378,0.692671286243178,242050,15,15,1.05817313732881,0.427891503831773,0.999973166766684
"R-HSA-427413",0.00560751448491759,54,1.00689408194955,0.498092900768593,0.692834118426098,104160,32,33,1.02610728468248,0.451368412936481,0.999973166766684
"R-HSA-3560783",0.00174105658900703,17,1.02093117801882,0.498450951948361,0.692834118426098,215199,11,11,1.05817313732881,0.536674318931889,0.999973166766684
"R-HSA-5696399",0.00529614661219131,51,1.00686352809081,0.499272139046297,0.693386434193329,141072,33,34,1.02705039799561,0.435001846123997,0.999973166766684
"R-HSA-8982491",0.0020583415032336,20,1.01595154992501,0.501712169469366,0.696184146948162,83194,12,14,0.907005546281837,0.961810813196636,0.999973166766684
"R-HSA-9709570",0.00206005087077813,20,1.01510854423477,0.503185090559654,0.69751625270479,99660,14,16,0.925901495162709,0.945809800332927,0.999973166766684
"R-HSA-71336",0.00206044534021148,20,1.01491420309675,0.503524874354741,0.69751625270479,152204,8,8,1.05817313732881,0.636007292512453,0.999973166766684
"R-HSA-72165",0.00111884680279894,11,1.02797485713825,0.5039784032256,0.697553864363013,67614,8,10,0.846538509863048,0.985178125255437,0.999973166766684
"R-HSA-9711097",0.0126315687050042,121,1.00158662003105,0.505324271103303,0.698825450147932,102825,58,58,1.05817313732881,0.0372158130658062,0.999973166766684
"R-HSA-5652084",0.000492166363012863,5,1.06222986658604,0.506731776431629,0.699597621308193,60116,5,5,1.05817313732881,0.753678851770386,0.999973166766684
"R-HSA-174048",0.00216892443438343,21,1.01236076633237,0.506737885849761,0.699597621308193,132462,9,9,1.05817313732881,0.601009505914728,0.999973166766684
"R-HSA-4791275",0.00489760099469412,47,1.00340183295128,0.510248732285131,0.703850696474262,132157,21,22,1.01007435835932,0.657053416540125,0.999973166766684
"R-HSA-264642",0.000915037595566795,9,1.0284045844427,0.511219923936772,0.704419857872315,285593,7,7,1.05817313732881,0.67303840121885,0.999973166766684
"R-HSA-389957",0.00196485224752904,19,1.0110767773807,0.511522488479407,0.704419857872315,106134,11,11,1.05817313732881,0.536674318931889,0.999973166766684
"R-HSA-1660516",0.00217576190456154,21,1.00917935823125,0.512468681928466,0.705129321812422,146662,10,10,1.05817313732881,0.567933623204812,0.999973166766684
"R-HSA-9604323",0.00207254240283429,20,1.00899032879877,0.513921526752263,0.706534132577061,185731,13,14,0.982589341805324,0.822223788643368,0.999973166766684
"R-HSA-442729",0.00144546749361485,14,1.01269843480108,0.516899387299827,0.710031400186832,92360,8,8,1.05817313732881,0.636007292512453,0.999973166766684
"R-HSA-190377",0.00155223722024228,15,1.01040060753025,0.518520068963279,0.711660094650943,215106,6,6,1.05817313732881,0.712220694663378,0.999973166766684
"R-HSA-5210891",0.00186952213446884,18,1.00670523324473,0.520172455585669,0.713329536746148,127496,10,10,1.05817313732881,0.567933623204812,0.999973166766684
"R-HSA-391160",0.00113370515145522,11,1.01450221055316,0.521269344845841,0.713638157352665,183932,6,7,0.907005546281837,0.947314455330543,0.999973166766684
"R-HSA-1187000",0.00166189972271429,16,1.00664328269807,0.522819401500158,0.713638157352665,71863,10,10,1.05817313732881,0.567933623204812,0.999973166766684
"R-HSA-451306",0.00302978822776981,29,1.00079737286967,0.523100416430868,0.713638157352665,159040,10,10,1.05817313732881,0.567933623204812,0.999973166766684
"R-HSA-451308",0.00302978822776981,29,1.00079737286967,0.523100416430868,0.713638157352665,159040,10,10,1.05817313732881,0.567933623204812,0.999973166766684
"R-HSA-2187338",0.00796460083901019,76,0.99772305912962,0.523387923904278,0.713638157352665,119889,39,42,0.982589341805324,0.802014839881812,0.999973166766684
"R-HSA-5358346",0.00260994126087158,25,1.00154324918926,0.523635911245594,0.713638157352665,162652,16,17,0.99592765866241,0.760648827438052,0.999973166766684
"R-HSA-5654221",0.00218930535510664,21,1.00293638682597,0.523776085022282,0.713638157352665,245479,10,10,1.05817313732881,0.567933623204812,0.999973166766684
"R-HSA-5676594",0.000819575992695478,8,1.02061322397087,0.524316061106933,0.713638157352665,71573,8,8,1.05817313732881,0.636007292512453,0.999973166766684
"R-HSA-9671555",0.00218996280416223,21,1.00263529514575,0.524323389448596,0.713638157352665,209640,11,11,1.05817313732881,0.536674318931889,0.999973166766684
"R-HSA-76046",0.00166452951893664,16,1.00505288332577,0.525330866090559,0.714415043162224,108353,11,13,0.895377270047455,0.968750523274901,0.999973166766684
"R-HSA-5250924",0.00450733923529734,43,0.997490211483159,0.526994447921914,0.716082156810839,67297,25,27,0.97978994197112,0.816781777193931,0.999973166766684
"R-HSA-69052",0.00471864336176318,45,0.99713920514083,0.52763635908716,0.716359405366468,118315,26,28,0.982589341805324,0.802584872177536,0.999973166766684
"R-HSA-69615",0.00282676795940436,27,0.998697669988384,0.528402111230452,0.716469379464587,97567,16,18,0.940598344292276,0.927130573776921,0.999973166766684
"R-HSA-6806942",0.00103469332368373,10,1.01052901019991,0.529027285280618,0.716469379464587,185136,5,5,1.05817313732881,0.753678851770386,0.999973166766684
"R-HSA-449836",0.0015628878949428,15,1.00351499006349,0.529031179946957,0.716469379464587,30680,10,10,1.05817313732881,0.567933623204812,0.999973166766684
"R-HSA-141405",0.00177669032781988,17,1.00045513085755,0.531601907706284,0.717574852316404,154317,7,7,1.05817313732881,0.67303840121885,0.999973166766684
"R-HSA-141430",0.00177669032781988,17,1.00045513085755,0.531601907706284,0.717574852316404,154317,7,7,1.05817313732881,0.67303840121885,0.999973166766684
"R-HSA-176407",0.00177669032781988,17,1.00045513085755,0.531601907706284,0.717574852316404,154317,7,7,1.05817313732881,0.67303840121885,0.999973166766684
"R-HSA-176412",0.00177669032781988,17,1.00045513085755,0.531601907706284,0.717574852316404,154317,7,7,1.05817313732881,0.67303840121885,0.999973166766684
"R-HSA-392517",0.00188464346274736,18,0.998627991786334,0.533755750426592,0.719567957570146,184295,7,7,1.05817313732881,0.67303840121885,0.999973166766684
"R-HSA-381038",0.00304517253567056,29,0.995741312909146,0.533966009029522,0.719567957570146,51359,19,19,1.05817313732881,0.341120913051654,0.999973166766684
"R-HSA-390918",0.00199128169956366,19,0.997657176730047,0.534671310111645,0.719567957570146,120192,11,12,0.969992042551409,0.861639520016197,0.999973166766684
"R-HSA-75815",0.00156959387530979,15,0.999227542254721,0.535614992253127,0.719567957570146,134027,10,12,0.881810947774008,0.974962395523267,0.999973166766684
"R-HSA-181430",0.000934103618178835,9,1.00741378141002,0.535647174490524,0.719567957570146,263101,7,7,1.05817313732881,0.67303840121885,0.999973166766684
"R-HSA-5609975",0.000827991340606999,8,1.01024015007312,0.535717464743544,0.719567957570146,61221,5,5,1.05817313732881,0.753678851770386,0.999973166766684
"R-HSA-76009",0.00463225455585898,44,0.993163366475276,0.538343427420156,0.722501925561424,176371,17,17,1.05817313732881,0.382056003309754,0.999973166766684
"R-HSA-5620916",0.00125507024711669,12,0.999709097696772,0.538874014680549,0.722621219686376,204539,6,8,0.793629852996608,0.992489334831292,0.999973166766684
"R-HSA-9856872",0.000724771838879749,7,1.00985067976853,0.54011672041629,0.723640204680738,201013,5,5,1.05817313732881,0.753678851770386,0.999973166766684
"R-HSA-175474",0.00326765329608139,31,0.991941717512998,0.541950520212706,0.723640204680738,91703,9,9,1.05817313732881,0.601009505914728,0.999973166766684
"R-HSA-174143",0.00358533267974131,34,0.991539203296822,0.542675041763924,0.723640204680738,140220,19,22,0.913876800420336,0.970031589074615,0.999973166766684
"R-HSA-453276",0.00358533267974131,34,0.991539203296822,0.542675041763924,0.723640204680738,140220,19,22,0.913876800420336,0.970031589074615,0.999973166766684
"R-HSA-5576886",0.00263545028422838,25,0.991849122045486,0.54299331228134,0.723640204680738,209401,9,9,1.05817313732881,0.601009505914728,0.999973166766684
"R-HSA-1500620",0.00622078296396969,59,0.991670501150964,0.543131338744501,0.723640204680738,66982,33,34,1.02705039799561,0.435001846123997,0.999973166766684
"R-HSA-9710421",0.00369157644712427,35,0.991326259462894,0.543144979051956,0.723640204680738,90917,21,22,1.01007435835932,0.657053416540125,0.999973166766684
"R-HSA-109606",0.00737868224067053,70,0.991926891953124,0.54317247637405,0.723640204680738,142694,30,30,1.05817313732881,0.18280580113317,0.999973166766684
"R-HSA-162710",0.000940809598545828,9,1.00023305424693,0.544132967794148,0.723737735643066,28965,6,6,1.05817313732881,0.712220694663378,0.999973166766684
"R-HSA-9687136",0.00179102271723169,17,0.992449139427885,0.544762828176397,0.723737735643066,154317,7,8,0.925901495162709,0.932256162163627,0.999973166766684
"R-HSA-5620971",0.00189713499480352,18,0.99205260647862,0.544893465404428,0.723737735643066,86919,6,6,1.05817313732881,0.712220694663378,0.999973166766684
"R-HSA-9613829",0.00232132112546863,22,0.99094120985492,0.545433696360862,0.723737735643066,59792,12,13,0.976775203688132,0.842164792150978,0.999973166766684
"R-HSA-416700",0.00390629930867917,37,0.990368092455681,0.545457596606296,0.723737735643066,237747,11,11,1.05817313732881,0.536674318931889,0.999973166766684
"R-HSA-1834949",0.0030627921703603,29,0.990013011018886,0.546334326184689,0.724313579933672,68482,17,19,0.946786491294199,0.916856704703266,0.999973166766684
"R-HSA-2022923",0.00126243367653927,12,0.993878068692395,0.54690677495484,0.724485412004954,227054,5,6,0.881810947774008,0.960969637305427,0.999973166766684
"R-HSA-73886",0.00834026722937293,79,0.99039299014612,0.549442037208851,0.727254994234369,101358,49,51,1.01667615155121,0.462589841264674,0.999973166766684
"R-HSA-69017",0.00359664080349742,34,0.988421725452215,0.549982650512074,0.727382066481611,136897,19,21,0.957394743297495,0.894603022785005,0.999973166766684
"R-HSA-8876493",0.000839693933796458,8,0.996160699187356,0.551394879458697,0.728660761546388,70789,5,5,1.05817313732881,0.753678851770386,0.999973166766684
"R-HSA-176408",0.00338822945287616,32,0.987501121547727,0.551963902566077,0.72882400693955,148772,17,19,0.946786491294199,0.916856704703266,0.999973166766684
"R-HSA-9825892",0.0023301309428135,22,0.987194634545384,0.552493599434505,0.728935103770041,159739,9,9,1.05817313732881,0.601009505914728,0.999973166766684
"R-HSA-450294",0.00803337001022465,76,0.989182112081174,0.553318176297004,0.729434759405236,96444,37,37,1.05817313732881,0.122856200005496,0.999973166766684
"R-HSA-73772",0.00487156601209286,46,0.987301217139737,0.554307748642309,0.73015094748697,107761,24,25,1.01584621183566,0.59688448482871,0.999973166766684
"R-HSA-202670",0.0013774872612671,13,0.986770581867315,0.556009527427297,0.731803368359661,63753,9,9,1.05817313732881,0.601009505914728,0.999973166766684
"R-HSA-110320",0.00148465145732787,14,0.985970586641422,0.556600545617242,0.731992357419459,80731,9,9,1.05817313732881,0.601009505914728,0.999973166766684
"R-HSA-2032785",0.00382293476843066,36,0.984614088620316,0.559336809710431,0.734979915378911,115139,12,12,1.05817313732881,0.507132027924225,0.999973166766684
"R-HSA-140877",0.00297758677275615,28,0.983227546369468,0.56085104905053,0.734979915378911,57002,16,17,0.99592765866241,0.760648827438052,0.999973166766684
"R-HSA-8943724",0.00467196447881647,44,0.984721855212561,0.560876230296915,0.734979915378911,88371,21,22,1.01007435835932,0.657053416540125,0.999973166766684
"R-HSA-399719",0.00424922473607365,40,0.984262010306111,0.561118529528276,0.734979915378911,127902,17,18,0.999385740810543,0.739838609145694,0.999973166766684
"R-HSA-399721",0.00424922473607365,40,0.984262010306111,0.561118529528276,0.734979915378911,127902,17,18,0.999385740810543,0.739838609145694,0.999973166766684
"R-HSA-937039",0.00117012782913478,11,0.982923705965769,0.562798191213663,0.735825248075757,70911,7,7,1.05817313732881,0.67303840121885,0.999973166766684
"R-HSA-975144",0.00117012782913478,11,0.982923705965769,0.562798191213663,0.735825248075757,70911,7,7,1.05817313732881,0.67303840121885,0.999973166766684
"R-HSA-1475029",0.00191777889514897,18,0.981373672010526,0.563113209407609,0.735825248075757,68633,9,9,1.05817313732881,0.601009505914728,0.999973166766684
"R-HSA-9833576",0.000849029710385802,8,0.985207096950667,0.563742132348116,0.73605916083122,154553,5,5,1.05817313732881,0.753678851770386,0.999973166766684
"R-HSA-5654219",0.00170713221773871,16,0.979971073713388,0.565448049791978,0.737697774688737,218100,9,9,1.05817313732881,0.601009505914728,0.999973166766684
"R-HSA-6811558",0.0133456898691834,126,0.987165455228922,0.570069432485991,0.741704989970157,176576,61,61,1.05817313732881,0.0313705761048131,0.999973166766684
"R-HSA-74259",0.000745941698469669,7,0.981191071194103,0.57014729287217,0.741704989970157,182480,4,6,0.705448758219207,0.997085919989471,0.999973166766684
"R-HSA-174490",0.00309737399068421,29,0.978959630907748,0.570333054634754,0.741704989970157,92956,7,7,1.05817313732881,0.67303840121885,0.999973166766684
"R-HSA-174495",0.00309737399068421,29,0.978959630907748,0.570333054634754,0.741704989970157,92956,7,7,1.05817313732881,0.67303840121885,0.999973166766684
"R-HSA-76071",0.000854552282452737,8,0.978840163872974,0.570975540534707,0.741950742108642,49879,7,8,0.925901495162709,0.932256162163627,0.999973166766684
"R-HSA-179419",0.00331222834205023,31,0.978592442315026,0.571903140451192,0.742441029688183,144595,17,19,0.946786491294199,0.916856704703266,0.999973166766684
"R-HSA-194068",0.00352524183606061,33,0.97878083469482,0.572260475817114,0.742441029688183,160599,21,21,1.05817313732881,0.30456332776173,0.999973166766684
"R-HSA-9637690",0.00448353957948506,42,0.979464534028532,0.574151944123501,0.744304738974682,101186,12,12,1.05817313732881,0.507132027924225,0.999973166766684
"R-HSA-9648002",0.00310460593029567,29,0.976679220094994,0.575299780313648,0.745202249084028,121542,16,16,1.05817313732881,0.404326169434948,0.999973166766684
"R-HSA-350562",0.00139892010047925,13,0.971652280819813,0.578024184927757,0.74680519332588,164152,9,10,0.952355823595929,0.898692450303967,0.999973166766684
"R-HSA-111471",0.00246924716297584,23,0.973920943442412,0.578134361308406,0.74680519332588,104193,11,11,1.05817313732881,0.536674318931889,0.999973166766684
"R-HSA-4839735",0.00107808496135251,10,0.969856419229549,0.580388236126372,0.74680519332588,105477,5,6,0.881810947774008,0.960969637305427,0.999973166766684
"R-HSA-4839744",0.00107808496135251,10,0.969856419229549,0.580388236126372,0.74680519332588,105477,5,6,0.881810947774008,0.960969637305427,0.999973166766684
"R-HSA-4839748",0.00107808496135251,10,0.969856419229549,0.580388236126372,0.74680519332588,105477,5,6,0.881810947774008,0.960969637305427,0.999973166766684
"R-HSA-5467337",0.00107808496135251,10,0.969856419229549,0.580388236126372,0.74680519332588,105477,5,6,0.881810947774008,0.960969637305427,0.999973166766684
"R-HSA-5467340",0.00107808496135251,10,0.969856419229549,0.580388236126372,0.74680519332588,105477,5,6,0.881810947774008,0.960969637305427,0.999973166766684
"R-HSA-5467348",0.00107808496135251,10,0.969856419229549,0.580388236126372,0.74680519332588,105477,5,6,0.881810947774008,0.960969637305427,0.999973166766684
"R-HSA-76061",0.00150897707238462,14,0.970076149683539,0.580645602634791,0.74680519332588,119437,9,11,0.865778021450845,0.98043847996863,0.999973166766684
"R-HSA-9652817",0.00151134388898473,14,0.968556977011336,0.582956925179241,0.749188947048891,49583,6,6,1.05817313732881,0.712220694663378,0.999973166766684
"R-HSA-9033241",0.0041842687693816,39,0.974553008828043,0.585360987204368,0.751688049502626,72490,22,24,0.969992042551409,0.857490034046647,0.999973166766684
"R-HSA-210745",0.00269527814828685,25,0.9698327618869,0.58744330008159,0.75377038347724,106373,12,12,1.05817313732881,0.507132027924225,0.999973166766684
"R-HSA-9762293",0.00151647199161831,14,0.965281704133209,0.58794666014044,0.753825028205141,200628,5,5,1.05817313732881,0.753678851770386,0.999973166766684
"R-HSA-9635465",0.00216327037250538,20,0.966673083061399,0.58988758767963,0.755721294787686,123315,5,5,1.05817313732881,0.753678851770386,0.999973166766684
"R-HSA-3560801",0.00173605997618457,16,0.963641933653027,0.591963660357911,0.756568670485152,217289,10,10,1.05817313732881,0.567933623204812,0.999973166766684
"R-HSA-4420332",0.00173605997618457,16,0.963641933653027,0.591963660357911,0.756568670485152,217289,10,10,1.05817313732881,0.567933623204812,0.999973166766684
"R-HSA-114452",0.00483461737516883,45,0.973219579952236,0.592244958833624,0.756568670485152,166475,17,17,1.05817313732881,0.382056003309754,0.999973166766684
"R-HSA-416572",0.00248910212445458,23,0.966152213254361,0.593255248960599,0.756568670485152,56681,11,11,1.05817313732881,0.536674318931889,0.999973166766684
"R-HSA-176409",0.00345147605202368,32,0.969405649740631,0.59332371896849,0.756568670485152,140118,18,20,0.952355823595929,0.906002727489324,0.999973166766684
"R-HSA-176814",0.00345147605202368,32,0.969405649740631,0.59332371896849,0.756568670485152,140118,18,20,0.952355823595929,0.906002727489324,0.999973166766684
"R-HSA-196108",0.000981834419614493,9,0.958439467408164,0.594631661144065,0.757547175293008,85279,7,7,1.05817313732881,0.67303840121885,0.999973166766684
"R-HSA-163680",0.000873223835631425,8,0.957910288361761,0.595017188417797,0.757547175293008,34637,6,6,1.05817313732881,0.712220694663378,0.999973166766684
"R-HSA-68949",0.00270763819053189,25,0.965405592130812,0.596426887261487,0.758751467775889,103450,17,19,0.946786491294199,0.916856704703266,0.999973166766684
"R-HSA-352230",0.00292656872604256,27,0.964640450618245,0.599769511651947,0.762410972076601,86413,15,17,0.933682179996009,0.936791712379919,0.999973166766684
"R-HSA-2995410",0.00634109614114222,59,0.972854979978271,0.601314773062375,0.763781808020222,105685,30,33,0.961975579389827,0.894934750838479,0.999973166766684
"R-HSA-8979227",0.00357297263749627,33,0.965705449459689,0.60264393357389,0.764876241525899,143905,19,21,0.957394743297495,0.894603022785005,0.999973166766684
"R-HSA-1483257",0.0203189890221787,191,0.982860098247737,0.605227756936058,0.767344358994161,110927,105,106,1.04819037188231,0.0173945493981706,0.999973166766684
"R-HSA-549132",0.00131831684626422,12,0.951747789498871,0.60605485484099,0.767344358994161,78167,8,8,1.05817313732881,0.636007292512453,0.999973166766684
"R-HSA-9013420",0.00507353436196936,47,0.968607180819915,0.606139352193579,0.767344358994161,158113,23,25,0.973519286342505,0.844270749365371,0.999973166766684
"R-HSA-5693538",0.00890133425341137,83,0.974952406116809,0.606464704266167,0.767344358994161,68753,49,53,0.978311013756824,0.835261225929136,0.999973166766684
"R-HSA-74158",0.00229344528551172,21,0.957395415700748,0.607959464358192,0.767758535204985,110379,14,17,0.871436701329608,0.987894210780297,0.999973166766684
"R-HSA-749476",0.00229344528551172,21,0.957395415700748,0.607959464358192,0.767758535204985,110379,14,17,0.871436701329608,0.987894210780297,0.999973166766684
"R-HSA-157579",0.00635569151017626,59,0.970620891456722,0.608199915419108,0.767758535204985,84181,38,40,1.00526448046237,0.621422320349481,0.999973166766684
"R-HSA-425407",0.0234003212559065,220,0.983017600219077,0.610656662437889,0.770265458556967,106208,112,121,0.979466044469642,0.871615769457907,0.999973166766684
"R-HSA-435354",0.00077657882446005,7,0.942481704518142,0.611897229840337,0.771235645623106,171601,5,5,1.05817313732881,0.753678851770386,0.999973166766684
"R-HSA-9824439",0.00870607188390186,81,0.972799195424187,0.61327541496408,0.772132256205629,134075,33,34,1.02705039799561,0.435001846123997,0.999973166766684
"R-HSA-174184",0.00326870521457033,30,0.959634673309031,0.613552526324766,0.772132256205629,149232,16,18,0.940598344292276,0.927130573776921,0.999973166766684
"R-HSA-5696397",0.00208648032281275,19,0.952137653415669,0.614953254034784,0.77330017186849,73315,13,13,1.05817313732881,0.479212630905329,0.999973166766684
"R-HSA-9615017",0.00251960776063384,23,0.954454722727537,0.616059533639595,0.773333438675058,234697,14,14,1.05817313732881,0.452827157233172,0.999973166766684
"R-HSA-111447",0.00295063136147706,27,0.956773730365877,0.616344679579354,0.773333438675058,199185,9,9,1.05817313732881,0.601009505914728,0.999973166766684
"R-HSA-110313",0.00262782387518356,24,0.954938537654809,0.616397801975719,0.773333438675058,98645,15,16,0.99203731624576,0.781371519784154,0.999973166766684
"R-HSA-1614558",0.000670072077454862,6,0.936246402817473,0.617599236056123,0.774081604029528,263498,6,6,1.05817313732881,0.712220694663378,0.999973166766684
"R-HSA-76005",0.0106316086779068,99,0.973636046435031,0.618829131682825,0.774081604029528,152702,53,54,1.03857733848939,0.194522401761768,0.999973166766684
"R-HSA-5362768",0.00230804065454576,21,0.951341129188882,0.619256840102638,0.774081604029528,182469,12,13,0.976775203688132,0.842164792150978,0.999973166766684
"R-HSA-5387390",0.00230804065454576,21,0.951341129188882,0.619256840102638,0.774081604029528,182469,12,13,0.976775203688132,0.842164792150978,0.999973166766684
"R-HSA-380972",0.00198365529051885,18,0.948782646577855,0.61935991422656,0.774081604029528,116199,13,14,0.982589341805324,0.822223788643368,0.999973166766684
"R-HSA-5682910",0.000672964853299448,6,0.932221896982775,0.621693519833394,0.775889687502567,43769,4,5,0.846538509863048,0.973008398200109,0.999973166766684
"R-HSA-6807004",0.00209489567072427,19,0.948312847376339,0.62175512244246,0.775889687502567,190596,8,8,1.05817313732881,0.636007292512453,0.999973166766684
"R-HSA-73933",0.00371327226595866,34,0.957376043069916,0.623096829162931,0.776870567399369,69169,19,21,0.957394743297495,0.894603022785005,0.999973166766684
"R-HSA-1362277",0.00198865190334131,18,0.946398770581429,0.623490864911596,0.776870567399369,84690,7,7,1.05817313732881,0.67303840121885,0.999973166766684
"R-HSA-8873719",0.00436414683099036,40,0.958343209552645,0.627218780907791,0.780920795711679,92743,24,25,1.01584621183566,0.59688448482871,0.999973166766684
"R-HSA-9772572",0.0042601383903964,39,0.957197007528812,0.629044772926577,0.782598668066829,181947,19,20,1.00526448046237,0.698236308995411,0.999973166766684
"R-HSA-6785631",0.00112463235448812,10,0.929715045161121,0.632543404094089,0.785894761573135,160370,5,5,1.05817313732881,0.753678851770386,0.999973166766684
"R-HSA-416993",0.0019998285372863,18,0.941109540816196,0.632654890581796,0.785894761573135,193034,9,10,0.952355823595929,0.898692450303967,0.999973166766684
"R-HSA-9820965",0.000905175859732981,8,0.924096778763866,0.63454213999013,0.7875935786412,114106,5,7,0.755837955234864,0.995107592242638,0.999973166766684
"R-HSA-5578768",0.00287015959707314,26,0.947169563463624,0.63498528742527,0.7875935786412,75810,8,8,1.05817313732881,0.636007292512453,0.999973166766684
"R-HSA-917729",0.00438202944530234,40,0.954432308859517,0.637126384418077,0.789298870443061,89525,11,11,1.05817313732881,0.536674318931889,0.999973166766684
"R-HSA-6803205",0.00145979988302666,13,0.931130302255629,0.637886471493892,0.789298870443061,114649,6,6,1.05817313732881,0.712220694663378,0.999973166766684
"R-HSA-9619483",0.00384739187329852,35,0.951178562352042,0.638944104232582,0.789298870443061,92136,19,20,1.00526448046237,0.698236308995411,0.999973166766684
"R-HSA-9823739",0.00599409452960309,55,0.959399602881299,0.638946669175495,0.789298870443061,283275,10,10,1.05817313732881,0.567933623204812,0.999973166766684
"R-HSA-390522",0.00189871287253693,17,0.936159953472799,0.639081832469067,0.789298870443061,148639,11,12,0.969992042551409,0.861639520016197,0.999973166766684
"R-HSA-9013700",0.00146124627094896,13,0.93020863993899,0.639254892015315,0.789298870443061,259051,6,6,1.05817313732881,0.712220694663378,0.999973166766684
"R-HSA-9013422",0.00320401222750052,29,0.946377193157258,0.641313363859648,0.791243335802703,151458,14,14,1.05817313732881,0.452827157233172,0.999973166766684
"R-HSA-71403",0.00102575201652774,9,0.91740385888178,0.645528144196001,0.7955214461295,153288,7,10,0.740721196130167,0.998548311758666,0.999973166766684
"R-HSA-5357786",0.0017978601874098,16,0.930517402912376,0.646161863780541,0.7955214461295,149426,10,11,0.961975579389827,0.880526665934042,0.999973166766684
"R-HSA-390666",0.000803402745928023,7,0.911014230259272,0.646584993879576,0.7955214461295,160368,4,5,0.846538509863048,0.973008398200109,0.999973166766684
"R-HSA-5655291",0.00113830729484434,10,0.918546006845682,0.647194737692414,0.7955214461295,206105,6,6,1.05817313732881,0.712220694663378,0.999973166766684
"R-HSA-5656169",0.00245386285507509,22,0.937417003471158,0.64721213007235,0.7955214461295,106792,14,15,0.987628261506889,0.801926304852751,0.999973166766684
"R-HSA-168927",0.00147150247621612,13,0.923725191282458,0.648880883244506,0.795593076586204,74791,9,9,1.05817313732881,0.601009505914728,0.999973166766684
"R-HSA-9660826",0.000692819814778193,6,0.905506105287121,0.649104157551649,0.795593076586204,109279,5,6,0.881810947774008,0.960969637305427,0.999973166766684
"R-HSA-9664424",0.000692819814778193,6,0.905506105287121,0.649104157551649,0.795593076586204,109279,5,6,0.881810947774008,0.960969637305427,0.999973166766684
"R-HSA-9662834",0.00136157699412188,12,0.921508772333721,0.649215621786419,0.795593076586204,57888,7,8,0.925901495162709,0.932256162163627,0.999973166766684
"R-HSA-162588",0.00494414838782972,45,0.951659198310785,0.650189701309903,0.796190382741767,105871,12,12,1.05817313732881,0.507132027924225,0.999973166766684
"R-HSA-446652",0.00838471078553065,77,0.960203026890486,0.654911004639649,0.801372029611418,112583,48,51,0.99592765866241,0.692599228694512,0.999973166766684
"R-HSA-9614657",0.002358664231826,21,0.930922669230262,0.657256861173432,0.803641423676931,173736,9,10,0.952355823595929,0.898692450303967,0.999973166766684
"R-HSA-1474151",0.00159155267376642,14,0.919745034184426,0.657813900964921,0.803721838669613,126571,7,7,1.05817313732881,0.67303840121885,0.999973166766684
"R-HSA-3295583",0.00388276263248913,35,0.942513621674311,0.659406516041536,0.804474038343548,120736,9,9,1.05817313732881,0.601009505914728,0.999973166766684
"R-HSA-444257",0.00247082504070925,22,0.930981646467924,0.659413010647126,0.804474038343548,75275,5,5,1.05817313732881,0.753678851770386,0.999973166766684
"R-HSA-445989",0.00388486646946701,35,0.942003206445109,0.660605819949035,0.805328704498227,92313,20,21,1.00778394031315,0.677566128596507,0.999973166766684
"R-HSA-9033658",0.00225886346518781,20,0.925764338001405,0.664296466706707,0.809224884238401,75072,7,7,1.05817313732881,0.67303840121885,0.999973166766684
"R-HSA-3560782",0.00400478517720619,36,0.939904455873758,0.667167730630254,0.81211786258266,146614,16,17,0.99592765866241,0.760648827438052,0.999973166766684
"R-HSA-193697",0.00171449564716129,15,0.91477714333113,0.668668220845321,0.813310556067017,135178,6,6,1.05817313732881,0.712220694663378,0.999973166766684
"R-HSA-1358803",0.000821679829673358,7,0.890750031506505,0.669141814465896,0.813310556067017,33387,5,5,1.05817313732881,0.753678851770386,0.999973166766684
"R-HSA-9759194",0.00713871333538107,65,0.952037042570775,0.670962756913594,0.814003784709847,152796,27,30,0.952355823595929,0.920171636382967,0.999973166766684
"R-HSA-114608",0.0105677046297037,97,0.959735370332489,0.67146387515615,0.814003784709847,150937,51,52,1.03782365391864,0.211797845373435,0.999973166766684
"R-HSA-5683057",0.0345632802605392,323,0.977120223522106,0.671629452987565,0.814003784709847,147874,145,153,1.00284382295868,0.533291516181039,0.999973166766684
"R-HSA-6804756",0.00864229932550986,79,0.955780619115392,0.671702389583309,0.814003784709847,152188,36,40,0.952355823595929,0.933606165779081,0.999973166766684
"R-HSA-5620924",0.00574505282734651,52,0.946389143609081,0.673131781134764,0.815132193883401,151555,25,27,0.97978994197112,0.816781777193931,0.999973166766684
"R-HSA-879415",0.00116565717555678,10,0.896994109561542,0.675501401033108,0.817396665747163,47101,6,6,1.05817313732881,0.712220694663378,0.999973166766684
"R-HSA-9772573",0.00661551537694447,60,0.948304911106265,0.67704286151544,0.818186994881633,115390,31,34,0.964804919329209,0.885806349893791,0.999973166766684
"R-HSA-166016",0.0140014295572265,129,0.963335939805355,0.677154762267562,0.818186994881633,116433,68,73,0.985695525183001,0.788269461813711,0.999973166766684
"R-HSA-69273",0.00194854751095047,17,0.912217405232959,0.679258230817718,0.820122852854456,88293,9,10,0.952355823595929,0.898692450303967,0.999973166766684
"R-HSA-211935",0.000716487980779345,6,0.875593993165322,0.68014535082385,0.820281584045128,21998,6,6,1.05817313732881,0.712220694663378,0.999973166766684
"R-HSA-912446",0.00478806998203323,43,0.939006067980205,0.680457808700278,0.820281584045128,75319,24,25,1.01584621183566,0.59688448482871,0.999973166766684
"R-HSA-373753",0.00217142274079466,19,0.914891624342972,0.680893882110809,0.820281584045128,275665,9,11,0.865778021450845,0.98043847996863,0.999973166766684
"R-HSA-210991",0.00305161553641531,27,0.925112138461319,0.682414461284073,0.821508505269126,68064,11,12,0.969992042551409,0.861639520016197,0.999973166766684
"R-HSA-69231",0.00414416437699076,37,0.933523345834735,0.684025231055841,0.821802166237723,86103,22,23,1.01216560961886,0.63674327332956,0.999973166766684
"R-HSA-69236",0.00414416437699076,37,0.933523345834735,0.684025231055841,0.821802166237723,86103,22,23,1.01216560961886,0.63674327332956,0.999973166766684
"R-HSA-70221",0.00128715376102937,11,0.893557877146734,0.684591774203439,0.821802166237723,101837,6,8,0.793629852996608,0.992489334831292,0.999973166766684
"R-HSA-9646399",0.00695659994698331,63,0.946899643177661,0.684667697177272,0.821802166237723,209864,25,27,0.97978994197112,0.816781777193931,0.999973166766684
"R-HSA-9824594",0.00631216838269636,57,0.944184165257775,0.685640172311432,0.822366071775296,206855,14,14,1.05817313732881,0.452827157233172,0.999973166766684
"R-HSA-6805567",0.00415520952112463,37,0.931041906606543,0.689905783790899,0.826876089583818,47378,29,30,1.02290069941785,0.503004108540448,0.999973166766684
"R-HSA-177929",0.00632781567021935,57,0.941849406807404,0.692393273986032,0.828428677707626,172953,24,24,1.05817313732881,0.256926494289673,0.999973166766684
"R-HSA-917937",0.0048133160257678,43,0.934080941906551,0.692972814674336,0.828428677707626,131779,21,23,0.966158081908914,0.870309920251054,0.999973166766684
"R-HSA-168142",0.0110630267481833,101,0.954570137524449,0.693950034740533,0.828428677707626,107887,51,52,1.03782365391864,0.211797845373435,0.999973166766684
"R-HSA-168176",0.0110630267481833,101,0.954570137524449,0.693950034740533,0.828428677707626,107887,51,52,1.03782365391864,0.211797845373435,0.999973166766684
"R-HSA-975871",0.0110630267481833,101,0.954570137524449,0.693950034740533,0.828428677707626,107887,51,52,1.03782365391864,0.211797845373435,0.999973166766684
"R-HSA-198323",0.00129740996629653,11,0.886494178513163,0.694239435902907,0.828428677707626,48270,6,7,0.907005546281837,0.947314455330543,0.999973166766684
"R-HSA-76066",0.00141272653064659,12,0.888144391056933,0.696765897671718,0.830837469818462,129977,8,10,0.846538509863048,0.985178125255437,0.999973166766684
"R-HSA-77387",0.00197523994260733,17,0.899890143000081,0.699714640758956,0.832877148481697,101125,11,12,0.969992042551409,0.861639520016197,0.999973166766684
"R-HSA-9694548",0.00417401256411443,37,0.926847759912845,0.699782017064114,0.832877148481697,102593,18,18,1.05817313732881,0.361009967672346,0.999973166766684
"R-HSA-975110",0.000962768397002453,8,0.868817566923034,0.700003715869397,0.832877148481697,45336,5,6,0.881810947774008,0.960969637305427,0.999973166766684
"R-HSA-163560",0.00219969305018493,19,0.903133497782284,0.70138976661092,0.833919809720541,80165,11,13,0.895377270047455,0.968750523274901,0.999973166766684
"R-HSA-168928",0.0051593972086291,46,0.932221896982775,0.702675684317634,0.83484198950156,111062,27,31,0.92163466799606,0.974453179537208,0.999973166766684
"R-HSA-418555",0.015910924594275,146,0.959440110792453,0.703993447738169,0.835800638969263,150666,75,76,1.04424980657448,0.0728675887397335,0.999973166766684
"R-HSA-9696273",0.00320374924787828,28,0.913818501437989,0.708074067743166,0.838867649978265,191257,18,20,0.952355823595929,0.906002727489324,0.999973166766684
"R-HSA-69563",0.00254196102852382,22,0.904928414999935,0.708115051723706,0.838867649978265,104578,15,17,0.933682179996009,0.936791712379919,0.999973166766684
"R-HSA-69580",0.00254196102852382,22,0.904928414999935,0.708115051723706,0.838867649978265,104578,15,17,0.933682179996009,0.936791712379919,0.999973166766684
"R-HSA-390247",0.000971972683780679,8,0.860590127842324,0.709729085676713,0.840073773380517,197458,4,5,0.846538509863048,0.973008398200109,0.999973166766684
"R-HSA-9707616",0.00669480373304833,60,0.937073881716162,0.710160164171917,0.840073773380517,174163,27,29,0.985195679581996,0.788133749382855,0.999973166766684
"R-HSA-192105",0.00287765451630684,25,0.908367921094708,0.710720474542827,0.840129115861318,144583,16,16,1.05817313732881,0.404326169434948,0.999973166766684
"R-HSA-168181",0.0118707686578782,108,0.95127338625418,0.71194621990981,0.84083785002166,112221,55,57,1.02104425531727,0.386269855911703,0.999973166766684
"R-HSA-180024",0.0018804357887916,16,0.889655580030831,0.712347958514683,0.84083785002166,185917,10,12,0.881810947774008,0.974962395523267,0.999973166766684
"R-HSA-1538133",0.00244465856829686,21,0.898176142461943,0.717045391513795,0.84577235797878,78044,9,10,0.952355823595929,0.898692450303967,0.999973166766684
"R-HSA-9755511",0.0085524917845166,77,0.941365964296321,0.717739846112948,0.845981547723908,137979,35,39,0.94964255914124,0.93929266191922,0.999973166766684
"R-HSA-1855183",0.00266924316568558,23,0.900948837285964,0.718694369080161,0.846496751486784,126528,8,8,1.05817313732881,0.636007292512453,0.999973166766684
"R-HSA-168138",0.0124369637845503,113,0.950001971013085,0.720768119325878,0.848328520300098,110722,58,61,1.00613183549297,0.566135968946071,0.999973166766684
"R-HSA-112310",0.00410839914836679,36,0.916200032406691,0.722226105501063,0.84943343537005,180931,22,26,0.895377270047455,0.987622664446456,0.999973166766684
"R-HSA-9615710",0.00564091289694144,50,0.926789368445579,0.723492872676103,0.849961639044577,89545,15,16,0.99203731624576,0.781371519784154,0.999973166766684
"R-HSA-9006925",0.0353752298441898,328,0.969471409656135,0.723714280677931,0.849961639044577,155690,143,148,1.02242404485149,0.169025417901873,0.999973166766684
"R-HSA-9607240",0.00477137077602131,42,0.920378694334194,0.725069642154889,0.850942564250645,174140,19,20,1.00526448046237,0.698236308995411,0.999973166766684
"R-HSA-5358508",0.000872040427331367,7,0.839308948565161,0.726503589727968,0.852014245731151,58838,5,5,1.05817313732881,0.753678851770386,0.999973166766684
"R-HSA-9796292",0.00268489045320856,23,0.89569819270802,0.728417444701966,0.853259538030417,217152,9,9,1.05817313732881,0.601009505914728,0.999973166766684
"R-HSA-975138",0.0114965486554378,104,0.945858759566021,0.728839230414956,0.853259538030417,107943,53,54,1.03857733848939,0.194522401761768,0.999973166766684
"R-HSA-9834899",0.00630822368836284,56,0.928199595103141,0.729403858129334,0.853259538030417,270274,12,12,1.05817313732881,0.507132027924225,0.999973166766684
"R-HSA-6804116",0.00145099006568179,12,0.864723456050356,0.729651646518676,0.853259538030417,83595,7,8,0.925901495162709,0.932256162163627,0.999973166766684
"R-HSA-5362798",0.00122430163131519,10,0.854027793068743,0.731437346642436,0.854736785076447,205804,5,5,1.05817313732881,0.753678851770386,0.999973166766684
"R-HSA-9659379",0.00773751793521024,69,0.932412000861844,0.735897668109222,0.858136692729674,97234,32,36,0.940598344292276,0.954619916633591,0.999973166766684
"R-HSA-9675108",0.0675539423801128,631,0.976650311036908,0.736140840926812,0.858136692729674,151512,274,283,1.02452098808514,0.0463296484963267,0.999973166766684
"R-HSA-2995383",0.00157314410020996,13,0.864042846509695,0.736342858335533,0.858136692729674,216180,7,7,1.05817313732881,0.67303840121885,0.999973166766684
"R-HSA-975155",0.0115237670463391,104,0.943624702477589,0.736967561725702,0.858136692729674,107943,53,55,1.01969411415322,0.410748973835152,0.999973166766684
"R-HSA-1474165",0.011525870883317,104,0.943452461042438,0.737590094464107,0.858136692729674,90943,53,54,1.03857733848939,0.194522401761768,0.999973166766684
"R-HSA-1971475",0.002477268041454,21,0.886353017019769,0.73799719044035,0.858136692729674,285087,13,13,1.05817313732881,0.479212630905329,0.999973166766684
"R-HSA-193634",0.00168924960342673,14,0.866552027225679,0.738208816903358,0.858136692729674,131712,5,5,1.05817313732881,0.753678851770386,0.999973166766684
"R-HSA-5666185",0.00100103193203765,8,0.835607805728419,0.739054666498552,0.858136692729674,40609,5,5,1.05817313732881,0.753678851770386,0.999973166766684
"R-HSA-9617629",0.00169082748116014,14,0.865743362140781,0.73939973858538,0.858136692729674,116344,5,6,0.881810947774008,0.960969637305427,0.999973166766684
"R-HSA-1855204",0.00281480238659267,24,0.891504959827691,0.739592137377042,0.858136692729674,152081,12,12,1.05817313732881,0.507132027924225,0.999973166766684
"R-HSA-9818030",0.00337337110421988,29,0.898864668316621,0.741250153539177,0.858773093397235,207746,6,6,1.05817313732881,0.712220694663378,0.999973166766684
"R-HSA-187577",0.00225873197537669,19,0.879527318919539,0.741629585436622,0.858773093397235,111987,13,15,0.917083385684969,0.954157433282381,0.999973166766684
"R-HSA-9018677",0.00123626720412689,10,0.845761835913962,0.742021831623768,0.858773093397235,39135,6,6,1.05817313732881,0.712220694663378,0.999973166766684
"R-HSA-166058",0.0121942335932273,110,0.943188740377767,0.743897417324339,0.858773093397235,110392,54,56,1.02038123956707,0.398385883584097,0.999973166766684
"R-HSA-168179",0.0121942335932273,110,0.943188740377767,0.743897417324339,0.858773093397235,110392,54,56,1.02038123956707,0.398385883584097,0.999973166766684
"R-HSA-168188",0.0121942335932273,110,0.943188740377767,0.743897417324339,0.858773093397235,110392,54,56,1.02038123956707,0.398385883584097,0.999973166766684
"R-HSA-181438",0.0121942335932273,110,0.943188740377767,0.743897417324339,0.858773093397235,110392,54,56,1.02038123956707,0.398385883584097,0.999973166766684
"R-HSA-1253288",0.00112305447675471,9,0.837919155032989,0.744340003934767,0.858773093397235,74179,6,6,1.05817313732881,0.712220694663378,0.999973166766684
"R-HSA-9013148",0.028259132756321,260,0.961999731581508,0.745107946714508,0.859053277536952,123976,95,101,0.995311366794425,0.680335604336352,0.999973166766684
"R-HSA-9022699",0.00158537265264389,13,0.857378171654806,0.745835503015622,0.859286537277154,284661,7,7,1.05817313732881,0.67303840121885,0.999973166766684
"R-HSA-937041",0.00181850408775525,15,0.862456917707491,0.749657660173622,0.863082288560201,64022,10,10,1.05817313732881,0.567933623204812,0.999973166766684
"R-HSA-388844",0.00283386840920471,24,0.885506991231968,0.750642708463028,0.863084724068766,210344,10,10,1.05817313732881,0.567933623204812,0.999973166766684
"R-HSA-9864848",0.00216024610684967,18,0.871223751066622,0.750869224553745,0.863084724068766,209467,11,11,1.05817313732881,0.536674318931889,0.999973166766684
"R-HSA-6791312",0.00394732412974783,34,0.900609575492819,0.751572016013002,0.863084724068766,72146,19,21,0.957394743297495,0.894603022785005,0.999973166766684
"R-HSA-69239",0.00854315600792726,76,0.930155776913122,0.751770007211486,0.863084724068766,114697,42,44,1.01007435835932,0.56145655511341,0.999973166766684
"R-HSA-198725",0.00974142265664118,87,0.933807372571893,0.753423328647185,0.863796372091113,120447,37,39,1.00390784823502,0.636655318013334,0.999973166766684
"R-HSA-199418",0.0152450601907759,138,0.946477677279223,0.753640742351203,0.863796372091113,173449,63,63,1.05817313732881,0.0279922147251321,0.999973166766684
"R-HSA-68962",0.00295155179015488,25,0.885625337602249,0.753973850456058,0.863796372091113,120472,15,15,1.05817313732881,0.427891503831773,0.999973166766684
"R-HSA-1614635",0.00182599900698895,15,0.85891691307659,0.754951667531314,0.864095015279658,125612,13,14,0.982589341805324,0.822223788643368,0.999973166766684
"R-HSA-983712",0.0191174351281868,174,0.95165614373639,0.755290875213882,0.864095015279658,132423,80,87,0.973032769957527,0.895418372088675,0.999973166766684
"R-HSA-8939243",0.00769005011339681,68,0.924570804195829,0.757524271055467,0.866044519529521,180867,17,17,1.05817313732881,0.382056003309754,0.999973166766684
"R-HSA-5685938",0.00273656594897775,23,0.878784422299878,0.759047232933443,0.867179659971448,90750,16,18,0.940598344292276,0.927130573776921,0.999973166766684
"R-HSA-9717207",0.00441082571393708,38,0.900791192988513,0.761410283442689,0.869272312430035,99285,11,14,0.831421750758351,0.994196126895205,0.999973166766684
"R-HSA-9827857",0.00341518486415525,29,0.887859433475644,0.763055850932443,0.870543495206051,153523,10,10,1.05817313732881,0.567933623204812,0.999973166766684
"R-HSA-425410",0.00161259104354522,13,0.842906769051043,0.766140976260719,0.871398799405788,155572,9,9,1.05817313732881,0.601009505914728,0.999973166766684
"R-HSA-453279",0.0106517266190077,95,0.9325326069277,0.766383214693444,0.871398799405788,103103,53,57,0.983915373305736,0.79729529049893,0.999973166766684
"R-HSA-9679506",0.0366997267115766,338,0.962973425986062,0.767338393504713,0.871398799405788,90685,171,180,1.00526448046237,0.466677354702578,0.999973166766684
"R-HSA-69190",0.00375837327117196,32,0.890246961482064,0.767472933540859,0.871398799405788,118801,16,16,1.05817313732881,0.404326169434948,0.999973166766684
"R-HSA-167160",0.00297666634407833,25,0.87815319167584,0.767691343091654,0.871398799405788,187071,8,9,0.940598344292276,0.915989585294261,0.999973166766684
"R-HSA-72086",0.00297666634407833,25,0.87815319167584,0.767691343091654,0.871398799405788,187071,8,9,0.940598344292276,0.915989585294261,0.999973166766684
"R-HSA-77075",0.00297666634407833,25,0.87815319167584,0.767691343091654,0.871398799405788,187071,8,9,0.940598344292276,0.915989585294261,0.999973166766684
"R-HSA-8856825",0.0076133915535153,67,0.92014669236218,0.768601441514304,0.871398799405788,177343,33,37,0.943776041401371,0.949799913418658,0.999973166766684
"R-HSA-9634638",0.00420543862897152,36,0.895058937952883,0.768674694746047,0.871398799405788,188343,13,13,1.05817313732881,0.479212630905329,0.999973166766684
"R-HSA-113501",0.00126900816709515,10,0.823940812481926,0.769522513506212,0.871398799405788,206216,6,7,0.907005546281837,0.947314455330543,0.999973166766684
"R-HSA-73762",0.00487196048152621,42,0.901375949511629,0.769664587494721,0.871398799405788,126524,16,17,0.99592765866241,0.760648827438052,0.999973166766684
"R-HSA-9662360",0.00740261338629392,65,0.918097322786066,0.77123275383929,0.87257039092744,101702,30,34,0.933682179996009,0.963397757923638,0.999973166766684
"R-HSA-8953750",0.0049995055983102,43,0.899294275930546,0.77668607101204,0.877773997799387,110728,15,17,0.933682179996009,0.936791712379919,0.999973166766684
"R-HSA-69202",0.00478123251185512,41,0.896611748616099,0.777963396312851,0.877773997799387,111565,22,25,0.931192360849353,0.954431455042672,0.999973166766684
"R-HSA-69656",0.00478123251185512,41,0.896611748616099,0.777963396312851,0.877773997799387,111565,22,25,0.931192360849353,0.954431455042672,0.999973166766684
"R-HSA-1257604",0.0304714488283732,279,0.957351741595062,0.777978176533687,0.877773997799387,156124,117,121,1.02319220716918,0.197314129539817,0.999973166766684
"R-HSA-73980",0.00104573846781761,8,0.799884600152201,0.780050657020312,0.879062376303209,90694,6,8,0.793629852996608,0.992489334831292,0.999973166766684
"R-HSA-8984722",0.00104613293725096,8,0.799582984541284,0.780390230814495,0.879062376303209,76725,5,6,0.881810947774008,0.960969637305427,0.999973166766684
"R-HSA-168164",0.0115747850930527,103,0.930432176659808,0.781750288447148,0.879062376303209,101610,55,59,0.986432585645501,0.77730006327894,0.999973166766684
"R-HSA-9759476",0.00732529737735682,64,0.913513871837797,0.782054710691891,0.879062376303209,154489,21,21,1.05817313732881,0.30456332776173,0.999973166766684
"R-HSA-9764260",0.00732529737735682,64,0.913513871837797,0.782054710691891,0.879062376303209,154489,21,21,1.05817313732881,0.30456332776173,0.999973166766684
"R-HSA-168643",0.00567680961537652,49,0.90251033349985,0.782344021942221,0.879062376303209,181407,23,25,0.973519286342505,0.844270749365371,0.999973166766684
"R-HSA-418457",0.00300848687836877,25,0.868865032917731,0.784340739909615,0.880701064167556,232157,12,12,1.05817313732881,0.507132027924225,0.999973166766684
"R-HSA-442660",0.00152554478858542,12,0.822463656052033,0.786794564977503,0.882850417217555,57000,8,11,0.769580463511862,0.997817179353592,0.999973166766684
"R-HSA-9012999",0.0591988168020836,548,0.967894371619881,0.79019269138029,0.886055684097433,125266,227,237,1.01352448174532,0.238209043394739,0.999973166766684
"R-HSA-5339562",0.00336311489895271,28,0.870516002171349,0.792443287179238,0.887970697140571,172684,14,14,1.05817313732881,0.452827157233172,0.999973166766684
"R-HSA-6782315",0.0032534523964807,27,0.867720264697502,0.793893515864158,0.888986852808872,128436,15,16,0.99203731624576,0.781371519784154,0.999973166766684
"R-HSA-174430",0.00153895674931941,12,0.815295910587464,0.796093007095008,0.889792921441542,187143,6,6,1.05817313732881,0.712220694663378,0.999973166766684
"R-HSA-111461",0.00177340308254194,14,0.825431444633224,0.796768922306405,0.889792921441542,115235,7,7,1.05817313732881,0.67303840121885,0.999973166766684
"R-HSA-166166",0.0119587353415159,106,0.926789368445579,0.796788893589156,0.889792921441542,99799,57,61,0.988784734881019,0.756741620983289,0.999973166766684
"R-HSA-937061",0.0119587353415159,106,0.926789368445579,0.796788893589156,0.889792921441542,99799,57,61,0.988784734881019,0.756741620983289,0.999973166766684
"R-HSA-69206",0.00847307193860162,74,0.913169207798798,0.798311712088073,0.890816930444902,109203,42,46,0.966158081908914,0.89358573127062,0.999973166766684
"R-HSA-111458",0.00166084780422535,13,0.818415692790911,0.799339397245181,0.890816930444902,122535,6,6,1.05817313732881,0.712220694663378,0.999973166766684
"R-HSA-9627069",0.00166084780422535,13,0.818415692790911,0.799339397245181,0.890816930444902,122535,6,6,1.05817313732881,0.712220694663378,0.999973166766684
"R-HSA-445095",0.00281440791715932,23,0.854478667394181,0.800791369862466,0.891827556906054,101716,11,11,1.05817313732881,0.536674318931889,0.999973166766684
"R-HSA-549127",0.00107335132815228,8,0.779306900038032,0.802897605074444,0.893564953674688,80431,6,6,1.05817313732881,0.712220694663378,0.999973166766684
"R-HSA-4655427",0.00155736532287586,12,0.805658843086431,0.808372748118813,0.899046781728333,96925,6,7,0.907005546281837,0.947314455330543,0.999973166766684
"R-HSA-71288",0.00132660070436462,10,0.788170560141052,0.812726143815067,0.903274437011854,54965,4,6,0.705448758219207,0.997085919989471,0.999973166766684
"R-HSA-5689877",0.0034133440067996,28,0.85770591269065,0.815248071348347,0.905462216378748,378416,6,6,1.05817313732881,0.712220694663378,0.999973166766684
"R-HSA-1660661",0.00409459271819945,34,0.86821770893688,0.816564844728804,0.906309420608089,94707,18,18,1.05817313732881,0.361009967672346,0.999973166766684
"R-HSA-1280218",0.0694498939666163,642,0.966548995047284,0.819351702492028,0.908484201576133,123691,310,321,1.02191175256053,0.0555935157574228,0.999973166766684
"R-HSA-380108",0.00239311456233879,19,0.830138477164826,0.819634890908541,0.908484201576133,117895,14,17,0.871436701329608,0.987894210780297,0.999973166766684
"R-HSA-5674400",0.00274116809236686,22,0.839165161355531,0.820858640237528,0.909224600831818,91285,11,13,0.895377270047455,0.968750523274901,0.999973166766684
"R-HSA-428157",0.0082244247057784,71,0.902637250543068,0.821557698270431,0.909383216759422,67213,47,49,1.01498239702967,0.48986373141846,0.999973166766684
"R-HSA-69242",0.012179375244571,107,0.918584682049477,0.823536183290961,0.910956859948623,112080,56,60,0.987628261506889,0.767085930312284,0.999973166766684
"R-HSA-9828806",0.000856261649997265,6,0.732664568298194,0.825610985983503,0.91196468056298,144521,3,5,0.634903882397286,0.998481060455144,0.999973166766684
"R-HSA-375280",0.00613584054598777,52,0.886114230725355,0.826036795070451,0.91196468056298,191034,22,23,1.01216560961886,0.63674327332956,0.999973166766684
"R-HSA-77289",0.00309987229709544,25,0.843250560049106,0.827594996585124,0.91196468056298,87629,13,13,1.05817313732881,0.479212630905329,0.999973166766684
"R-HSA-8948751",0.00558397780872756,47,0.880064710762155,0.827882091676423,0.91196468056298,156345,18,19,1.0024798143115,0.719012950844803,0.999973166766684
"R-HSA-111957",0.00170726370754983,13,0.796165173724737,0.827927374692412,0.91196468056298,116094,5,5,1.05817313732881,0.753678851770386,0.999973166766684
"R-HSA-1660514",0.00158879138773295,12,0.789723027188255,0.8280623649379,0.91196468056298,107156,7,8,0.925901495162709,0.932256162163627,0.999973166766684
"R-HSA-174411",0.00264255073402872,21,0.830914606192588,0.828655718952393,0.91196468056298,156262,13,13,1.05817313732881,0.479212630905329,0.999973166766684
"R-HSA-4641265",0.00321729269842338,26,0.844973730230668,0.828906772614395,0.91196468056298,174894,9,9,1.05817313732881,0.601009505914728,0.999973166766684
"R-HSA-1855167",0.00147334333357177,11,0.780637042337294,0.830470577851733,0.913071146078921,53808,6,6,1.05817313732881,0.712220694663378,0.999973166766684
"R-HSA-452723",0.00515321718750657,43,0.872469877253226,0.833557150103537,0.915849226037197,210849,16,17,0.99592765866241,0.760648827438052,0.999973166766684
"R-HSA-9696270",0.00414547927510193,34,0.857560169261092,0.835999452918274,0.917916177835098,188298,20,22,0.961975579389827,0.882693249160329,0.999973166766684
"R-HSA-9706369",0.00160759443072275,12,0.780486122813323,0.839089740881876,0.920691358875083,63849,6,7,0.907005546281837,0.947314455330543,0.999973166766684
"R-HSA-425393",0.0107237830355001,93,0.906766281643859,0.841177792890942,0.922363853330818,128938,47,54,0.921002545452853,0.991222864690953,0.999973166766684
"R-HSA-9639288",0.00563118265091875,47,0.872687341146416,0.842866121560243,0.923596098374118,124810,18,18,1.05817313732881,0.361009967672346,0.999973166766684
"R-HSA-182218",0.00125296641013881,9,0.751040770609378,0.844044089100951,0.923675251687334,123187,5,5,1.05817313732881,0.753678851770386,0.999973166766684
"R-HSA-6794361",0.00664207631879021,56,0.8815452265723,0.844067543565137,0.923675251687334,150928,26,27,1.01898153964997,0.558250285626385,0.999973166766684
"R-HSA-1483249",0.00631348328080754,53,0.877742783311346,0.845915780927197,0.924328398164486,127605,26,26,1.05817313732881,0.229376010478571,0.999973166766684
"R-HSA-9679504",0.0019780012286408,15,0.792912262972453,0.846228713873631,0.924328398164486,100056,6,6,1.05817313732881,0.712220694663378,0.999973166766684
"R-HSA-425986",0.00137880215937827,10,0.758330419727548,0.846359376803423,0.924328398164486,54718,5,6,0.881810947774008,0.960969637305427,0.999973166766684
"R-HSA-9694676",0.00209870887524667,16,0.797128278304675,0.847444996074278,0.924896606789539,96244,7,7,1.05817313732881,0.67303840121885,0.999973166766684
"R-HSA-9614085",0.00833461316749488,71,0.890703858059631,0.850390237472376,0.927492285669871,164381,36,38,1.0024798143115,0.651946191770668,0.999973166766684
"R-HSA-388396",0.0664336491893916,610,0.960068363141821,0.856131541600801,0.933132046674824,142011,280,293,1.01122347594562,0.254425673723968,0.999973166766684
"R-HSA-2022870",0.00421267056858298,34,0.843882247839891,0.85932751417515,0.935991886278659,118899,11,12,0.969992042551409,0.861639520016197,0.999973166766684
"R-HSA-372790",0.0743958832118017,684,0.961319230809898,0.862817203243669,0.939167627748931,140520,318,336,1.0014852906862,0.516149729955582,0.999973166766684
"R-HSA-5218859",0.00694476586398273,58,0.873234363286235,0.86507553667441,0.940999719414452,218286,20,21,1.00778394031315,0.677566128596507,0.999973166766684
"R-HSA-162906",0.0257900170831563,230,0.932473801317705,0.866340069200945,0.941749071902157,122271,82,86,1.00895578210421,0.485020201834899,0.999973166766684
"R-HSA-174437",0.00178536865535363,13,0.761335146239652,0.868947247771918,0.943562213330491,47088,7,7,1.05817313732881,0.67303840121885,0.999973166766684
"R-HSA-180786",0.00515597847354004,42,0.851723494881794,0.869161525360055,0.943562213330491,109776,26,27,1.01898153964997,0.558250285626385,0.999973166766684
"R-HSA-9008059",0.00154724060741981,11,0.743353281158271,0.871564236372004,0.945543163597213,82123,8,9,0.940598344292276,0.915989585294261,0.999973166766684
"R-HSA-5223345",0.00142811083854734,10,0.732147388017961,0.873596249308239,0.947119591695347,84961,9,12,0.793629852996608,0.996866733304717,0.999973166766684
"R-HSA-168256",0.170418816086779,1588,0.974301534931285,0.875686849816423,0.94850948797482,133370,794,844,0.995485155259568,0.746563203526205,0.999973166766684
"R-HSA-193807",0.00216405931137208,16,0.773056534817166,0.876698086795345,0.94850948797482,174338,8,8,1.05817313732881,0.636007292512453,0.999973166766684
"R-HSA-69091",0.00204519252212185,15,0.766862490156526,0.877197344319011,0.94850948797482,198075,9,9,1.05817313732881,0.601009505914728,0.999973166766684
"R-HSA-69109",0.00204519252212185,15,0.766862490156526,0.877197344319011,0.94850948797482,198075,9,9,1.05817313732881,0.601009505914728,0.999973166766684
"R-HSA-113510",0.0020486112572109,15,0.765582745307741,0.878630449454468,0.949431582105356,142310,9,10,0.952355823595929,0.898692450303967,0.999973166766684
"R-HSA-442720",0.00156354534399838,11,0.735601552383263,0.879461100145311,0.949701887681669,169376,6,7,0.907005546281837,0.947314455330543,0.999973166766684
"R-HSA-68952",0.00144323216682586,10,0.724476383132568,0.881120472596684,0.949746411271705,204479,5,5,1.05817313732881,0.753678851770386,0.999973166766684
"R-HSA-6809371",0.00359414249708619,28,0.814560173686127,0.882554197719603,0.949746411271705,43943,23,24,1.01408258994011,0.616675385991643,0.999973166766684
"R-HSA-198693",0.001067434286652,7,0.685673435191445,0.882622760034213,0.949746411271705,122754,4,5,0.846538509863048,0.973008398200109,0.999973166766684
"R-HSA-6804115",0.00193737087700548,14,0.755571731625376,0.882648059905929,0.949746411271705,88106,7,8,0.925901495162709,0.932256162163627,0.999973166766684
"R-HSA-6794362",0.0110398845414267,94,0.89027413225194,0.882945883721214,0.949746411271705,165000,39,41,1.00655493550789,0.606267564231352,0.999973166766684
"R-HSA-450282",0.0060031673265702,49,0.853446032815443,0.882985508278889,0.949746411271705,107273,20,20,1.05817313732881,0.322325365896719,0.999973166766684
"R-HSA-162909",0.0124990269753977,107,0.89509267870346,0.88639593217263,0.952788268747978,85297,45,48,0.99203731624576,0.730134634891928,0.999973166766684
"R-HSA-2142691",0.00133711988925402,9,0.703772986836146,0.890314202542073,0.956371658147624,55860,7,9,0.823023551255741,0.989189181206406,0.999973166766684
"R-HSA-392154",0.00362346472496539,28,0.807968493941162,0.891408119970007,0.956918427999299,233174,14,15,0.987628261506889,0.801926304852751,0.999973166766684
"R-HSA-198753",0.00513993671658371,41,0.834039304251179,0.894858141156486,0.959379328559896,99698,16,16,1.05817313732881,0.404326169434948,0.999973166766684
"R-HSA-73863",0.0035184043658825,27,0.802376953038728,0.894873383485576,0.959379328559896,169181,11,12,0.969992042551409,0.861639520016197,0.999973166766684
"R-HSA-1606322",0.00147991782412764,10,0.706517350623107,0.897861404698298,0.960851217003714,74797,7,7,1.05817313732881,0.67303840121885,0.999973166766684
"R-HSA-449147",0.0402352247529043,361,0.93812606547034,0.897956345666102,0.960851217003714,147419,188,199,0.999681154863398,0.586836670238434,0.999973166766684
"R-HSA-140875",0.00161075018618957,11,0.714043923215459,0.900123937149993,0.960851217003714,44401,7,8,0.925901495162709,0.932256162163627,0.999973166766684
"R-HSA-5213460",0.00504763086917921,40,0.828576928338342,0.900242991356723,0.960851217003714,277401,14,15,0.987628261506889,0.801926304852751,0.999973166766684
"R-HSA-5675482",0.00504763086917921,40,0.828576928338342,0.900242991356723,0.960851217003714,277401,14,15,0.987628261506889,0.801926304852751,0.999973166766684
"R-HSA-1793185",0.00698855197108486,57,0.852801762087706,0.900256626758071,0.960851217003714,178228,24,26,0.976775203688132,0.83068910497435,0.999973166766684
"R-HSA-174414",0.0021048888963692,15,0.745113641422701,0.900357527913627,0.960851217003714,52798,8,8,1.05817313732881,0.636007292512453,0.999973166766684
"R-HSA-110373",0.00283649820542706,21,0.774100261480273,0.902983296957513,0.962734190255602,66334,13,14,0.982589341805324,0.822223788643368,0.999973166766684
"R-HSA-211859",0.0179057565187389,155,0.905106025361133,0.903298888778942,0.962734190255602,104084,89,92,1.02366749154635,0.247528235439876,0.999973166766684
"R-HSA-9018678",0.00149740596900627,10,0.698265962527491,0.905124325408159,0.963644478295804,39135,6,7,0.907005546281837,0.947314455330543,0.999973166766684
"R-HSA-5683826",0.00320151392108928,24,0.78381988972529,0.905331028814579,0.963644478295804,211974,11,12,0.969992042551409,0.861639520016197,0.999973166766684
"R-HSA-419408",0.00150240258182874,10,0.6959437056943,0.907118168852018,0.964918936438167,154972,6,6,1.05817313732881,0.712220694663378,0.999973166766684
"R-HSA-499943",0.00250422345273309,18,0.751553426425493,0.91160402046278,0.969060544169661,94338,8,12,0.705448758219207,0.999718071451341,0.999973166766684
"R-HSA-193368",0.00263965795818414,19,0.752603750156903,0.915733335577858,0.972432943101437,159560,11,11,1.05817313732881,0.536674318931889,0.999973166766684
"R-HSA-5689896",0.00371840036859224,28,0.787339997437554,0.916510606597916,0.972432943101437,85217,16,17,0.99592765866241,0.760648827438052,0.999973166766684
"R-HSA-1222556",0.00215380310610491,15,0.728191646635812,0.916559656639619,0.972432943101437,132576,10,11,0.961975579389827,0.880526665934042,0.999973166766684
"R-HSA-2172127",0.00753975725928949,61,0.845927032414934,0.917986017693174,0.973315051812075,105875,20,21,1.00778394031315,0.677566128596507,0.999973166766684
"R-HSA-975576",0.00337468600233105,25,0.774581412552413,0.919473748668199,0.974261044573299,115952,13,15,0.917083385684969,0.954157433282381,0.999973166766684
"R-HSA-390696",0.00277995758664653,20,0.752232786043238,0.920933972311821,0.974666487929025,204763,6,6,1.05817313732881,0.712220694663378,0.999973166766684
"R-HSA-425561",0.00204466656287738,14,0.715922436898283,0.92104791585469,0.974666487929025,139284,7,9,0.823023551255741,0.989189181206406,0.999973166766684
"R-HSA-391903",0.00115329713331173,7,0.634625122207747,0.922733102750517,0.975292490386027,93673,6,6,1.05817313732881,0.712220694663378,0.999973166766684
"R-HSA-2453902",0.00141627675554677,9,0.66443853895987,0.922831769631766,0.975292490386027,62715,7,8,0.925901495162709,0.932256162163627,0.999973166766684
"R-HSA-2672351",0.0125484671443779,105,0.874901283657249,0.925328889117691,0.977300234084275,124723,43,49,0.928600916431405,0.983208957942587,0.999973166766684
"R-HSA-174417",0.00411576257778937,31,0.787538533015415,0.925991104934827,0.977368675918307,118050,18,18,1.05817313732881,0.361009967672346,0.999973166766684
"R-HSA-9603798",0.00194171004077236,13,0.700034442719712,0.927597665271801,0.978433127262841,74910,7,9,0.823023551255741,0.989189181206406,0.999973166766684
"R-HSA-9694516",0.0305386401218542,268,0.917583366865375,0.929401897539867,0.979704577561355,92213,122,130,0.993054790416268,0.714020899437926,0.999973166766684
"R-HSA-917977",0.00294550325884348,21,0.745452919095239,0.93170052129906,0.981495204665333,70716,11,13,0.895377270047455,0.968750523274901,0.999973166766684
"R-HSA-69186",0.00319888412486693,23,0.751778255380839,0.934071464546308,0.983359662804221,137798,13,13,1.05817313732881,0.479212630905329,0.999973166766684
"R-HSA-1810476",0.00145427731095973,9,0.647076627770051,0.935247354113064,0.983915177353508,72979,6,6,1.05817313732881,0.712220694663378,0.999973166766684
"R-HSA-9733458",0.00145611816831537,9,0.646258578935955,0.93580196574698,0.983915177353508,149274,6,7,0.907005546281837,0.947314455330543,0.999973166766684
"R-HSA-111453",0.0026063910359714,18,0.722093381408209,0.938098899034109,0.984786307377037,314935,5,5,1.05817313732881,0.753678851770386,0.999973166766684
"R-HSA-9705683",0.0210056288158343,180,0.895977803348556,0.938454373056157,0.984786307377037,67052,79,83,1.00717684155393,0.516721263166406,0.999973166766684
"R-HSA-2132295",0.0137902569205717,115,0.871938623192171,0.938854160529922,0.984786307377037,100879,58,59,1.04023799940798,0.156703312356715,0.999973166766684
"R-HSA-622312",0.00273406764256651,19,0.726615701649586,0.939038288207933,0.984786307377037,311048,5,6,0.881810947774008,0.960969637305427,0.999973166766684
"R-HSA-9768919",0.00299034128443455,21,0.734275386538231,0.941248429853094,0.98647176889152,94715,9,12,0.793629852996608,0.996866733304717,0.999973166766684
"R-HSA-2168880",0.00122403865169296,7,0.597947894175975,0.946236305625183,0.991064402050448,77021,4,6,0.705448758219207,0.997085919989471,0.999973166766684
"R-HSA-69166",0.00240113544081696,16,0.696728790866925,0.947455993701233,0.991072893667018,142639,8,8,1.05817313732881,0.636007292512453,0.999973166766684
"R-HSA-69183",0.00240113544081696,16,0.696728790866925,0.947455993701233,0.991072893667018,142639,8,8,1.05817313732881,0.636007292512453,0.999973166766684
"R-HSA-391908",0.000951986232490817,5,0.549161103678389,0.94854795030566,0.991581116102275,129872,5,5,1.05817313732881,0.753678851770386,0.999973166766684
"R-HSA-5651801",0.00266950614530781,18,0.705020934207148,0.950830657606248,0.993332666566936,72433,11,12,0.969992042551409,0.861639520016197,0.999973166766684
"R-HSA-1483255",0.0103126143961357,83,0.84153027686804,0.951833125497262,0.993745369057767,120104,38,39,1.03104049278192,0.359652672859144,0.999973166766684
"R-HSA-1660499",0.00653215083669597,50,0.800339464276246,0.954217975394932,0.9955998773891,136695,21,21,1.05817313732881,0.30456332776173,0.999973166766684
"R-HSA-418594",0.0289927144125456,250,0.901595143321708,0.956578689335354,0.997056013973706,140958,128,138,0.981493924478896,0.862582175432506,0.999973166766684
"R-HSA-888590",0.00219587984566252,14,0.666622388848401,0.956832482847627,0.997056013973706,212365,9,12,0.793629852996608,0.996866733304717,0.999973166766684
"R-HSA-202733",0.0123261178737782,100,0.848270015709401,0.958661201947547,0.997886340464714,95032,54,55,1.03893362574101,0.186362908475979,0.999973166766684
"R-HSA-420029",0.00334260248841838,23,0.719454836430709,0.959164316843463,0.997886340464714,135702,12,13,0.976775203688132,0.842164792150978,0.999973166766684
"R-HSA-8875656",0.00168806619512667,10,0.619399655807997,0.959809324645019,0.997886340464714,226137,5,5,1.05817313732881,0.753678851770386,0.999973166766684
"R-HSA-983169",0.0352156012134932,306,0.908545646727839,0.960346067042415,0.997886340464714,135191,141,148,1.00812440786056,0.428325817666256,0.999973166766684
"R-HSA-933542",0.00247503271466501,16,0.675926496840085,0.960679086938829,0.997886340464714,88920,10,10,1.05817313732881,0.567933623204812,0.999973166766684
"R-HSA-2892247",0.00400570560588401,28,0.730868821807267,0.965254362607647,0.999999999998314,188183,8,8,1.05817313732881,0.636007292512453,0.999973166766684
"R-HSA-199220",0.00144638792229268,8,0.578316565910041,0.965449887547152,0.999999999998314,49220,4,6,0.705448758219207,0.997085919989471,0.999973166766684
"R-HSA-975578",0.00186728680767985,11,0.615945219307751,0.967566167228957,0.999999999998314,49730,5,6,0.881810947774008,0.960969637305427,0.999973166766684
"R-HSA-6787639",0.00120168538380298,6,0.522060583078875,0.972220074069595,0.999999999998314,159643,5,5,1.05817313732881,0.753678851770386,0.999973166766684
"R-HSA-9754189",0.00581355901893874,42,0.755383748700719,0.975167039828562,0.999999999998314,233880,12,12,1.05817313732881,0.507132027924225,0.999973166766684
"R-HSA-419812",0.00127321584105091,6,0.492730731050071,0.981854038285666,0.999999999998314,120213,5,5,1.05817313732881,0.753678851770386,0.999973166766684
"R-HSA-2980736",0.00963110270511359,72,0.781658247891955,0.987073276092932,0.999999999998314,146088,32,33,1.02610728468248,0.451368412936481,0.999973166766684
"R-HSA-9717189",0.00715107337762611,51,0.745691811794459,0.987977995456803,0.999999999998314,121727,13,17,0.809191222663208,0.998248479899931,0.999973166766684
"R-HSA-6785807",0.0149279067663605,115,0.805488527024155,0.992943988172426,0.999999999998314,233550,51,55,0.981215090977624,0.816643067613031,0.999973166766684
"R-HSA-8852135",0.00971801747026226,70,0.753148814981551,0.994455952777557,0.999999999998314,77330,32,32,1.05817313732881,0.163189734746922,0.999973166766684
"R-HSA-9705671",0.0163832359958092,126,0.80413930547216,0.995179726785289,0.999999999998314,56221,52,55,1.00045460256542,0.641870121127452,0.999973166766684
"R-HSA-9856649",0.0133785623219628,100,0.781539596766759,0.995599528163859,0.999999999998314,158339,30,32,0.99203731624576,0.74359452252823,0.999973166766684
"R-HSA-375276",0.0185420357147365,144,0.812017728966338,0.995846278706945,0.999999999998314,158885,78,82,1.00655493550789,0.527447748228802,0.999973166766684
"R-HSA-6802957",0.015052690597111,114,0.791865002065017,0.995878427759784,0.999999999998314,132851,41,45,0.964113302899583,0.900937827410679,0.999973166766684
"R-HSA-202403",0.0136921655214781,102,0.778912123852487,0.996348607658935,0.999999999998314,105565,45,47,1.01314449318716,0.517958134736054,0.999973166766684
"R-HSA-9617828",0.00358875141483037,20,0.582702728264615,0.996824129943629,0.999999999998314,201073,12,12,1.05817313732881,0.507132027924225,0.999973166766684
"R-HSA-8986944",0.016635959412777,126,0.791923308308749,0.997244997100147,0.999999999998314,178531,36,36,1.05817313732881,0.130035604347607,0.999973166766684
"R-HSA-1237044",0.00173224677166216,7,0.422521401767432,0.997261595906724,0.999999999998314,133510,3,5,0.634903882397286,0.998481060455144,0.999973166766684
"R-HSA-1480926",0.00173224677166216,7,0.422521401767432,0.997261595906724,0.999999999998314,133510,3,5,0.634903882397286,0.998481060455144,0.999973166766684
"R-HSA-5687128",0.0112594725259929,80,0.742903447975062,0.997799232632918,0.999999999998314,132814,31,34,0.964804919329209,0.885806349893791,0.999973166766684
"R-HSA-9753281",0.00396915143839334,22,0.57954270584969,0.998053761943211,0.999999999998314,101887,11,11,1.05817313732881,0.536674318931889,0.999973166766684
"R-HSA-6802952",0.013122551659717,95,0.756947478652082,0.998118163539373,0.999999999998314,134472,32,34,0.99592765866241,0.713233481936245,0.999973166766684
"R-HSA-9764302",0.00360071698764206,19,0.551728026745539,0.998430465335539,0.999999999998314,90914,6,6,1.05817313732881,0.712220694663378,0.999973166766684
"R-HSA-156580",0.0111576994121879,78,0.730937726193221,0.998523968293367,0.999999999998314,103279,42,43,1.03356445971651,0.30706648234301,0.999973166766684
"R-HSA-8866654",0.00869752504617922,58,0.697256767322677,0.998539693733752,0.999999999998314,78107,23,23,1.05817313732881,0.271916031443921,0.999973166766684
"R-HSA-9013406",0.0137199098716239,99,0.754474157429457,0.998619412269781,0.999999999998314,137802,36,39,0.976775203688132,0.835436676858679,0.999973166766684
"R-HSA-6803157",0.00958836851650039,65,0.708808753009558,0.998635995013335,0.999999999998314,319448,23,26,0.936076236867794,0.94839668969653,0.999973166766684
"R-HSA-373076",0.0323981690306782,257,0.82941729869948,0.999223167113986,0.999999999998314,153965,135,141,1.01314449318716,0.336319612038046,0.999973166766684
"R-HSA-9856651",0.0194167059382903,144,0.775438520794681,0.99941011439638,0.999999999998314,172749,44,45,1.0346581787215,0.28323920461208,0.999973166766684
"R-HSA-164952",0.0083543366391625,53,0.663321892166556,0.999450959006411,0.999999999998314,87436,15,16,0.99203731624576,0.781371519784154,0.999973166766684
"R-HSA-1461973",0.00775237628386652,48,0.647391250552304,0.999525501551605,0.999999999998314,430111,10,13,0.813979336406777,0.995668636351154,0.999973166766684
"R-HSA-500792",0.0472457355224458,385,0.852037182492682,0.999551213282929,0.999999999998314,148889,194,205,1.0013931153258,0.545872475155734,0.999973166766684
"R-HSA-9730414",0.0273126690958971,210,0.803925092344509,0.999593132479244,0.999999999998314,173982,68,71,1.01346159631492,0.4467438210765,0.999973166766684
"R-HSA-388841",0.0115958234628315,78,0.703320765794121,0.999604859593814,0.999999999998314,70116,35,36,1.02877943906968,0.40356329910605,0.999973166766684
"R-HSA-9748784",0.0105128733784676,69,0.686259057818631,0.999652620441642,0.999999999998314,91680,37,38,1.03032647582016,0.373857936713206,0.999973166766684
"R-HSA-202424",0.0111003698545407,73,0.687615793688941,0.999737832934648,0.999999999998314,92200,33,34,1.02705039799561,0.435001846123997,0.999973166766684
"R-HSA-1461957",0.00723193961146339,42,0.607232394205544,0.99983216844021,0.999999999998314,472932,7,10,0.740721196130167,0.998548311758666,0.999973166766684
"R-HSA-9824585",0.0106258231262176,67,0.659284177085577,0.999900829252381,0.999999999998314,149181,19,20,1.00526448046237,0.698236308995411,0.999973166766684
"R-HSA-420499",0.00402937377188516,18,0.467084421298575,0.999920456338841,0.999999999998314,209120,11,14,0.831421750758351,0.994196126895205,0.999973166766684
"R-HSA-381753",0.0152091634723409,101,0.694346864221366,0.999962930140828,0.999999999998314,83572,65,76,0.905016499031219,0.999177854124419,0.999973166766684
"R-HSA-9709957",0.0360727832921683,271,0.785507020045379,0.999988451331964,0.999999999998314,105697,145,167,0.918773083309446,0.999960642904567,0.999973166766684
"R-HSA-1236975",0.0135200453587252,84,0.649623265085388,0.999992210664336,0.999999999998314,83574,28,30,0.987628261506889,0.773462873049509,0.999973166766684
"R-HSA-202433",0.00943820715220419,52,0.576068689485336,0.999995520473485,0.999999999998314,63231,18,19,1.0024798143115,0.719012950844803,0.999973166766684
"R-HSA-1280215",0.0809611694808993,658,0.849785963482075,0.999996284913645,0.999999999998314,119798,312,334,0.988473110319128,0.84484342531607,0.999973166766684
"R-HSA-198933",0.0166903961945797,107,0.67031287970437,0.999996566032683,0.999999999998314,56899,51,54,0.999385740810543,0.654580880871858,0.999973166766684
"R-HSA-909733",0.0142364018496935,86,0.631624031761914,0.99999854833621,0.999999999998314,66175,27,32,0.892833584621184,0.992862715409969,0.999973166766684
"R-HSA-9752946",0.0134206390615204,79,0.615480541727689,0.999999016552843,0.999999999998314,85858,61,72,0.896507796903575,0.999502932473285,0.999973166766684
"R-HSA-913531",0.0381942399047383,280,0.766514883914739,0.999999031825984,0.999999999998314,82076,111,121,0.970720811929735,0.931460474021035,0.999973166766684
"R-HSA-164938",0.006788424478564,31,0.477477746565083,0.999999037424472,0.999999999998314,59770,9,10,0.952355823595929,0.898692450303967,0.999973166766684
"R-HSA-156588",0.00559502295286143,23,0.429819778545864,0.999999141547509,0.999999999998314,64060,11,11,1.05817313732881,0.536674318931889,0.999973166766684
"R-HSA-264876",0.00465026865998208,17,0.382235755475519,0.999999203704129,0.999999999998314,240655,11,12,0.969992042551409,0.861639520016197,0.999973166766684
"R-HSA-1236974",0.0128433987907145,74,0.602437759340541,0.999999299419641,0.999999999998314,84473,21,23,0.966158081908914,0.870309920251054,0.999973166766684
"R-HSA-164940",0.00553545806842519,22,0.415555991229483,0.999999513664601,0.999999999998314,33826,4,5,0.846538509863048,0.973008398200109,0.999973166766684
"R-HSA-9749641",0.00764613251648356,33,0.451265935996013,0.99999995272758,0.999999999998314,74720,17,18,0.999385740810543,0.739838609145694,0.999973166766684
"R-HSA-202427",0.00854815262074972,39,0.477037776448638,0.999999953184585,0.999999999998314,43190,12,12,1.05817313732881,0.507132027924225,0.999973166766684
"R-HSA-389948",0.00808714934297171,35,0.452515035354135,0.99999997779246,0.999999999998314,30084,12,12,1.05817313732881,0.507132027924225,0.999973166766684
"R-HSA-9619665",0.012278913031587,63,0.536464586937209,0.99999998813794,0.999999999998314,115004,18,18,1.05817313732881,0.361009967672346,0.999973166766684
"R-HSA-202430",0.00784547107013772,32,0.426472847183351,0.999999993525747,0.999999999998314,27790,10,10,1.05817313732881,0.567933623204812,0.999973166766684
"R-HSA-983170",0.0106000511232386,49,0.483335342407605,0.99999999766241,0.999999999998314,44227,11,12,0.969992042551409,0.861639520016197,0.999973166766684
"R-HSA-1236977",0.0104238547763411,46,0.461413091060361,0.999999999436411,0.999999999998314,46246,9,10,0.952355823595929,0.898692450303967,0.999973166766684
"R-HSA-877300",0.0259074374844842,148,0.597307116493394,0.999999999998314,0.999999999998314,67361,46,51,0.954430672884809,0.940568815309746,0.999973166766684
