cohort	tissue	population	vmr_set	modality	vmr_id	seqnames	start	end	h2_category	h2_unscaled	n_pairs_tested	n_features_tested	n_sig_fdr_05	n_sig_fdr_10	min_p	min_fdr	max_abs_beta	strongest_beta
all_individuals	dlpfc	AA	shared	expression_nearest_gene	chr10_100025847_100026058	chr10	100025847	100026058	Heritable	0.121505817317528	1	1	0	0	0.741092074598663	0.997818244032116	0.0471403331020284	0.0471403331020284
all_individuals	dlpfc	AA	shared	expression_nearest_gene	chr10_100982514_100983141	chr10	100982514	100983141	Non-heritable	0.0421336316036592	1	1	0	0	0.226450175039673	0.946221291794661	0.207168866443475	-0.207168866443475
all_individuals	dlpfc	AA	shared	expression_nearest_gene	chr10_101033653_101034328	chr10	101033653	101034328	Non-heritable	0.0773040584947012	1	1	0	0	0.715901996821303	0.997818244032116	0.0607742230402408	0.0607742230402408
all_individuals	dlpfc	AA	shared	expression_nearest_gene	chr10_101150691_101151624	chr10	101150691	101151624	Heritable	0.122426199534757	1	1	0	0	0.137460188166747	0.886987978379458	0.0239542247062992	0.0239542247062992
all_individuals	dlpfc	AA	shared	expression_nearest_gene	chr10_10157082_10157472	chr10	10157082	10157472	Heritable	0.122334292752365	1	1	0	0	0.108979493707274	0.883990562377908	0.0898618637101018	0.0898618637101018
all_individuals	dlpfc	AA	shared	expression_nearest_gene	chr10_103555954_103556881	chr10	103555954	103556881	Heritable	0.247772476161109	1	1	0	0	0.621769797903153	0.997818244032116	0.132058145684177	0.132058145684177
all_individuals	dlpfc	AA	shared	expression_nearest_gene	chr10_103626138_103626455	chr10	103626138	103626455	Heritable	0.25688750750304	1	1	0	0	0.450703945259045	0.997818244032116	0.128776079114282	0.128776079114282
all_individuals	dlpfc	AA	shared	expression_nearest_gene	chr10_103727172_103728245	chr10	103727172	103728245	Heritable	0.140028115110417	1	1	0	0	0.0848023881795615	0.845216945719577	0.22841828899783	0.22841828899783
all_individuals	dlpfc	AA	shared	expression_nearest_gene	chr10_103852988_103853706	chr10	103852988	103853706	Heritable	0.188463260340157	1	1	0	0	0.152175258796584	0.904410021462801	0.236673424470951	0.236673424470951
all_individuals	dlpfc	AA	shared	expression_nearest_gene	chr10_104275250_104275792	chr10	104275250	104275792	Heritable	0.433763077272846	1	1	1	1	5.40439421578648e-17	2.35256682241625e-14	2.23479729574394	-2.23479729574394
all_individuals	dlpfc	AA	shared	expression_nearest_gene	chr10_106735808_106737102	chr10	106735808	106737102	Heritable	0.430013162440025	1	1	0	0	0.245645157770719	0.958038504795448	0.186286684399362	-0.186286684399362
all_individuals	dlpfc	AA	shared	expression_nearest_gene	chr10_108315790_108316106	chr10	108315790	108316106	Heritable	0.176787105377847	1	1	0	0	0.406118126505096	0.997818244032116	0.209378173069375	-0.209378173069375
all_individuals	dlpfc	AA	shared	expression_nearest_gene	chr10_108396663_108398076	chr10	108396663	108398076	Heritable	0.66877457845248	1	1	0	0	0.130100667922924	0.885502111448744	0.411461075875519	-0.411461075875519
all_individuals	dlpfc	AA	shared	expression_nearest_gene	chr10_108567301_108567553	chr10	108567301	108567553	Heritable	0.142477282816109	1	1	0	0	0.413173188248927	0.997818244032116	0.00274950517756158	-0.00274950517756158
all_individuals	dlpfc	AA	shared	expression_nearest_gene	chr10_11004416_11004925	chr10	11004416	11004925	Heritable	0.133588168857325	1	1	0	0	0.168343640293307	0.911713995663319	0.242936806277509	-0.242936806277509
all_individuals	dlpfc	AA	shared	expression_nearest_gene	chr10_11019826_11020522	chr10	11019826	11020522	Heritable	0.132206882777749	1	1	0	0	0.61365881248191	0.997818244032116	0.0798253006393921	0.0798253006393921
all_individuals	dlpfc	AA	shared	expression_nearest_gene	chr10_110499184_110501122	chr10	110499184	110501122	Heritable	0.111569308491395	1	1	0	0	0.454083139398208	0.997818244032116	0.293880831451484	-0.293880831451484
all_individuals	dlpfc	AA	shared	expression_nearest_gene	chr10_110504201_110511377	chr10	110504201	110511377	Heritable	0.109681486493547	1	1	0	0	0.763972608438557	0.997818244032116	0.131113544137303	-0.131113544137303
all_individuals	dlpfc	AA	shared	expression_nearest_gene	chr10_11276221_11276628	chr10	11276221	11276628	Heritable	0.141724310392475	1	1	0	0	0.287805627390223	0.983008463446871	0.175376919484014	-0.175376919484014
all_individuals	dlpfc	AA	shared	expression_nearest_gene	chr10_112953079_112953633	chr10	112953079	112953633	Heritable	0.10489422786043	1	1	0	0	0.520931190423334	0.997818244032116	0.1447343101892	0.1447343101892
all_individuals	dlpfc	AA	shared	expression_nearest_gene	chr10_112991920_112992489	chr10	112991920	112992489	Heritable	0.111155835970679	1	1	0	0	0.727980309783571	0.997818244032116	0.0641922597641091	-0.0641922597641091
all_individuals	dlpfc	AA	shared	expression_nearest_gene	chr10_113259401_113259917	chr10	113259401	113259917	Non-heritable	0.082205810115582	1	1	0	0	0.42170121678948	0.997818244032116	0.181219967488357	0.181219967488357
all_individuals	dlpfc	AA	shared	expression_nearest_gene	chr10_11379507_11380217	chr10	11379507	11380217	Heritable	0.108069512931098	1	1	0	0	0.600522868902051	0.997818244032116	0.0826256962454437	0.0826256962454437
all_individuals	dlpfc	AA	shared	expression_nearest_gene	chr10_113978647_113979418	chr10	113978647	113979418	Heritable	0.128366988237649	1	1	0	0	0.582912308791535	0.997818244032116	0.0890809007694031	0.0890809007694031
all_individuals	dlpfc	AA	shared	expression_nearest_gene	chr10_114337977_114338339	chr10	114337977	114338339	Heritable	0.10406351145269	1	1	0	0	0.274000123673805	0.975445498063831	0.215668166502681	0.215668166502681
all_individuals	dlpfc	AA	shared	expression_nearest_gene	chr10_11447728_11448264	chr10	11447728	11448264	Heritable	0.121060557884217	1	1	0	0	0.698942085288971	0.997818244032116	0.0802565544504645	-0.0802565544504645
all_individuals	dlpfc	AA	shared	expression_nearest_gene	chr10_114486574_114488008	chr10	114486574	114488008	Heritable	0.113867902642663	1	1	0	0	0.707825031355946	0.997818244032116	0.0456856228081222	0.0456856228081222
all_individuals	dlpfc	AA	shared	expression_nearest_gene	chr10_114492772_114493126	chr10	114492772	114493126	Heritable	0.131371188620187	1	1	0	0	0.960274797506238	0.997818244032116	0.00620550992784885	0.00620550992784885
all_individuals	dlpfc	AA	shared	expression_nearest_gene	chr10_114516956_114525451	chr10	114516956	114525451	Heritable	0.121875865145672	1	1	0	0	0.769971199273882	0.997818244032116	0.0344613392373638	0.0344613392373638
all_individuals	dlpfc	AA	shared	expression_nearest_gene	chr10_114544626_114545556	chr10	114544626	114545556	Heritable	0.112037137913224	1	1	0	0	0.653804744995856	0.997818244032116	0.0494748843020574	0.0494748843020574
all_individuals	dlpfc	AA	shared	expression_nearest_gene	chr10_116803558_116803810	chr10	116803558	116803810	Heritable	0.140842019445447	1	1	0	0	0.291324190113927	0.983008463446871	0.111146471560012	-0.111146471560012
all_individuals	dlpfc	AA	shared	expression_nearest_gene	chr10_117133298_117133536	chr10	117133298	117133536	Heritable	0.129408963515916	1	1	0	0	0.886375772760648	0.997818244032116	0.0364774573367797	-0.0364774573367797
all_individuals	dlpfc	AA	shared	expression_nearest_gene	chr10_117535950_117536903	chr10	117535950	117536903	Heritable	0.190240886776098	1	1	0	0	0.270594658256769	0.972463717403515	0.243646899660432	0.243646899660432
all_individuals	dlpfc	AA	shared	expression_nearest_gene	chr10_11869637_11870117	chr10	11869637	11870117	Heritable	0.173554155703625	1	1	0	0	0.361551418071887	0.997818244032116	0.185696417602595	0.185696417602595
all_individuals	dlpfc	AA	shared	expression_nearest_gene	chr10_11870250_11870536	chr10	11870250	11870536	Heritable	0.104271370179302	1	1	0	0	0.0729354138913181	0.825767443291942	0.355720113923015	0.355720113923015
all_individuals	dlpfc	AA	shared	expression_nearest_gene	chr10_1187120_1187641	chr10	1187120	1187641	Heritable	0.107595613429092	1	1	0	0	0.086547088439812	0.851774212145031	0.606894485229496	-0.606894485229496
all_individuals	dlpfc	AA	shared	expression_nearest_gene	chr10_118818717_118819072	chr10	118818717	118819072	Non-heritable	0.083487986748839	1	1	0	0	0.719483856718861	0.997818244032116	0.0637926762316576	-0.0637926762316576
all_individuals	dlpfc	AA	shared	expression_nearest_gene	chr10_118908369_118909498	chr10	118908369	118909498	Heritable	0.123097352299786	1	1	0	0	0.745854007340932	0.997818244032116	0.0536115734715725	0.0536115734715725
all_individuals	dlpfc	AA	shared	expression_nearest_gene	chr10_118965649_118966425	chr10	118965649	118966425	Heritable	0.182762574396837	1	1	0	0	0.893316338482389	0.997818244032116	0.0224791407916451	0.0224791407916451
all_individuals	dlpfc	AA	shared	expression_nearest_gene	chr10_119412452_119413234	chr10	119412452	119413234	Heritable	0.21349771848229	1	1	0	0	0.752768519933687	0.997818244032116	0.0635939343912035	-0.0635939343912035
all_individuals	dlpfc	AA	shared	expression_nearest_gene	chr10_119618552_119619396	chr10	119618552	119619396	Heritable	0.181380969199923	1	1	0	0	0.748528929393267	0.997818244032116	0.055324631503062	0.055324631503062
all_individuals	dlpfc	AA	shared	expression_nearest_gene	chr10_120574450_120575718	chr10	120574450	120575718	Heritable	0.157235850265697	1	1	0	0	0.923472188460463	0.997818244032116	0.0255055221283715	-0.0255055221283715
all_individuals	dlpfc	AA	shared	expression_nearest_gene	chr10_120917025_120917304	chr10	120917025	120917304	Heritable	0.123607275898641	1	1	0	0	0.0315141435313661	0.640887155891432	0.322329640219863	0.322329640219863
all_individuals	dlpfc	AA	shared	expression_nearest_gene	chr10_121648343_121648807	chr10	121648343	121648807	Heritable	0.125773313166816	1	1	0	0	0.133329559821841	0.886987978379458	0.302055606889468	-0.302055606889468
all_individuals	dlpfc	AA	shared	expression_nearest_gene	chr10_121994766_121995424	chr10	121994766	121995424	Heritable	0.116931988570255	1	1	0	0	0.466027416134427	0.997818244032116	0.190606314703423	0.190606314703423
all_individuals	dlpfc	AA	shared	expression_nearest_gene	chr10_122463990_122465167	chr10	122463990	122465167	Heritable	0.138307771163786	1	1	0	0	0.0139126179657812	0.390189828046844	0.526884926778379	-0.526884926778379
all_individuals	dlpfc	AA	shared	expression_nearest_gene	chr10_122557007_122557196	chr10	122557007	122557196	Heritable	0.599512446893179	1	1	0	0	0.00685730729069135	0.235397644674853	0.939904708938755	0.939904708938755
all_individuals	dlpfc	AA	shared	expression_nearest_gene	chr10_12388269_12389073	chr10	12388269	12389073	Heritable	0.104485710318238	1	1	0	0	0.520809120998718	0.997818244032116	0.127435322398384	-0.127435322398384
all_individuals	dlpfc	AA	shared	expression_nearest_gene	chr10_123991482_123992394	chr10	123991482	123992394	Non-heritable	0.0818198365374401	1	1	0	0	0.493848222170234	0.997818244032116	0.0811663402807206	-0.0811663402807206
all_individuals	dlpfc	AA	shared	expression_nearest_gene	chr10_124349023_124350072	chr10	124349023	124350072	Heritable	0.116323346882422	1	1	0	0	0.886592761002952	0.997818244032116	0.0226846632820994	-0.0226846632820994
all_individuals	dlpfc	AA	shared	expression_nearest_gene	chr10_124521572_124522042	chr10	124521572	124522042	Heritable	0.10680489644887	1	1	0	0	0.654978305556191	0.997818244032116	0.0866323730708558	-0.0866323730708558
all_individuals	dlpfc	AA	shared	expression_nearest_gene	chr10_124560289_124560780	chr10	124560289	124560780	Heritable	0.102880189350285	1	1	0	0	0.963870851426736	0.997818244032116	0.0102273827678307	0.0102273827678307
all_individuals	dlpfc	AA	shared	expression_nearest_gene	chr10_124588930_124590236	chr10	124588930	124590236	Heritable	0.119479103675733	1	1	0	0	0.110048054394128	0.885502111448744	0.344151423812782	-0.344151423812782
all_individuals	dlpfc	AA	shared	expression_nearest_gene	chr10_124605021_124606277	chr10	124605021	124606277	Heritable	0.120014422149351	1	1	0	0	0.241957871737405	0.95502009606648	0.255758372565836	-0.255758372565836
all_individuals	dlpfc	AA	shared	expression_nearest_gene	chr10_124642073_124642502	chr10	124642073	124642502	Heritable	0.160940536317703	1	1	0	0	0.427210152155835	0.997818244032116	0.158558960544767	-0.158558960544767
all_individuals	dlpfc	AA	shared	expression_nearest_gene	chr10_124670992_124671267	chr10	124670992	124671267	Heritable	0.110457105866712	1	1	0	0	0.583803559039386	0.997818244032116	0.108249733366002	-0.108249733366002
all_individuals	dlpfc	AA	shared	expression_nearest_gene	chr10_124672100_124672676	chr10	124672100	124672676	Heritable	0.11336425952928	1	1	0	0	0.521206676129707	0.997818244032116	0.119067409360902	-0.119067409360902
all_individuals	dlpfc	AA	shared	expression_nearest_gene	chr10_124864229_124864961	chr10	124864229	124864961	Heritable	0.12551970918177	1	1	0	0	0.901005110643354	0.997818244032116	0.0152770444577222	-0.0152770444577222
all_individuals	dlpfc	AA	shared	expression_nearest_gene	chr10_124994837_124995147	chr10	124994837	124995147	Heritable	0.127516612828851	1	1	0	0	0.199122071387885	0.931624393086991	0.194403122171742	-0.194403122171742
all_individuals	dlpfc	AA	shared	expression_nearest_gene	chr10_125000359_125000753	chr10	125000359	125000753	Heritable	0.176765547433806	1	1	0	0	0.502400007041458	0.997818244032116	0.0910331840699854	-0.0910331840699854
all_individuals	dlpfc	AA	shared	expression_nearest_gene	chr10_125007237_125007345	chr10	125007237	125007345	Heritable	0.112244829896517	1	1	0	0	0.712961509784429	0.997818244032116	0.0446290690837472	-0.0446290690837472
all_individuals	dlpfc	AA	shared	expression_nearest_gene	chr10_125014131_125014593	chr10	125014131	125014593	Heritable	0.161622712537491	1	1	0	0	0.29300761683239	0.983008463446871	0.142098317356169	-0.142098317356169
all_individuals	dlpfc	AA	shared	expression_nearest_gene	chr10_125023385_125023627	chr10	125023385	125023627	Heritable	0.106797487763686	1	1	0	0	0.172128784828751	0.911713995663319	0.173922101107991	-0.173922101107991
all_individuals	dlpfc	AA	shared	expression_nearest_gene	chr10_125027160_125028754	chr10	125027160	125028754	Heritable	0.154904893796281	1	1	0	0	0.602733104315336	0.997818244032116	0.0664925121759232	-0.0664925121759232
all_individuals	dlpfc	AA	shared	expression_nearest_gene	chr10_125033013_125033502	chr10	125033013	125033502	Heritable	0.11834540128306	1	1	0	0	0.343198045915282	0.997818244032116	0.1308957735699	-0.1308957735699
all_individuals	dlpfc	AA	shared	expression_nearest_gene	chr10_125137856_125138558	chr10	125137856	125138558	Heritable	0.121297424947213	1	1	0	0	0.354119199240624	0.997818244032116	0.122985601865469	-0.122985601865469
all_individuals	dlpfc	AA	shared	expression_nearest_gene	chr10_125152720_125154227	chr10	125152720	125154227	Heritable	0.106607114165974	1	1	0	0	0.550921102742754	0.997818244032116	0.0818492773939425	-0.0818492773939425
all_individuals	dlpfc	AA	shared	expression_nearest_gene	chr10_125331098_125331939	chr10	125331098	125331939	Heritable	0.144292227760627	1	1	0	0	0.179491863664676	0.912803419250373	0.174429806559212	-0.174429806559212
all_individuals	dlpfc	AA	shared	expression_nearest_gene	chr10_125773981_125774364	chr10	125773981	125774364	Heritable	0.101609403876519	1	1	0	0	0.448788072643405	0.997818244032116	0.1121942625983	0.1121942625983
all_individuals	dlpfc	AA	shared	expression_nearest_gene	chr10_125895498_125896668	chr10	125895498	125896668	Heritable	0.118812637333682	1	1	0	0	0.28706871201666	0.982732919677553	0.130099381321898	-0.130099381321898
all_individuals	dlpfc	AA	shared	expression_nearest_gene	chr10_125905003_125906472	chr10	125905003	125906472	Heritable	0.121709542239875	1	1	0	0	0.0726902731287104	0.825169211627768	0.315800173833843	-0.315800173833843
all_individuals	dlpfc	AA	shared	expression_nearest_gene	chr10_125907494_125908509	chr10	125907494	125908509	Heritable	0.119789650361753	1	1	0	0	0.0201604690456647	0.483288115502498	0.43235102636767	-0.43235102636767
all_individuals	dlpfc	AA	shared	expression_nearest_gene	chr10_125914135_125915192	chr10	125914135	125915192	Non-heritable	0.0768601236479531	1	1	0	0	0.144246747872501	0.886987978379458	0.325685382879962	-0.325685382879962
all_individuals	dlpfc	AA	shared	expression_nearest_gene	chr10_1264061_1264582	chr10	1264061	1264582	Heritable	0.181686966368709	1	1	0	0	0.231963478683637	0.947930352176406	0.478348957645473	0.478348957645473
all_individuals	dlpfc	AA	shared	expression_nearest_gene	chr10_126881904_126882064	chr10	126881904	126882064	Heritable	0.355326479310415	1	1	0	0	0.0572248776416856	0.794603662642371	0.31522608832978	-0.31522608832978
all_individuals	dlpfc	AA	shared	expression_nearest_gene	chr10_127012944_127013053	chr10	127012944	127013053	Non-heritable	0.094023715877636	1	1	0	0	0.0870979837959056	0.852417590912265	0.296427401208149	0.296427401208149
all_individuals	dlpfc	AA	shared	expression_nearest_gene	chr10_127395592_127396182	chr10	127395592	127396182	Heritable	0.128417791053973	1	1	0	0	0.270590160529178	0.972463717403515	0.175482789262199	-0.175482789262199
all_individuals	dlpfc	AA	shared	expression_nearest_gene	chr10_129033138_129033314	chr10	129033138	129033314	Non-heritable	0.0767152104727254	1	1	0	0	0.54690286371632	0.997818244032116	0.0117172025359377	-0.0117172025359377
all_individuals	dlpfc	AA	shared	expression_nearest_gene	chr10_129590891_129591195	chr10	129590891	129591195	Non-heritable	0.0982873941817583	1	1	0	0	0.706773615572089	0.997818244032116	0.0789432696304626	0.0789432696304626
all_individuals	dlpfc	AA	shared	expression_nearest_gene	chr10_129844953_129845562	chr10	129844953	129845562	Non-heritable	0.0901125654496608	1	1	0	0	0.265281102904921	0.972186490858339	0.135219233216662	-0.135219233216662
all_individuals	dlpfc	AA	shared	expression_nearest_gene	chr10_129893314_129893741	chr10	129893314	129893741	Non-heritable	0.0505581927387469	1	1	0	0	0.93171363677405	0.997818244032116	0.0122294020235673	-0.0122294020235673
all_individuals	dlpfc	AA	shared	expression_nearest_gene	chr10_129898137_129899450	chr10	129898137	129899450	Heritable	0.115973009392653	1	1	0	0	0.292883331149298	0.983008463446871	0.138251122215527	-0.138251122215527
all_individuals	dlpfc	AA	shared	expression_nearest_gene	chr10_130254554_130254838	chr10	130254554	130254838	Heritable	0.41462056202996	1	1	0	0	0.255991714281811	0.961874295957314	0.129429209336107	-0.129429209336107
all_individuals	dlpfc	AA	shared	expression_nearest_gene	chr10_131617244_131617379	chr10	131617244	131617379	Heritable	0.166611625739658	1	1	0	0	0.764744097102216	0.997818244032116	0.169953381890858	-0.169953381890858
all_individuals	dlpfc	AA	shared	expression_nearest_gene	chr10_131748890_131749196	chr10	131748890	131749196	Heritable	0.165686635539708	1	1	0	0	0.391991958708535	0.997818244032116	0.454433491053512	-0.454433491053512
all_individuals	dlpfc	AA	shared	expression_nearest_gene	chr10_131905300_131906089	chr10	131905300	131906089	Heritable	0.100090537330974	1	1	0	0	0.52113462858908	0.997818244032116	0.0905564965527796	-0.0905564965527796
all_individuals	dlpfc	AA	shared	expression_nearest_gene	chr10_131910954_131911384	chr10	131910954	131911384	Heritable	0.155929943542893	1	1	0	0	0.342303592976444	0.997818244032116	0.136081011674609	-0.136081011674609
all_individuals	dlpfc	AA	shared	expression_nearest_gene	chr10_132078638_132079154	chr10	132078638	132079154	Heritable	0.127410690609621	1	1	0	0	0.582900900697326	0.997818244032116	0.139952768918711	0.139952768918711
all_individuals	dlpfc	AA	shared	expression_nearest_gene	chr10_132113193_132113956	chr10	132113193	132113956	Non-heritable	0.0891818304447004	1	1	0	0	0.29458905281464	0.983008463446871	0.277399718628843	0.277399718628843
all_individuals	dlpfc	AA	shared	expression_nearest_gene	chr10_132180449_132180786	chr10	132180449	132180786	Heritable	0.103250059153209	1	1	0	0	0.812608156245607	0.997818244032116	0.0633915415585875	-0.0633915415585875
all_individuals	dlpfc	AA	shared	expression_nearest_gene	chr10_132245095_132245386	chr10	132245095	132245386	Heritable	0.101174153862944	1	1	0	0	0.113021435080115	0.885502111448744	0.328481590313547	-0.328481590313547
all_individuals	dlpfc	AA	shared	expression_nearest_gene	chr10_132364061_132364747	chr10	132364061	132364747	Heritable	0.110061163240317	1	1	0	0	0.254988738711743	0.960660313945641	0.158412449135366	-0.158412449135366
all_individuals	dlpfc	AA	shared	expression_nearest_gene	chr10_132539879_132540629	chr10	132539879	132540629	Heritable	0.113646463426207	1	1	0	0	0.754118103682093	0.997818244032116	0.0462472081535736	0.0462472081535736
all_individuals	dlpfc	AA	shared	expression_nearest_gene	chr10_132557863_132558343	chr10	132557863	132558343	Heritable	0.111760545968259	1	1	0	0	0.330664147883072	0.997818244032116	0.144375640275701	-0.144375640275701
all_individuals	dlpfc	AA	shared	expression_nearest_gene	chr10_132627669_132628175	chr10	132627669	132628175	Heritable	0.114458760695438	1	1	0	0	0.205377157656429	0.934398228366064	0.195697761853182	-0.195697761853182
all_individuals	dlpfc	AA	shared	expression_nearest_gene	chr10_132644136_132644463	chr10	132644136	132644463	Heritable	0.10821444504198	1	1	0	0	0.141409626648679	0.886987978379458	0.253017379972988	-0.253017379972988
all_individuals	dlpfc	AA	shared	expression_nearest_gene	chr10_132648140_132649395	chr10	132648140	132649395	Heritable	0.102088820092689	1	1	0	0	0.607299886790163	0.997818244032116	0.0667842074205254	-0.0667842074205254
all_individuals	dlpfc	AA	shared	expression_nearest_gene	chr10_132653016_132653322	chr10	132653016	132653322	Heritable	0.117682124283546	1	1	0	0	0.349579831403227	0.997818244032116	0.14187158833602	-0.14187158833602
all_individuals	dlpfc	AA	shared	expression_nearest_gene	chr10_132662152_132662756	chr10	132662152	132662756	Heritable	0.192796322165093	1	1	0	0	0.322138419754887	0.992958213025082	0.141075361448282	-0.141075361448282
all_individuals	dlpfc	AA	shared	expression_nearest_gene	chr10_132676924_132678034	chr10	132676924	132678034	Heritable	0.160956957249053	1	1	0	0	0.19893914850504	0.931624393086991	0.192578188952982	-0.192578188952982
all_individuals	dlpfc	AA	shared	expression_nearest_gene	chr10_132685184_132685904	chr10	132685184	132685904	Heritable	0.123499187159374	1	1	0	0	0.570234158325121	0.997818244032116	0.0691774901638311	-0.0691774901638311
all_individuals	dlpfc	AA	shared	expression_nearest_gene	chr10_132730190_132730717	chr10	132730190	132730717	Heritable	0.121915697216484	1	1	0	0	0.309372440965777	0.985760877676827	0.146394766075831	-0.146394766075831
all_individuals	dlpfc	AA	shared	expression_nearest_gene	chr10_1327564_1327776	chr10	1327564	1327776	Heritable	0.404958653300981	1	1	0	0	0.326405605103807	0.996163905761335	0.304461324961977	0.304461324961977
all_individuals	dlpfc	AA	shared	expression_nearest_gene	chr10_132879413_132879640	chr10	132879413	132879640	Heritable	0.211865600296403	1	1	0	0	0.987579085582841	0.997818244032116	0.00609278872458852	-0.00609278872458852
all_individuals	dlpfc	AA	shared	expression_nearest_gene	chr10_132906089_132906315	chr10	132906089	132906315	Heritable	0.108286381265261	1	1	0	0	0.705570580816963	0.997818244032116	0.167682853599299	0.167682853599299
all_individuals	dlpfc	AA	shared	expression_nearest_gene	chr10_132958594_132959061	chr10	132958594	132959061	Heritable	0.154003061715846	1	1	0	0	0.0491198024917228	0.771372187047652	0.974947454114528	-0.974947454114528
all_individuals	dlpfc	AA	shared	expression_nearest_gene	chr10_132964779_132965623	chr10	132964779	132965623	Heritable	0.11792636869398	1	1	1	1	1.96338772853479e-13	6.01778338795913e-11	2.13560880087855	-2.13560880087855
all_individuals	dlpfc	AA	shared	expression_nearest_gene	chr10_133124815_133125057	chr10	133124815	133125057	Heritable	0.119754885819381	1	1	0	0	0.43177124883807	0.997818244032116	0.267005110641051	0.267005110641051
all_individuals	dlpfc	AA	shared	expression_nearest_gene	chr10_133167369_133167788	chr10	133167369	133167788	Heritable	0.140431761287232	1	1	0	0	0.847136705443501	0.997818244032116	0.0536568188126978	-0.0536568188126978
all_individuals	dlpfc	AA	shared	expression_nearest_gene	chr10_133365028_133366219	chr10	133365028	133366219	Heritable	0.109399744004373	1	1	0	0	0.253017026822114	0.958517967227171	0.156495886449628	-0.156495886449628
all_individuals	dlpfc	AA	shared	expression_nearest_gene	chr10_133424155_133425206	chr10	133424155	133425206	Heritable	0.106405218239566	1	1	0	0	0.618752217269417	0.997818244032116	0.163326125216683	0.163326125216683
all_individuals	dlpfc	AA	shared	expression_nearest_gene	chr10_133527570_133530046	chr10	133527570	133530046	Heritable	0.268279575680577	1	1	1	1	4.57773240509213e-08	5.95243931825768e-06	1.09692111874838	-1.09692111874838
all_individuals	dlpfc	AA	shared	expression_nearest_gene	chr10_133622691_133622760	chr10	133622691	133622760	Heritable	0.230560572094785	0	0	0	0				
all_individuals	dlpfc	AA	shared	expression_nearest_gene	chr10_133690012_133690310	chr10	133690012	133690310	Heritable	0.138461930780449	0	0	0	0				
all_individuals	dlpfc	AA	shared	expression_nearest_gene	chr10_1363279_1363566	chr10	1363279	1363566	Heritable	0.168715883007063	1	1	0	0	0.127696693401361	0.885502111448744	0.621793623805957	-0.621793623805957
all_individuals	dlpfc	AA	shared	expression_nearest_gene	chr10_13659160_13659520	chr10	13659160	13659520	Heritable	0.105910478017414	1	1	0	0	0.611056120708069	0.997818244032116	0.0901938870123615	-0.0901938870123615
all_individuals	dlpfc	AA	shared	expression_nearest_gene	chr10_1368835_1370068	chr10	1368835	1370068	Heritable	0.311780321364735	1	1	0	0	0.628907645628867	0.997818244032116	0.161389462852114	0.161389462852114
all_individuals	dlpfc	AA	shared	expression_nearest_gene	chr10_13848326_13849399	chr10	13848326	13849399	Non-heritable	0.0944669459935352	1	1	0	0	0.34326764063398	0.997818244032116	0.151784966634128	-0.151784966634128
all_individuals	dlpfc	AA	shared	expression_nearest_gene	chr10_1404276_1404487	chr10	1404276	1404487	Heritable	0.1213155060337	1	1	0	0	0.115977773463328	0.885502111448744	0.656336427278788	-0.656336427278788
all_individuals	dlpfc	AA	shared	expression_nearest_gene	chr10_14481543_14481762	chr10	14481543	14481762	Heritable	0.128212145560135	1	1	0	0	0.379996085266842	0.997818244032116	0.147211162521955	0.147211162521955
all_individuals	dlpfc	AA	shared	expression_nearest_gene	chr10_14563542_14565291	chr10	14563542	14565291	Heritable	0.107947245381286	1	1	0	0	0.634778495309681	0.997818244032116	0.124889848843779	-0.124889848843779
all_individuals	dlpfc	AA	shared	expression_nearest_gene	chr10_14568665_14572017	chr10	14568665	14572017	Heritable	0.100734619650457	1	1	0	0	0.935364908674875	0.997818244032116	0.0220426097367579	-0.0220426097367579
all_individuals	dlpfc	AA	shared	expression_nearest_gene	chr10_1467785_1469622	chr10	1467785	1469622	Heritable	0.493957398920531	1	1	0	0	0.105259799556682	0.877208377020114	0.549202862275564	-0.549202862275564
all_individuals	dlpfc	AA	shared	expression_nearest_gene	chr10_14734964_14736064	chr10	14734964	14736064	Non-heritable	0.0774118524168335	1	1	0	0	0.388412077104126	0.997818244032116	0.251080996442525	0.251080996442525
all_individuals	dlpfc	AA	shared	expression_nearest_gene	chr10_14958618_14958678	chr10	14958618	14958678	Heritable	0.109284301262168	1	1	0	0	0.759126136243442	0.997818244032116	0.0563545472935059	0.0563545472935059
all_individuals	dlpfc	AA	shared	expression_nearest_gene	chr10_14973926_14974282	chr10	14973926	14974282	Heritable	0.350531007418063	1	1	0	0	0.249951264995334	0.958038504795448	0.238587687046732	-0.238587687046732
all_individuals	dlpfc	AA	shared	expression_nearest_gene	chr10_15254733_15254873	chr10	15254733	15254873	Heritable	0.165122147327025	1	1	0	0	0.350315618281696	0.997818244032116	0.14948049049633	-0.14948049049633
all_individuals	dlpfc	AA	shared	expression_nearest_gene	chr10_15314427_15315013	chr10	15314427	15315013	Non-heritable	0.0852306444480112	1	1	0	0	0.167548006598641	0.911713995663319	0.231340787383452	-0.231340787383452
all_individuals	dlpfc	AA	shared	expression_nearest_gene	chr10_1663961_1664161	chr10	1663961	1664161	Heritable	0.115847591567205	1	1	0	0	0.611970837736784	0.997818244032116	0.203566871750031	0.203566871750031
all_individuals	dlpfc	AA	shared	expression_nearest_gene	chr10_16769825_16770131	chr10	16769825	16770131	Heritable	0.136443084478992	1	1	0	0	0.731562192299962	0.997818244032116	0.0692923942676593	0.0692923942676593
all_individuals	dlpfc	AA	shared	expression_nearest_gene	chr10_16832793_16833106	chr10	16832793	16833106	Heritable	0.234917835658752	1	1	0	0	0.996191978772328	0.999640858203536	0.00170765358706682	-0.00170765358706682
all_individuals	dlpfc	AA	shared	expression_nearest_gene	chr10_17227456_17227918	chr10	17227456	17227918	Heritable	0.105800963538801	1	1	0	0	0.546228043883672	0.997818244032116	0.0830646480222247	-0.0830646480222247
all_individuals	dlpfc	AA	shared	expression_nearest_gene	chr10_1754226_1754786	chr10	1754226	1754786	Non-heritable	0.0745968816961692	1	1	0	0	0.828294499075133	0.997818244032116	0.0839800960309276	-0.0839800960309276
all_individuals	dlpfc	AA	shared	expression_nearest_gene	chr10_1848772_1849318	chr10	1848772	1849318	Heritable	0.356154504536839	1	1	0	0	0.733587217061398	0.997818244032116	0.129442383194721	-0.129442383194721
all_individuals	dlpfc	AA	shared	expression_nearest_gene	chr10_18498004_18498447	chr10	18498004	18498447	Heritable	0.11505610486406	1	1	0	0	0.565607198397877	0.997818244032116	0.0881373621262682	0.0881373621262682
all_individuals	dlpfc	AA	shared	expression_nearest_gene	chr10_20935974_20937298	chr10	20935974	20937298	Heritable	0.150330868197758	1	1	0	0	0.668359564834075	0.997818244032116	0.0584161683256497	-0.0584161683256497
all_individuals	dlpfc	AA	shared	expression_nearest_gene	chr10_21167036_21167241	chr10	21167036	21167241	Heritable	0.129581062367159	1	1	0	0	0.347497725147843	0.997818244032116	0.12347359254035	0.12347359254035
all_individuals	dlpfc	AA	shared	expression_nearest_gene	chr10_21518323_21519090	chr10	21518323	21519090	Heritable	0.100372036621915	1	1	0	0	0.402820746918371	0.997818244032116	0.123555274811197	-0.123555274811197
all_individuals	dlpfc	AA	shared	expression_nearest_gene	chr10_21524623_21524902	chr10	21524623	21524902	Heritable	0.11783310022896	1	1	0	0	0.563492818648824	0.997818244032116	0.0904257769624337	-0.0904257769624337
all_individuals	dlpfc	AA	shared	expression_nearest_gene	chr10_21528792_21529537	chr10	21528792	21529537	Heritable	0.131172464307468	1	1	0	0	0.00817709579565681	0.274124359837214	0.444319790168965	0.444319790168965
all_individuals	dlpfc	AA	shared	expression_nearest_gene	chr10_22625751_22626151	chr10	22625751	22626151	Non-heritable	0.0687097628556734	1	1	0	0	0.724919339724351	0.997818244032116	0.0776771358364599	-0.0776771358364599
all_individuals	dlpfc	AA	shared	expression_nearest_gene	chr10_22710157_22711650	chr10	22710157	22711650	Heritable	0.11205179860111	1	1	0	0	0.65676667408046	0.997818244032116	0.0924674323651118	-0.0924674323651118
all_individuals	dlpfc	AA	shared	expression_nearest_gene	chr10_23345379_23345483	chr10	23345379	23345483	Heritable	0.105694979288561	1	1	0	0	0.960375049074303	0.997818244032116	0.00964860745640705	-0.00964860745640705
all_individuals	dlpfc	AA	shared	expression_nearest_gene	chr10_24784094_24784440	chr10	24784094	24784440	Heritable	0.131258246010638	1	1	0	0	0.267370758323516	0.972463717403515	0.133793126983718	0.133793126983718
all_individuals	dlpfc	AA	shared	expression_nearest_gene	chr10_25717618_25717963	chr10	25717618	25717963	Heritable	0.653085269668887	1	1	0	0	0.268882245134743	0.972463717403515	0.495248788075172	-0.495248788075172
all_individuals	dlpfc	AA	shared	expression_nearest_gene	chr10_26071930_26073625	chr10	26071930	26073625	Heritable	0.681107396619897	1	1	0	0	0.0268593067499291	0.580378919021108	0.541446646535841	-0.541446646535841
all_individuals	dlpfc	AA	shared	expression_nearest_gene	chr10_26219052_26219663	chr10	26219052	26219663	Heritable	0.100264099396648	1	1	0	0	0.0843863927749195	0.845216945719577	0.414941823994216	0.414941823994216
all_individuals	dlpfc	AA	shared	expression_nearest_gene	chr10_2681016_2681999	chr10	2681016	2681999	Heritable	0.101059863189144	1	1	0	0	0.902164410554669	0.997818244032116	0.0607012095192552	-0.0607012095192552
all_individuals	dlpfc	AA	shared	expression_nearest_gene	chr10_26945501_26946928	chr10	26945501	26946928	Heritable	0.15813994600294	1	1	1	1	5.20838091706693e-18	3.72486041918903e-15	3.03690344496815	-3.03690344496815
all_individuals	dlpfc	AA	shared	expression_nearest_gene	chr10_27252791_27252892	chr10	27252791	27252892	Heritable	0.101564210202425	1	1	0	0	0.121866018207094	0.885502111448744	0.413530247927236	0.413530247927236
all_individuals	dlpfc	AA	shared	expression_nearest_gene	chr10_27319273_27320234	chr10	27319273	27320234	Heritable	0.286580842598475	1	1	0	0	0.241676004580463	0.95502009606648	0.143221837305029	0.143221837305029
all_individuals	dlpfc	AA	shared	expression_nearest_gene	chr10_28471483_28472089	chr10	28471483	28472089	Heritable	0.111942359212202	1	1	0	0	0.404190661942059	0.997818244032116	0.102324731535914	-0.102324731535914
all_individuals	dlpfc	AA	shared	expression_nearest_gene	chr10_29245586_29245820	chr10	29245586	29245820	Heritable	0.113080479701769	1	1	0	0	0.570235398548961	0.997818244032116	0.0048450765157495	0.0048450765157495
all_individuals	dlpfc	AA	shared	expression_nearest_gene	chr10_29252964_29254065	chr10	29252964	29254065	Heritable	0.108439085717336	1	1	0	0	0.516667363369143	0.997818244032116	0.0055785708372937	-0.0055785708372937
all_individuals	dlpfc	AA	shared	expression_nearest_gene	chr10_29731788_29732278	chr10	29731788	29732278	Heritable	0.115352457741815	1	1	0	0	0.0169934744334529	0.447355820821758	0.776294051944843	0.776294051944843
all_individuals	dlpfc	AA	shared	expression_nearest_gene	chr10_29960147_29960684	chr10	29960147	29960684	Heritable	0.138297272560654	1	1	0	0	0.941727787720834	0.997818244032116	0.00375356983632937	0.00375356983632937
all_individuals	dlpfc	AA	shared	expression_nearest_gene	chr10_3078161_3078313	chr10	3078161	3078313	Non-heritable	0.0854222701475292	1	1	0	0	0.145362012925213	0.886987978379458	0.332992754723424	-0.332992754723424
all_individuals	dlpfc	AA	shared	expression_nearest_gene	chr10_30781641_30782007	chr10	30781641	30782007	Heritable	0.115945324377223	1	1	0	0	0.647980420900986	0.997818244032116	0.0607506264038307	0.0607506264038307
all_individuals	dlpfc	AA	shared	expression_nearest_gene	chr10_3100968_3101615	chr10	3100968	3101615	Heritable	0.141292913959569	1	1	0	0	0.279813456297335	0.980483660900014	0.223198533597966	-0.223198533597966
all_individuals	dlpfc	AA	shared	expression_nearest_gene	chr10_3126871_3127293	chr10	3126871	3127293	Non-heritable	0.0795726952234053	1	1	0	0	0.560055976953438	0.997818244032116	0.137895984366979	-0.137895984366979
all_individuals	dlpfc	AA	shared	expression_nearest_gene	chr10_3169333_3169727	chr10	3169333	3169727	Heritable	0.107295352818476	1	1	0	0	0.819137525148372	0.997818244032116	0.0316682257661469	-0.0316682257661469
all_individuals	dlpfc	AA	shared	expression_nearest_gene	chr10_32344638_32344710	chr10	32344638	32344710	Heritable	0.158981959044739	1	1	0	0	0.171926825385136	0.911713995663319	0.181934994539068	0.181934994539068
all_individuals	dlpfc	AA	shared	expression_nearest_gene	chr10_32938597_32938782	chr10	32938597	32938782	Heritable	0.102411816586158	1	1	0	0	0.75751629914103	0.997818244032116	0.0460019435581263	-0.0460019435581263
all_individuals	dlpfc	AA	shared	expression_nearest_gene	chr10_33790725_33791907	chr10	33790725	33791907	Heritable	0.137165447002489	1	1	0	0	0.060225521268956	0.795162190046432	0.0190803887485013	-0.0190803887485013
all_individuals	dlpfc	AA	shared	expression_nearest_gene	chr10_34768986_34769284	chr10	34768986	34769284	Heritable	0.124231693124481	1	1	0	0	0.47695472819089	0.997818244032116	0.12333872603876	0.12333872603876
all_individuals	dlpfc	AA	shared	expression_nearest_gene	chr10_3570574_3570998	chr10	3570574	3570998	Heritable	0.10674730193362	1	1	0	0	0.191936540799209	0.924559060738879	0.0965769242584952	-0.0965769242584952
all_individuals	dlpfc	AA	shared	expression_nearest_gene	chr10_3780519_3781233	chr10	3780519	3781233	Heritable	0.11371868049895	1	1	0	0	0.778194215512252	0.997818244032116	0.0837528249909383	-0.0837528249909383
all_individuals	dlpfc	AA	shared	expression_nearest_gene	chr10_3807280_3808543	chr10	3807280	3808543	Non-heritable	0.0806141663228047	1	1	0	0	0.684658157203901	0.997818244032116	0.109953497181044	0.109953497181044
all_individuals	dlpfc	AA	shared	expression_nearest_gene	chr10_3828632_3829445	chr10	3828632	3829445	Heritable	0.105206596960493	1	1	0	0	0.479095579622569	0.997818244032116	0.050508129611762	0.050508129611762
all_individuals	dlpfc	AA	shared	expression_nearest_gene	chr10_42177952_42177983	chr10	42177952	42177983	Heritable	0.118721074543791	1	1	1	1	0.000439766918382069	0.0238865803389552	2.16137694175731	-2.16137694175731
all_individuals	dlpfc	AA	shared	expression_nearest_gene	chr10_42367154_42369185	chr10	42367154	42369185	Heritable	0.187061574023577	1	1	1	1	2.17151295896655e-07	2.51836813700689e-05	3.6516314439505	-3.6516314439505
all_individuals	dlpfc	AA	shared	expression_nearest_gene	chr10_45445419_45446206	chr10	45445419	45446206	Heritable	0.119128432864585	1	1	0	0	0.272050722812129	0.975445498063831	0.199144366821876	0.199144366821876
all_individuals	dlpfc	AA	shared	expression_nearest_gene	chr10_45600383_45601219	chr10	45600383	45601219	Heritable	0.119415470679213	1	1	0	0	0.584247148917294	0.997818244032116	0.0882800457816195	0.0882800457816195
all_individuals	dlpfc	AA	shared	expression_nearest_gene	chr10_46283318_46284151	chr10	46283318	46284151	Heritable	0.554316942686893	1	1	0	0	0.364259400305205	0.997818244032116	0.0536014179993303	-0.0536014179993303
all_individuals	dlpfc	AA	shared	expression_nearest_gene	chr10_46878483_46879487	chr10	46878483	46879487	Low prediction	0.0724291300265038	1	1	0	0	0.749873737533669	0.997818244032116	0.175615244165484	0.175615244165484
all_individuals	dlpfc	AA	shared	expression_nearest_gene	chr10_48140579_48140632	chr10	48140579	48140632	Heritable	0.160613523297086	1	1	0	0	0.0230878778996098	0.527075946919533	0.839389666041304	0.839389666041304
all_individuals	dlpfc	AA	shared	expression_nearest_gene	chr10_48526372_48526829	chr10	48526372	48526829	Heritable	0.102793699260698	1	1	0	0	0.0189131977213763	0.472904187136242	0.468533373305142	-0.468533373305142
all_individuals	dlpfc	AA	shared	expression_nearest_gene	chr10_49114695_49114899	chr10	49114695	49114899	Heritable	0.11694662563452	1	1	0	0	0.182256447181704	0.914000947475704	0.234947154032247	0.234947154032247
all_individuals	dlpfc	AA	shared	expression_nearest_gene	chr10_49396453_49396860	chr10	49396453	49396860	Heritable	0.142446203622355	1	1	0	0	0.0600251347725216	0.795132929405016	0.870948940582567	0.870948940582567
all_individuals	dlpfc	AA	shared	expression_nearest_gene	chr10_49689975_49691019	chr10	49689975	49691019	Heritable	0.147459621367238	1	1	0	0	0.411746549534127	0.997818244032116	0.085501339987767	-0.085501339987767
all_individuals	dlpfc	AA	shared	expression_nearest_gene	chr10_50024481_50025242	chr10	50024481	50025242	Heritable	0.203474540473247	1	1	0	0	0.17153307571415	0.911713995663319	0.260221205299902	0.260221205299902
all_individuals	dlpfc	AA	shared	expression_nearest_gene	chr10_50416595_50417652	chr10	50416595	50417652	Heritable	0.12421359493804	1	1	0	0	0.968724398153103	0.997818244032116	0.00411827351648952	0.00411827351648952
all_individuals	dlpfc	AA	shared	expression_nearest_gene	chr10_52778498_52779168	chr10	52778498	52779168	Heritable	0.308237810535825	1	1	0	0	0.834337697643445	0.997818244032116	0.00258970213005009	-0.00258970213005009
all_individuals	dlpfc	AA	shared	expression_nearest_gene	chr10_53563667_53566318	chr10	53563667	53566318	Heritable	0.562600165155039	1	1	0	0	0.707144168664602	0.997818244032116	0.0844054497963298	-0.0844054497963298
all_individuals	dlpfc	AA	shared	expression_nearest_gene	chr10_5609970_5610273	chr10	5609970	5610273	Heritable	0.546116808797772	1	1	0	0	0.237447923043352	0.949401940087826	0.0749826010213596	-0.0749826010213596
all_individuals	dlpfc	AA	shared	expression_nearest_gene	chr10_58203504_58204751	chr10	58203504	58204751	Heritable	0.43452547395561	1	1	0	0	0.0966761548740875	0.863770357109136	0.308794148848403	-0.308794148848403
all_individuals	dlpfc	AA	shared	expression_nearest_gene	chr10_58517488_58519240	chr10	58517488	58519240	Heritable	0.671259624814915	1	1	0	0	0.928333327542503	0.997818244032116	0.0117698750733961	-0.0117698750733961
all_individuals	dlpfc	AA	shared	expression_nearest_gene	chr10_59749969_59753719	chr10	59749969	59753719	Heritable	0.171774604352766	1	1	0	0	0.0938270239278468	0.857143100641033	0.315337984170107	-0.315337984170107
all_individuals	dlpfc	AA	shared	expression_nearest_gene	chr10_61452111_61452285	chr10	61452111	61452285	Heritable	0.105389099141709	1	1	0	0	0.0777910646082381	0.830141710561625	0.647389702573757	0.647389702573757
all_individuals	dlpfc	AA	shared	expression_nearest_gene	chr10_61867277_61868044	chr10	61867277	61868044	Heritable	0.134714265330568	1	1	0	0	0.829019339110691	0.997818244032116	0.024413233001976	-0.024413233001976
all_individuals	dlpfc	AA	shared	expression_nearest_gene	chr10_63429002_63429268	chr10	63429002	63429268	Heritable	0.100667751824181	1	1	0	0	0.368422545245623	0.997818244032116	0.143795551157531	0.143795551157531
all_individuals	dlpfc	AA	shared	expression_nearest_gene	chr10_68232193_68232500	chr10	68232193	68232500	Non-heritable	0.0704614602651893	1	1	0	0	0.592934898996345	0.997818244032116	0.143525752072755	-0.143525752072755
all_individuals	dlpfc	AA	shared	expression_nearest_gene	chr10_69494581_69495725	chr10	69494581	69495725	Heritable	0.108918819219806	1	1	0	0	0.509910573034092	0.997818244032116	0.151050621265711	0.151050621265711
all_individuals	dlpfc	AA	shared	expression_nearest_gene	chr10_69628865_69629255	chr10	69628865	69629255	Heritable	0.417107551458869	1	1	0	0	0.0318378572708467	0.641390824174663	0.457128178128118	-0.457128178128118
all_individuals	dlpfc	AA	shared	expression_nearest_gene	chr10_69631044_69631497	chr10	69631044	69631497	Heritable	0.153717257971907	1	1	0	0	0.0187556771543007	0.472904187136242	0.489679922012691	-0.489679922012691
all_individuals	dlpfc	AA	shared	expression_nearest_gene	chr10_70690527_70690945	chr10	70690527	70690945	Non-heritable	0.0954108503786182	1	1	0	0	0.567014792084526	0.997818244032116	0.281650575533686	-0.281650575533686
all_individuals	dlpfc	AA	shared	expression_nearest_gene	chr10_70887087_70887497	chr10	70887087	70887497	Heritable	0.202842041759045	1	1	0	0	0.711703413814483	0.997818244032116	0.0960295985185677	0.0960295985185677
all_individuals	dlpfc	AA	shared	expression_nearest_gene	chr10_70926478_70927036	chr10	70926478	70927036	Heritable	0.126346592663355	1	1	0	0	0.31305724181188	0.985760877676827	0.0602502963440178	-0.0602502963440178
all_individuals	dlpfc	AA	shared	expression_nearest_gene	chr10_70935284_70935862	chr10	70935284	70935862	Heritable	0.105402857413021	1	1	0	0	0.529187148737401	0.997818244032116	0.0391185394421983	-0.0391185394421983
all_individuals	dlpfc	AA	shared	expression_nearest_gene	chr10_71231524_71233026	chr10	71231524	71233026	Non-heritable	0.0843693915562069	1	1	0	0	0.367777082747108	0.997818244032116	0.215395322120465	-0.215395322120465
all_individuals	dlpfc	AA	shared	expression_nearest_gene	chr10_71255827_71256560	chr10	71255827	71256560	Heritable	0.106626939767415	1	1	0	0	0.878171528656432	0.997818244032116	0.0382768853247768	-0.0382768853247768
all_individuals	dlpfc	AA	shared	expression_nearest_gene	chr10_71279943_71280412	chr10	71279943	71280412	Non-heritable	0.0940977350312413	1	1	0	0	0.263795727490433	0.969963553266022	0.285212891661026	0.285212891661026
all_individuals	dlpfc	AA	shared	expression_nearest_gene	chr10_71291606_71291844	chr10	71291606	71291844	Non-heritable	0.0824137735035416	1	1	0	0	0.567279878636658	0.997818244032116	0.137791401599152	0.137791401599152
all_individuals	dlpfc	AA	shared	expression_nearest_gene	chr10_71677251_71677691	chr10	71677251	71677691	Non-heritable	0.0586615180049853	1	1	0	0	0.111959450933484	0.885502111448744	0.622733534050582	0.622733534050582
all_individuals	dlpfc	AA	shared	expression_nearest_gene	chr10_71981056_71982070	chr10	71981056	71982070	Heritable	0.143111641116644	1	1	0	0	0.690577471135732	0.997818244032116	0.157741150569365	0.157741150569365
all_individuals	dlpfc	AA	shared	expression_nearest_gene	chr10_72080537_72080989	chr10	72080537	72080989	Heritable	0.105560085530292	1	1	0	0	0.973193346591536	0.997818244032116	0.00757092683003213	0.00757092683003213
all_individuals	dlpfc	AA	shared	expression_nearest_gene	chr10_72158173_72158499	chr10	72158173	72158499	Heritable	0.114327934852608	1	1	0	0	0.260865234060215	0.967096654842148	0.149214691888123	0.149214691888123
all_individuals	dlpfc	AA	shared	expression_nearest_gene	chr10_72542471_72543064	chr10	72542471	72543064	Heritable	0.351970832051631	1	1	0	0	0.0830313689898452	0.845216945719577	0.164153447066226	0.164153447066226
all_individuals	dlpfc	AA	shared	expression_nearest_gene	chr10_73110923_73111199	chr10	73110923	73111199	Heritable	0.515625415841847	1	1	1	1	5.86295206235814e-07	6.28948182489469e-05	0.881768569106699	-0.881768569106699
all_individuals	dlpfc	AA	shared	expression_nearest_gene	chr10_79399372_79400226	chr10	79399372	79400226	Heritable	0.128732650371905	1	1	0	0	0.121985292901274	0.885502111448744	0.316357351250044	-0.316357351250044
all_individuals	dlpfc	AA	shared	expression_nearest_gene	chr10_79403436_79404277	chr10	79403436	79404277	Heritable	0.151313338241275	1	1	0	0	0.446682754806457	0.997818244032116	0.139447746714193	-0.139447746714193
all_individuals	dlpfc	AA	shared	expression_nearest_gene	chr10_79408473_79409984	chr10	79408473	79409984	Heritable	0.107722923224042	1	1	0	0	0.279061296281072	0.980483660900014	0.208964553087128	-0.208964553087128
all_individuals	dlpfc	AA	shared	expression_nearest_gene	chr10_79438049_79439004	chr10	79438049	79439004	Heritable	0.119208188461845	1	1	0	0	0.312932245640691	0.985760877676827	0.193945830494414	-0.193945830494414
all_individuals	dlpfc	AA	shared	expression_nearest_gene	chr10_79779472_79779513	chr10	79779472	79779513	Heritable	0.105676561609788	1	1	0	0	0.0373635737823439	0.703189013596656	0.604309005122907	-0.604309005122907
all_individuals	dlpfc	AA	shared	expression_nearest_gene	chr10_80277044_80278214	chr10	80277044	80278214	Heritable	0.109661974184097	1	1	0	0	0.201383918075251	0.931624393086991	0.16498938703946	-0.16498938703946
all_individuals	dlpfc	AA	shared	expression_nearest_gene	chr10_80450646_80451948	chr10	80450646	80451948	Heritable	0.660426356002965	1	1	0	0	0.191939462593617	0.924559060738879	0.319167550217262	-0.319167550217262
all_individuals	dlpfc	AA	shared	expression_nearest_gene	chr10_84257146_84257285	chr10	84257146	84257285	Heritable	0.105847031227178	1	1	0	0	0.303744715860648	0.985760877676827	0.730329819348625	-0.730329819348625
all_individuals	dlpfc	AA	shared	expression_nearest_gene	chr10_86263340_86263560	chr10	86263340	86263560	Heritable	0.103909024827279	1	1	0	0	0.859193258628212	0.997818244032116	0.0321680711386563	-0.0321680711386563
all_individuals	dlpfc	AA	shared	expression_nearest_gene	chr10_86388993_86389106	chr10	86388993	86389106	Heritable	0.145708879487729	1	1	0	0	0.622930473956419	0.997818244032116	0.0258164974557942	0.0258164974557942
all_individuals	dlpfc	AA	shared	expression_nearest_gene	chr10_87053770_87054135	chr10	87053770	87054135	Heritable	0.120062407625136	1	1	0	0	0.533026523834614	0.997818244032116	0.117976704164857	0.117976704164857
all_individuals	dlpfc	AA	shared	expression_nearest_gene	chr10_87408080_87408429	chr10	87408080	87408429	Heritable	0.162297822394633	1	1	0	0	0.0397646818028966	0.729793243861327	0.113736128478642	0.113736128478642
all_individuals	dlpfc	AA	shared	expression_nearest_gene	chr10_88385696_88387899	chr10	88385696	88387899	Heritable	0.149100799882773	1	1	0	0	0.238054293118631	0.949401940087826	0.19818118868762	-0.19818118868762
all_individuals	dlpfc	AA	shared	expression_nearest_gene	chr10_91796377_91797023	chr10	91796377	91797023	Heritable	0.197691907618796	1	1	0	0	0.00395270897978309	0.155333202812987	0.723892196838802	-0.723892196838802
all_individuals	dlpfc	AA	shared	expression_nearest_gene	chr10_93991741_93992197	chr10	93991741	93992197	Heritable	0.105115498302443	1	1	0	0	0.578447027473653	0.997818244032116	0.157382523878791	-0.157382523878791
all_individuals	dlpfc	AA	shared	expression_nearest_gene	chr10_95334622_95334945	chr10	95334622	95334945	Heritable	0.116892936144387	1	1	0	0	0.981528297410684	0.997818244032116	0.00325082246110142	-0.00325082246110142
all_individuals	dlpfc	AA	shared	expression_nearest_gene	chr10_96413178_96413660	chr10	96413178	96413660	Heritable	0.17581084905949	1	1	0	0	0.754844139537387	0.997818244032116	0.0712657833249193	0.0712657833249193
all_individuals	dlpfc	AA	shared	expression_nearest_gene	chr10_97184994_97185195	chr10	97184994	97185195	Heritable	0.100373371788525	1	1	0	0	0.0437326134353971	0.744020650094031	0.779599863091219	0.779599863091219
all_individuals	dlpfc	AA	shared	expression_nearest_gene	chr10_97718469_97718815	chr10	97718469	97718815	Heritable	0.219397580670462	1	1	0	0	0.219572443665478	0.945014449508517	0.27937552612249	-0.27937552612249
all_individuals	dlpfc	AA	shared	expression_nearest_gene	chr10_98308274_98308906	chr10	98308274	98308906	Non-heritable	0.0733287756978266	1	1	0	0	0.0646327571927503	0.81476017671674	0.437128830872843	0.437128830872843
all_individuals	dlpfc	AA	shared	expression_nearest_gene	chr10_98405491_98405791	chr10	98405491	98405791	Heritable	0.123811490629947	1	1	0	0	0.95067775630921	0.997818244032116	0.0174648506682864	0.0174648506682864
all_individuals	dlpfc	AA	shared	expression_nearest_gene	chr11_1002008_1003106	chr11	1002008	1003106	Heritable	0.135409167097008	1	1	0	0	0.737021631259618	0.997818244032116	0.0578454594576634	-0.0578454594576634
all_individuals	dlpfc	AA	shared	expression_nearest_gene	chr11_102449449_102451534	chr11	102449449	102451534	Heritable	0.103815381719193	1	1	0	0	0.734552751425341	0.997818244032116	0.105714689441506	-0.105714689441506
all_individuals	dlpfc	AA	shared	expression_nearest_gene	chr11_1051108_1051441	chr11	1051108	1051441	Heritable	0.412842653291057	1	1	0	0	0.582885904678193	0.997818244032116	0.0846706291169301	-0.0846706291169301
all_individuals	dlpfc	AA	shared	expression_nearest_gene	chr11_1054282_1054512	chr11	1054282	1054512	Heritable	0.129468853970451	1	1	0	0	0.868831669808794	0.997818244032116	0.030192232204179	-0.030192232204179
all_individuals	dlpfc	AA	shared	expression_nearest_gene	chr11_108563540_108568805	chr11	108563540	108568805	Non-heritable	0.0285472051927347	1	1	0	0	0.612760245916674	0.997818244032116	0.136817067607694	0.136817067607694
all_individuals	dlpfc	AA	shared	expression_nearest_gene	chr11_111729745_111730423	chr11	111729745	111730423	Heritable	0.112985829067225	1	1	0	0	0.828243447434967	0.997818244032116	0.0403178757332903	0.0403178757332903
all_individuals	dlpfc	AA	shared	expression_nearest_gene	chr11_111908781_111911292	chr11	111908781	111911292	Heritable	0.204605397915438	1	1	0	0	0.24338886003629	0.95502009606648	0.442151498451835	0.442151498451835
all_individuals	dlpfc	AA	shared	expression_nearest_gene	chr11_1121095_1121223	chr11	1121095	1121223	Heritable	0.329074089980532	1	1	0	0	0.644952536405344	0.997818244032116	0.129114118227814	-0.129114118227814
all_individuals	dlpfc	AA	shared	expression_nearest_gene	chr11_112281382_112281457	chr11	112281382	112281457	Heritable	0.12132121712272	1	1	0	0	0.744569979930617	0.997818244032116	0.0838551130135616	0.0838551130135616
all_individuals	dlpfc	AA	shared	expression_nearest_gene	chr11_1123535_1124637	chr11	1123535	1124637	Heritable	0.720252276545528	1	1	0	0	0.854278084403528	0.997818244032116	0.0471294134134258	-0.0471294134134258
all_individuals	dlpfc	AA	shared	expression_nearest_gene	chr11_113234721_113235164	chr11	113234721	113235164	Heritable	0.132367325019268	1	1	0	0	0.86659456970379	0.997818244032116	0.0248408270296849	0.0248408270296849
all_individuals	dlpfc	AA	shared	expression_nearest_gene	chr11_113243947_113244847	chr11	113243947	113244847	Heritable	0.15268424415141	1	1	0	0	0.568353154715064	0.997818244032116	0.0810773052996652	0.0810773052996652
all_individuals	dlpfc	AA	shared	expression_nearest_gene	chr11_113350501_113351400	chr11	113350501	113351400	Heritable	0.155048266432872	1	1	0	0	0.150527313895785	0.900111882088523	0.640662383782734	0.640662383782734
all_individuals	dlpfc	AA	shared	expression_nearest_gene	chr11_114164023_114164938	chr11	114164023	114164938	Heritable	0.151227879104574	1	1	0	0	0.924178537110298	0.997818244032116	0.0220719861599989	-0.0220719861599989
all_individuals	dlpfc	AA	shared	expression_nearest_gene	chr11_11619217_11620242	chr11	11619217	11620242	Non-heritable	0.0869599228369761	1	1	0	0	0.166450288533351	0.911713995663319	0.260822117175749	-0.260822117175749
all_individuals	dlpfc	AA	shared	expression_nearest_gene	chr11_117099154_117099360	chr11	117099154	117099360	Heritable	0.121870118179346	1	1	0	0	0.500126770979161	0.997818244032116	0.104524255833098	-0.104524255833098
all_individuals	dlpfc	AA	shared	expression_nearest_gene	chr11_117379745_117380487	chr11	117379745	117380487	Heritable	0.11959539974336	1	1	0	0	0.227792143702294	0.947930352176406	0.260867852958821	0.260867852958821
all_individuals	dlpfc	AA	shared	expression_nearest_gene	chr11_117457753_117458187	chr11	117457753	117458187	Heritable	0.182559542742473	1	1	0	0	0.743668833425563	0.997818244032116	0.0932811255188835	-0.0932811255188835
all_individuals	dlpfc	AA	shared	expression_nearest_gene	chr11_117583529_117583924	chr11	117583529	117583924	Heritable	0.161382102606417	1	1	0	0	0.632917363208602	0.997818244032116	0.127556921685148	-0.127556921685148
all_individuals	dlpfc	AA	shared	expression_nearest_gene	chr11_117601067_117601551	chr11	117601067	117601551	Heritable	0.114861677579085	1	1	0	0	0.627146804655938	0.997818244032116	0.132546213108711	0.132546213108711
all_individuals	dlpfc	AA	shared	expression_nearest_gene	chr11_117793735_117794896	chr11	117793735	117794896	Heritable	0.154716700614025	1	1	0	0	0.966401277951237	0.997818244032116	0.0129583904489152	0.0129583904489152
all_individuals	dlpfc	AA	shared	expression_nearest_gene	chr11_118532109_118532623	chr11	118532109	118532623	Heritable	0.180398558328423	1	1	0	0	0.437246531935785	0.997818244032116	0.165589592668713	-0.165589592668713
all_individuals	dlpfc	AA	shared	expression_nearest_gene	chr11_118820281_118821069	chr11	118820281	118821069	Heritable	0.169486049345989	1	1	0	0	0.230365401627203	0.947930352176406	0.111382359966484	0.111382359966484
all_individuals	dlpfc	AA	shared	expression_nearest_gene	chr11_119320116_119320291	chr11	119320116	119320291	Heritable	0.102857834580715	1	1	0	0	0.097068553463848	0.863777747997786	0.445693847309748	0.445693847309748
all_individuals	dlpfc	AA	shared	expression_nearest_gene	chr11_119362952_119363356	chr11	119362952	119363356	Heritable	0.143908412927236	1	1	0	0	0.619598634601964	0.997818244032116	0.135685336279582	0.135685336279582
all_individuals	dlpfc	AA	shared	expression_nearest_gene	chr11_119375551_119376537	chr11	119375551	119376537	Heritable	0.103854988160151	1	1	0	0	0.991135399217992	0.99849608063831	0.00284316299797638	-0.00284316299797638
all_individuals	dlpfc	AA	shared	expression_nearest_gene	chr11_12007396_12007626	chr11	12007396	12007626	Heritable	0.115759661680216	1	1	0	0	0.433065265461061	0.997818244032116	0.139534453968716	-0.139534453968716
all_individuals	dlpfc	AA	shared	expression_nearest_gene	chr11_120208102_120208549	chr11	120208102	120208549	Heritable	0.113570318213359	1	1	0	0	0.190364837587615	0.924559060738879	0.393191830035164	-0.393191830035164
all_individuals	dlpfc	AA	shared	expression_nearest_gene	chr11_12050516_12051186	chr11	12050516	12051186	Heritable	0.114546619421878	1	1	0	0	0.495643993170319	0.997818244032116	0.0300951838087086	0.0300951838087086
all_individuals	dlpfc	AA	shared	expression_nearest_gene	chr11_120565618_120565688	chr11	120565618	120565688	Heritable	0.107140489302248	1	1	0	0	0.967636328490301	0.997818244032116	0.00921479286850335	-0.00921479286850335
all_individuals	dlpfc	AA	shared	expression_nearest_gene	chr11_12120020_12121871	chr11	12120020	12121871	Heritable	0.105130881542002	1	1	0	0	0.158455310282854	0.91025328674185	0.306421130656243	-0.306421130656243
all_individuals	dlpfc	AA	shared	expression_nearest_gene	chr11_12165582_12167278	chr11	12165582	12167278	Heritable	0.171780587720034	1	1	0	0	0.197472711467082	0.931624393086991	0.282522317014456	-0.282522317014456
all_individuals	dlpfc	AA	shared	expression_nearest_gene	chr11_12186031_12186973	chr11	12186031	12186973	Heritable	0.116415570859798	1	1	0	0	0.410217165887908	0.997818244032116	0.179345347769772	-0.179345347769772
all_individuals	dlpfc	AA	shared	expression_nearest_gene	chr11_12197424_12198687	chr11	12197424	12198687	Heritable	0.105553217225943	1	1	0	0	0.487656617521889	0.997818244032116	0.140161221960772	-0.140161221960772
all_individuals	dlpfc	AA	shared	expression_nearest_gene	chr11_122556500_122557251	chr11	122556500	122557251	Heritable	0.16414551173722	1	1	0	0	0.385087055998406	0.997818244032116	0.0820145578993149	-0.0820145578993149
all_individuals	dlpfc	AA	shared	expression_nearest_gene	chr11_122581638_122582676	chr11	122581638	122582676	Heritable	0.107433033002113	1	1	0	0	0.194806122839222	0.930860883188308	0.151694975547287	-0.151694975547287
all_individuals	dlpfc	AA	shared	expression_nearest_gene	chr11_122628391_122628930	chr11	122628391	122628930	Heritable	0.101076613030853	1	1	0	0	0.250650470432052	0.958038504795448	0.231575351114849	-0.231575351114849
all_individuals	dlpfc	AA	shared	expression_nearest_gene	chr11_122657161_122658130	chr11	122657161	122658130	Heritable	0.105303595376865	1	1	0	0	0.0443169136264002	0.748676678625525	0.38829526818971	-0.38829526818971
all_individuals	dlpfc	AA	shared	expression_nearest_gene	chr11_122741585_122742062	chr11	122741585	122742062	Heritable	0.106415245147933	1	1	0	0	0.104257470532513	0.876810259305971	0.397838253711501	-0.397838253711501
all_individuals	dlpfc	AA	shared	expression_nearest_gene	chr11_123083099_123083733	chr11	123083099	123083733	Heritable	0.218997308483057	1	1	0	0	0.265171651539437	0.972186490858339	0.381269375964042	0.381269375964042
all_individuals	dlpfc	AA	shared	expression_nearest_gene	chr11_123571079_123571376	chr11	123571079	123571376	Non-heritable	0.0697991240157847	1	1	0	0	0.790154595148844	0.997818244032116	0.0495736779144238	0.0495736779144238
all_individuals	dlpfc	AA	shared	expression_nearest_gene	chr11_123577454_123580198	chr11	123577454	123580198	Non-heritable	0.0776933637743168	1	1	0	0	0.958716851314994	0.997818244032116	0.00862853412026077	-0.00862853412026077
all_individuals	dlpfc	AA	shared	expression_nearest_gene	chr11_123581348_123584041	chr11	123581348	123584041	Non-heritable	0.0707969913728	1	1	0	0	0.839317152392258	0.997818244032116	0.0346266734076082	-0.0346266734076082
all_individuals	dlpfc	AA	shared	expression_nearest_gene	chr11_123586018_123590249	chr11	123586018	123590249	Non-heritable	0.0825487987038528	1	1	0	0	0.615386232827974	0.997818244032116	0.0870447567771677	-0.0870447567771677
all_individuals	dlpfc	AA	shared	expression_nearest_gene	chr11_123590777_123591736	chr11	123590777	123591736	Non-heritable	0.0903692559704491	1	1	0	0	0.898647076937654	0.997818244032116	0.0224844002347488	-0.0224844002347488
all_individuals	dlpfc	AA	shared	expression_nearest_gene	chr11_123592811_123594323	chr11	123592811	123594323	Non-heritable	0.0534716988300121	1	1	0	0	0.995567119504909	0.999523316452554	0.000991808674234207	-0.000991808674234207
all_individuals	dlpfc	AA	shared	expression_nearest_gene	chr11_124919955_124920499	chr11	124919955	124920499	Heritable	0.155543517488711	1	1	0	0	0.54080742502477	0.997818244032116	0.114183886067316	-0.114183886067316
all_individuals	dlpfc	AA	shared	expression_nearest_gene	chr11_125167358_125168154	chr11	125167358	125168154	Non-heritable	0.0458374405444058	1	1	0	0	0.603180937374297	0.997818244032116	0.136272554469301	-0.136272554469301
all_individuals	dlpfc	AA	shared	expression_nearest_gene	chr11_126060394_126061637	chr11	126060394	126061637	Heritable	0.141279746599164	1	1	0	0	0.604276875784239	0.997818244032116	0.153870994614452	0.153870994614452
all_individuals	dlpfc	AA	shared	expression_nearest_gene	chr11_1262173_1262566	chr11	1262173	1262566	Heritable	0.257830064925295	1	1	0	0	0.625520241008938	0.997818244032116	0.136745230992854	-0.136745230992854
all_individuals	dlpfc	AA	shared	expression_nearest_gene	chr11_126363883_126364162	chr11	126363883	126364162	Non-heritable	0.041680375977653	1	1	0	0	0.29999987979288	0.985760877676827	0.174653584704515	-0.174653584704515
all_individuals	dlpfc	AA	shared	expression_nearest_gene	chr11_1280507_1280780	chr11	1280507	1280780	Heritable	0.102526581582724	1	1	0	0	0.96165496864718	0.997818244032116	0.0129043479124304	0.0129043479124304
all_individuals	dlpfc	AA	shared	expression_nearest_gene	chr11_128926575_128927016	chr11	128926575	128927016	Non-heritable	0.0746082053784949	1	1	0	0	0.833937008576683	0.997818244032116	0.0595581440951429	0.0595581440951429
all_individuals	dlpfc	AA	shared	expression_nearest_gene	chr11_12914177_12914885	chr11	12914177	12914885	Heritable	0.126722720654022	1	1	0	0	0.862587471318752	0.997818244032116	0.0297017912435393	0.0297017912435393
all_individuals	dlpfc	AA	shared	expression_nearest_gene	chr11_129344447_129344636	chr11	129344447	129344636	Heritable	0.649220554158801	1	1	0	0	0.019861277360214	0.481495712726997	0.445157774073411	0.445157774073411
all_individuals	dlpfc	AA	shared	expression_nearest_gene	chr11_130088927_130089500	chr11	130088927	130089500	Heritable	0.12866302493496	1	1	0	0	0.919041520991777	0.997818244032116	0.0120266680149435	-0.0120266680149435
all_individuals	dlpfc	AA	shared	expression_nearest_gene	chr11_130369338_130370185	chr11	130369338	130370185	Non-heritable	0.0690626303798802	1	1	0	0	0.670790954718733	0.997818244032116	0.0811216157486907	-0.0811216157486907
all_individuals	dlpfc	AA	shared	expression_nearest_gene	chr11_131785608_131786803	chr11	131785608	131786803	Heritable	0.114549273919326	1	1	0	0	0.348017117222442	0.997818244032116	0.127388603993996	-0.127388603993996
all_individuals	dlpfc	AA	shared	expression_nearest_gene	chr11_131911922_131912696	chr11	131911922	131912696	Heritable	0.12062450114904	1	1	0	0	0.101791698620717	0.868906406217649	0.204102034710782	-0.204102034710782
all_individuals	dlpfc	AA	shared	expression_nearest_gene	chr11_132941345_132942712	chr11	132941345	132942712	Heritable	0.161284349586005	1	1	0	0	0.35311040332351	0.997818244032116	0.154908586122362	-0.154908586122362
all_individuals	dlpfc	AA	shared	expression_nearest_gene	chr11_133833175_133833260	chr11	133833175	133833260	Heritable	0.107876322969149	1	1	0	0	0.403510399987978	0.997818244032116	0.0738687721215064	-0.0738687721215064
all_individuals	dlpfc	AA	shared	expression_nearest_gene	chr11_133930574_133931076	chr11	133930574	133931076	Heritable	0.415848342734762	1	1	0	0	0.636036959404414	0.997818244032116	0.139353982760023	0.139353982760023
all_individuals	dlpfc	AA	shared	expression_nearest_gene	chr11_133949918_133950457	chr11	133949918	133950457	Heritable	0.119672025283304	1	1	0	0	0.621336706935071	0.997818244032116	0.156333579095126	-0.156333579095126
all_individuals	dlpfc	AA	shared	expression_nearest_gene	chr11_134155513_134156192	chr11	134155513	134156192	Heritable	0.11196380176078	1	1	0	0	0.177339208472998	0.911713995663319	0.121663871448917	0.121663871448917
all_individuals	dlpfc	AA	shared	expression_nearest_gene	chr11_134439471_134441100	chr11	134439471	134441100	Heritable	0.568704575091679	1	1	0	1	0.00113066368503097	0.0533151414556913	1.67451286275807	1.67451286275807
all_individuals	dlpfc	AA	shared	expression_nearest_gene	chr11_16815063_16815640	chr11	16815063	16815640	Non-heritable	0.0998779852202062	1	1	0	0	0.943848955170992	0.997818244032116	0.0157647351025361	-0.0157647351025361
all_individuals	dlpfc	AA	shared	expression_nearest_gene	chr11_17174077_17174960	chr11	17174077	17174960	Heritable	0.413583769975148	1	1	0	0	0.280757909433289	0.980483660900014	0.191720944673108	-0.191720944673108
all_individuals	dlpfc	AA	shared	expression_nearest_gene	chr11_1744621_1745311	chr11	1744621	1745311	Heritable	0.153444483349798	1	1	0	0	0.0815293694126891	0.840967606129444	0.451613311139496	-0.451613311139496
all_individuals	dlpfc	AA	shared	expression_nearest_gene	chr11_1747460_1747922	chr11	1747460	1747922	Heritable	0.132028826804213	1	1	0	0	0.369245126871158	0.997818244032116	0.223364651704927	-0.223364651704927
all_individuals	dlpfc	AA	shared	expression_nearest_gene	chr11_17611113_17611508	chr11	17611113	17611508	Heritable	0.158177065152457	1	1	0	0	0.613829824921686	0.997818244032116	0.107700488519152	-0.107700488519152
all_individuals	dlpfc	AA	shared	expression_nearest_gene	chr11_17733079_17734125	chr11	17733079	17734125	Heritable	0.222924820890819	1	1	0	0	0.342599909715332	0.997818244032116	0.278983129635162	-0.278983129635162
all_individuals	dlpfc	AA	shared	expression_nearest_gene	chr11_17752332_17753830	chr11	17752332	17753830	Heritable	0.122264138367673	1	1	0	0	0.505228143632497	0.997818244032116	0.195771182941177	-0.195771182941177
all_individuals	dlpfc	AA	shared	expression_nearest_gene	chr11_17760848_17761845	chr11	17760848	17761845	Heritable	0.120781542315221	1	1	0	0	0.262138803729978	0.968625581853395	0.331487694467565	-0.331487694467565
all_individuals	dlpfc	AA	shared	expression_nearest_gene	chr11_17773541_17774199	chr11	17773541	17774199	Heritable	0.138548183917582	1	1	0	0	0.46001633862618	0.997818244032116	0.215069028283818	-0.215069028283818
all_individuals	dlpfc	AA	shared	expression_nearest_gene	chr11_18411909_18412807	chr11	18411909	18412807	Heritable	0.277772595117524	1	1	1	1	9.44459622997829e-12	2.5329226514273e-09	2.09892124902515	-2.09892124902515
all_individuals	dlpfc	AA	shared	expression_nearest_gene	chr11_1954064_1954789	chr11	1954064	1954789	Heritable	0.116456613812913	1	1	0	0	0.802840824332409	0.997818244032116	0.129429981955736	-0.129429981955736
all_individuals	dlpfc	AA	shared	expression_nearest_gene	chr11_20044978_20045583	chr11	20044978	20045583	Heritable	0.109621341714951	1	1	0	0	0.880534392808563	0.997818244032116	0.0318410962784199	0.0318410962784199
all_individuals	dlpfc	AA	shared	expression_nearest_gene	chr11_20309895_20310392	chr11	20309895	20310392	Heritable	0.125852091914488	1	1	0	0	0.891511478416597	0.997818244032116	0.0325829660925123	-0.0325829660925123
all_individuals	dlpfc	AA	shared	expression_nearest_gene	chr11_22667493_22667873	chr11	22667493	22667873	Heritable	0.102264212297046	1	1	0	0	0.0527476178455438	0.794074905727395	0.396972179670613	0.396972179670613
all_individuals	dlpfc	AA	shared	expression_nearest_gene	chr11_2575219_2575480	chr11	2575219	2575480	Heritable	0.127912033915301	1	1	0	0	0.0608445328858664	0.800308177919888	0.585236284886143	0.585236284886143
all_individuals	dlpfc	AA	shared	expression_nearest_gene	chr11_2591005_2591333	chr11	2591005	2591333	Heritable	0.116414438503475	1	1	0	0	0.488173262078837	0.997818244032116	0.219040873610496	0.219040873610496
all_individuals	dlpfc	AA	shared	expression_nearest_gene	chr11_26284665_26285958	chr11	26284665	26285958	Heritable	0.282131393484177	1	1	0	0	0.232447029597706	0.947930352176406	0.293250293045858	-0.293250293045858
all_individuals	dlpfc	AA	shared	expression_nearest_gene	chr11_2867933_2868381	chr11	2867933	2868381	Non-heritable	0.0451465849172356	1	1	0	0	0.322346956593787	0.992958213025082	0.361031777557585	0.361031777557585
all_individuals	dlpfc	AA	shared	expression_nearest_gene	chr11_3162273_3164474	chr11	3162273	3164474	Heritable	0.1387696557831	1	1	0	0	0.88703308389969	0.997818244032116	0.0412475170759263	0.0412475170759263
all_individuals	dlpfc	AA	shared	expression_nearest_gene	chr11_31780306_31781796	chr11	31780306	31781796	Heritable	0.159504641452163	1	1	0	0	0.491359914915003	0.997818244032116	0.112467781887013	0.112467781887013
all_individuals	dlpfc	AA	shared	expression_nearest_gene	chr11_31800317_31804550	chr11	31800317	31804550	Heritable	0.133130030859763	1	1	0	0	0.0551309918896187	0.794074905727395	0.450224802687558	0.450224802687558
all_individuals	dlpfc	AA	shared	expression_nearest_gene	chr11_31806858_31808304	chr11	31806858	31808304	Heritable	0.1526583433645	1	1	0	0	0.0802329048279937	0.835629598584759	0.390074109457137	0.390074109457137
all_individuals	dlpfc	AA	shared	expression_nearest_gene	chr11_31808679_31809800	chr11	31808679	31809800	Heritable	0.113768259759144	1	1	0	0	0.139559805297158	0.886987978379458	0.330675336213959	0.330675336213959
all_individuals	dlpfc	AA	shared	expression_nearest_gene	chr11_3221370_3221839	chr11	3221370	3221839	Heritable	0.211607765778537	0	0	0	0				
all_individuals	dlpfc	AA	shared	expression_nearest_gene	chr11_32791473_32791921	chr11	32791473	32791921	Non-heritable	0.083118064081473	1	1	0	0	0.624061840995659	0.997818244032116	0.0331494994807196	0.0331494994807196
all_individuals	dlpfc	AA	shared	expression_nearest_gene	chr11_33377296_33378217	chr11	33377296	33378217	Heritable	0.102071402817872	1	1	0	0	0.85198355330371	0.997818244032116	0.0318424162268371	0.0318424162268371
all_individuals	dlpfc	AA	shared	expression_nearest_gene	chr11_33618983_33620746	chr11	33618983	33620746	Heritable	0.120933369882991	1	1	0	0	0.144979305664648	0.886987978379458	0.288781971913764	-0.288781971913764
all_individuals	dlpfc	AA	shared	expression_nearest_gene	chr11_40734795_40736383	chr11	40734795	40736383	Heritable	0.162434142081363	1	1	0	0	0.676046146940237	0.997818244032116	0.0496547308023843	-0.0496547308023843
all_individuals	dlpfc	AA	shared	expression_nearest_gene	chr11_41800919_41802521	chr11	41800919	41802521	Heritable	0.279450564984773	1	1	0	0	0.976415668569273	0.997818244032116	0.00143173484656217	-0.00143173484656217
all_individuals	dlpfc	AA	shared	expression_nearest_gene	chr11_4190634_4191283	chr11	4190634	4191283	Heritable	0.305497613973814	1	1	0	0	0.401422293310651	0.997818244032116	0.0828981571184471	0.0828981571184471
all_individuals	dlpfc	AA	shared	expression_nearest_gene	chr11_44398265_44398630	chr11	44398265	44398630	Heritable	0.123194608924974	1	1	0	0	0.403467944437156	0.997818244032116	0.193488971346162	-0.193488971346162
all_individuals	dlpfc	AA	shared	expression_nearest_gene	chr11_44711646_44712562	chr11	44711646	44712562	Non-heritable	0.094532882787965	1	1	0	0	0.771218949731795	0.997818244032116	0.107141311473484	0.107141311473484
all_individuals	dlpfc	AA	shared	expression_nearest_gene	chr11_44728757_44730283	chr11	44728757	44730283	Non-heritable	0.0114161134972332	1	1	0	0	0.856085802751262	0.997818244032116	0.0705193316599573	0.0705193316599573
all_individuals	dlpfc	AA	shared	expression_nearest_gene	chr11_44746806_44747425	chr11	44746806	44747425	Non-heritable	0.082776182321711	1	1	0	0	0.381180194883857	0.997818244032116	0.318594038931199	0.318594038931199
all_individuals	dlpfc	AA	shared	expression_nearest_gene	chr11_44791454_44791758	chr11	44791454	44791758	Heritable	0.10034260772087	1	1	0	0	0.596770710495376	0.997818244032116	0.187702088521666	0.187702088521666
all_individuals	dlpfc	AA	shared	expression_nearest_gene	chr11_44812324_44813982	chr11	44812324	44813982	Non-heritable	0.0915555137001372	1	1	0	0	0.942360560097412	0.997818244032116	0.0284716463332089	-0.0284716463332089
all_individuals	dlpfc	AA	shared	expression_nearest_gene	chr11_44904275_44905042	chr11	44904275	44905042	Heritable	0.104451036576963	1	1	0	0	0.880009857074163	0.997818244032116	0.0509301508391946	-0.0509301508391946
all_individuals	dlpfc	AA	shared	expression_nearest_gene	chr11_47235293_47235521	chr11	47235293	47235521	Heritable	0.127505137792395	1	1	0	0	0.821988587494991	0.997818244032116	0.0580384122465016	0.0580384122465016
all_individuals	dlpfc	AA	shared	expression_nearest_gene	chr11_47427041_47427378	chr11	47427041	47427378	Heritable	0.36560058609845	1	1	0	0	0.81528317848548	0.997818244032116	0.0371127631357755	-0.0371127631357755
all_individuals	dlpfc	AA	shared	expression_nearest_gene	chr11_47592791_47593428	chr11	47592791	47593428	Heritable	0.160448404172527	1	1	0	0	0.062232654828881	0.806768344020328	0.289756461451779	0.289756461451779
all_individuals	dlpfc	AA	shared	expression_nearest_gene	chr11_55873056_55873399	chr11	55873056	55873399	Heritable	0.205379328092344	1	1	0	0	0.287060029808109	0.982732919677553	0.0674798100793994	-0.0674798100793994
all_individuals	dlpfc	AA	shared	expression_nearest_gene	chr11_60326385_60327922	chr11	60326385	60327922	Heritable	0.680612379737189	1	1	0	0	0.48620286989939	0.997818244032116	0.0145614195392391	-0.0145614195392391
all_individuals	dlpfc	AA	shared	expression_nearest_gene	chr11_61008539_61008756	chr11	61008539	61008756	Heritable	0.454897590538955	1	1	1	1	1.41930463314531e-09	2.53759840867773e-07	2.09186338187796	-2.09186338187796
all_individuals	dlpfc	AA	shared	expression_nearest_gene	chr11_61718356_61719410	chr11	61718356	61719410	Heritable	0.107816936279311	1	1	0	0	0.076511079866467	0.830141710561625	0.6181641214006	0.6181641214006
all_individuals	dlpfc	AA	shared	expression_nearest_gene	chr11_61753193_61757975	chr11	61753193	61757975	Heritable	0.166370639364528	1	1	0	0	0.482345812272976	0.997818244032116	0.178553321878788	-0.178553321878788
all_individuals	dlpfc	AA	shared	expression_nearest_gene	chr11_61760694_61761621	chr11	61760694	61761621	Heritable	0.119994755988295	1	1	0	0	0.910167983172516	0.997818244032116	0.0308725746245742	-0.0308725746245742
all_individuals	dlpfc	AA	shared	expression_nearest_gene	chr11_62444138_62445345	chr11	62444138	62445345	Heritable	0.262536259448645	1	1	0	0	0.753691719419098	0.997818244032116	0.0858611494063126	-0.0858611494063126
all_individuals	dlpfc	AA	shared	expression_nearest_gene	chr11_62575258_62575506	chr11	62575258	62575506	Non-heritable	0.0355423042005482	1	1	0	0	0.405723309392139	0.997818244032116	0.0117196099464299	0.0117196099464299
all_individuals	dlpfc	AA	shared	expression_nearest_gene	chr11_62666324_62666757	chr11	62666324	62666757	Heritable	0.20764273868101	1	1	1	1	6.90297264825243e-07	7.22455015454907e-05	1.33387871382344	-1.33387871382344
all_individuals	dlpfc	AA	shared	expression_nearest_gene	chr11_62925902_62926899	chr11	62925902	62926899	Heritable	0.109324667691288	1	1	0	0	0.626745625000956	0.997818244032116	0.143425682891213	-0.143425682891213
all_individuals	dlpfc	AA	shared	expression_nearest_gene	chr11_63610001_63611522	chr11	63610001	63611522	Heritable	0.104014202937342	1	1	0	0	0.760865033050162	0.997818244032116	0.0575965230820295	0.0575965230820295
all_individuals	dlpfc	AA	shared	expression_nearest_gene	chr11_63919846_63920292	chr11	63919846	63920292	Heritable	0.106156369154383	1	1	0	0	0.978699171486872	0.997818244032116	0.00825094601699306	-0.00825094601699306
all_individuals	dlpfc	AA	shared	expression_nearest_gene	chr11_64092457_64093038	chr11	64092457	64093038	Heritable	0.108483236893371	1	1	0	0	0.583291150992439	0.997818244032116	0.157132838386289	-0.157132838386289
all_individuals	dlpfc	AA	shared	expression_nearest_gene	chr11_64119721_64120003	chr11	64119721	64120003	Heritable	0.106139934543935	1	1	0	0	0.326346761019755	0.996163905761335	0.25099183037781	0.25099183037781
all_individuals	dlpfc	AA	shared	expression_nearest_gene	chr11_64126834_64127032	chr11	64126834	64127032	Heritable	0.19476194293885	1	1	0	0	0.357874697493027	0.997818244032116	0.247987685215378	0.247987685215378
all_individuals	dlpfc	AA	shared	expression_nearest_gene	chr11_64135186_64135383	chr11	64135186	64135383	Heritable	0.162337497155894	1	1	0	0	0.785080278416566	0.997818244032116	0.071605457165937	0.071605457165937
all_individuals	dlpfc	AA	shared	expression_nearest_gene	chr11_64138447_64138892	chr11	64138447	64138892	Heritable	0.109087074391344	1	1	0	0	0.624246448956585	0.997818244032116	0.11783282679859	0.11783282679859
all_individuals	dlpfc	AA	shared	expression_nearest_gene	chr11_64141179_64141490	chr11	64141179	64141490	Heritable	0.120279109645416	1	1	0	0	0.642874109045829	0.997818244032116	0.129598750011889	0.129598750011889
all_individuals	dlpfc	AA	shared	expression_nearest_gene	chr11_64150519_64151387	chr11	64150519	64151387	Heritable	0.125270700662273	1	1	0	0	0.569906009260332	0.997818244032116	0.137753567893532	0.137753567893532
all_individuals	dlpfc	AA	shared	expression_nearest_gene	chr11_64342062_64342220	chr11	64342062	64342220	Heritable	0.207681506416776	1	1	0	0	0.44790573344372	0.997818244032116	0.257670425577558	-0.257670425577558
all_individuals	dlpfc	AA	shared	expression_nearest_gene	chr11_64355956_64356401	chr11	64355956	64356401	Heritable	0.250239469521469	1	1	0	0	0.300316169274028	0.985760877676827	0.349603882314214	-0.349603882314214
all_individuals	dlpfc	AA	shared	expression_nearest_gene	chr11_64360149_64360947	chr11	64360149	64360947	Heritable	0.227295044221856	1	1	0	0	0.656199881988098	0.997818244032116	0.0997911599651928	-0.0997911599651928
all_individuals	dlpfc	AA	shared	expression_nearest_gene	chr11_64372220_64372610	chr11	64372220	64372610	Heritable	0.109424821427822	1	1	0	0	0.555421407735194	0.997818244032116	0.137159340495204	0.137159340495204
all_individuals	dlpfc	AA	shared	expression_nearest_gene	chr11_64450080_64450265	chr11	64450080	64450265	Heritable	0.168575583092876	1	1	0	0	0.505943620810586	0.997818244032116	0.156972330079169	0.156972330079169
all_individuals	dlpfc	AA	shared	expression_nearest_gene	chr11_64554569_64555167	chr11	64554569	64555167	Heritable	0.13399269249005	1	1	0	0	0.846209336521677	0.997818244032116	0.0111635048474328	0.0111635048474328
all_individuals	dlpfc	AA	shared	expression_nearest_gene	chr11_64631902_64633600	chr11	64631902	64633600	Heritable	0.132543452093236	1	1	0	0	0.696712820731286	0.997818244032116	0.095429549351822	0.095429549351822
all_individuals	dlpfc	AA	shared	expression_nearest_gene	chr11_64721372_64722235	chr11	64721372	64722235	Heritable	0.10306900728249	1	1	0	0	0.423078275454231	0.997818244032116	0.214918246360254	0.214918246360254
all_individuals	dlpfc	AA	shared	expression_nearest_gene	chr11_64842881_64844145	chr11	64842881	64844145	Heritable	0.143316096621155	1	1	0	0	0.757523361147216	0.997818244032116	0.0358646656789072	-0.0358646656789072
all_individuals	dlpfc	AA	shared	expression_nearest_gene	chr11_64854865_64855155	chr11	64854865	64855155	Heritable	0.12596811123065	1	1	0	0	0.737126153412074	0.997818244032116	0.076261445191804	-0.076261445191804
all_individuals	dlpfc	AA	shared	expression_nearest_gene	chr11_64856333_64856845	chr11	64856333	64856845	Heritable	0.191934971013303	1	1	0	0	0.801510290254956	0.997818244032116	0.0555756017961517	-0.0555756017961517
all_individuals	dlpfc	AA	shared	expression_nearest_gene	chr11_64863866_64865518	chr11	64863866	64865518	Heritable	0.166431433617801	1	1	0	0	0.299244343894088	0.985760877676827	0.240252982410915	-0.240252982410915
all_individuals	dlpfc	AA	shared	expression_nearest_gene	chr11_64870872_64872593	chr11	64870872	64872593	Heritable	0.131655297713183	1	1	0	0	0.447571279967547	0.997818244032116	0.16612800820738	-0.16612800820738
all_individuals	dlpfc	AA	shared	expression_nearest_gene	chr11_65316915_65317644	chr11	65316915	65317644	Heritable	0.146933276460066	1	1	0	0	0.996780750095543	0.999640858203536	0.000444803751142309	0.000444803751142309
all_individuals	dlpfc	AA	shared	expression_nearest_gene	chr11_65356079_65356846	chr11	65356079	65356846	Heritable	0.220718101401538	1	1	0	0	0.328775905783641	0.99671805502751	0.249894566415013	-0.249894566415013
all_individuals	dlpfc	AA	shared	expression_nearest_gene	chr11_6570973_6571515	chr11	6570973	6571515	Heritable	0.118418220636011	1	1	0	0	0.817883219848943	0.997818244032116	0.0546868118535704	0.0546868118535704
all_individuals	dlpfc	AA	shared	expression_nearest_gene	chr11_6605444_6605903	chr11	6605444	6605903	Heritable	0.254777324245136	1	1	0	0	0.961791373546033	0.997818244032116	0.00896838037014902	0.00896838037014902
all_individuals	dlpfc	AA	shared	expression_nearest_gene	chr11_66230585_66231936	chr11	66230585	66231936	Heritable	0.177885649326154	1	1	0	0	0.439840179425162	0.997818244032116	0.186502663657226	-0.186502663657226
all_individuals	dlpfc	AA	shared	expression_nearest_gene	chr11_66692565_66692669	chr11	66692565	66692669	Heritable	0.15554724372937	1	1	0	0	0.744939737923091	0.997818244032116	0.0875301202791494	-0.0875301202791494
all_individuals	dlpfc	AA	shared	expression_nearest_gene	chr11_66717791_66718460	chr11	66717791	66718460	Heritable	0.138964498195842	1	1	0	0	0.505484210981238	0.997818244032116	0.175932255361249	-0.175932255361249
all_individuals	dlpfc	AA	shared	expression_nearest_gene	chr11_66743296_66743929	chr11	66743296	66743929	Heritable	0.133474567086862	1	1	0	0	0.66777576288984	0.997818244032116	0.111809231542253	-0.111809231542253
all_individuals	dlpfc	AA	shared	expression_nearest_gene	chr11_66857602_66857904	chr11	66857602	66857904	Heritable	0.118223358978163	1	1	0	0	0.343179825060703	0.997818244032116	0.279879949244544	0.279879949244544
all_individuals	dlpfc	AA	shared	expression_nearest_gene	chr11_66906143_66906725	chr11	66906143	66906725	Heritable	0.22947118099925	1	1	0	0	0.158055137017914	0.91025328674185	0.313345688101578	-0.313345688101578
all_individuals	dlpfc	AA	shared	expression_nearest_gene	chr11_68216370_68216443	chr11	68216370	68216443	Heritable	0.140496934798982	1	1	0	0	0.0895808934221125	0.852417590912265	0.27141246156836	0.27141246156836
all_individuals	dlpfc	AA	shared	expression_nearest_gene	chr11_68803889_68804162	chr11	68803889	68804162	Heritable	0.105541931909176	1	1	0	0	0.570318333097999	0.997818244032116	0.11339229449333	-0.11339229449333
all_individuals	dlpfc	AA	shared	expression_nearest_gene	chr11_69011880_69012668	chr11	69011880	69012668	Heritable	0.114725787260347	1	1	0	0	0.0683893029960956	0.817115709865458	0.558352147102097	-0.558352147102097
all_individuals	dlpfc	AA	shared	expression_nearest_gene	chr11_69058589_69059148	chr11	69058589	69059148	Heritable	0.103100728385674	1	1	0	0	0.95783891999341	0.997818244032116	0.0112481464614653	0.0112481464614653
all_individuals	dlpfc	AA	shared	expression_nearest_gene	chr11_69155794_69156373	chr11	69155794	69156373	Heritable	0.120946511361582	1	1	0	0	0.965806268309248	0.997818244032116	0.00131164784853234	-0.00131164784853234
all_individuals	dlpfc	AA	shared	expression_nearest_gene	chr11_69157034_69157884	chr11	69157034	69157884	Non-heritable	0.0739520370093177	1	1	0	0	0.314726730929213	0.985760877676827	0.030042494955197	0.030042494955197
all_individuals	dlpfc	AA	shared	expression_nearest_gene	chr11_69819845_69820005	chr11	69819845	69820005	Heritable	0.158860548937987	1	1	0	0	0.681751080454872	0.997818244032116	0.0048624448382684	-0.0048624448382684
all_individuals	dlpfc	AA	shared	expression_nearest_gene	chr11_70155610_70155862	chr11	70155610	70155862	Heritable	0.100777308590049	1	1	0	0	0.282592823548279	0.980841969484429	0.266076295630954	-0.266076295630954
all_individuals	dlpfc	AA	shared	expression_nearest_gene	chr11_70332084_70332323	chr11	70332084	70332323	Heritable	0.139912726618431	1	1	0	0	0.79529087820156	0.997818244032116	0.0652676516451205	-0.0652676516451205
all_individuals	dlpfc	AA	shared	expression_nearest_gene	chr11_70405787_70406314	chr11	70405787	70406314	Heritable	0.116417770313898	1	1	0	0	0.526065056623433	0.997818244032116	0.166618116148861	-0.166618116148861
all_individuals	dlpfc	AA	shared	expression_nearest_gene	chr11_70631521_70632152	chr11	70631521	70632152	Heritable	0.116263786575749	1	1	0	0	0.950908319890012	0.997818244032116	0.015720369030138	0.015720369030138
all_individuals	dlpfc	AA	shared	expression_nearest_gene	chr11_70717203_70717639	chr11	70717203	70717639	Heritable	0.115258965166915	1	1	0	0	0.680098116546157	0.997818244032116	0.11358695631215	0.11358695631215
all_individuals	dlpfc	AA	shared	expression_nearest_gene	chr11_70737348_70737958	chr11	70737348	70737958	Non-heritable	0.0706121148799094	1	1	0	0	0.739411612124321	0.997818244032116	0.0817250158377183	-0.0817250158377183
all_individuals	dlpfc	AA	shared	expression_nearest_gene	chr11_71152996_71153299	chr11	71152996	71153299	Non-heritable	0.059186292634014	1	1	0	0	0.093270513932908	0.85562970476162	0.415237170184348	-0.415237170184348
all_individuals	dlpfc	AA	shared	expression_nearest_gene	chr11_72349177_72350126	chr11	72349177	72350126	Heritable	0.134225418672753	1	1	0	0	0.153851361320947	0.90562350969366	0.187063871232098	-0.187063871232098
all_individuals	dlpfc	AA	shared	expression_nearest_gene	chr11_7254162_7255330	chr11	7254162	7255330	Heritable	0.200874193977695	1	1	0	0	0.673509647053078	0.997818244032116	0.0900022777339338	0.0900022777339338
all_individuals	dlpfc	AA	shared	expression_nearest_gene	chr11_72780502_72780994	chr11	72780502	72780994	Heritable	0.179225794499258	1	1	0	0	0.820650936036632	0.997818244032116	0.0415854411702856	0.0415854411702856
all_individuals	dlpfc	AA	shared	expression_nearest_gene	chr11_73788559_73788864	chr11	73788559	73788864	Heritable	0.157168347613728	1	1	0	0	0.0639887370939132	0.812442989701236	0.337603731857115	0.337603731857115
all_individuals	dlpfc	AA	shared	expression_nearest_gene	chr11_73982166_73982523	chr11	73982166	73982523	Heritable	0.19801280070857	1	1	0	0	0.540896008770623	0.997818244032116	0.251070147169042	-0.251070147169042
all_individuals	dlpfc	AA	shared	expression_nearest_gene	chr11_74681546_74682155	chr11	74681546	74682155	Heritable	0.112229456785828	1	1	0	0	0.154247023712526	0.90562350969366	0.18722389095598	0.18722389095598
all_individuals	dlpfc	AA	shared	expression_nearest_gene	chr11_75554302_75554943	chr11	75554302	75554943	Non-heritable	0.0664312796604464	1	1	0	0	0.75981050177381	0.997818244032116	0.195896310917215	0.195896310917215
all_individuals	dlpfc	AA	shared	expression_nearest_gene	chr11_75873437_75875041	chr11	75873437	75875041	Heritable	0.143285446137224	1	1	0	0	0.882495194396655	0.997818244032116	0.015472566297877	0.015472566297877
all_individuals	dlpfc	AA	shared	expression_nearest_gene	chr11_77128145_77128430	chr11	77128145	77128430	Heritable	0.110698287434934	1	1	0	0	0.841242064240534	0.997818244032116	0.063785413181769	-0.063785413181769
all_individuals	dlpfc	AA	shared	expression_nearest_gene	chr11_77408674_77409225	chr11	77408674	77409225	Heritable	0.198103510510777	1	1	0	0	0.349294193431085	0.997818244032116	0.134119221391664	-0.134119221391664
all_individuals	dlpfc	AA	shared	expression_nearest_gene	chr11_77588833_77588969	chr11	77588833	77588969	Heritable	0.111481698497657	1	1	0	0	0.701194181341783	0.997818244032116	0.045084061480015	-0.045084061480015
all_individuals	dlpfc	AA	shared	expression_nearest_gene	chr11_78140407_78140579	chr11	78140407	78140579	Heritable	0.258112585175926	1	1	1	1	4.40126341607695e-09	7.26377743014854e-07	2.06632050748325	-2.06632050748325
all_individuals	dlpfc	AA	shared	expression_nearest_gene	chr11_78822851_78823252	chr11	78822851	78823252	Heritable	0.243776835845386	1	1	0	0	0.558930984544179	0.997818244032116	0.129936901243454	-0.129936901243454
all_individuals	dlpfc	AA	shared	expression_nearest_gene	chr11_8206242_8206554	chr11	8206242	8206554	Heritable	0.10722578996047	1	1	0	0	0.59820373965156	0.997818244032116	0.108919041807765	-0.108919041807765
all_individuals	dlpfc	AA	shared	expression_nearest_gene	chr11_82731253_82731962	chr11	82731253	82731962	Heritable	0.101920392232398	1	1	0	0	0.282613645314944	0.980841969484429	0.237763926074539	-0.237763926074539
all_individuals	dlpfc	AA	shared	expression_nearest_gene	chr11_83587879_83588066	chr11	83587879	83588066	Heritable	0.563226393177778	1	1	0	0	0.320807120946834	0.99173132757471	0.122256095373089	-0.122256095373089
all_individuals	dlpfc	AA	shared	expression_nearest_gene	chr11_86202360_86203818	chr11	86202360	86203818	Heritable	0.110333280234197	1	1	0	0	0.569743062525892	0.997818244032116	0.105137863761424	-0.105137863761424
all_individuals	dlpfc	AA	shared	expression_nearest_gene	chr11_89865390_89865449	chr11	89865390	89865449	Heritable	0.121773951819984	1	1	0	0	0.0634604629394494	0.812442989701236	0.0405910543036244	0.0405910543036244
all_individuals	dlpfc	AA	shared	expression_nearest_gene	chr11_9004986_9006079	chr11	9004986	9006079	Heritable	0.10369799055599	1	1	0	0	0.935032517628858	0.997818244032116	0.0166410485068624	0.0166410485068624
all_individuals	dlpfc	AA	shared	expression_nearest_gene	chr11_90052444_90052558	chr11	90052444	90052558	Heritable	0.150891219527707	1	1	0	0	0.550747270307198	0.997818244032116	0.00580672914613602	-0.00580672914613602
all_individuals	dlpfc	AA	shared	expression_nearest_gene	chr11_9231288_9231663	chr11	9231288	9231663	Heritable	0.104480635231185	1	1	0	0	0.105824890325358	0.877822646237199	0.162377631368214	-0.162377631368214
all_individuals	dlpfc	AA	shared	expression_nearest_gene	chr11_92970228_92970370	chr11	92970228	92970370	Heritable	0.127677789431638	1	1	0	0	0.577393967584183	0.997818244032116	0.0403651377055073	0.0403651377055073
all_individuals	dlpfc	AA	shared	expression_nearest_gene	chr11_94602928_94603292	chr11	94602928	94603292	Heritable	0.110996161603428	1	1	0	0	0.426358926271891	0.997818244032116	0.194588714663869	-0.194588714663869
all_individuals	dlpfc	AA	shared	expression_nearest_gene	chr11_95091028_95091649	chr11	95091028	95091649	Heritable	0.115382931508138	1	1	0	0	0.0436731182538324	0.744020650094031	0.3213664480921	-0.3213664480921
all_individuals	dlpfc	AA	shared	expression_nearest_gene	chr11_99639633_99640410	chr11	99639633	99640410	Heritable	0.755040612398805	1	1	0	0	0.50541942560231	0.997818244032116	0.168707277820204	0.168707277820204
all_individuals	dlpfc	AA	shared	expression_nearest_gene	chr12_100295663_100296810	chr12	100295663	100296810	Heritable	0.107959406852611	1	1	0	0	0.428539370008127	0.997818244032116	0.104078050451438	0.104078050451438
all_individuals	dlpfc	AA	shared	expression_nearest_gene	chr12_101696323_101696823	chr12	101696323	101696823	Heritable	0.108831844972511	1	1	0	0	0.114728741667538	0.885502111448744	0.247525186622272	-0.247525186622272
all_individuals	dlpfc	AA	shared	expression_nearest_gene	chr12_103742264_103742574	chr12	103742264	103742574	Non-heritable	0.0726571134240322	1	1	0	0	0.329788955508441	0.99671805502751	0.0827164206026973	-0.0827164206026973
all_individuals	dlpfc	AA	shared	expression_nearest_gene	chr12_103965859_103965993	chr12	103965859	103965993	Heritable	0.170938774203213	1	1	0	0	0.561316306173987	0.997818244032116	0.122713849068425	-0.122713849068425
all_individuals	dlpfc	AA	shared	expression_nearest_gene	chr12_10425727_10426333	chr12	10425727	10426333	Non-heritable	0.0786726869801884	1	1	0	0	0.45830019415392	0.997818244032116	0.176465144621631	-0.176465144621631
all_individuals	dlpfc	AA	shared	expression_nearest_gene	chr12_104304156_104304205	chr12	104304156	104304205	Heritable	0.107244042731891	1	1	0	0	0.0474813535324373	0.771372187047652	0.374514685382482	-0.374514685382482
all_individuals	dlpfc	AA	shared	expression_nearest_gene	chr12_104668650_104669635	chr12	104668650	104669635	Non-heritable	0.0753921874464649	1	1	0	0	0.474901107509327	0.997818244032116	0.147316147552946	-0.147316147552946
all_individuals	dlpfc	AA	shared	expression_nearest_gene	chr12_104956937_104957292	chr12	104956937	104957292	Heritable	0.152441069577939	1	1	0	0	0.814021796877323	0.997818244032116	0.0232883394817804	-0.0232883394817804
all_individuals	dlpfc	AA	shared	expression_nearest_gene	chr12_106239122_106239549	chr12	106239122	106239549	Non-heritable	0.0808428399205112	1	1	0	0	0.339393656696898	0.997818244032116	0.133313570547893	-0.133313570547893
all_individuals	dlpfc	AA	shared	expression_nearest_gene	chr12_106304323_106305833	chr12	106304323	106305833	Heritable	0.161669122732526	1	1	0	0	0.991282522376882	0.99849608063831	0.00212117758875507	0.00212117758875507
all_individuals	dlpfc	AA	shared	expression_nearest_gene	chr12_108130802_108132672	chr12	108130802	108132672	Heritable	0.153931400019826	1	1	0	0	0.479067019439462	0.997818244032116	0.178519933627092	-0.178519933627092
all_individuals	dlpfc	AA	shared	expression_nearest_gene	chr12_108151012_108152099	chr12	108151012	108152099	Heritable	0.111262059038979	1	1	0	0	0.336252351924892	0.997818244032116	0.250682028685205	-0.250682028685205
all_individuals	dlpfc	AA	shared	expression_nearest_gene	chr12_108159435_108160150	chr12	108159435	108160150	Heritable	0.159895804828507	1	1	0	0	0.296225121023448	0.983008463446871	0.273918531579287	-0.273918531579287
all_individuals	dlpfc	AA	shared	expression_nearest_gene	chr12_108338420_108339498	chr12	108338420	108339498	Heritable	0.130783659711007	1	1	0	0	0.0549429978804008	0.794074905727395	0.613198605828804	0.613198605828804
all_individuals	dlpfc	AA	shared	expression_nearest_gene	chr12_1083407_1084074	chr12	1083407	1084074	Heritable	0.128675437388502	1	1	0	0	0.335862169521219	0.997818244032116	0.10537484163477	-0.10537484163477
all_individuals	dlpfc	AA	shared	expression_nearest_gene	chr12_108523169_108523677	chr12	108523169	108523677	Heritable	0.127296791399239	1	1	0	0	0.22897472804053	0.947930352176406	0.17561075938886	-0.17561075938886
all_individuals	dlpfc	AA	shared	expression_nearest_gene	chr12_108785561_108786369	chr12	108785561	108786369	Heritable	0.108699122349761	1	1	0	0	0.712670502072303	0.997818244032116	0.0672554777063965	-0.0672554777063965
all_individuals	dlpfc	AA	shared	expression_nearest_gene	chr12_109549823_109550052	chr12	109549823	109550052	Heritable	0.322429251236075	1	1	1	1	0.000275254302773815	0.0153588247517907	0.574063600190893	-0.574063600190893
all_individuals	dlpfc	AA	shared	expression_nearest_gene	chr12_109595066_109595147	chr12	109595066	109595147	Heritable	0.138616783182928	1	1	0	0	0.0511581884406018	0.778438959569582	0.452632341750395	-0.452632341750395
all_individuals	dlpfc	AA	shared	expression_nearest_gene	chr12_109725476_109727680	chr12	109725476	109727680	Non-heritable	0.0437788322454229	1	1	0	0	0.314643645066341	0.985760877676827	0.258323946733714	-0.258323946733714
all_individuals	dlpfc	AA	shared	expression_nearest_gene	chr12_110079753_110080004	chr12	110079753	110080004	Heritable	0.102340319607936	1	1	0	0	0.504877033132946	0.997818244032116	0.107296583577011	0.107296583577011
all_individuals	dlpfc	AA	shared	expression_nearest_gene	chr12_110340682_110340752	chr12	110340682	110340752	Heritable	0.214650070232752	1	1	0	0	0.314316669964603	0.985760877676827	0.262221597410214	-0.262221597410214
all_individuals	dlpfc	AA	shared	expression_nearest_gene	chr12_110417699_110417860	chr12	110417699	110417860	Heritable	0.109110441548285	1	1	0	0	0.800864144030735	0.997818244032116	0.0280813972580898	-0.0280813972580898
all_individuals	dlpfc	AA	shared	expression_nearest_gene	chr12_110450728_110451023	chr12	110450728	110451023	Heritable	0.142872130791461	1	1	1	1	0.000606069481274486	0.0313070276985925	0.591785937761621	0.591785937761621
all_individuals	dlpfc	AA	shared	expression_nearest_gene	chr12_112242485_112243792	chr12	112242485	112243792	Heritable	0.142287310651425	1	1	0	0	0.515123694427099	0.997818244032116	0.148233776122538	-0.148233776122538
all_individuals	dlpfc	AA	shared	expression_nearest_gene	chr12_112347548_112350308	chr12	112347548	112350308	Heritable	0.143909214625473	1	1	0	0	0.304655435889202	0.985760877676827	0.223778844329159	-0.223778844329159
all_individuals	dlpfc	AA	shared	expression_nearest_gene	chr12_112380167_112380717	chr12	112380167	112380717	Heritable	0.13817457485891	1	1	0	0	0.378794313424283	0.997818244032116	0.194983136268432	-0.194983136268432
all_individuals	dlpfc	AA	shared	expression_nearest_gene	chr12_113057929_113058487	chr12	113057929	113058487	Heritable	0.103743605755452	1	1	0	0	0.52575676642823	0.997818244032116	0.139980358125178	0.139980358125178
all_individuals	dlpfc	AA	shared	expression_nearest_gene	chr12_113569879_113570248	chr12	113569879	113570248	Heritable	0.126951549488729	1	1	0	0	0.0723832680596288	0.825169211627768	0.491088960215457	0.491088960215457
all_individuals	dlpfc	AA	shared	expression_nearest_gene	chr12_113805541_113805847	chr12	113805541	113805847	Heritable	0.137679869130971	1	1	0	0	0.608951703706461	0.997818244032116	0.0960521885192023	-0.0960521885192023
all_individuals	dlpfc	AA	shared	expression_nearest_gene	chr12_113932539_113933541	chr12	113932539	113933541	Heritable	0.125909623493741	1	1	0	0	0.864967432524661	0.997818244032116	0.0259738984594762	0.0259738984594762
all_individuals	dlpfc	AA	shared	expression_nearest_gene	chr12_114394774_114395292	chr12	114394774	114395292	Heritable	0.176835344563494	1	1	0	0	0.0136602542012159	0.388186428989518	0.419308726577437	0.419308726577437
all_individuals	dlpfc	AA	shared	expression_nearest_gene	chr12_116659937_116660502	chr12	116659937	116660502	Heritable	0.116509537311865	1	1	0	0	0.736620549794694	0.997818244032116	0.0601497336131803	0.0601497336131803
all_individuals	dlpfc	AA	shared	expression_nearest_gene	chr12_116662517_116663014	chr12	116662517	116663014	Heritable	0.112659737443802	1	1	0	0	0.171456838467585	0.911713995663319	0.250590446097454	-0.250590446097454
all_individuals	dlpfc	AA	shared	expression_nearest_gene	chr12_116709934_116710267	chr12	116709934	116710267	Heritable	0.112100756267673	1	1	0	0	0.759930842543263	0.997818244032116	0.0372248577725252	0.0372248577725252
all_individuals	dlpfc	AA	shared	expression_nearest_gene	chr12_117034860_117035158	chr12	117034860	117035158	Heritable	0.117579689054518	1	1	0	0	0.600626395743814	0.997818244032116	0.0841166799661046	-0.0841166799661046
all_individuals	dlpfc	AA	shared	expression_nearest_gene	chr12_117045050_117045375	chr12	117045050	117045375	Heritable	0.117634097168745	1	1	0	0	0.332062493165815	0.997818244032116	0.365931831235244	0.365931831235244
all_individuals	dlpfc	AA	shared	expression_nearest_gene	chr12_117966497_117966794	chr12	117966497	117966794	Heritable	0.235248238242001	1	1	0	0	0.689066509339738	0.997818244032116	0.140843977723609	0.140843977723609
all_individuals	dlpfc	AA	shared	expression_nearest_gene	chr12_118891245_118892845	chr12	118891245	118892845	Heritable	0.689640628530915	1	1	0	0	0.363828642364879	0.997818244032116	0.00708841855726834	0.00708841855726834
all_individuals	dlpfc	AA	shared	expression_nearest_gene	chr12_118983122_118985764	chr12	118983122	118985764	Heritable	0.110434407237942	1	1	0	0	0.677893473123528	0.997818244032116	0.116555710823056	-0.116555710823056
all_individuals	dlpfc	AA	shared	expression_nearest_gene	chr12_119153589_119154313	chr12	119153589	119154313	Heritable	0.151899590337077	1	1	0	0	0.348759363287422	0.997818244032116	0.237382029153924	0.237382029153924
all_individuals	dlpfc	AA	shared	expression_nearest_gene	chr12_120158515_120158787	chr12	120158515	120158787	Heritable	0.138121451712374	1	1	0	0	0.722082593096699	0.997818244032116	0.0617431680339458	-0.0617431680339458
all_individuals	dlpfc	AA	shared	expression_nearest_gene	chr12_120164199_120164672	chr12	120164199	120164672	Heritable	0.10322930807416	1	1	0	0	0.715748555165232	0.997818244032116	0.0581568612212031	-0.0581568612212031
all_individuals	dlpfc	AA	shared	expression_nearest_gene	chr12_121287395_121289919	chr12	121287395	121289919	Non-heritable	0.0642072820069011	1	1	0	0	0.842063210342721	0.997818244032116	0.0410066359313515	0.0410066359313515
all_individuals	dlpfc	AA	shared	expression_nearest_gene	chr12_121327177_121327755	chr12	121327177	121327755	Heritable	0.110150609186729	1	1	0	0	0.967809376924821	0.997818244032116	0.00588437257358265	-0.00588437257358265
all_individuals	dlpfc	AA	shared	expression_nearest_gene	chr12_121512232_121512803	chr12	121512232	121512803	Non-heritable	0.0988336156053228	1	1	0	0	0.123556700663542	0.885502111448744	0.23759805707126	0.23759805707126
all_individuals	dlpfc	AA	shared	expression_nearest_gene	chr12_121748258_121748630	chr12	121748258	121748630	Heritable	0.249937439416867	1	1	0	0	0.500915617206613	0.997818244032116	0.151144013329887	0.151144013329887
all_individuals	dlpfc	AA	shared	expression_nearest_gene	chr12_121792447_121793090	chr12	121792447	121793090	Heritable	0.131488411535729	1	1	0	0	0.934938519717214	0.997818244032116	0.0231120607323616	0.0231120607323616
all_individuals	dlpfc	AA	shared	expression_nearest_gene	chr12_121810306_121810813	chr12	121810306	121810813	Heritable	0.181696525432043	1	1	0	0	0.788221929875812	0.997818244032116	0.0840769694914094	0.0840769694914094
all_individuals	dlpfc	AA	shared	expression_nearest_gene	chr12_121813002_121813535	chr12	121813002	121813535	Heritable	0.114952219257036	1	1	0	0	0.753706968722923	0.997818244032116	0.0870857979450639	0.0870857979450639
all_individuals	dlpfc	AA	shared	expression_nearest_gene	chr12_121918915_121918973	chr12	121918915	121918973	Heritable	0.318358006113989	1	1	0	0	0.106605884858349	0.877822646237199	0.379176322284396	-0.379176322284396
all_individuals	dlpfc	AA	shared	expression_nearest_gene	chr12_122028086_122028736	chr12	122028086	122028736	Heritable	0.117009199087835	1	1	0	0	0.907920239236965	0.997818244032116	0.0204246284116181	-0.0204246284116181
all_individuals	dlpfc	AA	shared	expression_nearest_gene	chr12_122138432_122138909	chr12	122138432	122138909	Heritable	0.22358967973779	1	1	0	0	0.698016288393625	0.997818244032116	0.0755493690006741	-0.0755493690006741
all_individuals	dlpfc	AA	shared	expression_nearest_gene	chr12_122250216_122250918	chr12	122250216	122250918	Heritable	0.200135744787002	1	1	0	0	0.725654905658576	0.997818244032116	0.053215359576015	-0.053215359576015
all_individuals	dlpfc	AA	shared	expression_nearest_gene	chr12_122524888_122525475	chr12	122524888	122525475	Heritable	0.722203237116919	1	1	0	0	0.139192989289705	0.886987978379458	0.156214503951889	-0.156214503951889
all_individuals	dlpfc	AA	shared	expression_nearest_gene	chr12_122716673_122716889	chr12	122716673	122716889	Heritable	0.106888312663814	1	1	0	0	0.591519040292438	0.997818244032116	0.0641433355312174	-0.0641433355312174
all_individuals	dlpfc	AA	shared	expression_nearest_gene	chr12_122826110_122826343	chr12	122826110	122826343	Heritable	0.123042149580096	1	1	0	0	0.359757991692988	0.997818244032116	0.170948154505371	-0.170948154505371
all_individuals	dlpfc	AA	shared	expression_nearest_gene	chr12_122842035_122842813	chr12	122842035	122842813	Non-heritable	0.0923299853841589	1	1	0	0	0.150612987960746	0.900111882088523	0.347025127355941	-0.347025127355941
all_individuals	dlpfc	AA	shared	expression_nearest_gene	chr12_122844680_122845709	chr12	122844680	122845709	Heritable	0.137913702389444	1	1	0	0	0.905899341195883	0.997818244032116	0.0263834138091994	0.0263834138091994
all_individuals	dlpfc	AA	shared	expression_nearest_gene	chr12_122847775_122848591	chr12	122847775	122848591	Heritable	0.162627841435098	1	1	0	0	0.691522730794875	0.997818244032116	0.0831111829063289	-0.0831111829063289
all_individuals	dlpfc	AA	shared	expression_nearest_gene	chr12_122849523_122849843	chr12	122849523	122849843	Heritable	0.152360561893113	1	1	0	0	0.374262107750462	0.997818244032116	0.206651983658041	-0.206651983658041
all_individuals	dlpfc	AA	shared	expression_nearest_gene	chr12_122865232_122865500	chr12	122865232	122865500	Heritable	0.217730187843041	1	1	0	0	0.214834639084104	0.944738201137267	0.286663069413201	0.286663069413201
all_individuals	dlpfc	AA	shared	expression_nearest_gene	chr12_122944696_122945129	chr12	122944696	122945129	Heritable	0.157300473659815	1	1	0	0	0.801788940398044	0.997818244032116	0.0522846403427906	-0.0522846403427906
all_individuals	dlpfc	AA	shared	expression_nearest_gene	chr12_122964639_122965808	chr12	122964639	122965808	Heritable	0.108243275082843	1	1	0	0	0.690719044575726	0.997818244032116	0.0844257927838115	-0.0844257927838115
all_individuals	dlpfc	AA	shared	expression_nearest_gene	chr12_123973156_123973362	chr12	123973156	123973362	Non-heritable	0.0974822843754154	1	1	0	0	0.0587704813178674	0.795132929405016	0.165894420273034	-0.165894420273034
all_individuals	dlpfc	AA	shared	expression_nearest_gene	chr12_124098262_124099312	chr12	124098262	124099312	Heritable	0.126543015333803	1	1	0	0	0.393850297014485	0.997818244032116	0.207132187193045	0.207132187193045
all_individuals	dlpfc	AA	shared	expression_nearest_gene	chr12_124175491_124175677	chr12	124175491	124175677	Heritable	0.154589944629418	1	1	0	0	0.294077472552261	0.983008463446871	0.282128134503243	-0.282128134503243
all_individuals	dlpfc	AA	shared	expression_nearest_gene	chr12_124188468_124188946	chr12	124188468	124188946	Non-heritable	0.0788074945215867	1	1	0	0	0.985506963394547	0.997818244032116	0.00475805118208683	0.00475805118208683
all_individuals	dlpfc	AA	shared	expression_nearest_gene	chr12_124528059_124528632	chr12	124528059	124528632	Heritable	0.118776486060776	1	1	0	0	0.95637830099622	0.997818244032116	0.0156166323189382	0.0156166323189382
all_individuals	dlpfc	AA	shared	expression_nearest_gene	chr12_124532637_124533006	chr12	124532637	124533006	Heritable	0.104963840119905	1	1	0	0	0.517256103722487	0.997818244032116	0.216310713592101	0.216310713592101
all_individuals	dlpfc	AA	shared	expression_nearest_gene	chr12_124537561_124538206	chr12	124537561	124538206	Non-heritable	0.0634524549777657	1	1	0	0	0.370217235504441	0.997818244032116	0.296232523150877	-0.296232523150877
all_individuals	dlpfc	AA	shared	expression_nearest_gene	chr12_124568589_124569013	chr12	124568589	124569013	Heritable	0.128991801299432	1	1	0	0	0.985550139380476	0.997818244032116	0.00529024902650832	0.00529024902650832
all_individuals	dlpfc	AA	shared	expression_nearest_gene	chr12_124779360_124779508	chr12	124779360	124779508	Non-heritable	0.0927292265822704	1	1	0	0	0.577654359648994	0.997818244032116	0.119072997455287	0.119072997455287
all_individuals	dlpfc	AA	shared	expression_nearest_gene	chr12_124952910_124953416	chr12	124952910	124953416	Heritable	0.693228089941311	1	1	0	0	0.445975840173897	0.997818244032116	0.155935043912106	-0.155935043912106
all_individuals	dlpfc	AA	shared	expression_nearest_gene	chr12_125329955_125330175	chr12	125329955	125330175	Heritable	0.103686763287537	1	1	0	0	0.853818774405769	0.997818244032116	0.0282254107641577	0.0282254107641577
all_individuals	dlpfc	AA	shared	expression_nearest_gene	chr12_12559915_12560839	chr12	12559915	12560839	Heritable	0.149266896129218	1	1	0	0	0.661065251979746	0.997818244032116	0.0556622705524958	0.0556622705524958
all_individuals	dlpfc	AA	shared	expression_nearest_gene	chr12_126836882_126838281	chr12	126836882	126838281	Heritable	0.534437661837947	1	1	0	0	0.0138973873749716	0.390189828046844	0.0234146534054476	0.0234146534054476
all_individuals	dlpfc	AA	shared	expression_nearest_gene	chr12_128246166_128247052	chr12	128246166	128247052	Heritable	0.554783234199928	1	1	0	0	0.502104768188523	0.997818244032116	0.193672893569982	-0.193672893569982
all_individuals	dlpfc	AA	shared	expression_nearest_gene	chr12_128652230_128652608	chr12	128652230	128652608	Non-heritable	0.0790275477659468	1	1	0	0	0.713902021176119	0.997818244032116	0.106645115313668	-0.106645115313668
all_individuals	dlpfc	AA	shared	expression_nearest_gene	chr12_128864353_128864690	chr12	128864353	128864690	Heritable	0.101259877244419	1	1	0	0	0.481825873103289	0.997818244032116	0.144429508963926	-0.144429508963926
all_individuals	dlpfc	AA	shared	expression_nearest_gene	chr12_130254428_130255109	chr12	130254428	130255109	Non-heritable	0.0914174131179353	1	1	0	0	0.198218976895721	0.931624393086991	0.242810308763392	-0.242810308763392
all_individuals	dlpfc	AA	shared	expression_nearest_gene	chr12_130478663_130479305	chr12	130478663	130479305	Heritable	0.116328780507441	1	1	0	0	0.0918746607380133	0.85471572074262	0.349103588879686	-0.349103588879686
all_individuals	dlpfc	AA	shared	expression_nearest_gene	chr12_130818395_130818772	chr12	130818395	130818772	Heritable	0.204254764692589	1	1	0	0	0.328280863500191	0.99671805502751	0.136672353148338	0.136672353148338
all_individuals	dlpfc	AA	shared	expression_nearest_gene	chr12_130832973_130833377	chr12	130832973	130833377	Non-heritable	0.0368058244916492	1	1	0	0	0.366709336586553	0.997818244032116	0.142287180681535	0.142287180681535
all_individuals	dlpfc	AA	shared	expression_nearest_gene	chr12_130961905_130962125	chr12	130961905	130962125	Non-heritable	0.0454858690173099	1	1	0	0	0.540197506325627	0.997818244032116	0.238677867943485	0.238677867943485
all_individuals	dlpfc	AA	shared	expression_nearest_gene	chr12_131096960_131097859	chr12	131096960	131097859	Heritable	0.102409332859723	1	1	0	0	0.579865383997179	0.997818244032116	0.227695701936604	0.227695701936604
all_individuals	dlpfc	AA	shared	expression_nearest_gene	chr12_131142915_131143514	chr12	131142915	131143514	Heritable	0.176976168229546	1	1	0	0	0.627187521991316	0.997818244032116	0.158478796480967	-0.158478796480967
all_individuals	dlpfc	AA	shared	expression_nearest_gene	chr12_131851282_131851781	chr12	131851282	131851781	Heritable	0.642010010488684	1	1	0	0	0.760790889341413	0.997818244032116	0.0969586916550185	-0.0969586916550185
all_individuals	dlpfc	AA	shared	expression_nearest_gene	chr12_131905998_131906412	chr12	131905998	131906412	Non-heritable	0.0832207323371806	1	1	0	0	0.405245830773927	0.997818244032116	0.255715499952846	-0.255715499952846
all_individuals	dlpfc	AA	shared	expression_nearest_gene	chr12_132264282_132264699	chr12	132264282	132264699	Non-heritable	0.0661052265283365	1	1	0	0	0.901616590850855	0.997818244032116	0.0288500655701682	0.0288500655701682
all_individuals	dlpfc	AA	shared	expression_nearest_gene	chr12_132270993_132271358	chr12	132270993	132271358	Non-heritable	0.0719726043008925	1	1	0	0	0.720923408508606	0.997818244032116	0.0840399971958377	0.0840399971958377
all_individuals	dlpfc	AA	shared	expression_nearest_gene	chr12_132278795_132278953	chr12	132278795	132278953	Heritable	0.123820731252871	1	1	0	0	0.980317031187495	0.997818244032116	0.00638221353666513	-0.00638221353666513
all_individuals	dlpfc	AA	shared	expression_nearest_gene	chr12_132285232_132285559	chr12	132285232	132285559	Heritable	0.112412423789259	1	1	0	0	0.555091067128614	0.997818244032116	0.162949077206758	0.162949077206758
all_individuals	dlpfc	AA	shared	expression_nearest_gene	chr12_132288438_132289127	chr12	132288438	132289127	Heritable	0.11601089074829	1	1	0	0	0.727738304286069	0.997818244032116	0.0864296022414779	0.0864296022414779
all_individuals	dlpfc	AA	shared	expression_nearest_gene	chr12_132292099_132292466	chr12	132292099	132292466	Non-heritable	0.0935039367667243	1	1	0	0	0.269543770501005	0.972463717403515	0.303020234898867	0.303020234898867
all_individuals	dlpfc	AA	shared	expression_nearest_gene	chr12_132295332_132295495	chr12	132295332	132295495	Non-heritable	0.0591646104150286	1	1	0	0	0.437939877562949	0.997818244032116	0.222047461033799	0.222047461033799
all_individuals	dlpfc	AA	shared	expression_nearest_gene	chr12_132295802_132296432	chr12	132295802	132296432	Non-heritable	0.0652555290553195	1	1	0	0	0.121892799967503	0.885502111448744	0.419915277584236	0.419915277584236
all_individuals	dlpfc	AA	shared	expression_nearest_gene	chr12_132330477_132331515	chr12	132330477	132331515	Heritable	0.168792090493527	1	1	0	0	0.0637938783916998	0.812442989701236	0.525439027850187	0.525439027850187
all_individuals	dlpfc	AA	shared	expression_nearest_gene	chr12_132450227_132450653	chr12	132450227	132450653	Non-heritable	0.0673632590344751	1	1	0	0	0.369941848068955	0.997818244032116	0.243406011044101	0.243406011044101
all_individuals	dlpfc	AA	shared	expression_nearest_gene	chr12_132469503_132470354	chr12	132469503	132470354	Heritable	0.114431731254036	1	1	0	0	0.336871471985862	0.997818244032116	0.209780840129154	-0.209780840129154
all_individuals	dlpfc	AA	shared	expression_nearest_gene	chr12_132492530_132492829	chr12	132492530	132492829	Heritable	0.118357926601392	1	1	0	0	0.858115763756759	0.997818244032116	0.0532224924822176	0.0532224924822176
all_individuals	dlpfc	AA	shared	expression_nearest_gene	chr12_132499733_132500607	chr12	132499733	132500607	Heritable	0.112503077535599	1	1	0	0	0.434522932474788	0.997818244032116	0.200532715716072	0.200532715716072
all_individuals	dlpfc	AA	shared	expression_nearest_gene	chr12_132511931_132512522	chr12	132511931	132512522	Heritable	0.130585053332213	1	1	0	0	0.80413630932599	0.997818244032116	0.0674887958945405	0.0674887958945405
all_individuals	dlpfc	AA	shared	expression_nearest_gene	chr12_132514298_132514853	chr12	132514298	132514853	Non-heritable	0.0366655208688631	1	1	0	0	0.762450088245453	0.997818244032116	0.0842324687414688	0.0842324687414688
all_individuals	dlpfc	AA	shared	expression_nearest_gene	chr12_132542079_132542266	chr12	132542079	132542266	Heritable	0.139436924940399	1	1	0	0	0.27660133299335	0.97766064278196	0.300277642040314	0.300277642040314
all_individuals	dlpfc	AA	shared	expression_nearest_gene	chr12_132593752_132594304	chr12	132593752	132594304	Heritable	0.465258068592449	1	1	0	0	0.0403217755762093	0.730045312225798	0.46022530150179	-0.46022530150179
all_individuals	dlpfc	AA	shared	expression_nearest_gene	chr12_132659171_132659479	chr12	132659171	132659479	Heritable	0.109692299221345	1	1	0	0	0.91940108209335	0.997818244032116	0.0413256333897714	0.0413256333897714
all_individuals	dlpfc	AA	shared	expression_nearest_gene	chr12_132688382_132689571	chr12	132688382	132689571	Heritable	0.264927901510001	1	1	0	0	0.0759930631071465	0.830141710561625	0.230427727304864	-0.230427727304864
all_individuals	dlpfc	AA	shared	expression_nearest_gene	chr12_13278750_13279114	chr12	13278750	13279114	Heritable	0.232369636710276	1	1	0	0	0.474100788793043	0.997818244032116	0.453810536715776	-0.453810536715776
all_individuals	dlpfc	AA	shared	expression_nearest_gene	chr12_132837648_132838221	chr12	132837648	132838221	Heritable	0.110426047133077	1	1	0	0	0.627294946016329	0.997818244032116	0.0971828568516813	0.0971828568516813
all_individuals	dlpfc	AA	shared	expression_nearest_gene	chr12_14773578_14773638	chr12	14773578	14773638	Heritable	0.188214185625166	1	1	0	0	0.159466062527279	0.911713995663319	0.316854338146476	0.316854338146476
all_individuals	dlpfc	AA	shared	expression_nearest_gene	chr12_1612025_1612554	chr12	1612025	1612554	Heritable	0.121685590651397	1	1	0	0	0.451524891429548	0.997818244032116	0.198971254563799	0.198971254563799
all_individuals	dlpfc	AA	shared	expression_nearest_gene	chr12_1831183_1831376	chr12	1831183	1831376	Heritable	0.129290537899383	1	1	0	0	0.696518726632347	0.997818244032116	0.107304618303408	0.107304618303408
all_individuals	dlpfc	AA	shared	expression_nearest_gene	chr12_22116002_22117105	chr12	22116002	22117105	Heritable	0.130441460138564	1	1	0	0	0.952337419499008	0.997818244032116	0.00853463586826564	0.00853463586826564
all_individuals	dlpfc	AA	shared	expression_nearest_gene	chr12_23895607_23896080	chr12	23895607	23896080	Heritable	0.110398133516006	1	1	0	0	0.390895634729986	0.997818244032116	0.140653990114451	0.140653990114451
all_individuals	dlpfc	AA	shared	expression_nearest_gene	chr12_24015187_24015727	chr12	24015187	24015727	Heritable	0.11108028678009	1	1	0	0	0.336444816357955	0.997818244032116	0.155922413527676	-0.155922413527676
all_individuals	dlpfc	AA	shared	expression_nearest_gene	chr12_24069766_24070147	chr12	24069766	24070147	Heritable	0.118122320874419	1	1	0	0	0.2525149263397	0.958038504795448	0.18744246054355	-0.18744246054355
all_individuals	dlpfc	AA	shared	expression_nearest_gene	chr12_2491862_2492539	chr12	2491862	2492539	Heritable	0.124542193050628	1	1	0	0	0.583058460107246	0.997818244032116	0.0945511941954926	-0.0945511941954926
all_individuals	dlpfc	AA	shared	expression_nearest_gene	chr12_2499058_2499461	chr12	2499058	2499461	Heritable	0.16285509421364	1	1	0	0	0.130765386503883	0.885502111448744	0.296030242123897	0.296030242123897
all_individuals	dlpfc	AA	shared	expression_nearest_gene	chr12_26043026_26043843	chr12	26043026	26043843	Heritable	0.138424565652594	1	1	0	0	0.133031920535263	0.886987978379458	0.299690246610457	-0.299690246610457
all_individuals	dlpfc	AA	shared	expression_nearest_gene	chr12_26809815_26810588	chr12	26809815	26810588	Heritable	0.117257045022555	1	1	0	0	0.263431884722959	0.969456447123687	0.181119555161459	-0.181119555161459
all_individuals	dlpfc	AA	shared	expression_nearest_gene	chr12_2691010_2691992	chr12	2691010	2691992	Heritable	0.10279791975647	1	1	0	0	0.384658379272664	0.997818244032116	0.152893808471253	-0.152893808471253
all_individuals	dlpfc	AA	shared	expression_nearest_gene	chr12_27844447_27845190	chr12	27844447	27845190	Heritable	0.116395975119961	1	1	0	0	0.247171952264729	0.958038504795448	0.111886190228219	-0.111886190228219
all_individuals	dlpfc	AA	shared	expression_nearest_gene	chr12_2891942_2892580	chr12	2891942	2892580	Heritable	0.110893100192884	1	1	0	0	0.867467559017739	0.997818244032116	0.0376907132892788	0.0376907132892788
all_individuals	dlpfc	AA	shared	expression_nearest_gene	chr12_2895763_2896186	chr12	2895763	2896186	Heritable	0.120650008817108	1	1	0	0	0.0300456875409483	0.61983675595293	0.439005293646165	0.439005293646165
all_individuals	dlpfc	AA	shared	expression_nearest_gene	chr12_2901474_2902575	chr12	2901474	2902575	Heritable	0.176846234099201	1	1	0	0	0.527818171344742	0.997818244032116	0.137746149882332	-0.137746149882332
all_individuals	dlpfc	AA	shared	expression_nearest_gene	chr12_29782441_29782524	chr12	29782441	29782524	Heritable	0.112961056257804	1	1	0	0	0.884408241154773	0.997818244032116	0.0326823855906166	-0.0326823855906166
all_individuals	dlpfc	AA	shared	expression_nearest_gene	chr12_30822991_30823191	chr12	30822991	30823191	Heritable	0.380469076775333	1	1	0	0	0.585324925672959	0.997818244032116	0.0866309482749623	0.0866309482749623
all_individuals	dlpfc	AA	shared	expression_nearest_gene	chr12_3140021_3140322	chr12	3140021	3140322	Non-heritable	0.0969322167183981	1	1	0	0	0.854024386192186	0.997818244032116	0.0536593189366261	-0.0536593189366261
all_individuals	dlpfc	AA	shared	expression_nearest_gene	chr12_31872982_31873470	chr12	31872982	31873470	Heritable	0.174085463782879	1	1	0	0	0.34620168782745	0.997818244032116	0.205627206469839	0.205627206469839
all_individuals	dlpfc	AA	shared	expression_nearest_gene	chr12_3203424_3208728	chr12	3203424	3208728	Heritable	0.12360312716844	1	1	0	0	0.642609044192284	0.997818244032116	0.131151945716447	-0.131151945716447
all_individuals	dlpfc	AA	shared	expression_nearest_gene	chr12_3210004_3211081	chr12	3210004	3211081	Heritable	0.328344353999826	1	1	0	0	0.834587260582427	0.997818244032116	0.0539628583995331	0.0539628583995331
all_individuals	dlpfc	AA	shared	expression_nearest_gene	chr12_3212891_3217523	chr12	3212891	3217523	Heritable	0.198839409201404	1	1	0	0	0.654547359264693	0.997818244032116	0.119988719943727	-0.119988719943727
all_individuals	dlpfc	AA	shared	expression_nearest_gene	chr12_3220504_3221397	chr12	3220504	3221397	Heritable	0.161306815708358	1	1	0	0	0.98244393938568	0.997818244032116	0.00629669729033466	-0.00629669729033466
all_individuals	dlpfc	AA	shared	expression_nearest_gene	chr12_3230243_3233148	chr12	3230243	3233148	Heritable	0.103802665132728	1	1	0	0	0.920188154250957	0.997818244032116	0.0265740909371903	-0.0265740909371903
all_individuals	dlpfc	AA	shared	expression_nearest_gene	chr12_32390895_32391529	chr12	32390895	32391529	Heritable	0.111022061051162	1	1	0	0	0.53407845439271	0.997818244032116	0.102553210280103	-0.102553210280103
all_individuals	dlpfc	AA	shared	expression_nearest_gene	chr12_3243690_3245224	chr12	3243690	3245224	Heritable	0.143446127740346	1	1	0	0	0.951579467765021	0.997818244032116	0.0149783334600535	0.0149783334600535
all_individuals	dlpfc	AA	shared	expression_nearest_gene	chr12_3247260_3248063	chr12	3247260	3248063	Heritable	0.151115557500411	1	1	0	0	0.873247943428991	0.997818244032116	0.0422008408158696	0.0422008408158696
all_individuals	dlpfc	AA	shared	expression_nearest_gene	chr12_3255831_3257197	chr12	3255831	3257197	Heritable	0.106763128083641	1	1	0	0	0.844996435801708	0.997818244032116	0.0483137485620286	-0.0483137485620286
all_individuals	dlpfc	AA	shared	expression_nearest_gene	chr12_32561940_32562455	chr12	32561940	32562455	Heritable	0.107769055962057	1	1	0	0	0.837428708636425	0.997818244032116	0.0299457558404619	-0.0299457558404619
all_individuals	dlpfc	AA	shared	expression_nearest_gene	chr12_3276113_3277662	chr12	3276113	3277662	Heritable	0.102084502208093	1	1	0	0	0.952547674476682	0.997818244032116	0.0157095617416356	-0.0157095617416356
all_individuals	dlpfc	AA	shared	expression_nearest_gene	chr12_3280332_3280617	chr12	3280332	3280617	Heritable	0.102953419389014	1	1	0	0	0.932043320097651	0.997818244032116	0.0224619097445231	0.0224619097445231
all_individuals	dlpfc	AA	shared	expression_nearest_gene	chr12_3284235_3284644	chr12	3284235	3284644	Heritable	0.150845039087171	1	1	0	0	0.906830423006411	0.997818244032116	0.0349161337215307	-0.0349161337215307
all_individuals	dlpfc	AA	shared	expression_nearest_gene	chr12_32877453_32878515	chr12	32877453	32878515	Heritable	0.152091963042473	1	1	0	0	0.961444630728128	0.997818244032116	0.0127247651823836	0.0127247651823836
all_individuals	dlpfc	AA	shared	expression_nearest_gene	chr12_33358020_33359200	chr12	33358020	33359200	Heritable	0.583787914869376	1	1	0	0	0.0948177420981335	0.858360614647871	0.632381342738229	-0.632381342738229
all_individuals	dlpfc	AA	shared	expression_nearest_gene	chr12_3530251_3531037	chr12	3530251	3531037	Heritable	0.350111861132331	1	1	0	0	0.257924843934731	0.964672006403031	0.327772911566468	-0.327772911566468
all_individuals	dlpfc	AA	shared	expression_nearest_gene	chr12_4242988_4243486	chr12	4242988	4243486	Heritable	0.114618198311632	1	1	0	0	0.96837075744531	0.997818244032116	0.0119469749213756	0.0119469749213756
all_individuals	dlpfc	AA	shared	expression_nearest_gene	chr12_43347893_43348623	chr12	43347893	43348623	Heritable	0.274925943980729	1	1	0	0	0.596780864129886	0.997818244032116	0.146759390817768	0.146759390817768
all_individuals	dlpfc	AA	shared	expression_nearest_gene	chr12_44520055_44520146	chr12	44520055	44520146	Non-heritable	0.0905402018491548	1	1	0	0	0.296914452166233	0.983008463446871	0.207871928061969	0.207871928061969
all_individuals	dlpfc	AA	shared	expression_nearest_gene	chr12_4562627_4562713	chr12	4562627	4562713	Heritable	0.29458309423423	1	1	0	0	0.0445861364192511	0.750271025000026	0.299570289874552	0.299570289874552
all_individuals	dlpfc	AA	shared	expression_nearest_gene	chr12_47942566_47942796	chr12	47942566	47942796	Heritable	0.407699594624634	1	1	0	0	0.332800395055363	0.997818244032116	0.269497920802562	-0.269497920802562
all_individuals	dlpfc	AA	shared	expression_nearest_gene	chr12_48005444_48005588	chr12	48005444	48005588	Heritable	0.105059193118382	1	1	0	0	0.158058027176677	0.91025328674185	0.278233070936258	0.278233070936258
all_individuals	dlpfc	AA	shared	expression_nearest_gene	chr12_48827765_48827970	chr12	48827765	48827970	Heritable	0.153951457106454	1	1	0	0	0.778174014433283	0.997818244032116	0.0731110351703599	-0.0731110351703599
all_individuals	dlpfc	AA	shared	expression_nearest_gene	chr12_49276762_49277851	chr12	49276762	49277851	Heritable	0.119058729151647	1	1	0	0	0.591535978585944	0.997818244032116	0.251256249371345	-0.251256249371345
all_individuals	dlpfc	AA	shared	expression_nearest_gene	chr12_49366140_49366231	chr12	49366140	49366231	Heritable	0.10949563264926	1	1	0	0	0.3624744066978	0.997818244032116	0.140783921874679	-0.140783921874679
all_individuals	dlpfc	AA	shared	expression_nearest_gene	chr12_49496392_49496655	chr12	49496392	49496655	Heritable	0.174987806090194	1	1	0	0	0.407332604755054	0.997818244032116	0.105700068393023	-0.105700068393023
all_individuals	dlpfc	AA	shared	expression_nearest_gene	chr12_49549536_49549637	chr12	49549536	49549637	Heritable	0.118832930136195	1	1	0	0	0.242207480201488	0.95502009606648	0.375055461598638	0.375055461598638
all_individuals	dlpfc	AA	shared	expression_nearest_gene	chr12_49809955_49810452	chr12	49809955	49810452	Heritable	0.108437461972666	1	1	0	0	0.652275391862434	0.997818244032116	0.0888007167159053	-0.0888007167159053
all_individuals	dlpfc	AA	shared	expression_nearest_gene	chr12_50246763_50248525	chr12	50246763	50248525	Heritable	0.201511488271758	1	1	0	0	0.62910898286524	0.997818244032116	0.107616870451643	0.107616870451643
all_individuals	dlpfc	AA	shared	expression_nearest_gene	chr12_50281960_50282660	chr12	50281960	50282660	Heritable	0.151526348599967	1	1	0	0	0.544179046517066	0.997818244032116	0.109032063543006	-0.109032063543006
all_individuals	dlpfc	AA	shared	expression_nearest_gene	chr12_50507815_50509829	chr12	50507815	50509829	Heritable	0.110292139152476	1	1	0	0	0.168803060422468	0.911713995663319	0.195219415053323	-0.195219415053323
all_individuals	dlpfc	AA	shared	expression_nearest_gene	chr12_50529497_50530359	chr12	50529497	50530359	Heritable	0.171107170338626	1	1	0	0	0.367675001692971	0.997818244032116	0.131250559691658	-0.131250559691658
all_individuals	dlpfc	AA	shared	expression_nearest_gene	chr12_50765858_50766071	chr12	50765858	50766071	Heritable	0.132006869813769	1	1	0	0	0.46269857145498	0.997818244032116	0.141155216403519	-0.141155216403519
all_individuals	dlpfc	AA	shared	expression_nearest_gene	chr12_50923592_50924274	chr12	50923592	50924274	Non-heritable	0.0969229438842217	1	1	0	0	0.556325194028494	0.997818244032116	0.178090769621619	-0.178090769621619
all_individuals	dlpfc	AA	shared	expression_nearest_gene	chr12_51123919_51125016	chr12	51123919	51125016	Heritable	0.138832395185086	1	1	0	0	0.729811146617057	0.997818244032116	0.0410209966224588	0.0410209966224588
all_individuals	dlpfc	AA	shared	expression_nearest_gene	chr12_51392339_51392880	chr12	51392339	51392880	Heritable	0.160027863851594	1	1	0	0	0.566702374670715	0.997818244032116	0.232327740276897	-0.232327740276897
all_individuals	dlpfc	AA	shared	expression_nearest_gene	chr12_52055818_52056184	chr12	52055818	52056184	Heritable	0.12709183443721	1	1	0	0	0.661450281789587	0.997818244032116	0.278999652315878	0.278999652315878
all_individuals	dlpfc	AA	shared	expression_nearest_gene	chr12_52061734_52062632	chr12	52061734	52062632	Heritable	0.132728692151529	1	1	0	0	0.723175094215945	0.997818244032116	0.211913954774513	0.211913954774513
all_individuals	dlpfc	AA	shared	expression_nearest_gene	chr12_52965990_52966128	chr12	52965990	52966128	Heritable	0.188320574561063	1	1	0	0	0.680909926882456	0.997818244032116	0.0748286388392125	0.0748286388392125
all_individuals	dlpfc	AA	shared	expression_nearest_gene	chr12_53677709_53679299	chr12	53677709	53679299	Heritable	0.113887562864625	1	1	0	0	0.24776025175512	0.958038504795448	0.219534276408847	-0.219534276408847
all_individuals	dlpfc	AA	shared	expression_nearest_gene	chr12_5430373_5430767	chr12	5430373	5430767	Non-heritable	0.0686135795501164	1	1	0	0	0.486839440617121	0.997818244032116	0.086792825911499	0.086792825911499
all_individuals	dlpfc	AA	shared	expression_nearest_gene	chr12_55414772_55415753	chr12	55414772	55415753	Non-heritable	0.0997225539620331	1	1	0	0	0.199051926151821	0.931624393086991	0.0122331236734561	-0.0122331236734561
all_individuals	dlpfc	AA	shared	expression_nearest_gene	chr12_56153773_56154074	chr12	56153773	56154074	Heritable	0.122062683327641	1	1	0	0	0.186976548758773	0.920956452447216	0.264846895530315	-0.264846895530315
all_individuals	dlpfc	AA	shared	expression_nearest_gene	chr12_56348622_56349566	chr12	56348622	56349566	Heritable	0.159756562755032	1	1	0	0	0.967079973458426	0.997818244032116	0.00789768564205673	-0.00789768564205673
all_individuals	dlpfc	AA	shared	expression_nearest_gene	chr12_57474904_57475010	chr12	57474904	57475010	Non-heritable	0.0935282430711483	1	1	0	0	0.0197110059609353	0.481495712726997	0.615755686835836	-0.615755686835836
all_individuals	dlpfc	AA	shared	expression_nearest_gene	chr12_57551253_57552300	chr12	57551253	57552300	Heritable	0.125800934907102	1	1	0	0	0.962770816856905	0.997818244032116	0.00791566904883467	-0.00791566904883467
all_individuals	dlpfc	AA	shared	expression_nearest_gene	chr12_57873820_57874483	chr12	57873820	57874483	Heritable	0.17912728801142	1	1	0	0	0.555751423167259	0.997818244032116	0.124542314346006	0.124542314346006
all_individuals	dlpfc	AA	shared	expression_nearest_gene	chr12_6199488_6199608	chr12	6199488	6199608	Heritable	0.150532767805994	1	1	0	0	0.262722050880514	0.968625581853395	0.385089781975346	-0.385089781975346
all_individuals	dlpfc	AA	shared	expression_nearest_gene	chr12_6229305_6231409	chr12	6229305	6231409	Heritable	0.106193391157955	1	1	0	0	0.577096266137269	0.997818244032116	0.154056530580554	-0.154056530580554
all_individuals	dlpfc	AA	shared	expression_nearest_gene	chr12_62630388_62630995	chr12	62630388	62630995	Heritable	0.156380635901623	1	1	0	0	0.153505569358592	0.90562350969366	0.533279520700849	-0.533279520700849
all_individuals	dlpfc	AA	shared	expression_nearest_gene	chr12_62840954_62841640	chr12	62840954	62841640	Heritable	0.171308454305365	1	1	0	0	0.923047034901074	0.997818244032116	0.00964168369484497	0.00964168369484497
all_individuals	dlpfc	AA	shared	expression_nearest_gene	chr12_62915962_62918110	chr12	62915962	62918110	Heritable	0.152193371580536	1	1	0	0	0.0902133857752467	0.852417590912265	0.158814721939308	-0.158814721939308
all_individuals	dlpfc	AA	shared	expression_nearest_gene	chr12_64641060_64641423	chr12	64641060	64641423	Heritable	0.478818603474812	1	1	0	0	0.0114228665718556	0.342765877341485	0.531047318237484	0.531047318237484
all_individuals	dlpfc	AA	shared	expression_nearest_gene	chr12_64679852_64680002	chr12	64679852	64680002	Heritable	0.120559606018355	1	1	0	0	0.345666808280481	0.997818244032116	0.205168862232112	-0.205168862232112
all_individuals	dlpfc	AA	shared	expression_nearest_gene	chr12_6646610_6646874	chr12	6646610	6646874	Heritable	0.115789940393044	1	1	0	0	0.977427738683897	0.997818244032116	0.00481652559659251	-0.00481652559659251
all_individuals	dlpfc	AA	shared	expression_nearest_gene	chr12_6768302_6769361	chr12	6768302	6769361	Heritable	0.133747566198617	1	1	0	0	0.901575969725557	0.997818244032116	0.0401219587039456	-0.0401219587039456
all_individuals	dlpfc	AA	shared	expression_nearest_gene	chr12_6822928_6824858	chr12	6822928	6824858	Heritable	0.131941856590051	1	1	0	0	0.280162808127793	0.980483660900014	0.27066658925353	-0.27066658925353
all_individuals	dlpfc	AA	shared	expression_nearest_gene	chr12_6829931_6830237	chr12	6829931	6830237	Heritable	0.116014919632882	1	1	0	0	0.0909337796836962	0.852417590912265	0.47349524720336	-0.47349524720336
all_individuals	dlpfc	AA	shared	expression_nearest_gene	chr12_6840096_6840208	chr12	6840096	6840208	Non-heritable	0.0833881882984968	1	1	0	0	0.0851183522300435	0.845216945719577	0.995966287620231	-0.995966287620231
all_individuals	dlpfc	AA	shared	expression_nearest_gene	chr12_6913315_6913798	chr12	6913315	6913798	Heritable	0.101901104098752	1	1	0	0	0.0496824797005357	0.771372187047652	0.36702237434183	-0.36702237434183
all_individuals	dlpfc	AA	shared	expression_nearest_gene	chr12_6915962_6917621	chr12	6915962	6917621	Heritable	0.130470380572308	1	1	0	0	0.394038915638507	0.997818244032116	0.181552802911369	-0.181552802911369
all_individuals	dlpfc	AA	shared	expression_nearest_gene	chr12_6926661_6926948	chr12	6926661	6926948	Heritable	0.165568571122202	1	1	0	0	0.852934340342438	0.997818244032116	0.0768480091439798	0.0768480091439798
all_individuals	dlpfc	AA	shared	expression_nearest_gene	chr12_69475329_69476376	chr12	69475329	69476376	Heritable	0.128591245997897	1	1	0	0	0.287422468933892	0.982732919677553	0.140007537093688	0.140007537093688
all_individuals	dlpfc	AA	shared	expression_nearest_gene	chr12_69610071_69610505	chr12	69610071	69610505	Heritable	0.130497852020241	1	1	0	0	0.0188651523388819	0.472904187136242	0.0209340211007523	-0.0209340211007523
all_individuals	dlpfc	AA	shared	expression_nearest_gene	chr12_7096869_7097368	chr12	7096869	7097368	Heritable	0.119790289526348	1	1	0	0	0.787087520665783	0.997818244032116	0.115912339391134	-0.115912339391134
all_individuals	dlpfc	AA	shared	expression_nearest_gene	chr12_72274404_72275513	chr12	72274404	72275513	Heritable	0.107886282977618	1	1	0	0	0.0994791133376384	0.864098937918636	0.335234723061087	-0.335234723061087
all_individuals	dlpfc	AA	shared	expression_nearest_gene	chr12_72577468_72578682	chr12	72577468	72578682	Heritable	0.478884653715987	1	1	0	0	0.173634011899617	0.911713995663319	0.266728642392458	-0.266728642392458
all_individuals	dlpfc	AA	shared	expression_nearest_gene	chr12_76561307_76561450	chr12	76561307	76561450	Non-heritable	0.0652787871587001	1	1	0	0	0.206162385690945	0.934398228366064	0.353694691644423	-0.353694691644423
all_individuals	dlpfc	AA	shared	expression_nearest_gene	chr12_76763136_76763354	chr12	76763136	76763354	Heritable	0.148755143770327	1	1	0	0	0.142494510237262	0.886987978379458	0.23187825760985	-0.23187825760985
all_individuals	dlpfc	AA	shared	expression_nearest_gene	chr12_77924254_77925714	chr12	77924254	77925714	Non-heritable	0.075547226649057	1	1	0	0	0.84583410649449	0.997818244032116	0.0246994639089699	-0.0246994639089699
all_individuals	dlpfc	AA	shared	expression_nearest_gene	chr12_7839391_7839788	chr12	7839391	7839788	Heritable	0.100992378321159	1	1	0	0	0.5553579771273	0.997818244032116	0.241673041628884	-0.241673041628884
all_individuals	dlpfc	AA	shared	expression_nearest_gene	chr12_7954991_7955132	chr12	7954991	7955132	Heritable	0.174298119524243	1	1	0	0	0.701052185431238	0.997818244032116	0.082165741296846	0.082165741296846
all_individuals	dlpfc	AA	shared	expression_nearest_gene	chr12_8227098_8228447	chr12	8227098	8228447	Heritable	0.121038146473328	1	1	1	1	9.88476810796808e-09	1.51484071254611e-06	1.17792224908092	-1.17792224908092
all_individuals	dlpfc	AA	shared	expression_nearest_gene	chr12_82688641_82689260	chr12	82688641	82689260	Heritable	0.164306390963973	1	1	0	0	0.201662108020769	0.931624393086991	0.215302365953548	0.215302365953548
all_individuals	dlpfc	AA	shared	expression_nearest_gene	chr12_82698819_82699522	chr12	82698819	82699522	Heritable	0.22309059033836	1	1	0	0	0.382626991464417	0.997818244032116	0.157623398900668	0.157623398900668
all_individuals	dlpfc	AA	shared	expression_nearest_gene	chr12_8668202_8668873	chr12	8668202	8668873	Heritable	0.233604389867027	1	1	0	0	0.507423688638933	0.997818244032116	0.122736943092399	0.122736943092399
all_individuals	dlpfc	AA	shared	expression_nearest_gene	chr12_89348965_89350456	chr12	89348965	89350456	Heritable	0.166698694183402	1	1	0	0	0.45090603668234	0.997818244032116	0.322862214548152	-0.322862214548152
all_individuals	dlpfc	AA	shared	expression_nearest_gene	chr12_92130735_92131522	chr12	92130735	92131522	Heritable	0.176640883649684	1	1	0	0	0.0329617068476537	0.654671178361633	0.628215186406531	-0.628215186406531
all_individuals	dlpfc	AA	shared	expression_nearest_gene	chr12_92134113_92138397	chr12	92134113	92138397	Heritable	0.12375637786978	1	1	0	0	0.0108502918102233	0.330202852182043	0.849906308128389	-0.849906308128389
all_individuals	dlpfc	AA	shared	expression_nearest_gene	chr12_9240089_9240982	chr12	9240089	9240982	Non-heritable	0.0934727346414818	1	1	0	0	0.883958272733052	0.997818244032116	0.00632956084403796	-0.00632956084403796
all_individuals	dlpfc	AA	shared	expression_nearest_gene	chr12_93379668_93380991	chr12	93379668	93380991	Heritable	0.121466226922232	1	1	0	0	0.00525169688499717	0.194267511495887	0.393443990506141	-0.393443990506141
all_individuals	dlpfc	AA	shared	expression_nearest_gene	chr12_93590709_93591133	chr12	93590709	93591133	Heritable	0.215509302424165	1	1	0	0	0.484894029353723	0.997818244032116	0.156510205140278	-0.156510205140278
all_individuals	dlpfc	AA	shared	expression_nearest_gene	chr12_94277416_94277779	chr12	94277416	94277779	Heritable	0.133743307027192	1	1	0	0	0.843281237708349	0.997818244032116	0.0334464999772113	-0.0334464999772113
all_individuals	dlpfc	AA	shared	expression_nearest_gene	chr12_96249376_96249802	chr12	96249376	96249802	Heritable	0.104105947733255	1	1	0	0	0.238208621108295	0.949401940087826	0.375858973315559	0.375858973315559
all_individuals	dlpfc	AA	shared	expression_nearest_gene	chr12_96906632_96906725	chr12	96906632	96906725	Heritable	0.119240054576954	1	1	0	0	0.595572347449101	0.997818244032116	0.123206635274297	-0.123206635274297
all_individuals	dlpfc	AA	shared	expression_nearest_gene	chr12_98396677_98396946	chr12	98396677	98396946	Heritable	0.340553829251794	1	1	0	0	0.712033354693073	0.997818244032116	0.0766839003410915	0.0766839003410915
all_individuals	dlpfc	AA	shared	expression_nearest_gene	chr12_98744989_98745539	chr12	98744989	98745539	Heritable	0.106524965668013	1	1	0	0	0.785728053564404	0.997818244032116	0.0285522681492125	-0.0285522681492125
all_individuals	dlpfc	AA	shared	expression_nearest_gene	chr12_9942680_9943750	chr12	9942680	9943750	Heritable	0.342224203664009	1	1	1	1	8.5533500955145e-20	1.22341417532842e-16	6.22171115520734	-6.22171115520734
all_individuals	dlpfc	AA	shared	expression_nearest_gene	chr12_99982982_99983636	chr12	99982982	99983636	Heritable	0.111428461434959	1	1	0	0	0.339990327799791	0.997818244032116	0.0858699189249652	-0.0858699189249652
all_individuals	dlpfc	AA	shared	expression_nearest_gene	chr13_100521300_100522532	chr13	100521300	100522532	Non-heritable	0.0861142106769588	1	1	0	0	0.867044952609778	0.997818244032116	0.0220479827680702	0.0220479827680702
all_individuals	dlpfc	AA	shared	expression_nearest_gene	chr13_100635410_100636623	chr13	100635410	100636623	Heritable	0.14244185847204	1	1	0	0	0.7932675183056	0.997818244032116	0.0592609655073098	0.0592609655073098
all_individuals	dlpfc	AA	shared	expression_nearest_gene	chr13_100650190_100650812	chr13	100650190	100650812	Heritable	0.14028863809114	1	1	0	0	0.04127033083367	0.734366138918551	0.48070569984624	-0.48070569984624
all_individuals	dlpfc	AA	shared	expression_nearest_gene	chr13_102393688_102393932	chr13	102393688	102393932	Heritable	0.145080583835116	1	1	0	0	0.967456406903943	0.997818244032116	0.00723841167941686	0.00723841167941686
all_individuals	dlpfc	AA	shared	expression_nearest_gene	chr13_106468137_106468454	chr13	106468137	106468454	Heritable	0.123706663786139	1	1	0	0	0.469802177300004	0.997818244032116	0.131817890861772	-0.131817890861772
all_individuals	dlpfc	AA	shared	expression_nearest_gene	chr13_106536926_106537284	chr13	106536926	106537284	Heritable	0.102314371273162	1	1	0	0	0.551047709086647	0.997818244032116	0.0910881956625005	-0.0910881956625005
all_individuals	dlpfc	AA	shared	expression_nearest_gene	chr13_107712576_107713233	chr13	107712576	107713233	Heritable	0.111664213482734	1	1	0	0	0.113410736143626	0.885502111448744	0.221408186540387	0.221408186540387
all_individuals	dlpfc	AA	shared	expression_nearest_gene	chr13_109127059_109127546	chr13	109127059	109127546	Heritable	0.136183566482761	1	1	0	0	0.414831416727179	0.997818244032116	0.208403106382832	-0.208403106382832
all_individuals	dlpfc	AA	shared	expression_nearest_gene	chr13_110151380_110151696	chr13	110151380	110151696	Non-heritable	0.0945125552787315	1	1	0	0	0.576453373663623	0.997818244032116	0.235181809749243	-0.235181809749243
all_individuals	dlpfc	AA	shared	expression_nearest_gene	chr13_110161221_110161612	chr13	110161221	110161612	Heritable	0.108683823495802	1	1	0	0	0.961623943808311	0.997818244032116	0.017985589750082	-0.017985589750082
all_individuals	dlpfc	AA	shared	expression_nearest_gene	chr13_110265984_110266700	chr13	110265984	110266700	Non-heritable	0.0941760219007349	1	1	0	0	0.151545112361577	0.90191411531696	0.624766053346868	-0.624766053346868
all_individuals	dlpfc	AA	shared	expression_nearest_gene	chr13_110347703_110347996	chr13	110347703	110347996	Non-heritable	0.0969233710680621	1	1	0	0	0.150431398883684	0.900111882088523	0.507959874955661	-0.507959874955661
all_individuals	dlpfc	AA	shared	expression_nearest_gene	chr13_110677937_110679350	chr13	110677937	110679350	Non-heritable	0.0629330210377193	1	1	0	0	0.64613756961324	0.997818244032116	0.061294626103285	-0.061294626103285
all_individuals	dlpfc	AA	shared	expression_nearest_gene	chr13_110702865_110703059	chr13	110702865	110703059	Heritable	0.115132560249934	1	1	0	0	0.941423349663761	0.997818244032116	0.0114719424449028	-0.0114719424449028
all_individuals	dlpfc	AA	shared	expression_nearest_gene	chr13_110797379_110797964	chr13	110797379	110797964	Heritable	0.10032031438204	1	1	0	0	0.237053377384668	0.949401940087826	0.275900811589053	-0.275900811589053
all_individuals	dlpfc	AA	shared	expression_nearest_gene	chr13_110812743_110813325	chr13	110812743	110813325	Heritable	0.102968528940177	1	1	1	1	0.000182977901982065	0.0113791040203629	0.856589952700707	-0.856589952700707
all_individuals	dlpfc	AA	shared	expression_nearest_gene	chr13_111898917_111899500	chr13	111898917	111899500	Heritable	0.251913312784817	1	1	0	0	0.281052179656727	0.980483660900014	0.250453215916363	-0.250453215916363
all_individuals	dlpfc	AA	shared	expression_nearest_gene	chr13_112015094_112015958	chr13	112015094	112015958	Heritable	0.387753126778808	1	1	0	0	0.217090208736636	0.945014449508517	0.058666934597916	0.058666934597916
all_individuals	dlpfc	AA	shared	expression_nearest_gene	chr13_112219158_112219556	chr13	112219158	112219556	Heritable	0.108518904290106	1	1	0	0	0.289289196914436	0.983008463446871	0.218000985469409	-0.218000985469409
all_individuals	dlpfc	AA	shared	expression_nearest_gene	chr13_112742431_112742610	chr13	112742431	112742610	Heritable	0.123510313213886	1	1	0	0	0.957874296916877	0.997818244032116	0.01242857027081	0.01242857027081
all_individuals	dlpfc	AA	shared	expression_nearest_gene	chr13_112749024_112750753	chr13	112749024	112750753	Heritable	0.120674129311984	1	1	0	0	0.601010216973786	0.997818244032116	0.159410518584352	-0.159410518584352
all_individuals	dlpfc	AA	shared	expression_nearest_gene	chr13_112753333_112753510	chr13	112753333	112753510	Heritable	0.102984187011702	1	1	0	0	0.671042785504733	0.997818244032116	0.0877571800525292	0.0877571800525292
all_individuals	dlpfc	AA	shared	expression_nearest_gene	chr13_112769368_112769699	chr13	112769368	112769699	Heritable	0.192930353153596	1	1	0	0	0.712379760343263	0.997818244032116	0.085292873028294	0.085292873028294
all_individuals	dlpfc	AA	shared	expression_nearest_gene	chr13_112781885_112782377	chr13	112781885	112782377	Heritable	0.103236609673752	1	1	0	0	0.678804389737982	0.997818244032116	0.0802038807336274	-0.0802038807336274
all_individuals	dlpfc	AA	shared	expression_nearest_gene	chr13_112806846_112807028	chr13	112806846	112807028	Heritable	0.105328390655456	1	1	0	0	0.936582365000817	0.997818244032116	0.0159406692969135	0.0159406692969135
all_individuals	dlpfc	AA	shared	expression_nearest_gene	chr13_112828990_112829189	chr13	112828990	112829189	Heritable	0.122126397875424	1	1	0	0	0.824097259023989	0.997818244032116	0.0508240702868115	-0.0508240702868115
all_individuals	dlpfc	AA	shared	expression_nearest_gene	chr13_112837728_112838403	chr13	112837728	112838403	Heritable	0.141512205311875	1	1	0	0	0.982604959898103	0.997818244032116	0.00448441301293201	0.00448441301293201
all_individuals	dlpfc	AA	shared	expression_nearest_gene	chr13_112898246_112898992	chr13	112898246	112898992	Heritable	0.103009745057886	1	1	0	0	0.516840882540282	0.997818244032116	0.140285193199677	-0.140285193199677
all_individuals	dlpfc	AA	shared	expression_nearest_gene	chr13_112902121_112903425	chr13	112902121	112903425	Heritable	0.134158820247592	1	1	0	0	0.286929424001709	0.982732919677553	0.248424607737611	-0.248424607737611
all_individuals	dlpfc	AA	shared	expression_nearest_gene	chr13_112941953_112942571	chr13	112941953	112942571	Heritable	0.249631083721287	1	1	0	0	0.0428917878565173	0.739151251776368	0.473084360709713	-0.473084360709713
all_individuals	dlpfc	AA	shared	expression_nearest_gene	chr13_112944244_112944602	chr13	112944244	112944602	Heritable	0.163477481572421	1	1	0	0	0.134988398026809	0.886987978379458	0.326804203420821	-0.326804203420821
all_individuals	dlpfc	AA	shared	expression_nearest_gene	chr13_112967892_112968068	chr13	112967892	112968068	Heritable	0.101487881579843	1	1	0	0	0.930618008513316	0.997818244032116	0.0199692932032374	-0.0199692932032374
all_individuals	dlpfc	AA	shared	expression_nearest_gene	chr13_112979276_112979704	chr13	112979276	112979704	Heritable	0.112501128950473	1	1	0	0	0.790724002485512	0.997818244032116	0.0597209638375453	-0.0597209638375453
all_individuals	dlpfc	AA	shared	expression_nearest_gene	chr13_112981820_112981985	chr13	112981820	112981985	Heritable	0.150206658150027	1	1	0	0	0.166285091301489	0.911713995663319	0.311538202269682	-0.311538202269682
all_individuals	dlpfc	AA	shared	expression_nearest_gene	chr13_112991102_112991390	chr13	112991102	112991390	Heritable	0.132015145153864	1	1	0	0	0.423352550686168	0.997818244032116	0.193333158481611	-0.193333158481611
all_individuals	dlpfc	AA	shared	expression_nearest_gene	chr13_112994384_112996418	chr13	112994384	112996418	Heritable	0.119010793345972	1	1	0	0	0.200490039874393	0.931624393086991	0.287635380611455	-0.287635380611455
all_individuals	dlpfc	AA	shared	expression_nearest_gene	chr13_112998119_112998834	chr13	112998119	112998834	Heritable	0.129148859502601	1	1	0	0	0.308586954554509	0.985760877676827	0.248752404388047	-0.248752404388047
all_individuals	dlpfc	AA	shared	expression_nearest_gene	chr13_113006439_113006661	chr13	113006439	113006661	Heritable	0.107789624572373	1	1	0	0	0.270589128977548	0.972463717403515	0.241802825321759	-0.241802825321759
all_individuals	dlpfc	AA	shared	expression_nearest_gene	chr13_113070147_113070771	chr13	113070147	113070771	Heritable	0.103285937551484	1	1	0	0	0.0269753306784066	0.580378919021108	0.47985734088207	-0.47985734088207
all_individuals	dlpfc	AA	shared	expression_nearest_gene	chr13_113084084_113085502	chr13	113084084	113085502	Heritable	0.103655846360034	1	1	0	0	0.0880215242698986	0.852417590912265	0.377057009606443	-0.377057009606443
all_individuals	dlpfc	AA	shared	expression_nearest_gene	chr13_113093363_113093529	chr13	113093363	113093529	Heritable	0.177994379178711	1	1	0	0	0.0633281178563354	0.812442989701236	0.4014087029944	-0.4014087029944
all_individuals	dlpfc	AA	shared	expression_nearest_gene	chr13_113364708_113364809	chr13	113364708	113364809	Heritable	0.118733813378034	1	1	0	0	0.400207508179074	0.997818244032116	0.170687259581834	0.170687259581834
all_individuals	dlpfc	AA	shared	expression_nearest_gene	chr13_113393188_113393561	chr13	113393188	113393561	Heritable	0.225261294260984	1	1	0	0	0.847103188611296	0.997818244032116	0.0424433230559611	0.0424433230559611
all_individuals	dlpfc	AA	shared	expression_nearest_gene	chr13_113448827_113449862	chr13	113448827	113449862	Heritable	0.170423440616387	1	1	0	0	0.161120418949715	0.911713995663319	0.338875751104474	-0.338875751104474
all_individuals	dlpfc	AA	shared	expression_nearest_gene	chr13_113532657_113533193	chr13	113532657	113533193	Heritable	0.112534532052146	1	1	0	0	0.625987508092204	0.997818244032116	0.0601566619470439	-0.0601566619470439
all_individuals	dlpfc	AA	shared	expression_nearest_gene	chr13_113547845_113550808	chr13	113547845	113550808	Heritable	0.286068103677853	1	1	0	0	0.0686120539899057	0.817115709865458	0.207257019439201	0.207257019439201
all_individuals	dlpfc	AA	shared	expression_nearest_gene	chr13_113597620_113598181	chr13	113597620	113598181	Heritable	0.206188037363431	1	1	0	0	0.222790155200092	0.945014449508517	0.140842678568514	0.140842678568514
all_individuals	dlpfc	AA	shared	expression_nearest_gene	chr13_113620065_113620371	chr13	113620065	113620371	Heritable	0.140141781578679	1	1	0	0	0.169652297696471	0.911713995663319	0.169811664834512	0.169811664834512
all_individuals	dlpfc	AA	shared	expression_nearest_gene	chr13_113639626_113640234	chr13	113639626	113640234	Heritable	0.172985904911165	1	1	0	0	0.098529950968236	0.863777747997786	0.190523471179615	0.190523471179615
all_individuals	dlpfc	AA	shared	expression_nearest_gene	chr13_113647869_113648243	chr13	113647869	113648243	Heritable	0.139417429682381	1	1	0	0	0.775439206132302	0.997818244032116	0.00478234015186139	0.00478234015186139
all_individuals	dlpfc	AA	shared	expression_nearest_gene	chr13_113726628_113726936	chr13	113726628	113726936	Heritable	0.101761376048881	1	1	0	0	0.97634327859631	0.997818244032116	0.00783076582516107	-0.00783076582516107
all_individuals	dlpfc	AA	shared	expression_nearest_gene	chr13_113857595_113858109	chr13	113857595	113858109	Heritable	0.138517387665292	1	1	0	0	0.227196594982889	0.946505426283083	0.244509772414418	-0.244509772414418
all_individuals	dlpfc	AA	shared	expression_nearest_gene	chr13_114063593_114064500	chr13	114063593	114064500	Heritable	0.11241224707799	1	1	0	0	0.294837699816982	0.983008463446871	0.160172120757191	0.160172120757191
all_individuals	dlpfc	AA	shared	expression_nearest_gene	chr13_114071669_114071777	chr13	114071669	114071777	Heritable	0.115097253606708	1	1	0	0	0.0732339504192558	0.826965476971122	0.29626520004037	0.29626520004037
all_individuals	dlpfc	AA	shared	expression_nearest_gene	chr13_114295140_114295553	chr13	114295140	114295553	Heritable	0.135979481367703	1	1	0	0	0.610210777616228	0.997818244032116	0.0950463642227284	0.0950463642227284
all_individuals	dlpfc	AA	shared	expression_nearest_gene	chr13_19272209_19273030	chr13	19272209	19273030	Heritable	0.510943054057622	1	1	0	0	0.0347674042802203	0.667319103903534	0.226104875844304	0.226104875844304
all_individuals	dlpfc	AA	shared	expression_nearest_gene	chr13_20142650_20142886	chr13	20142650	20142886	Heritable	0.121883491214926	1	1	0	0	0.116231239197812	0.885502111448744	0.0987905780247162	0.0987905780247162
all_individuals	dlpfc	AA	shared	expression_nearest_gene	chr13_20716694_20717284	chr13	20716694	20717284	Heritable	0.111433394854788	1	1	0	0	0.224483128214667	0.945014449508517	0.231217356018441	0.231217356018441
all_individuals	dlpfc	AA	shared	expression_nearest_gene	chr13_21326813_21326976	chr13	21326813	21326976	Heritable	0.103105782482204	1	1	0	0	0.200984608748761	0.931624393086991	0.399000799821191	0.399000799821191
all_individuals	dlpfc	AA	shared	expression_nearest_gene	chr13_21478031_21479691	chr13	21478031	21479691	Heritable	0.126043902767014	1	1	0	0	0.0990551196048934	0.863777747997786	0.260695824694729	-0.260695824694729
all_individuals	dlpfc	AA	shared	expression_nearest_gene	chr13_21676026_21677189	chr13	21676026	21677189	Heritable	0.103986470956887	1	1	0	0	0.839991305916509	0.997818244032116	0.0393645766869053	0.0393645766869053
all_individuals	dlpfc	AA	shared	expression_nearest_gene	chr13_21736381_21736818	chr13	21736381	21736818	Heritable	0.152327943081745	1	1	0	0	0.431099367596399	0.997818244032116	0.171189491696159	-0.171189491696159
all_individuals	dlpfc	AA	shared	expression_nearest_gene	chr13_23194351_23195714	chr13	23194351	23195714	Heritable	0.710497864198367	1	1	0	0	0.769333883622605	0.997818244032116	0.0627164943828341	-0.0627164943828341
all_individuals	dlpfc	AA	shared	expression_nearest_gene	chr13_24038689_24040285	chr13	24038689	24040285	Heritable	0.10313567992574	1	1	0	0	0.960958453915314	0.997818244032116	0.0111273220220447	-0.0111273220220447
all_individuals	dlpfc	AA	shared	expression_nearest_gene	chr13_24327748_24328289	chr13	24327748	24328289	Heritable	0.160718019708116	1	1	0	0	0.876339398052197	0.997818244032116	0.00177198542840061	-0.00177198542840061
all_individuals	dlpfc	AA	shared	expression_nearest_gene	chr13_24328447_24328806	chr13	24328447	24328806	Heritable	0.103449496268153	1	1	0	0	0.13716656875586	0.886987978379458	0.0171253579399635	0.0171253579399635
all_individuals	dlpfc	AA	shared	expression_nearest_gene	chr13_24424835_24425161	chr13	24424835	24425161	Heritable	0.524331750837712	1	1	0	0	0.483075387467873	0.997818244032116	0.142355669885184	-0.142355669885184
all_individuals	dlpfc	AA	shared	expression_nearest_gene	chr13_25095886_25096233	chr13	25095886	25096233	Heritable	0.222892486272178	1	1	1	1	0.000275606969444858	0.0153588247517907	0.228448096285387	-0.228448096285387
all_individuals	dlpfc	AA	shared	expression_nearest_gene	chr13_26012423_26012873	chr13	26012423	26012873	Heritable	0.107879041844779	1	1	0	0	0.636382066615876	0.997818244032116	0.077762413422068	-0.077762413422068
all_individuals	dlpfc	AA	shared	expression_nearest_gene	chr13_26187012_26187401	chr13	26187012	26187401	Heritable	0.275543829069226	1	1	0	0	0.274178329711707	0.975445498063831	0.109803260493816	-0.109803260493816
all_individuals	dlpfc	AA	shared	expression_nearest_gene	chr13_26485581_26486686	chr13	26485581	26486686	Heritable	0.104061241081185	1	1	0	0	0.25058328030076	0.958038504795448	0.129479079258012	-0.129479079258012
all_individuals	dlpfc	AA	shared	expression_nearest_gene	chr13_27618536_27619477	chr13	27618536	27619477	Heritable	0.102090757793812	1	1	0	0	0.707343166082146	0.997818244032116	0.0743702743607952	0.0743702743607952
all_individuals	dlpfc	AA	shared	expression_nearest_gene	chr13_27981112_27981694	chr13	27981112	27981694	Heritable	0.105766350771281	1	1	0	0	0.243484498973836	0.95502009606648	0.0793543572472079	0.0793543572472079
all_individuals	dlpfc	AA	shared	expression_nearest_gene	chr13_28137040_28137219	chr13	28137040	28137219	Heritable	0.10367817155008	1	1	0	0	0.591423051327451	0.997818244032116	0.0897432143957637	0.0897432143957637
all_individuals	dlpfc	AA	shared	expression_nearest_gene	chr13_29231367_29232524	chr13	29231367	29232524	Heritable	0.337022863909206	1	1	0	0	0.908660870100014	0.997818244032116	0.0230363102568648	0.0230363102568648
all_individuals	dlpfc	AA	shared	expression_nearest_gene	chr13_30165325_30166060	chr13	30165325	30166060	Heritable	0.105560273045342	1	1	0	0	0.975079063651693	0.997818244032116	0.0022558232264398	0.0022558232264398
all_individuals	dlpfc	AA	shared	expression_nearest_gene	chr13_35474677_35474969	chr13	35474677	35474969	Non-heritable	0.096662763998543	1	1	0	0	0.270399909807216	0.972463717403515	0.191250177178189	-0.191250177178189
all_individuals	dlpfc	AA	shared	expression_nearest_gene	chr13_35477104_35478585	chr13	35477104	35478585	Non-heritable	0.0753061105485514	1	1	0	0	0.124723301645361	0.885502111448744	0.282856996549288	-0.282856996549288
all_individuals	dlpfc	AA	shared	expression_nearest_gene	chr13_39596855_39597946	chr13	39596855	39597946	Non-heritable	0.0805956233389297	1	1	0	0	0.985073534974378	0.997818244032116	0.00353956837883729	-0.00353956837883729
all_individuals	dlpfc	AA	shared	expression_nearest_gene	chr13_41459426_41461968	chr13	41459426	41461968	Heritable	0.105405468011183	1	1	0	0	0.557051999454782	0.997818244032116	0.180625288567587	0.180625288567587
all_individuals	dlpfc	AA	shared	expression_nearest_gene	chr13_42219173_42219867	chr13	42219173	42219867	Non-heritable	0.0788246326856375	1	1	0	0	0.901314449193196	0.997818244032116	0.0267948044725657	-0.0267948044725657
all_individuals	dlpfc	AA	shared	expression_nearest_gene	chr13_43448769_43448932	chr13	43448769	43448932	Heritable	0.100117549135017	1	1	0	0	0.569047327133254	0.997818244032116	0.0866606930814164	-0.0866606930814164
all_individuals	dlpfc	AA	shared	expression_nearest_gene	chr13_43880457_43880750	chr13	43880457	43880750	Heritable	0.120631980185924	1	1	0	0	0.0666125627042989	0.816670018754704	0.524025747671363	-0.524025747671363
all_individuals	dlpfc	AA	shared	expression_nearest_gene	chr13_46371586_46372116	chr13	46371586	46372116	Heritable	0.101845486348646	1	1	0	0	0.380231386499852	0.997818244032116	0.223244154671088	0.223244154671088
all_individuals	dlpfc	AA	shared	expression_nearest_gene	chr13_46552052_46552310	chr13	46552052	46552310	Heritable	0.101296691089728	1	1	0	0	0.742288958189	0.997818244032116	0.0507617968562073	-0.0507617968562073
all_individuals	dlpfc	AA	shared	expression_nearest_gene	chr13_48412006_48412291	chr13	48412006	48412291	Non-heritable	0.0696003930315989	1	1	0	0	0.0904438646164959	0.852417590912265	0.618135415825154	-0.618135415825154
all_individuals	dlpfc	AA	shared	expression_nearest_gene	chr13_50393756_50393928	chr13	50393756	50393928	Non-heritable	0.0575186409851377	1	1	0	0	0.0787466331405113	0.830141710561625	0.83372887001901	-0.83372887001901
all_individuals	dlpfc	AA	shared	expression_nearest_gene	chr13_51771056_51771891	chr13	51771056	51771891	Heritable	0.183848768528935	1	1	0	0	0.841655414842193	0.997818244032116	0.0566130905116955	-0.0566130905116955
all_individuals	dlpfc	AA	shared	expression_nearest_gene	chr13_66345118_66346163	chr13	66345118	66346163	Heritable	0.123051089149309	1	1	0	0	0.892295814396167	0.997818244032116	0.0292288591344345	-0.0292288591344345
all_individuals	dlpfc	AA	shared	expression_nearest_gene	chr13_72021642_72022443	chr13	72021642	72022443	Heritable	0.748208385478902	1	1	0	0	0.158461711767924	0.91025328674185	0.347594551103151	-0.347594551103151
all_individuals	dlpfc	AA	shared	expression_nearest_gene	chr13_73235066_73235804	chr13	73235066	73235804	Heritable	0.149264080497644	1	1	0	0	0.728665773537135	0.997818244032116	0.0911028266798688	0.0911028266798688
all_individuals	dlpfc	AA	shared	expression_nearest_gene	chr13_78660218_78660580	chr13	78660218	78660580	Non-heritable	0.0967224725053146	1	1	0	0	0.498471526373133	0.997818244032116	0.0875500939458229	-0.0875500939458229
all_individuals	dlpfc	AA	shared	expression_nearest_gene	chr13_80235217_80235870	chr13	80235217	80235870	Heritable	0.132719885184619	1	1	0	0	0.72734443564324	0.997818244032116	0.0812941489979018	-0.0812941489979018
all_individuals	dlpfc	AA	shared	expression_nearest_gene	chr13_80337491_80337936	chr13	80337491	80337936	Heritable	0.101171149944127	1	1	0	0	0.828383743071548	0.997818244032116	0.0476451346502103	0.0476451346502103
all_individuals	dlpfc	AA	shared	expression_nearest_gene	chr13_85405709_85406694	chr13	85405709	85406694	Heritable	0.134096900401591	1	1	0	0	0.416880307241405	0.997818244032116	0.0486401300045427	0.0486401300045427
all_individuals	dlpfc	AA	shared	expression_nearest_gene	chr13_87678226_87678540	chr13	87678226	87678540	Non-heritable	0.0577312180122138	1	1	0	0	0.705064235007289	0.997818244032116	0.0937371656047432	0.0937371656047432
all_individuals	dlpfc	AA	shared	expression_nearest_gene	chr13_97189766_97190424	chr13	97189766	97190424	Heritable	0.119641926616452	1	1	0	0	0.530925802420855	0.997818244032116	0.15338766692143	-0.15338766692143
all_individuals	dlpfc	AA	shared	expression_nearest_gene	chr13_98213976_98214586	chr13	98213976	98214586	Heritable	0.169449424915557	1	1	0	0	0.0745409027057657	0.828639931374199	0.270952818040973	-0.270952818040973
all_individuals	dlpfc	AA	shared	expression_nearest_gene	chr13_98565909_98566618	chr13	98565909	98566618	Non-heritable	0.0888630888679238	1	1	0	0	0.188353805307871	0.921580591306813	0.153033413535255	0.153033413535255
all_individuals	dlpfc	AA	shared	expression_nearest_gene	chr13_98977227_98977770	chr13	98977227	98977770	Heritable	0.119245887324402	1	1	0	0	0.986709378653723	0.997818244032116	0.0028455095564297	-0.0028455095564297
all_individuals	dlpfc	AA	shared	expression_nearest_gene	chr13_99659241_99660711	chr13	99659241	99660711	Heritable	0.192808978440002	1	1	0	0	0.192528907344393	0.926121487997562	0.224633326402029	-0.224633326402029
all_individuals	dlpfc	AA	shared	expression_nearest_gene	chr13_99662002_99664116	chr13	99662002	99664116	Heritable	0.120861357553211	1	1	0	0	0.386095347704179	0.997818244032116	0.130956689803899	-0.130956689803899
all_individuals	dlpfc	AA	shared	expression_nearest_gene	chr13_99665845_99666598	chr13	99665845	99666598	Heritable	0.110819105463358	1	1	0	0	0.349245604656476	0.997818244032116	0.14558914488102	-0.14558914488102
all_individuals	dlpfc	AA	shared	expression_nearest_gene	chr13_99758221_99758750	chr13	99758221	99758750	Non-heritable	0.0888632965309323	1	1	0	0	0.367097382314102	0.997818244032116	0.152640476358183	-0.152640476358183
all_individuals	dlpfc	AA	shared	expression_nearest_gene	chr13_99845168_99845852	chr13	99845168	99845852	Non-heritable	0.0964805088836994	1	1	0	0	0.322155470645394	0.992958213025082	0.173685296516716	-0.173685296516716
all_individuals	dlpfc	AA	shared	expression_nearest_gene	chr13_99863622_99865852	chr13	99863622	99865852	Non-heritable	0.0647165095573185	1	1	0	0	0.45359601349221	0.997818244032116	0.129517081701302	-0.129517081701302
all_individuals	dlpfc	AA	shared	expression_nearest_gene	chr13_99867319_99869137	chr13	99867319	99869137	Non-heritable	0.0654957484376888	1	1	0	0	0.294302749854952	0.983008463446871	0.179509604726328	-0.179509604726328
all_individuals	dlpfc	AA	shared	expression_nearest_gene	chr13_99870710_99871112	chr13	99870710	99871112	Non-heritable	0.035975122516944	1	1	0	0	0.570240177879632	0.997818244032116	0.106631490664713	-0.106631490664713
all_individuals	dlpfc	AA	shared	expression_nearest_gene	chr13_99894932_99895038	chr13	99894932	99895038	Heritable	0.141106480310297	1	1	0	0	0.920581895409033	0.997818244032116	0.0172246776515621	-0.0172246776515621
all_individuals	dlpfc	AA	shared	expression_nearest_gene	chr13_99986113_99992790	chr13	99986113	99992790	Non-heritable	0.0884303951457002	1	1	0	0	0.695787937402471	0.997818244032116	0.0973888206517461	0.0973888206517461
all_individuals	dlpfc	AA	shared	expression_nearest_gene	chr13_99993946_99994201	chr13	99993946	99994201	Non-heritable	0.0869424991374343	1	1	0	0	0.581762339982317	0.997818244032116	0.00677799961949561	-0.00677799961949561
all_individuals	dlpfc	AA	shared	expression_nearest_gene	chr14_100155713_100157197	chr14	100155713	100157197	Heritable	0.127191730195048	1	1	0	0	0.120922788511907	0.885502111448744	0.362703040426585	0.362703040426585
all_individuals	dlpfc	AA	shared	expression_nearest_gene	chr14_100537433_100537783	chr14	100537433	100537783	Heritable	0.112287968829994	1	1	0	0	0.278231034852951	0.978597844716404	0.333071913187585	-0.333071913187585
all_individuals	dlpfc	AA	shared	expression_nearest_gene	chr14_100555831_100557330	chr14	100555831	100557330	Heritable	0.148285381316844	1	1	0	0	0.827871166650667	0.997818244032116	0.0775245877918778	0.0775245877918778
all_individuals	dlpfc	AA	shared	expression_nearest_gene	chr14_100566290_100566684	chr14	100566290	100566684	Heritable	0.113430569419739	1	1	0	0	0.259209234067279	0.964672006403031	0.366980266470947	0.366980266470947
all_individuals	dlpfc	AA	shared	expression_nearest_gene	chr14_100571607_100572299	chr14	100571607	100572299	Heritable	0.106968469855555	1	1	0	0	0.47058426040751	0.997818244032116	0.228154552795083	0.228154552795083
all_individuals	dlpfc	AA	shared	expression_nearest_gene	chr14_100585821_100586072	chr14	100585821	100586072	Heritable	0.130669567947256	1	1	0	0	0.450240445232842	0.997818244032116	0.257297989053475	0.257297989053475
all_individuals	dlpfc	AA	shared	expression_nearest_gene	chr14_100604904_100605164	chr14	100604904	100605164	Heritable	0.205063973322473	1	1	0	0	0.984155243798724	0.997818244032116	0.00730327166577993	0.00730327166577993
all_individuals	dlpfc	AA	shared	expression_nearest_gene	chr14_100677988_100678346	chr14	100677988	100678346	Heritable	0.120216677322115	1	1	0	0	0.291608611709876	0.983008463446871	0.0569362017037039	-0.0569362017037039
all_individuals	dlpfc	AA	shared	expression_nearest_gene	chr14_100709177_100709381	chr14	100709177	100709381	Heritable	0.340903311009663	1	1	0	0	0.592496851837266	0.997818244032116	0.0235711248308125	0.0235711248308125
all_individuals	dlpfc	AA	shared	expression_nearest_gene	chr14_101060196_101060709	chr14	101060196	101060709	Heritable	0.160173211393727	1	1	0	0	0.793980841301158	0.997818244032116	0.0950688932579506	-0.0950688932579506
all_individuals	dlpfc	AA	shared	expression_nearest_gene	chr14_101174446_101175217	chr14	101174446	101175217	Heritable	0.113661531844126	1	1	0	0	0.378799043001942	0.997818244032116	0.0773086102889404	-0.0773086102889404
all_individuals	dlpfc	AA	shared	expression_nearest_gene	chr14_101587645_101588213	chr14	101587645	101588213	Heritable	0.165884384639959	1	1	0	0	0.407718158057255	0.997818244032116	0.245097768554854	0.245097768554854
all_individuals	dlpfc	AA	shared	expression_nearest_gene	chr14_102225889_102226398	chr14	102225889	102226398	Heritable	0.166688604833366	1	1	0	0	0.767253548504835	0.997818244032116	0.0612579384343981	0.0612579384343981
all_individuals	dlpfc	AA	shared	expression_nearest_gene	chr14_102418492_102419033	chr14	102418492	102419033	Heritable	0.139174956206648	1	1	0	0	0.835909283967216	0.997818244032116	0.0353076274925428	-0.0353076274925428
all_individuals	dlpfc	AA	shared	expression_nearest_gene	chr14_102452202_102452640	chr14	102452202	102452640	Heritable	0.118419060577493	1	1	0	0	0.869464751086598	0.997818244032116	0.0267159095089795	-0.0267159095089795
all_individuals	dlpfc	AA	shared	expression_nearest_gene	chr14_102514532_102514969	chr14	102514532	102514969	Heritable	0.271623792983799	1	1	0	0	0.637532063238176	0.997818244032116	0.158217381164238	-0.158217381164238
all_individuals	dlpfc	AA	shared	expression_nearest_gene	chr14_102871013_102871554	chr14	102871013	102871554	Non-heritable	0.0488679200151363	1	1	0	0	0.392370243149842	0.997818244032116	0.156623972847779	0.156623972847779
all_individuals	dlpfc	AA	shared	expression_nearest_gene	chr14_102900671_102901521	chr14	102900671	102901521	Heritable	0.334419521834854	1	1	0	0	0.589950330870806	0.997818244032116	0.0901368150927854	-0.0901368150927854
all_individuals	dlpfc	AA	shared	expression_nearest_gene	chr14_102967207_102967652	chr14	102967207	102967652	Heritable	0.157884842208644	1	1	0	0	0.630473105844063	0.997818244032116	0.0553588807010002	-0.0553588807010002
all_individuals	dlpfc	AA	shared	expression_nearest_gene	chr14_102969239_102969738	chr14	102969239	102969738	Heritable	0.101513608652297	1	1	0	0	0.699201904598032	0.997818244032116	0.0480429697431486	0.0480429697431486
all_individuals	dlpfc	AA	shared	expression_nearest_gene	chr14_103151235_103151720	chr14	103151235	103151720	Heritable	0.15431531921575	1	1	0	0	0.999759847767018	0.999759847767018	9.62966648430097e-05	-9.62966648430097e-05
all_individuals	dlpfc	AA	shared	expression_nearest_gene	chr14_103549056_103549942	chr14	103549056	103549942	Heritable	0.205192641538522	1	1	0	0	0.933553396394892	0.997818244032116	0.00819436333196677	-0.00819436333196677
all_individuals	dlpfc	AA	shared	expression_nearest_gene	chr14_103656934_103657618	chr14	103656934	103657618	Heritable	0.104087987764717	1	1	0	0	0.812076662649391	0.997818244032116	0.0404599330319084	-0.0404599330319084
all_individuals	dlpfc	AA	shared	expression_nearest_gene	chr14_103684829_103685691	chr14	103684829	103685691	Heritable	0.106051567946102	1	1	0	0	0.525728622818855	0.997818244032116	0.117309490750955	-0.117309490750955
all_individuals	dlpfc	AA	shared	expression_nearest_gene	chr14_103702434_103703308	chr14	103702434	103703308	Heritable	0.204879087316323	1	1	0	0	0.501420274931059	0.997818244032116	0.118334358797284	-0.118334358797284
all_individuals	dlpfc	AA	shared	expression_nearest_gene	chr14_104143476_104143807	chr14	104143476	104143807	Heritable	0.136183482747935	1	1	0	0	0.27049672390168	0.972463717403515	0.463103531083961	-0.463103531083961
all_individuals	dlpfc	AA	shared	expression_nearest_gene	chr14_104578125_104578407	chr14	104578125	104578407	Heritable	0.107961991820721	1	1	0	0	0.979733770160827	0.997818244032116	0.00641474933708741	-0.00641474933708741
all_individuals	dlpfc	AA	shared	expression_nearest_gene	chr14_104588573_104588720	chr14	104588573	104588720	Heritable	0.120370620916337	1	1	0	0	0.77515125558337	0.997818244032116	0.0714729702534234	0.0714729702534234
all_individuals	dlpfc	AA	shared	expression_nearest_gene	chr14_104665573_104666229	chr14	104665573	104666229	Heritable	0.110152048584107	1	1	0	0	0.51879881422919	0.997818244032116	0.135889274706838	0.135889274706838
all_individuals	dlpfc	AA	shared	expression_nearest_gene	chr14_104679113_104679468	chr14	104679113	104679468	Heritable	0.172273748042948	1	1	0	0	0.291623972469429	0.983008463446871	0.044221123822327	-0.044221123822327
all_individuals	dlpfc	AA	shared	expression_nearest_gene	chr14_104680945_104681646	chr14	104680945	104681646	Heritable	0.107921465939497	1	1	0	0	0.40602707016903	0.997818244032116	0.229268906142213	-0.229268906142213
all_individuals	dlpfc	AA	shared	expression_nearest_gene	chr14_104790071_104790457	chr14	104790071	104790457	Heritable	0.195372064689593	1	1	0	0	0.831766943931779	0.997818244032116	0.0437326915365723	-0.0437326915365723
all_individuals	dlpfc	AA	shared	expression_nearest_gene	chr14_104878254_104879010	chr14	104878254	104879010	Heritable	0.283951866441947	1	1	0	0	0.819916176625541	0.997818244032116	0.0644334185355042	-0.0644334185355042
all_individuals	dlpfc	AA	shared	expression_nearest_gene	chr14_104888065_104888330	chr14	104888065	104888330	Heritable	0.154528928145979	1	1	0	0	0.981153867704282	0.997818244032116	0.00792148393833969	-0.00792148393833969
all_individuals	dlpfc	AA	shared	expression_nearest_gene	chr14_104980112_104980413	chr14	104980112	104980413	Heritable	0.115371870018169	1	1	0	0	0.277300380338232	0.977728785563971	0.321578573291653	-0.321578573291653
all_individuals	dlpfc	AA	shared	expression_nearest_gene	chr14_104998876_104999321	chr14	104998876	104999321	Heritable	0.10013199567461	1	1	0	0	0.439591981107869	0.997818244032116	0.225463820267851	0.225463820267851
all_individuals	dlpfc	AA	shared	expression_nearest_gene	chr14_105033466_105034105	chr14	105033466	105034105	Heritable	0.166872110222564	1	1	0	0	0.585758896137703	0.997818244032116	0.118613275038792	-0.118613275038792
all_individuals	dlpfc	AA	shared	expression_nearest_gene	chr14_105165781_105166380	chr14	105165781	105166380	Heritable	0.123266214435313	1	1	0	0	0.946162178594555	0.997818244032116	0.0193324890435404	0.0193324890435404
all_individuals	dlpfc	AA	shared	expression_nearest_gene	chr14_105327880_105327989	chr14	105327880	105327989	Heritable	0.115104501543859	1	1	0	0	0.881486422212418	0.997818244032116	0.0325822377333687	-0.0325822377333687
all_individuals	dlpfc	AA	shared	expression_nearest_gene	chr14_105335822_105336491	chr14	105335822	105336491	Heritable	0.131632063156816	1	1	0	0	0.41887712867742	0.997818244032116	0.150973743771274	-0.150973743771274
all_individuals	dlpfc	AA	shared	expression_nearest_gene	chr14_105356689_105357158	chr14	105356689	105357158	Heritable	0.141182765867633	1	1	0	0	0.74521956385404	0.997818244032116	0.0655007239450818	0.0655007239450818
all_individuals	dlpfc	AA	shared	expression_nearest_gene	chr14_105364153_105364615	chr14	105364153	105364615	Heritable	0.110881019076479	1	1	0	0	0.239873134529421	0.952453248034832	0.19690437791423	0.19690437791423
all_individuals	dlpfc	AA	shared	expression_nearest_gene	chr14_105559621_105560597	chr14	105559621	105560597	Heritable	0.122670697656815	1	1	0	0	0.642030388138206	0.997818244032116	0.172078256344739	-0.172078256344739
all_individuals	dlpfc	AA	shared	expression_nearest_gene	chr14_105775602_105775850	chr14	105775602	105775850	Heritable	0.10160474154517	1	1	0	0	0.744362157286273	0.997818244032116	0.00270046053001759	0.00270046053001759
all_individuals	dlpfc	AA	shared	expression_nearest_gene	chr14_20962593_20963245	chr14	20962593	20963245	Heritable	0.154517315467829	1	1	0	0	0.709741554122263	0.997818244032116	0.106741544501311	0.106741544501311
all_individuals	dlpfc	AA	shared	expression_nearest_gene	chr14_21275263_21275402	chr14	21275263	21275402	Non-heritable	0.0400336862069531	1	1	0	0	0.712258370427772	0.997818244032116	0.0634732090101751	-0.0634732090101751
all_individuals	dlpfc	AA	shared	expression_nearest_gene	chr14_21301438_21301662	chr14	21301438	21301662	Non-heritable	0.0988927028591623	1	1	0	0	0.660907119947481	0.997818244032116	0.0677943966384873	-0.0677943966384873
all_individuals	dlpfc	AA	shared	expression_nearest_gene	chr14_21398558_21399627	chr14	21398558	21399627	Heritable	0.115548787302528	1	1	0	0	0.655823934805731	0.997818244032116	0.0377081838148534	0.0377081838148534
all_individuals	dlpfc	AA	shared	expression_nearest_gene	chr14_21524457_21525260	chr14	21524457	21525260	Non-heritable	0.0999926119832982	1	1	0	0	0.493375542655884	0.997818244032116	0.138586492530511	0.138586492530511
all_individuals	dlpfc	AA	shared	expression_nearest_gene	chr14_23153973_23154295	chr14	23153973	23154295	Non-heritable	0.0789557874360595	1	1	0	0	0.828998887634704	0.997818244032116	0.0552159186143895	-0.0552159186143895
all_individuals	dlpfc	AA	shared	expression_nearest_gene	chr14_23181118_23181880	chr14	23181118	23181880	Heritable	0.115459384790964	1	1	0	0	0.849494941617394	0.997818244032116	0.0452072924952667	0.0452072924952667
all_individuals	dlpfc	AA	shared	expression_nearest_gene	chr14_23366650_23366928	chr14	23366650	23366928	Heritable	0.102922373020514	1	1	0	0	0.509122446671758	0.997818244032116	0.145603758493159	-0.145603758493159
all_individuals	dlpfc	AA	shared	expression_nearest_gene	chr14_23376515_23378481	chr14	23376515	23378481	Heritable	0.115083982150995	1	1	0	0	0.561071449654035	0.997818244032116	0.171971416340526	-0.171971416340526
all_individuals	dlpfc	AA	shared	expression_nearest_gene	chr14_24365729_24367174	chr14	24365729	24367174	Non-heritable	0.0602409610734838	1	1	0	0	0.413927031473142	0.997818244032116	0.218395891008804	-0.218395891008804
all_individuals	dlpfc	AA	shared	expression_nearest_gene	chr14_24403370_24403827	chr14	24403370	24403827	Non-heritable	0.0395883817120826	1	1	0	0	0.818337857162032	0.997818244032116	0.0627403609355177	0.0627403609355177
all_individuals	dlpfc	AA	shared	expression_nearest_gene	chr14_24426607_24429574	chr14	24426607	24429574	Non-heritable	0.0875536227265679	1	1	0	0	0.676734649953029	0.997818244032116	0.131144461339196	0.131144461339196
all_individuals	dlpfc	AA	shared	expression_nearest_gene	chr14_24430749_24431515	chr14	24430749	24431515	Heritable	0.254826069313102	1	1	1	1	3.10008425955066e-06	0.000277134615786081	1.60156467339369	-1.60156467339369
all_individuals	dlpfc	AA	shared	expression_nearest_gene	chr14_26599717_26600555	chr14	26599717	26600555	Heritable	0.185578494256998	1	1	0	0	0.0304805455748899	0.625799143836616	0.470313708451471	0.470313708451471
all_individuals	dlpfc	AA	shared	expression_nearest_gene	chr14_31852894_31855537	chr14	31852894	31855537	Heritable	0.260309288343406	1	1	0	0	0.411283573926419	0.997818244032116	0.122829782097035	-0.122829782097035
all_individuals	dlpfc	AA	shared	expression_nearest_gene	chr14_31943654_31944898	chr14	31943654	31944898	Heritable	0.273957294567318	1	1	0	0	0.249405959450401	0.958038504795448	0.396477276742623	-0.396477276742623
all_individuals	dlpfc	AA	shared	expression_nearest_gene	chr14_32204158_32204457	chr14	32204158	32204457	Heritable	0.141501946732836	1	1	0	0	0.550977837193489	0.997818244032116	0.215408733189857	-0.215408733189857
all_individuals	dlpfc	AA	shared	expression_nearest_gene	chr14_32726822_32728031	chr14	32726822	32728031	Heritable	0.108502368197979	1	1	0	0	0.14270071378575	0.886987978379458	0.12610941937799	0.12610941937799
all_individuals	dlpfc	AA	shared	expression_nearest_gene	chr14_33787708_33788634	chr14	33787708	33788634	Heritable	0.108071712540295	1	1	0	0	0.803163302985447	0.997818244032116	0.0289882696161783	0.0289882696161783
all_individuals	dlpfc	AA	shared	expression_nearest_gene	chr14_34693250_34693527	chr14	34693250	34693527	Heritable	0.102980148170937	1	1	0	0	0.208902873607299	0.934398228366064	0.234054460799854	-0.234054460799854
all_individuals	dlpfc	AA	shared	expression_nearest_gene	chr14_35341681_35342590	chr14	35341681	35342590	Heritable	0.103273140917356	1	1	0	0	0.540286729254433	0.997818244032116	0.0841420761065841	0.0841420761065841
all_individuals	dlpfc	AA	shared	expression_nearest_gene	chr14_35897263_35898056	chr14	35897263	35898056	Heritable	0.163038729036617	1	1	0	0	0.034231721411157	0.664653016177713	0.324181792075777	0.324181792075777
all_individuals	dlpfc	AA	shared	expression_nearest_gene	chr14_35979705_35980004	chr14	35979705	35980004	Heritable	0.120246396589994	1	1	0	0	0.0748748175835126	0.830141710561625	0.286912507947399	0.286912507947399
all_individuals	dlpfc	AA	shared	expression_nearest_gene	chr14_36579341_36579776	chr14	36579341	36579776	Heritable	0.105739631899405	1	1	0	0	0.382967743480276	0.997818244032116	0.0549992309039032	0.0549992309039032
all_individuals	dlpfc	AA	shared	expression_nearest_gene	chr14_38838728_38839677	chr14	38838728	38839677	Non-heritable	0.0546323804464387	1	1	0	0	0.926665346578002	0.997818244032116	0.0317425578090003	-0.0317425578090003
all_individuals	dlpfc	AA	shared	expression_nearest_gene	chr14_47833752_47835974	chr14	47833752	47835974	Heritable	0.638501969949762	1	1	0	0	0.0568929170892414	0.794603662642371	0.223056940537286	-0.223056940537286
all_individuals	dlpfc	AA	shared	expression_nearest_gene	chr14_51702517_51706658	chr14	51702517	51706658	Heritable	0.115095029385342	1	1	0	0	0.196446708701509	0.931624393086991	0.330813416499725	-0.330813416499725
all_individuals	dlpfc	AA	shared	expression_nearest_gene	chr14_52201133_52205640	chr14	52201133	52205640	Heritable	0.693471980889409	1	1	0	0	0.441146875428585	0.997818244032116	0.236287977391769	0.236287977391769
all_individuals	dlpfc	AA	shared	expression_nearest_gene	chr14_54192323_54192693	chr14	54192323	54192693	Heritable	0.506753444718112	1	1	0	0	0.521627948606676	0.997818244032116	0.128661521228517	-0.128661521228517
all_individuals	dlpfc	AA	shared	expression_nearest_gene	chr14_54349337_54350434	chr14	54349337	54350434	Heritable	0.14956138983795	1	1	0	0	0.176520435469531	0.911713995663319	0.266211088934775	-0.266211088934775
all_individuals	dlpfc	AA	shared	expression_nearest_gene	chr14_54870225_54871611	chr14	54870225	54871611	Heritable	0.309876364907724	1	1	0	0	0.346067752605411	0.997818244032116	0.225168815898138	-0.225168815898138
all_individuals	dlpfc	AA	shared	expression_nearest_gene	chr14_55062568_55063231	chr14	55062568	55063231	Heritable	0.101186694278841	1	1	0	0	0.833490408142827	0.997818244032116	0.0300929155675007	0.0300929155675007
all_individuals	dlpfc	AA	shared	expression_nearest_gene	chr14_55454407_55454938	chr14	55454407	55454938	Non-heritable	0.0562270133094201	1	1	0	0	0.669906788775305	0.997818244032116	0.0214596281719425	-0.0214596281719425
all_individuals	dlpfc	AA	shared	expression_nearest_gene	chr14_56116593_56117548	chr14	56116593	56117548	Heritable	0.122592266980808	1	1	0	0	0.291225316370808	0.983008463446871	0.225461263841346	0.225461263841346
all_individuals	dlpfc	AA	shared	expression_nearest_gene	chr14_56120303_56120915	chr14	56120303	56120915	Heritable	0.284895199233557	1	1	0	0	0.425428563456272	0.997818244032116	0.164207660672106	-0.164207660672106
all_individuals	dlpfc	AA	shared	expression_nearest_gene	chr14_56667548_56667631	chr14	56667548	56667631	Heritable	0.225545505874005	1	1	0	0	0.151317188426052	0.90191411531696	0.249864165469685	0.249864165469685
all_individuals	dlpfc	AA	shared	expression_nearest_gene	chr14_56805876_56807567	chr14	56805876	56807567	Heritable	0.112909241934099	1	1	0	0	0.89540058536662	0.997818244032116	0.00370933251359736	0.00370933251359736
all_individuals	dlpfc	AA	shared	expression_nearest_gene	chr14_56817224_56817879	chr14	56817224	56817879	Heritable	0.121524550930385	1	1	0	0	0.891060949324135	0.997818244032116	0.00174199298164211	-0.00174199298164211
all_individuals	dlpfc	AA	shared	expression_nearest_gene	chr14_57863412_57864715	chr14	57863412	57864715	Heritable	0.133640561370782	1	1	0	0	0.653851291931421	0.997818244032116	0.0814278104997266	-0.0814278104997266
all_individuals	dlpfc	AA	shared	expression_nearest_gene	chr14_59626405_59629706	chr14	59626405	59629706	Heritable	0.115421551608441	1	1	0	0	0.215293260533866	0.944738201137267	0.207228201830631	-0.207228201830631
all_individuals	dlpfc	AA	shared	expression_nearest_gene	chr14_59965799_59966229	chr14	59965799	59966229	Heritable	0.161276302163828	1	1	0	0	0.650071839230949	0.997818244032116	0.119914884704423	0.119914884704423
all_individuals	dlpfc	AA	shared	expression_nearest_gene	chr14_61188279_61188880	chr14	61188279	61188880	Heritable	0.362031521845365	1	1	0	0	0.531425123722795	0.997818244032116	0.131402814402563	-0.131402814402563
all_individuals	dlpfc	AA	shared	expression_nearest_gene	chr14_62116670_62116859	chr14	62116670	62116859	Heritable	0.103998273114305	1	1	0	0	0.390466194737982	0.997818244032116	0.180468793507529	-0.180468793507529
all_individuals	dlpfc	AA	shared	expression_nearest_gene	chr14_63428062_63428369	chr14	63428062	63428369	Heritable	0.126136330437672	1	1	0	0	0.209467279871905	0.934398228366064	0.171537600640598	0.171537600640598
all_individuals	dlpfc	AA	shared	expression_nearest_gene	chr14_64202088_64202951	chr14	64202088	64202951	Heritable	0.1412857756943	1	1	0	0	0.756860301336027	0.997818244032116	0.0687072307977128	0.0687072307977128
all_individuals	dlpfc	AA	shared	expression_nearest_gene	chr14_64601759_64601949	chr14	64601759	64601949	Heritable	0.170739435797261	1	1	0	0	0.51850121691655	0.997818244032116	0.139611816537293	-0.139611816537293
all_individuals	dlpfc	AA	shared	expression_nearest_gene	chr14_64715283_64717287	chr14	64715283	64717287	Heritable	0.114823407692844	1	1	0	0	0.880314867427722	0.997818244032116	0.0329937485452234	0.0329937485452234
all_individuals	dlpfc	AA	shared	expression_nearest_gene	chr14_64818244_64818696	chr14	64818244	64818696	Heritable	0.115939727998417	1	1	0	0	0.254492628970253	0.960660313945641	0.366310360672525	-0.366310360672525
all_individuals	dlpfc	AA	shared	expression_nearest_gene	chr14_65070072_65070910	chr14	65070072	65070910	Heritable	0.144930686226016	1	1	0	0	0.729179301386803	0.997818244032116	0.0467568855071647	-0.0467568855071647
all_individuals	dlpfc	AA	shared	expression_nearest_gene	chr14_65277367_65277862	chr14	65277367	65277862	Heritable	0.127149778102537	1	1	0	0	0.785033482200792	0.997818244032116	0.0541860252950834	0.0541860252950834
all_individuals	dlpfc	AA	shared	expression_nearest_gene	chr14_65610228_65612385	chr14	65610228	65612385	Non-heritable	0.0797488388094848	1	1	0	0	0.55887381753638	0.997818244032116	0.0440845643292782	-0.0440845643292782
all_individuals	dlpfc	AA	shared	expression_nearest_gene	chr14_65833691_65834411	chr14	65833691	65834411	Heritable	0.151049330811402	1	1	0	0	0.999505975349865	0.999759847767018	7.90789429565564e-05	7.90789429565564e-05
all_individuals	dlpfc	AA	shared	expression_nearest_gene	chr14_67512642_67513705	chr14	67512642	67513705	Non-heritable	0.0604249882616846	1	1	0	0	0.301852476762698	0.985760877676827	0.29497243286424	-0.29497243286424
all_individuals	dlpfc	AA	shared	expression_nearest_gene	chr14_67534205_67535530	chr14	67534205	67535530	Heritable	0.213921787942169	1	1	0	0	0.868477114600458	0.997818244032116	0.0450092613808693	0.0450092613808693
all_individuals	dlpfc	AA	shared	expression_nearest_gene	chr14_67538715_67539623	chr14	67538715	67539623	Heritable	0.102118302747665	1	1	0	0	0.621485486374275	0.997818244032116	0.128725053565091	-0.128725053565091
all_individuals	dlpfc	AA	shared	expression_nearest_gene	chr14_67567544_67567862	chr14	67567544	67567862	Heritable	0.108985989464599	1	1	0	0	0.997713866584511	0.999682970775125	0.00083104097144826	-0.00083104097144826
all_individuals	dlpfc	AA	shared	expression_nearest_gene	chr14_67577961_67578680	chr14	67577961	67578680	Heritable	0.158070855356328	1	1	0	0	0.644589087634429	0.997818244032116	0.122733061294248	0.122733061294248
all_individuals	dlpfc	AA	shared	expression_nearest_gene	chr14_68548174_68548644	chr14	68548174	68548644	Heritable	0.132416328921562	1	1	0	0	0.526050040036825	0.997818244032116	0.141287316237623	-0.141287316237623
all_individuals	dlpfc	AA	shared	expression_nearest_gene	chr14_69630863_69632536	chr14	69630863	69632536	Non-heritable	0.0961748800879029	1	1	0	0	0.395131431403093	0.997818244032116	0.160974440105493	-0.160974440105493
all_individuals	dlpfc	AA	shared	expression_nearest_gene	chr14_70601471_70601927	chr14	70601471	70601927	Heritable	0.119601034575477	1	1	0	0	0.64779683163752	0.997818244032116	0.0604437529685009	-0.0604437529685009
all_individuals	dlpfc	AA	shared	expression_nearest_gene	chr14_72611791_72612333	chr14	72611791	72612333	Non-heritable	0.0533572763989122	1	1	0	0	0.825791208256158	0.997818244032116	0.0488271285579494	0.0488271285579494
all_individuals	dlpfc	AA	shared	expression_nearest_gene	chr14_73167734_73168337	chr14	73167734	73168337	Non-heritable	0.0624334658217828	1	1	0	0	0.62351275125874	0.997818244032116	0.0768283022979404	-0.0768283022979404
all_individuals	dlpfc	AA	shared	expression_nearest_gene	chr14_73532636_73534581	chr14	73532636	73534581	Heritable	0.132018689918913	1	1	0	0	0.0796095275068311	0.831154458714872	0.328047758211711	-0.328047758211711
all_individuals	dlpfc	AA	shared	expression_nearest_gene	chr14_73535613_73538924	chr14	73535613	73538924	Heritable	0.350676061288892	1	1	0	0	0.0589562788675115	0.795132929405016	1.41796956030411	1.41796956030411
all_individuals	dlpfc	AA	shared	expression_nearest_gene	chr14_74242767_74243634	chr14	74242767	74243634	Heritable	0.629286536273505	1	1	0	0	0.521239542673723	0.997818244032116	0.0588424682197415	-0.0588424682197415
all_individuals	dlpfc	AA	shared	expression_nearest_gene	chr14_74941759_74942036	chr14	74941759	74942036	Heritable	0.108662406790127	1	1	0	0	0.705124364697682	0.997818244032116	0.119112673721189	0.119112673721189
all_individuals	dlpfc	AA	shared	expression_nearest_gene	chr14_75515433_75515603	chr14	75515433	75515603	Heritable	0.369265578533503	1	1	0	0	0.085486868898228	0.845216945719577	0.313526276013121	-0.313526276013121
all_individuals	dlpfc	AA	shared	expression_nearest_gene	chr14_75579200_75580507	chr14	75579200	75580507	Non-heritable	0.0635034168504519	1	1	0	0	0.267539944598824	0.972463717403515	0.331771069528371	0.331771069528371
all_individuals	dlpfc	AA	shared	expression_nearest_gene	chr14_75635820_75636533	chr14	75635820	75636533	Heritable	0.110072738807793	1	1	0	0	0.55820563226756	0.997818244032116	0.180144070970321	0.180144070970321
all_individuals	dlpfc	AA	shared	expression_nearest_gene	chr14_75867190_75868970	chr14	75867190	75868970	Non-heritable	0.0450241639870243	1	1	0	0	0.336510360477956	0.997818244032116	0.154003327292919	-0.154003327292919
all_individuals	dlpfc	AA	shared	expression_nearest_gene	chr14_75971213_75973010	chr14	75971213	75973010	Non-heritable	0.0851040021777723	1	1	0	0	0.431705292313604	0.997818244032116	0.12933440755757	-0.12933440755757
all_individuals	dlpfc	AA	shared	expression_nearest_gene	chr14_77059401_77059695	chr14	77059401	77059695	Heritable	0.115855878319434	1	1	0	0	0.318232445193165	0.989356493697476	0.229969638986231	0.229969638986231
all_individuals	dlpfc	AA	shared	expression_nearest_gene	chr14_77122517_77124178	chr14	77122517	77124178	Heritable	0.113126178012713	1	1	0	0	0.984432390868499	0.997818244032116	0.00592120360157367	-0.00592120360157367
all_individuals	dlpfc	AA	shared	expression_nearest_gene	chr14_77125773_77126030	chr14	77125773	77126030	Heritable	0.118321097893038	1	1	0	0	0.648883359165143	0.997818244032116	0.138341801369403	-0.138341801369403
all_individuals	dlpfc	AA	shared	expression_nearest_gene	chr14_77126514_77127359	chr14	77126514	77127359	Heritable	0.111125548418591	1	1	0	0	0.49052575877972	0.997818244032116	0.211987337737387	-0.211987337737387
all_individuals	dlpfc	AA	shared	expression_nearest_gene	chr14_77139196_77139368	chr14	77139196	77139368	Heritable	0.111273939249736	1	1	0	0	0.788278564534486	0.997818244032116	0.0764368662038475	0.0764368662038475
all_individuals	dlpfc	AA	shared	expression_nearest_gene	chr14_77584692_77585231	chr14	77584692	77585231	Heritable	0.231586421711864	1	1	0	0	0.571287590231285	0.997818244032116	0.100994587682319	-0.100994587682319
all_individuals	dlpfc	AA	shared	expression_nearest_gene	chr14_77978936_77979724	chr14	77978936	77979724	Heritable	0.135975899723441	1	1	0	0	0.18801161788482	0.920956452447216	0.279599023540847	-0.279599023540847
all_individuals	dlpfc	AA	shared	expression_nearest_gene	chr14_79280280_79286663	chr14	79280280	79286663	Non-heritable	0.0618536726084277	1	1	0	0	0.210592070567527	0.93642546611944	0.232134566078841	-0.232134566078841
all_individuals	dlpfc	AA	shared	expression_nearest_gene	chr14_79288233_79290333	chr14	79288233	79290333	Heritable	0.152375255618265	1	1	0	0	0.422763125453697	0.997818244032116	0.124926493620505	-0.124926493620505
all_individuals	dlpfc	AA	shared	expression_nearest_gene	chr14_81275783_81275993	chr14	81275783	81275993	Heritable	0.103418379938094	1	1	0	0	0.358899947678839	0.997818244032116	0.198485622481378	-0.198485622481378
all_individuals	dlpfc	AA	shared	expression_nearest_gene	chr14_88978533_88979654	chr14	88978533	88979654	Heritable	0.230536292017023	1	1	0	0	0.790743819089946	0.997818244032116	0.0160645338418772	-0.0160645338418772
all_individuals	dlpfc	AA	shared	expression_nearest_gene	chr14_89466975_89467338	chr14	89466975	89467338	Heritable	0.119101580091182	1	1	0	0	0.248918584221729	0.958038504795448	0.120545939332786	-0.120545939332786
all_individuals	dlpfc	AA	shared	expression_nearest_gene	chr14_89957312_89958133	chr14	89957312	89958133	Heritable	0.104521371217327	1	1	0	0	0.328898012649374	0.99671805502751	0.175491381940887	-0.175491381940887
all_individuals	dlpfc	AA	shared	expression_nearest_gene	chr14_90277095_90277582	chr14	90277095	90277582	Heritable	0.203576422332245	1	1	0	0	0.429271042292304	0.997818244032116	0.127226041524136	-0.127226041524136
all_individuals	dlpfc	AA	shared	expression_nearest_gene	chr14_90577373_90578126	chr14	90577373	90578126	Heritable	0.101768278455068	1	1	0	0	0.381227272709468	0.997818244032116	0.128468497913659	-0.128468497913659
all_individuals	dlpfc	AA	shared	expression_nearest_gene	chr14_90620404_90621196	chr14	90620404	90621196	Heritable	0.102465859698152	1	1	0	0	0.201212113171816	0.931624393086991	0.153467882626261	-0.153467882626261
all_individuals	dlpfc	AA	shared	expression_nearest_gene	chr14_90780607_90781232	chr14	90780607	90781232	Heritable	0.114496757623591	1	1	0	0	0.0630933347032865	0.812442989701236	0.236319984056237	-0.236319984056237
all_individuals	dlpfc	AA	shared	expression_nearest_gene	chr14_90810222_90811583	chr14	90810222	90811583	Heritable	0.213370989453467	1	1	0	0	0.0496768779918856	0.771372187047652	0.249034451555117	-0.249034451555117
all_individuals	dlpfc	AA	shared	expression_nearest_gene	chr14_91166999_91168135	chr14	91166999	91168135	Non-heritable	0.0960373714690773	1	1	0	0	0.897557390342574	0.997818244032116	0.017092191738513	0.017092191738513
all_individuals	dlpfc	AA	shared	expression_nearest_gene	chr14_91170500_91170754	chr14	91170500	91170754	Heritable	0.121922524422409	1	1	0	0	0.739651329999312	0.997818244032116	0.0492930168414745	-0.0492930168414745
all_individuals	dlpfc	AA	shared	expression_nearest_gene	chr14_91249676_91250530	chr14	91249676	91250530	Heritable	0.101113987654393	1	1	0	0	0.589907763489378	0.997818244032116	0.165924469481229	0.165924469481229
all_individuals	dlpfc	AA	shared	expression_nearest_gene	chr14_91254647_91255336	chr14	91254647	91255336	Heritable	0.151885842714612	1	1	0	0	0.87815901521585	0.997818244032116	0.0504532205338633	0.0504532205338633
all_individuals	dlpfc	AA	shared	expression_nearest_gene	chr14_91263912_91264082	chr14	91263912	91264082	Heritable	0.146730677419281	1	1	0	0	0.315996920774158	0.985786328555555	0.396544079488942	0.396544079488942
all_individuals	dlpfc	AA	shared	expression_nearest_gene	chr14_91372641_91373089	chr14	91372641	91373089	Heritable	0.113078402986883	1	1	0	0	0.920160854874897	0.997818244032116	0.0407002696700234	-0.0407002696700234
all_individuals	dlpfc	AA	shared	expression_nearest_gene	chr14_91396342_91396563	chr14	91396342	91396563	Heritable	0.135645941183797	1	1	0	0	0.171644968229246	0.911713995663319	0.537768676122471	-0.537768676122471
all_individuals	dlpfc	AA	shared	expression_nearest_gene	chr14_92058155_92058673	chr14	92058155	92058673	Heritable	0.122443734007041	1	1	0	0	0.785385521046193	0.997818244032116	0.0334886225665869	-0.0334886225665869
all_individuals	dlpfc	AA	shared	expression_nearest_gene	chr14_92190994_92191149	chr14	92190994	92191149	Heritable	0.230034896156375	1	1	0	0	0.522101161521444	0.997818244032116	0.0718511615135355	0.0718511615135355
all_individuals	dlpfc	AA	shared	expression_nearest_gene	chr14_92253242_92253563	chr14	92253242	92253563	Heritable	0.105758429723954	1	1	0	0	0.44229786541458	0.997818244032116	0.240602686821033	-0.240602686821033
all_individuals	dlpfc	AA	shared	expression_nearest_gene	chr14_92867380_92867994	chr14	92867380	92867994	Heritable	0.100457022657441	1	1	0	0	0.278041543340511	0.978597844716404	0.137735827533952	0.137735827533952
all_individuals	dlpfc	AA	shared	expression_nearest_gene	chr14_92958743_92959492	chr14	92958743	92959492	Non-heritable	0.094437933994896	1	1	0	0	0.198080641512955	0.931624393086991	0.141691913051545	-0.141691913051545
all_individuals	dlpfc	AA	shared	expression_nearest_gene	chr14_93008609_93010491	chr14	93008609	93010491	Non-heritable	0.0512485898977993	1	1	0	0	0.142251052977604	0.886987978379458	0.160268923580624	-0.160268923580624
all_individuals	dlpfc	AA	shared	expression_nearest_gene	chr14_93733275_93733651	chr14	93733275	93733651	Non-heritable	0.0974075881413753	1	1	0	0	0.371595382107546	0.997818244032116	0.0531515633665665	0.0531515633665665
all_individuals	dlpfc	AA	shared	expression_nearest_gene	chr14_93744113_93744675	chr14	93744113	93744675	Heritable	0.125284942430408	1	1	0	0	0.708566548839384	0.997818244032116	0.0206798491389543	0.0206798491389543
all_individuals	dlpfc	AA	shared	expression_nearest_gene	chr14_93787607_93787807	chr14	93787607	93787807	Non-heritable	0.0414847792317009	1	1	0	0	0.124858572694357	0.885502111448744	0.102822342338685	0.102822342338685
all_individuals	dlpfc	AA	shared	expression_nearest_gene	chr14_96040621_96043485	chr14	96040621	96043485	Heritable	0.12978174041875	1	1	0	0	0.332027139142095	0.997818244032116	0.211052562452766	-0.211052562452766
all_individuals	dlpfc	AA	shared	expression_nearest_gene	chr14_96064857_96065497	chr14	96064857	96065497	Heritable	0.133884454895274	1	1	0	0	0.18857744697758	0.921623946447377	0.306710018143264	-0.306710018143264
all_individuals	dlpfc	AA	shared	expression_nearest_gene	chr14_96068605_96069399	chr14	96068605	96069399	Heritable	0.103933765798549	1	1	0	0	0.479055744782385	0.997818244032116	0.161359045960776	-0.161359045960776
all_individuals	dlpfc	AA	shared	expression_nearest_gene	chr14_96083391_96084675	chr14	96083391	96084675	Heritable	0.190420929058285	1	1	0	0	0.460502001429538	0.997818244032116	0.159863915790837	-0.159863915790837
all_individuals	dlpfc	AA	shared	expression_nearest_gene	chr14_96091772_96092282	chr14	96091772	96092282	Heritable	0.10541642401352	1	1	0	0	0.154517645440348	0.90562350969366	0.340510561746633	-0.340510561746633
all_individuals	dlpfc	AA	shared	expression_nearest_gene	chr14_96710002_96710659	chr14	96710002	96710659	Heritable	0.212145370795724	1	1	0	0	0.179386448288771	0.912803419250373	0.125339863439727	0.125339863439727
all_individuals	dlpfc	AA	shared	expression_nearest_gene	chr14_99525488_99525765	chr14	99525488	99525765	Heritable	0.109235974092056	1	1	0	0	0.484920167955441	0.997818244032116	0.206823879322803	-0.206823879322803
all_individuals	dlpfc	AA	shared	expression_nearest_gene	chr14_99548367_99548764	chr14	99548367	99548764	Heritable	0.12898595676239	1	1	0	0	0.351626539494	0.997818244032116	0.284212073511089	-0.284212073511089
all_individuals	dlpfc	AA	shared	expression_nearest_gene	chr14_99561320_99561986	chr14	99561320	99561986	Heritable	0.14065275769576	1	1	0	0	0.424652209733755	0.997818244032116	0.236536373380218	-0.236536373380218
all_individuals	dlpfc	AA	shared	expression_nearest_gene	chr14_99563017_99563545	chr14	99563017	99563545	Heritable	0.179942932683658	1	1	0	0	0.0680288222817802	0.817115709865458	0.507869324714424	-0.507869324714424
all_individuals	dlpfc	AA	shared	expression_nearest_gene	chr14_99581522_99581680	chr14	99581522	99581680	Heritable	0.113896626806019	1	1	0	0	0.625839614801311	0.997818244032116	0.142663820397502	-0.142663820397502
all_individuals	dlpfc	AA	shared	expression_nearest_gene	chr14_99592774_99594421	chr14	99592774	99594421	Heritable	0.126803363813137	1	1	0	0	0.509270770255799	0.997818244032116	0.189626997235436	-0.189626997235436
all_individuals	dlpfc	AA	shared	expression_nearest_gene	chr15_100114254_100114664	chr15	100114254	100114664	Heritable	0.104762000701619	1	1	0	0	0.629355970763695	0.997818244032116	0.138187564962674	-0.138187564962674
all_individuals	dlpfc	AA	shared	expression_nearest_gene	chr15_100544187_100544906	chr15	100544187	100544906	Heritable	0.133327254669334	1	1	0	0	0.303948095899297	0.985760877676827	0.199974619981098	0.199974619981098
all_individuals	dlpfc	AA	shared	expression_nearest_gene	chr15_100863989_100864517	chr15	100863989	100864517	Non-heritable	0.0566341935029054	1	1	0	0	0.369176545471507	0.997818244032116	0.434820606905305	-0.434820606905305
all_individuals	dlpfc	AA	shared	expression_nearest_gene	chr15_100891810_100891924	chr15	100891810	100891924	Heritable	0.103882296513083	1	1	0	0	0.531038482899865	0.997818244032116	0.270433471732524	-0.270433471732524
all_individuals	dlpfc	AA	shared	expression_nearest_gene	chr15_100901896_100902699	chr15	100901896	100902699	Non-heritable	0.09149173818562	1	1	0	0	0.419125608192702	0.997818244032116	0.356466196466418	0.356466196466418
all_individuals	dlpfc	AA	shared	expression_nearest_gene	chr15_101309858_101310019	chr15	101309858	101310019	Non-heritable	0.0894831728314866	1	1	0	0	0.485786042503364	0.997818244032116	0.216477983044449	0.216477983044449
all_individuals	dlpfc	AA	shared	expression_nearest_gene	chr15_101451355_101451871	chr15	101451355	101451871	Heritable	0.119915650724043	1	1	0	0	0.48386423687373	0.997818244032116	0.186299304500899	-0.186299304500899
all_individuals	dlpfc	AA	shared	expression_nearest_gene	chr15_101480232_101480576	chr15	101480232	101480576	Heritable	0.142814715280233	1	1	0	0	0.717526741007954	0.997818244032116	0.0961682344286388	-0.0961682344286388
all_individuals	dlpfc	AA	shared	expression_nearest_gene	chr15_101523552_101523856	chr15	101523552	101523856	Heritable	0.101856933992572	1	1	0	0	0.916722164293978	0.997818244032116	0.0296103270243151	0.0296103270243151
all_individuals	dlpfc	AA	shared	expression_nearest_gene	chr15_101675913_101676249	chr15	101675913	101676249	Heritable	0.116309241780719	1	1	0	0	0.411249776578735	0.997818244032116	0.13537211572439	0.13537211572439
all_individuals	dlpfc	AA	shared	expression_nearest_gene	chr15_22837783_22837897	chr15	22837783	22837897	Heritable	0.129687367907186	1	1	0	0	0.390667377393994	0.997818244032116	0.108272143872451	-0.108272143872451
all_individuals	dlpfc	AA	shared	expression_nearest_gene	chr15_25596798_25597101	chr15	25596798	25597101	Heritable	0.128970713157476	1	1	0	0	0.178896057534107	0.912803419250373	0.0867973736559517	-0.0867973736559517
all_individuals	dlpfc	AA	shared	expression_nearest_gene	chr15_25804965_25805586	chr15	25804965	25805586	Heritable	0.102572255284392	1	1	0	0	0.640348398756153	0.997818244032116	0.221009231318654	-0.221009231318654
all_individuals	dlpfc	AA	shared	expression_nearest_gene	chr15_26004077_26004407	chr15	26004077	26004407	Heritable	0.218359072592426	1	1	0	0	0.306859157140878	0.985760877676827	0.324764152489674	-0.324764152489674
all_individuals	dlpfc	AA	shared	expression_nearest_gene	chr15_26842362_26842592	chr15	26842362	26842592	Heritable	0.108378357636116	1	1	0	0	0.645935818430303	0.997818244032116	0.0769799173512578	-0.0769799173512578
all_individuals	dlpfc	AA	shared	expression_nearest_gene	chr15_27249349_27249782	chr15	27249349	27249782	Non-heritable	0.0715058788440277	1	1	0	0	0.166729646440865	0.911713995663319	0.301969441649774	-0.301969441649774
all_individuals	dlpfc	AA	shared	expression_nearest_gene	chr15_27265302_27266159	chr15	27265302	27266159	Heritable	0.312783979058024	1	1	0	0	0.821318190860595	0.997818244032116	0.0465142509147505	-0.0465142509147505
all_individuals	dlpfc	AA	shared	expression_nearest_gene	chr15_27742845_27743609	chr15	27742845	27743609	Heritable	0.106978701900677	1	1	0	0	0.553816907957565	0.997818244032116	0.122118288366018	-0.122118288366018
all_individuals	dlpfc	AA	shared	expression_nearest_gene	chr15_28788678_28790037	chr15	28788678	28790037	Heritable	0.201710356442843	1	1	0	0	0.254876613284063	0.960660313945641	0.0223524192031195	-0.0223524192031195
all_individuals	dlpfc	AA	shared	expression_nearest_gene	chr15_28832721_28833146	chr15	28832721	28833146	Heritable	0.10390714073027	1	1	0	0	0.359177456181294	0.997818244032116	0.0209152555076886	0.0209152555076886
all_individuals	dlpfc	AA	shared	expression_nearest_gene	chr15_28887382_28890017	chr15	28887382	28890017	Heritable	0.161788602600152	1	1	0	0	0.586952358758449	0.997818244032116	0.0144732311013561	0.0144732311013561
all_individuals	dlpfc	AA	shared	expression_nearest_gene	chr15_28909934_28911488	chr15	28909934	28911488	Heritable	0.135570239096019	1	1	0	0	0.9162896418707	0.997818244032116	0.00264826388850346	-0.00264826388850346
all_individuals	dlpfc	AA	shared	expression_nearest_gene	chr15_28944142_28945140	chr15	28944142	28945140	Heritable	0.131848351898305	1	1	0	0	0.977874268713333	0.997818244032116	0.000654386384917258	-0.000654386384917258
all_individuals	dlpfc	AA	shared	expression_nearest_gene	chr15_29021892_29022129	chr15	29021892	29022129	Heritable	0.159509440233818	1	1	0	0	0.159905030059919	0.911713995663319	0.0303550689638313	0.0303550689638313
all_individuals	dlpfc	AA	shared	expression_nearest_gene	chr15_29071378_29071673	chr15	29071378	29071673	Heritable	0.15105439221103	1	1	0	0	0.0712137471711747	0.824718295520025	0.0456455724955622	0.0456455724955622
all_individuals	dlpfc	AA	shared	expression_nearest_gene	chr15_29470392_29471039	chr15	29470392	29471039	Heritable	0.43523574912004	1	1	0	0	0.299194059177504	0.985760877676827	0.230514915096877	0.230514915096877
all_individuals	dlpfc	AA	shared	expression_nearest_gene	chr15_29749302_29749725	chr15	29749302	29749725	Heritable	0.147548427836261	1	1	0	0	0.401948132124244	0.997818244032116	0.198920580046668	0.198920580046668
all_individuals	dlpfc	AA	shared	expression_nearest_gene	chr15_29969539_29970488	chr15	29969539	29970488	Heritable	0.13808157241554	1	1	0	0	0.558803563068327	0.997818244032116	0.0921635801594674	-0.0921635801594674
all_individuals	dlpfc	AA	shared	expression_nearest_gene	chr15_30042047_30043466	chr15	30042047	30043466	Heritable	0.172710952860456	1	1	0	0	0.375724240453298	0.997818244032116	0.154610030384363	-0.154610030384363
all_individuals	dlpfc	AA	shared	expression_nearest_gene	chr15_31105412_31105831	chr15	31105412	31105831	Heritable	0.142567094598856	1	1	0	0	0.0198263872653781	0.481495712726997	0.0865924087794311	-0.0865924087794311
all_individuals	dlpfc	AA	shared	expression_nearest_gene	chr15_31295754_31296302	chr15	31295754	31296302	Heritable	0.142865047567095	1	1	0	0	0.145613273695748	0.886987978379458	0.113320785669722	0.113320785669722
all_individuals	dlpfc	AA	shared	expression_nearest_gene	chr15_31299895_31300697	chr15	31299895	31300697	Heritable	0.140332100320588	1	1	0	0	0.127318626662236	0.885502111448744	0.108330137932381	0.108330137932381
all_individuals	dlpfc	AA	shared	expression_nearest_gene	chr15_31306533_31307167	chr15	31306533	31307167	Heritable	0.152421813414305	1	1	0	0	0.101614507102868	0.868906406217649	0.124153078362949	0.124153078362949
all_individuals	dlpfc	AA	shared	expression_nearest_gene	chr15_33351314_33352892	chr15	33351314	33352892	Heritable	0.108264358632334	1	1	0	0	0.125632769295214	0.885502111448744	0.328718715966584	0.328718715966584
all_individuals	dlpfc	AA	shared	expression_nearest_gene	chr15_33742057_33743743	chr15	33742057	33743743	Heritable	0.304365354047535	1	1	0	0	0.236202884026474	0.948964195705265	0.291242833232023	0.291242833232023
all_individuals	dlpfc	AA	shared	expression_nearest_gene	chr15_33979365_33980373	chr15	33979365	33980373	Heritable	0.193763847957812	1	1	0	0	0.897026747245138	0.997818244032116	0.0225599713642328	0.0225599713642328
all_individuals	dlpfc	AA	shared	expression_nearest_gene	chr15_34224091_34224360	chr15	34224091	34224360	Heritable	0.127383568829077	1	1	0	0	0.113807103456728	0.885502111448744	0.209275013036338	-0.209275013036338
all_individuals	dlpfc	AA	shared	expression_nearest_gene	chr15_34490723_34491851	chr15	34490723	34491851	Heritable	0.15195901447517	1	1	0	0	0.59413445860777	0.997818244032116	0.2874434950417	0.2874434950417
all_individuals	dlpfc	AA	shared	expression_nearest_gene	chr15_34579583_34582185	chr15	34579583	34582185	Heritable	0.10492686884621	1	1	0	0	0.470140757500634	0.997818244032116	0.386221524577092	0.386221524577092
all_individuals	dlpfc	AA	shared	expression_nearest_gene	chr15_34794853_34795008	chr15	34794853	34795008	Heritable	0.138862469358882	1	1	0	0	0.805931877956762	0.997818244032116	0.0758828345229343	-0.0758828345229343
all_individuals	dlpfc	AA	shared	expression_nearest_gene	chr15_36578990_36579046	chr15	36578990	36579046	Heritable	0.356104733205813	1	1	0	0	0.268113048075856	0.972463717403515	0.17400905143862	-0.17400905143862
all_individuals	dlpfc	AA	shared	expression_nearest_gene	chr15_37092617_37096013	chr15	37092617	37096013	Heritable	0.100480923369639	1	1	0	0	0.559361718401618	0.997818244032116	0.0940747416739569	-0.0940747416739569
all_individuals	dlpfc	AA	shared	expression_nearest_gene	chr15_39976220_39977260	chr15	39976220	39977260	Heritable	0.660820243656708	1	1	0	0	0.0488714538049326	0.771372187047652	0.204483944158	-0.204483944158
all_individuals	dlpfc	AA	shared	expression_nearest_gene	chr15_40103029_40103937	chr15	40103029	40103937	Heritable	0.108387782065554	1	1	0	0	0.953610213386199	0.997818244032116	0.0158159266607694	0.0158159266607694
all_individuals	dlpfc	AA	shared	expression_nearest_gene	chr15_40366951_40367615	chr15	40366951	40367615	Heritable	0.151659267201215	1	1	0	0	0.863979675949176	0.997818244032116	0.0463047917200683	-0.0463047917200683
all_individuals	dlpfc	AA	shared	expression_nearest_gene	chr15_40507630_40507781	chr15	40507630	40507781	Heritable	0.118133608097903	1	1	0	0	0.841186091317654	0.997818244032116	0.0354125524578564	-0.0354125524578564
all_individuals	dlpfc	AA	shared	expression_nearest_gene	chr15_40747951_40748436	chr15	40747951	40748436	Heritable	0.143724243719923	1	1	0	0	0.85568624643182	0.997818244032116	0.0214041342244826	-0.0214041342244826
all_individuals	dlpfc	AA	shared	expression_nearest_gene	chr15_40769888_40770845	chr15	40769888	40770845	Heritable	0.107017137061498	1	1	0	0	0.833557051247193	0.997818244032116	0.0578970169623578	-0.0578970169623578
all_individuals	dlpfc	AA	shared	expression_nearest_gene	chr15_40808035_40808778	chr15	40808035	40808778	Heritable	0.683022844993199	1	1	0	0	0.94331935960275	0.997818244032116	0.0115386833324607	-0.0115386833324607
all_individuals	dlpfc	AA	shared	expression_nearest_gene	chr15_40843394_40843595	chr15	40843394	40843595	Heritable	0.163095980723522	1	1	0	0	0.683738824935513	0.997818244032116	0.0402575134487923	0.0402575134487923
all_individuals	dlpfc	AA	shared	expression_nearest_gene	chr15_40900100_40900688	chr15	40900100	40900688	Heritable	0.110991811288166	1	1	0	0	0.15507804279283	0.90562350969366	0.307278268843895	-0.307278268843895
all_individuals	dlpfc	AA	shared	expression_nearest_gene	chr15_40902696_40903476	chr15	40902696	40903476	Non-heritable	0.0800808957388191	1	1	0	0	0.135813673415948	0.886987978379458	0.304827522916906	-0.304827522916906
all_individuals	dlpfc	AA	shared	expression_nearest_gene	chr15_40931311_40932037	chr15	40931311	40932037	Non-heritable	0.0903109321993413	1	1	0	0	0.16079684214232	0.911713995663319	0.506434798160456	-0.506434798160456
all_individuals	dlpfc	AA	shared	expression_nearest_gene	chr15_41829277_41829589	chr15	41829277	41829589	Non-heritable	0.0549955950158057	1	1	0	0	0.953435148845521	0.997818244032116	0.0120796613863721	0.0120796613863721
all_individuals	dlpfc	AA	shared	expression_nearest_gene	chr15_41899743_41900894	chr15	41899743	41900894	Non-heritable	0.0694216708029463	1	1	0	0	0.69615488941899	0.997818244032116	0.138410826534749	-0.138410826534749
all_individuals	dlpfc	AA	shared	expression_nearest_gene	chr15_41916640_41916796	chr15	41916640	41916796	Non-heritable	0.0487877964960025	1	1	0	0	0.88305079828905	0.997818244032116	0.0512696850710377	-0.0512696850710377
all_individuals	dlpfc	AA	shared	expression_nearest_gene	chr15_42404950_42406133	chr15	42404950	42406133	Heritable	0.114972982041345	1	1	0	0	0.560403696686494	0.997818244032116	0.188525791937895	-0.188525791937895
all_individuals	dlpfc	AA	shared	expression_nearest_gene	chr15_43226889_43227162	chr15	43226889	43227162	Heritable	0.126852096924422	1	1	0	0	0.469490399593299	0.997818244032116	0.0593279957605266	0.0593279957605266
all_individuals	dlpfc	AA	shared	expression_nearest_gene	chr15_43299260_43299772	chr15	43299260	43299772	Heritable	0.110462146138909	1	1	0	0	0.491845201573544	0.997818244032116	0.0216916371806484	-0.0216916371806484
all_individuals	dlpfc	AA	shared	expression_nearest_gene	chr15_43775879_43776456	chr15	43775879	43776456	Heritable	0.114250881716009	1	1	0	0	0.94437126394852	0.997818244032116	0.00723760754716918	0.00723760754716918
all_individuals	dlpfc	AA	shared	expression_nearest_gene	chr15_45167863_45168098	chr15	45167863	45168098	Heritable	0.196874673014477	1	1	0	0	0.400867627922378	0.997818244032116	0.205645581897516	-0.205645581897516
all_individuals	dlpfc	AA	shared	expression_nearest_gene	chr15_45183527_45187175	chr15	45183527	45187175	Heritable	0.126336567864756	1	1	0	0	0.0385669251152697	0.722666705980884	0.567871794054545	-0.567871794054545
all_individuals	dlpfc	AA	shared	expression_nearest_gene	chr15_45277530_45278231	chr15	45277530	45278231	Heritable	0.147803445337402	1	1	0	0	0.689803301995354	0.997818244032116	0.0519340432764496	-0.0519340432764496
all_individuals	dlpfc	AA	shared	expression_nearest_gene	chr15_46365812_46366066	chr15	46365812	46366066	Heritable	0.105873882312381	1	1	0	0	0.914838986090514	0.997818244032116	0.00105822242214967	-0.00105822242214967
all_individuals	dlpfc	AA	shared	expression_nearest_gene	chr15_48643078_48644011	chr15	48643078	48644011	Non-heritable	0.0537898838461742	1	1	0	0	0.987137925965696	0.997818244032116	0.00277042991393506	0.00277042991393506
all_individuals	dlpfc	AA	shared	expression_nearest_gene	chr15_51735099_51736483	chr15	51735099	51736483	Heritable	0.118371684379647	1	1	0	0	0.0391156000446664	0.726601903860016	0.298541717988933	-0.298541717988933
all_individuals	dlpfc	AA	shared	expression_nearest_gene	chr15_52154159_52155391	chr15	52154159	52155391	Heritable	0.131592092156822	1	1	0	0	0.193222884447729	0.927426618753025	0.197138681165391	-0.197138681165391
all_individuals	dlpfc	AA	shared	expression_nearest_gene	chr15_52799076_52800441	chr15	52799076	52800441	Heritable	0.128042531876854	1	1	0	0	0.333987393084807	0.997818244032116	0.176993834565782	0.176993834565782
all_individuals	dlpfc	AA	shared	expression_nearest_gene	chr15_56006438_56007899	chr15	56006438	56007899	Heritable	0.185020214545339	1	1	0	0	0.529746320431131	0.997818244032116	0.0879068957569977	-0.0879068957569977
all_individuals	dlpfc	AA	shared	expression_nearest_gene	chr15_58773009_58774220	chr15	58773009	58774220	Heritable	0.12606040960133	1	1	0	0	0.1261559223555	0.885502111448744	0.27227647528597	0.27227647528597
all_individuals	dlpfc	AA	shared	expression_nearest_gene	chr15_59334904_59335491	chr15	59334904	59335491	Heritable	0.126830264134876	1	1	0	0	0.703666945493667	0.997818244032116	0.0639874422131825	0.0639874422131825
all_individuals	dlpfc	AA	shared	expression_nearest_gene	chr15_59367204_59367521	chr15	59367204	59367521	Heritable	0.126365354884589	1	1	0	0	0.820191791224318	0.997818244032116	0.0368174659893512	-0.0368174659893512
all_individuals	dlpfc	AA	shared	expression_nearest_gene	chr15_62740148_62741016	chr15	62740148	62741016	Heritable	0.113420702961123	1	1	0	0	0.599820630624963	0.997818244032116	0.0895026431504888	0.0895026431504888
all_individuals	dlpfc	AA	shared	expression_nearest_gene	chr15_62757283_62757730	chr15	62757283	62757730	Heritable	0.11323787522127	1	1	0	0	0.826714007014048	0.997818244032116	0.0416525560371213	0.0416525560371213
all_individuals	dlpfc	AA	shared	expression_nearest_gene	chr15_63059763_63060967	chr15	63059763	63060967	Heritable	0.152303471452951	1	1	0	0	0.154709382981967	0.90562350969366	0.192982351208851	0.192982351208851
all_individuals	dlpfc	AA	shared	expression_nearest_gene	chr15_63506075_63507063	chr15	63506075	63507063	Heritable	0.102962878675134	1	1	0	0	0.900194570220877	0.997818244032116	0.0285908634700718	0.0285908634700718
all_individuals	dlpfc	AA	shared	expression_nearest_gene	chr15_64387188_64387238	chr15	64387188	64387238	Heritable	0.121690250023878	1	1	0	0	0.568680902649043	0.997818244032116	0.100588787794349	0.100588787794349
all_individuals	dlpfc	AA	shared	expression_nearest_gene	chr15_64836214_64836454	chr15	64836214	64836454	Heritable	0.154732583829003	1	1	0	0	0.920191858348884	0.997818244032116	0.0232013222261691	0.0232013222261691
all_individuals	dlpfc	AA	shared	expression_nearest_gene	chr15_64912433_64912741	chr15	64912433	64912741	Heritable	0.151999917321854	1	1	0	0	0.0354341073545938	0.672777675480362	0.47910064544198	-0.47910064544198
all_individuals	dlpfc	AA	shared	expression_nearest_gene	chr15_64979167_64979580	chr15	64979167	64979580	Heritable	0.134561107026286	1	1	0	0	0.502678913017154	0.997818244032116	0.0842064739900152	-0.0842064739900152
all_individuals	dlpfc	AA	shared	expression_nearest_gene	chr15_65979090_65979638	chr15	65979090	65979638	Heritable	0.225588551175556	1	1	0	0	0.718796739505614	0.997818244032116	0.000986149535136392	-0.000986149535136392
all_individuals	dlpfc	AA	shared	expression_nearest_gene	chr15_66139285_66140877	chr15	66139285	66140877	Heritable	0.120888034398464	1	1	0	0	0.825445689694412	0.997818244032116	0.000595749200604516	-0.000595749200604516
all_individuals	dlpfc	AA	shared	expression_nearest_gene	chr15_66169119_66170311	chr15	66169119	66170311	Heritable	0.184149810469987	1	1	0	0	0.653179712955111	0.997818244032116	0.0643470429319457	0.0643470429319457
all_individuals	dlpfc	AA	shared	expression_nearest_gene	chr15_66251290_66251748	chr15	66251290	66251748	Heritable	0.104626414336958	1	1	0	0	0.366855347581852	0.997818244032116	0.149838621510074	0.149838621510074
all_individuals	dlpfc	AA	shared	expression_nearest_gene	chr15_68560946_68561455	chr15	68560946	68561455	Heritable	0.135726285694318	1	1	0	0	0.624807362198048	0.997818244032116	0.126934522563076	0.126934522563076
all_individuals	dlpfc	AA	shared	expression_nearest_gene	chr15_68666195_68666662	chr15	68666195	68666662	Heritable	0.209166518632053	1	1	0	0	0.326015009590898	0.996163905761335	0.235354275105809	-0.235354275105809
all_individuals	dlpfc	AA	shared	expression_nearest_gene	chr15_68701964_68702432	chr15	68701964	68702432	Heritable	0.320696506550084	1	1	0	0	0.847121718640421	0.997818244032116	0.0523769818215598	0.0523769818215598
all_individuals	dlpfc	AA	shared	expression_nearest_gene	chr15_68793112_68794224	chr15	68793112	68794224	Heritable	0.103353872864193	1	1	0	0	0.462559352494524	0.997818244032116	0.109647019695267	0.109647019695267
all_individuals	dlpfc	AA	shared	expression_nearest_gene	chr15_68797692_68799306	chr15	68797692	68799306	Heritable	0.101003432095772	1	1	0	0	0.60929320594978	0.997818244032116	0.0634525755300288	0.0634525755300288
all_individuals	dlpfc	AA	shared	expression_nearest_gene	chr15_69156751_69157938	chr15	69156751	69157938	Heritable	0.10739078738313	1	1	0	0	0.191180699765876	0.924559060738879	0.239758013878373	0.239758013878373
all_individuals	dlpfc	AA	shared	expression_nearest_gene	chr15_69303668_69304372	chr15	69303668	69304372	Heritable	0.30811159957267	1	1	0	0	0.986683434329722	0.997818244032116	0.00586599415123246	0.00586599415123246
all_individuals	dlpfc	AA	shared	expression_nearest_gene	chr15_70054406_70054952	chr15	70054406	70054952	Heritable	0.106356603748328	1	1	0	0	0.716038140646434	0.997818244032116	0.09977349916955	0.09977349916955
all_individuals	dlpfc	AA	shared	expression_nearest_gene	chr15_70156818_70157671	chr15	70156818	70157671	Heritable	0.105814200807633	1	1	0	0	0.480790551952294	0.997818244032116	0.204282163998066	0.204282163998066
all_individuals	dlpfc	AA	shared	expression_nearest_gene	chr15_70160616_70161692	chr15	70160616	70161692	Non-heritable	0.0589162050553455	1	1	0	0	0.88976719487485	0.997818244032116	0.036249044773367	0.036249044773367
all_individuals	dlpfc	AA	shared	expression_nearest_gene	chr15_70447970_70448267	chr15	70447970	70448267	Non-heritable	0.0848536290325238	1	1	0	0	0.685674640585374	0.997818244032116	0.00795119694511696	-0.00795119694511696
all_individuals	dlpfc	AA	shared	expression_nearest_gene	chr15_70851616_70852317	chr15	70851616	70852317	Non-heritable	0.0423903448836225	1	1	0	0	0.0481307597269617	0.771372187047652	0.353996543069052	-0.353996543069052
all_individuals	dlpfc	AA	shared	expression_nearest_gene	chr15_70867750_70868331	chr15	70867750	70868331	Non-heritable	0.0380087101034511	1	1	0	0	0.0766287079029926	0.830141710561625	0.197721430662767	0.197721430662767
all_individuals	dlpfc	AA	shared	expression_nearest_gene	chr15_71592329_71592768	chr15	71592329	71592768	Heritable	0.131982235124338	1	1	0	0	0.384809807470902	0.997818244032116	0.392956386481579	0.392956386481579
all_individuals	dlpfc	AA	shared	expression_nearest_gene	chr15_73926356_73926413	chr15	73926356	73926413	Heritable	0.113963504285186	1	1	0	0	0.452864926300065	0.997818244032116	0.169299464724011	-0.169299464724011
all_individuals	dlpfc	AA	shared	expression_nearest_gene	chr15_74291136_74292064	chr15	74291136	74292064	Heritable	0.185517665069417	1	1	0	0	0.830576417780901	0.997818244032116	0.0017683285480607	-0.0017683285480607
all_individuals	dlpfc	AA	shared	expression_nearest_gene	chr15_74328147_74328915	chr15	74328147	74328915	Heritable	0.192131049193652	1	1	0	0	0.218189720098103	0.945014449508517	0.0110619744151395	0.0110619744151395
all_individuals	dlpfc	AA	shared	expression_nearest_gene	chr15_74622011_74622150	chr15	74622011	74622150	Heritable	0.117143300560799	1	1	0	0	0.414463764829633	0.997818244032116	0.158942743643244	0.158942743643244
all_individuals	dlpfc	AA	shared	expression_nearest_gene	chr15_74728302_74728462	chr15	74728302	74728462	Heritable	0.10127229608322	1	1	0	0	0.694869722938579	0.997818244032116	0.202642683474147	-0.202642683474147
all_individuals	dlpfc	AA	shared	expression_nearest_gene	chr15_75043415_75044012	chr15	75043415	75044012	Heritable	0.101592237384965	1	1	0	0	0.854575649253528	0.997818244032116	0.0344275744394702	0.0344275744394702
all_individuals	dlpfc	AA	shared	expression_nearest_gene	chr15_76152753_76154158	chr15	76152753	76154158	Heritable	0.129229955229362	1	1	0	0	0.373220401905234	0.997818244032116	0.192596393286415	0.192596393286415
all_individuals	dlpfc	AA	shared	expression_nearest_gene	chr15_76184103_76184980	chr15	76184103	76184980	Heritable	0.114627255027414	1	1	0	0	0.718250212013731	0.997818244032116	0.0795751181144979	0.0795751181144979
all_individuals	dlpfc	AA	shared	expression_nearest_gene	chr15_76995421_76996494	chr15	76995421	76996494	Non-heritable	0.0743345260762321	1	1	0	0	0.296236744801357	0.983008463446871	0.268220442952821	-0.268220442952821
all_individuals	dlpfc	AA	shared	expression_nearest_gene	chr15_77536791_77537587	chr15	77536791	77537587	Heritable	0.347170351303799	1	1	0	0	0.804680533147751	0.997818244032116	0.0554878951068516	0.0554878951068516
all_individuals	dlpfc	AA	shared	expression_nearest_gene	chr15_78265375_78266117	chr15	78265375	78266117	Heritable	0.162393781611338	1	1	0	0	0.723184204608765	0.997818244032116	0.104712295092711	-0.104712295092711
all_individuals	dlpfc	AA	shared	expression_nearest_gene	chr15_78756314_78757311	chr15	78756314	78757311	Heritable	0.126188534317476	1	1	0	0	0.295132441898342	0.983008463446871	0.336826587818363	-0.336826587818363
all_individuals	dlpfc	AA	shared	expression_nearest_gene	chr15_78764997_78765764	chr15	78764997	78765764	Heritable	0.248983526430537	1	1	0	0	0.447194747670234	0.997818244032116	0.23490265696816	-0.23490265696816
all_individuals	dlpfc	AA	shared	expression_nearest_gene	chr15_78804409_78804931	chr15	78804409	78804931	Heritable	0.103359729116851	1	1	0	0	0.844340402690377	0.997818244032116	0.0713695516073223	-0.0713695516073223
all_individuals	dlpfc	AA	shared	expression_nearest_gene	chr15_79993499_79993970	chr15	79993499	79993970	Heritable	0.141579806339023	1	1	0	0	0.394716702283243	0.997818244032116	0.349596993099927	-0.349596993099927
all_individuals	dlpfc	AA	shared	expression_nearest_gene	chr15_80925221_80926287	chr15	80925221	80926287	Heritable	0.138179956634036	1	1	0	0	0.417363714697159	0.997818244032116	0.296437966686003	0.296437966686003
all_individuals	dlpfc	AA	shared	expression_nearest_gene	chr15_81003938_81005083	chr15	81003938	81005083	Heritable	0.167268379080005	1	1	0	0	0.458752008817052	0.997818244032116	0.130659916154686	-0.130659916154686
all_individuals	dlpfc	AA	shared	expression_nearest_gene	chr15_81182000_81182720	chr15	81182000	81182720	Heritable	0.138753790820225	1	1	0	0	0.126463390389206	0.885502111448744	0.416529691255906	0.416529691255906
all_individuals	dlpfc	AA	shared	expression_nearest_gene	chr15_81196453_81201826	chr15	81196453	81201826	Heritable	0.147335177414188	1	1	0	0	0.328740544317648	0.99671805502751	0.22511797479226	-0.22511797479226
all_individuals	dlpfc	AA	shared	expression_nearest_gene	chr15_81204643_81205237	chr15	81204643	81205237	Heritable	0.262288193532893	1	1	0	0	0.234373722414086	0.947930352176406	0.299007078816695	-0.299007078816695
all_individuals	dlpfc	AA	shared	expression_nearest_gene	chr15_81222178_81225676	chr15	81222178	81225676	Heritable	0.118652093282715	1	1	0	0	0.53285826504448	0.997818244032116	0.176826005298729	-0.176826005298729
all_individuals	dlpfc	AA	shared	expression_nearest_gene	chr15_81280229_81280856	chr15	81280229	81280856	Heritable	0.116606716348342	1	1	0	0	0.322229082557986	0.992958213025082	0.28845966737302	-0.28845966737302
all_individuals	dlpfc	AA	shared	expression_nearest_gene	chr15_82315070_82315925	chr15	82315070	82315925	Heritable	0.116813665585668	1	1	0	0	0.196756988177641	0.931624393086991	0.478205028112809	0.478205028112809
all_individuals	dlpfc	AA	shared	expression_nearest_gene	chr15_84783672_84784457	chr15	84783672	84784457	Heritable	0.128387437674989	1	1	0	0	0.942224005684148	0.997818244032116	0.0121091837653893	-0.0121091837653893
all_individuals	dlpfc	AA	shared	expression_nearest_gene	chr15_85793087_85793212	chr15	85793087	85793212	Heritable	0.11377955714719	1	1	0	0	0.163473395036322	0.911713995663319	0.414862939886071	-0.414862939886071
all_individuals	dlpfc	AA	shared	expression_nearest_gene	chr15_86063368_86064339	chr15	86063368	86064339	Heritable	0.11260721099181	1	1	0	0	0.806491890990709	0.997818244032116	0.00152473315765899	0.00152473315765899
all_individuals	dlpfc	AA	shared	expression_nearest_gene	chr15_88057989_88058237	chr15	88057989	88058237	Heritable	0.146605613933577	1	1	0	0	0.124414453945814	0.885502111448744	0.297601679283112	-0.297601679283112
all_individuals	dlpfc	AA	shared	expression_nearest_gene	chr15_88299198_88299945	chr15	88299198	88299945	Heritable	0.140982313374047	1	1	0	0	0.551221648533239	0.997818244032116	0.0151170595762489	-0.0151170595762489
all_individuals	dlpfc	AA	shared	expression_nearest_gene	chr15_88967349_88967996	chr15	88967349	88967996	Heritable	0.508346125198623	1	1	0	0	0.0299595060301775	0.61983675595293	0.884180146185296	-0.884180146185296
all_individuals	dlpfc	AA	shared	expression_nearest_gene	chr15_89089679_89090942	chr15	89089679	89090942	Non-heritable	0.0457194558532608	1	1	0	0	0.178738913362291	0.912803419250373	0.177836195050364	0.177836195050364
all_individuals	dlpfc	AA	shared	expression_nearest_gene	chr15_89372351_89372943	chr15	89372351	89372943	Heritable	0.166968456934475	1	1	0	0	0.178282138824672	0.912803419250373	0.318433317212097	-0.318433317212097
all_individuals	dlpfc	AA	shared	expression_nearest_gene	chr15_89379222_89379626	chr15	89379222	89379626	Heritable	0.145466640403131	1	1	0	0	0.403366244195401	0.997818244032116	0.224685433699097	-0.224685433699097
all_individuals	dlpfc	AA	shared	expression_nearest_gene	chr15_89407724_89409683	chr15	89407724	89409683	Heritable	0.101299890389233	1	1	0	0	0.365267520208843	0.997818244032116	0.234415487462417	-0.234415487462417
all_individuals	dlpfc	AA	shared	expression_nearest_gene	chr15_90300895_90301364	chr15	90300895	90301364	Heritable	0.143434255169617	1	1	0	0	0.689642898968466	0.997818244032116	0.108027106667436	0.108027106667436
all_individuals	dlpfc	AA	shared	expression_nearest_gene	chr15_91101537_91103286	chr15	91101537	91103286	Heritable	0.107762469276404	1	1	0	0	0.0341807354180757	0.664653016177713	0.429141753253461	-0.429141753253461
all_individuals	dlpfc	AA	shared	expression_nearest_gene	chr15_91732821_91733300	chr15	91732821	91733300	Heritable	0.165434566321918	1	1	0	0	0.569372399871494	0.997818244032116	0.0810754112114689	0.0810754112114689
all_individuals	dlpfc	AA	shared	expression_nearest_gene	chr15_91966099_91966972	chr15	91966099	91966972	Heritable	0.138279590325572	1	1	0	0	0.88125915558767	0.997818244032116	0.023350600534485	0.023350600534485
all_individuals	dlpfc	AA	shared	expression_nearest_gene	chr15_92011745_92011994	chr15	92011745	92011994	Non-heritable	0.0409452345192093	1	1	0	0	0.65387721882612	0.997818244032116	0.07204034337515	-0.07204034337515
all_individuals	dlpfc	AA	shared	expression_nearest_gene	chr15_92624713_92625248	chr15	92624713	92625248	Non-heritable	0.0873788082977921	1	1	0	0	0.897857607453608	0.997818244032116	0.0210525918439357	-0.0210525918439357
all_individuals	dlpfc	AA	shared	expression_nearest_gene	chr15_92733776_92734604	chr15	92733776	92734604	Heritable	0.180191267207762	1	1	0	0	0.385671469291206	0.997818244032116	0.161988710039829	0.161988710039829
all_individuals	dlpfc	AA	shared	expression_nearest_gene	chr15_93065998_93066802	chr15	93065998	93066802	Heritable	0.170808598514628	1	1	0	0	0.288222124840988	0.983008463446871	0.370792250574528	-0.370792250574528
all_individuals	dlpfc	AA	shared	expression_nearest_gene	chr15_96323356_96324285	chr15	96323356	96324285	Heritable	0.121294464916623	1	1	0	0	0.292753326902761	0.983008463446871	0.318941941570894	0.318941941570894
all_individuals	dlpfc	AA	shared	expression_nearest_gene	chr15_96342034_96345004	chr15	96342034	96345004	Heritable	0.119767676530146	1	1	0	0	0.230386454577641	0.947930352176406	0.306527295758375	-0.306527295758375
all_individuals	dlpfc	AA	shared	expression_nearest_gene	chr15_97873865_97874319	chr15	97873865	97874319	Heritable	0.124625802848992	1	1	0	0	0.18082999497215	0.913270078422155	0.759824454653774	-0.759824454653774
all_individuals	dlpfc	AA	shared	expression_nearest_gene	chr15_98651406_98652065	chr15	98651406	98652065	Heritable	0.113626479379472	1	1	0	0	0.220126908095147	0.945014449508517	0.207079029728192	-0.207079029728192
all_individuals	dlpfc	AA	shared	expression_nearest_gene	chr15_98801265_98801651	chr15	98801265	98801651	Heritable	0.111265476066339	1	1	0	0	0.68075783784092	0.997818244032116	0.0866116193267388	0.0866116193267388
all_individuals	dlpfc	AA	shared	expression_nearest_gene	chr15_98955151_98955581	chr15	98955151	98955581	Heritable	0.145035644530971	1	1	0	0	0.27474197455758	0.975445498063831	0.213654642304604	0.213654642304604
all_individuals	dlpfc	AA	shared	expression_nearest_gene	chr15_99986579_99986949	chr15	99986579	99986949	Heritable	0.107165101826385	1	1	0	0	0.893902979269477	0.997818244032116	0.037427445030854	-0.037427445030854
all_individuals	dlpfc	AA	shared	expression_nearest_gene	chr16_1150083_1150395	chr16	1150083	1150395	Heritable	0.111951508338059	1	1	0	0	0.611976345849702	0.997818244032116	0.231799403969571	-0.231799403969571
all_individuals	dlpfc	AA	shared	expression_nearest_gene	chr16_1163340_1163770	chr16	1163340	1163770	Heritable	0.126773382857526	1	1	0	0	0.0792017432885775	0.830141710561625	0.716930659885886	-0.716930659885886
all_individuals	dlpfc	AA	shared	expression_nearest_gene	chr16_11670756_11671130	chr16	11670756	11671130	Non-heritable	0.0889369457171746	1	1	0	0	0.496654352001505	0.997818244032116	0.134394680616282	0.134394680616282
all_individuals	dlpfc	AA	shared	expression_nearest_gene	chr16_1509741_1510243	chr16	1509741	1510243	Heritable	0.156928854233841	1	1	0	0	0.184778536167765	0.919740892107295	0.31684147021668	0.31684147021668
all_individuals	dlpfc	AA	shared	expression_nearest_gene	chr16_15132888_15133359	chr16	15132888	15133359	Heritable	0.106080623524954	1	1	0	0	0.545900940858945	0.997818244032116	0.0044888704301238	-0.0044888704301238
all_individuals	dlpfc	AA	shared	expression_nearest_gene	chr16_15142007_15142350	chr16	15142007	15142350	Non-heritable	0.0900391099708531	1	1	0	0	0.250736354411075	0.958038504795448	0.00972661669851298	-0.00972661669851298
all_individuals	dlpfc	AA	shared	expression_nearest_gene	chr16_1548762_1549252	chr16	1548762	1549252	Non-heritable	0.0779870562443684	1	1	0	0	0.599028159411519	0.997818244032116	0.105226194898854	-0.105226194898854
all_individuals	dlpfc	AA	shared	expression_nearest_gene	chr16_1565187_1565785	chr16	1565187	1565785	Heritable	0.111322527486401	1	1	0	0	0.95282381775197	0.997818244032116	0.0126743832759679	0.0126743832759679
all_individuals	dlpfc	AA	shared	expression_nearest_gene	chr16_1643810_1644186	chr16	1643810	1644186	Heritable	0.105211440092024	1	1	0	0	0.258291391488508	0.964672006403031	0.173016931850444	0.173016931850444
all_individuals	dlpfc	AA	shared	expression_nearest_gene	chr16_1740472_1740706	chr16	1740472	1740706	Heritable	0.272074904872936	1	1	0	0	0.575654183730259	0.997818244032116	0.121329699780276	-0.121329699780276
all_individuals	dlpfc	AA	shared	expression_nearest_gene	chr16_1749048_1749731	chr16	1749048	1749731	Heritable	0.107658123915096	1	1	0	0	0.708698543932643	0.997818244032116	0.0763715600832811	-0.0763715600832811
all_individuals	dlpfc	AA	shared	expression_nearest_gene	chr16_1752241_1753151	chr16	1752241	1753151	Heritable	0.11318318868771	1	1	0	0	0.787339302855576	0.997818244032116	0.0571711619511888	-0.0571711619511888
all_individuals	dlpfc	AA	shared	expression_nearest_gene	chr16_1762306_1763017	chr16	1762306	1763017	Non-heritable	0.0954118388385667	1	1	0	0	0.545026677481731	0.997818244032116	0.128513836726896	-0.128513836726896
all_individuals	dlpfc	AA	shared	expression_nearest_gene	chr16_19005526_19006230	chr16	19005526	19006230	Heritable	0.118703017807214	1	1	0	0	0.576851374255749	0.997818244032116	0.0917268733568477	-0.0917268733568477
all_individuals	dlpfc	AA	shared	expression_nearest_gene	chr16_19577838_19578813	chr16	19577838	19578813	Heritable	0.109844309946337	1	1	0	0	0.0698880746424586	0.819594770260972	0.169588994872328	-0.169588994872328
all_individuals	dlpfc	AA	shared	expression_nearest_gene	chr16_19783674_19784479	chr16	19783674	19784479	Heritable	0.109652592850697	1	1	0	0	0.119065834380603	0.885502111448744	0.207572753892748	0.207572753892748
all_individuals	dlpfc	AA	shared	expression_nearest_gene	chr16_19994644_19995063	chr16	19994644	19995063	Heritable	0.169127458763249	1	1	0	0	0.349541632905664	0.997818244032116	0.105540701055204	0.105540701055204
all_individuals	dlpfc	AA	shared	expression_nearest_gene	chr16_20610369_20614145	chr16	20610369	20614145	Heritable	0.12492272367105	1	1	0	0	0.707982569535029	0.997818244032116	0.0722825313475752	0.0722825313475752
all_individuals	dlpfc	AA	shared	expression_nearest_gene	chr16_2081751_2082179	chr16	2081751	2082179	Non-heritable	0.0485790211883522	1	1	0	0	0.370911904645144	0.997818244032116	0.195579441238799	-0.195579441238799
all_individuals	dlpfc	AA	shared	expression_nearest_gene	chr16_2086201_2086296	chr16	2086201	2086296	Heritable	0.129935041166534	1	1	0	0	0.832169527279211	0.997818244032116	0.0507661094897465	-0.0507661094897465
all_individuals	dlpfc	AA	shared	expression_nearest_gene	chr16_2087410_2088380	chr16	2087410	2088380	Heritable	0.124471395051115	1	1	0	0	0.977602416784497	0.997818244032116	0.00575894515863062	0.00575894515863062
all_individuals	dlpfc	AA	shared	expression_nearest_gene	chr16_2090594_2090988	chr16	2090594	2090988	Heritable	0.121011259351341	1	1	0	0	0.739092713169355	0.997818244032116	0.00664001210065567	-0.00664001210065567
all_individuals	dlpfc	AA	shared	expression_nearest_gene	chr16_2101703_2102841	chr16	2101703	2102841	Heritable	0.152655557915702	1	1	0	0	0.662180156163875	0.997818244032116	0.00258172402085642	-0.00258172402085642
all_individuals	dlpfc	AA	shared	expression_nearest_gene	chr16_2103593_2104267	chr16	2103593	2104267	Heritable	0.123625363185083	1	1	0	0	0.948228014592324	0.997818244032116	0.000362405409018231	-0.000362405409018231
all_individuals	dlpfc	AA	shared	expression_nearest_gene	chr16_2109363_2109640	chr16	2109363	2109640	Heritable	0.109610840480614	1	1	0	0	0.537033567367505	0.997818244032116	0.00354310473470604	-0.00354310473470604
all_individuals	dlpfc	AA	shared	expression_nearest_gene	chr16_21159727_21161060	chr16	21159727	21161060	Heritable	0.156336961428932	1	1	0	0	0.481080871714189	0.997818244032116	0.276419924745408	-0.276419924745408
all_individuals	dlpfc	AA	shared	expression_nearest_gene	chr16_21166608_21167086	chr16	21166608	21167086	Non-heritable	0.046062349878193	1	1	0	0	0.922919788594794	0.997818244032116	0.033579612098011	0.033579612098011
all_individuals	dlpfc	AA	shared	expression_nearest_gene	chr16_2116698_2117469	chr16	2116698	2117469	Heritable	0.154943627877724	1	1	0	0	0.78075451073379	0.997818244032116	0.00158979152190575	-0.00158979152190575
all_individuals	dlpfc	AA	shared	expression_nearest_gene	chr16_2129187_2130194	chr16	2129187	2130194	Heritable	0.105941856154214	1	1	0	0	0.642312800210736	0.997818244032116	0.00220362889204104	-0.00220362889204104
all_individuals	dlpfc	AA	shared	expression_nearest_gene	chr16_2136775_2137065	chr16	2136775	2137065	Heritable	0.116455282142383	1	1	0	0	0.413130997754457	0.997818244032116	0.0200790355718591	0.0200790355718591
all_individuals	dlpfc	AA	shared	expression_nearest_gene	chr16_2273715_2273973	chr16	2273715	2273973	Heritable	0.106471285663231	1	1	0	0	0.584007249415642	0.997818244032116	0.123741116303055	0.123741116303055
all_individuals	dlpfc	AA	shared	expression_nearest_gene	chr16_23409064_23409345	chr16	23409064	23409345	Heritable	0.104270399771708	1	1	0	0	0.858733492268975	0.997818244032116	0.0267530393754161	0.0267530393754161
all_individuals	dlpfc	AA	shared	expression_nearest_gene	chr16_23500303_23500768	chr16	23500303	23500768	Heritable	0.124633095627635	1	1	0	0	0.968552835668992	0.997818244032116	0.0055167315478748	-0.0055167315478748
all_individuals	dlpfc	AA	shared	expression_nearest_gene	chr16_23582550_23583210	chr16	23582550	23583210	Non-heritable	0.0797873954747146	1	1	0	0	0.553275548825414	0.997818244032116	0.134656613178265	-0.134656613178265
all_individuals	dlpfc	AA	shared	expression_nearest_gene	chr16_2450641_2451028	chr16	2450641	2451028	Heritable	0.112356344291675	1	1	0	0	0.347565525054641	0.997818244032116	0.177589182193547	-0.177589182193547
all_individuals	dlpfc	AA	shared	expression_nearest_gene	chr16_2452140_2452310	chr16	2452140	2452310	Heritable	0.110860618637632	1	1	0	0	0.839269357002841	0.997818244032116	0.0469088980013304	-0.0469088980013304
all_individuals	dlpfc	AA	shared	expression_nearest_gene	chr16_2489811_2490450	chr16	2489811	2490450	Heritable	0.1432815850934	1	1	0	0	0.693206746171033	0.997818244032116	0.085458775692917	-0.085458775692917
all_individuals	dlpfc	AA	shared	expression_nearest_gene	chr16_2557269_2557469	chr16	2557269	2557469	Heritable	0.116584677153128	1	1	0	0	0.832706786787582	0.997818244032116	0.0355444713750295	-0.0355444713750295
all_individuals	dlpfc	AA	shared	expression_nearest_gene	chr16_2561057_2561308	chr16	2561057	2561308	Heritable	0.157063765771823	1	1	0	0	0.518555342698676	0.997818244032116	0.095936996066718	0.095936996066718
all_individuals	dlpfc	AA	shared	expression_nearest_gene	chr16_2592661_2593084	chr16	2592661	2593084	Heritable	0.145203530090715	1	1	0	0	0.683498456141914	0.997818244032116	0.064594834720948	-0.064594834720948
all_individuals	dlpfc	AA	shared	expression_nearest_gene	chr16_2597683_2598307	chr16	2597683	2598307	Heritable	0.100009366959582	1	1	0	0	0.470377797524113	0.997818244032116	0.122630911584896	-0.122630911584896
all_individuals	dlpfc	AA	shared	expression_nearest_gene	chr16_27220708_27221384	chr16	27220708	27221384	Heritable	0.104560088102152	1	1	0	0	0.656393767823809	0.997818244032116	0.0812857182001654	0.0812857182001654
all_individuals	dlpfc	AA	shared	expression_nearest_gene	chr16_2767325_2767619	chr16	2767325	2767619	Heritable	0.103827460452459	1	1	0	0	0.975282657539278	0.997818244032116	0.00884671783078517	-0.00884671783078517
all_individuals	dlpfc	AA	shared	expression_nearest_gene	chr16_27718135_27719008	chr16	27718135	27719008	Heritable	0.128001397830371	1	1	0	0	0.327463782542993	0.99671805502751	0.149453229056764	-0.149453229056764
all_individuals	dlpfc	AA	shared	expression_nearest_gene	chr16_28059955_28060222	chr16	28059955	28060222	Heritable	0.13026607914261	1	1	0	0	0.103267849738056	0.874008566520704	0.409133530316684	-0.409133530316684
all_individuals	dlpfc	AA	shared	expression_nearest_gene	chr16_28365041_28365126	chr16	28365041	28365126	Heritable	0.20968530039555	1	1	0	0	0.984081547869	0.997818244032116	0.0029512346925511	-0.0029512346925511
all_individuals	dlpfc	AA	shared	expression_nearest_gene	chr16_2867731_2867836	chr16	2867731	2867836	Heritable	0.141198193695559	1	1	0	0	0.773113048538478	0.997818244032116	0.0636284691551978	0.0636284691551978
all_individuals	dlpfc	AA	shared	expression_nearest_gene	chr16_28862684_28862776	chr16	28862684	28862776	Heritable	0.154771904095141	1	1	0	0	0.391645982528663	0.997818244032116	0.146428594513047	0.146428594513047
all_individuals	dlpfc	AA	shared	expression_nearest_gene	chr16_29611377_29611686	chr16	29611377	29611686	Heritable	0.187784614930731	1	1	0	0	0.393048017700828	0.997818244032116	0.0811758837633241	0.0811758837633241
all_individuals	dlpfc	AA	shared	expression_nearest_gene	chr16_29635997_29636159	chr16	29635997	29636159	Heritable	0.105352246028548	1	1	0	0	0.923247392477475	0.997818244032116	0.021567654572952	-0.021567654572952
all_individuals	dlpfc	AA	shared	expression_nearest_gene	chr16_29901413_29902570	chr16	29901413	29902570	Heritable	0.179288141378405	1	1	0	0	0.304602096275648	0.985760877676827	0.219161520350884	-0.219161520350884
all_individuals	dlpfc	AA	shared	expression_nearest_gene	chr16_31008087_31009545	chr16	31008087	31009545	Heritable	0.102451836143115	1	1	0	0	0.999593793887541	0.999759847767018	0.000136514221846795	0.000136514221846795
all_individuals	dlpfc	AA	shared	expression_nearest_gene	chr16_31274002_31275339	chr16	31274002	31275339	Heritable	0.181073862423252	1	1	0	0	0.944609170300041	0.997818244032116	0.0207951878556649	-0.0207951878556649
all_individuals	dlpfc	AA	shared	expression_nearest_gene	chr16_3143566_3144317	chr16	3143566	3144317	Heritable	0.134183681887271	1	1	0	0	0.407097987766105	0.997818244032116	0.0349518183795936	-0.0349518183795936
all_individuals	dlpfc	AA	shared	expression_nearest_gene	chr16_3180663_3181167	chr16	3180663	3181167	Heritable	0.123842231174623	1	1	0	0	0.0348355812804455	0.667319103903534	0.621002162493442	0.621002162493442
all_individuals	dlpfc	AA	shared	expression_nearest_gene	chr16_3493482_3493723	chr16	3493482	3493723	Heritable	0.104225959679516	1	1	0	0	0.414832203385409	0.997818244032116	0.0168626628280433	-0.0168626628280433
all_individuals	dlpfc	AA	shared	expression_nearest_gene	chr16_3642463_3643118	chr16	3642463	3643118	Heritable	0.14088562276221	1	1	0	0	0.266489642138472	0.972463717403515	0.228054760382073	0.228054760382073
all_individuals	dlpfc	AA	shared	expression_nearest_gene	chr16_3652376_3652671	chr16	3652376	3652671	Heritable	0.135642625919969	1	1	0	0	0.396151802999377	0.997818244032116	0.187175100208302	0.187175100208302
all_individuals	dlpfc	AA	shared	expression_nearest_gene	chr16_3950614_3950919	chr16	3950614	3950919	Heritable	0.10216200879064	1	1	0	0	0.613553911813468	0.997818244032116	0.125532442590071	0.125532442590071
all_individuals	dlpfc	AA	shared	expression_nearest_gene	chr16_4381078_4381618	chr16	4381078	4381618	Heritable	0.293320633098827	1	1	0	0	0.250897614262456	0.958038504795448	0.220311660396014	0.220311660396014
all_individuals	dlpfc	AA	shared	expression_nearest_gene	chr16_4401266_4401603	chr16	4401266	4401603	Heritable	0.10663475921398	1	1	0	0	0.264769088577181	0.972186490858339	0.233542125770319	0.233542125770319
all_individuals	dlpfc	AA	shared	expression_nearest_gene	chr16_4409579_4409954	chr16	4409579	4409954	Heritable	0.109405296105366	1	1	0	0	0.907143538079948	0.997818244032116	0.0220409428788226	0.0220409428788226
all_individuals	dlpfc	AA	shared	expression_nearest_gene	chr16_4673797_4673875	chr16	4673797	4673875	Heritable	0.116054397498421	1	1	0	0	0.500060812285482	0.997818244032116	0.17023990158134	0.17023990158134
all_individuals	dlpfc	AA	shared	expression_nearest_gene	chr16_4680209_4681771	chr16	4680209	4681771	Heritable	0.108324635706909	1	1	0	0	0.736224071329656	0.997818244032116	0.0957966413131146	0.0957966413131146
all_individuals	dlpfc	AA	shared	expression_nearest_gene	chr16_4800436_4801267	chr16	4800436	4801267	Heritable	0.106822684423872	1	1	0	0	0.604681900486336	0.997818244032116	0.106686742595898	-0.106686742595898
all_individuals	dlpfc	AA	shared	expression_nearest_gene	chr16_4859941_4861119	chr16	4859941	4861119	Heritable	0.13472244642938	1	1	0	0	0.423024741901896	0.997818244032116	0.0941791901825564	0.0941791901825564
all_individuals	dlpfc	AA	shared	expression_nearest_gene	chr16_4870116_4871030	chr16	4870116	4871030	Heritable	0.406181058493329	1	1	0	0	0.783926444258758	0.997818244032116	0.034105500194503	0.034105500194503
all_individuals	dlpfc	AA	shared	expression_nearest_gene	chr16_49602572_49603017	chr16	49602572	49603017	Heritable	0.184393921959543	1	1	0	0	0.456880174085724	0.997818244032116	0.177060182990921	-0.177060182990921
all_individuals	dlpfc	AA	shared	expression_nearest_gene	chr16_49750219_49750872	chr16	49750219	49750872	Heritable	0.118430391475124	1	1	0	0	0.436692189516095	0.997818244032116	0.187342451595008	-0.187342451595008
all_individuals	dlpfc	AA	shared	expression_nearest_gene	chr16_50469912_50470077	chr16	50469912	50470077	Heritable	0.171813567059461	1	1	0	0	0.687342583134012	0.997818244032116	0.0251479498157567	-0.0251479498157567
all_individuals	dlpfc	AA	shared	expression_nearest_gene	chr16_50711746_50712329	chr16	50711746	50712329	Heritable	0.145625933710133	1	1	0	0	0.821601290085443	0.997818244032116	0.0753008709870784	0.0753008709870784
all_individuals	dlpfc	AA	shared	expression_nearest_gene	chr16_54291349_54291714	chr16	54291349	54291714	Non-heritable	0.0706370002713281	1	1	0	0	0.478292995162179	0.997818244032116	0.0556298035059999	-0.0556298035059999
all_individuals	dlpfc	AA	shared	expression_nearest_gene	chr16_54318103_54319733	chr16	54318103	54319733	Heritable	0.641805230773225	1	1	0	0	0.504331080969149	0.997818244032116	0.0331009262270418	0.0331009262270418
all_individuals	dlpfc	AA	shared	expression_nearest_gene	chr16_55371447_55371741	chr16	55371447	55371741	Heritable	0.124524787500937	1	1	0	0	0.210098915772676	0.935201709108456	0.333959184854482	-0.333959184854482
all_individuals	dlpfc	AA	shared	expression_nearest_gene	chr16_55760119_55761051	chr16	55760119	55761051	Heritable	0.286171622488939	1	1	0	0	0.384867640550835	0.997818244032116	0.036295252706885	-0.036295252706885
all_individuals	dlpfc	AA	shared	expression_nearest_gene	chr16_57289355_57290263	chr16	57289355	57290263	Non-heritable	0.0920025546668909	1	1	0	0	0.0883518764623212	0.852417590912265	0.491127145121652	-0.491127145121652
all_individuals	dlpfc	AA	shared	expression_nearest_gene	chr16_57803006_57803989	chr16	57803006	57803989	Heritable	0.101244207411014	1	1	0	0	0.47236080446327	0.997818244032116	0.133031383634369	-0.133031383634369
all_individuals	dlpfc	AA	shared	expression_nearest_gene	chr16_65059691_65060055	chr16	65059691	65060055	Heritable	0.114880542123451	1	1	0	0	0.931866831919373	0.997818244032116	0.011938474085051	0.011938474085051
all_individuals	dlpfc	AA	shared	expression_nearest_gene	chr16_66264572_66264869	chr16	66264572	66264869	Heritable	0.181162279197649	1	1	0	0	0.533221991000032	0.997818244032116	0.284146985992283	-0.284146985992283
all_individuals	dlpfc	AA	shared	expression_nearest_gene	chr16_67479667_67479917	chr16	67479667	67479917	Heritable	0.267313292809183	1	1	0	0	0.162014406852681	0.911713995663319	0.245622196109442	0.245622196109442
all_individuals	dlpfc	AA	shared	expression_nearest_gene	chr16_67661850_67664735	chr16	67661850	67664735	Heritable	0.133332558584216	1	1	0	0	0.47193278185094	0.997818244032116	0.127111136649783	0.127111136649783
all_individuals	dlpfc	AA	shared	expression_nearest_gene	chr16_67714851_67715297	chr16	67714851	67715297	Heritable	0.157022882349425	1	1	0	0	0.912390032055457	0.997818244032116	0.0171750107408961	0.0171750107408961
all_individuals	dlpfc	AA	shared	expression_nearest_gene	chr16_67734423_67735024	chr16	67734423	67735024	Non-heritable	0.0724879276420548	1	1	0	0	0.744513008809343	0.997818244032116	0.0740524037167667	0.0740524037167667
all_individuals	dlpfc	AA	shared	expression_nearest_gene	chr16_67880775_67882079	chr16	67880775	67882079	Non-heritable	0.0649047868008468	1	1	0	0	0.952436667922228	0.997818244032116	0.0123064031301965	-0.0123064031301965
all_individuals	dlpfc	AA	shared	expression_nearest_gene	chr16_67926588_67927709	chr16	67926588	67927709	Heritable	0.109455431709318	1	1	0	0	0.780912082656043	0.997818244032116	0.0564972481419304	-0.0564972481419304
all_individuals	dlpfc	AA	shared	expression_nearest_gene	chr16_68258865_68259547	chr16	68258865	68259547	Non-heritable	0.0880400524340257	1	1	0	0	0.276613863145233	0.97766064278196	0.251483880524708	-0.251483880524708
all_individuals	dlpfc	AA	shared	expression_nearest_gene	chr16_69799321_69799910	chr16	69799321	69799910	Heritable	0.132996063006322	1	1	0	0	0.373409331971963	0.997818244032116	0.142560079351185	-0.142560079351185
all_individuals	dlpfc	AA	shared	expression_nearest_gene	chr16_69880375_69880750	chr16	69880375	69880750	Heritable	0.111549361507902	1	1	0	0	0.662293962342781	0.997818244032116	0.0713118566916648	-0.0713118566916648
all_individuals	dlpfc	AA	shared	expression_nearest_gene	chr16_69894841_69895053	chr16	69894841	69895053	Non-heritable	0.0796989778997301	1	1	0	0	0.443256426211582	0.997818244032116	0.129150997792983	-0.129150997792983
all_individuals	dlpfc	AA	shared	expression_nearest_gene	chr16_70298274_70298689	chr16	70298274	70298689	Heritable	0.304995023852324	1	1	0	0	0.121319517246817	0.885502111448744	0.18687369415397	-0.18687369415397
all_individuals	dlpfc	AA	shared	expression_nearest_gene	chr16_70399507_70400344	chr16	70399507	70400344	Heritable	0.183497606487711	1	1	0	0	0.665969540365094	0.997818244032116	0.103571154586561	-0.103571154586561
all_individuals	dlpfc	AA	shared	expression_nearest_gene	chr16_70683560_70684623	chr16	70683560	70684623	Heritable	0.212482091356498	1	1	0	0	0.605666467169509	0.997818244032116	0.136478435490197	0.136478435490197
all_individuals	dlpfc	AA	shared	expression_nearest_gene	chr16_70714943_70716257	chr16	70714943	70716257	Heritable	0.156552594189275	1	1	0	0	0.449271428871965	0.997818244032116	0.149050555170373	0.149050555170373
all_individuals	dlpfc	AA	shared	expression_nearest_gene	chr16_72938278_72938641	chr16	72938278	72938641	Heritable	0.110555562469679	1	1	0	0	0.373229596252955	0.997818244032116	0.181810903600237	-0.181810903600237
all_individuals	dlpfc	AA	shared	expression_nearest_gene	chr16_72961160_72961459	chr16	72961160	72961459	Heritable	0.117011316788461	1	1	0	0	0.944369838676987	0.997818244032116	0.0123782542942337	0.0123782542942337
all_individuals	dlpfc	AA	shared	expression_nearest_gene	chr16_74421532_74422348	chr16	74421532	74422348	Heritable	0.131113190763778	1	1	0	0	0.377630385715014	0.997818244032116	0.061479760391228	0.061479760391228
all_individuals	dlpfc	AA	shared	expression_nearest_gene	chr16_74747909_74749274	chr16	74747909	74749274	Non-heritable	0.0200713403100313	1	1	0	0	0.747825180641777	0.997818244032116	0.0767479341615527	-0.0767479341615527
all_individuals	dlpfc	AA	shared	expression_nearest_gene	chr16_74773528_74774113	chr16	74773528	74774113	Non-heritable	0.0577409530466056	1	1	0	0	0.942805102798603	0.997818244032116	0.0173710448921582	-0.0173710448921582
all_individuals	dlpfc	AA	shared	expression_nearest_gene	chr16_75095359_75095791	chr16	75095359	75095791	Heritable	0.124716615043392	1	1	0	0	0.533088219620602	0.997818244032116	0.101192651583091	-0.101192651583091
all_individuals	dlpfc	AA	shared	expression_nearest_gene	chr16_75242927_75243493	chr16	75242927	75243493	Heritable	0.17299503858767	1	1	0	0	0.773053558503103	0.997818244032116	0.0737698963682121	-0.0737698963682121
all_individuals	dlpfc	AA	shared	expression_nearest_gene	chr16_77430610_77433991	chr16	77430610	77433991	Heritable	0.127500414686985	1	1	0	1	0.00202751807272314	0.0861394064361879	3.36739431875507	-3.36739431875507
all_individuals	dlpfc	AA	shared	expression_nearest_gene	chr16_77435880_77436101	chr16	77435880	77436101	Non-heritable	0.0501369794689629	1	1	0	0	0.0986372493756485	0.863777747997786	2.2791242304725	-2.2791242304725
all_individuals	dlpfc	AA	shared	expression_nearest_gene	chr16_78344082_78345380	chr16	78344082	78345380	Non-heritable	0.0547692956192516	1	1	0	0	0.824888319193942	0.997818244032116	0.0494919868323649	-0.0494919868323649
all_individuals	dlpfc	AA	shared	expression_nearest_gene	chr16_78515919_78516331	chr16	78515919	78516331	Non-heritable	0.0813387993698833	1	1	0	0	0.196958217587378	0.931624393086991	0.189203087921324	0.189203087921324
all_individuals	dlpfc	AA	shared	expression_nearest_gene	chr16_79079909_79080360	chr16	79079909	79080360	Non-heritable	0.0510061693477784	1	1	0	0	0.224004459850563	0.945014449508517	0.171762326897959	0.171762326897959
all_individuals	dlpfc	AA	shared	expression_nearest_gene	chr16_79429405_79430692	chr16	79429405	79430692	Heritable	0.125465814208134	1	1	0	0	0.683860687542251	0.997818244032116	0.0748722875917025	0.0748722875917025
all_individuals	dlpfc	AA	shared	expression_nearest_gene	chr16_81583031_81583571	chr16	81583031	81583571	Heritable	0.126636457730176	1	1	0	0	0.844026679396358	0.997818244032116	0.0590967011134822	-0.0590967011134822
all_individuals	dlpfc	AA	shared	expression_nearest_gene	chr16_81895484_81895889	chr16	81895484	81895889	Non-heritable	0.0683280458674363	1	1	0	0	0.467037666050593	0.997818244032116	0.157485379673016	-0.157485379673016
all_individuals	dlpfc	AA	shared	expression_nearest_gene	chr16_83137418_83137768	chr16	83137418	83137768	Non-heritable	0.0756315350661721	1	1	0	0	0.597589240360841	0.997818244032116	0.0966765383940711	0.0966765383940711
all_individuals	dlpfc	AA	shared	expression_nearest_gene	chr16_83743831_83744329	chr16	83743831	83744329	Non-heritable	0.0715382821153654	1	1	0	0	0.853234622472871	0.997818244032116	0.0365775648799769	-0.0365775648799769
all_individuals	dlpfc	AA	shared	expression_nearest_gene	chr16_84199933_84200212	chr16	84199933	84200212	Non-heritable	0.0599822439542069	1	1	0	0	0.371730327126004	0.997818244032116	0.245430170674473	-0.245430170674473
all_individuals	dlpfc	AA	shared	expression_nearest_gene	chr16_84537832_84538319	chr16	84537832	84538319	Non-heritable	0.0810592320604445	1	1	0	0	0.94292645650678	0.997818244032116	0.011558859387744	-0.011558859387744
all_individuals	dlpfc	AA	shared	expression_nearest_gene	chr16_84832593_84832818	chr16	84832593	84832818	Non-heritable	0.0766256110476531	1	1	0	0	0.0486417312171963	0.771372187047652	0.942282263653228	-0.942282263653228
all_individuals	dlpfc	AA	shared	expression_nearest_gene	chr16_84864183_84864845	chr16	84864183	84864845	Non-heritable	0.0791351531391028	1	1	0	0	0.0337149682049248	0.660597847339416	0.8381192969866	0.8381192969866
all_individuals	dlpfc	AA	shared	expression_nearest_gene	chr16_84986426_84986754	chr16	84986426	84986754	Non-heritable	0.0719915140579275	1	1	0	0	0.622576641988858	0.997818244032116	0.0690564840577395	0.0690564840577395
all_individuals	dlpfc	AA	shared	expression_nearest_gene	chr16_85048999_85049232	chr16	85048999	85049232	Heritable	0.180371971276264	1	1	0	0	0.541531174327633	0.997818244032116	0.129967375741465	-0.129967375741465
all_individuals	dlpfc	AA	shared	expression_nearest_gene	chr16_85065979_85066518	chr16	85065979	85066518	Non-heritable	0.0693770336946323	1	1	0	0	0.125248604350636	0.885502111448744	0.327088936619141	-0.327088936619141
all_individuals	dlpfc	AA	shared	expression_nearest_gene	chr16_85072696_85073179	chr16	85072696	85073179	Non-heritable	0.0724958998533009	1	1	0	0	0.246351237906501	0.958038504795448	0.241400548103925	-0.241400548103925
all_individuals	dlpfc	AA	shared	expression_nearest_gene	chr16_85228911_85229282	chr16	85228911	85229282	Non-heritable	0.0798578428709397	1	1	0	0	0.432495975722318	0.997818244032116	0.188281847543529	-0.188281847543529
all_individuals	dlpfc	AA	shared	expression_nearest_gene	chr16_85284070_85284568	chr16	85284070	85284568	Non-heritable	0.084567008268993	1	1	0	0	0.91467987149586	0.997818244032116	0.0234889670567569	0.0234889670567569
all_individuals	dlpfc	AA	shared	expression_nearest_gene	chr16_85290978_85291914	chr16	85290978	85291914	Non-heritable	0.0585905466806393	1	1	0	0	0.450495557519203	0.997818244032116	0.14687864760581	-0.14687864760581
all_individuals	dlpfc	AA	shared	expression_nearest_gene	chr16_85424468_85425028	chr16	85424468	85425028	Non-heritable	0.064339409661219	1	1	0	0	0.142495243322759	0.886987978379458	0.377190826667672	-0.377190826667672
all_individuals	dlpfc	AA	shared	expression_nearest_gene	chr16_85605864_85606518	chr16	85605864	85606518	Heritable	0.100727844530603	1	1	0	0	0.480788507544184	0.997818244032116	0.162691445957732	-0.162691445957732
all_individuals	dlpfc	AA	shared	expression_nearest_gene	chr16_85724676_85725205	chr16	85724676	85725205	Heritable	0.135326597456115	1	1	0	0	0.439493109203634	0.997818244032116	0.147599551121393	0.147599551121393
all_individuals	dlpfc	AA	shared	expression_nearest_gene	chr16_87333098_87333332	chr16	87333098	87333332	Non-heritable	0.0724421107637885	1	1	0	0	0.647111026395269	0.997818244032116	0.0999912627508586	0.0999912627508586
all_individuals	dlpfc	AA	shared	expression_nearest_gene	chr16_87370966_87371868	chr16	87370966	87371868	Heritable	0.116211186526225	1	1	0	0	0.946456975336682	0.997818244032116	0.014608684089632	0.014608684089632
all_individuals	dlpfc	AA	shared	expression_nearest_gene	chr16_87426167_87426306	chr16	87426167	87426306	Heritable	0.100621211241354	1	1	0	0	0.779571777014048	0.997818244032116	0.0505371094085501	-0.0505371094085501
all_individuals	dlpfc	AA	shared	expression_nearest_gene	chr16_87477323_87477471	chr16	87477323	87477471	Heritable	0.103013150500683	1	1	0	0	0.169130010581111	0.911713995663319	0.226568134459541	0.226568134459541
all_individuals	dlpfc	AA	shared	expression_nearest_gene	chr16_87517475_87519173	chr16	87517475	87519173	Heritable	0.105899294540718	1	1	0	0	0.248095324654086	0.958038504795448	0.249442323325134	-0.249442323325134
all_individuals	dlpfc	AA	shared	expression_nearest_gene	chr16_87911202_87911295	chr16	87911202	87911295	Non-heritable	0.0820897199598581	1	1	0	0	0.36150016363875	0.997818244032116	0.160996464458552	0.160996464458552
all_individuals	dlpfc	AA	shared	expression_nearest_gene	chr16_88072640_88072974	chr16	88072640	88072974	Heritable	0.210949135711815	1	1	0	0	0.128110654996917	0.885502111448744	0.404255761620865	0.404255761620865
all_individuals	dlpfc	AA	shared	expression_nearest_gene	chr16_88267267_88267573	chr16	88267267	88267573	Heritable	0.109496881208229	1	1	0	0	0.828371068368344	0.997818244032116	0.0752088264808641	0.0752088264808641
all_individuals	dlpfc	AA	shared	expression_nearest_gene	chr16_88606279_88606797	chr16	88606279	88606797	Heritable	0.102875104020764	1	1	0	0	0.618841152336372	0.997818244032116	0.109094270146557	0.109094270146557
all_individuals	dlpfc	AA	shared	expression_nearest_gene	chr16_88626602_88627012	chr16	88626602	88627012	Heritable	0.175790759802893	1	1	0	0	0.91020479334435	0.997818244032116	0.0247640793240791	0.0247640793240791
all_individuals	dlpfc	AA	shared	expression_nearest_gene	chr16_88755300_88755859	chr16	88755300	88755859	Heritable	0.189965693680723	1	1	0	0	0.411792163112737	0.997818244032116	0.236674503920912	-0.236674503920912
all_individuals	dlpfc	AA	shared	expression_nearest_gene	chr16_88873329_88873676	chr16	88873329	88873676	Heritable	0.149342951625254	1	1	0	0	0.751580495623984	0.997818244032116	0.0976839014139355	-0.0976839014139355
all_individuals	dlpfc	AA	shared	expression_nearest_gene	chr16_88899955_88900796	chr16	88899955	88900796	Heritable	0.107918560073823	1	1	0	0	0.773419684848972	0.997818244032116	0.081970987660517	-0.081970987660517
all_individuals	dlpfc	AA	shared	expression_nearest_gene	chr16_88911447_88911650	chr16	88911447	88911650	Heritable	0.111905573297746	1	1	0	0	0.658831892655913	0.997818244032116	0.132931910098433	-0.132931910098433
all_individuals	dlpfc	AA	shared	expression_nearest_gene	chr16_88925498_88925989	chr16	88925498	88925989	Heritable	0.20847310615991	1	1	0	0	0.513601397471122	0.997818244032116	0.187609016748098	-0.187609016748098
all_individuals	dlpfc	AA	shared	expression_nearest_gene	chr16_88928864_88929267	chr16	88928864	88929267	Heritable	0.248699834050385	1	1	0	0	0.948968600436778	0.997818244032116	0.0201273655475589	0.0201273655475589
all_individuals	dlpfc	AA	shared	expression_nearest_gene	chr16_88934212_88934525	chr16	88934212	88934525	Heritable	0.115094684147019	1	1	0	0	0.848923512808649	0.997818244032116	0.0558074926840888	0.0558074926840888
all_individuals	dlpfc	AA	shared	expression_nearest_gene	chr16_89085031_89085192	chr16	89085031	89085192	Heritable	0.314249034092482	1	1	0	0	0.738820076289332	0.997818244032116	0.0767857677382073	-0.0767857677382073
all_individuals	dlpfc	AA	shared	expression_nearest_gene	chr16_89106957_89107297	chr16	89106957	89107297	Heritable	0.356135954569416	1	1	0	0	0.466835784639665	0.997818244032116	0.161954488572988	0.161954488572988
all_individuals	dlpfc	AA	shared	expression_nearest_gene	chr16_89197306_89199713	chr16	89197306	89199713	Heritable	0.108880384003088	1	1	0	0	0.423174183192996	0.997818244032116	0.0557932294221413	0.0557932294221413
all_individuals	dlpfc	AA	shared	expression_nearest_gene	chr16_89276043_89276327	chr16	89276043	89276327	Heritable	0.101520424631459	1	1	0	0	0.956231026542856	0.997818244032116	0.0125403904784953	0.0125403904784953
all_individuals	dlpfc	AA	shared	expression_nearest_gene	chr16_89385623_89385952	chr16	89385623	89385952	Heritable	0.113813883197718	1	1	0	0	0.743818082956393	0.997818244032116	0.0749143423962089	-0.0749143423962089
all_individuals	dlpfc	AA	shared	expression_nearest_gene	chr16_89394665_89394840	chr16	89394665	89394840	Heritable	0.129214992807803	1	1	0	0	0.13839771951581	0.886987978379458	0.312933884793243	0.312933884793243
all_individuals	dlpfc	AA	shared	expression_nearest_gene	chr16_89537044_89537570	chr16	89537044	89537570	Non-heritable	0.0506621128122995	1	1	0	0	0.555624269511986	0.997818244032116	0.0853951169020917	0.0853951169020917
all_individuals	dlpfc	AA	shared	expression_nearest_gene	chr16_89640775_89641660	chr16	89640775	89641660	Heritable	0.771609529201798	1	1	0	0	0.739864194675108	0.997818244032116	0.0110645491773007	0.0110645491773007
all_individuals	dlpfc	AA	shared	expression_nearest_gene	chr16_89723043_89723526	chr16	89723043	89723526	Heritable	0.105315406072637	1	1	0	0	0.521285353133299	0.997818244032116	0.108448687537258	0.108448687537258
all_individuals	dlpfc	AA	shared	expression_nearest_gene	chr16_89779266_89780203	chr16	89779266	89780203	Heritable	0.101696287490203	1	1	0	0	0.92797698727826	0.997818244032116	0.0220019165286303	0.0220019165286303
all_individuals	dlpfc	AA	shared	expression_nearest_gene	chr16_8983653_8983918	chr16	8983653	8983918	Heritable	0.213611397585986	1	1	0	0	0.456448729337713	0.997818244032116	0.0761360856088658	-0.0761360856088658
all_individuals	dlpfc	AA	shared	expression_nearest_gene	chr16_89903004_89903211	chr16	89903004	89903211	Heritable	0.107720266926041	1	1	0	0	0.724604179014827	0.997818244032116	0.0558309414129958	0.0558309414129958
all_individuals	dlpfc	AA	shared	expression_nearest_gene	chr16_89971953_89972061	chr16	89971953	89972061	Heritable	0.494443832703444	1	1	1	1	4.25778041203376e-06	0.000372859913225242	0.810895890047508	-0.810895890047508
all_individuals	dlpfc	AA	shared	expression_nearest_gene	chr16_90037250_90037375	chr16	90037250	90037375	Heritable	0.102033936547401	1	1	0	0	0.0510378437655714	0.778438959569582	0.498198963725141	-0.498198963725141
all_individuals	dlpfc	AA	shared	expression_nearest_gene	chr16_90077822_90078166	chr16	90077822	90078166	Heritable	0.178533051930484	1	1	0	0	0.248194600183942	0.958038504795448	0.569309755883015	-0.569309755883015
all_individuals	dlpfc	AA	shared	expression_nearest_gene	chr16_90082340_90082812	chr16	90082340	90082812	Heritable	0.123599706293529	1	1	0	0	0.587722776467546	0.997818244032116	0.177270715525588	0.177270715525588
all_individuals	dlpfc	AA	shared	expression_nearest_gene	chr17_11332182_11332506	chr17	11332182	11332506	Heritable	0.170239047464535	1	1	0	0	0.293368910524439	0.983008463446871	0.319747578643543	-0.319747578643543
all_individuals	dlpfc	AA	shared	expression_nearest_gene	chr17_14206061_14206354	chr17	14206061	14206354	Heritable	0.238860592639171	1	1	0	0	0.440562103874956	0.997818244032116	0.103748878474764	0.103748878474764
all_individuals	dlpfc	AA	shared	expression_nearest_gene	chr17_15232086_15232776	chr17	15232086	15232776	Heritable	0.123325048972617	1	1	0	0	0.586737627039276	0.997818244032116	0.104774527192298	-0.104774527192298
all_individuals	dlpfc	AA	shared	expression_nearest_gene	chr17_15749451_15750383	chr17	15749451	15750383	Heritable	0.178446575694351	1	1	0	0	0.629009029751914	0.997818244032116	0.0884472444523324	0.0884472444523324
all_individuals	dlpfc	AA	shared	expression_nearest_gene	chr17_16423107_16423692	chr17	16423107	16423692	Heritable	0.101516260275117	1	1	0	0	0.805344843720708	0.997818244032116	0.150938551962826	-0.150938551962826
all_individuals	dlpfc	AA	shared	expression_nearest_gene	chr17_16690181_16690468	chr17	16690181	16690468	Heritable	0.107827865712945	1	1	0	0	0.117971947671451	0.885502111448744	1.07947389867017	-1.07947389867017
all_individuals	dlpfc	AA	shared	expression_nearest_gene	chr17_17220880_17221597	chr17	17220880	17221597	Heritable	0.29243155481456	1	1	0	0	0.11630896424237	0.885502111448744	0.31526287366686	0.31526287366686
all_individuals	dlpfc	AA	shared	expression_nearest_gene	chr17_17385598_17385963	chr17	17385598	17385963	Heritable	0.103949052827033	1	1	0	0	0.449901624072749	0.997818244032116	0.167655883689303	-0.167655883689303
all_individuals	dlpfc	AA	shared	expression_nearest_gene	chr17_17545745_17547050	chr17	17545745	17547050	Heritable	0.166832403051519	1	1	0	0	0.473958661179504	0.997818244032116	0.189028725162289	-0.189028725162289
all_individuals	dlpfc	AA	shared	expression_nearest_gene	chr17_17603154_17603594	chr17	17603154	17603594	Heritable	0.115115561219382	1	1	0	0	0.114945130214779	0.885502111448744	0.422767492917295	-0.422767492917295
all_individuals	dlpfc	AA	shared	expression_nearest_gene	chr17_1880684_1881078	chr17	1880684	1881078	Non-heritable	0.0983839475083729	1	1	0	0	0.0426921504145999	0.738677489633259	0.23604601310106	0.23604601310106
all_individuals	dlpfc	AA	shared	expression_nearest_gene	chr17_1920920_1921203	chr17	1920920	1921203	Heritable	0.108587174609346	1	1	0	0	0.306063741453956	0.985760877676827	0.302238967391112	-0.302238967391112
all_individuals	dlpfc	AA	shared	expression_nearest_gene	chr17_19506597_19506989	chr17	19506597	19506989	Heritable	0.518250085979124	1	1	0	0	0.133963220064989	0.886987978379458	0.397836614861196	0.397836614861196
all_individuals	dlpfc	AA	shared	expression_nearest_gene	chr17_19724639_19724867	chr17	19724639	19724867	Heritable	0.126442686755003	1	1	0	0	0.0829554033546236	0.845216945719577	0.282936622945942	-0.282936622945942
all_individuals	dlpfc	AA	shared	expression_nearest_gene	chr17_20530940_20531357	chr17	20530940	20531357	Heritable	0.191514215590857	1	1	0	0	0.0743477289603221	0.828639931374199	0.0275492773345767	-0.0275492773345767
all_individuals	dlpfc	AA	shared	expression_nearest_gene	chr17_20589542_20589628	chr17	20589542	20589628	Heritable	0.1350551862031	1	1	0	0	0.973195701491276	0.997818244032116	0.000805025031190985	-0.000805025031190985
all_individuals	dlpfc	AA	shared	expression_nearest_gene	chr17_21310464_21311046	chr17	21310464	21311046	Non-heritable	0.0722254057911983	1	1	0	0	0.133442092790808	0.886987978379458	0.380763427916827	-0.380763427916827
all_individuals	dlpfc	AA	shared	expression_nearest_gene	chr17_21378847_21380548	chr17	21378847	21380548	Heritable	0.243200461474095	1	1	0	0	0.200320601330445	0.931624393086991	0.342458522792144	-0.342458522792144
all_individuals	dlpfc	AA	shared	expression_nearest_gene	chr17_21383887_21384523	chr17	21383887	21384523	Heritable	0.167569561551215	1	1	0	0	0.0690363287558364	0.817115709865458	0.543056949966211	-0.543056949966211
all_individuals	dlpfc	AA	shared	expression_nearest_gene	chr17_21385010_21386051	chr17	21385010	21386051	Heritable	0.413684155011719	1	1	0	0	0.202914202390869	0.931624393086991	0.358957906795833	-0.358957906795833
all_individuals	dlpfc	AA	shared	expression_nearest_gene	chr17_21396016_21398792	chr17	21396016	21398792	Heritable	0.178606788257585	1	1	0	0	0.189924016017879	0.924559060738879	0.391729345511735	-0.391729345511735
all_individuals	dlpfc	AA	shared	expression_nearest_gene	chr17_21573948_21574381	chr17	21573948	21574381	Non-heritable	0.0871606492899595	1	1	1	1	3.75418524855536e-07	4.23926550040817e-05	1.1720290088373	-1.1720290088373
all_individuals	dlpfc	AA	shared	expression_nearest_gene	chr17_21760742_21761657	chr17	21760742	21761657	Heritable	0.166895372257751	1	1	0	0	0.732268898696704	0.997818244032116	0.0326842851306344	0.0326842851306344
all_individuals	dlpfc	AA	shared	expression_nearest_gene	chr17_2382815_2382990	chr17	2382815	2382990	Heritable	0.105045409308791	1	1	0	0	0.305785517851577	0.985760877676827	0.251831695534655	-0.251831695534655
all_individuals	dlpfc	AA	shared	expression_nearest_gene	chr17_2723947_2724257	chr17	2723947	2724257	Heritable	0.143942323216148	1	1	0	0	0.884468176929364	0.997818244032116	0.0343030815268648	-0.0343030815268648
all_individuals	dlpfc	AA	shared	expression_nearest_gene	chr17_2778865_2781559	chr17	2778865	2781559	Non-heritable	0.0915905575209181	1	1	0	0	0.749641304141292	0.997818244032116	0.0759530232225956	0.0759530232225956
all_individuals	dlpfc	AA	shared	expression_nearest_gene	chr17_28900965_28901908	chr17	28900965	28901908	Heritable	0.101973372275637	1	1	0	0	0.73664371358312	0.997818244032116	0.0754824336678635	-0.0754824336678635
all_individuals	dlpfc	AA	shared	expression_nearest_gene	chr17_29083080_29083435	chr17	29083080	29083435	Heritable	0.438095607926728	1	1	0	0	0.189058331015627	0.922922978825999	0.228969696814531	0.228969696814531
all_individuals	dlpfc	AA	shared	expression_nearest_gene	chr17_29110422_29110682	chr17	29110422	29110682	Heritable	0.11904570439665	1	1	0	0	0.704696879470202	0.997818244032116	0.0809405005239938	0.0809405005239938
all_individuals	dlpfc	AA	shared	expression_nearest_gene	chr17_29534121_29534354	chr17	29534121	29534354	Heritable	0.164596224464239	1	1	0	0	0.986462403865471	0.997818244032116	0.00139906096462283	0.00139906096462283
all_individuals	dlpfc	AA	shared	expression_nearest_gene	chr17_30105217_30105578	chr17	30105217	30105578	Non-heritable	0.0871713778876842	1	1	0	0	0.464258725221773	0.997818244032116	0.166408177167014	-0.166408177167014
all_individuals	dlpfc	AA	shared	expression_nearest_gene	chr17_30970096_30970373	chr17	30970096	30970373	Heritable	0.118860168543611	1	1	0	0	0.22472808211818	0.945014449508517	0.373599472801079	0.373599472801079
all_individuals	dlpfc	AA	shared	expression_nearest_gene	chr17_3176445_3177013	chr17	3176445	3177013	Heritable	0.490225762236192	1	1	0	0	0.354161206531078	0.997818244032116	0.0691036017213846	0.0691036017213846
all_individuals	dlpfc	AA	shared	expression_nearest_gene	chr17_32822732_32823176	chr17	32822732	32823176	Non-heritable	0.0805448609706854	1	1	0	0	0.234386880368018	0.947930352176406	0.171791372950601	0.171791372950601
all_individuals	dlpfc	AA	shared	expression_nearest_gene	chr17_34038840_34039400	chr17	34038840	34039400	Heritable	0.250074705737533	1	1	0	0	0.66871914446961	0.997818244032116	0.0677696894724882	-0.0677696894724882
all_individuals	dlpfc	AA	shared	expression_nearest_gene	chr17_3531418_3531923	chr17	3531418	3531923	Heritable	0.100569552261946	1	1	0	0	0.0489402407622467	0.771372187047652	0.493890169154497	0.493890169154497
all_individuals	dlpfc	AA	shared	expression_nearest_gene	chr17_35450635_35450778	chr17	35450635	35450778	Heritable	0.145862823703616	1	1	0	0	0.140817269682512	0.886987978379458	0.486909992252168	0.486909992252168
all_individuals	dlpfc	AA	shared	expression_nearest_gene	chr17_36464506_36464892	chr17	36464506	36464892	Heritable	0.153757345081539	1	1	0	0	0.672934460311971	0.997818244032116	0.0370102634951647	-0.0370102634951647
all_individuals	dlpfc	AA	shared	expression_nearest_gene	chr17_37405676_37405803	chr17	37405676	37405803	Heritable	0.144687290156395	1	1	0	0	0.459900927943397	0.997818244032116	0.0816144251945913	0.0816144251945913
all_individuals	dlpfc	AA	shared	expression_nearest_gene	chr17_38466039_38466853	chr17	38466039	38466853	Heritable	0.149540056609894	1	1	0	0	0.0234291719056911	0.531928976969949	0.0342652467832192	-0.0342652467832192
all_individuals	dlpfc	AA	shared	expression_nearest_gene	chr17_39057567_39058001	chr17	39057567	39058001	Heritable	0.210519724141863	1	1	0	0	0.0553439470778274	0.794074905727395	0.342351079015312	-0.342351079015312
all_individuals	dlpfc	AA	shared	expression_nearest_gene	chr17_39123686_39124330	chr17	39123686	39124330	Heritable	0.126964811056589	1	1	0	0	0.645620481469137	0.997818244032116	0.106278189787602	-0.106278189787602
all_individuals	dlpfc	AA	shared	expression_nearest_gene	chr17_39944054_39944404	chr17	39944054	39944404	Heritable	0.105984570134839	1	1	0	0	0.592184304718869	0.997818244032116	0.0361841256368716	0.0361841256368716
all_individuals	dlpfc	AA	shared	expression_nearest_gene	chr17_40094179_40094718	chr17	40094179	40094718	Heritable	0.149323764908942	1	1	0	0	0.830109615726363	0.997818244032116	0.12530577555953	-0.12530577555953
all_individuals	dlpfc	AA	shared	expression_nearest_gene	chr17_40096995_40098269	chr17	40096995	40098269	Heritable	0.144514790116886	1	1	0	0	0.910499213561227	0.997818244032116	0.0615157009355958	-0.0615157009355958
all_individuals	dlpfc	AA	shared	expression_nearest_gene	chr17_40361733_40362506	chr17	40361733	40362506	Heritable	0.12958255510613	1	1	0	0	0.707771665409278	0.997818244032116	0.0828464488882663	0.0828464488882663
all_individuals	dlpfc	AA	shared	expression_nearest_gene	chr17_40779260_40779807	chr17	40779260	40779807	Heritable	0.255291088772099	1	1	1	1	0.000721124058685842	0.0355671647795511	0.0487864922916847	0.0487864922916847
all_individuals	dlpfc	AA	shared	expression_nearest_gene	chr17_4173754_4174234	chr17	4173754	4174234	Heritable	0.113163896567042	1	1	0	0	0.500437953101602	0.997818244032116	0.0735075756515045	0.0735075756515045
all_individuals	dlpfc	AA	shared	expression_nearest_gene	chr17_4184849_4185308	chr17	4184849	4185308	Heritable	0.15732331603799	1	1	0	0	0.604688050471024	0.997818244032116	0.0536212075197042	0.0536212075197042
all_individuals	dlpfc	AA	shared	expression_nearest_gene	chr17_41967968_41970791	chr17	41967968	41970791	Heritable	0.127229281937438	1	1	0	0	0.458809596448935	0.997818244032116	0.150619451504902	-0.150619451504902
all_individuals	dlpfc	AA	shared	expression_nearest_gene	chr17_41971279_41972111	chr17	41971279	41972111	Heritable	0.291655006022792	1	1	0	0	0.275230092691726	0.976043246066277	0.228730670731039	-0.228730670731039
all_individuals	dlpfc	AA	shared	expression_nearest_gene	chr17_41974090_41975069	chr17	41974090	41975069	Heritable	0.101130520106778	1	1	0	0	0.30903635531287	0.985760877676827	0.213550747772153	-0.213550747772153
all_individuals	dlpfc	AA	shared	expression_nearest_gene	chr17_42039862_42040343	chr17	42039862	42040343	Heritable	0.207753798423042	1	1	0	0	0.055607911091047	0.794074905727395	0.434303861172481	0.434303861172481
all_individuals	dlpfc	AA	shared	expression_nearest_gene	chr17_42056740_42058010	chr17	42056740	42058010	Heritable	0.171311249711135	1	1	0	0	0.100378031606601	0.868906406217649	0.329751080384665	-0.329751080384665
all_individuals	dlpfc	AA	shared	expression_nearest_gene	chr17_4209758_4210014	chr17	4209758	4210014	Heritable	0.101596644895171	1	1	0	0	0.490216242961331	0.997818244032116	0.0669186160235622	-0.0669186160235622
all_individuals	dlpfc	AA	shared	expression_nearest_gene	chr17_42108316_42108417	chr17	42108316	42108417	Heritable	0.1744256649298	1	1	0	0	0.400055495233169	0.997818244032116	0.252188045499631	-0.252188045499631
all_individuals	dlpfc	AA	shared	expression_nearest_gene	chr17_43816426_43817408	chr17	43816426	43817408	Heritable	0.21096565293722	1	1	0	0	0.977253298480325	0.997818244032116	0.00494349582179687	-0.00494349582179687
all_individuals	dlpfc	AA	shared	expression_nearest_gene	chr17_43831712_43832198	chr17	43831712	43832198	Heritable	0.166072776204509	1	1	0	0	0.933696965031352	0.997818244032116	0.0159040996292017	0.0159040996292017
all_individuals	dlpfc	AA	shared	expression_nearest_gene	chr17_44569182_44569826	chr17	44569182	44569826	Heritable	0.136364612028542	1	1	0	0	0.787251336670595	0.997818244032116	0.0654286763332621	0.0654286763332621
all_individuals	dlpfc	AA	shared	expression_nearest_gene	chr17_45239789_45240693	chr17	45239789	45240693	Heritable	0.173530892726111	1	1	0	0	0.947794115357652	0.997818244032116	0.0178229283122322	-0.0178229283122322
all_individuals	dlpfc	AA	shared	expression_nearest_gene	chr17_4708953_4709617	chr17	4708953	4709617	Heritable	0.701796374983378	1	1	0	0	0.0835115800260142	0.845216945719577	0.16634237471282	0.16634237471282
all_individuals	dlpfc	AA	shared	expression_nearest_gene	chr17_4721821_4721865	chr17	4721821	4721865	Non-heritable	0.0742227235665451	1	1	0	0	0.153387564084127	0.90562350969366	0.278876375600895	-0.278876375600895
all_individuals	dlpfc	AA	shared	expression_nearest_gene	chr17_47324367_47325059	chr17	47324367	47325059	Heritable	0.260246033410477	1	1	1	1	8.98673808762524e-08	1.10177408954285e-05	1.59655669610916	-1.59655669610916
all_individuals	dlpfc	AA	shared	expression_nearest_gene	chr17_47707840_47709201	chr17	47707840	47709201	Heritable	0.113555900836426	1	1	0	0	0.904382914619674	0.997818244032116	0.0231897573471329	-0.0231897573471329
all_individuals	dlpfc	AA	shared	expression_nearest_gene	chr17_48943855_48944031	chr17	48943855	48944031	Heritable	0.211993234561694	1	1	0	0	0.974294818527122	0.997818244032116	0.00403348120293678	-0.00403348120293678
all_individuals	dlpfc	AA	shared	expression_nearest_gene	chr17_49526457_49526589	chr17	49526457	49526589	Heritable	0.127101919331558	1	1	0	0	0.169264931524664	0.911713995663319	0.211582789567841	0.211582789567841
all_individuals	dlpfc	AA	shared	expression_nearest_gene	chr17_49578985_49579615	chr17	49578985	49579615	Non-heritable	0.0820784766417115	1	1	0	0	0.536500832062926	0.997818244032116	0.186391719141586	0.186391719141586
all_individuals	dlpfc	AA	shared	expression_nearest_gene	chr17_50103697_50104038	chr17	50103697	50104038	Heritable	0.198032852342706	1	1	0	0	0.797232607926435	0.997818244032116	0.0530614951341839	-0.0530614951341839
all_individuals	dlpfc	AA	shared	expression_nearest_gene	chr17_50118270_50118581	chr17	50118270	50118581	Non-heritable	0.0769409393565302	1	1	0	0	0.557926600730918	0.997818244032116	0.182782191805554	-0.182782191805554
all_individuals	dlpfc	AA	shared	expression_nearest_gene	chr17_50122491_50122893	chr17	50122491	50122893	Non-heritable	0.0941444492024588	1	1	0	0	0.199155310904921	0.931624393086991	0.391386769020841	-0.391386769020841
all_individuals	dlpfc	AA	shared	expression_nearest_gene	chr17_5062092_5062775	chr17	5062092	5062775	Heritable	0.189935757867684	1	1	0	0	0.823590881518485	0.997818244032116	0.0145091517341532	0.0145091517341532
all_individuals	dlpfc	AA	shared	expression_nearest_gene	chr17_5306053_5306393	chr17	5306053	5306393	Heritable	0.167453548702857	1	1	0	0	0.452645223093596	0.997818244032116	0.0683760575696351	-0.0683760575696351
all_individuals	dlpfc	AA	shared	expression_nearest_gene	chr17_57105716_57106708	chr17	57105716	57106708	Heritable	0.123152041599626	1	1	0	0	0.472157449776973	0.997818244032116	0.0928905735154899	-0.0928905735154899
all_individuals	dlpfc	AA	shared	expression_nearest_gene	chr17_57407068_57407947	chr17	57407068	57407947	Heritable	0.144033909351114	1	1	0	0	0.680457933776453	0.997818244032116	0.0634093509536342	-0.0634093509536342
all_individuals	dlpfc	AA	shared	expression_nearest_gene	chr17_5770056_5771648	chr17	5770056	5771648	Heritable	0.61489913276516	1	1	0	1	0.00184604232058922	0.0792136759764832	0.0384002677718143	0.0384002677718143
all_individuals	dlpfc	AA	shared	expression_nearest_gene	chr17_57750644_57751018	chr17	57750644	57751018	Heritable	0.105610742019498	1	1	0	0	0.674240658535368	0.997818244032116	0.014430597425729	0.014430597425729
all_individuals	dlpfc	AA	shared	expression_nearest_gene	chr17_58414672_58415899	chr17	58414672	58415899	Heritable	0.101488120135554	1	1	0	0	0.936216869805571	0.997818244032116	0.0188839483107386	0.0188839483107386
all_individuals	dlpfc	AA	shared	expression_nearest_gene	chr17_58526904_58528107	chr17	58526904	58528107	Heritable	0.140056406451969	1	1	0	0	0.711523412704073	0.997818244032116	0.0700733563750902	-0.0700733563750902
all_individuals	dlpfc	AA	shared	expression_nearest_gene	chr17_58632478_58632696	chr17	58632478	58632696	Non-heritable	0.0818540294216739	1	1	0	0	0.851761163809634	0.997818244032116	0.0455824363724755	-0.0455824363724755
all_individuals	dlpfc	AA	shared	expression_nearest_gene	chr17_59234113_59234307	chr17	59234113	59234307	Heritable	0.127795010035903	1	1	0	0	0.569583594973943	0.997818244032116	0.0736795113858122	0.0736795113858122
all_individuals	dlpfc	AA	shared	expression_nearest_gene	chr17_5931563_5932113	chr17	5931563	5932113	Heritable	0.189439358797476	1	1	0	0	0.255444749058955	0.960660313945641	0.247815483525125	-0.247815483525125
all_individuals	dlpfc	AA	shared	expression_nearest_gene	chr17_60102156_60102551	chr17	60102156	60102551	Heritable	0.252737048318146	1	1	0	0	0.0164712466839662	0.440311669778036	0.133461628851972	-0.133461628851972
all_individuals	dlpfc	AA	shared	expression_nearest_gene	chr17_60141741_60142590	chr17	60141741	60142590	Heritable	0.209424973632649	1	1	0	0	0.115818948981967	0.885502111448744	0.203577444892055	0.203577444892055
all_individuals	dlpfc	AA	shared	expression_nearest_gene	chr17_6041383_6041466	chr17	6041383	6041466	Heritable	0.266476447498909	1	1	0	0	0.371850092242609	0.997818244032116	0.237740959838627	0.237740959838627
all_individuals	dlpfc	AA	shared	expression_nearest_gene	chr17_61366800_61367171	chr17	61366800	61367171	Non-heritable	0.0965153330186626	1	1	0	0	0.781019727319633	0.997818244032116	0.0296804765062255	-0.0296804765062255
all_individuals	dlpfc	AA	shared	expression_nearest_gene	chr17_62689169_62689472	chr17	62689169	62689472	Heritable	0.132241830334558	1	1	0	0	0.476371226902414	0.997818244032116	0.17804380885115	0.17804380885115
all_individuals	dlpfc	AA	shared	expression_nearest_gene	chr17_62705023_62706115	chr17	62705023	62706115	Heritable	0.152271316311856	1	1	0	0	0.94164236826075	0.997818244032116	0.015346969503204	-0.015346969503204
all_individuals	dlpfc	AA	shared	expression_nearest_gene	chr17_63437559_63438292	chr17	63437559	63438292	Heritable	0.1408786301162	1	1	1	1	2.00487885902609e-09	3.44117407363239e-07	1.40487184486496	-1.40487184486496
all_individuals	dlpfc	AA	shared	expression_nearest_gene	chr17_63742756_63742886	chr17	63742756	63742886	Heritable	0.23645177501991	1	1	0	0	0.59742165713916	0.997818244032116	0.126505936947244	0.126505936947244
all_individuals	dlpfc	AA	shared	expression_nearest_gene	chr17_64994717_64995547	chr17	64994717	64995547	Heritable	0.103264267618134	1	1	0	0	0.750013653181289	0.997818244032116	0.067592742471561	0.067592742471561
all_individuals	dlpfc	AA	shared	expression_nearest_gene	chr17_65594117_65594521	chr17	65594117	65594521	Heritable	0.191758629088072	1	1	0	0	0.859874367273258	0.997818244032116	0.0269500373876724	-0.0269500373876724
all_individuals	dlpfc	AA	shared	expression_nearest_gene	chr17_65902208_65902381	chr17	65902208	65902381	Non-heritable	0.077684432600657	1	1	0	0	0.879742088292943	0.997818244032116	0.0258256210218111	0.0258256210218111
all_individuals	dlpfc	AA	shared	expression_nearest_gene	chr17_6654790_6655677	chr17	6654790	6655677	Heritable	0.434864987142462	1	1	0	0	0.398768942305779	0.997818244032116	0.045388078647779	0.045388078647779
all_individuals	dlpfc	AA	shared	expression_nearest_gene	chr17_67022106_67022747	chr17	67022106	67022747	Heritable	0.100213252920975	1	1	0	0	0.943595049101556	0.997818244032116	0.0176813736389363	0.0176813736389363
all_individuals	dlpfc	AA	shared	expression_nearest_gene	chr17_67374817_67375083	chr17	67374817	67375083	Heritable	0.101851061820764	1	1	0	0	0.0240267977142507	0.536973900999218	0.283448996228695	-0.283448996228695
all_individuals	dlpfc	AA	shared	expression_nearest_gene	chr17_68228981_68229824	chr17	68228981	68229824	Heritable	0.119575675382378	1	1	0	0	0.289666328547851	0.983008463446871	0.172274131288219	-0.172274131288219
all_individuals	dlpfc	AA	shared	expression_nearest_gene	chr17_69325592_69325810	chr17	69325592	69325810	Heritable	0.117999309849123	1	1	0	0	0.266950668019507	0.972463717403515	0.242569977434545	-0.242569977434545
all_individuals	dlpfc	AA	shared	expression_nearest_gene	chr17_73166699_73168063	chr17	73166699	73168063	Heritable	0.120002295173282	1	1	0	0	0.283466214185054	0.980930262151665	0.366124291431369	-0.366124291431369
all_individuals	dlpfc	AA	shared	expression_nearest_gene	chr17_73262378_73262846	chr17	73262378	73262846	Non-heritable	0.0481621019693092	1	1	0	0	0.800389810079037	0.997818244032116	0.0221034213336808	0.0221034213336808
all_individuals	dlpfc	AA	shared	expression_nearest_gene	chr17_74214285_74215240	chr17	74214285	74215240	Heritable	0.109490619562939	1	1	0	0	0.895385967823488	0.997818244032116	0.0287956451534797	-0.0287956451534797
all_individuals	dlpfc	AA	shared	expression_nearest_gene	chr17_74433435_74434129	chr17	74433435	74434129	Heritable	0.100509924860255	1	1	0	0	0.509936351824731	0.997818244032116	0.0758372030102883	0.0758372030102883
all_individuals	dlpfc	AA	shared	expression_nearest_gene	chr17_74438688_74439634	chr17	74438688	74439634	Heritable	0.255133578541217	1	1	0	0	0.867657314681139	0.997818244032116	0.0194307058329707	-0.0194307058329707
all_individuals	dlpfc	AA	shared	expression_nearest_gene	chr17_74816722_74817223	chr17	74816722	74817223	Heritable	0.1095379195311	1	1	0	0	0.286638261813361	0.982732919677553	0.20886138400529	-0.20886138400529
all_individuals	dlpfc	AA	shared	expression_nearest_gene	chr17_74822222_74823101	chr17	74822222	74823101	Heritable	0.135768751739106	1	1	0	0	0.351938985966828	0.997818244032116	0.16633409684524	-0.16633409684524
all_individuals	dlpfc	AA	shared	expression_nearest_gene	chr17_74853535_74854367	chr17	74853535	74854367	Heritable	0.111070301041955	1	1	0	0	0.726102092636515	0.997818244032116	0.0992832469302982	-0.0992832469302982
all_individuals	dlpfc	AA	shared	expression_nearest_gene	chr17_74864097_74864389	chr17	74864097	74864389	Heritable	0.106740024205291	1	1	0	0	0.905073627660803	0.997818244032116	0.0308184023401328	0.0308184023401328
all_individuals	dlpfc	AA	shared	expression_nearest_gene	chr17_74992030_74993902	chr17	74992030	74993902	Heritable	0.159249683312223	1	1	0	0	0.90884772232511	0.997818244032116	0.024058829931036	0.024058829931036
all_individuals	dlpfc	AA	shared	expression_nearest_gene	chr17_75002799_75003147	chr17	75002799	75003147	Heritable	0.181232574436723	1	1	0	0	0.589789206019107	0.997818244032116	0.115955965403801	0.115955965403801
all_individuals	dlpfc	AA	shared	expression_nearest_gene	chr17_75004208_75004372	chr17	75004208	75004372	Heritable	0.105576268454596	1	1	0	0	0.540221645942531	0.997818244032116	0.144078411209861	0.144078411209861
all_individuals	dlpfc	AA	shared	expression_nearest_gene	chr17_75010641_75011429	chr17	75010641	75011429	Heritable	0.130455030144999	1	1	0	0	0.0618699291350627	0.806766213643171	0.372071647836764	0.372071647836764
all_individuals	dlpfc	AA	shared	expression_nearest_gene	chr17_75128612_75129254	chr17	75128612	75129254	Heritable	0.139074912182114	1	1	0	0	0.576804827970491	0.997818244032116	0.095035032404688	0.095035032404688
all_individuals	dlpfc	AA	shared	expression_nearest_gene	chr17_75130343_75130510	chr17	75130343	75130510	Heritable	0.110189926934857	1	1	0	0	0.697498890899799	0.997818244032116	0.108665067905083	0.108665067905083
all_individuals	dlpfc	AA	shared	expression_nearest_gene	chr17_75151943_75152829	chr17	75151943	75152829	Heritable	0.11647399226259	1	1	0	0	0.77152143003627	0.997818244032116	0.0568353455195663	0.0568353455195663
all_individuals	dlpfc	AA	shared	expression_nearest_gene	chr17_75557288_75557802	chr17	75557288	75557802	Heritable	0.12586668003534	1	1	0	0	0.363408964678727	0.997818244032116	0.282169750704188	0.282169750704188
all_individuals	dlpfc	AA	shared	expression_nearest_gene	chr17_75558442_75559409	chr17	75558442	75559409	Heritable	0.146056731894642	1	1	0	0	0.613641842066262	0.997818244032116	0.144164567278025	0.144164567278025
all_individuals	dlpfc	AA	shared	expression_nearest_gene	chr17_75646378_75646951	chr17	75646378	75646951	Heritable	0.131708151699962	1	1	0	0	0.260404155424275	0.966604005990972	0.177691247293193	-0.177691247293193
all_individuals	dlpfc	AA	shared	expression_nearest_gene	chr17_75851569_75851771	chr17	75851569	75851771	Heritable	0.104442967561272	1	1	0	0	0.481741110883232	0.997818244032116	0.132923495375366	-0.132923495375366
all_individuals	dlpfc	AA	shared	expression_nearest_gene	chr17_76282041_76282216	chr17	76282041	76282216	Non-heritable	0.0879143047668351	1	1	0	0	0.696009695281747	0.997818244032116	0.14462420547985	0.14462420547985
all_individuals	dlpfc	AA	shared	expression_nearest_gene	chr17_76498319_76498708	chr17	76498319	76498708	Heritable	0.106180437499225	1	1	0	0	0.123571030219579	0.885502111448744	0.587316662716738	0.587316662716738
all_individuals	dlpfc	AA	shared	expression_nearest_gene	chr17_76586745_76586902	chr17	76586745	76586902	Heritable	0.1919663574329	1	1	0	0	0.0161525155957685	0.435914744788946	0.522207603832122	-0.522207603832122
all_individuals	dlpfc	AA	shared	expression_nearest_gene	chr17_76709467_76709797	chr17	76709467	76709797	Heritable	0.281905127055742	1	1	0	0	0.00523463243451146	0.194267511495887	0.65319275432681	-0.65319275432681
all_individuals	dlpfc	AA	shared	expression_nearest_gene	chr17_77248674_77249039	chr17	77248674	77249039	Non-heritable	0.098488202343605	1	1	0	0	0.203560425866068	0.933202764306943	0.276041640850153	-0.276041640850153
all_individuals	dlpfc	AA	shared	expression_nearest_gene	chr17_77287212_77287718	chr17	77287212	77287718	Heritable	0.116428044093935	1	1	0	0	0.432631573651957	0.997818244032116	0.144065081103925	-0.144065081103925
all_individuals	dlpfc	AA	shared	expression_nearest_gene	chr17_77409610_77409992	chr17	77409610	77409992	Non-heritable	0.0940945498795436	1	1	0	0	0.648632098111832	0.997818244032116	0.000917071315069399	-0.000917071315069399
all_individuals	dlpfc	AA	shared	expression_nearest_gene	chr17_77416081_77417013	chr17	77416081	77417013	Heritable	0.671612878040067	1	1	0	0	0.355602868330672	0.997818244032116	0.00179353946520031	-0.00179353946520031
all_individuals	dlpfc	AA	shared	expression_nearest_gene	chr17_77458846_77459259	chr17	77458846	77459259	Non-heritable	0.0856445800777093	1	1	0	0	0.510090941548882	0.997818244032116	0.189297193338182	-0.189297193338182
all_individuals	dlpfc	AA	shared	expression_nearest_gene	chr17_77489714_77490191	chr17	77489714	77490191	Heritable	0.220174910689765	1	1	0	0	0.669150736583606	0.997818244032116	0.101335216374855	0.101335216374855
all_individuals	dlpfc	AA	shared	expression_nearest_gene	chr17_77736198_77736923	chr17	77736198	77736923	Heritable	0.10845650349454	1	1	0	0	0.0705176245557998	0.824498983566586	0.0855312858499774	-0.0855312858499774
all_individuals	dlpfc	AA	shared	expression_nearest_gene	chr17_78115255_78115521	chr17	78115255	78115521	Heritable	0.105320572496219	1	1	0	0	0.251393635228871	0.958038504795448	0.358144505581311	-0.358144505581311
all_individuals	dlpfc	AA	shared	expression_nearest_gene	chr17_78196754_78197336	chr17	78196754	78197336	Heritable	0.127695673269468	1	1	0	0	0.721852152915783	0.997818244032116	0.064931409335987	-0.064931409335987
all_individuals	dlpfc	AA	shared	expression_nearest_gene	chr17_78458269_78458365	chr17	78458269	78458365	Non-heritable	0.0886892189489193	1	1	0	0	0.289488332741099	0.983008463446871	0.310335557926448	-0.310335557926448
all_individuals	dlpfc	AA	shared	expression_nearest_gene	chr17_78874041_78874375	chr17	78874041	78874375	Heritable	0.127001381191867	1	1	0	0	0.538677983447694	0.997818244032116	0.110677890167175	0.110677890167175
all_individuals	dlpfc	AA	shared	expression_nearest_gene	chr17_79000416_79001239	chr17	79000416	79001239	Heritable	0.150254854674693	1	1	0	0	0.0988853169306389	0.863777747997786	0.262663787038225	0.262663787038225
all_individuals	dlpfc	AA	shared	expression_nearest_gene	chr17_79034110_79034413	chr17	79034110	79034413	Heritable	0.105595901220741	1	1	0	0	0.889150126174094	0.997818244032116	0.0424054122100417	-0.0424054122100417
all_individuals	dlpfc	AA	shared	expression_nearest_gene	chr17_79107661_79109025	chr17	79107661	79109025	Heritable	0.153829546687573	1	1	0	0	0.802058699323592	0.997818244032116	0.07222944394724	-0.07222944394724
all_individuals	dlpfc	AA	shared	expression_nearest_gene	chr17_79168706_79169133	chr17	79168706	79169133	Heritable	0.138385357121073	1	1	0	0	0.947808293843048	0.997818244032116	0.0198990689605871	-0.0198990689605871
all_individuals	dlpfc	AA	shared	expression_nearest_gene	chr17_79177924_79178052	chr17	79177924	79178052	Heritable	0.121678297208542	1	1	0	0	0.727087882235532	0.997818244032116	0.10152943981689	-0.10152943981689
all_individuals	dlpfc	AA	shared	expression_nearest_gene	chr17_79246567_79246901	chr17	79246567	79246901	Heritable	0.305904590990163	1	1	0	0	0.395841997282661	0.997818244032116	0.256403405121123	-0.256403405121123
all_individuals	dlpfc	AA	shared	expression_nearest_gene	chr17_79299900_79300246	chr17	79299900	79300246	Heritable	0.183722501002597	1	1	0	0	0.852298699420787	0.997818244032116	0.0543389570436954	0.0543389570436954
all_individuals	dlpfc	AA	shared	expression_nearest_gene	chr17_79368152_79368510	chr17	79368152	79368510	Heritable	0.104036403076552	1	1	0	0	0.915377887875017	0.997818244032116	0.0314880669487359	0.0314880669487359
all_individuals	dlpfc	AA	shared	expression_nearest_gene	chr17_79422420_79423452	chr17	79422420	79423452	Heritable	0.100597720635742	1	1	0	0	0.900972720302273	0.997818244032116	0.0383076460317184	-0.0383076460317184
all_individuals	dlpfc	AA	shared	expression_nearest_gene	chr17_79452918_79454475	chr17	79452918	79454475	Heritable	0.103364854601802	1	1	0	0	0.850889636540814	0.997818244032116	0.0548360554997451	0.0548360554997451
all_individuals	dlpfc	AA	shared	expression_nearest_gene	chr17_79455091_79455521	chr17	79455091	79455521	Heritable	0.237814834596317	1	1	0	0	0.778685297729779	0.997818244032116	0.0822642072537214	0.0822642072537214
all_individuals	dlpfc	AA	shared	expression_nearest_gene	chr17_79464187_79464443	chr17	79464187	79464443	Heritable	0.141680151784259	1	1	0	0	0.707215357376344	0.997818244032116	0.102187224521256	-0.102187224521256
all_individuals	dlpfc	AA	shared	expression_nearest_gene	chr17_79509012_79511739	chr17	79509012	79511739	Heritable	0.115332726892635	1	1	0	0	0.884460395520612	0.997818244032116	0.0408748023382284	-0.0408748023382284
all_individuals	dlpfc	AA	shared	expression_nearest_gene	chr17_79515125_79515787	chr17	79515125	79515787	Heritable	0.144713506087599	1	1	0	0	0.96750391177398	0.997818244032116	0.011793243617106	0.011793243617106
all_individuals	dlpfc	AA	shared	expression_nearest_gene	chr17_79516932_79517721	chr17	79516932	79517721	Heritable	0.13256690252013	1	1	0	0	0.990096926265492	0.998473774525318	0.00369314948738619	-0.00369314948738619
all_individuals	dlpfc	AA	shared	expression_nearest_gene	chr17_79525969_79526590	chr17	79525969	79526590	Heritable	0.142165373381042	1	1	0	0	0.810129882852938	0.997818244032116	0.0730392616895923	-0.0730392616895923
all_individuals	dlpfc	AA	shared	expression_nearest_gene	chr17_79548213_79549348	chr17	79548213	79549348	Heritable	0.109950600578055	1	1	0	0	0.960084739348631	0.997818244032116	0.0148169461909777	-0.0148169461909777
all_individuals	dlpfc	AA	shared	expression_nearest_gene	chr17_79594078_79594324	chr17	79594078	79594324	Heritable	0.115728388200463	1	1	0	0	0.939473291511757	0.997818244032116	0.0236880852873776	-0.0236880852873776
all_individuals	dlpfc	AA	shared	expression_nearest_gene	chr17_79611788_79612327	chr17	79611788	79612327	Heritable	0.119511196499281	1	1	0	0	0.952008646213686	0.997818244032116	0.01742303805755	0.01742303805755
all_individuals	dlpfc	AA	shared	expression_nearest_gene	chr17_79706796_79707435	chr17	79706796	79707435	Non-heritable	0.0942790908540512	1	1	0	0	0.267339465266061	0.972463717403515	0.0265071660133806	0.0265071660133806
all_individuals	dlpfc	AA	shared	expression_nearest_gene	chr17_79981234_79981582	chr17	79981234	79981582	Heritable	0.114619771701267	1	1	0	0	0.890341107564347	0.997818244032116	0.0308476929413573	-0.0308476929413573
all_individuals	dlpfc	AA	shared	expression_nearest_gene	chr17_80277868_80278243	chr17	80277868	80278243	Heritable	0.248372293781556	1	1	0	0	0.18788317318404	0.920956452447216	0.291643666585721	-0.291643666585721
all_individuals	dlpfc	AA	shared	expression_nearest_gene	chr17_80473132_80473936	chr17	80473132	80473936	Heritable	0.112020216277292	1	1	0	0	0.658621361933878	0.997818244032116	0.0947581780627029	-0.0947581780627029
all_individuals	dlpfc	AA	shared	expression_nearest_gene	chr17_80586674_80587124	chr17	80586674	80587124	Non-heritable	0.0931133164301579	1	1	0	0	0.636667593463256	0.997818244032116	0.0923397940042388	0.0923397940042388
all_individuals	dlpfc	AA	shared	expression_nearest_gene	chr17_80696439_80697190	chr17	80696439	80697190	Heritable	0.201592653670949	1	1	0	0	0.939954788372327	0.997818244032116	0.0152890176402778	-0.0152890176402778
all_individuals	dlpfc	AA	shared	expression_nearest_gene	chr17_80800464_80800923	chr17	80800464	80800923	Heritable	0.110337784778898	1	1	0	0	0.446350547628875	0.997818244032116	0.146171079390147	-0.146171079390147
all_individuals	dlpfc	AA	shared	expression_nearest_gene	chr17_80843755_80844245	chr17	80843755	80844245	Heritable	0.109167073570065	1	1	0	0	0.822850272145331	0.997818244032116	0.0442630330485372	0.0442630330485372
all_individuals	dlpfc	AA	shared	expression_nearest_gene	chr17_80846394_80846502	chr17	80846394	80846502	Non-heritable	0.0966541774100904	1	1	0	0	0.800108830444192	0.997818244032116	0.0477392883669801	-0.0477392883669801
all_individuals	dlpfc	AA	shared	expression_nearest_gene	chr17_81122984_81123826	chr17	81122984	81123826	Non-heritable	0.0867519798541938	1	1	0	0	0.933864288699687	0.997818244032116	0.0171365104271359	0.0171365104271359
all_individuals	dlpfc	AA	shared	expression_nearest_gene	chr17_81128198_81129169	chr17	81128198	81129169	Heritable	0.110227770665276	1	1	0	0	0.856218679439191	0.997818244032116	0.0418891897019691	-0.0418891897019691
all_individuals	dlpfc	AA	shared	expression_nearest_gene	chr17_81139441_81139852	chr17	81139441	81139852	Heritable	0.117558401642556	1	1	0	0	0.359797064675002	0.997818244032116	0.190374092220679	0.190374092220679
all_individuals	dlpfc	AA	shared	expression_nearest_gene	chr17_81158104_81158552	chr17	81158104	81158552	Heritable	0.261977774605525	1	1	0	0	0.476658422745005	0.997818244032116	0.172336613168629	0.172336613168629
all_individuals	dlpfc	AA	shared	expression_nearest_gene	chr17_81991658_81992144	chr17	81991658	81992144	Heritable	0.134828254900221	1	1	0	0	0.509433937116278	0.997818244032116	0.147741501038311	-0.147741501038311
all_individuals	dlpfc	AA	shared	expression_nearest_gene	chr17_82029257_82030252	chr17	82029257	82030252	Heritable	0.121145032535283	1	1	0	0	0.459558921446506	0.997818244032116	0.163193731459989	-0.163193731459989
all_individuals	dlpfc	AA	shared	expression_nearest_gene	chr17_82444504_82444980	chr17	82444504	82444980	Heritable	0.105801232047561	1	1	0	0	0.740883572520075	0.997818244032116	0.0743597690152384	-0.0743597690152384
all_individuals	dlpfc	AA	shared	expression_nearest_gene	chr17_82600632_82600891	chr17	82600632	82600891	Heritable	0.121114858079039	1	1	0	0	0.520149037540481	0.997818244032116	0.0879774457482156	-0.0879774457482156
all_individuals	dlpfc	AA	shared	expression_nearest_gene	chr17_82736490_82736762	chr17	82736490	82736762	Heritable	0.132760932940256	1	1	0	0	0.751479274564141	0.997818244032116	0.0738627143948349	0.0738627143948349
all_individuals	dlpfc	AA	shared	expression_nearest_gene	chr17_82750644_82750790	chr17	82750644	82750790	Heritable	0.402899470265677	1	1	0	0	0.0726675585678807	0.825169211627768	0.338807766212487	0.338807766212487
all_individuals	dlpfc	AA	shared	expression_nearest_gene	chr17_82765438_82765577	chr17	82765438	82765577	Heritable	0.14714256021496	1	1	0	0	0.985195171999703	0.997818244032116	0.00414625586532935	-0.00414625586532935
all_individuals	dlpfc	AA	shared	expression_nearest_gene	chr17_82831827_82832217	chr17	82831827	82832217	Heritable	0.164387316405161	1	1	0	0	0.444650681994644	0.997818244032116	0.0286556868328028	0.0286556868328028
all_individuals	dlpfc	AA	shared	expression_nearest_gene	chr17_82894837_82895186	chr17	82894837	82895186	Heritable	0.122623776773599	1	1	0	0	0.435019469447525	0.997818244032116	0.0304870439965655	0.0304870439965655
all_individuals	dlpfc	AA	shared	expression_nearest_gene	chr17_82957168_82957785	chr17	82957168	82957785	Heritable	0.146925488595969	1	1	0	0	0.416804056887254	0.997818244032116	0.026768461025033	0.026768461025033
all_individuals	dlpfc	AA	shared	expression_nearest_gene	chr17_82963296_82963752	chr17	82963296	82963752	Heritable	0.261321706896056	1	1	0	0	0.251930346809954	0.958038504795448	0.0445143493766416	-0.0445143493766416
all_individuals	dlpfc	AA	shared	expression_nearest_gene	chr17_8347238_8347577	chr17	8347238	8347577	Heritable	0.105559317560973	1	1	0	0	0.398648182559491	0.997818244032116	0.00193706261848657	-0.00193706261848657
all_individuals	dlpfc	AA	shared	expression_nearest_gene	chr17_9088754_9089000	chr17	9088754	9089000	Heritable	0.104940742158146	1	1	0	0	0.443067225455357	0.997818244032116	0.248767422512344	0.248767422512344
all_individuals	dlpfc	AA	shared	expression_nearest_gene	chr17_9104750_9105059	chr17	9104750	9105059	Heritable	0.14252515690447	1	1	0	0	0.30238107853349	0.985760877676827	0.330668058838842	0.330668058838842
all_individuals	dlpfc	AA	shared	expression_nearest_gene	chr18_10705359_10705691	chr18	10705359	10705691	Non-heritable	0.0735284505885021	1	1	0	0	0.208094464665308	0.934398228366064	0.41947107432387	0.41947107432387
all_individuals	dlpfc	AA	shared	expression_nearest_gene	chr18_12036404_12037098	chr18	12036404	12037098	Heritable	0.321326403413863	1	1	0	0	0.0177809738409202	0.462413083341749	0.594298574767047	0.594298574767047
all_individuals	dlpfc	AA	shared	expression_nearest_gene	chr18_12076311_12076901	chr18	12076311	12076901	Heritable	0.161834085325204	1	1	0	0	0.758486930071251	0.997818244032116	0.107050560507928	-0.107050560507928
all_individuals	dlpfc	AA	shared	expression_nearest_gene	chr18_12455572_12455822	chr18	12455572	12455822	Heritable	0.118715252655232	1	1	0	0	0.654706574156849	0.997818244032116	0.0326559357883518	-0.0326559357883518
all_individuals	dlpfc	AA	shared	expression_nearest_gene	chr18_13219315_13220891	chr18	13219315	13220891	Non-heritable	0.0773981683676345	1	1	0	0	0.416444615573727	0.997818244032116	0.132136802446723	-0.132136802446723
all_individuals	dlpfc	AA	shared	expression_nearest_gene	chr18_13500237_13500670	chr18	13500237	13500670	Heritable	0.142144787229356	1	1	0	0	0.394525087992104	0.997818244032116	0.1217107463892	-0.1217107463892
all_individuals	dlpfc	AA	shared	expression_nearest_gene	chr18_13565017_13566188	chr18	13565017	13566188	Heritable	0.1493080459033	1	1	0	0	0.781892420383234	0.997818244032116	0.0407723565959941	-0.0407723565959941
all_individuals	dlpfc	AA	shared	expression_nearest_gene	chr18_13612933_13615659	chr18	13612933	13615659	Heritable	0.125112999876889	1	1	0	0	0.906036229283705	0.997818244032116	0.0184168753630942	-0.0184168753630942
all_individuals	dlpfc	AA	shared	expression_nearest_gene	chr18_13623897_13624500	chr18	13623897	13624500	Heritable	0.13641411558091	1	1	0	0	0.455193902583277	0.997818244032116	0.110053237777308	-0.110053237777308
all_individuals	dlpfc	AA	shared	expression_nearest_gene	chr18_23137299_23137473	chr18	23137299	23137473	Heritable	0.15598841279366	1	1	0	0	0.071379546157702	0.824718295520025	0.467121854414756	0.467121854414756
all_individuals	dlpfc	AA	shared	expression_nearest_gene	chr18_24632060_24632834	chr18	24632060	24632834	Heritable	0.126994982221045	1	1	0	0	0.107311970649861	0.878770355073577	0.578444833264601	-0.578444833264601
all_individuals	dlpfc	AA	shared	expression_nearest_gene	chr18_25223349_25224716	chr18	25223349	25224716	Heritable	0.139347681489966	1	1	0	0	0.52293478309391	0.997818244032116	0.109958023237887	0.109958023237887
all_individuals	dlpfc	AA	shared	expression_nearest_gene	chr18_31683318_31683842	chr18	31683318	31683842	Heritable	0.106611650331457	1	1	0	0	0.77526465917168	0.997818244032116	0.0465693710121711	0.0465693710121711
all_individuals	dlpfc	AA	shared	expression_nearest_gene	chr18_32270332_32270570	chr18	32270332	32270570	Heritable	0.11862415747615	1	1	0	0	0.827313115773501	0.997818244032116	0.0472988476015495	-0.0472988476015495
all_individuals	dlpfc	AA	shared	expression_nearest_gene	chr18_33201249_33202639	chr18	33201249	33202639	Heritable	0.12413788136374	1	1	0	0	0.938610404833597	0.997818244032116	0.0219311001796108	0.0219311001796108
all_individuals	dlpfc	AA	shared	expression_nearest_gene	chr18_3360166_3360529	chr18	3360166	3360529	Heritable	0.102198700806128	1	1	0	0	0.430452110990132	0.997818244032116	0.0157755616462959	0.0157755616462959
all_individuals	dlpfc	AA	shared	expression_nearest_gene	chr18_33819526_33820903	chr18	33819526	33820903	Heritable	0.19220974645023	1	1	0	0	0.062645307748811	0.809671733584782	0.127190057503631	0.127190057503631
all_individuals	dlpfc	AA	shared	expression_nearest_gene	chr18_34219793_34220041	chr18	34219793	34220041	Heritable	0.102110578083476	1	1	0	0	0.914170136200241	0.997818244032116	0.01554993673113	0.01554993673113
all_individuals	dlpfc	AA	shared	expression_nearest_gene	chr18_34611849_34612714	chr18	34611849	34612714	Heritable	0.187128684622273	1	1	0	0	0.807240188326312	0.997818244032116	0.0418043851740002	0.0418043851740002
all_individuals	dlpfc	AA	shared	expression_nearest_gene	chr18_3604909_3605816	chr18	3604909	3605816	Non-heritable	0.0720661957457791	1	1	0	0	0.7514023319929	0.997818244032116	0.0544109145409522	-0.0544109145409522
all_individuals	dlpfc	AA	shared	expression_nearest_gene	chr18_39800091_39800367	chr18	39800091	39800367	Heritable	0.275424087786566	1	1	0	0	0.755484949253162	0.997818244032116	0.0878346300594375	-0.0878346300594375
all_individuals	dlpfc	AA	shared	expression_nearest_gene	chr18_42107609_42108443	chr18	42107609	42108443	Heritable	0.186816597642852	1	1	0	0	0.859792038189768	0.997818244032116	0.0215778529317454	-0.0215778529317454
all_individuals	dlpfc	AA	shared	expression_nearest_gene	chr18_43353911_43355809	chr18	43353911	43355809	Heritable	0.175919452399402	1	1	0	0	0.468959486097305	0.997818244032116	0.139849426463016	0.139849426463016
all_individuals	dlpfc	AA	shared	expression_nearest_gene	chr18_46336499_46337281	chr18	46336499	46337281	Heritable	0.127122805874674	1	1	0	0	0.914836255839803	0.997818244032116	0.0282211503539909	-0.0282211503539909
all_individuals	dlpfc	AA	shared	expression_nearest_gene	chr18_48576073_48576558	chr18	48576073	48576558	Heritable	0.145207192687821	1	1	0	0	0.568264504824764	0.997818244032116	0.14561515344495	-0.14561515344495
all_individuals	dlpfc	AA	shared	expression_nearest_gene	chr18_48753892_48754209	chr18	48753892	48754209	Heritable	0.11255796739835	1	1	0	0	0.673671725457161	0.997818244032116	0.055748783925738	0.055748783925738
all_individuals	dlpfc	AA	shared	expression_nearest_gene	chr18_48798356_48798930	chr18	48798356	48798930	Heritable	0.134662404879878	1	1	0	0	0.879499439178499	0.997818244032116	0.0201816270985624	0.0201816270985624
all_individuals	dlpfc	AA	shared	expression_nearest_gene	chr18_48827398_48827806	chr18	48827398	48827806	Heritable	0.128322338839351	1	1	0	0	0.342067299627883	0.997818244032116	0.12817713626395	-0.12817713626395
all_individuals	dlpfc	AA	shared	expression_nearest_gene	chr18_48847894_48848615	chr18	48847894	48848615	Heritable	0.102464463384318	1	1	0	0	0.642503453386708	0.997818244032116	0.056896651209799	0.056896651209799
all_individuals	dlpfc	AA	shared	expression_nearest_gene	chr18_48920718_48921427	chr18	48920718	48921427	Heritable	0.123803784174177	1	1	0	0	0.742361809909005	0.997818244032116	0.0409782136803827	0.0409782136803827
all_individuals	dlpfc	AA	shared	expression_nearest_gene	chr18_48942247_48942844	chr18	48942247	48942844	Heritable	0.112445240370587	1	1	0	0	0.852180431978841	0.997818244032116	0.0244183799355646	-0.0244183799355646
all_individuals	dlpfc	AA	shared	expression_nearest_gene	chr18_49368618_49369110	chr18	49368618	49369110	Heritable	0.110060214499357	1	1	0	0	0.912228282041127	0.997818244032116	0.0103718891801599	-0.0103718891801599
all_individuals	dlpfc	AA	shared	expression_nearest_gene	chr18_49493214_49493978	chr18	49493214	49493978	Heritable	0.516412900729971	1	1	0	0	0.727232785285733	0.997818244032116	0.0486998769060207	0.0486998769060207
all_individuals	dlpfc	AA	shared	expression_nearest_gene	chr18_49862733_49863322	chr18	49862733	49863322	Heritable	0.141845131002541	1	1	0	0	0.204288655740158	0.934398228366064	0.33395672420842	-0.33395672420842
all_individuals	dlpfc	AA	shared	expression_nearest_gene	chr18_50727562_50728420	chr18	50727562	50728420	Non-heritable	0.0896205331176559	1	1	0	0	0.0922197430596669	0.85471572074262	0.403416191422367	0.403416191422367
all_individuals	dlpfc	AA	shared	expression_nearest_gene	chr18_51028305_51029346	chr18	51028305	51029346	Heritable	0.108158643245005	1	1	0	0	0.485278561609632	0.997818244032116	0.157590862064076	-0.157590862064076
all_individuals	dlpfc	AA	shared	expression_nearest_gene	chr18_5419249_5420275	chr18	5419249	5420275	Heritable	0.114449272697314	1	1	0	0	0.497352267193858	0.997818244032116	0.109662948868277	-0.109662948868277
all_individuals	dlpfc	AA	shared	expression_nearest_gene	chr18_55404238_55405237	chr18	55404238	55405237	Heritable	0.108911463225032	1	1	0	0	0.511717261774688	0.997818244032116	0.060857362580844	-0.060857362580844
all_individuals	dlpfc	AA	shared	expression_nearest_gene	chr18_57441756_57442022	chr18	57441756	57442022	Heritable	0.136441957178599	1	1	0	0	0.897795850245372	0.997818244032116	0.0696593396938807	-0.0696593396938807
all_individuals	dlpfc	AA	shared	expression_nearest_gene	chr18_58058872_58059348	chr18	58058872	58059348	Heritable	0.669418107304812	1	1	0	0	0.171682805633579	0.911713995663319	0.186531405472016	0.186531405472016
all_individuals	dlpfc	AA	shared	expression_nearest_gene	chr18_58402107_58402615	chr18	58402107	58402615	Heritable	0.683791816071735	1	1	0	0	0.0073616580162454	0.250705353553246	0.331328017019104	0.331328017019104
all_individuals	dlpfc	AA	shared	expression_nearest_gene	chr18_58481498_58481907	chr18	58481498	58481907	Heritable	0.110419515200943	1	1	0	0	0.00978116628755974	0.304137569129847	0.456591486520934	-0.456591486520934
all_individuals	dlpfc	AA	shared	expression_nearest_gene	chr18_58769411_58769794	chr18	58769411	58769794	Heritable	0.269810419071253	1	1	0	0	0.651782145522507	0.997818244032116	0.0743032762026346	-0.0743032762026346
all_individuals	dlpfc	AA	shared	expression_nearest_gene	chr18_58880443_58881410	chr18	58880443	58881410	Heritable	0.18851262262385	1	1	0	0	0.00911437843585435	0.294058630588353	0.281750519067582	0.281750519067582
all_individuals	dlpfc	AA	shared	expression_nearest_gene	chr18_58898256_58898694	chr18	58898256	58898694	Heritable	0.10770567313792	1	1	0	0	0.325207850223723	0.995340146440797	0.128884822686977	0.128884822686977
all_individuals	dlpfc	AA	shared	expression_nearest_gene	chr18_59714576_59715079	chr18	59714576	59715079	Heritable	0.13670650238954	1	1	0	0	0.698645289509948	0.997818244032116	0.236718954869787	0.236718954869787
all_individuals	dlpfc	AA	shared	expression_nearest_gene	chr18_59969330_59969940	chr18	59969330	59969940	Heritable	0.112602799902181	1	1	0	0	0.508180042813381	0.997818244032116	0.207350600370174	-0.207350600370174
all_individuals	dlpfc	AA	shared	expression_nearest_gene	chr18_61335929_61337665	chr18	61335929	61337665	Heritable	0.139441903413892	1	1	0	0	0.318986597113439	0.989711849756881	0.148007852036475	-0.148007852036475
all_individuals	dlpfc	AA	shared	expression_nearest_gene	chr18_61891364_61892363	chr18	61891364	61892363	Heritable	0.100199464117093	1	1	0	0	0.102265101825795	0.868906406217649	0.350662887303148	-0.350662887303148
all_individuals	dlpfc	AA	shared	expression_nearest_gene	chr18_62186033_62186142	chr18	62186033	62186142	Heritable	0.172423704871503	1	1	0	0	0.059004585481495	0.795132929405016	0.296675116871317	0.296675116871317
all_individuals	dlpfc	AA	shared	expression_nearest_gene	chr18_62719439_62722614	chr18	62719439	62722614	Heritable	0.144669529276126	1	1	0	0	0.681493579168036	0.997818244032116	0.058392864964727	-0.058392864964727
all_individuals	dlpfc	AA	shared	expression_nearest_gene	chr18_62758971_62760422	chr18	62758971	62760422	Heritable	0.111997120990388	1	1	0	0	0.359014110653675	0.997818244032116	0.150636079920098	-0.150636079920098
all_individuals	dlpfc	AA	shared	expression_nearest_gene	chr18_62790191_62791144	chr18	62790191	62791144	Heritable	0.118384807496183	1	1	0	0	0.610250450335054	0.997818244032116	0.0778955042031413	-0.0778955042031413
all_individuals	dlpfc	AA	shared	expression_nearest_gene	chr18_62975127_62976071	chr18	62975127	62976071	Heritable	0.164292004103676	1	1	0	0	0.115790821547289	0.885502111448744	0.254784603864778	-0.254784603864778
all_individuals	dlpfc	AA	shared	expression_nearest_gene	chr18_62979346_62980187	chr18	62979346	62980187	Heritable	0.114557305609235	1	1	0	0	0.367890154758674	0.997818244032116	0.133092697658519	-0.133092697658519
all_individuals	dlpfc	AA	shared	expression_nearest_gene	chr18_74282097_74282613	chr18	74282097	74282613	Heritable	0.103535272174637	1	1	0	0	0.829135755091482	0.997818244032116	0.0460406900848867	-0.0460406900848867
all_individuals	dlpfc	AA	shared	expression_nearest_gene	chr18_74454424_74454861	chr18	74454424	74454861	Heritable	0.126379269451304	1	1	0	0	0.436870639043431	0.997818244032116	0.181704983627945	-0.181704983627945
all_individuals	dlpfc	AA	shared	expression_nearest_gene	chr18_74458368_74458658	chr18	74458368	74458658	Heritable	0.126743915608669	1	1	0	0	0.412627511156864	0.997818244032116	0.179569044441763	-0.179569044441763
all_individuals	dlpfc	AA	shared	expression_nearest_gene	chr18_74499696_74500566	chr18	74499696	74500566	Heritable	0.236117493508279	1	1	0	0	0.00247640140560982	0.103167363412347	0.539623787042899	-0.539623787042899
all_individuals	dlpfc	AA	shared	expression_nearest_gene	chr18_74512034_74513015	chr18	74512034	74513015	Heritable	0.10802170095472	1	1	0	0	0.612456682942254	0.997818244032116	0.0855533407506997	-0.0855533407506997
all_individuals	dlpfc	AA	shared	expression_nearest_gene	chr18_74541578_74541881	chr18	74541578	74541881	Heritable	0.124061000229095	1	1	0	0	0.0158811510011337	0.431303917378889	0.986678929908372	-0.986678929908372
all_individuals	dlpfc	AA	shared	expression_nearest_gene	chr18_7459570_7460085	chr18	7459570	7460085	Heritable	0.110200146670556	1	1	0	0	0.773687648743997	0.997818244032116	0.0227870392416074	0.0227870392416074
all_individuals	dlpfc	AA	shared	expression_nearest_gene	chr18_75167944_75168474	chr18	75167944	75168474	Heritable	0.105636887353274	1	1	0	0	0.983695988863095	0.997818244032116	0.00298986334782114	-0.00298986334782114
all_individuals	dlpfc	AA	shared	expression_nearest_gene	chr18_76459504_76460126	chr18	76459504	76460126	Heritable	0.135482684346435	1	1	0	0	0.0787961391602543	0.830141710561625	0.339349565200823	0.339349565200823
all_individuals	dlpfc	AA	shared	expression_nearest_gene	chr18_76977179_76977543	chr18	76977179	76977543	Heritable	0.1012017967988	1	1	0	0	0.576091187923538	0.997818244032116	0.198281274430329	0.198281274430329
all_individuals	dlpfc	AA	shared	expression_nearest_gene	chr18_77007655_77017595	chr18	77007655	77017595	Heritable	0.125007536744322	1	1	0	0	0.951083628143517	0.997818244032116	0.0200285123250126	0.0200285123250126
all_individuals	dlpfc	AA	shared	expression_nearest_gene	chr18_77058249_77058521	chr18	77058249	77058521	Heritable	0.136281752828428	1	1	0	0	0.816278904966418	0.997818244032116	0.0903085780861619	0.0903085780861619
all_individuals	dlpfc	AA	shared	expression_nearest_gene	chr18_77777142_77777586	chr18	77777142	77777586	Heritable	0.101116491517705	1	1	0	0	0.451790430485018	0.997818244032116	0.0114791326140706	0.0114791326140706
all_individuals	dlpfc	AA	shared	expression_nearest_gene	chr18_78229136_78229286	chr18	78229136	78229286	Non-heritable	0.0947133880010956	1	1	0	0	0.142728470528255	0.886987978379458	0.0222764798390478	-0.0222764798390478
all_individuals	dlpfc	AA	shared	expression_nearest_gene	chr18_79218086_79218873	chr18	79218086	79218873	Heritable	0.109772029421541	1	1	0	0	0.415400028391086	0.997818244032116	0.11249380037485	0.11249380037485
all_individuals	dlpfc	AA	shared	expression_nearest_gene	chr18_79245924_79246000	chr18	79245924	79246000	Heritable	0.199058625828647	1	1	0	0	0.347817571974249	0.997818244032116	0.123153122243949	0.123153122243949
all_individuals	dlpfc	AA	shared	expression_nearest_gene	chr18_79323459_79323985	chr18	79323459	79323985	Heritable	0.107528167600127	1	1	0	0	0.0763828683194394	0.830141710561625	0.21248828228449	0.21248828228449
all_individuals	dlpfc	AA	shared	expression_nearest_gene	chr18_79353101_79353299	chr18	79353101	79353299	Non-heritable	0.0791836001342159	1	1	0	0	0.307243312797428	0.985760877676827	0.145548009985056	0.145548009985056
all_individuals	dlpfc	AA	shared	expression_nearest_gene	chr18_79406767_79407042	chr18	79406767	79407042	Non-heritable	0.0839274106218254	1	1	0	0	0.994272391986754	0.999523316452554	0.00173484953539393	-0.00173484953539393
all_individuals	dlpfc	AA	shared	expression_nearest_gene	chr18_79434599_79434964	chr18	79434599	79434964	Non-heritable	0.0791437029756891	1	1	0	0	0.916302665525658	0.997818244032116	0.0241800429171217	0.0241800429171217
all_individuals	dlpfc	AA	shared	expression_nearest_gene	chr18_79496423_79496723	chr18	79496423	79496723	Non-heritable	0.0580737515207849	1	1	0	0	0.748405647343838	0.997818244032116	0.0828964710315616	0.0828964710315616
all_individuals	dlpfc	AA	shared	expression_nearest_gene	chr18_79546807_79547923	chr18	79546807	79547923	Heritable	0.50345026391804	1	1	0	0	0.408181429526669	0.997818244032116	0.148122547336518	-0.148122547336518
all_individuals	dlpfc	AA	shared	expression_nearest_gene	chr18_79560327_79560585	chr18	79560327	79560585	Non-heritable	0.0844823666312395	1	1	0	0	0.477758443264572	0.997818244032116	0.160417403305766	0.160417403305766
all_individuals	dlpfc	AA	shared	expression_nearest_gene	chr18_79616711_79617687	chr18	79616711	79617687	Heritable	0.119165289889567	1	1	0	0	0.943905333758593	0.997818244032116	0.0130231157724208	-0.0130231157724208
all_individuals	dlpfc	AA	shared	expression_nearest_gene	chr18_79638198_79638772	chr18	79638198	79638772	Heritable	0.112066493080109	1	1	0	0	0.572682645605169	0.997818244032116	0.112983170452376	-0.112983170452376
all_individuals	dlpfc	AA	shared	expression_nearest_gene	chr18_79784542_79785080	chr18	79784542	79785080	Non-heritable	0.0536585636736478	1	1	0	0	0.953053371660003	0.997818244032116	0.0103289206332847	-0.0103289206332847
all_individuals	dlpfc	AA	shared	expression_nearest_gene	chr18_79877936_79878072	chr18	79877936	79878072	Non-heritable	0.0812044377114279	1	1	0	0	0.977581522858614	0.997818244032116	0.0048684666792207	-0.0048684666792207
all_individuals	dlpfc	AA	shared	expression_nearest_gene	chr18_80035557_80035674	chr18	80035557	80035674	Heritable	0.112292799907456	1	1	0	0	0.372539092435777	0.997818244032116	0.144824886033817	0.144824886033817
all_individuals	dlpfc	AA	shared	expression_nearest_gene	chr18_80147168_80147949	chr18	80147168	80147949	Heritable	0.126559160912778	1	1	0	0	0.824705951626999	0.997818244032116	0.023695473089127	0.023695473089127
all_individuals	dlpfc	AA	shared	expression_nearest_gene	chr18_8707775_8710219	chr18	8707775	8710219	Non-heritable	0.0941403793205752	1	1	0	0	0.808824946627801	0.997818244032116	0.0493367982919155	-0.0493367982919155
all_individuals	dlpfc	AA	shared	expression_nearest_gene	chr18_8730071_8730758	chr18	8730071	8730758	Heritable	0.107151752274599	1	1	0	0	0.779968375650036	0.997818244032116	0.0568864280283954	-0.0568864280283954
all_individuals	dlpfc	AA	shared	expression_nearest_gene	chr18_8742625_8747397	chr18	8742625	8747397	Non-heritable	0.0964668720043194	1	1	0	0	0.993360563031638	0.999523316452554	0.00183926717132721	-0.00183926717132721
all_individuals	dlpfc	AA	shared	expression_nearest_gene	chr18_8781703_8783740	chr18	8781703	8783740	Non-heritable	0.0937914863125045	1	1	0	0	0.997648962289681	0.999682970775125	0.000648683892913837	0.000648683892913837
all_individuals	dlpfc	AA	shared	expression_nearest_gene	chr18_8786160_8788340	chr18	8786160	8788340	Non-heritable	0.0857932472733198	1	1	0	0	0.712071989136661	0.997818244032116	0.081153023462484	-0.081153023462484
all_individuals	dlpfc	AA	shared	expression_nearest_gene	chr18_8808227_8809723	chr18	8808227	8809723	Heritable	0.137916803826171	1	1	0	0	0.719900138329956	0.997818244032116	0.0831700769743549	-0.0831700769743549
all_individuals	dlpfc	AA	shared	expression_nearest_gene	chr18_9102740_9102871	chr18	9102740	9102871	Heritable	0.101822971372544	1	1	0	0	0.778735422909829	0.997818244032116	0.0364347645106786	-0.0364347645106786
all_individuals	dlpfc	AA	shared	expression_nearest_gene	chr18_9417131_9417747	chr18	9417131	9417747	Non-heritable	0.0824326681380337	1	1	0	0	0.777479328710766	0.997818244032116	0.0655401827539137	0.0655401827539137
all_individuals	dlpfc	AA	shared	expression_nearest_gene	chr18_9535419_9536021	chr18	9535419	9536021	Non-heritable	0.099824238674677	1	1	0	0	0.892010524639963	0.997818244032116	0.0154854784247078	-0.0154854784247078
all_individuals	dlpfc	AA	shared	expression_nearest_gene	chr19_1077637_1077898	chr19	1077637	1077898	Heritable	0.102227670331248	1	1	0	0	0.155123113405929	0.90562350969366	0.486538297219241	-0.486538297219241
all_individuals	dlpfc	AA	shared	expression_nearest_gene	chr19_10796532_10797155	chr19	10796532	10797155	Non-heritable	0.0597028004246674	1	1	0	0	0.636731676183071	0.997818244032116	0.0617697723693871	0.0617697723693871
all_individuals	dlpfc	AA	shared	expression_nearest_gene	chr19_10948495_10948665	chr19	10948495	10948665	Heritable	0.121471587494262	1	1	0	0	0.656339808338206	0.997818244032116	0.0958330157495535	0.0958330157495535
all_individuals	dlpfc	AA	shared	expression_nearest_gene	chr19_11174246_11174655	chr19	11174246	11174655	Non-heritable	0.0836240203879778	1	1	0	0	0.997229361389834	0.999682970775125	0.000952466924172057	-0.000952466924172057
all_individuals	dlpfc	AA	shared	expression_nearest_gene	chr19_11494636_11495645	chr19	11494636	11495645	Non-heritable	0.0843987637142916	1	1	0	0	0.386898932805194	0.997818244032116	0.0448097190034783	0.0448097190034783
all_individuals	dlpfc	AA	shared	expression_nearest_gene	chr19_1207324_1208161	chr19	1207324	1208161	Non-heritable	0.0809059895522248	1	1	0	0	0.612073759930668	0.997818244032116	0.0927748409770714	0.0927748409770714
all_individuals	dlpfc	AA	shared	expression_nearest_gene	chr19_1213811_1214634	chr19	1213811	1214634	Heritable	0.114077769742618	1	1	0	0	0.576908968371329	0.997818244032116	0.107773250434573	0.107773250434573
all_individuals	dlpfc	AA	shared	expression_nearest_gene	chr19_12660905_12661372	chr19	12660905	12661372	Heritable	0.173460562247372	1	1	0	0	0.453604051040356	0.997818244032116	0.124457221089794	-0.124457221089794
all_individuals	dlpfc	AA	shared	expression_nearest_gene	chr19_12765682_12766622	chr19	12765682	12766622	Heritable	0.709623847303739	1	1	0	0	0.746290208689632	0.997818244032116	0.0402858555935697	-0.0402858555935697
all_individuals	dlpfc	AA	shared	expression_nearest_gene	chr19_13172596_13173182	chr19	13172596	13173182	Heritable	0.112859791815773	1	1	0	0	0.620347196083182	0.997818244032116	0.133925070133817	-0.133925070133817
all_individuals	dlpfc	AA	shared	expression_nearest_gene	chr19_13186126_13186286	chr19	13186126	13186286	Heritable	0.117069790343242	1	1	0	0	0.770346200888828	0.997818244032116	0.0763483879906701	0.0763483879906701
all_individuals	dlpfc	AA	shared	expression_nearest_gene	chr19_13214172_13214572	chr19	13214172	13214572	Heritable	0.102374887659183	1	1	0	0	0.688060199574069	0.997818244032116	0.125180306395393	-0.125180306395393
all_individuals	dlpfc	AA	shared	expression_nearest_gene	chr19_13428187_13428694	chr19	13428187	13428694	Heritable	0.166160824965679	1	1	0	0	0.266767819878556	0.972463717403515	0.34016807717437	-0.34016807717437
all_individuals	dlpfc	AA	shared	expression_nearest_gene	chr19_13501469_13503031	chr19	13501469	13503031	Non-heritable	0.0897530365788759	1	1	0	0	0.557361714146038	0.997818244032116	0.17034513439657	-0.17034513439657
all_individuals	dlpfc	AA	shared	expression_nearest_gene	chr19_13504799_13505332	chr19	13504799	13505332	Heritable	0.145184593328535	1	1	0	0	0.165050781468284	0.911713995663319	0.422209418208722	-0.422209418208722
all_individuals	dlpfc	AA	shared	expression_nearest_gene	chr19_13763976_13764393	chr19	13763976	13764393	Heritable	0.287323212505057	1	1	1	1	8.88791089291836e-08	1.10177408954285e-05	0.842260085597008	-0.842260085597008
all_individuals	dlpfc	AA	shared	expression_nearest_gene	chr19_13888292_13888652	chr19	13888292	13888652	Non-heritable	0.0694352022070671	1	1	0	0	0.338006927883129	0.997818244032116	0.260840015967737	-0.260840015967737
all_individuals	dlpfc	AA	shared	expression_nearest_gene	chr19_1389607_1389853	chr19	1389607	1389853	Non-heritable	0.0843358981637361	1	1	0	0	0.0436804609849676	0.744020650094031	0.442270975799595	-0.442270975799595
all_individuals	dlpfc	AA	shared	expression_nearest_gene	chr19_14552997_14554397	chr19	14552997	14554397	Heritable	0.115056649825548	1	1	0	0	0.0661812056146718	0.815093302258021	0.864342400829475	0.864342400829475
all_individuals	dlpfc	AA	shared	expression_nearest_gene	chr19_1461900_1462324	chr19	1461900	1462324	Heritable	0.109637036225059	1	1	0	0	0.74633299631057	0.997818244032116	0.100351006931913	0.100351006931913
all_individuals	dlpfc	AA	shared	expression_nearest_gene	chr19_1465596_1466008	chr19	1465596	1466008	Heritable	0.121659528538205	1	1	0	0	0.20239465822729	0.931624393086991	0.407095153838451	0.407095153838451
all_individuals	dlpfc	AA	shared	expression_nearest_gene	chr19_1522350_1522858	chr19	1522350	1522858	Heritable	0.11002255791858	1	1	0	0	0.157464643736515	0.91025328674185	0.513883063239989	0.513883063239989
all_individuals	dlpfc	AA	shared	expression_nearest_gene	chr19_15372172_15372325	chr19	15372172	15372325	Heritable	0.115083027499855	1	1	0	0	0.00992196076720996	0.306295925554661	0.461608701227064	-0.461608701227064
all_individuals	dlpfc	AA	shared	expression_nearest_gene	chr19_15399090_15399618	chr19	15399090	15399618	Heritable	0.108758499317229	1	1	0	0	0.357925625827496	0.997818244032116	0.151333839841335	-0.151333839841335
all_individuals	dlpfc	AA	shared	expression_nearest_gene	chr19_15933921_15934422	chr19	15933921	15934422	Heritable	0.105224713953557	1	1	0	0	0.707966377261618	0.997818244032116	0.123491371792492	0.123491371792492
all_individuals	dlpfc	AA	shared	expression_nearest_gene	chr19_16067487_16072111	chr19	16067487	16072111	Heritable	0.106119168085629	1	1	0	0	0.228917617054326	0.947930352176406	0.195583068991084	0.195583068991084
all_individuals	dlpfc	AA	shared	expression_nearest_gene	chr19_16404017_16405092	chr19	16404017	16405092	Heritable	0.115904741106907	1	1	0	0	0.889499114994237	0.997818244032116	0.0201127713350484	0.0201127713350484
all_individuals	dlpfc	AA	shared	expression_nearest_gene	chr19_17085824_17086565	chr19	17085824	17086565	Heritable	0.106669040389914	1	1	0	0	0.602915000646688	0.997818244032116	0.11556178574498	0.11556178574498
all_individuals	dlpfc	AA	shared	expression_nearest_gene	chr19_17125606_17126433	chr19	17125606	17126433	Heritable	0.132758619251841	1	1	0	0	0.88001508473047	0.997818244032116	0.0338328940859967	0.0338328940859967
all_individuals	dlpfc	AA	shared	expression_nearest_gene	chr19_17346084_17346221	chr19	17346084	17346221	Heritable	0.135012584547746	1	1	0	0	0.365230258071252	0.997818244032116	0.169210672336753	0.169210672336753
all_individuals	dlpfc	AA	shared	expression_nearest_gene	chr19_17393806_17394353	chr19	17393806	17394353	Heritable	0.15786319948984	1	1	0	0	0.232967985931719	0.947930352176406	0.200230630214693	-0.200230630214693
all_individuals	dlpfc	AA	shared	expression_nearest_gene	chr19_17394763_17395193	chr19	17394763	17395193	Heritable	0.23990224082822	1	1	0	0	0.00584007607706814	0.212370902090673	0.447837765395919	-0.447837765395919
all_individuals	dlpfc	AA	shared	expression_nearest_gene	chr19_17429712_17430085	chr19	17429712	17430085	Heritable	0.110946049854211	1	1	0	0	0.548683855297445	0.997818244032116	0.144471041786046	-0.144471041786046
all_individuals	dlpfc	AA	shared	expression_nearest_gene	chr19_17471787_17472176	chr19	17471787	17472176	Heritable	0.119122309281274	1	1	0	0	0.539863763009111	0.997818244032116	0.130589693742309	-0.130589693742309
all_individuals	dlpfc	AA	shared	expression_nearest_gene	chr19_1768558_1768870	chr19	1768558	1768870	Heritable	0.122102837977868	1	1	0	0	0.139900029592804	0.886987978379458	0.0297154663643027	0.0297154663643027
all_individuals	dlpfc	AA	shared	expression_nearest_gene	chr19_17881664_17882177	chr19	17881664	17882177	Heritable	0.122660690858151	1	1	0	0	0.943503752087003	0.997818244032116	0.0331795514041533	0.0331795514041533
all_individuals	dlpfc	AA	shared	expression_nearest_gene	chr19_18257523_18257991	chr19	18257523	18257991	Heritable	0.127114234075552	1	1	0	0	0.516183830677386	0.997818244032116	0.273841688082863	-0.273841688082863
all_individuals	dlpfc	AA	shared	expression_nearest_gene	chr19_18306500_18307967	chr19	18306500	18307967	Heritable	0.131923332043286	1	1	0	0	0.727322445632637	0.997818244032116	0.0641963875810063	0.0641963875810063
all_individuals	dlpfc	AA	shared	expression_nearest_gene	chr19_1833586_1833828	chr19	1833586	1833828	Heritable	0.108899143316346	1	1	0	0	0.685116089425287	0.997818244032116	0.124188804474031	-0.124188804474031
all_individuals	dlpfc	AA	shared	expression_nearest_gene	chr19_18650299_18650635	chr19	18650299	18650635	Heritable	0.12030897062022	1	1	0	0	0.648004981577399	0.997818244032116	0.107771948304219	0.107771948304219
all_individuals	dlpfc	AA	shared	expression_nearest_gene	chr19_18708245_18709250	chr19	18708245	18709250	Heritable	0.11933871856199	1	1	0	0	0.897447626285232	0.997818244032116	0.0383384039174146	0.0383384039174146
all_individuals	dlpfc	AA	shared	expression_nearest_gene	chr19_18713140_18713763	chr19	18713140	18713763	Heritable	0.180752421939383	1	1	0	0	0.958070667158186	0.997818244032116	0.01647997307116	-0.01647997307116
all_individuals	dlpfc	AA	shared	expression_nearest_gene	chr19_18745330_18746334	chr19	18745330	18746334	Heritable	0.1294587550331	1	1	0	0	0.990489683914938	0.99849608063831	0.00375323923891102	-0.00375323923891102
all_individuals	dlpfc	AA	shared	expression_nearest_gene	chr19_18759826_18760221	chr19	18759826	18760221	Heritable	0.124038240083384	1	1	0	0	0.921105045820976	0.997818244032116	0.0316149598372562	-0.0316149598372562
all_individuals	dlpfc	AA	shared	expression_nearest_gene	chr19_18764113_18764358	chr19	18764113	18764358	Heritable	0.100895210322388	1	1	0	0	0.677798506396298	0.997818244032116	0.137238001217597	-0.137238001217597
all_individuals	dlpfc	AA	shared	expression_nearest_gene	chr19_18773131_18773260	chr19	18773131	18773260	Heritable	0.130818726014776	1	1	0	0	0.822938445849986	0.997818244032116	0.0765520060628191	-0.0765520060628191
all_individuals	dlpfc	AA	shared	expression_nearest_gene	chr19_18774792_18775130	chr19	18774792	18775130	Heritable	0.100823515824079	1	1	0	0	0.912598516458703	0.997818244032116	0.0323605624248131	-0.0323605624248131
all_individuals	dlpfc	AA	shared	expression_nearest_gene	chr19_1880507_1881946	chr19	1880507	1881946	Heritable	0.103300850630954	1	1	0	0	0.795690555344269	0.997818244032116	0.0787873257967817	0.0787873257967817
all_individuals	dlpfc	AA	shared	expression_nearest_gene	chr19_18863410_18863654	chr19	18863410	18863654	Heritable	0.109593015431737	1	1	0	0	0.456922009515318	0.997818244032116	0.183497458038289	-0.183497458038289
all_individuals	dlpfc	AA	shared	expression_nearest_gene	chr19_18906663_18906871	chr19	18906663	18906871	Heritable	0.113779057940855	1	1	0	0	0.0822133540172654	0.843965316000206	0.326921690578004	-0.326921690578004
all_individuals	dlpfc	AA	shared	expression_nearest_gene	chr19_1907973_1908487	chr19	1907973	1908487	Non-heritable	0.0769250616579171	1	1	0	0	0.27431647344568	0.975445498063831	0.156555974341452	-0.156555974341452
all_individuals	dlpfc	AA	shared	expression_nearest_gene	chr19_1914832_1915187	chr19	1914832	1915187	Heritable	0.101209632738235	1	1	0	0	0.751841557925743	0.997818244032116	0.0682173438668654	-0.0682173438668654
all_individuals	dlpfc	AA	shared	expression_nearest_gene	chr19_19334216_19334712	chr19	19334216	19334712	Non-heritable	0.0592087845963353	1	1	0	0	0.985573509952701	0.997818244032116	0.00347770502121136	0.00347770502121136
all_individuals	dlpfc	AA	shared	expression_nearest_gene	chr19_19650652_19650862	chr19	19650652	19650862	Heritable	0.133925292996442	1	1	0	0	0.94993753479782	0.997818244032116	0.0137371610141244	0.0137371610141244
all_individuals	dlpfc	AA	shared	expression_nearest_gene	chr19_2000121_2000468	chr19	2000121	2000468	Heritable	0.107342010511839	1	1	0	0	0.635171179261016	0.997818244032116	0.141340284695225	-0.141340284695225
all_individuals	dlpfc	AA	shared	expression_nearest_gene	chr19_2041093_2041453	chr19	2041093	2041453	Heritable	0.111714455847422	1	1	0	0	0.845359293901188	0.997818244032116	0.079450279136644	-0.079450279136644
all_individuals	dlpfc	AA	shared	expression_nearest_gene	chr19_20570058_20572896	chr19	20570058	20572896	Heritable	0.676586339930722	1	1	0	0	0.0657329107647326	0.815093302258021	0.101129186511705	0.101129186511705
all_individuals	dlpfc	AA	shared	expression_nearest_gene	chr19_20575926_20577042	chr19	20575926	20577042	Heritable	0.681512491476452	1	1	0	0	0.293446908424484	0.983008463446871	0.1203590942266	0.1203590942266
all_individuals	dlpfc	AA	shared	expression_nearest_gene	chr19_2064035_2064888	chr19	2064035	2064888	Non-heritable	0.0853209994488744	1	1	0	0	0.388800059101637	0.997818244032116	0.215152081052286	0.215152081052286
all_individuals	dlpfc	AA	shared	expression_nearest_gene	chr19_2065178_2065489	chr19	2065178	2065489	Heritable	0.106941645312488	1	1	0	0	0.81682179509923	0.997818244032116	0.0610057203612229	0.0610057203612229
all_individuals	dlpfc	AA	shared	expression_nearest_gene	chr19_20665107_20666171	chr19	20665107	20666171	Heritable	0.14992477246663	1	1	0	0	0.143091746314168	0.886987978379458	0.214242003166623	0.214242003166623
all_individuals	dlpfc	AA	shared	expression_nearest_gene	chr19_21082090_21083067	chr19	21082090	21083067	Heritable	0.115138408045157	1	1	1	1	5.48256076069972e-17	2.35256682241625e-14	1.24306286815502	-1.24306286815502
all_individuals	dlpfc	AA	shared	expression_nearest_gene	chr19_2110632_2111224	chr19	2110632	2111224	Heritable	0.112419239728307	1	1	0	0	0.108408084038046	0.882692767755706	0.269752904530513	-0.269752904530513
all_individuals	dlpfc	AA	shared	expression_nearest_gene	chr19_2113365_2113909	chr19	2113365	2113909	Heritable	0.130514301606246	1	1	0	0	0.174459287120924	0.911713995663319	0.232059696335003	-0.232059696335003
all_individuals	dlpfc	AA	shared	expression_nearest_gene	chr19_21463979_21464067	chr19	21463979	21464067	Non-heritable	0.0965238786809228	1	1	1	1	5.81072681566368e-05	0.00415563812766881	1.80818440329072	1.80818440329072
all_individuals	dlpfc	AA	shared	expression_nearest_gene	chr19_21506830_21507118	chr19	21506830	21507118	Heritable	0.112412658491601	1	1	0	0	0.137704727015242	0.886987978379458	0.219405776232879	-0.219405776232879
all_individuals	dlpfc	AA	shared	expression_nearest_gene	chr19_2186062_2186382	chr19	2186062	2186382	Heritable	0.101965783187239	1	1	0	0	0.750512548704814	0.997818244032116	0.0834793952351962	0.0834793952351962
all_individuals	dlpfc	AA	shared	expression_nearest_gene	chr19_21884417_21884726	chr19	21884417	21884726	Heritable	0.176236432884637	1	1	1	1	0.000230098676238359	0.0137132419408166	2.86529897589251	-2.86529897589251
all_individuals	dlpfc	AA	shared	expression_nearest_gene	chr19_2194717_2194903	chr19	2194717	2194903	Heritable	0.115782640639544	1	1	0	0	0.674060923761493	0.997818244032116	0.11769297443745	0.11769297443745
all_individuals	dlpfc	AA	shared	expression_nearest_gene	chr19_22053197_22053324	chr19	22053197	22053324	Heritable	0.130468949920738	1	1	1	1	8.26785551732997e-06	0.00068225707740121	2.27837352107557	-2.27837352107557
all_individuals	dlpfc	AA	shared	expression_nearest_gene	chr19_2225884_2226592	chr19	2225884	2226592	Heritable	0.100618337167967	1	1	0	0	0.680238747000255	0.997818244032116	0.105282483620766	0.105282483620766
all_individuals	dlpfc	AA	shared	expression_nearest_gene	chr19_22633555_22634072	chr19	22633555	22634072	Heritable	0.787118696169704	1	1	1	1	1.69399788702972e-08	2.50653273560155e-06	0.815621712341619	-0.815621712341619
all_individuals	dlpfc	AA	shared	expression_nearest_gene	chr19_22784460_22784548	chr19	22784460	22784548	Heritable	0.154897161742623	1	1	0	1	0.00180439972396109	0.0782088809648186	1.31921596729686	-1.31921596729686
all_individuals	dlpfc	AA	shared	expression_nearest_gene	chr19_23409754_23409928	chr19	23409754	23409928	Heritable	0.23246658810563	1	1	0	0	0.882411594443805	0.997818244032116	0.0274724435415644	-0.0274724435415644
all_individuals	dlpfc	AA	shared	expression_nearest_gene	chr19_2650819_2650964	chr19	2650819	2650964	Heritable	0.106375320027351	1	1	0	0	0.370811676630273	0.997818244032116	0.194867520279573	-0.194867520279573
all_individuals	dlpfc	AA	shared	expression_nearest_gene	chr19_2685689_2686252	chr19	2685689	2686252	Heritable	0.111198948131809	1	1	0	0	0.425417790118157	0.997818244032116	0.140984814986066	-0.140984814986066
all_individuals	dlpfc	AA	shared	expression_nearest_gene	chr19_28816086_28817438	chr19	28816086	28817438	Heritable	0.579393298145047	1	1	0	0	0.0600380025931543	0.795132929405016	0.704227405373588	-0.704227405373588
all_individuals	dlpfc	AA	shared	expression_nearest_gene	chr19_29675365_29675900	chr19	29675365	29675900	Non-heritable	0.0954251937349241	1	1	0	0	0.0296906054953778	0.61983675595293	0.478318852360927	-0.478318852360927
all_individuals	dlpfc	AA	shared	expression_nearest_gene	chr19_30372664_30374141	chr19	30372664	30374141	Heritable	0.129546847721138	1	1	0	0	0.940809492123087	0.997818244032116	0.0122294288448925	0.0122294288448925
all_individuals	dlpfc	AA	shared	expression_nearest_gene	chr19_30635025_30635853	chr19	30635025	30635853	Heritable	0.148532713906196	1	1	0	0	0.805605063162362	0.997818244032116	0.0417455444523824	-0.0417455444523824
all_individuals	dlpfc	AA	shared	expression_nearest_gene	chr19_3116263_3116971	chr19	3116263	3116971	Heritable	0.107346575492297	1	1	0	0	0.802164933293652	0.997818244032116	0.0573015554645444	0.0573015554645444
all_individuals	dlpfc	AA	shared	expression_nearest_gene	chr19_3149848_3150115	chr19	3149848	3150115	Heritable	0.10864605618463	1	1	1	1	3.97329153328929e-05	0.00293955068436971	1.65758201348125	-1.65758201348125
all_individuals	dlpfc	AA	shared	expression_nearest_gene	chr19_33429996_33430218	chr19	33429996	33430218	Heritable	0.130480723728672	1	1	0	0	0.257303631810675	0.964672006403031	0.240615027487706	-0.240615027487706
all_individuals	dlpfc	AA	shared	expression_nearest_gene	chr19_33727408_33727868	chr19	33727408	33727868	Non-heritable	0.0982173963088032	1	1	0	0	0.58566595296925	0.997818244032116	0.20009142892293	-0.20009142892293
all_individuals	dlpfc	AA	shared	expression_nearest_gene	chr19_33778713_33778988	chr19	33778713	33778988	Heritable	0.127029248459643	1	1	0	0	0.654369622886072	0.997818244032116	0.172089905088985	0.172089905088985
all_individuals	dlpfc	AA	shared	expression_nearest_gene	chr19_3409476_3409731	chr19	3409476	3409731	Heritable	0.100478343537577	1	1	0	0	0.893464885543289	0.997818244032116	0.041772595857779	-0.041772595857779
all_individuals	dlpfc	AA	shared	expression_nearest_gene	chr19_34320093_34320813	chr19	34320093	34320813	Heritable	0.133592054609953	1	1	0	0	0.106499675214098	0.877822646237199	0.338776669240964	-0.338776669240964
all_individuals	dlpfc	AA	shared	expression_nearest_gene	chr19_34347692_34349130	chr19	34347692	34349130	Non-heritable	0.0686624249064054	1	1	0	0	0.077531555056211	0.830141710561625	0.35416501321707	-0.35416501321707
all_individuals	dlpfc	AA	shared	expression_nearest_gene	chr19_35098749_35099091	chr19	35098749	35099091	Heritable	0.132651605113621	1	1	0	0	0.426573908859517	0.997818244032116	0.303564275164959	0.303564275164959
all_individuals	dlpfc	AA	shared	expression_nearest_gene	chr19_35291112_35293108	chr19	35291112	35293108	Heritable	0.13670471901087	1	1	0	0	0.202629762401728	0.931624393086991	0.31150014687676	-0.31150014687676
all_individuals	dlpfc	AA	shared	expression_nearest_gene	chr19_3536741_3537030	chr19	3536741	3537030	Heritable	0.104256878782338	1	1	0	0	0.23241123013926	0.947930352176406	0.233717164882059	-0.233717164882059
all_individuals	dlpfc	AA	shared	expression_nearest_gene	chr19_3543392_3543471	chr19	3543392	3543471	Heritable	0.103724809012592	1	1	0	0	0.442141727830067	0.997818244032116	0.194854039340331	-0.194854039340331
all_individuals	dlpfc	AA	shared	expression_nearest_gene	chr19_35774647_35775089	chr19	35774647	35775089	Heritable	0.605821455415604	1	1	0	0	0.098749681371028	0.863777747997786	0.386913634205335	-0.386913634205335
all_individuals	dlpfc	AA	shared	expression_nearest_gene	chr19_35986420_35986632	chr19	35986420	35986632	Heritable	0.106938056803695	1	1	0	0	0.681939180869503	0.997818244032116	0.0996685976992708	-0.0996685976992708
all_individuals	dlpfc	AA	shared	expression_nearest_gene	chr19_36031259_36031938	chr19	36031259	36031938	Heritable	0.116305858088207	1	1	0	0	0.461230578558542	0.997818244032116	0.254039731538924	-0.254039731538924
all_individuals	dlpfc	AA	shared	expression_nearest_gene	chr19_36096961_36097611	chr19	36096961	36097611	Heritable	0.12581612807968	1	1	0	0	0.559334800133236	0.997818244032116	0.12548226097397	-0.12548226097397
all_individuals	dlpfc	AA	shared	expression_nearest_gene	chr19_36113301_36113814	chr19	36113301	36113814	Non-heritable	0.0825975229143411	1	1	0	0	0.516345226345413	0.997818244032116	0.01158560763885	0.01158560763885
all_individuals	dlpfc	AA	shared	expression_nearest_gene	chr19_36152226_36152869	chr19	36152226	36152869	Heritable	0.11469612654042	1	1	0	0	0.00612565264393645	0.220883827690179	1.43270186467344	-1.43270186467344
all_individuals	dlpfc	AA	shared	expression_nearest_gene	chr19_36330556_36330811	chr19	36330556	36330811	Heritable	0.143496310314451	1	1	0	0	0.823231209750208	0.997818244032116	0.0359836521491452	-0.0359836521491452
all_individuals	dlpfc	AA	shared	expression_nearest_gene	chr19_3648833_3650243	chr19	3648833	3650243	Heritable	0.109992305299019	1	1	0	0	0.365229841861939	0.997818244032116	0.340731463512164	-0.340731463512164
all_individuals	dlpfc	AA	shared	expression_nearest_gene	chr19_3697200_3698438	chr19	3697200	3698438	Heritable	0.1521570605011	1	1	0	0	0.999074448953095	0.999759847767018	0.000399093176097765	0.000399093176097765
all_individuals	dlpfc	AA	shared	expression_nearest_gene	chr19_36972298_36972758	chr19	36972298	36972758	Heritable	0.353097988051293	1	1	1	1	0.000137636727513233	0.00894847269332246	0.509849206468276	-0.509849206468276
all_individuals	dlpfc	AA	shared	expression_nearest_gene	chr19_37316886_37317013	chr19	37316886	37317013	Heritable	0.244536498769612	1	1	0	0	0.324008156355975	0.993794852697277	0.110736561007149	-0.110736561007149
all_individuals	dlpfc	AA	shared	expression_nearest_gene	chr19_38211084_38211639	chr19	38211084	38211639	Heritable	0.120562685008872	1	1	0	0	0.952733106779258	0.997818244032116	0.0135353290247195	0.0135353290247195
all_individuals	dlpfc	AA	shared	expression_nearest_gene	chr19_38253403_38253892	chr19	38253403	38253892	Non-heritable	0.0352757325915777	1	1	0	0	0.535981417316889	0.997818244032116	0.152358297684842	-0.152358297684842
all_individuals	dlpfc	AA	shared	expression_nearest_gene	chr19_38294224_38294454	chr19	38294224	38294454	Non-heritable	0.0559915520571248	1	1	0	0	0.244245017874712	0.957128193333687	0.0364244671499633	0.0364244671499633
all_individuals	dlpfc	AA	shared	expression_nearest_gene	chr19_38468867_38469439	chr19	38468867	38469439	Non-heritable	0.0867667478560138	1	1	0	0	0.942303483685916	0.997818244032116	0.0202527961896237	0.0202527961896237
all_individuals	dlpfc	AA	shared	expression_nearest_gene	chr19_38502914_38503459	chr19	38502914	38503459	Heritable	0.221680808674124	1	1	0	0	0.447818288241424	0.997818244032116	0.174376847087213	0.174376847087213
all_individuals	dlpfc	AA	shared	expression_nearest_gene	chr19_38506941_38507269	chr19	38506941	38507269	Heritable	0.353401487410532	1	1	0	0	0.0639957423721785	0.812442989701236	0.427038195848844	-0.427038195848844
all_individuals	dlpfc	AA	shared	expression_nearest_gene	chr19_38790710_38790766	chr19	38790710	38790766	Heritable	0.213011829164717	1	1	0	0	0.130324444510457	0.885502111448744	0.290887031765737	0.290887031765737
all_individuals	dlpfc	AA	shared	expression_nearest_gene	chr19_39033136_39033345	chr19	39033136	39033345	Heritable	0.240506600112271	1	1	0	0	0.130974263068889	0.885502111448744	0.338382411018637	-0.338382411018637
all_individuals	dlpfc	AA	shared	expression_nearest_gene	chr19_39047461_39048101	chr19	39047461	39048101	Heritable	0.762453151338604	1	1	0	0	0.768447101247212	0.997818244032116	0.0667245963935775	-0.0667245963935775
all_individuals	dlpfc	AA	shared	expression_nearest_gene	chr19_39106165_39106434	chr19	39106165	39106434	Heritable	0.180678093547191	1	1	0	0	0.898153438356451	0.997818244032116	0.0522576733828863	0.0522576733828863
all_individuals	dlpfc	AA	shared	expression_nearest_gene	chr19_39481894_39481974	chr19	39481894	39481974	Heritable	0.145501860461735	1	1	0	0	0.273368287316674	0.975445498063831	0.15844761482245	-0.15844761482245
all_individuals	dlpfc	AA	shared	expression_nearest_gene	chr19_39858381_39859308	chr19	39858381	39859308	Heritable	0.211913398569209	1	1	0	0	0.731100767398572	0.997818244032116	0.0279937555538072	0.0279937555538072
all_individuals	dlpfc	AA	shared	expression_nearest_gene	chr19_39875604_39875830	chr19	39875604	39875830	Heritable	0.161318910755554	1	1	0	0	0.996466492873256	0.999640858203536	0.000400087556867462	0.000400087556867462
all_individuals	dlpfc	AA	shared	expression_nearest_gene	chr19_39891832_39891988	chr19	39891832	39891988	Heritable	0.101153019710251	1	1	0	0	0.873357860266074	0.997818244032116	0.0160860379210962	0.0160860379210962
all_individuals	dlpfc	AA	shared	expression_nearest_gene	chr19_4015707_4016145	chr19	4015707	4016145	Heritable	0.109261118957966	1	1	0	0	0.329246759349526	0.99671805502751	0.218590465475767	0.218590465475767
all_individuals	dlpfc	AA	shared	expression_nearest_gene	chr19_4034280_4034608	chr19	4034280	4034608	Heritable	0.115009024928496	1	1	0	0	0.409555020173965	0.997818244032116	0.164274465703777	-0.164274465703777
all_individuals	dlpfc	AA	shared	expression_nearest_gene	chr19_40559991_40560234	chr19	40559991	40560234	Heritable	0.150635888133193	1	1	0	0	0.661908838602928	0.997818244032116	0.105139465253584	-0.105139465253584
all_individuals	dlpfc	AA	shared	expression_nearest_gene	chr19_40609540_40609860	chr19	40609540	40609860	Heritable	0.143697963419271	1	1	0	0	0.463579912348552	0.997818244032116	0.196988543160107	0.196988543160107
all_individuals	dlpfc	AA	shared	expression_nearest_gene	chr19_40809986_40810339	chr19	40809986	40810339	Heritable	0.117403052894585	1	1	0	0	0.972748778917218	0.997818244032116	0.0112646533657612	0.0112646533657612
all_individuals	dlpfc	AA	shared	expression_nearest_gene	chr19_40880169_40880918	chr19	40880169	40880918	Heritable	0.229126164613862	1	1	0	0	0.515840096841076	0.997818244032116	0.0451291000763781	-0.0451291000763781
all_individuals	dlpfc	AA	shared	expression_nearest_gene	chr19_40908525_40909154	chr19	40908525	40909154	Heritable	0.495414726429131	1	1	0	0	0.970029343452667	0.997818244032116	0.0123093365031048	-0.0123093365031048
all_individuals	dlpfc	AA	shared	expression_nearest_gene	chr19_4098556_4099103	chr19	4098556	4099103	Heritable	0.10542327457831	1	1	0	0	0.947144410561477	0.997818244032116	0.0141227905493508	0.0141227905493508
all_individuals	dlpfc	AA	shared	expression_nearest_gene	chr19_4103184_4103817	chr19	4103184	4103817	Heritable	0.109460476928605	1	1	0	0	0.580015500452023	0.997818244032116	0.109770159562387	0.109770159562387
all_individuals	dlpfc	AA	shared	expression_nearest_gene	chr19_4115258_4115755	chr19	4115258	4115755	Heritable	0.101153038231732	1	1	0	0	0.109429220444292	0.884391629526944	0.31473421205466	0.31473421205466
all_individuals	dlpfc	AA	shared	expression_nearest_gene	chr19_41411541_41411871	chr19	41411541	41411871	Heritable	0.261425155115036	1	1	0	0	0.677040114481069	0.997818244032116	0.0885753645859637	0.0885753645859637
all_individuals	dlpfc	AA	shared	expression_nearest_gene	chr19_42098952_42099546	chr19	42098952	42099546	Non-heritable	0.0641854355235417	1	1	0	0	0.830022487193714	0.997818244032116	0.0628896116005482	0.0628896116005482
all_individuals	dlpfc	AA	shared	expression_nearest_gene	chr19_42314306_42314507	chr19	42314306	42314507	Heritable	0.130639728560052	1	1	0	0	0.894762751640044	0.997818244032116	0.0378038001812584	0.0378038001812584
all_individuals	dlpfc	AA	shared	expression_nearest_gene	chr19_44344663_44346840	chr19	44344663	44346840	Heritable	0.102126993107597	1	1	0	0	0.503582910987313	0.997818244032116	0.133462046876632	0.133462046876632
all_individuals	dlpfc	AA	shared	expression_nearest_gene	chr19_44412044_44412443	chr19	44412044	44412443	Heritable	0.127119312997376	1	1	0	0	0.0400937666167947	0.730045312225798	0.624346225532342	-0.624346225532342
all_individuals	dlpfc	AA	shared	expression_nearest_gene	chr19_44456849_44456974	chr19	44456849	44456974	Heritable	0.148172882323979	1	1	0	0	0.0496259191613749	0.771372187047652	0.551721773562313	-0.551721773562313
all_individuals	dlpfc	AA	shared	expression_nearest_gene	chr19_44865146_44865813	chr19	44865146	44865813	Heritable	0.101416081657918	1	1	0	0	0.165918693217699	0.911713995663319	0.4328205771256	0.4328205771256
all_individuals	dlpfc	AA	shared	expression_nearest_gene	chr19_46654341_46655161	chr19	46654341	46655161	Heritable	0.131318783805927	1	1	0	0	0.0220628133861192	0.518058862040991	0.449319146900866	-0.449319146900866
all_individuals	dlpfc	AA	shared	expression_nearest_gene	chr19_47096989_47097577	chr19	47096989	47097577	Non-heritable	0.0358810570740542	1	1	0	0	0.63601851037713	0.997818244032116	0.0977254712295093	0.0977254712295093
all_individuals	dlpfc	AA	shared	expression_nearest_gene	chr19_47275963_47276307	chr19	47275963	47276307	Heritable	0.105176066626259	1	1	0	0	0.401483044023124	0.997818244032116	0.199465553810819	-0.199465553810819
all_individuals	dlpfc	AA	shared	expression_nearest_gene	chr19_47365547_47365959	chr19	47365547	47365959	Non-heritable	0.0299982353473731	1	1	0	0	0.531821177315626	0.997818244032116	0.1886228493067	0.1886228493067
all_individuals	dlpfc	AA	shared	expression_nearest_gene	chr19_47493523_47494465	chr19	47493523	47494465	Non-heritable	0.0804117562812646	1	1	0	0	0.58840048381495	0.997818244032116	0.0918080708355689	-0.0918080708355689
all_individuals	dlpfc	AA	shared	expression_nearest_gene	chr19_47618186_47618798	chr19	47618186	47618798	Non-heritable	0.0586385878376025	1	1	0	0	0.708146566786607	0.997818244032116	0.0949354822662336	0.0949354822662336
all_individuals	dlpfc	AA	shared	expression_nearest_gene	chr19_47773742_47774467	chr19	47773742	47774467	Heritable	0.124407005016952	1	1	0	0	0.899268408806284	0.997818244032116	0.0183240880013216	-0.0183240880013216
all_individuals	dlpfc	AA	shared	expression_nearest_gene	chr19_48497379_48498071	chr19	48497379	48498071	Heritable	0.109672953645503	1	1	0	0	0.0755894895612184	0.830141710561625	0.483900357215255	0.483900357215255
all_individuals	dlpfc	AA	shared	expression_nearest_gene	chr19_48498699_48498747	chr19	48498699	48498747	Heritable	0.122383977456384	1	1	0	0	0.448286825679675	0.997818244032116	0.226214738530235	0.226214738530235
all_individuals	dlpfc	AA	shared	expression_nearest_gene	chr19_48990206_48990671	chr19	48990206	48990671	Heritable	0.106554387307433	1	1	0	0	0.915189113360036	0.997818244032116	0.0220535550085259	-0.0220535550085259
all_individuals	dlpfc	AA	shared	expression_nearest_gene	chr19_49196442_49197224	chr19	49196442	49197224	Heritable	0.139594237976645	1	1	0	0	0.0680299423398134	0.817115709865458	0.405422930766357	-0.405422930766357
all_individuals	dlpfc	AA	shared	expression_nearest_gene	chr19_49727185_49727570	chr19	49727185	49727570	Non-heritable	0.0858306652937488	1	1	0	0	0.806596769584624	0.997818244032116	0.0197773152007013	0.0197773152007013
all_individuals	dlpfc	AA	shared	expression_nearest_gene	chr19_49801495_49801576	chr19	49801495	49801576	Non-heritable	0.0780896743158559	1	1	0	0	0.991210087057109	0.99849608063831	0.00292479911841692	0.00292479911841692
all_individuals	dlpfc	AA	shared	expression_nearest_gene	chr19_4981416_4981875	chr19	4981416	4981875	Heritable	0.150126323373885	1	1	0	0	0.566416698443932	0.997818244032116	0.111270655786218	-0.111270655786218
all_individuals	dlpfc	AA	shared	expression_nearest_gene	chr19_49924037_49924237	chr19	49924037	49924237	Heritable	0.15052127666573	1	1	0	0	0.655042493158112	0.997818244032116	0.159553264376979	-0.159553264376979
all_individuals	dlpfc	AA	shared	expression_nearest_gene	chr19_50225278_50225677	chr19	50225278	50225677	Heritable	0.113857504946965	1	1	0	0	0.577941256334307	0.997818244032116	0.130307393949771	-0.130307393949771
all_individuals	dlpfc	AA	shared	expression_nearest_gene	chr19_50324499_50324869	chr19	50324499	50324869	Heritable	0.130392287129256	1	1	0	0	0.0451554579183098	0.753938015281974	0.72179696684419	0.72179696684419
all_individuals	dlpfc	AA	shared	expression_nearest_gene	chr19_50458495_50459291	chr19	50458495	50459291	Heritable	0.164342321393902	1	1	0	1	0.00170650842054412	0.0747206901281102	0.863677276669605	-0.863677276669605
all_individuals	dlpfc	AA	shared	expression_nearest_gene	chr19_50469396_50470138	chr19	50469396	50470138	Heritable	0.147261723128386	1	1	0	0	0.436089261223658	0.997818244032116	0.220579265454329	-0.220579265454329
all_individuals	dlpfc	AA	shared	expression_nearest_gene	chr19_50496768_50497331	chr19	50496768	50497331	Non-heritable	0.0836575441045112	1	1	0	0	0.423948707601634	0.997818244032116	0.150502539231972	-0.150502539231972
all_individuals	dlpfc	AA	shared	expression_nearest_gene	chr19_5078264_5079429	chr19	5078264	5079429	Non-heritable	0.0645144343764585	1	1	0	0	0.788097608556054	0.997818244032116	0.05170110395661	-0.05170110395661
all_individuals	dlpfc	AA	shared	expression_nearest_gene	chr19_52858195_52858521	chr19	52858195	52858521	Heritable	0.476716630590463	1	1	0	0	0.00302274046467113	0.121220367606578	0.478951323148174	-0.478951323148174
all_individuals	dlpfc	AA	shared	expression_nearest_gene	chr19_52991985_52992280	chr19	52991985	52992280	Heritable	0.107675027705581	1	1	0	0	0.855525656314647	0.997818244032116	0.0838869108788325	0.0838869108788325
all_individuals	dlpfc	AA	shared	expression_nearest_gene	chr19_53990060_53990389	chr19	53990060	53990389	Heritable	0.104291685145413	1	1	0	0	0.909619326683395	0.997818244032116	0.0298415748841041	0.0298415748841041
all_individuals	dlpfc	AA	shared	expression_nearest_gene	chr19_5492741_5493008	chr19	5492741	5493008	Non-heritable	0.0571393281838097	1	1	0	0	0.0329870854668995	0.654671178361633	0.148337942323758	-0.148337942323758
all_individuals	dlpfc	AA	shared	expression_nearest_gene	chr19_55346686_55346994	chr19	55346686	55346994	Non-heritable	0.0924820881721208	1	1	0	0	0.0989033920785457	0.863777747997786	0.440749256319023	0.440749256319023
all_individuals	dlpfc	AA	shared	expression_nearest_gene	chr19_55486020_55486851	chr19	55486020	55486851	Non-heritable	0.0931157374035194	1	1	0	0	0.744500455350259	0.997818244032116	0.0720058695679953	0.0720058695679953
all_individuals	dlpfc	AA	shared	expression_nearest_gene	chr19_55554410_55554896	chr19	55554410	55554896	Non-heritable	0.0442158839254508	1	1	0	0	0.207177556310289	0.934398228366064	0.0113563918310226	0.0113563918310226
all_individuals	dlpfc	AA	shared	expression_nearest_gene	chr19_55563447_55564857	chr19	55563447	55564857	Non-heritable	0.0808382048520672	1	1	0	0	0.494006813126741	0.997818244032116	0.215010079187756	-0.215010079187756
all_individuals	dlpfc	AA	shared	expression_nearest_gene	chr19_55622693_55622811	chr19	55622693	55622811	Non-heritable	0.0881349341616638	1	1	0	0	0.872865150890953	0.997818244032116	0.0399550449456267	-0.0399550449456267
all_individuals	dlpfc	AA	shared	expression_nearest_gene	chr19_56942291_56943479	chr19	56942291	56943479	Non-heritable	0.0666925153076258	1	1	0	0	0.544879181214184	0.997818244032116	0.125063344979957	-0.125063344979957
all_individuals	dlpfc	AA	shared	expression_nearest_gene	chr19_57052139_57053273	chr19	57052139	57053273	Heritable	0.139136036074203	1	1	0	0	0.830026868462951	0.997818244032116	0.00386306758799427	-0.00386306758799427
all_individuals	dlpfc	AA	shared	expression_nearest_gene	chr19_57935881_57936115	chr19	57935881	57936115	Heritable	0.204548321069983	1	1	0	0	0.344401761955705	0.997818244032116	0.178425843671818	0.178425843671818
all_individuals	dlpfc	AA	shared	expression_nearest_gene	chr19_58010278_58010824	chr19	58010278	58010824	Heritable	0.167709585294769	1	1	0	0	0.956575077187547	0.997818244032116	0.0114418520295807	0.0114418520295807
all_individuals	dlpfc	AA	shared	expression_nearest_gene	chr19_58037660_58038236	chr19	58037660	58038236	Heritable	0.35386743940722	1	1	0	0	0.173424002681023	0.911713995663319	0.284320922572951	-0.284320922572951
all_individuals	dlpfc	AA	shared	expression_nearest_gene	chr19_58089951_58090399	chr19	58089951	58090399	Heritable	0.170727970513934	1	1	0	0	0.786747111771101	0.997818244032116	0.0355958923111359	0.0355958923111359
all_individuals	dlpfc	AA	shared	expression_nearest_gene	chr19_5932559_5933079	chr19	5932559	5933079	Heritable	0.111178692522049	1	1	0	0	0.34128061775247	0.997818244032116	0.151024429878674	-0.151024429878674
all_individuals	dlpfc	AA	shared	expression_nearest_gene	chr19_6220765_6221191	chr19	6220765	6221191	Non-heritable	0.0418350900307021	1	1	0	0	0.117250070876441	0.885502111448744	0.401991035958346	-0.401991035958346
all_individuals	dlpfc	AA	shared	expression_nearest_gene	chr19_6225726_6226911	chr19	6225726	6226911	Heritable	0.100403504451559	1	1	0	0	0.724069147488366	0.997818244032116	0.0890408038556583	0.0890408038556583
all_individuals	dlpfc	AA	shared	expression_nearest_gene	chr19_6228034_6228206	chr19	6228034	6228206	Non-heritable	0.085801629483153	1	1	0	0	0.614041685812408	0.997818244032116	0.139779545012885	-0.139779545012885
all_individuals	dlpfc	AA	shared	expression_nearest_gene	chr19_6270257_6271337	chr19	6270257	6271337	Non-heritable	0.0707297989997444	1	1	0	0	0.847517214668209	0.997818244032116	0.0493985377412951	0.0493985377412951
all_individuals	dlpfc	AA	shared	expression_nearest_gene	chr19_6378324_6378985	chr19	6378324	6378985	Non-heritable	0.0856825950837743	1	1	0	0	0.285354704287299	0.982732919677553	0.20655415189965	-0.20655415189965
all_individuals	dlpfc	AA	shared	expression_nearest_gene	chr19_6500037_6501101	chr19	6500037	6501101	Heritable	0.152982969215263	1	1	0	0	0.470591501341437	0.997818244032116	0.225179737764051	-0.225179737764051
all_individuals	dlpfc	AA	shared	expression_nearest_gene	chr19_6631870_6632170	chr19	6631870	6632170	Heritable	0.113668257474353	1	1	0	0	0.26937311540761	0.972463717403515	0.0580105405992974	-0.0580105405992974
all_individuals	dlpfc	AA	shared	expression_nearest_gene	chr19_7436345_7436921	chr19	7436345	7436921	Heritable	0.120607647976296	1	1	0	0	0.378567028499249	0.997818244032116	0.113665734404044	-0.113665734404044
all_individuals	dlpfc	AA	shared	expression_nearest_gene	chr19_7691981_7692836	chr19	7691981	7692836	Heritable	0.636551517257864	1	1	0	0	0.393537909441812	0.997818244032116	0.0863902382707994	0.0863902382707994
all_individuals	dlpfc	AA	shared	expression_nearest_gene	chr19_7845754_7846384	chr19	7845754	7846384	Non-heritable	0.0884614213156437	1	1	0	0	0.529209740456351	0.997818244032116	0.156301781843013	-0.156301781843013
all_individuals	dlpfc	AA	shared	expression_nearest_gene	chr19_7851993_7853026	chr19	7851993	7853026	Heritable	0.117628356935669	1	1	0	0	0.218185652956201	0.945014449508517	0.223834356215264	-0.223834356215264
all_individuals	dlpfc	AA	shared	expression_nearest_gene	chr19_7902840_7902979	chr19	7902840	7902979	Heritable	0.150539887748964	1	1	0	0	0.121350262590131	0.885502111448744	0.118935902121809	-0.118935902121809
all_individuals	dlpfc	AA	shared	expression_nearest_gene	chr19_8224675_8225516	chr19	8224675	8225516	Heritable	0.106118969491141	1	1	0	0	0.966746518360719	0.997818244032116	0.00763772077548808	-0.00763772077548808
all_individuals	dlpfc	AA	shared	expression_nearest_gene	chr1_10010686_10010879	chr1	10010686	10010879	Heritable	0.17953126683456	1	1	0	0	0.985798536745761	0.997818244032116	0.0049805638078233	-0.0049805638078233
all_individuals	dlpfc	AA	shared	expression_nearest_gene	chr1_10025717_10026575	chr1	10025717	10026575	Heritable	0.14198092813704	1	1	0	0	0.481574980186525	0.997818244032116	0.0462242128402934	0.0462242128402934
all_individuals	dlpfc	AA	shared	expression_nearest_gene	chr1_10029879_10030082	chr1	10029879	10030082	Heritable	0.155370030491898	1	1	0	0	0.73798860474273	0.997818244032116	0.0321762987711907	0.0321762987711907
all_individuals	dlpfc	AA	shared	expression_nearest_gene	chr1_10035765_10036043	chr1	10035765	10036043	Heritable	0.137920699882309	1	1	0	0	0.550459120743823	0.997818244032116	0.0581189569291212	0.0581189569291212
all_individuals	dlpfc	AA	shared	expression_nearest_gene	chr1_10094404_10094872	chr1	10094404	10094872	Heritable	0.13535930668866	1	1	0	0	0.552146853453964	0.997818244032116	0.0570259115946072	0.0570259115946072
all_individuals	dlpfc	AA	shared	expression_nearest_gene	chr1_10137847_10138523	chr1	10137847	10138523	Heritable	0.10825420672369	1	1	0	0	0.5051362315229	0.997818244032116	0.0383373765564663	0.0383373765564663
all_individuals	dlpfc	AA	shared	expression_nearest_gene	chr1_10148143_10148854	chr1	10148143	10148854	Heritable	0.124948437661207	1	1	0	0	0.643027458935897	0.997818244032116	0.0294958097349589	0.0294958097349589
all_individuals	dlpfc	AA	shared	expression_nearest_gene	chr1_10150643_10151340	chr1	10150643	10151340	Heritable	0.174104569408754	1	1	0	0	0.553075553127912	0.997818244032116	0.0399468363661946	0.0399468363661946
all_individuals	dlpfc	AA	shared	expression_nearest_gene	chr1_10190750_10192152	chr1	10190750	10192152	Heritable	0.186791246634616	1	1	0	0	0.625479700688051	0.997818244032116	0.043299004788782	0.043299004788782
all_individuals	dlpfc	AA	shared	expression_nearest_gene	chr1_10201133_10201399	chr1	10201133	10201399	Heritable	0.136715536864952	1	1	0	0	0.432662641925852	0.997818244032116	0.0862266415846804	-0.0862266415846804
all_individuals	dlpfc	AA	shared	expression_nearest_gene	chr1_10222796_10223144	chr1	10222796	10223144	Heritable	0.107135034528999	1	1	0	0	0.0521748726249261	0.791103810719286	0.185142941219369	0.185142941219369
all_individuals	dlpfc	AA	shared	expression_nearest_gene	chr1_10336171_10336752	chr1	10336171	10336752	Heritable	0.115987745690536	1	1	0	0	0.0699071745316979	0.819594770260972	0.16444729559737	0.16444729559737
all_individuals	dlpfc	AA	shared	expression_nearest_gene	chr1_10350018_10351020	chr1	10350018	10351020	Heritable	0.104794045367367	1	1	0	0	0.0402147399358483	0.730045312225798	0.154296533339192	0.154296533339192
all_individuals	dlpfc	AA	shared	expression_nearest_gene	chr1_10540793_10541654	chr1	10540793	10541654	Non-heritable	0.0931953619326209	1	1	0	0	0.558828773035464	0.997818244032116	0.123552807328526	-0.123552807328526
all_individuals	dlpfc	AA	shared	expression_nearest_gene	chr1_10600141_10601130	chr1	10600141	10601130	Heritable	0.136296889747038	1	1	0	0	0.44990701633682	0.997818244032116	0.11017928945723	0.11017928945723
all_individuals	dlpfc	AA	shared	expression_nearest_gene	chr1_10615273_10615548	chr1	10615273	10615548	Heritable	0.14922120333069	1	1	0	0	0.904856366245735	0.997818244032116	0.0264003002014945	-0.0264003002014945
all_individuals	dlpfc	AA	shared	expression_nearest_gene	chr1_10638551_10639167	chr1	10638551	10639167	Non-heritable	0.0571392088845422	1	1	0	0	0.464346241779202	0.997818244032116	0.176065707685883	-0.176065707685883
all_individuals	dlpfc	AA	shared	expression_nearest_gene	chr1_10658432_10658625	chr1	10658432	10658625	Non-heritable	0.0766670797701336	1	1	0	0	0.598077128674576	0.997818244032116	0.12825307369115	0.12825307369115
all_individuals	dlpfc	AA	shared	expression_nearest_gene	chr1_10682516_10683209	chr1	10682516	10683209	Non-heritable	0.0764502010466476	1	1	0	0	0.759277116550334	0.997818244032116	0.0714968995617769	0.0714968995617769
all_individuals	dlpfc	AA	shared	expression_nearest_gene	chr1_1077056_1077266	chr1	1077056	1077266	Heritable	0.141154326993703	1	1	0	0	0.0785306969021547	0.830141710561625	0.0330229157630957	-0.0330229157630957
all_individuals	dlpfc	AA	shared	expression_nearest_gene	chr1_108876067_108876386	chr1	108876067	108876386	Non-heritable	0.0565583964870005	1	1	0	0	0.688023080732631	0.997818244032116	0.0655219645004683	0.0655219645004683
all_individuals	dlpfc	AA	shared	expression_nearest_gene	chr1_108907870_108908319	chr1	108907870	108908319	Heritable	0.105441242219684	1	1	0	0	0.148498255648842	0.89495226824323	0.273538299803077	-0.273538299803077
all_individuals	dlpfc	AA	shared	expression_nearest_gene	chr1_109113210_109113371	chr1	109113210	109113371	Heritable	0.268329463342489	1	1	1	1	0.000242413216839661	0.0141074677157763	0.748978667083978	-0.748978667083978
all_individuals	dlpfc	AA	shared	expression_nearest_gene	chr1_10970355_10970863	chr1	10970355	10970863	Heritable	0.103294593850958	1	1	0	0	0.920128864086775	0.997818244032116	0.00743493873051454	0.00743493873051454
all_individuals	dlpfc	AA	shared	expression_nearest_gene	chr1_10982918_10983964	chr1	10982918	10983964	Heritable	0.101565498667093	1	1	0	0	0.969860861565276	0.997818244032116	0.00285143481063882	0.00285143481063882
all_individuals	dlpfc	AA	shared	expression_nearest_gene	chr1_110556492_110556945	chr1	110556492	110556945	Heritable	0.129884840550719	1	1	0	0	0.51981906779168	0.997818244032116	0.130330192332934	-0.130330192332934
all_individuals	dlpfc	AA	shared	expression_nearest_gene	chr1_110605483_110605717	chr1	110605483	110605717	Non-heritable	0.0804747551058749	1	1	0	0	0.992866928598428	0.999388222053918	0.00182009103913927	0.00182009103913927
all_individuals	dlpfc	AA	shared	expression_nearest_gene	chr1_11078775_11079416	chr1	11078775	11079416	Heritable	0.142520428239842	1	1	0	0	0.719872323808567	0.997818244032116	0.0467603134320598	0.0467603134320598
all_individuals	dlpfc	AA	shared	expression_nearest_gene	chr1_11095379_11095540	chr1	11095379	11095540	Heritable	0.121371560950482	1	1	0	0	0.700068760526669	0.997818244032116	0.0594374475936732	0.0594374475936732
all_individuals	dlpfc	AA	shared	expression_nearest_gene	chr1_11135191_11136754	chr1	11135191	11136754	Heritable	0.104804659291734	1	1	0	0	0.6868697831736	0.997818244032116	0.036897518929031	0.036897518929031
all_individuals	dlpfc	AA	shared	expression_nearest_gene	chr1_11172283_11172666	chr1	11172283	11172666	Heritable	0.134179002633218	1	1	0	0	0.520506639168102	0.997818244032116	0.0814699316500906	0.0814699316500906
all_individuals	dlpfc	AA	shared	expression_nearest_gene	chr1_112743187_112743420	chr1	112743187	112743420	Heritable	0.15856177255505	1	1	0	0	0.75853931290054	0.997818244032116	0.00253953610020805	0.00253953610020805
all_individuals	dlpfc	AA	shared	expression_nearest_gene	chr1_115978319_115980363	chr1	115978319	115980363	Heritable	0.146584749634916	1	1	0	0	0.771299366287944	0.997818244032116	0.0496045438005979	-0.0496045438005979
all_individuals	dlpfc	AA	shared	expression_nearest_gene	chr1_11665247_11665854	chr1	11665247	11665854	Heritable	0.147029214130834	1	1	0	0	0.918627416835436	0.997818244032116	0.0207945279184116	0.0207945279184116
all_individuals	dlpfc	AA	shared	expression_nearest_gene	chr1_11678342_11679056	chr1	11678342	11679056	Heritable	0.135972039667854	1	1	0	0	0.607558195220325	0.997818244032116	0.0796016149471015	0.0796016149471015
all_individuals	dlpfc	AA	shared	expression_nearest_gene	chr1_11760988_11761766	chr1	11760988	11761766	Heritable	0.123894428226021	1	1	0	0	0.660763326260922	0.997818244032116	0.0338417756591901	0.0338417756591901
all_individuals	dlpfc	AA	shared	expression_nearest_gene	chr1_1185237_1185502	chr1	1185237	1185502	Heritable	0.289192079863581	1	1	0	0	0.519292200895029	0.997818244032116	0.0255500882441906	0.0255500882441906
all_individuals	dlpfc	AA	shared	expression_nearest_gene	chr1_1189878_1190466	chr1	1189878	1190466	Heritable	0.21794660058841	1	1	0	0	0.299881438145664	0.985760877676827	0.0410901029555942	0.0410901029555942
all_individuals	dlpfc	AA	shared	expression_nearest_gene	chr1_11925291_11925818	chr1	11925291	11925818	Heritable	0.174437020294332	1	1	0	0	0.296758111941576	0.983008463446871	0.109807336420642	-0.109807336420642
all_individuals	dlpfc	AA	shared	expression_nearest_gene	chr1_11951685_11951981	chr1	11951685	11951981	Heritable	0.148471633832736	1	1	0	0	0.339852045445856	0.997818244032116	0.240952351126609	-0.240952351126609
all_individuals	dlpfc	AA	shared	expression_nearest_gene	chr1_12017339_12017840	chr1	12017339	12017840	Heritable	0.140170841104337	1	1	0	0	0.466106528218194	0.997818244032116	0.144790709851966	0.144790709851966
all_individuals	dlpfc	AA	shared	expression_nearest_gene	chr1_12068550_12069122	chr1	12068550	12069122	Heritable	0.180931183793835	1	1	0	0	0.209473554460135	0.934398228366064	0.139349821109503	-0.139349821109503
all_individuals	dlpfc	AA	shared	expression_nearest_gene	chr1_12094926_12096021	chr1	12094926	12096021	Heritable	0.189796937227511	1	1	0	0	0.156761483670095	0.91025328674185	0.112394335985383	-0.112394335985383
all_individuals	dlpfc	AA	shared	expression_nearest_gene	chr1_12133568_12134242	chr1	12133568	12134242	Heritable	0.175673213218209	1	1	0	0	0.126936820112358	0.885502111448744	0.130098188841211	-0.130098188841211
all_individuals	dlpfc	AA	shared	expression_nearest_gene	chr1_1218405_1218544	chr1	1218405	1218544	Non-heritable	0.0743369548416817	1	1	0	0	0.16793179900513	0.911713995663319	0.233846229154526	0.233846229154526
all_individuals	dlpfc	AA	shared	expression_nearest_gene	chr1_1227074_1227723	chr1	1227074	1227723	Heritable	0.179980745516986	1	1	0	0	0.126000946695099	0.885502111448744	0.233664036352707	0.233664036352707
all_individuals	dlpfc	AA	shared	expression_nearest_gene	chr1_12351376_12352277	chr1	12351376	12352277	Heritable	0.194503304062485	1	1	0	0	0.824037817376994	0.997818244032116	0.0173759237532565	0.0173759237532565
all_individuals	dlpfc	AA	shared	expression_nearest_gene	chr1_12381512_12382194	chr1	12381512	12382194	Heritable	0.145810405542455	1	1	0	0	0.989448498621477	0.998473774525318	0.00133843195433414	0.00133843195433414
all_individuals	dlpfc	AA	shared	expression_nearest_gene	chr1_12483186_12484058	chr1	12483186	12484058	Heritable	0.151359876001292	1	1	0	0	0.618494477242127	0.997818244032116	0.0362265262404549	0.0362265262404549
all_individuals	dlpfc	AA	shared	expression_nearest_gene	chr1_12515613_12516353	chr1	12515613	12516353	Heritable	0.103054657443972	1	1	0	0	0.744411317291792	0.997818244032116	0.0265669796175416	0.0265669796175416
all_individuals	dlpfc	AA	shared	expression_nearest_gene	chr1_1261709_1262099	chr1	1261709	1262099	Heritable	0.144321195981178	1	1	0	0	0.168924900823754	0.911713995663319	0.148656169207205	0.148656169207205
all_individuals	dlpfc	AA	shared	expression_nearest_gene	chr1_12690775_12690827	chr1	12690775	12690827	Heritable	0.133345525420451	1	1	0	0	0.504703717240818	0.997818244032116	0.0134324181612724	-0.0134324181612724
all_individuals	dlpfc	AA	shared	expression_nearest_gene	chr1_1290131_1290231	chr1	1290131	1290231	Heritable	0.22833412394652	1	1	0	0	0.797040261951799	0.997818244032116	0.0476208567657022	0.0476208567657022
all_individuals	dlpfc	AA	shared	expression_nearest_gene	chr1_1333413_1334095	chr1	1333413	1334095	Heritable	0.145744871581767	1	1	0	0	0.72953490089381	0.997818244032116	0.0627717859104628	0.0627717859104628
all_individuals	dlpfc	AA	shared	expression_nearest_gene	chr1_1351411_1351596	chr1	1351411	1351596	Heritable	0.43329589290688	1	1	0	0	0.0503088488955844	0.77407782480789	0.371857946759377	-0.371857946759377
all_individuals	dlpfc	AA	shared	expression_nearest_gene	chr1_13527381_13527519	chr1	13527381	13527519	Heritable	0.111152216547802	1	1	0	0	0.413967991552543	0.997818244032116	0.0591111782196824	0.0591111782196824
all_individuals	dlpfc	AA	shared	expression_nearest_gene	chr1_13538190_13538913	chr1	13538190	13538913	Heritable	0.112659841298592	1	1	0	0	0.2937383610283	0.983008463446871	0.0512432558317503	0.0512432558317503
all_individuals	dlpfc	AA	shared	expression_nearest_gene	chr1_13671131_13672799	chr1	13671131	13672799	Heritable	0.111163356755139	1	1	0	0	0.765207727417201	0.997818244032116	0.00921096578666129	-0.00921096578666129
all_individuals	dlpfc	AA	shared	expression_nearest_gene	chr1_1419717_1419954	chr1	1419717	1419954	Heritable	0.130818230838766	1	1	1	1	2.81093113890059e-14	9.27823501309417e-12	3.61392106515733	-3.61392106515733
all_individuals	dlpfc	AA	shared	expression_nearest_gene	chr1_146038320_146038768	chr1	146038320	146038768	Low prediction	0.19398269402789	1	1	0	0	0.491668418486089	0.997818244032116	0.0906104159943022	-0.0906104159943022
all_individuals	dlpfc	AA	shared	expression_nearest_gene	chr1_14728060_14728422	chr1	14728060	14728422	Heritable	0.116649427430867	1	1	0	0	0.836891028542004	0.997818244032116	0.0328501107803181	-0.0328501107803181
all_individuals	dlpfc	AA	shared	expression_nearest_gene	chr1_148160182_148161148	chr1	148160182	148161148	Heritable	0.120828820637379	1	1	0	0	0.542381301323339	0.997818244032116	0.452729294981253	0.452729294981253
all_individuals	dlpfc	AA	shared	expression_nearest_gene	chr1_148963905_148964335	chr1	148963905	148964335	Heritable	0.135998590188963	1	1	0	0	0.665807351060244	0.997818244032116	0.043495290808405	-0.043495290808405
all_individuals	dlpfc	AA	shared	expression_nearest_gene	chr1_1499172_1499305	chr1	1499172	1499305	Heritable	0.106488469868555	1	1	0	0	0.0581048880688477	0.795132929405016	0.571342858106103	0.571342858106103
all_individuals	dlpfc	AA	shared	expression_nearest_gene	chr1_149946539_149946984	chr1	149946539	149946984	Heritable	0.135571857668731	1	1	0	0	0.906556588292572	0.997818244032116	0.0111651665043091	0.0111651665043091
all_individuals	dlpfc	AA	shared	expression_nearest_gene	chr1_15004332_15005660	chr1	15004332	15005660	Heritable	0.101564029037085	1	1	0	0	0.920093235285859	0.997818244032116	0.017352134215141	0.017352134215141
all_individuals	dlpfc	AA	shared	expression_nearest_gene	chr1_15013481_15013732	chr1	15013481	15013732	Heritable	0.125735159792855	1	1	0	0	0.836304064958645	0.997818244032116	0.0382586654597006	0.0382586654597006
all_individuals	dlpfc	AA	shared	expression_nearest_gene	chr1_150925639_150925826	chr1	150925639	150925826	Heritable	0.213184275055356	1	1	0	0	0.688646380600008	0.997818244032116	0.0485198001265967	-0.0485198001265967
all_individuals	dlpfc	AA	shared	expression_nearest_gene	chr1_151014957_151015760	chr1	151014957	151015760	Heritable	0.126443391778461	1	1	0	0	0.992263096369042	0.999072951153293	0.000985426940701473	-0.000985426940701473
all_individuals	dlpfc	AA	shared	expression_nearest_gene	chr1_151649086_151649259	chr1	151649086	151649259	Non-heritable	0.0941007440985963	1	1	0	0	0.128648864714001	0.885502111448744	0.149503990688665	0.149503990688665
all_individuals	dlpfc	AA	shared	expression_nearest_gene	chr1_151816210_151816756	chr1	151816210	151816756	Non-heritable	0.0758094022348098	1	1	0	0	0.77651125985564	0.997818244032116	0.0347864263738968	0.0347864263738968
all_individuals	dlpfc	AA	shared	expression_nearest_gene	chr1_152188758_152189256	chr1	152188758	152189256	Heritable	0.10039284221523	1	1	1	1	1.38891136336854e-15	4.96651555017869e-13	3.86519405576734	-3.86519405576734
all_individuals	dlpfc	AA	shared	expression_nearest_gene	chr1_152418250_152418801	chr1	152418250	152418801	Heritable	0.442667909289852	1	1	0	0	0.389773009304307	0.997818244032116	0.0152259037990801	-0.0152259037990801
all_individuals	dlpfc	AA	shared	expression_nearest_gene	chr1_15396955_15397422	chr1	15396955	15397422	Heritable	0.145307981845946	1	1	0	0	0.946852338374345	0.997818244032116	0.0223779792215799	-0.0223779792215799
all_individuals	dlpfc	AA	shared	expression_nearest_gene	chr1_15418075_15418391	chr1	15418075	15418391	Heritable	0.126153570501588	1	1	0	0	0.598459484010197	0.997818244032116	0.107256406100504	-0.107256406100504
all_individuals	dlpfc	AA	shared	expression_nearest_gene	chr1_1544299_1544605	chr1	1544299	1544605	Heritable	0.155297608651618	1	1	0	0	0.934082638282253	0.997818244032116	0.00924027280192519	0.00924027280192519
all_individuals	dlpfc	AA	shared	expression_nearest_gene	chr1_154434530_154434654	chr1	154434530	154434654	Heritable	0.152155128068987	1	1	0	0	0.258318701275962	0.964672006403031	0.276926053873414	-0.276926053873414
all_individuals	dlpfc	AA	shared	expression_nearest_gene	chr1_15494489_15494787	chr1	15494489	15494787	Heritable	0.135639841662343	1	1	0	0	0.753479019606697	0.997818244032116	0.0396260156064869	0.0396260156064869
all_individuals	dlpfc	AA	shared	expression_nearest_gene	chr1_15554757_15555978	chr1	15554757	15555978	Heritable	0.130708088593048	1	1	0	0	0.429917533005033	0.997818244032116	0.0416963146271137	0.0416963146271137
all_individuals	dlpfc	AA	shared	expression_nearest_gene	chr1_15564614_15565391	chr1	15564614	15565391	Heritable	0.151991507419489	1	1	0	0	0.472575716612676	0.997818244032116	0.0455830340625347	0.0455830340625347
all_individuals	dlpfc	AA	shared	expression_nearest_gene	chr1_155691295_155695381	chr1	155691295	155695381	Heritable	0.178470231820756	1	1	1	1	2.7288497579201e-06	0.00024913817683479	0.393140425731588	-0.393140425731588
all_individuals	dlpfc	AA	shared	expression_nearest_gene	chr1_15584195_15584303	chr1	15584195	15584303	Heritable	0.113344161752357	1	1	0	0	0.390968799996697	0.997818244032116	0.14954332049339	-0.14954332049339
all_individuals	dlpfc	AA	shared	expression_nearest_gene	chr1_15590612_15592015	chr1	15590612	15592015	Heritable	0.138004820349429	1	1	0	0	0.470978272684995	0.997818244032116	0.0351009937054076	0.0351009937054076
all_individuals	dlpfc	AA	shared	expression_nearest_gene	chr1_15611206_15611801	chr1	15611206	15611801	Heritable	0.154221608838879	1	1	0	0	0.938234658240206	0.997818244032116	0.0104747355845642	0.0104747355845642
all_individuals	dlpfc	AA	shared	expression_nearest_gene	chr1_156389215_156389461	chr1	156389215	156389461	Heritable	0.148589817651743	1	1	0	0	0.787370249203728	0.997818244032116	0.0120529453670262	-0.0120529453670262
all_individuals	dlpfc	AA	shared	expression_nearest_gene	chr1_15646163_15646601	chr1	15646163	15646601	Heritable	0.162678599612822	1	1	0	0	0.336266117354102	0.997818244032116	0.107228678313984	0.107228678313984
all_individuals	dlpfc	AA	shared	expression_nearest_gene	chr1_157279106_157279842	chr1	157279106	157279842	Heritable	0.210224278269004	1	1	0	0	0.0992408365795638	0.863777747997786	0.0612365687828737	0.0612365687828737
all_individuals	dlpfc	AA	shared	expression_nearest_gene	chr1_15732057_15732523	chr1	15732057	15732523	Heritable	0.124179011150405	1	1	0	0	0.984088747019752	0.997818244032116	0.00469323491581797	-0.00469323491581797
all_individuals	dlpfc	AA	shared	expression_nearest_gene	chr1_15759707_15760505	chr1	15759707	15760505	Heritable	0.146685180881307	1	1	0	0	0.80314091994217	0.997818244032116	0.054444574500224	-0.054444574500224
all_individuals	dlpfc	AA	shared	expression_nearest_gene	chr1_15773084_15773416	chr1	15773084	15773416	Heritable	0.149025980768414	1	1	0	0	0.787979775144683	0.997818244032116	0.0848141363241717	-0.0848141363241717
all_individuals	dlpfc	AA	shared	expression_nearest_gene	chr1_15774944_15775697	chr1	15774944	15775697	Heritable	0.165641116002749	1	1	0	0	0.957119189692485	0.997818244032116	0.0148821440108673	-0.0148821440108673
all_individuals	dlpfc	AA	shared	expression_nearest_gene	chr1_15784990_15785900	chr1	15784990	15785900	Heritable	0.138741644979755	1	1	0	0	0.766280865514364	0.997818244032116	0.0519367570165086	-0.0519367570165086
all_individuals	dlpfc	AA	shared	expression_nearest_gene	chr1_15798199_15799255	chr1	15798199	15799255	Heritable	0.136189286537587	1	1	0	0	0.858713403045141	0.997818244032116	0.0412227086310741	0.0412227086310741
all_individuals	dlpfc	AA	shared	expression_nearest_gene	chr1_15813872_15815282	chr1	15813872	15815282	Heritable	0.150818087077512	1	1	0	0	0.98246088502056	0.997818244032116	0.0056487057055179	0.0056487057055179
all_individuals	dlpfc	AA	shared	expression_nearest_gene	chr1_15819264_15819928	chr1	15819264	15819928	Heritable	0.140223835688161	1	1	0	0	0.969271961790838	0.997818244032116	0.0103370974391064	0.0103370974391064
all_individuals	dlpfc	AA	shared	expression_nearest_gene	chr1_15821115_15821542	chr1	15821115	15821542	Heritable	0.146015722807765	1	1	0	0	0.747738384621185	0.997818244032116	0.0953386992628875	0.0953386992628875
all_individuals	dlpfc	AA	shared	expression_nearest_gene	chr1_158212443_158214229	chr1	158212443	158214229	Heritable	0.312635562595624	1	1	0	0	0.808751689665023	0.997818244032116	0.043515039098446	-0.043515039098446
all_individuals	dlpfc	AA	shared	expression_nearest_gene	chr1_1589331_1589692	chr1	1589331	1589692	Heritable	0.106021814091929	1	1	0	0	0.3536380368486	0.997818244032116	0.256474828270925	0.256474828270925
all_individuals	dlpfc	AA	shared	expression_nearest_gene	chr1_15904704_15905913	chr1	15904704	15905913	Heritable	0.103856867721282	1	1	0	0	0.581216411679146	0.997818244032116	0.0831883365469679	0.0831883365469679
all_individuals	dlpfc	AA	shared	expression_nearest_gene	chr1_15909952_15910110	chr1	15909952	15910110	Heritable	0.111221205336469	1	1	0	0	0.586172766122304	0.997818244032116	0.100683684090768	0.100683684090768
all_individuals	dlpfc	AA	shared	expression_nearest_gene	chr1_15911208_15914597	chr1	15911208	15914597	Heritable	0.135807655575978	1	1	0	0	0.542799171460709	0.997818244032116	0.0993565874390825	0.0993565874390825
all_individuals	dlpfc	AA	shared	expression_nearest_gene	chr1_159173520_159175372	chr1	159173520	159175372	Heritable	0.188818801138675	1	1	0	0	0.353564526162781	0.997818244032116	0.171370600067767	0.171370600067767
all_individuals	dlpfc	AA	shared	expression_nearest_gene	chr1_159176713_159179044	chr1	159176713	159179044	Heritable	0.118821803700895	1	1	0	0	0.803221005696137	0.997818244032116	0.0476981151803037	0.0476981151803037
all_individuals	dlpfc	AA	shared	expression_nearest_gene	chr1_1592474_1592769	chr1	1592474	1592769	Heritable	0.110009976188945	1	1	0	0	0.295432694829215	0.983008463446871	0.29071970284361	0.29071970284361
all_individuals	dlpfc	AA	shared	expression_nearest_gene	chr1_15929624_15929867	chr1	15929624	15929867	Heritable	0.101948671137182	1	1	0	0	0.982433341492647	0.997818244032116	0.00465928629937551	0.00465928629937551
all_individuals	dlpfc	AA	shared	expression_nearest_gene	chr1_15935608_15936221	chr1	15935608	15936221	Heritable	0.116245870162761	1	1	0	0	0.848148341413409	0.997818244032116	0.0380737457539055	0.0380737457539055
all_individuals	dlpfc	AA	shared	expression_nearest_gene	chr1_15980274_15980991	chr1	15980274	15980991	Heritable	0.125906493454074	1	1	0	0	0.484207467145241	0.997818244032116	0.127255939105892	-0.127255939105892
all_individuals	dlpfc	AA	shared	expression_nearest_gene	chr1_15988425_15989005	chr1	15988425	15989005	Heritable	0.142623645449723	1	1	0	0	0.530916368081892	0.997818244032116	0.101733968063601	-0.101733968063601
all_individuals	dlpfc	AA	shared	expression_nearest_gene	chr1_16063481_16063751	chr1	16063481	16063751	Heritable	0.15343871004469	1	1	0	0	0.83833137843115	0.997818244032116	0.0688311319645343	0.0688311319645343
all_individuals	dlpfc	AA	shared	expression_nearest_gene	chr1_16072074_16072560	chr1	16072074	16072560	Heritable	0.112692432999793	1	1	0	0	0.779572585836209	0.997818244032116	0.0947673350991041	-0.0947673350991041
all_individuals	dlpfc	AA	shared	expression_nearest_gene	chr1_16074748_16074998	chr1	16074748	16074998	Heritable	0.112389831095206	1	1	0	0	0.421765698652457	0.997818244032116	0.255613419133719	0.255613419133719
all_individuals	dlpfc	AA	shared	expression_nearest_gene	chr1_16136385_16137027	chr1	16136385	16137027	Heritable	0.134100132240254	1	1	0	0	0.770677226763692	0.997818244032116	0.0715158788977965	-0.0715158788977965
all_individuals	dlpfc	AA	shared	expression_nearest_gene	chr1_161442826_161443878	chr1	161442826	161443878	Heritable	0.137915208023337	1	1	0	0	0.316344144327444	0.985789922519291	0.421008368600706	0.421008368600706
all_individuals	dlpfc	AA	shared	expression_nearest_gene	chr1_161524805_161525287	chr1	161524805	161525287	Heritable	0.115344147108407	1	1	0	0	0.272428053682788	0.975445498063831	0.428681994080732	0.428681994080732
all_individuals	dlpfc	AA	shared	expression_nearest_gene	chr1_161606040_161606236	chr1	161606040	161606236	Heritable	0.136701690264896	1	1	0	0	0.691561460482259	0.997818244032116	0.231024162064809	-0.231024162064809
all_individuals	dlpfc	AA	shared	expression_nearest_gene	chr1_162427933_162428146	chr1	162427933	162428146	Heritable	0.104484583230791	1	1	0	0	0.0295031919879281	0.61983675595293	0.726195217787094	-0.726195217787094
all_individuals	dlpfc	AA	shared	expression_nearest_gene	chr1_16453708_16454985	chr1	16453708	16454985	Heritable	0.152266945357814	1	1	0	0	0.97536710468446	0.997818244032116	0.00842734747634211	-0.00842734747634211
all_individuals	dlpfc	AA	shared	expression_nearest_gene	chr1_164801111_164801785	chr1	164801111	164801785	Non-heritable	0.0799248554332583	1	1	0	0	0.879469017570552	0.997818244032116	0.0198174014125172	-0.0198174014125172
all_individuals	dlpfc	AA	shared	expression_nearest_gene	chr1_16623865_16624317	chr1	16623865	16624317	Heritable	0.157220003879686	1	1	0	0	0.574283490178371	0.997818244032116	0.232544484640705	0.232544484640705
all_individuals	dlpfc	AA	shared	expression_nearest_gene	chr1_1666843_1667369	chr1	1666843	1667369	Heritable	0.141614361256345	1	1	0	0	0.214871208398027	0.944738201137267	0.304478408807999	0.304478408807999
all_individuals	dlpfc	AA	shared	expression_nearest_gene	chr1_168056189_168056443	chr1	168056189	168056443	Heritable	0.24327754766674	1	1	0	0	0.972290129989938	0.997818244032116	0.00293099211542724	-0.00293099211542724
all_individuals	dlpfc	AA	shared	expression_nearest_gene	chr1_16861851_16861959	chr1	16861851	16861959	Heritable	0.162281258637211	1	1	0	0	0.606197342485283	0.997818244032116	0.140558028338043	0.140558028338043
all_individuals	dlpfc	AA	shared	expression_nearest_gene	chr1_169265182_169268644	chr1	169265182	169268644	Heritable	0.135067178694838	1	1	0	0	0.341783355396823	0.997818244032116	0.24185614081219	0.24185614081219
all_individuals	dlpfc	AA	shared	expression_nearest_gene	chr1_16942823_16943040	chr1	16942823	16943040	Heritable	0.124156560805373	1	1	0	0	0.084332704076565	0.845216945719577	0.495913396188826	0.495913396188826
all_individuals	dlpfc	AA	shared	expression_nearest_gene	chr1_17073056_17073395	chr1	17073056	17073395	Heritable	0.117090005557908	1	1	0	0	0.253088057997759	0.958517967227171	0.119829549368973	-0.119829549368973
all_individuals	dlpfc	AA	shared	expression_nearest_gene	chr1_17118055_17118636	chr1	17118055	17118636	Non-heritable	0.0916270084236366	1	1	0	0	0.404620728815317	0.997818244032116	0.0873873033951433	-0.0873873033951433
all_individuals	dlpfc	AA	shared	expression_nearest_gene	chr1_17331005_17331912	chr1	17331005	17331912	Heritable	0.101903017571874	1	1	0	0	0.919903976546989	0.997818244032116	0.0172189844416053	-0.0172189844416053
all_individuals	dlpfc	AA	shared	expression_nearest_gene	chr1_17409583_17409840	chr1	17409583	17409840	Heritable	0.117818974243779	1	1	0	0	0.112566447953679	0.885502111448744	0.332896853676303	-0.332896853676303
all_individuals	dlpfc	AA	shared	expression_nearest_gene	chr1_17464490_17465281	chr1	17464490	17465281	Heritable	0.128740927270963	1	1	0	0	0.942343984468107	0.997818244032116	0.0143797634934941	0.0143797634934941
all_individuals	dlpfc	AA	shared	expression_nearest_gene	chr1_17478087_17478722	chr1	17478087	17478722	Heritable	0.10217307331155	1	1	0	0	0.602945887592995	0.997818244032116	0.0916484177085195	0.0916484177085195
all_individuals	dlpfc	AA	shared	expression_nearest_gene	chr1_17495139_17495791	chr1	17495139	17495791	Heritable	0.128502698567097	1	1	0	0	0.869417251738905	0.997818244032116	0.0322469794872298	0.0322469794872298
all_individuals	dlpfc	AA	shared	expression_nearest_gene	chr1_17575541_17575610	chr1	17575541	17575610	Non-heritable	0.0924806706711541	1	1	0	0	0.181007206794562	0.913270078422155	0.287887576584245	-0.287887576584245
all_individuals	dlpfc	AA	shared	expression_nearest_gene	chr1_17622850_17623033	chr1	17622850	17623033	Heritable	0.140650747456878	1	1	0	0	0.0903000337794867	0.852417590912265	0.368203072233026	-0.368203072233026
all_individuals	dlpfc	AA	shared	expression_nearest_gene	chr1_17670275_17670471	chr1	17670275	17670471	Heritable	0.14081281509122	1	1	0	0	0.0758600024588312	0.830141710561625	0.376795454172942	-0.376795454172942
all_individuals	dlpfc	AA	shared	expression_nearest_gene	chr1_179362636_179364257	chr1	179362636	179364257	Heritable	0.224015715434593	1	1	0	0	0.0550092435098462	0.794074905727395	0.415315229247461	0.415315229247461
all_individuals	dlpfc	AA	shared	expression_nearest_gene	chr1_180182465_180182752	chr1	180182465	180182752	Heritable	0.121661373253753	1	1	0	0	0.128238335401256	0.885502111448744	0.329559189056347	-0.329559189056347
all_individuals	dlpfc	AA	shared	expression_nearest_gene	chr1_182031990_182032769	chr1	182031990	182032769	Heritable	0.227608101785448	1	1	0	0	0.932724828883732	0.997818244032116	0.0130509273911672	0.0130509273911672
all_individuals	dlpfc	AA	shared	expression_nearest_gene	chr1_18482339_18482875	chr1	18482339	18482875	Non-heritable	0.0728970871754809	1	1	0	0	0.424361602560029	0.997818244032116	0.120207109812067	-0.120207109812067
all_individuals	dlpfc	AA	shared	expression_nearest_gene	chr1_185403296_185404583	chr1	185403296	185404583	Heritable	0.250968572869997	1	1	0	0	0.465026925115847	0.997818244032116	0.00441352892904561	0.00441352892904561
all_individuals	dlpfc	AA	shared	expression_nearest_gene	chr1_18575735_18576317	chr1	18575735	18576317	Heritable	0.531487576239137	1	1	0	0	0.310463399428124	0.985760877676827	0.346459099559031	-0.346459099559031
all_individuals	dlpfc	AA	shared	expression_nearest_gene	chr1_18638903_18639867	chr1	18638903	18639867	Heritable	0.179431452681749	1	1	0	0	0.365433236227805	0.997818244032116	0.317651747709284	0.317651747709284
all_individuals	dlpfc	AA	shared	expression_nearest_gene	chr1_18784068_18784795	chr1	18784068	18784795	Heritable	0.427487677362928	1	1	0	0	0.225869903483914	0.945922411985591	0.370250269484961	-0.370250269484961
all_individuals	dlpfc	AA	shared	expression_nearest_gene	chr1_1903901_1904043	chr1	1903901	1904043	Heritable	0.114214519883141	1	1	0	0	0.657360253280645	0.997818244032116	0.0764071070901244	-0.0764071070901244
all_individuals	dlpfc	AA	shared	expression_nearest_gene	chr1_19045335_19045634	chr1	19045335	19045634	Heritable	0.126851365391214	1	1	0	0	0.733741514710395	0.997818244032116	0.0519736970527163	0.0519736970527163
all_individuals	dlpfc	AA	shared	expression_nearest_gene	chr1_1909408_1909780	chr1	1909408	1909780	Heritable	0.183672210959697	1	1	0	0	0.440759106465547	0.997818244032116	0.117374809143241	0.117374809143241
all_individuals	dlpfc	AA	shared	expression_nearest_gene	chr1_19183443_19183676	chr1	19183443	19183676	Heritable	0.122618695286556	1	1	0	0	0.24078288874869	0.954339296737319	0.183088787518166	0.183088787518166
all_individuals	dlpfc	AA	shared	expression_nearest_gene	chr1_19264150_19264345	chr1	19264150	19264345	Heritable	0.136762901099365	1	1	0	0	0.119126386819463	0.885502111448744	0.347561522564276	0.347561522564276
all_individuals	dlpfc	AA	shared	expression_nearest_gene	chr1_1931092_1933010	chr1	1931092	1933010	Heritable	0.142035812316927	1	1	0	0	0.786516336130947	0.997818244032116	0.0548066318663789	-0.0548066318663789
all_individuals	dlpfc	AA	shared	expression_nearest_gene	chr1_19320636_19321012	chr1	19320636	19321012	Heritable	0.111708025081961	1	1	0	0	0.467231909834866	0.997818244032116	0.138124111447555	0.138124111447555
all_individuals	dlpfc	AA	shared	expression_nearest_gene	chr1_1948335_1949786	chr1	1948335	1949786	Heritable	0.145633383020981	1	1	0	0	0.723702831355901	0.997818244032116	0.0552698650904064	-0.0552698650904064
all_individuals	dlpfc	AA	shared	expression_nearest_gene	chr1_19503043_19503916	chr1	19503043	19503916	Heritable	0.120913473304547	1	1	0	0	0.609304145099888	0.997818244032116	0.0807887499468762	0.0807887499468762
all_individuals	dlpfc	AA	shared	expression_nearest_gene	chr1_19611216_19611928	chr1	19611216	19611928	Heritable	0.141539642214289	1	1	0	0	0.554148817545423	0.997818244032116	0.0948836102159714	0.0948836102159714
all_individuals	dlpfc	AA	shared	expression_nearest_gene	chr1_19636831_19637644	chr1	19636831	19637644	Heritable	0.126121168149181	1	1	0	0	0.831982067418998	0.997818244032116	0.0369743360664891	0.0369743360664891
all_individuals	dlpfc	AA	shared	expression_nearest_gene	chr1_196777627_196777852	chr1	196777627	196777852	Heritable	0.181273925589979	1	1	0	0	0.293276900192126	0.983008463446871	0.311713310684922	-0.311713310684922
all_individuals	dlpfc	AA	shared	expression_nearest_gene	chr1_1983890_1984190	chr1	1983890	1984190	Heritable	0.15891590807584	1	1	0	0	0.64360926995178	0.997818244032116	0.107931974415592	-0.107931974415592
all_individuals	dlpfc	AA	shared	expression_nearest_gene	chr1_19841456_19842744	chr1	19841456	19842744	Heritable	0.10590001153713	1	1	0	0	0.385297651653325	0.997818244032116	0.0058153084796258	-0.0058153084796258
all_individuals	dlpfc	AA	shared	expression_nearest_gene	chr1_200687555_200688024	chr1	200687555	200688024	Heritable	0.59886444630487	1	1	1	1	6.09481135484235e-05	0.0042181992780046	0.788383836236211	0.788383836236211
all_individuals	dlpfc	AA	shared	expression_nearest_gene	chr1_201467728_201468141	chr1	201467728	201468141	Non-heritable	0.0662754337117483	1	1	0	0	0.40463492063986	0.997818244032116	0.170295091381906	-0.170295091381906
all_individuals	dlpfc	AA	shared	expression_nearest_gene	chr1_202122867_202123855	chr1	202122867	202123855	Heritable	0.150575051031551	1	1	0	0	0.167302058968635	0.911713995663319	0.32782666296594	-0.32782666296594
all_individuals	dlpfc	AA	shared	expression_nearest_gene	chr1_2023270_2023997	chr1	2023270	2023997	Heritable	0.145486967316934	1	1	0	0	0.867992089308681	0.997818244032116	0.0433876140630733	-0.0433876140630733
all_individuals	dlpfc	AA	shared	expression_nearest_gene	chr1_2024922_2025554	chr1	2024922	2025554	Heritable	0.126452341809036	1	1	0	0	0.600873038778983	0.997818244032116	0.130330066009286	-0.130330066009286
all_individuals	dlpfc	AA	shared	expression_nearest_gene	chr1_2027598_2028058	chr1	2027598	2028058	Heritable	0.144128400753404	1	1	0	0	0.723605012755349	0.997818244032116	0.0885671082577595	-0.0885671082577595
all_individuals	dlpfc	AA	shared	expression_nearest_gene	chr1_203027722_203028241	chr1	203027722	203028241	Heritable	0.109940252579905	1	1	0	0	0.503395354407879	0.997818244032116	0.155599805701584	-0.155599805701584
all_individuals	dlpfc	AA	shared	expression_nearest_gene	chr1_203031589_203032041	chr1	203031589	203032041	Heritable	0.117706719500577	1	1	0	0	0.788127851378414	0.997818244032116	0.0702190716323035	-0.0702190716323035
all_individuals	dlpfc	AA	shared	expression_nearest_gene	chr1_203273872_203275035	chr1	203273872	203275035	Heritable	0.172434194327239	1	1	0	0	0.311089858681387	0.985760877676827	0.16980427799257	-0.16980427799257
all_individuals	dlpfc	AA	shared	expression_nearest_gene	chr1_205032600_205032900	chr1	205032600	205032900	Heritable	0.145063270106145	1	1	0	0	0.993587773883121	0.999523316452554	0.00177545770188914	0.00177545770188914
all_individuals	dlpfc	AA	shared	expression_nearest_gene	chr1_205041805_205042540	chr1	205041805	205042540	Heritable	0.119759546729277	1	1	0	0	0.832848920502425	0.997818244032116	0.0327495055729798	-0.0327495055729798
all_individuals	dlpfc	AA	shared	expression_nearest_gene	chr1_205048054_205049344	chr1	205048054	205049344	Heritable	0.118422788829836	1	1	0	0	0.254003825306652	0.960660313945641	0.196158870909741	-0.196158870909741
all_individuals	dlpfc	AA	shared	expression_nearest_gene	chr1_20516523_20519081	chr1	20516523	20519081	Heritable	0.107929513439346	1	1	0	0	0.56374809979205	0.997818244032116	0.0652003757064481	0.0652003757064481
all_individuals	dlpfc	AA	shared	expression_nearest_gene	chr1_205221229_205221595	chr1	205221229	205221595	Heritable	0.1113792465963	1	1	0	0	0.172940556103749	0.911713995663319	0.27633911354631	0.27633911354631
all_individuals	dlpfc	AA	shared	expression_nearest_gene	chr1_20549778_20550749	chr1	20549778	20550749	Heritable	0.123536283119622	1	1	0	0	0.831105109833114	0.997818244032116	0.0492978107821829	-0.0492978107821829
all_individuals	dlpfc	AA	shared	expression_nearest_gene	chr1_20579741_20580452	chr1	20579741	20580452	Heritable	0.161923577610071	1	1	0	0	0.877982188588362	0.997818244032116	0.0214088916965569	-0.0214088916965569
all_individuals	dlpfc	AA	shared	expression_nearest_gene	chr1_207751031_207751443	chr1	207751031	207751443	Heritable	0.144624077653781	1	1	0	0	0.0297987802537195	0.61983675595293	0.472834583877692	0.472834583877692
all_individuals	dlpfc	AA	shared	expression_nearest_gene	chr1_2081920_2083202	chr1	2081920	2083202	Heritable	0.18340334673636	1	1	0	0	0.798295931074971	0.997818244032116	0.0508944869465733	0.0508944869465733
all_individuals	dlpfc	AA	shared	expression_nearest_gene	chr1_2093977_2094983	chr1	2093977	2094983	Heritable	0.108106103224388	1	1	0	0	0.63662604838249	0.997818244032116	0.0870487952262948	-0.0870487952262948
all_individuals	dlpfc	AA	shared	expression_nearest_gene	chr1_2124206_2124496	chr1	2124206	2124496	Heritable	0.200315491360089	1	1	0	0	0.345441583542473	0.997818244032116	0.153155449890548	0.153155449890548
all_individuals	dlpfc	AA	shared	expression_nearest_gene	chr1_212952155_212952792	chr1	212952155	212952792	Non-heritable	0.0585131952593742	1	1	0	0	0.792736154244854	0.997818244032116	0.0784861810031048	0.0784861810031048
all_individuals	dlpfc	AA	shared	expression_nearest_gene	chr1_214364645_214365234	chr1	214364645	214365234	Heritable	0.107113245973432	1	1	0	0	0.128895909451504	0.885502111448744	0.258042954164957	-0.258042954164957
all_individuals	dlpfc	AA	shared	expression_nearest_gene	chr1_21437413_21437632	chr1	21437413	21437632	Heritable	0.15702076964254	1	1	0	0	0.765226767685615	0.997818244032116	0.0835570260387755	0.0835570260387755
all_individuals	dlpfc	AA	shared	expression_nearest_gene	chr1_21628172_21628676	chr1	21628172	21628676	Heritable	0.130770538647531	1	1	0	0	0.777405042651875	0.997818244032116	0.0479644921425653	0.0479644921425653
all_individuals	dlpfc	AA	shared	expression_nearest_gene	chr1_216531350_216532384	chr1	216531350	216532384	Heritable	0.137604753776157	1	1	0	0	0.796286298356451	0.997818244032116	0.0411991348242751	0.0411991348242751
all_individuals	dlpfc	AA	shared	expression_nearest_gene	chr1_2168458_2169116	chr1	2168458	2169116	Heritable	0.129820266391193	1	1	0	0	0.855931533212162	0.997818244032116	0.035703130311231	0.035703130311231
all_individuals	dlpfc	AA	shared	expression_nearest_gene	chr1_21754033_21756437	chr1	21754033	21756437	Heritable	0.126484363808833	1	1	0	0	0.940130700989656	0.997818244032116	0.00839672355753507	-0.00839672355753507
all_individuals	dlpfc	AA	shared	expression_nearest_gene	chr1_21776691_21777687	chr1	21776691	21777687	Heritable	0.145117951356222	1	1	0	0	0.940066465590684	0.997818244032116	0.0085352995322161	0.0085352995322161
all_individuals	dlpfc	AA	shared	expression_nearest_gene	chr1_21790318_21791704	chr1	21790318	21791704	Heritable	0.23422534740662	1	1	0	0	0.84070441225179	0.997818244032116	0.0175334362590966	-0.0175334362590966
all_individuals	dlpfc	AA	shared	expression_nearest_gene	chr1_21844975_21845074	chr1	21844975	21845074	Heritable	0.115592688692219	1	1	0	0	0.447901848866811	0.997818244032116	0.276899094086151	-0.276899094086151
all_individuals	dlpfc	AA	shared	expression_nearest_gene	chr1_21851033_21851133	chr1	21851033	21851133	Heritable	0.10561677485639	1	1	0	0	0.770205745798142	0.997818244032116	0.105720402542658	-0.105720402542658
all_individuals	dlpfc	AA	shared	expression_nearest_gene	chr1_2187365_2187492	chr1	2187365	2187492	Heritable	0.183256580206938	1	1	0	0	0.104905767312438	0.877208377020114	0.361300676920676	0.361300676920676
all_individuals	dlpfc	AA	shared	expression_nearest_gene	chr1_2189280_2190872	chr1	2189280	2190872	Heritable	0.231047884172721	1	1	1	1	0.000328468191634737	0.0180699616705725	0.518522380053338	0.518522380053338
all_individuals	dlpfc	AA	shared	expression_nearest_gene	chr1_22011776_22012152	chr1	22011776	22012152	Heritable	0.113625223655421	1	1	0	0	0.847187266226856	0.997818244032116	0.00123808809198321	-0.00123808809198321
all_individuals	dlpfc	AA	shared	expression_nearest_gene	chr1_22023532_22023988	chr1	22023532	22023988	Heritable	0.15486369720878	1	1	0	0	0.685586667213515	0.997818244032116	0.00211583695885556	-0.00211583695885556
all_individuals	dlpfc	AA	shared	expression_nearest_gene	chr1_22060245_22061356	chr1	22060245	22061356	Heritable	0.130650281409491	1	1	0	0	0.851773029759777	0.997818244032116	0.0383877651971396	0.0383877651971396
all_individuals	dlpfc	AA	shared	expression_nearest_gene	chr1_223795522_223796241	chr1	223795522	223796241	Heritable	0.157817262198965	1	1	0	0	0.982427733213798	0.997818244032116	0.00280167442959467	0.00280167442959467
all_individuals	dlpfc	AA	shared	expression_nearest_gene	chr1_22427122_22427569	chr1	22427122	22427569	Heritable	0.138582693764307	1	1	0	0	0.888038073840669	0.997818244032116	0.0197004635957185	0.0197004635957185
all_individuals	dlpfc	AA	shared	expression_nearest_gene	chr1_22435933_22436707	chr1	22435933	22436707	Heritable	0.132537520589432	1	1	0	0	0.861395315029111	0.997818244032116	0.0275771231922128	-0.0275771231922128
all_individuals	dlpfc	AA	shared	expression_nearest_gene	chr1_2245535_2246034	chr1	2245535	2246034	Heritable	0.111958264248571	1	1	0	0	0.816244112001007	0.997818244032116	0.0447350509546283	0.0447350509546283
all_individuals	dlpfc	AA	shared	expression_nearest_gene	chr1_2250687_2251210	chr1	2250687	2251210	Heritable	0.168984375026691	1	1	0	0	0.86062438280577	0.997818244032116	0.0402856008649515	-0.0402856008649515
all_individuals	dlpfc	AA	shared	expression_nearest_gene	chr1_226209139_226209463	chr1	226209139	226209463	Heritable	0.134113350615497	1	1	0	0	0.784868139978949	0.997818244032116	0.0212601860377918	0.0212601860377918
all_individuals	dlpfc	AA	shared	expression_nearest_gene	chr1_226406493_226406747	chr1	226406493	226406747	Non-heritable	0.0622198335646003	1	1	0	0	0.816379000799775	0.997818244032116	0.0280310606333458	0.0280310606333458
all_individuals	dlpfc	AA	shared	expression_nearest_gene	chr1_2269377_2270088	chr1	2269377	2270088	Heritable	0.201764148342251	1	1	0	0	0.888678190781611	0.997818244032116	0.0312998328250878	-0.0312998328250878
all_individuals	dlpfc	AA	shared	expression_nearest_gene	chr1_226975115_226976585	chr1	226975115	226976585	Non-heritable	0.0684693273562213	1	1	0	0	0.790027630844536	0.997818244032116	0.0557093577940151	0.0557093577940151
all_individuals	dlpfc	AA	shared	expression_nearest_gene	chr1_2273643_2274506	chr1	2273643	2274506	Heritable	0.175432320829305	1	1	0	0	0.90050345497843	0.997818244032116	0.0290591882883362	0.0290591882883362
all_individuals	dlpfc	AA	shared	expression_nearest_gene	chr1_227786784_227786944	chr1	227786784	227786944	Non-heritable	0.0997899017343444	1	1	0	0	0.898939585213371	0.997818244032116	0.0321015179863533	-0.0321015179863533
all_individuals	dlpfc	AA	shared	expression_nearest_gene	chr1_227919560_227919815	chr1	227919560	227919815	Non-heritable	0.0524558006937464	1	1	0	0	0.923468985970932	0.997818244032116	0.0245490066300818	0.0245490066300818
all_individuals	dlpfc	AA	shared	expression_nearest_gene	chr1_2284454_2285123	chr1	2284454	2285123	Heritable	0.159918599751051	1	1	0	0	0.938127921507864	0.997818244032116	0.0169639037191249	0.0169639037191249
all_individuals	dlpfc	AA	shared	expression_nearest_gene	chr1_228628182_228628242	chr1	228628182	228628242	Heritable	0.122978653189476	1	1	0	0	0.98255342732739	0.997818244032116	0.00245659918435048	0.00245659918435048
all_individuals	dlpfc	AA	shared	expression_nearest_gene	chr1_2288010_2288145	chr1	2288010	2288145	Heritable	0.152417473598617	1	1	0	0	0.556709927054057	0.997818244032116	0.12052881548377	0.12052881548377
all_individuals	dlpfc	AA	shared	expression_nearest_gene	chr1_2293047_2293641	chr1	2293047	2293641	Heritable	0.139746822486956	1	1	0	0	0.904493000676665	0.997818244032116	0.0267729206473	-0.0267729206473
all_individuals	dlpfc	AA	shared	expression_nearest_gene	chr1_22946599_22946912	chr1	22946599	22946912	Heritable	0.196522058742213	1	1	0	0	0.745639675022605	0.997818244032116	0.00479932433298959	-0.00479932433298959
all_individuals	dlpfc	AA	shared	expression_nearest_gene	chr1_22991188_22994463	chr1	22991188	22994463	Heritable	0.120872521021501	1	1	0	0	0.267656163682187	0.972463717403515	0.0792001142525345	-0.0792001142525345
all_individuals	dlpfc	AA	shared	expression_nearest_gene	chr1_230322143_230322527	chr1	230322143	230322527	Non-heritable	0.0967297491986498	1	1	0	0	0.441628876078124	0.997818244032116	0.161813467802308	-0.161813467802308
all_individuals	dlpfc	AA	shared	expression_nearest_gene	chr1_230423392_230423909	chr1	230423392	230423909	Heritable	0.101331743283066	1	1	0	0	0.589425122984606	0.997818244032116	0.12709420561852	-0.12709420561852
all_individuals	dlpfc	AA	shared	expression_nearest_gene	chr1_2304365_2304571	chr1	2304365	2304571	Heritable	0.119477573248914	1	1	0	0	0.840758574097009	0.997818244032116	0.0471828841508977	-0.0471828841508977
all_individuals	dlpfc	AA	shared	expression_nearest_gene	chr1_23089739_23090049	chr1	23089739	23090049	Heritable	0.127047741854239	1	1	0	0	0.593498812105115	0.997818244032116	0.0783446724851125	0.0783446724851125
all_individuals	dlpfc	AA	shared	expression_nearest_gene	chr1_230910290_230910636	chr1	230910290	230910636	Heritable	0.137043662602858	1	1	0	0	0.787719169482757	0.997818244032116	0.0341623585620283	-0.0341623585620283
all_individuals	dlpfc	AA	shared	expression_nearest_gene	chr1_23130894_23131981	chr1	23130894	23131981	Heritable	0.116006332097983	1	1	0	0	0.649758647996311	0.997818244032116	0.0613245922414833	0.0613245922414833
all_individuals	dlpfc	AA	shared	expression_nearest_gene	chr1_23166382_23166853	chr1	23166382	23166853	Heritable	0.103210468646496	1	1	0	0	0.691212615464276	0.997818244032116	0.0435067170063661	0.0435067170063661
all_individuals	dlpfc	AA	shared	expression_nearest_gene	chr1_231693831_231694105	chr1	231693831	231694105	Heritable	0.108243589940942	1	1	0	0	0.356392503864281	0.997818244032116	0.198457007350584	-0.198457007350584
all_individuals	dlpfc	AA	shared	expression_nearest_gene	chr1_23185869_23186854	chr1	23185869	23186854	Heritable	0.116630633923492	1	1	0	0	0.979606635832471	0.997818244032116	0.00577316452808141	-0.00577316452808141
all_individuals	dlpfc	AA	shared	expression_nearest_gene	chr1_23240429_23241053	chr1	23240429	23241053	Heritable	0.132077665932758	1	1	0	0	0.596480587763397	0.997818244032116	0.11380756524675	-0.11380756524675
all_individuals	dlpfc	AA	shared	expression_nearest_gene	chr1_23293758_23294682	chr1	23293758	23294682	Heritable	0.111465980063761	1	1	0	0	0.896441523277034	0.997818244032116	0.0291936689507768	-0.0291936689507768
all_individuals	dlpfc	AA	shared	expression_nearest_gene	chr1_23346583_23347379	chr1	23346583	23347379	Heritable	0.188692684774917	1	1	0	0	0.609181356336617	0.997818244032116	0.101378829821437	-0.101378829821437
all_individuals	dlpfc	AA	shared	expression_nearest_gene	chr1_23354515_23355607	chr1	23354515	23355607	Heritable	0.103047753953428	1	1	0	0	0.561027520782981	0.997818244032116	0.118284584712428	-0.118284584712428
all_individuals	dlpfc	AA	shared	expression_nearest_gene	chr1_233612281_233613238	chr1	233612281	233613238	Heritable	0.124557120109325	1	1	0	0	0.437012619357397	0.997818244032116	0.102651853966496	-0.102651853966496
all_individuals	dlpfc	AA	shared	expression_nearest_gene	chr1_233626039_233626531	chr1	233626039	233626531	Heritable	0.13198137963312	1	1	0	0	0.587316967693021	0.997818244032116	0.0867979635104463	-0.0867979635104463
all_individuals	dlpfc	AA	shared	expression_nearest_gene	chr1_233630039_233631623	chr1	233630039	233631623	Heritable	0.103419664782709	1	1	0	0	0.704501839479691	0.997818244032116	0.0623376518842211	-0.0623376518842211
all_individuals	dlpfc	AA	shared	expression_nearest_gene	chr1_233639574_233641218	chr1	233639574	233641218	Heritable	0.139365818329563	1	1	0	0	0.392539093054876	0.997818244032116	0.142810952352157	-0.142810952352157
all_individuals	dlpfc	AA	shared	expression_nearest_gene	chr1_233663810_233664627	chr1	233663810	233664627	Heritable	0.111346193151385	1	1	0	0	0.396602086490989	0.997818244032116	0.143245003249755	-0.143245003249755
all_individuals	dlpfc	AA	shared	expression_nearest_gene	chr1_235700986_235701606	chr1	235700986	235701606	Heritable	0.103437540914467	1	1	0	0	0.584805584469997	0.997818244032116	0.0631390708957618	0.0631390708957618
all_individuals	dlpfc	AA	shared	expression_nearest_gene	chr1_23599596_23599929	chr1	23599596	23599929	Heritable	0.105325971974909	1	1	0	0	0.1758926813869	0.911713995663319	0.137554921266756	-0.137554921266756
all_individuals	dlpfc	AA	shared	expression_nearest_gene	chr1_23605188_23605707	chr1	23605188	23605707	Heritable	0.102511320942524	1	1	0	0	0.313049856782606	0.985760877676827	0.100695680898304	-0.100695680898304
all_individuals	dlpfc	AA	shared	expression_nearest_gene	chr1_23658674_23659387	chr1	23658674	23659387	Heritable	0.103462248882479	1	1	0	0	0.185678292767807	0.919881977298429	0.131426858822381	-0.131426858822381
all_individuals	dlpfc	AA	shared	expression_nearest_gene	chr1_23685821_23686699	chr1	23685821	23686699	Heritable	0.136953326961129	1	1	0	0	0.351691899636048	0.997818244032116	0.119532515200939	-0.119532515200939
all_individuals	dlpfc	AA	shared	expression_nearest_gene	chr1_2378545_2378989	chr1	2378545	2378989	Heritable	0.144541984514799	1	1	0	0	0.360510571020379	0.997818244032116	0.17748873082429	0.17748873082429
all_individuals	dlpfc	AA	shared	expression_nearest_gene	chr1_2381036_2381398	chr1	2381036	2381398	Heritable	0.108408536514536	1	1	0	0	0.483762265912539	0.997818244032116	0.138872363032814	0.138872363032814
all_individuals	dlpfc	AA	shared	expression_nearest_gene	chr1_23827348_23828174	chr1	23827348	23828174	Heritable	0.129119365140522	1	1	0	0	0.609237638734388	0.997818244032116	0.061405778492901	0.061405778492901
all_individuals	dlpfc	AA	shared	expression_nearest_gene	chr1_2384112_2385391	chr1	2384112	2385391	Heritable	0.154706914229588	1	1	0	0	0.725624948313759	0.997818244032116	0.0720017441693477	0.0720017441693477
all_individuals	dlpfc	AA	shared	expression_nearest_gene	chr1_23869360_23869680	chr1	23869360	23869680	Heritable	0.138486814601697	1	1	0	0	0.684384892502481	0.997818244032116	0.0100031649887826	-0.0100031649887826
all_individuals	dlpfc	AA	shared	expression_nearest_gene	chr1_23897706_23899049	chr1	23897706	23899049	Heritable	0.105998614307836	1	1	0	0	0.90402203390364	0.997818244032116	0.00292303172519506	-0.00292303172519506
all_individuals	dlpfc	AA	shared	expression_nearest_gene	chr1_23953719_23954272	chr1	23953719	23954272	Heritable	0.120376245195407	1	1	0	0	0.00961441409424079	0.303148298251085	0.394883183892205	-0.394883183892205
all_individuals	dlpfc	AA	shared	expression_nearest_gene	chr1_240883681_240884184	chr1	240883681	240884184	Heritable	0.12804661596906	1	1	0	0	0.619651862271177	0.997818244032116	0.0738924408762038	-0.0738924408762038
all_individuals	dlpfc	AA	shared	expression_nearest_gene	chr1_241355386_241355915	chr1	241355386	241355915	Heritable	0.109187068535036	1	1	0	0	0.0574229374817982	0.794603662642371	0.308962764414938	-0.308962764414938
all_individuals	dlpfc	AA	shared	expression_nearest_gene	chr1_24259621_24260492	chr1	24259621	24260492	Heritable	0.119659571988955	1	1	0	0	0.882877087029355	0.997818244032116	0.0305265974251595	-0.0305265974251595
all_individuals	dlpfc	AA	shared	expression_nearest_gene	chr1_243101394_243102104	chr1	243101394	243102104	Heritable	0.113645140841192	1	1	0	0	0.849501143169034	0.997818244032116	0.0143296900518484	0.0143296900518484
all_individuals	dlpfc	AA	shared	expression_nearest_gene	chr1_243474532_243474857	chr1	243474532	243474857	Heritable	0.118150911937083	1	1	0	0	0.68357586581473	0.997818244032116	0.0549200249773613	-0.0549200249773613
all_individuals	dlpfc	AA	shared	expression_nearest_gene	chr1_244056785_244059196	chr1	244056785	244059196	Heritable	0.126844318049214	1	1	0	0	0.59564389685455	0.997818244032116	0.0564926303930466	0.0564926303930466
all_individuals	dlpfc	AA	shared	expression_nearest_gene	chr1_244064322_244065666	chr1	244064322	244065666	Heritable	0.136299078279952	1	1	0	0	0.891738101949434	0.997818244032116	0.0164662886531133	0.0164662886531133
all_individuals	dlpfc	AA	shared	expression_nearest_gene	chr1_244087515_244087896	chr1	244087515	244087896	Heritable	0.251249448531683	1	1	0	0	0.995325680284983	0.999523316452554	0.000669772032797056	-0.000669772032797056
all_individuals	dlpfc	AA	shared	expression_nearest_gene	chr1_244099090_244100001	chr1	244099090	244100001	Heritable	0.104676891610962	1	1	0	0	0.717301532378126	0.997818244032116	0.0415712382724287	0.0415712382724287
all_individuals	dlpfc	AA	shared	expression_nearest_gene	chr1_244154864_244155531	chr1	244154864	244155531	Heritable	0.10107775048761	1	1	0	0	0.825659399627188	0.997818244032116	0.024144100489913	-0.024144100489913
all_individuals	dlpfc	AA	shared	expression_nearest_gene	chr1_24461307_24461695	chr1	24461307	24461695	Heritable	0.127518624519068	1	1	0	0	0.0926129443524467	0.85471572074262	0.223942892884029	0.223942892884029
all_individuals	dlpfc	AA	shared	expression_nearest_gene	chr1_245099425_245099920	chr1	245099425	245099920	Heritable	0.108426812051496	1	1	0	0	0.690866785494129	0.997818244032116	0.0979213009643649	0.0979213009643649
all_individuals	dlpfc	AA	shared	expression_nearest_gene	chr1_245371214_245371353	chr1	245371214	245371353	Heritable	0.114145680075098	1	1	0	0	0.122927908266324	0.885502111448744	0.0232549189548661	-0.0232549189548661
all_individuals	dlpfc	AA	shared	expression_nearest_gene	chr1_245823081_245823688	chr1	245823081	245823688	Heritable	0.143756612793368	1	1	0	0	0.282496686233149	0.980841969484429	0.115446791889065	-0.115446791889065
all_individuals	dlpfc	AA	shared	expression_nearest_gene	chr1_24601768_24602035	chr1	24601768	24602035	Heritable	0.130367768303759	1	1	0	0	0.175749115532123	0.911713995663319	0.323176879871864	0.323176879871864
all_individuals	dlpfc	AA	shared	expression_nearest_gene	chr1_246071746_246072586	chr1	246071746	246072586	Non-heritable	0.0544816310697284	1	1	0	0	0.450850521955894	0.997818244032116	0.080574607991057	-0.080574607991057
all_individuals	dlpfc	AA	shared	expression_nearest_gene	chr1_246221627_246221905	chr1	246221627	246221905	Heritable	0.210008449789725	1	1	0	0	0.311491649621892	0.985760877676827	0.113424240541272	-0.113424240541272
all_individuals	dlpfc	AA	shared	expression_nearest_gene	chr1_24626032_24627413	chr1	24626032	24627413	Heritable	0.106474602462846	1	1	0	0	0.219238014049179	0.945014449508517	0.18147757754555	0.18147757754555
all_individuals	dlpfc	AA	shared	expression_nearest_gene	chr1_24704938_24705525	chr1	24704938	24705525	Heritable	0.112501241397666	1	1	0	0	0.700139356773909	0.997818244032116	0.0656868052068447	0.0656868052068447
all_individuals	dlpfc	AA	shared	expression_nearest_gene	chr1_247127684_247128072	chr1	247127684	247128072	Heritable	0.236390248933839	1	1	1	1	1.43128517767511e-10	2.79165668063814e-08	1.30012118194458	-1.30012118194458
all_individuals	dlpfc	AA	shared	expression_nearest_gene	chr1_24737039_24737229	chr1	24737039	24737229	Heritable	0.138672624665913	1	1	0	0	0.787266863151804	0.997818244032116	0.0727461389761643	-0.0727461389761643
all_individuals	dlpfc	AA	shared	expression_nearest_gene	chr1_247518228_247518458	chr1	247518228	247518458	Heritable	0.33432318094038	1	1	1	1	6.43539573293796e-06	0.000541456531177192	0.77470514424325	-0.77470514424325
all_individuals	dlpfc	AA	shared	expression_nearest_gene	chr1_24755884_24756345	chr1	24755884	24756345	Heritable	0.126518472764313	1	1	0	0	0.712222667682354	0.997818244032116	0.0849145384005752	-0.0849145384005752
all_individuals	dlpfc	AA	shared	expression_nearest_gene	chr1_247783121_247784943	chr1	247783121	247784943	Heritable	0.404541431605844	1	1	0	0	0.712540236588889	0.997818244032116	0.0466512705419653	0.0466512705419653
all_individuals	dlpfc	AA	shared	expression_nearest_gene	chr1_247936974_247938282	chr1	247936974	247938282	Heritable	0.178722245248422	1	1	0	0	0.0230925840179148	0.527075946919533	0.289457914754772	-0.289457914754772
all_individuals	dlpfc	AA	shared	expression_nearest_gene	chr1_25142772_25143660	chr1	25142772	25143660	Heritable	0.107759880436341	1	1	0	0	0.604522304978729	0.997818244032116	0.0692061127445758	0.0692061127445758
all_individuals	dlpfc	AA	shared	expression_nearest_gene	chr1_25184865_25185622	chr1	25184865	25185622	Heritable	0.105463599575843	1	1	0	0	0.703621586764998	0.997818244032116	0.0470555006409192	0.0470555006409192
all_individuals	dlpfc	AA	shared	expression_nearest_gene	chr1_25411461_25415450	chr1	25411461	25415450	Heritable	0.197915707280181	1	1	0	0	0.304114286981126	0.985760877676827	0.210477760047928	-0.210477760047928
all_individuals	dlpfc	AA	shared	expression_nearest_gene	chr1_25452307_25453256	chr1	25452307	25453256	Heritable	0.162015656485	1	1	0	0	0.44019376704066	0.997818244032116	0.0722338028357328	0.0722338028357328
all_individuals	dlpfc	AA	shared	expression_nearest_gene	chr1_25480654_25482017	chr1	25480654	25482017	Heritable	0.168592656699388	1	1	0	0	0.484697868321576	0.997818244032116	0.0631775160007244	0.0631775160007244
all_individuals	dlpfc	AA	shared	expression_nearest_gene	chr1_25544802_25545410	chr1	25544802	25545410	Heritable	0.149699501250541	1	1	0	0	0.0807708847536137	0.837009739098271	0.446614689184731	0.446614689184731
all_individuals	dlpfc	AA	shared	expression_nearest_gene	chr1_25557416_25558082	chr1	25557416	25558082	Heritable	0.104779378336284	1	1	0	0	0.153947774756883	0.90562350969366	0.389096327319553	0.389096327319553
all_individuals	dlpfc	AA	shared	expression_nearest_gene	chr1_25563534_25564131	chr1	25563534	25564131	Heritable	0.215012962739621	1	1	0	0	0.0892742780614243	0.852417590912265	0.424699332508876	0.424699332508876
all_individuals	dlpfc	AA	shared	expression_nearest_gene	chr1_25601074_25601771	chr1	25601074	25601771	Heritable	0.121152560743003	1	1	0	0	0.724477660371124	0.997818244032116	0.0785656495113023	-0.0785656495113023
all_individuals	dlpfc	AA	shared	expression_nearest_gene	chr1_25667254_25667999	chr1	25667254	25667999	Heritable	0.187351992893415	1	1	0	0	0.801184050800342	0.997818244032116	0.0397137825957437	-0.0397137825957437
all_individuals	dlpfc	AA	shared	expression_nearest_gene	chr1_25837731_25838657	chr1	25837731	25838657	Heritable	0.175865168298028	1	1	0	0	0.74788656028111	0.997818244032116	0.064117366515613	-0.064117366515613
all_individuals	dlpfc	AA	shared	expression_nearest_gene	chr1_25857819_25858039	chr1	25857819	25858039	Heritable	0.121185839388201	1	1	0	0	0.980075747801069	0.997818244032116	0.00643941499943246	-0.00643941499943246
all_individuals	dlpfc	AA	shared	expression_nearest_gene	chr1_25865700_25866572	chr1	25865700	25866572	Heritable	0.141775285056315	1	1	0	0	0.383535066087711	0.997818244032116	0.139845972526539	0.139845972526539
all_individuals	dlpfc	AA	shared	expression_nearest_gene	chr1_25965354_25965766	chr1	25965354	25965766	Heritable	0.128775586376162	1	1	0	0	0.82353153058312	0.997818244032116	0.032414095520668	-0.032414095520668
all_individuals	dlpfc	AA	shared	expression_nearest_gene	chr1_26116632_26117180	chr1	26116632	26117180	Heritable	0.139111707187758	1	1	0	0	0.950021226903533	0.997818244032116	0.00790852685555343	-0.00790852685555343
all_individuals	dlpfc	AA	shared	expression_nearest_gene	chr1_26136178_26137979	chr1	26136178	26137979	Heritable	0.129490613806619	1	1	0	0	0.971147723642642	0.997818244032116	0.00369323232621888	-0.00369323232621888
all_individuals	dlpfc	AA	shared	expression_nearest_gene	chr1_26163367_26163837	chr1	26163367	26163837	Heritable	0.120898642524134	1	1	0	0	0.200937921211122	0.931624393086991	0.319267207134471	-0.319267207134471
all_individuals	dlpfc	AA	shared	expression_nearest_gene	chr1_26173260_26173710	chr1	26173260	26173710	Heritable	0.114019735000839	1	1	0	0	0.146963604599996	0.891024770606275	0.0280832876357744	-0.0280832876357744
all_individuals	dlpfc	AA	shared	expression_nearest_gene	chr1_26432985_26433953	chr1	26432985	26433953	Heritable	0.113758030231986	1	1	0	0	0.743185874253693	0.997818244032116	0.0433441717219303	-0.0433441717219303
all_individuals	dlpfc	AA	shared	expression_nearest_gene	chr1_26434952_26436168	chr1	26434952	26436168	Heritable	0.128413167724848	1	1	0	0	0.673518784080487	0.997818244032116	0.0514595916888871	-0.0514595916888871
all_individuals	dlpfc	AA	shared	expression_nearest_gene	chr1_26440818_26441653	chr1	26440818	26441653	Heritable	0.131476530177853	1	1	0	0	0.51006284480361	0.997818244032116	0.0612968873625857	-0.0612968873625857
all_individuals	dlpfc	AA	shared	expression_nearest_gene	chr1_26562929_26563506	chr1	26562929	26563506	Heritable	0.169334797751955	1	1	0	0	0.250537814215997	0.958038504795448	0.189110817166155	0.189110817166155
all_individuals	dlpfc	AA	shared	expression_nearest_gene	chr1_26735974_26736858	chr1	26735974	26736858	Heritable	0.109476774938835	1	1	0	0	0.386558541890893	0.997818244032116	0.126732358615765	0.126732358615765
all_individuals	dlpfc	AA	shared	expression_nearest_gene	chr1_26872286_26873077	chr1	26872286	26873077	Heritable	0.122277979977785	1	1	0	0	0.789702997331932	0.997818244032116	0.0277899428496404	0.0277899428496404
all_individuals	dlpfc	AA	shared	expression_nearest_gene	chr1_26903826_26905635	chr1	26903826	26905635	Heritable	0.111615166890546	1	1	0	0	0.542176771554051	0.997818244032116	0.0728259149914941	-0.0728259149914941
all_individuals	dlpfc	AA	shared	expression_nearest_gene	chr1_27068079_27068908	chr1	27068079	27068908	Heritable	0.158725042588149	1	1	0	0	0.490877700544271	0.997818244032116	0.202905509759123	0.202905509759123
all_individuals	dlpfc	AA	shared	expression_nearest_gene	chr1_27162624_27163236	chr1	27162624	27163236	Heritable	0.102314156345133	1	1	0	0	0.473628388441599	0.997818244032116	0.191772279045487	0.191772279045487
all_individuals	dlpfc	AA	shared	expression_nearest_gene	chr1_27188385_27189302	chr1	27188385	27189302	Heritable	0.12144031501198	1	1	0	0	0.455556713625916	0.997818244032116	0.238006792851859	0.238006792851859
all_individuals	dlpfc	AA	shared	expression_nearest_gene	chr1_27246624_27247258	chr1	27246624	27247258	Heritable	0.155711610966414	1	1	0	0	0.550722300674801	0.997818244032116	0.0991163321913895	0.0991163321913895
all_individuals	dlpfc	AA	shared	expression_nearest_gene	chr1_27441425_27442317	chr1	27441425	27442317	Heritable	0.126555588941105	1	1	0	0	0.128582889691125	0.885502111448744	0.189540839362692	0.189540839362692
all_individuals	dlpfc	AA	shared	expression_nearest_gene	chr1_27443300_27444070	chr1	27443300	27444070	Heritable	0.129319944501366	1	1	0	0	0.0469406085509886	0.768786836993482	0.266703795483195	0.266703795483195
all_individuals	dlpfc	AA	shared	expression_nearest_gene	chr1_27450593_27450788	chr1	27450593	27450788	Heritable	0.144210910498692	1	1	0	0	0.0853135825116096	0.845216945719577	0.254482363481348	0.254482363481348
all_individuals	dlpfc	AA	shared	expression_nearest_gene	chr1_27847222_27847645	chr1	27847222	27847645	Heritable	0.118141161947981	1	1	0	0	0.658422473273093	0.997818244032116	0.0457572287112367	0.0457572287112367
all_individuals	dlpfc	AA	shared	expression_nearest_gene	chr1_27915837_27916878	chr1	27915837	27916878	Heritable	0.121333393698837	1	1	0	0	0.396622057922156	0.997818244032116	0.11596382443301	-0.11596382443301
all_individuals	dlpfc	AA	shared	expression_nearest_gene	chr1_28001693_28002768	chr1	28001693	28002768	Heritable	0.116392250177167	1	1	0	0	0.9222156977346	0.997818244032116	0.0110364684125592	-0.0110364684125592
all_individuals	dlpfc	AA	shared	expression_nearest_gene	chr1_28083249_28083514	chr1	28083249	28083514	Heritable	0.124267621928449	1	1	0	0	0.443706874169742	0.997818244032116	0.0771028810585683	-0.0771028810585683
all_individuals	dlpfc	AA	shared	expression_nearest_gene	chr1_28089437_28089547	chr1	28089437	28089547	Heritable	0.216317886422052	1	1	0	0	0.872020328775264	0.997818244032116	0.0196563513321522	-0.0196563513321522
all_individuals	dlpfc	AA	shared	expression_nearest_gene	chr1_28101828_28102963	chr1	28101828	28102963	Heritable	0.106980650335567	1	1	0	0	0.835727045923501	0.997818244032116	0.0239691566211846	-0.0239691566211846
all_individuals	dlpfc	AA	shared	expression_nearest_gene	chr1_28165129_28165769	chr1	28165129	28165769	Heritable	0.104225382993317	1	1	0	0	0.861964250568157	0.997818244032116	0.0538298658516689	0.0538298658516689
all_individuals	dlpfc	AA	shared	expression_nearest_gene	chr1_28245560_28247068	chr1	28245560	28247068	Heritable	0.459546939631263	1	1	0	0	0.633924471739305	0.997818244032116	0.0544300373424704	-0.0544300373424704
all_individuals	dlpfc	AA	shared	expression_nearest_gene	chr1_28295088_28296024	chr1	28295088	28296024	Heritable	0.124429288410462	1	1	0	0	0.825217267967143	0.997818244032116	0.020855108101081	0.020855108101081
all_individuals	dlpfc	AA	shared	expression_nearest_gene	chr1_28310224_28311361	chr1	28310224	28311361	Heritable	0.136527161569679	1	1	0	0	0.586978929850496	0.997818244032116	0.0818443896843935	0.0818443896843935
all_individuals	dlpfc	AA	shared	expression_nearest_gene	chr1_28357314_28357866	chr1	28357314	28357866	Heritable	0.102682452361775	1	1	0	0	0.531208630554785	0.997818244032116	0.110880619315683	0.110880619315683
all_individuals	dlpfc	AA	shared	expression_nearest_gene	chr1_28377779_28378024	chr1	28377779	28378024	Heritable	0.16214371004403	1	1	0	0	0.121110174974649	0.885502111448744	0.312439917843802	0.312439917843802
all_individuals	dlpfc	AA	shared	expression_nearest_gene	chr1_28380142_28380351	chr1	28380142	28380351	Heritable	0.163090806251335	1	1	0	0	0.269669722102958	0.972463717403515	0.225055507056084	0.225055507056084
all_individuals	dlpfc	AA	shared	expression_nearest_gene	chr1_28394823_28396992	chr1	28394823	28396992	Heritable	0.114796274324002	1	1	0	0	0.51610733629668	0.997818244032116	0.122103925837679	0.122103925837679
all_individuals	dlpfc	AA	shared	expression_nearest_gene	chr1_28470552_28471330	chr1	28470552	28471330	Heritable	0.143548698786599	1	1	0	0	0.574666179533484	0.997818244032116	0.0985192158400263	0.0985192158400263
all_individuals	dlpfc	AA	shared	expression_nearest_gene	chr1_28544166_28544435	chr1	28544166	28544435	Heritable	0.10073416540505	1	1	0	0	0.859925487660757	0.997818244032116	0.0550433441326801	-0.0550433441326801
all_individuals	dlpfc	AA	shared	expression_nearest_gene	chr1_28674622_28675207	chr1	28674622	28675207	Heritable	0.115925001131791	1	1	0	0	0.29712467422293	0.983008463446871	0.105624008441662	0.105624008441662
all_individuals	dlpfc	AA	shared	expression_nearest_gene	chr1_28698237_28698754	chr1	28698237	28698754	Heritable	0.111335847528283	1	1	0	0	0.252005809066093	0.958038504795448	0.139107583646775	0.139107583646775
all_individuals	dlpfc	AA	shared	expression_nearest_gene	chr1_28878126_28878761	chr1	28878126	28878761	Non-heritable	0.0880573310159278	1	1	0	0	0.804437914695171	0.997818244032116	0.0607281582218953	-0.0607281582218953
all_individuals	dlpfc	AA	shared	expression_nearest_gene	chr1_2911221_2911718	chr1	2911221	2911718	Heritable	0.144576076793401	1	1	0	0	0.390424727285149	0.997818244032116	0.0129816090164173	-0.0129816090164173
all_individuals	dlpfc	AA	shared	expression_nearest_gene	chr1_29175974_29176124	chr1	29175974	29176124	Non-heritable	0.0380038625756641	1	1	0	0	0.444116362237635	0.997818244032116	0.0816844528417562	0.0816844528417562
all_individuals	dlpfc	AA	shared	expression_nearest_gene	chr1_31048743_31050131	chr1	31048743	31050131	Heritable	0.206188639523382	1	1	0	0	0.183201188600615	0.91621946420191	0.0972794835746384	0.0972794835746384
all_individuals	dlpfc	AA	shared	expression_nearest_gene	chr1_31090082_31090633	chr1	31090082	31090633	Heritable	0.130932623068238	1	1	0	0	0.329591875224356	0.99671805502751	0.0740218576010108	0.0740218576010108
all_individuals	dlpfc	AA	shared	expression_nearest_gene	chr1_31194442_31195062	chr1	31194442	31195062	Heritable	0.123256567776428	1	1	0	0	0.81838757660648	0.997818244032116	0.0890722670411055	0.0890722670411055
all_individuals	dlpfc	AA	shared	expression_nearest_gene	chr1_31196144_31197796	chr1	31196144	31197796	Heritable	0.154032077255991	1	1	0	0	0.706314381669018	0.997818244032116	0.141255970959163	0.141255970959163
all_individuals	dlpfc	AA	shared	expression_nearest_gene	chr1_31694914_31695906	chr1	31694914	31695906	Heritable	0.17713759399411	1	1	0	0	0.894438184970212	0.997818244032116	0.0331390013747139	0.0331390013747139
all_individuals	dlpfc	AA	shared	expression_nearest_gene	chr1_32017629_32018182	chr1	32017629	32018182	Heritable	0.133819971246963	1	1	0	0	0.662682574021337	0.997818244032116	0.0376506565767691	0.0376506565767691
all_individuals	dlpfc	AA	shared	expression_nearest_gene	chr1_32293551_32293861	chr1	32293551	32293861	Non-heritable	0.0872328518054062	1	1	0	0	0.53473631629824	0.997818244032116	0.0826387660468937	-0.0826387660468937
all_individuals	dlpfc	AA	shared	expression_nearest_gene	chr1_32586573_32587560	chr1	32586573	32587560	Heritable	0.110211624192108	1	1	0	0	0.16979136559872	0.911713995663319	0.289189006200813	0.289189006200813
all_individuals	dlpfc	AA	shared	expression_nearest_gene	chr1_32714991_32715645	chr1	32714991	32715645	Heritable	0.175539540868685	1	1	0	0	0.673216121279933	0.997818244032116	0.0880633159243178	-0.0880633159243178
all_individuals	dlpfc	AA	shared	expression_nearest_gene	chr1_34076767_34077532	chr1	34076767	34077532	Heritable	0.146144979843953	1	1	0	0	0.467070742818982	0.997818244032116	0.198149714290523	0.198149714290523
all_individuals	dlpfc	AA	shared	expression_nearest_gene	chr1_34109282_34111127	chr1	34109282	34111127	Heritable	0.184226156359097	1	1	0	0	0.596663551069145	0.997818244032116	0.122351674198709	0.122351674198709
all_individuals	dlpfc	AA	shared	expression_nearest_gene	chr1_3494473_3495074	chr1	3494473	3495074	Heritable	0.11096522467115	1	1	0	0	0.771373868716227	0.997818244032116	0.081862607758878	0.081862607758878
all_individuals	dlpfc	AA	shared	expression_nearest_gene	chr1_35013911_35016161	chr1	35013911	35016161	Heritable	0.167643435623936	1	1	0	0	0.79637862191211	0.997818244032116	0.0306932670304505	-0.0306932670304505
all_individuals	dlpfc	AA	shared	expression_nearest_gene	chr1_35048069_35048496	chr1	35048069	35048496	Heritable	0.149583542505585	1	1	0	0	0.384004493607971	0.997818244032116	0.163826739370762	-0.163826739370762
all_individuals	dlpfc	AA	shared	expression_nearest_gene	chr1_35193907_35194424	chr1	35193907	35194424	Heritable	0.186111578476007	1	1	0	0	0.332758356373023	0.997818244032116	0.113456508737283	0.113456508737283
all_individuals	dlpfc	AA	shared	expression_nearest_gene	chr1_35270053_35270731	chr1	35270053	35270731	Heritable	0.196548102740989	1	1	0	0	0.173498144399959	0.911713995663319	0.0886098681739327	-0.0886098681739327
all_individuals	dlpfc	AA	shared	expression_nearest_gene	chr1_35307573_35307922	chr1	35307573	35307922	Heritable	0.173158291930944	1	1	0	0	0.164449510246358	0.911713995663319	0.0931481513954751	-0.0931481513954751
all_individuals	dlpfc	AA	shared	expression_nearest_gene	chr1_35314752_35315846	chr1	35314752	35315846	Heritable	0.181507066024564	1	1	0	0	0.310545690911107	0.985760877676827	0.0662487841441717	-0.0662487841441717
all_individuals	dlpfc	AA	shared	expression_nearest_gene	chr1_35316859_35317583	chr1	35316859	35317583	Heritable	0.218453982058028	1	1	0	0	0.134772144662614	0.886987978379458	0.0882228810339854	-0.0882228810339854
all_individuals	dlpfc	AA	shared	expression_nearest_gene	chr1_35322577_35322981	chr1	35322577	35322981	Heritable	0.185632708980037	1	1	0	0	0.0942481743158327	0.858360614647871	0.126856214025789	-0.126856214025789
all_individuals	dlpfc	AA	shared	expression_nearest_gene	chr1_35477389_35477933	chr1	35477389	35477933	Heritable	0.138101231801874	1	1	0	0	0.414357778669552	0.997818244032116	0.0749147668302754	0.0749147668302754
all_individuals	dlpfc	AA	shared	expression_nearest_gene	chr1_35610296_35610789	chr1	35610296	35610789	Heritable	0.148895867078161	1	1	0	0	0.114657583063577	0.885502111448744	0.170501974026564	0.170501974026564
all_individuals	dlpfc	AA	shared	expression_nearest_gene	chr1_35720480_35720605	chr1	35720480	35720605	Heritable	0.159620866995791	1	1	0	0	0.738734958384453	0.997818244032116	0.0982242801484698	0.0982242801484698
all_individuals	dlpfc	AA	shared	expression_nearest_gene	chr1_35766502_35766989	chr1	35766502	35766989	Heritable	0.136595988540113	1	1	0	0	0.858730677721721	0.997818244032116	0.0560686577847935	0.0560686577847935
all_individuals	dlpfc	AA	shared	expression_nearest_gene	chr1_35794630_35795135	chr1	35794630	35795135	Heritable	0.158742855309989	1	1	0	0	0.684454588651549	0.997818244032116	0.0644808159087127	-0.0644808159087127
all_individuals	dlpfc	AA	shared	expression_nearest_gene	chr1_35805952_35806232	chr1	35805952	35806232	Heritable	0.147346804456815	1	1	0	0	0.924682387886075	0.997818244032116	0.0146977475368182	-0.0146977475368182
all_individuals	dlpfc	AA	shared	expression_nearest_gene	chr1_35979090_35979323	chr1	35979090	35979323	Heritable	0.131793902434514	1	1	0	0	0.662356943928889	0.997818244032116	0.0608929340875193	-0.0608929340875193
all_individuals	dlpfc	AA	shared	expression_nearest_gene	chr1_35986793_35988016	chr1	35986793	35988016	Heritable	0.247339920670481	1	1	0	0	0.836493039502517	0.997818244032116	0.0252307009329513	-0.0252307009329513
all_individuals	dlpfc	AA	shared	expression_nearest_gene	chr1_36050203_36051230	chr1	36050203	36051230	Heritable	0.199743693222018	1	1	0	0	0.587212865859932	0.997818244032116	0.0701377365302598	-0.0701377365302598
all_individuals	dlpfc	AA	shared	expression_nearest_gene	chr1_36182363_36182525	chr1	36182363	36182525	Heritable	0.138444210780699	1	1	0	0	0.219239689759166	0.945014449508517	0.217267016036839	0.217267016036839
all_individuals	dlpfc	AA	shared	expression_nearest_gene	chr1_36221644_36222189	chr1	36221644	36222189	Heritable	0.19697783187946	1	1	0	0	0.940484060819863	0.997818244032116	0.0064119333690158	-0.0064119333690158
all_individuals	dlpfc	AA	shared	expression_nearest_gene	chr1_36260486_36261744	chr1	36260486	36261744	Heritable	0.159966215423922	1	1	0	0	0.844418304589174	0.997818244032116	0.0196176871280507	0.0196176871280507
all_individuals	dlpfc	AA	shared	expression_nearest_gene	chr1_36394742_36395230	chr1	36394742	36395230	Heritable	0.170255901763605	1	1	0	0	0.946945130164535	0.997818244032116	0.0118305822206501	-0.0118305822206501
all_individuals	dlpfc	AA	shared	expression_nearest_gene	chr1_36426693_36427596	chr1	36426693	36427596	Heritable	0.110597259534044	1	1	0	0	0.126678683276031	0.885502111448744	0.173495055919975	0.173495055919975
all_individuals	dlpfc	AA	shared	expression_nearest_gene	chr1_3719121_3719626	chr1	3719121	3719626	Non-heritable	0.064841376745955	1	1	0	0	0.542056663278692	0.997818244032116	0.0754403384435984	0.0754403384435984
all_individuals	dlpfc	AA	shared	expression_nearest_gene	chr1_37818430_37818947	chr1	37818430	37818947	Heritable	0.106308580433965	1	1	0	0	0.879234543668063	0.997818244032116	0.0160782624702787	-0.0160782624702787
all_individuals	dlpfc	AA	shared	expression_nearest_gene	chr1_3812561_3812935	chr1	3812561	3812935	Non-heritable	0.0810913386451967	1	1	0	0	0.699562174533366	0.997818244032116	0.0280439704283069	-0.0280439704283069
all_individuals	dlpfc	AA	shared	expression_nearest_gene	chr1_3858707_3858890	chr1	3858707	3858890	Non-heritable	0.0761542386624709	1	1	0	0	0.917246667455212	0.997818244032116	0.0216043747506447	0.0216043747506447
all_individuals	dlpfc	AA	shared	expression_nearest_gene	chr1_38929493_38930194	chr1	38929493	38930194	Heritable	0.122549756020092	1	1	0	0	0.752201332041626	0.997818244032116	0.06961331237396	0.06961331237396
all_individuals	dlpfc	AA	shared	expression_nearest_gene	chr1_39690139_39690970	chr1	39690139	39690970	Heritable	0.102213214359613	1	1	0	0	0.300964901035017	0.985760877676827	0.196170624105711	-0.196170624105711
all_individuals	dlpfc	AA	shared	expression_nearest_gene	chr1_39868440_39868983	chr1	39868440	39868983	Non-heritable	0.0896904531300868	1	1	0	0	0.889553982358577	0.997818244032116	0.0176707809994419	0.0176707809994419
all_individuals	dlpfc	AA	shared	expression_nearest_gene	chr1_40052906_40053599	chr1	40052906	40053599	Heritable	0.12235309905983	1	1	0	0	0.310281045860041	0.985760877676827	0.140418380944652	-0.140418380944652
all_individuals	dlpfc	AA	shared	expression_nearest_gene	chr1_4018674_4019082	chr1	4018674	4019082	Non-heritable	0.09175635501337	1	1	0	0	0.0652182874703201	0.81476017671674	0.257605815192527	-0.257605815192527
all_individuals	dlpfc	AA	shared	expression_nearest_gene	chr1_40615910_40616213	chr1	40615910	40616213	Heritable	0.117715630154123	1	1	0	0	0.462543288856422	0.997818244032116	0.146531740827584	0.146531740827584
all_individuals	dlpfc	AA	shared	expression_nearest_gene	chr1_40785289_40785591	chr1	40785289	40785591	Heritable	0.125529384334269	1	1	0	0	0.707279399445418	0.997818244032116	0.108829648943717	-0.108829648943717
all_individuals	dlpfc	AA	shared	expression_nearest_gene	chr1_42725028_42726002	chr1	42725028	42726002	Heritable	0.122501734738781	1	1	0	0	0.903227902052869	0.997818244032116	0.00331519442340724	-0.00331519442340724
all_individuals	dlpfc	AA	shared	expression_nearest_gene	chr1_42986563_42987487	chr1	42986563	42987487	Heritable	0.149409023519507	1	1	0	0	0.654649131653246	0.997818244032116	0.112281014001985	0.112281014001985
all_individuals	dlpfc	AA	shared	expression_nearest_gene	chr1_44016367_44017127	chr1	44016367	44017127	Heritable	0.121069636672002	1	1	0	0	0.0542772413663513	0.794074905727395	0.472780186568393	-0.472780186568393
all_individuals	dlpfc	AA	shared	expression_nearest_gene	chr1_44103569_44103673	chr1	44103569	44103673	Heritable	0.473829094765548	1	1	0	0	0.43409606845202	0.997818244032116	0.0629311151487286	0.0629311151487286
all_individuals	dlpfc	AA	shared	expression_nearest_gene	chr1_44474932_44475399	chr1	44474932	44475399	Heritable	0.147175090032368	1	1	0	0	0.320114783826594	0.990347900072037	0.146858254865318	0.146858254865318
all_individuals	dlpfc	AA	shared	expression_nearest_gene	chr1_44951810_44952063	chr1	44951810	44952063	Heritable	0.141541236982678	1	1	0	0	0.346638625445026	0.997818244032116	0.099952539533021	-0.099952539533021
all_individuals	dlpfc	AA	shared	expression_nearest_gene	chr1_47322231_47323256	chr1	47322231	47323256	Heritable	0.143889095490013	1	1	0	0	0.337242345825381	0.997818244032116	0.129929294030953	-0.129929294030953
all_individuals	dlpfc	AA	shared	expression_nearest_gene	chr1_47329188_47330329	chr1	47329188	47330329	Heritable	0.121688485805391	1	1	0	0	0.98757031811641	0.997818244032116	0.00167812274575141	0.00167812274575141
all_individuals	dlpfc	AA	shared	expression_nearest_gene	chr1_50418226_50418740	chr1	50418226	50418740	Heritable	0.100344657940607	1	1	0	0	0.00411738340539379	0.158521437758535	0.499288648633152	0.499288648633152
all_individuals	dlpfc	AA	shared	expression_nearest_gene	chr1_50952107_50952254	chr1	50952107	50952254	Heritable	0.256967595814551	1	1	0	0	0.812346475077496	0.997818244032116	0.0189400724022235	-0.0189400724022235
all_individuals	dlpfc	AA	shared	expression_nearest_gene	chr1_51205026_51207472	chr1	51205026	51207472	Heritable	0.101278124561783	1	1	0	0	0.754030623349336	0.997818244032116	0.0550969789381317	-0.0550969789381317
all_individuals	dlpfc	AA	shared	expression_nearest_gene	chr1_51233140_51233644	chr1	51233140	51233644	Heritable	0.13171089987822	1	1	0	0	0.910558926225196	0.997818244032116	0.0236952123794798	0.0236952123794798
all_individuals	dlpfc	AA	shared	expression_nearest_gene	chr1_51291347_51292059	chr1	51291347	51292059	Heritable	0.138948354631218	1	1	0	0	0.519933353593785	0.997818244032116	0.13933684128941	0.13933684128941
all_individuals	dlpfc	AA	shared	expression_nearest_gene	chr1_52108950_52110319	chr1	52108950	52110319	Heritable	0.188833691423548	1	1	0	0	0.421218228841533	0.997818244032116	0.0634581154349085	0.0634581154349085
all_individuals	dlpfc	AA	shared	expression_nearest_gene	chr1_52721000_52721482	chr1	52721000	52721482	Heritable	0.112617512862799	1	1	0	0	0.382856263414558	0.997818244032116	0.0768176408333119	0.0768176408333119
all_individuals	dlpfc	AA	shared	expression_nearest_gene	chr1_53977200_53977498	chr1	53977200	53977498	Heritable	0.101875077572252	1	1	0	0	0.0394404525584861	0.72947837038131	0.298701736075972	-0.298701736075972
all_individuals	dlpfc	AA	shared	expression_nearest_gene	chr1_54213744_54214114	chr1	54213744	54214114	Heritable	0.128582538576459	1	1	0	0	0.558314482588924	0.997818244032116	0.0853338742128535	0.0853338742128535
all_individuals	dlpfc	AA	shared	expression_nearest_gene	chr1_54308525_54308754	chr1	54308525	54308754	Heritable	0.100093569957612	1	1	0	0	0.312506088951201	0.985760877676827	0.184110256835556	0.184110256835556
all_individuals	dlpfc	AA	shared	expression_nearest_gene	chr1_5994431_5994544	chr1	5994431	5994544	Heritable	0.14294909595695	1	1	0	0	0.699127316818617	0.997818244032116	0.0888700991950477	-0.0888700991950477
all_individuals	dlpfc	AA	shared	expression_nearest_gene	chr1_6110965_6111482	chr1	6110965	6111482	Heritable	0.124980457850879	1	1	0	0	0.522158628111033	0.997818244032116	0.115055141391942	0.115055141391942
all_individuals	dlpfc	AA	shared	expression_nearest_gene	chr1_6114328_6115083	chr1	6114328	6115083	Heritable	0.174173866319422	1	1	0	0	0.740131025649901	0.997818244032116	0.069763024564196	0.069763024564196
all_individuals	dlpfc	AA	shared	expression_nearest_gene	chr1_6123054_6123720	chr1	6123054	6123720	Heritable	0.155961698810227	1	1	0	0	0.813873640079865	0.997818244032116	0.0406270938441971	0.0406270938441971
all_individuals	dlpfc	AA	shared	expression_nearest_gene	chr1_6148562_6148796	chr1	6148562	6148796	Non-heritable	0.0859534246320489	1	1	0	0	0.651150382056705	0.997818244032116	0.103863840952695	0.103863840952695
all_individuals	dlpfc	AA	shared	expression_nearest_gene	chr1_6158729_6159188	chr1	6158729	6159188	Heritable	0.172268215755625	1	1	0	0	0.630912337953994	0.997818244032116	0.0981488197306639	0.0981488197306639
all_individuals	dlpfc	AA	shared	expression_nearest_gene	chr1_6190410_6191661	chr1	6190410	6191661	Heritable	0.197860754436303	1	1	0	0	0.539981798915678	0.997818244032116	0.0634609431383613	0.0634609431383613
all_individuals	dlpfc	AA	shared	expression_nearest_gene	chr1_61933974_61934275	chr1	61933974	61934275	Heritable	0.111521673001909	1	1	0	0	0.23829081553824	0.949401940087826	0.230384217640683	-0.230384217640683
all_individuals	dlpfc	AA	shared	expression_nearest_gene	chr1_61953030_61955498	chr1	61953030	61955498	Heritable	0.106123069049671	1	1	0	0	0.68855632678149	0.997818244032116	0.0827288185163049	0.0827288185163049
all_individuals	dlpfc	AA	shared	expression_nearest_gene	chr1_6202979_6203747	chr1	6202979	6203747	Heritable	0.110318121126287	1	1	0	0	0.429969892573958	0.997818244032116	0.0938483338975349	0.0938483338975349
all_individuals	dlpfc	AA	shared	expression_nearest_gene	chr1_62214713_62215297	chr1	62214713	62215297	Heritable	0.104906670419531	1	1	0	0	0.628371575689509	0.997818244032116	0.0815260799662218	0.0815260799662218
all_individuals	dlpfc	AA	shared	expression_nearest_gene	chr1_62217039_62217813	chr1	62217039	62217813	Heritable	0.141146389151892	1	1	0	0	0.442005033091447	0.997818244032116	0.130688446793413	0.130688446793413
all_individuals	dlpfc	AA	shared	expression_nearest_gene	chr1_63299773_63300593	chr1	63299773	63300593	Heritable	0.154140596167232	1	1	0	0	0.525981262945421	0.997818244032116	0.0233711604879687	-0.0233711604879687
all_individuals	dlpfc	AA	shared	expression_nearest_gene	chr1_6334801_6335479	chr1	6334801	6335479	Heritable	0.117351559079589	1	1	0	0	0.61915210680988	0.997818244032116	0.0811958493014764	-0.0811958493014764
all_individuals	dlpfc	AA	shared	expression_nearest_gene	chr1_6364262_6365337	chr1	6364262	6365337	Heritable	0.140074762733612	1	1	0	0	0.665690121184635	0.997818244032116	0.0816331382894227	-0.0816331382894227
all_individuals	dlpfc	AA	shared	expression_nearest_gene	chr1_6375583_6376212	chr1	6375583	6376212	Heritable	0.116610619936425	1	1	0	0	0.80680547331909	0.997818244032116	0.0386346105026441	-0.0386346105026441
all_individuals	dlpfc	AA	shared	expression_nearest_gene	chr1_6388631_6389035	chr1	6388631	6389035	Heritable	0.210037006914954	1	1	0	0	0.728299876140684	0.997818244032116	0.0630253273032331	-0.0630253273032331
all_individuals	dlpfc	AA	shared	expression_nearest_gene	chr1_6390250_6391612	chr1	6390250	6391612	Heritable	0.148113519174342	1	1	0	0	0.702688081775689	0.997818244032116	0.0502943251647849	-0.0502943251647849
all_individuals	dlpfc	AA	shared	expression_nearest_gene	chr1_6442446_6443305	chr1	6442446	6443305	Heritable	0.117725853368862	1	1	0	0	0.957231440054385	0.997818244032116	0.00329004513412406	0.00329004513412406
all_individuals	dlpfc	AA	shared	expression_nearest_gene	chr1_6481589_6481820	chr1	6481589	6481820	Heritable	0.104882847655406	1	1	0	0	0.537422287849957	0.997818244032116	0.162290657676239	-0.162290657676239
all_individuals	dlpfc	AA	shared	expression_nearest_gene	chr1_6482857_6483092	chr1	6482857	6483092	Non-heritable	0.0316631722664704	1	1	0	0	0.772316491086967	0.997818244032116	0.0842180925081486	-0.0842180925081486
all_individuals	dlpfc	AA	shared	expression_nearest_gene	chr1_64957532_64958008	chr1	64957532	64958008	Heritable	0.144544596058447	1	1	0	0	0.579444802496246	0.997818244032116	0.052957779910308	0.052957779910308
all_individuals	dlpfc	AA	shared	expression_nearest_gene	chr1_65034141_65034829	chr1	65034141	65034829	Heritable	0.109623420061176	1	1	0	0	0.699217768936014	0.997818244032116	0.0373945109571316	0.0373945109571316
all_individuals	dlpfc	AA	shared	expression_nearest_gene	chr1_6522375_6523116	chr1	6522375	6523116	Heritable	0.130684053883543	1	1	0	0	0.980477868474151	0.997818244032116	0.00188822859762183	0.00188822859762183
all_individuals	dlpfc	AA	shared	expression_nearest_gene	chr1_6529880_6530408	chr1	6529880	6530408	Heritable	0.104126511101773	1	1	0	0	0.893122984303533	0.997818244032116	0.0114276112457787	-0.0114276112457787
all_individuals	dlpfc	AA	shared	expression_nearest_gene	chr1_6538333_6539374	chr1	6538333	6539374	Heritable	0.100140822247158	1	1	0	0	0.724315397359573	0.997818244032116	0.0266325512458838	-0.0266325512458838
all_individuals	dlpfc	AA	shared	expression_nearest_gene	chr1_65550124_65550548	chr1	65550124	65550548	Heritable	0.303019888417959	1	1	0	0	0.123948588681608	0.885502111448744	0.425882859096197	0.425882859096197
all_individuals	dlpfc	AA	shared	expression_nearest_gene	chr1_6576924_6578067	chr1	6576924	6578067	Heritable	0.11264929806414	1	1	0	0	0.840043209017949	0.997818244032116	0.0111558141299635	-0.0111558141299635
all_individuals	dlpfc	AA	shared	expression_nearest_gene	chr1_6582907_6583818	chr1	6582907	6583818	Heritable	0.108459342428501	1	1	0	0	0.767672180642683	0.997818244032116	0.0412663386863965	-0.0412663386863965
all_individuals	dlpfc	AA	shared	expression_nearest_gene	chr1_6612183_6612341	chr1	6612183	6612341	Heritable	0.135941520653496	1	1	0	0	0.242676359637831	0.95502009606648	0.199350890584856	-0.199350890584856
all_individuals	dlpfc	AA	shared	expression_nearest_gene	chr1_6616072_6616325	chr1	6616072	6616325	Heritable	0.127285238304031	1	1	0	0	0.968583636823993	0.997818244032116	0.00418238756927103	0.00418238756927103
all_individuals	dlpfc	AA	shared	expression_nearest_gene	chr1_7262152_7262817	chr1	7262152	7262817	Heritable	0.113974181859238	1	1	0	0	0.259777124898032	0.965947697519459	0.138925942603294	0.138925942603294
all_individuals	dlpfc	AA	shared	expression_nearest_gene	chr1_7557824_7558069	chr1	7557824	7558069	Heritable	0.144255424759179	1	1	0	0	0.91127369873449	0.997818244032116	0.0154772944499015	-0.0154772944499015
all_individuals	dlpfc	AA	shared	expression_nearest_gene	chr1_7633647_7634157	chr1	7633647	7634157	Heritable	0.101598098150641	1	1	0	0	0.603466707974406	0.997818244032116	0.0675840510924388	-0.0675840510924388
all_individuals	dlpfc	AA	shared	expression_nearest_gene	chr1_7784964_7785043	chr1	7784964	7785043	Heritable	0.108637820086347	1	1	0	0	0.150487399165992	0.900111882088523	0.343481383361822	0.343481383361822
all_individuals	dlpfc	AA	shared	expression_nearest_gene	chr1_8182792_8183873	chr1	8182792	8183873	Heritable	0.112062434424891	1	1	0	0	0.57104098199037	0.997818244032116	0.0277036390713655	0.0277036390713655
all_individuals	dlpfc	AA	shared	expression_nearest_gene	chr1_8332504_8332730	chr1	8332504	8332730	Heritable	0.134146051890883	1	1	0	0	0.107876874949291	0.880037396211798	0.289728227101991	0.289728227101991
all_individuals	dlpfc	AA	shared	expression_nearest_gene	chr1_87134438_87135554	chr1	87134438	87135554	Heritable	0.108987480575424	1	1	0	0	0.844721906308927	0.997818244032116	0.0397264473809993	0.0397264473809993
all_individuals	dlpfc	AA	shared	expression_nearest_gene	chr1_8713508_8714460	chr1	8713508	8714460	Heritable	0.111214736083677	1	1	0	0	0.935048162664669	0.997818244032116	0.00778588547562009	0.00778588547562009
all_individuals	dlpfc	AA	shared	expression_nearest_gene	chr1_8760086_8760318	chr1	8760086	8760318	Heritable	0.133310684859143	1	1	0	0	0.849411152383034	0.997818244032116	0.0231372209002529	-0.0231372209002529
all_individuals	dlpfc	AA	shared	expression_nearest_gene	chr1_8774595_8775337	chr1	8774595	8775337	Heritable	0.104085235228056	1	1	0	0	0.738138423834018	0.997818244032116	0.0393225180107422	0.0393225180107422
all_individuals	dlpfc	AA	shared	expression_nearest_gene	chr1_8792533_8793113	chr1	8792533	8793113	Heritable	0.122187205759991	1	1	0	0	0.924664979813154	0.997818244032116	0.00984456053232918	-0.00984456053232918
all_individuals	dlpfc	AA	shared	expression_nearest_gene	chr1_8853051_8853571	chr1	8853051	8853571	Non-heritable	0.092826903305706	1	1	0	0	0.694080067703948	0.997818244032116	0.0393062530055524	0.0393062530055524
all_individuals	dlpfc	AA	shared	expression_nearest_gene	chr1_8888367_8888959	chr1	8888367	8888959	Heritable	0.100303554337752	1	1	0	0	0.16929309440743	0.911713995663319	0.113517889067227	0.113517889067227
all_individuals	dlpfc	AA	shared	expression_nearest_gene	chr1_88991832_88992179	chr1	88991832	88992179	Heritable	0.128228834840008	1	1	0	0	0.514531229013224	0.997818244032116	0.195613846501935	-0.195613846501935
all_individuals	dlpfc	AA	shared	expression_nearest_gene	chr1_8906387_8907271	chr1	8906387	8907271	Heritable	0.105145930053517	1	1	0	0	0.216814123275212	0.945014449508517	0.0979742586976161	0.0979742586976161
all_individuals	dlpfc	AA	shared	expression_nearest_gene	chr1_90726433_90726740	chr1	90726433	90726740	Non-heritable	0.0720692888690924	1	1	0	0	0.85238864903729	0.997818244032116	0.00888110553458213	0.00888110553458213
all_individuals	dlpfc	AA	shared	expression_nearest_gene	chr1_90835559_90835813	chr1	90835559	90835813	Heritable	0.133722730020705	1	1	0	0	0.413751141975611	0.997818244032116	0.150479277749849	0.150479277749849
all_individuals	dlpfc	AA	shared	expression_nearest_gene	chr1_90909787_90910134	chr1	90909787	90910134	Heritable	0.135630770244999	1	1	0	0	0.838232306983037	0.997818244032116	0.0185425315770651	0.0185425315770651
all_individuals	dlpfc	AA	shared	expression_nearest_gene	chr1_9222666_9224378	chr1	9222666	9224378	Heritable	0.109863006283923	1	1	0	0	0.180881272187294	0.913270078422155	0.163235542265411	0.163235542265411
all_individuals	dlpfc	AA	shared	expression_nearest_gene	chr1_92876411_92877344	chr1	92876411	92877344	Heritable	0.110347724564172	1	1	0	0	0.745405088051703	0.997818244032116	0.0437878835817371	0.0437878835817371
all_individuals	dlpfc	AA	shared	expression_nearest_gene	chr1_9407927_9408674	chr1	9407927	9408674	Heritable	0.156511408151866	1	1	0	0	0.594407982167633	0.997818244032116	0.0877212033201307	0.0877212033201307
all_individuals	dlpfc	AA	shared	expression_nearest_gene	chr1_9478805_9479309	chr1	9478805	9479309	Heritable	0.180974805780177	1	1	0	0	0.34657056144083	0.997818244032116	0.169554414884161	0.169554414884161
all_individuals	dlpfc	AA	shared	expression_nearest_gene	chr1_9514811_9515512	chr1	9514811	9515512	Heritable	0.101631236988074	1	1	0	0	0.711187352155741	0.997818244032116	0.0581505224890826	-0.0581505224890826
all_individuals	dlpfc	AA	shared	expression_nearest_gene	chr1_9531133_9532263	chr1	9531133	9532263	Heritable	0.122382730767215	1	1	0	0	0.521435930277368	0.997818244032116	0.0954388451284363	-0.0954388451284363
all_individuals	dlpfc	AA	shared	expression_nearest_gene	chr1_9536906_9537435	chr1	9536906	9537435	Heritable	0.115717387733994	1	1	0	0	0.709856153023597	0.997818244032116	0.0472121223928212	0.0472121223928212
all_individuals	dlpfc	AA	shared	expression_nearest_gene	chr1_9580628_9580841	chr1	9580628	9580841	Heritable	0.113305178601568	1	1	0	0	0.526445351030925	0.997818244032116	0.102374343784426	-0.102374343784426
all_individuals	dlpfc	AA	shared	expression_nearest_gene	chr1_9587980_9588075	chr1	9587980	9588075	Heritable	0.125736802116446	1	1	0	0	0.0809506039910936	0.837009739098271	0.351533331792512	0.351533331792512
all_individuals	dlpfc	AA	shared	expression_nearest_gene	chr1_9660973_9661724	chr1	9660973	9661724	Heritable	0.180693078581638	1	1	0	0	0.933416413862641	0.997818244032116	0.0173465272444489	0.0173465272444489
all_individuals	dlpfc	AA	shared	expression_nearest_gene	chr1_9695418_9695830	chr1	9695418	9695830	Heritable	0.161341346102416	1	1	0	0	0.490227767346057	0.997818244032116	0.155778316864136	-0.155778316864136
all_individuals	dlpfc	AA	shared	expression_nearest_gene	chr1_9762017_9762447	chr1	9762017	9762447	Heritable	0.15130685820087	1	1	0	0	0.363195591436909	0.997818244032116	0.152351417973811	0.152351417973811
all_individuals	dlpfc	AA	shared	expression_nearest_gene	chr1_9771277_9771826	chr1	9771277	9771826	Heritable	0.186469637383623	1	1	0	0	0.497571303474221	0.997818244032116	0.106521788271657	0.106521788271657
all_individuals	dlpfc	AA	shared	expression_nearest_gene	chr1_9805632_9805798	chr1	9805632	9805798	Heritable	0.177871053036844	1	1	0	0	0.624674490615367	0.997818244032116	0.0913613087479348	0.0913613087479348
all_individuals	dlpfc	AA	shared	expression_nearest_gene	chr1_9829588_9830051	chr1	9829588	9830051	Heritable	0.165006187638999	1	1	0	0	0.281655700273776	0.980841969484429	0.197104895296071	0.197104895296071
all_individuals	dlpfc	AA	shared	expression_nearest_gene	chr1_9832143_9832605	chr1	9832143	9832605	Heritable	0.187060328774998	1	1	0	0	0.383506195758623	0.997818244032116	0.152976429752407	0.152976429752407
all_individuals	dlpfc	AA	shared	expression_nearest_gene	chr1_9908072_9908412	chr1	9908072	9908412	Heritable	0.149774862867673	1	1	0	0	0.515493231111547	0.997818244032116	0.116759620658456	0.116759620658456
all_individuals	dlpfc	AA	shared	expression_nearest_gene	chr1_9925738_9926651	chr1	9925738	9926651	Heritable	0.139235007967085	1	1	0	0	0.881789960857202	0.997818244032116	0.0154569868874077	0.0154569868874077
all_individuals	dlpfc	AA	shared	expression_nearest_gene	chr1_9932063_9932678	chr1	9932063	9932678	Heritable	0.116233219868175	1	1	0	0	0.750307728117346	0.997818244032116	0.0357852881615042	-0.0357852881615042
all_individuals	dlpfc	AA	shared	expression_nearest_gene	chr1_9953666_9956151	chr1	9953666	9956151	Heritable	0.112222729367665	1	1	0	0	0.182976013515889	0.916161113181655	0.159222575745346	-0.159222575745346
all_individuals	dlpfc	AA	shared	expression_nearest_gene	chr1_9959054_9959666	chr1	9959054	9959666	Heritable	0.135753552637855	1	1	0	0	0.23384246194973	0.947930352176406	0.123734249588994	-0.123734249588994
all_individuals	dlpfc	AA	shared	expression_nearest_gene	chr1_9965692_9966350	chr1	9965692	9966350	Heritable	0.116327414946078	1	1	0	0	0.168973919248185	0.911713995663319	0.199692338368136	-0.199692338368136
all_individuals	dlpfc	AA	shared	expression_nearest_gene	chr1_9976506_9977638	chr1	9976506	9977638	Heritable	0.131300823661706	1	1	0	0	0.261695903192139	0.968049241894369	0.134492232486419	-0.134492232486419
all_individuals	dlpfc	AA	shared	expression_nearest_gene	chr1_9980151_9980907	chr1	9980151	9980907	Heritable	0.148583358175908	1	1	0	0	0.312378850738636	0.985760877676827	0.139555531582332	-0.139555531582332
all_individuals	dlpfc	AA	shared	expression_nearest_gene	chr20_10604603_10605573	chr20	10604603	10605573	Heritable	0.114694713118857	1	1	0	0	0.844040721514215	0.997818244032116	0.0321100502387637	0.0321100502387637
all_individuals	dlpfc	AA	shared	expression_nearest_gene	chr20_11920603_11923874	chr20	11920603	11923874	Heritable	0.125524373376399	1	1	0	0	0.129880458241583	0.885502111448744	0.253849657911829	-0.253849657911829
all_individuals	dlpfc	AA	shared	expression_nearest_gene	chr20_13219304_13219588	chr20	13219304	13219588	Non-heritable	0.0830235282376075	1	1	0	0	0.744928164934911	0.997818244032116	0.0652184658254829	-0.0652184658254829
all_individuals	dlpfc	AA	shared	expression_nearest_gene	chr20_14226233_14226902	chr20	14226233	14226902	Heritable	0.116707852128553	1	1	0	0	0.112463974227368	0.885502111448744	0.247535236102706	0.247535236102706
all_individuals	dlpfc	AA	shared	expression_nearest_gene	chr20_16975690_16976120	chr20	16975690	16976120	Heritable	0.143536571313787	1	1	0	0	0.375757760449587	0.997818244032116	0.025287506826318	0.025287506826318
all_individuals	dlpfc	AA	shared	expression_nearest_gene	chr20_19976240_19977674	chr20	19976240	19977674	Heritable	0.117764950737434	1	1	0	0	0.812751254463821	0.997818244032116	0.0306962548197447	-0.0306962548197447
all_individuals	dlpfc	AA	shared	expression_nearest_gene	chr20_20096234_20096676	chr20	20096234	20096676	Non-heritable	0.0981582650554606	1	1	0	0	0.296791135966845	0.983008463446871	0.262229205386152	-0.262229205386152
all_individuals	dlpfc	AA	shared	expression_nearest_gene	chr20_20372182_20372833	chr20	20372182	20372833	Heritable	0.145252693869957	1	1	0	0	0.400954680676599	0.997818244032116	0.215874862367559	0.215874862367559
all_individuals	dlpfc	AA	shared	expression_nearest_gene	chr20_20410838_20412033	chr20	20410838	20412033	Heritable	0.17074160740344	1	1	0	0	0.7602802986794	0.997818244032116	0.0479571886772163	0.0479571886772163
all_individuals	dlpfc	AA	shared	expression_nearest_gene	chr20_20492418_20493183	chr20	20492418	20493183	Heritable	0.140712084858431	1	1	0	0	0.176671325702726	0.911713995663319	0.202130434602921	0.202130434602921
all_individuals	dlpfc	AA	shared	expression_nearest_gene	chr20_21103896_21104854	chr20	21103896	21104854	Heritable	0.107897250991388	1	1	0	0	0.332189568528211	0.997818244032116	0.182607514925958	0.182607514925958
all_individuals	dlpfc	AA	shared	expression_nearest_gene	chr20_21232788_21233370	chr20	21232788	21233370	Heritable	0.181558504743971	1	1	0	0	0.419594212023617	0.997818244032116	0.12510622331915	0.12510622331915
all_individuals	dlpfc	AA	shared	expression_nearest_gene	chr20_21516621_21518242	chr20	21516621	21518242	Heritable	0.165405201341673	1	1	0	0	0.375999679545213	0.997818244032116	0.188565492756799	0.188565492756799
all_individuals	dlpfc	AA	shared	expression_nearest_gene	chr20_21518495_21518719	chr20	21518495	21518719	Heritable	0.127708328517494	1	1	0	0	0.121044369220409	0.885502111448744	0.366371084141274	0.366371084141274
all_individuals	dlpfc	AA	shared	expression_nearest_gene	chr20_21518918_21520220	chr20	21518918	21520220	Heritable	0.1198375226347	1	1	0	0	0.371012659548555	0.997818244032116	0.213779652848515	0.213779652848515
all_individuals	dlpfc	AA	shared	expression_nearest_gene	chr20_22312783_22313265	chr20	22312783	22313265	Heritable	0.269165817896678	1	1	0	0	0.682645031128065	0.997818244032116	0.008555986830801	-0.008555986830801
all_individuals	dlpfc	AA	shared	expression_nearest_gene	chr20_23051389_23051554	chr20	23051389	23051554	Heritable	0.107167989636908	1	1	0	0	0.136875995412811	0.886987978379458	0.762452944803294	0.762452944803294
all_individuals	dlpfc	AA	shared	expression_nearest_gene	chr20_23097069_23097664	chr20	23097069	23097664	Heritable	0.14509868233969	1	1	0	0	0.946591948350261	0.997818244032116	0.0559349686751567	0.0559349686751567
all_individuals	dlpfc	AA	shared	expression_nearest_gene	chr20_23144456_23145166	chr20	23144456	23145166	Heritable	0.112779512994362	1	1	0	0	0.149420591712224	0.898122204885225	0.0667831054209403	0.0667831054209403
all_individuals	dlpfc	AA	shared	expression_nearest_gene	chr20_24963723_24965070	chr20	24963723	24965070	Heritable	0.142142529261222	1	1	0	0	0.083686703506406	0.845216945719577	0.231068928847741	-0.231068928847741
all_individuals	dlpfc	AA	shared	expression_nearest_gene	chr20_25032429_25032932	chr20	25032429	25032932	Heritable	0.148625049100102	1	1	0	0	0.801152299026178	0.997818244032116	0.0665675043690186	-0.0665675043690186
all_individuals	dlpfc	AA	shared	expression_nearest_gene	chr20_25145359_25145680	chr20	25145359	25145680	Heritable	0.352370185029378	1	1	0	0	0.230745155073633	0.947930352176406	0.302597364963967	0.302597364963967
all_individuals	dlpfc	AA	shared	expression_nearest_gene	chr20_25249732_25250405	chr20	25249732	25250405	Heritable	0.114423523489576	1	1	0	0	0.989162592355833	0.998470167913169	0.00267461486780718	-0.00267461486780718
all_individuals	dlpfc	AA	shared	expression_nearest_gene	chr20_2534278_2534541	chr20	2534278	2534541	Heritable	0.124090976985469	1	1	0	0	0.735323239568032	0.997818244032116	0.0949626891834612	0.0949626891834612
all_individuals	dlpfc	AA	shared	expression_nearest_gene	chr20_25478425_25479491	chr20	25478425	25479491	Heritable	0.104730274519027	1	1	0	0	0.568119224085382	0.997818244032116	0.145744061113259	0.145744061113259
all_individuals	dlpfc	AA	shared	expression_nearest_gene	chr20_25984843_25985268	chr20	25984843	25985268	Heritable	0.125095300369852	1	1	0	0	0.00957925634469608	0.303148298251085	1.26650129709257	-1.26650129709257
all_individuals	dlpfc	AA	shared	expression_nearest_gene	chr20_25987086_25987538	chr20	25987086	25987538	Heritable	0.193012629804636	1	1	0	0	0.425082294224633	0.997818244032116	0.417274767151643	-0.417274767151643
all_individuals	dlpfc	AA	shared	expression_nearest_gene	chr20_26009611_26009998	chr20	26009611	26009998	Heritable	0.127309301948481	1	1	0	0	0.574164677165906	0.997818244032116	0.271985148181035	-0.271985148181035
all_individuals	dlpfc	AA	shared	expression_nearest_gene	chr20_26208003_26208041	chr20	26208003	26208041	Low prediction	0.226919225761086	1	1	0	0	0.929012885061074	0.997818244032116	0.0193731814855975	0.0193731814855975
all_individuals	dlpfc	AA	shared	expression_nearest_gene	chr20_29735979_29737347	chr20	29735979	29737347	Low prediction	0.0575901039211381	1	1	0	0	0.176767142408864	0.911713995663319	0.0435948189114572	0.0435948189114572
all_individuals	dlpfc	AA	shared	expression_nearest_gene	chr20_29762888_29763814	chr20	29762888	29763814	Low prediction	0.176831895010868	1	1	0	0	0.0131619559355968	0.379046663890241	0.106349382848556	-0.106349382848556
all_individuals	dlpfc	AA	shared	expression_nearest_gene	chr20_30315023_30317218	chr20	30315023	30317218	Low prediction	0.125047964370818	1	1	1	1	0.000179617577563373	0.0113343974312416	1.34462852574898	-1.34462852574898
all_individuals	dlpfc	AA	shared	expression_nearest_gene	chr20_30339528_30342218	chr20	30339528	30342218	Heritable	0.197330979406752	1	1	1	1	0.000217509978644867	0.0131455678642975	1.17166411208354	1.17166411208354
all_individuals	dlpfc	AA	shared	expression_nearest_gene	chr20_3163305_3165250	chr20	3163305	3165250	Non-heritable	0.0706221969946457	1	1	0	0	0.95740063781571	0.997818244032116	0.0118525505298948	0.0118525505298948
all_individuals	dlpfc	AA	shared	expression_nearest_gene	chr20_3165890_3166158	chr20	3165890	3166158	Non-heritable	0.0528176894741127	1	1	0	0	0.990095572929358	0.998473774525318	0.00311653509955345	-0.00311653509955345
all_individuals	dlpfc	AA	shared	expression_nearest_gene	chr20_31994434_31994926	chr20	31994434	31994926	Heritable	0.136759696546478	1	1	0	0	0.747888201103676	0.997818244032116	0.0854113070917286	0.0854113070917286
all_individuals	dlpfc	AA	shared	expression_nearest_gene	chr20_32519427_32519553	chr20	32519427	32519553	Non-heritable	0.0891487543261686	1	1	0	0	0.935830524907656	0.997818244032116	0.00850571233262798	-0.00850571233262798
all_individuals	dlpfc	AA	shared	expression_nearest_gene	chr20_34524575_34524792	chr20	34524575	34524792	Non-heritable	0.0782057184412855	1	1	0	0	0.872864027410193	0.997818244032116	0.0303674192040475	-0.0303674192040475
all_individuals	dlpfc	AA	shared	expression_nearest_gene	chr20_34655397_34655567	chr20	34655397	34655567	Heritable	0.221087601419016	1	1	0	0	0.58132129358335	0.997818244032116	0.070234787441386	0.070234787441386
all_individuals	dlpfc	AA	shared	expression_nearest_gene	chr20_35227628_35229743	chr20	35227628	35229743	Heritable	0.144079388819772	1	1	0	0	0.768800601084956	0.997818244032116	0.0695552898866598	-0.0695552898866598
all_individuals	dlpfc	AA	shared	expression_nearest_gene	chr20_35275386_35276668	chr20	35275386	35276668	Heritable	0.129411399592831	1	1	0	0	0.302127240223865	0.985760877676827	0.222674139425443	-0.222674139425443
all_individuals	dlpfc	AA	shared	expression_nearest_gene	chr20_36858851_36859337	chr20	36858851	36859337	Heritable	0.147179282611335	1	1	0	0	0.9610970058958	0.997818244032116	0.0114786705922292	0.0114786705922292
all_individuals	dlpfc	AA	shared	expression_nearest_gene	chr20_3787320_3787964	chr20	3787320	3787964	Non-heritable	0.0953583440182086	1	1	0	0	0.551367676395571	0.997818244032116	0.160305143890234	-0.160305143890234
all_individuals	dlpfc	AA	shared	expression_nearest_gene	chr20_37996586_37997028	chr20	37996586	37997028	Heritable	0.131912775715198	1	1	0	0	0.584649220726092	0.997818244032116	0.0674336323240397	0.0674336323240397
all_individuals	dlpfc	AA	shared	expression_nearest_gene	chr20_3804349_3804685	chr20	3804349	3804685	Heritable	0.133859028670747	1	1	0	0	0.802157837614606	0.997818244032116	0.0624111719142597	0.0624111719142597
all_individuals	dlpfc	AA	shared	expression_nearest_gene	chr20_38508791_38509455	chr20	38508791	38509455	Non-heritable	0.0433909772945091	1	1	0	0	0.467550367875777	0.997818244032116	0.0534367461741852	-0.0534367461741852
all_individuals	dlpfc	AA	shared	expression_nearest_gene	chr20_38835536_38835918	chr20	38835536	38835918	Heritable	0.120131215817565	1	1	0	0	0.251890422168614	0.958038504795448	0.20673665551476	-0.20673665551476
all_individuals	dlpfc	AA	shared	expression_nearest_gene	chr20_38900788_38901301	chr20	38900788	38901301	Non-heritable	0.0805486789252036	1	1	0	0	0.191059417223919	0.924559060738879	0.248464634154026	-0.248464634154026
all_individuals	dlpfc	AA	shared	expression_nearest_gene	chr20_41162498_41162696	chr20	41162498	41162696	Heritable	0.10186495203024	1	1	0	0	0.798919614712891	0.997818244032116	0.0414397550730508	-0.0414397550730508
all_individuals	dlpfc	AA	shared	expression_nearest_gene	chr20_41204711_41205793	chr20	41204711	41205793	Heritable	0.188648668680353	1	1	0	0	0.710129669847009	0.997818244032116	0.0457006167310965	-0.0457006167310965
all_individuals	dlpfc	AA	shared	expression_nearest_gene	chr20_43565030_43566009	chr20	43565030	43566009	Heritable	0.154368775298609	1	1	0	0	0.286477651874664	0.982732919677553	0.231836627818439	-0.231836627818439
all_individuals	dlpfc	AA	shared	expression_nearest_gene	chr20_43681396_43681885	chr20	43681396	43681885	Heritable	0.100740859678489	1	1	0	0	0.315470036198298	0.985786328555555	0.200722581538094	-0.200722581538094
all_individuals	dlpfc	AA	shared	expression_nearest_gene	chr20_44070382_44070661	chr20	44070382	44070661	Heritable	0.118389083134436	1	1	0	0	0.146819415865826	0.891024770606275	0.38386894765884	-0.38386894765884
all_individuals	dlpfc	AA	shared	expression_nearest_gene	chr20_44750133_44750860	chr20	44750133	44750860	Heritable	0.350416253642554	1	1	1	1	1.13818417952951e-05	0.000903804886842115	0.693805378751231	0.693805378751231
all_individuals	dlpfc	AA	shared	expression_nearest_gene	chr20_45408083_45409965	chr20	45408083	45409965	Heritable	0.174063768529517	1	1	0	0	0.534792758546546	0.997818244032116	0.144228892343108	-0.144228892343108
all_individuals	dlpfc	AA	shared	expression_nearest_gene	chr20_46303672_46304143	chr20	46303672	46304143	Non-heritable	0.0993470972422697	1	1	0	0	0.910949368099274	0.997818244032116	0.0364016671089313	0.0364016671089313
all_individuals	dlpfc	AA	shared	expression_nearest_gene	chr20_46428049_46434530	chr20	46428049	46434530	Non-heritable	0.0972296283081205	1	1	0	0	0.207657949202438	0.934398228366064	0.150274922781826	-0.150274922781826
all_individuals	dlpfc	AA	shared	expression_nearest_gene	chr20_4725163_4725415	chr20	4725163	4725415	Heritable	0.10833645821606	1	1	0	0	0.558401111427438	0.997818244032116	0.0751778386094953	0.0751778386094953
all_individuals	dlpfc	AA	shared	expression_nearest_gene	chr20_4761750_4761845	chr20	4761750	4761845	Heritable	0.104512540321834	1	1	0	0	0.0848427493677641	0.845216945719577	0.259119175415137	-0.259119175415137
all_individuals	dlpfc	AA	shared	expression_nearest_gene	chr20_4775695_4776541	chr20	4775695	4776541	Heritable	0.341292692036028	1	1	0	0	0.648844409540206	0.997818244032116	0.0715854304801695	-0.0715854304801695
all_individuals	dlpfc	AA	shared	expression_nearest_gene	chr20_48368673_48369177	chr20	48368673	48369177	Heritable	0.122282452451845	1	1	0	0	0.217772792171058	0.945014449508517	0.162850078581519	0.162850078581519
all_individuals	dlpfc	AA	shared	expression_nearest_gene	chr20_48655832_48656892	chr20	48655832	48656892	Heritable	0.12458268347697	1	1	0	0	0.908085780937163	0.997818244032116	0.0198379255032322	0.0198379255032322
all_individuals	dlpfc	AA	shared	expression_nearest_gene	chr20_48728290_48728667	chr20	48728290	48728667	Heritable	0.182234072240022	1	1	0	0	0.756683839931279	0.997818244032116	0.0621425138880269	-0.0621425138880269
all_individuals	dlpfc	AA	shared	expression_nearest_gene	chr20_49882174_49882737	chr20	49882174	49882737	Non-heritable	0.0858460321932746	1	1	0	0	0.200320696606696	0.931624393086991	0.228439436078352	-0.228439436078352
all_individuals	dlpfc	AA	shared	expression_nearest_gene	chr20_49917083_49917292	chr20	49917083	49917292	Heritable	0.549881811759901	1	1	0	0	0.721202764479669	0.997818244032116	0.0593960600190346	-0.0593960600190346
all_individuals	dlpfc	AA	shared	expression_nearest_gene	chr20_51154343_51154586	chr20	51154343	51154586	Heritable	0.114670370192824	1	1	0	0	0.620322378496919	0.997818244032116	0.191999781587866	-0.191999781587866
all_individuals	dlpfc	AA	shared	expression_nearest_gene	chr20_51382975_51383432	chr20	51382975	51383432	Heritable	0.115519252026234	1	1	0	0	0.756852299621826	0.997818244032116	0.0863186619928129	0.0863186619928129
all_individuals	dlpfc	AA	shared	expression_nearest_gene	chr20_5308671_5309286	chr20	5308671	5309286	Heritable	0.661921165152761	1	1	0	0	0.223363494918032	0.945014449508517	0.44037569667514	0.44037569667514
all_individuals	dlpfc	AA	shared	expression_nearest_gene	chr20_53364723_53365563	chr20	53364723	53365563	Heritable	0.11074294044371	1	1	0	0	0.93255087115905	0.997818244032116	0.0239429697840308	-0.0239429697840308
all_individuals	dlpfc	AA	shared	expression_nearest_gene	chr20_54025522_54029640	chr20	54025522	54029640	Heritable	0.104591640699051	1	1	0	0	0.35001409832035	0.997818244032116	0.267695708508199	0.267695708508199
all_individuals	dlpfc	AA	shared	expression_nearest_gene	chr20_57501210_57502216	chr20	57501210	57502216	Heritable	0.104008567647193	1	1	0	0	0.527771908314074	0.997818244032116	0.0134873805353651	0.0134873805353651
all_individuals	dlpfc	AA	shared	expression_nearest_gene	chr20_59042165_59042257	chr20	59042165	59042257	Heritable	0.162182299648074	1	1	1	1	0.000516673690540244	0.0270371561720511	0.594675453568657	-0.594675453568657
all_individuals	dlpfc	AA	shared	expression_nearest_gene	chr20_5913722_5915635	chr20	5913722	5915635	Heritable	0.101803259142303	1	1	0	0	0.277053214081301	0.97766064278196	0.320835801273741	-0.320835801273741
all_individuals	dlpfc	AA	shared	expression_nearest_gene	chr20_59153369_59153592	chr20	59153369	59153592	Non-heritable	0.0640280548895188	1	1	0	0	0.861246789660974	0.997818244032116	0.0502021475126924	-0.0502021475126924
all_individuals	dlpfc	AA	shared	expression_nearest_gene	chr20_59559303_59559582	chr20	59559303	59559582	Heritable	0.100307880352395	1	1	0	0	0.742230678920048	0.997818244032116	0.0461300958907849	0.0461300958907849
all_individuals	dlpfc	AA	shared	expression_nearest_gene	chr20_60087403_60088142	chr20	60087403	60088142	Heritable	0.106882854792621	1	1	0	0	0.0821710478076846	0.843965316000206	0.881230790119842	-0.881230790119842
all_individuals	dlpfc	AA	shared	expression_nearest_gene	chr20_61370831_61371215	chr20	61370831	61371215	Heritable	0.104691629553634	1	1	0	0	0.655869400856782	0.997818244032116	0.123479121525335	0.123479121525335
all_individuals	dlpfc	AA	shared	expression_nearest_gene	chr20_61808153_61808556	chr20	61808153	61808556	Heritable	0.13319977626464	1	1	0	0	0.690463711611343	0.997818244032116	0.0382013471083873	-0.0382013471083873
all_individuals	dlpfc	AA	shared	expression_nearest_gene	chr20_62161437_62161764	chr20	62161437	62161764	Heritable	0.132002438880235	1	1	0	0	0.3511462858083	0.997818244032116	0.121773852315151	-0.121773852315151
all_individuals	dlpfc	AA	shared	expression_nearest_gene	chr20_62280057_62280481	chr20	62280057	62280481	Heritable	0.110744809068352	1	1	0	0	0.47601271179798	0.997818244032116	0.0582139746493091	-0.0582139746493091
all_individuals	dlpfc	AA	shared	expression_nearest_gene	chr20_62297107_62297386	chr20	62297107	62297386	Heritable	0.115367839902877	1	1	0	0	0.556255089427743	0.997818244032116	0.0478200807311673	-0.0478200807311673
all_individuals	dlpfc	AA	shared	expression_nearest_gene	chr20_62304481_62304690	chr20	62304481	62304690	Heritable	0.102130970245453	1	1	0	0	0.119982859438269	0.885502111448744	0.359536921941269	-0.359536921941269
all_individuals	dlpfc	AA	shared	expression_nearest_gene	chr20_62308073_62308593	chr20	62308073	62308593	Heritable	0.102335669211008	1	1	0	0	0.175404159183793	0.911713995663319	0.294524697398121	-0.294524697398121
all_individuals	dlpfc	AA	shared	expression_nearest_gene	chr20_62316771_62317243	chr20	62316771	62317243	Non-heritable	0.0980306366255373	1	1	0	0	0.70976124821973	0.997818244032116	0.143340626812343	-0.143340626812343
all_individuals	dlpfc	AA	shared	expression_nearest_gene	chr20_62391018_62391334	chr20	62391018	62391334	Heritable	0.105559564834917	1	1	0	0	0.847303787822824	0.997818244032116	0.0436706755215202	0.0436706755215202
all_individuals	dlpfc	AA	shared	expression_nearest_gene	chr20_62832021_62833037	chr20	62832021	62833037	Heritable	0.107056156703108	1	1	0	0	0.118218670534151	0.885502111448744	0.431842062980528	-0.431842062980528
all_individuals	dlpfc	AA	shared	expression_nearest_gene	chr20_62905646_62906340	chr20	62905646	62906340	Heritable	0.173373748753146	1	1	0	0	0.994427426088475	0.999523316452554	0.000816108750640865	-0.000816108750640865
all_individuals	dlpfc	AA	shared	expression_nearest_gene	chr20_63010618_63010946	chr20	63010618	63010946	Heritable	0.117967800551119	1	1	0	0	0.951612493321498	0.997818244032116	0.004866241223276	0.004866241223276
all_individuals	dlpfc	AA	shared	expression_nearest_gene	chr20_63028662_63029665	chr20	63028662	63029665	Heritable	0.218807026936873	1	1	0	0	0.0313095932733669	0.639759355885797	0.187085856731325	-0.187085856731325
all_individuals	dlpfc	AA	shared	expression_nearest_gene	chr20_63493957_63494307	chr20	63493957	63494307	Heritable	0.10503391093336	1	1	0	0	0.443894619379711	0.997818244032116	0.22026851280463	-0.22026851280463
all_individuals	dlpfc	AA	shared	expression_nearest_gene	chr20_63500293_63500863	chr20	63500293	63500863	Heritable	0.164227598328303	1	1	0	0	0.627638780005375	0.997818244032116	0.125268899076923	-0.125268899076923
all_individuals	dlpfc	AA	shared	expression_nearest_gene	chr20_63569047_63569718	chr20	63569047	63569718	Heritable	0.223861388929671	1	1	0	0	0.0587775925323003	0.795132929405016	0.72796566376115	0.72796566376115
all_individuals	dlpfc	AA	shared	expression_nearest_gene	chr20_63577413_63577569	chr20	63577413	63577569	Heritable	0.10182479227151	1	1	0	0	0.258829721846283	0.964672006403031	0.620306125487669	-0.620306125487669
all_individuals	dlpfc	AA	shared	expression_nearest_gene	chr20_63629588_63630007	chr20	63629588	63630007	Heritable	0.136226256373961	1	1	0	0	0.665256189311084	0.997818244032116	0.090641996999679	0.090641996999679
all_individuals	dlpfc	AA	shared	expression_nearest_gene	chr20_63657338_63657617	chr20	63657338	63657617	Heritable	0.143089997633548	1	1	0	0	0.21281086711706	0.940444315962209	0.322560664883181	-0.322560664883181
all_individuals	dlpfc	AA	shared	expression_nearest_gene	chr20_63773425_63774217	chr20	63773425	63774217	Heritable	0.105476688660427	1	1	0	0	0.733883056960681	0.997818244032116	0.0847328682429378	-0.0847328682429378
all_individuals	dlpfc	AA	shared	expression_nearest_gene	chr20_63789738_63790281	chr20	63789738	63790281	Heritable	0.134396368565285	1	1	0	0	0.662163133308191	0.997818244032116	0.10356974888867	0.10356974888867
all_individuals	dlpfc	AA	shared	expression_nearest_gene	chr20_63791816_63791925	chr20	63791816	63791925	Heritable	0.104799477794396	1	1	0	0	0.56316137370208	0.997818244032116	0.153503914701176	0.153503914701176
all_individuals	dlpfc	AA	shared	expression_nearest_gene	chr20_63828761_63829513	chr20	63828761	63829513	Non-heritable	0.0674030875858274	1	1	0	0	0.811652381910181	0.997818244032116	0.0593582371711983	0.0593582371711983
all_individuals	dlpfc	AA	shared	expression_nearest_gene	chr20_63834192_63834761	chr20	63834192	63834761	Non-heritable	0.0758578401099077	1	1	0	0	0.84195886429058	0.997818244032116	0.0471505113763051	-0.0471505113763051
all_individuals	dlpfc	AA	shared	expression_nearest_gene	chr20_63919232_63920086	chr20	63919232	63920086	Heritable	0.104458009464464	1	1	0	0	0.707343208842534	0.997818244032116	0.0663421831750277	-0.0663421831750277
all_individuals	dlpfc	AA	shared	expression_nearest_gene	chr20_63946137_63946459	chr20	63946137	63946459	Non-heritable	0.0879853840405296	1	1	0	0	0.477259048657697	0.997818244032116	0.146294239846098	0.146294239846098
all_individuals	dlpfc	AA	shared	expression_nearest_gene	chr20_63947979_63948731	chr20	63947979	63948731	Heritable	0.132593703990512	1	1	0	0	0.1682397913914	0.911713995663319	0.205459217948659	-0.205459217948659
all_individuals	dlpfc	AA	shared	expression_nearest_gene	chr20_63952070_63952653	chr20	63952070	63952653	Heritable	0.124969684904501	1	1	0	0	0.886109078957172	0.997818244032116	0.0306392125051129	-0.0306392125051129
all_individuals	dlpfc	AA	shared	expression_nearest_gene	chr20_64000818_64001548	chr20	64000818	64001548	Non-heritable	0.0897223895618366	1	1	0	0	0.670301440789586	0.997818244032116	0.0580518835788908	0.0580518835788908
all_individuals	dlpfc	AA	shared	expression_nearest_gene	chr20_64196731_64197484	chr20	64196731	64197484	Heritable	0.117537197529427	1	1	0	0	0.336245650988989	0.997818244032116	0.268380366628587	0.268380366628587
all_individuals	dlpfc	AA	shared	expression_nearest_gene	chr20_8829603_8831088	chr20	8829603	8831088	Heritable	0.695194061852682	1	1	0	0	0.336997591368758	0.997818244032116	0.153860273064147	0.153860273064147
all_individuals	dlpfc	AA	shared	expression_nearest_gene	chr21_14280969_14281405	chr21	14280969	14281405	Heritable	0.11928141349037	1	1	0	0	0.354938345308103	0.997818244032116	0.176870637420526	-0.176870637420526
all_individuals	dlpfc	AA	shared	expression_nearest_gene	chr21_15731593_15732802	chr21	15731593	15732802	Heritable	0.11579835091955	1	1	0	0	0.144888219556042	0.886987978379458	0.163251463523551	-0.163251463523551
all_individuals	dlpfc	AA	shared	expression_nearest_gene	chr21_16279705_16280948	chr21	16279705	16280948	Heritable	0.102582931349623	1	1	0	0	0.877112172855777	0.997818244032116	0.0329341676282908	-0.0329341676282908
all_individuals	dlpfc	AA	shared	expression_nearest_gene	chr21_26964027_26965314	chr21	26964027	26965314	Heritable	0.109435509933414	1	1	0	0	0.337103380044511	0.997818244032116	0.199933594031785	-0.199933594031785
all_individuals	dlpfc	AA	shared	expression_nearest_gene	chr21_29018399_29018728	chr21	29018399	29018728	Heritable	0.384223965495819	1	1	0	0	0.394004734749744	0.997818244032116	0.160620820285821	0.160620820285821
all_individuals	dlpfc	AA	shared	expression_nearest_gene	chr21_29297934_29298162	chr21	29297934	29298162	Non-heritable	0.0903423353317937	1	1	0	0	0.280806758058858	0.980483660900014	0.140921732943724	0.140921732943724
all_individuals	dlpfc	AA	shared	expression_nearest_gene	chr21_31181430_31182076	chr21	31181430	31182076	Heritable	0.196348367872842	1	1	0	0	0.168343305529623	0.911713995663319	0.162807607909773	0.162807607909773
all_individuals	dlpfc	AA	shared	expression_nearest_gene	chr21_31216438_31220463	chr21	31216438	31220463	Heritable	0.135654649022122	1	1	0	0	0.220360021356415	0.945014449508517	0.148461888005667	0.148461888005667
all_individuals	dlpfc	AA	shared	expression_nearest_gene	chr21_31225096_31225321	chr21	31225096	31225321	Heritable	0.179851695738749	1	1	0	0	0.344516904852827	0.997818244032116	0.120094251162374	0.120094251162374
all_individuals	dlpfc	AA	shared	expression_nearest_gene	chr21_31234609_31237395	chr21	31234609	31237395	Heritable	0.115308349341825	1	1	0	0	0.134140676988951	0.886987978379458	0.169665568136157	0.169665568136157
all_individuals	dlpfc	AA	shared	expression_nearest_gene	chr21_31246543_31247198	chr21	31246543	31247198	Heritable	0.111606178673044	1	1	0	0	0.161910397821728	0.911713995663319	0.179016706812693	0.179016706812693
all_individuals	dlpfc	AA	shared	expression_nearest_gene	chr21_31248774_31254055	chr21	31248774	31254055	Heritable	0.129090072481297	1	1	0	0	0.186950030219478	0.920956452447216	0.143384713504222	0.143384713504222
all_individuals	dlpfc	AA	shared	expression_nearest_gene	chr21_31275835_31279349	chr21	31275835	31279349	Heritable	0.203269537571832	1	1	0	0	0.363615868054633	0.997818244032116	0.108393747935619	0.108393747935619
all_individuals	dlpfc	AA	shared	expression_nearest_gene	chr21_31305604_31306850	chr21	31305604	31306850	Heritable	0.104689694271229	1	1	0	0	0.271997432285054	0.975445498063831	0.137256677931855	0.137256677931855
all_individuals	dlpfc	AA	shared	expression_nearest_gene	chr21_31310149_31313016	chr21	31310149	31313016	Heritable	0.236681630161636	1	1	0	0	0.231007307645785	0.947930352176406	0.144989765497058	0.144989765497058
all_individuals	dlpfc	AA	shared	expression_nearest_gene	chr21_31316306_31317409	chr21	31316306	31317409	Heritable	0.105555978478562	1	1	0	0	0.207141651778716	0.934398228366064	0.149345685878288	0.149345685878288
all_individuals	dlpfc	AA	shared	expression_nearest_gene	chr21_31333731_31335225	chr21	31333731	31335225	Heritable	0.142712719656673	1	1	0	0	0.239602034081024	0.952453248034832	0.148033964758955	0.148033964758955
all_individuals	dlpfc	AA	shared	expression_nearest_gene	chr21_31543280_31543635	chr21	31543280	31543635	Heritable	0.243496899392522	1	1	0	0	0.476798561357262	0.997818244032116	0.0867999908930415	0.0867999908930415
all_individuals	dlpfc	AA	shared	expression_nearest_gene	chr21_31555497_31557185	chr21	31555497	31557185	Heritable	0.107055670638339	1	1	0	0	0.537473912912969	0.997818244032116	0.0747543021844486	0.0747543021844486
all_individuals	dlpfc	AA	shared	expression_nearest_gene	chr21_32393609_32393798	chr21	32393609	32393798	Heritable	0.312476872887985	1	1	0	0	0.740451370423417	0.997818244032116	0.0714630947569819	0.0714630947569819
all_individuals	dlpfc	AA	shared	expression_nearest_gene	chr21_32977701_32978652	chr21	32977701	32978652	Heritable	0.221278517757973	1	1	0	0	0.328060913735652	0.99671805502751	0.0981958988325038	0.0981958988325038
all_individuals	dlpfc	AA	shared	expression_nearest_gene	chr21_33266808_33267059	chr21	33266808	33267059	Heritable	0.120732486747505	1	1	0	0	0.302077381091944	0.985760877676827	0.191622140444276	0.191622140444276
all_individuals	dlpfc	AA	shared	expression_nearest_gene	chr21_34280259_34280889	chr21	34280259	34280889	Heritable	0.108305779997766	1	1	0	0	0.701048448204361	0.997818244032116	0.134269622084418	0.134269622084418
all_individuals	dlpfc	AA	shared	expression_nearest_gene	chr21_34687960_34688614	chr21	34687960	34688614	Heritable	0.631186206407547	1	1	0	0	0.0662940019781052	0.815093302258021	0.223230350736975	-0.223230350736975
all_individuals	dlpfc	AA	shared	expression_nearest_gene	chr21_36208175_36208863	chr21	36208175	36208863	Heritable	0.179174410424964	1	1	0	0	0.634020722131874	0.997818244032116	0.0774685215305766	-0.0774685215305766
all_individuals	dlpfc	AA	shared	expression_nearest_gene	chr21_36250408_36250903	chr21	36250408	36250903	Heritable	0.133783233486404	1	1	0	0	0.707877886890335	0.997818244032116	0.0652634706415967	-0.0652634706415967
all_individuals	dlpfc	AA	shared	expression_nearest_gene	chr21_36768949_36769261	chr21	36768949	36769261	Non-heritable	0.0999727166255432	1	1	0	0	0.612905423887458	0.997818244032116	0.054326726210931	-0.054326726210931
all_individuals	dlpfc	AA	shared	expression_nearest_gene	chr21_36792041_36792550	chr21	36792041	36792550	Heritable	0.122203307175972	1	1	0	0	0.779671801434506	0.997818244032116	0.0295810387616484	0.0295810387616484
all_individuals	dlpfc	AA	shared	expression_nearest_gene	chr21_36803295_36803574	chr21	36803295	36803574	Heritable	0.11677109688866	1	1	0	0	0.45000072761696	0.997818244032116	0.082212414325852	-0.082212414325852
all_individuals	dlpfc	AA	shared	expression_nearest_gene	chr21_42107907_42108204	chr21	42107907	42108204	Heritable	0.559356038358103	1	1	0	0	0.249654215713334	0.958038504795448	0.215795511371366	0.215795511371366
all_individuals	dlpfc	AA	shared	expression_nearest_gene	chr21_42279690_42279843	chr21	42279690	42279843	Heritable	0.341588101414428	1	1	0	0	0.175313379505316	0.911713995663319	0.298096489222235	-0.298096489222235
all_individuals	dlpfc	AA	shared	expression_nearest_gene	chr21_42761012_42761698	chr21	42761012	42761698	Heritable	0.13789228179653	1	1	0	0	0.950050013384841	0.997818244032116	0.012066001898372	-0.012066001898372
all_individuals	dlpfc	AA	shared	expression_nearest_gene	chr21_43045327_43046735	chr21	43045327	43046735	Heritable	0.142214901330886	1	1	0	0	0.43501652690914	0.997818244032116	0.368246239043707	0.368246239043707
all_individuals	dlpfc	AA	shared	expression_nearest_gene	chr21_43740642_43741613	chr21	43740642	43741613	Heritable	0.127809922176202	1	1	0	0	0.475631007763929	0.997818244032116	0.122032653862711	0.122032653862711
all_individuals	dlpfc	AA	shared	expression_nearest_gene	chr21_43929585_43930103	chr21	43929585	43930103	Heritable	0.134492468100437	1	1	0	0	0.863195584813452	0.997818244032116	0.0188994502568178	-0.0188994502568178
all_individuals	dlpfc	AA	shared	expression_nearest_gene	chr21_43933167_43933353	chr21	43933167	43933353	Heritable	0.234338063034039	1	1	0	0	0.693789894141818	0.997818244032116	0.0459869348781865	-0.0459869348781865
all_individuals	dlpfc	AA	shared	expression_nearest_gene	chr21_43986580_43986988	chr21	43986580	43986988	Heritable	0.113360951000578	1	1	0	0	0.546003699051352	0.997818244032116	0.063677689216604	-0.063677689216604
all_individuals	dlpfc	AA	shared	expression_nearest_gene	chr21_44918699_44920045	chr21	44918699	44920045	Heritable	0.56119221216555	1	1	0	0	0.793515039118143	0.997818244032116	0.0719668176859747	-0.0719668176859747
all_individuals	dlpfc	AA	shared	expression_nearest_gene	chr21_45109866_45110398	chr21	45109866	45110398	Heritable	0.100644917027415	1	1	0	0	0.315685006647056	0.985786328555555	0.229945099815161	-0.229945099815161
all_individuals	dlpfc	AA	shared	expression_nearest_gene	chr21_45469741_45470170	chr21	45469741	45470170	Heritable	0.106048155059139	1	1	0	0	0.502105737279457	0.997818244032116	0.160327883196093	0.160327883196093
all_individuals	dlpfc	AA	shared	expression_nearest_gene	chr21_45556106_45556426	chr21	45556106	45556426	Heritable	0.599873085227448	1	1	0	0	0.607373960946824	0.997818244032116	0.101236622038391	0.101236622038391
all_individuals	dlpfc	AA	shared	expression_nearest_gene	chr21_45571313_45571484	chr21	45571313	45571484	Non-heritable	0.0427165445995065	1	1	0	0	0.223910500815636	0.945014449508517	0.304601970948049	-0.304601970948049
all_individuals	dlpfc	AA	shared	expression_nearest_gene	chr21_45747509_45747694	chr21	45747509	45747694	Non-heritable	0.0788096638655053	1	1	0	0	0.662386073149899	0.997818244032116	0.111439260496206	-0.111439260496206
all_individuals	dlpfc	AA	shared	expression_nearest_gene	chr21_45834121_45834625	chr21	45834121	45834625	Non-heritable	0.054899344968479	1	1	0	0	0.380690473366683	0.997818244032116	0.220826105351968	-0.220826105351968
all_individuals	dlpfc	AA	shared	expression_nearest_gene	chr21_45893597_45894073	chr21	45893597	45894073	Non-heritable	0.0957496773692913	1	1	0	0	0.383795487852693	0.997818244032116	0.213098044578047	-0.213098044578047
all_individuals	dlpfc	AA	shared	expression_nearest_gene	chr21_46222643_46222718	chr21	46222643	46222718	Non-heritable	0.0890130631377917	1	1	0	0	0.141996251578633	0.886987978379458	0.450456150473546	0.450456150473546
all_individuals	dlpfc	AA	shared	expression_nearest_gene	chr21_46298260_46298530	chr21	46298260	46298530	Heritable	0.384428265532219	1	1	0	0	0.0210619996794266	0.499320666433258	0.544362560293275	0.544362560293275
all_individuals	dlpfc	AA	shared	expression_nearest_gene	chr22_16386679_16386762	chr22	16386679	16386762	Heritable	0.140892865904755	1	1	0	0	0.00949730363770061	0.303148298251085	0.147758046570564	-0.147758046570564
all_individuals	dlpfc	AA	shared	expression_nearest_gene	chr22_17398232_17398688	chr22	17398232	17398688	Heritable	0.117783491714124	1	1	0	0	0.787873585195507	0.997818244032116	0.0501653936081254	0.0501653936081254
all_individuals	dlpfc	AA	shared	expression_nearest_gene	chr22_17411388_17412505	chr22	17411388	17412505	Heritable	0.104740008329456	1	1	0	0	0.827866662546538	0.997818244032116	0.0438556986420409	0.0438556986420409
all_individuals	dlpfc	AA	shared	expression_nearest_gene	chr22_17477220_17477819	chr22	17477220	17477819	Heritable	0.165294748438223	1	1	0	0	0.969523600172325	0.997818244032116	0.00720530425771138	-0.00720530425771138
all_individuals	dlpfc	AA	shared	expression_nearest_gene	chr22_17744211_17744533	chr22	17744211	17744533	Heritable	0.11659478117884	1	1	0	0	0.645459099623493	0.997818244032116	0.108523997220837	-0.108523997220837
all_individuals	dlpfc	AA	shared	expression_nearest_gene	chr22_17788880_17789652	chr22	17788880	17789652	Heritable	0.165488171154712	1	1	0	0	0.235542983619319	0.948964195705265	0.231718135189215	0.231718135189215
all_individuals	dlpfc	AA	shared	expression_nearest_gene	chr22_18113784_18114423	chr22	18113784	18114423	Non-heritable	0.0638578209997298	1	1	0	0	0.0350438185295349	0.668324556934375	0.584749202593993	-0.584749202593993
all_individuals	dlpfc	AA	shared	expression_nearest_gene	chr22_18908947_18909858	chr22	18908947	18909858	Heritable	0.219492850752504	1	1	0	1	0.00160396560150028	0.0716939207920593	1.55370189905884	1.55370189905884
all_individuals	dlpfc	AA	shared	expression_nearest_gene	chr22_19353488_19354276	chr22	19353488	19354276	Heritable	0.316675797435768	1	1	0	0	0.274166741036074	0.975445498063831	0.18869527819831	-0.18869527819831
all_individuals	dlpfc	AA	shared	expression_nearest_gene	chr22_19641367_19641947	chr22	19641367	19641947	Heritable	0.109907750175057	1	1	0	0	0.558300800948293	0.997818244032116	0.10148338887054	-0.10148338887054
all_individuals	dlpfc	AA	shared	expression_nearest_gene	chr22_19917462_19917829	chr22	19917462	19917829	Heritable	0.106628285078403	1	1	0	0	0.432902646489387	0.997818244032116	0.165377086554424	0.165377086554424
all_individuals	dlpfc	AA	shared	expression_nearest_gene	chr22_19951505_19951662	chr22	19951505	19951662	Heritable	0.15144936934238	1	1	0	0	0.177368588002386	0.911713995663319	0.23113517956638	-0.23113517956638
all_individuals	dlpfc	AA	shared	expression_nearest_gene	chr22_19979091_19979433	chr22	19979091	19979433	Heritable	0.13568910571682	1	1	0	0	0.634951990290719	0.997818244032116	0.100770460354047	0.100770460354047
all_individuals	dlpfc	AA	shared	expression_nearest_gene	chr22_20008662_20010482	chr22	20008662	20010482	Heritable	0.117063104144193	1	1	0	0	0.343683592279104	0.997818244032116	0.193323137518206	0.193323137518206
all_individuals	dlpfc	AA	shared	expression_nearest_gene	chr22_20014355_20015759	chr22	20014355	20015759	Heritable	0.172971897348173	1	1	0	0	0.397043880578325	0.997818244032116	0.164417717136242	0.164417717136242
all_individuals	dlpfc	AA	shared	expression_nearest_gene	chr22_20204798_20204970	chr22	20204798	20204970	Heritable	0.229150613702178	1	1	0	0	0.477785131693758	0.997818244032116	0.127030464462281	0.127030464462281
all_individuals	dlpfc	AA	shared	expression_nearest_gene	chr22_20235706_20236428	chr22	20235706	20236428	Heritable	0.151219137441225	1	1	0	0	0.744548951603025	0.997818244032116	0.114410988044527	-0.114410988044527
all_individuals	dlpfc	AA	shared	expression_nearest_gene	chr22_20253687_20264010	chr22	20253687	20264010	Heritable	0.115419818280876	1	1	0	0	0.848391983974126	0.997818244032116	0.0698483010184026	0.0698483010184026
all_individuals	dlpfc	AA	shared	expression_nearest_gene	chr22_20718203_20719058	chr22	20718203	20719058	Heritable	0.304933287298896	1	1	0	0	0.341500609142101	0.997818244032116	0.190638621464899	-0.190638621464899
all_individuals	dlpfc	AA	shared	expression_nearest_gene	chr22_20993091_20993454	chr22	20993091	20993454	Heritable	0.172415914886275	1	1	0	0	0.678110806334136	0.997818244032116	0.0791472960306603	-0.0791472960306603
all_individuals	dlpfc	AA	shared	expression_nearest_gene	chr22_21012652_21012912	chr22	21012652	21012912	Heritable	0.142259423866182	1	1	0	0	0.0952785368044906	0.859761017939176	0.563183872583821	-0.563183872583821
all_individuals	dlpfc	AA	shared	expression_nearest_gene	chr22_21031529_21031889	chr22	21031529	21031889	Heritable	0.107484954748693	1	1	0	0	0.691243371202529	0.997818244032116	0.083125097808245	-0.083125097808245
all_individuals	dlpfc	AA	shared	expression_nearest_gene	chr22_21933951_21934284	chr22	21933951	21934284	Heritable	0.121971752760327	1	1	0	0	0.174413943862906	0.911713995663319	0.250544774422593	-0.250544774422593
all_individuals	dlpfc	AA	shared	expression_nearest_gene	chr22_23318463_23318604	chr22	23318463	23318604	Heritable	0.112477864013229	1	1	0	0	0.455573233278839	0.997818244032116	0.181997800934651	0.181997800934651
all_individuals	dlpfc	AA	shared	expression_nearest_gene	chr22_23397012_23397499	chr22	23397012	23397499	Heritable	0.104049066075491	1	1	0	0	0.877402784433704	0.997818244032116	0.0315029175725288	0.0315029175725288
all_individuals	dlpfc	AA	shared	expression_nearest_gene	chr22_23457171_23457662	chr22	23457171	23457662	Heritable	0.125067918931477	1	1	0	0	0.226466853104898	0.946221291794661	0.323542715944571	0.323542715944571
all_individuals	dlpfc	AA	shared	expression_nearest_gene	chr22_23521058_23521120	chr22	23521058	23521120	Heritable	0.253119958983503	1	1	0	0	0.101148708438441	0.868906406217649	0.47499778267801	-0.47499778267801
all_individuals	dlpfc	AA	shared	expression_nearest_gene	chr22_23677441_23677868	chr22	23677441	23677868	Heritable	0.103099457085508	1	1	0	0	0.944316294090381	0.997818244032116	0.0158313557066094	0.0158313557066094
all_individuals	dlpfc	AA	shared	expression_nearest_gene	chr22_23781231_23781631	chr22	23781231	23781631	Heritable	0.122532925570973	1	1	0	0	0.25240565898015	0.958038504795448	0.162524708273777	-0.162524708273777
all_individuals	dlpfc	AA	shared	expression_nearest_gene	chr22_23802567_23803530	chr22	23802567	23803530	Heritable	0.168030525235036	1	1	0	0	0.113659166311987	0.885502111448744	0.247344985064147	0.247344985064147
all_individuals	dlpfc	AA	shared	expression_nearest_gene	chr22_23823331_23823759	chr22	23823331	23823759	Heritable	0.116748133551452	1	1	0	0	0.483348331436451	0.997818244032116	0.116134517917822	0.116134517917822
all_individuals	dlpfc	AA	shared	expression_nearest_gene	chr22_23834593_23835493	chr22	23834593	23835493	Heritable	0.116317821544384	1	1	0	0	0.0670255720399124	0.817115709865458	0.303616996866682	0.303616996866682
all_individuals	dlpfc	AA	shared	expression_nearest_gene	chr22_23882464_23882551	chr22	23882464	23882551	Heritable	0.110018826849629	1	1	0	0	0.0597320541939819	0.795132929405016	0.301368207129628	0.301368207129628
all_individuals	dlpfc	AA	shared	expression_nearest_gene	chr22_23956565_23956736	chr22	23956565	23956736	Heritable	0.123940487368638	1	1	0	0	0.855661897980066	0.997818244032116	0.0286756374351649	0.0286756374351649
all_individuals	dlpfc	AA	shared	expression_nearest_gene	chr22_24440845_24441601	chr22	24440845	24441601	Heritable	0.132461157920211	1	1	0	0	0.381759727931121	0.997818244032116	0.226709232605891	-0.226709232605891
all_individuals	dlpfc	AA	shared	expression_nearest_gene	chr22_24807147_24807552	chr22	24807147	24807552	Heritable	0.107277294090139	1	1	0	0	0.199135071410888	0.931624393086991	0.28322579105521	-0.28322579105521
all_individuals	dlpfc	AA	shared	expression_nearest_gene	chr22_25419615_25420191	chr22	25419615	25420191	Heritable	0.102344735881168	1	1	0	0	0.559302300447826	0.997818244032116	0.152804942961403	-0.152804942961403
all_individuals	dlpfc	AA	shared	expression_nearest_gene	chr22_26452633_26453873	chr22	26452633	26453873	Heritable	0.123654031394882	1	1	0	0	0.208018832058041	0.934398228366064	0.167789024551125	0.167789024551125
all_individuals	dlpfc	AA	shared	expression_nearest_gene	chr22_28441159_28442069	chr22	28441159	28442069	Non-heritable	0.0859561343572772	1	1	0	0	0.391190529205375	0.997818244032116	0.135899152357386	-0.135899152357386
all_individuals	dlpfc	AA	shared	expression_nearest_gene	chr22_29149976_29150397	chr22	29149976	29150397	Non-heritable	0.0921200099973566	1	1	0	0	0.169637380313127	0.911713995663319	0.291461458956732	-0.291461458956732
all_individuals	dlpfc	AA	shared	expression_nearest_gene	chr22_30573546_30574025	chr22	30573546	30574025	Heritable	0.17037947487864	1	1	0	0	0.0661093618339499	0.815093302258021	0.408161527998331	-0.408161527998331
all_individuals	dlpfc	AA	shared	expression_nearest_gene	chr22_30636902_30637107	chr22	30636902	30637107	Heritable	0.13508241436687	1	1	0	0	0.739232638809824	0.997818244032116	0.0767250932073633	0.0767250932073633
all_individuals	dlpfc	AA	shared	expression_nearest_gene	chr22_31577956_31578481	chr22	31577956	31578481	Heritable	0.143017417343756	1	1	0	0	0.585738647860698	0.997818244032116	0.126739802288531	-0.126739802288531
all_individuals	dlpfc	AA	shared	expression_nearest_gene	chr22_31618057_31619199	chr22	31618057	31619199	Heritable	0.147630667819398	1	1	0	0	0.0546768282303188	0.794074905727395	0.32942397924584	-0.32942397924584
all_individuals	dlpfc	AA	shared	expression_nearest_gene	chr22_31879674_31880097	chr22	31879674	31880097	Heritable	0.295756761956301	1	1	0	0	0.537595131349256	0.997818244032116	0.107321700553703	0.107321700553703
all_individuals	dlpfc	AA	shared	expression_nearest_gene	chr22_32202964_32205278	chr22	32202964	32205278	Heritable	0.108535140941969	1	1	1	1	1.23850845119497e-11	2.79707356004085e-09	2.57178773946896	-2.57178773946896
all_individuals	dlpfc	AA	shared	expression_nearest_gene	chr22_33884468_33884736	chr22	33884468	33884736	Heritable	0.157914312363156	1	1	0	0	0.294743195941583	0.983008463446871	0.175793725747802	-0.175793725747802
all_individuals	dlpfc	AA	shared	expression_nearest_gene	chr22_35467806_35468312	chr22	35467806	35468312	Heritable	0.11960237299946	1	1	0	0	0.0543090172438826	0.794074905727395	0.447851751676367	-0.447851751676367
all_individuals	dlpfc	AA	shared	expression_nearest_gene	chr22_36285680_36286194	chr22	36285680	36286194	Heritable	0.127235074216387	1	1	0	0	0.465466266831698	0.997818244032116	0.166609227674272	-0.166609227674272
all_individuals	dlpfc	AA	shared	expression_nearest_gene	chr22_36465059_36465456	chr22	36465059	36465456	Heritable	0.114917404857547	1	1	0	0	0.10246251259523	0.868906406217649	0.223451025258782	-0.223451025258782
all_individuals	dlpfc	AA	shared	expression_nearest_gene	chr22_38115416_38115702	chr22	38115416	38115702	Heritable	0.130288062324844	1	1	0	0	0.800277219654042	0.997818244032116	0.0558241870023224	0.0558241870023224
all_individuals	dlpfc	AA	shared	expression_nearest_gene	chr22_38762717_38762876	chr22	38762717	38762876	Heritable	0.123465244340988	1	1	0	0	0.0331073515974072	0.654671178361633	0.437082623090049	-0.437082623090049
all_individuals	dlpfc	AA	shared	expression_nearest_gene	chr22_39395983_39397499	chr22	39395983	39397499	Heritable	0.14376586253154	1	1	0	0	0.677186905030819	0.997818244032116	0.0601380646943515	-0.0601380646943515
all_individuals	dlpfc	AA	shared	expression_nearest_gene	chr22_39628716_39628886	chr22	39628716	39628886	Heritable	0.121154484764075	1	1	0	0	0.305034033392428	0.985760877676827	0.327054001803141	-0.327054001803141
all_individuals	dlpfc	AA	shared	expression_nearest_gene	chr22_39699632_39699924	chr22	39699632	39699924	Heritable	0.132057472057671	1	1	0	0	0.727180308116188	0.997818244032116	0.110005010529548	-0.110005010529548
all_individuals	dlpfc	AA	shared	expression_nearest_gene	chr22_40028470_40028911	chr22	40028470	40028911	Non-heritable	0.0460129676610832	1	1	0	0	0.194461185418802	0.930860883188308	0.35934104738815	0.35934104738815
all_individuals	dlpfc	AA	shared	expression_nearest_gene	chr22_41239454_41240299	chr22	41239454	41240299	Heritable	0.122537483900091	1	1	0	0	0.56247705734536	0.997818244032116	0.138976021776314	-0.138976021776314
all_individuals	dlpfc	AA	shared	expression_nearest_gene	chr22_41347497_41347685	chr22	41347497	41347685	Non-heritable	0.089754569838987	1	1	0	0	0.635941583682038	0.997818244032116	0.122949583730817	0.122949583730817
all_individuals	dlpfc	AA	shared	expression_nearest_gene	chr22_41417782_41418213	chr22	41417782	41418213	Heritable	0.109844563974018	1	1	0	0	0.614126223818044	0.997818244032116	0.0940119631957543	0.0940119631957543
all_individuals	dlpfc	AA	shared	expression_nearest_gene	chr22_42089848_42089962	chr22	42089848	42089962	Heritable	0.13409941905096	1	1	0	0	0.619527863795778	0.997818244032116	0.121043534846216	-0.121043534846216
all_individuals	dlpfc	AA	shared	expression_nearest_gene	chr22_43153261_43153869	chr22	43153261	43153869	Heritable	0.684000168886403	1	1	0	0	0.549938875027947	0.997818244032116	0.0988594518941683	0.0988594518941683
all_individuals	dlpfc	AA	shared	expression_nearest_gene	chr22_43199902_43200273	chr22	43199902	43200273	Heritable	0.100746561863769	1	1	0	0	0.486488639659267	0.997818244032116	0.2915146400842	0.2915146400842
all_individuals	dlpfc	AA	shared	expression_nearest_gene	chr22_43236163_43237077	chr22	43236163	43237077	Heritable	0.279821643168295	1	1	0	0	0.844451348333245	0.997818244032116	0.0829396342229334	-0.0829396342229334
all_individuals	dlpfc	AA	shared	expression_nearest_gene	chr22_43467488_43467816	chr22	43467488	43467816	Heritable	0.15205498816132	1	1	0	0	0.500829979360019	0.997818244032116	0.161244371611268	-0.161244371611268
all_individuals	dlpfc	AA	shared	expression_nearest_gene	chr22_43830553_43830739	chr22	43830553	43830739	Heritable	0.19147944206452	1	1	0	0	0.376013155933607	0.997818244032116	0.18762817121123	-0.18762817121123
all_individuals	dlpfc	AA	shared	expression_nearest_gene	chr22_44089431_44089546	chr22	44089431	44089546	Non-heritable	0.0763880204252803	1	1	0	0	0.833578508587428	0.997818244032116	0.0442626643841848	0.0442626643841848
all_individuals	dlpfc	AA	shared	expression_nearest_gene	chr22_44363474_44364224	chr22	44363474	44364224	Non-heritable	0.0950640399086458	1	1	0	0	0.790748655138192	0.997818244032116	0.0710031662450845	0.0710031662450845
all_individuals	dlpfc	AA	shared	expression_nearest_gene	chr22_44497036_44497354	chr22	44497036	44497354	Heritable	0.109943004138473	1	1	0	0	0.314366197213353	0.985760877676827	0.148725997135401	-0.148725997135401
all_individuals	dlpfc	AA	shared	expression_nearest_gene	chr22_44936032_44936204	chr22	44936032	44936204	Heritable	0.25992772756695	1	1	0	0	0.0210049801620582	0.499320666433258	0.573577313620123	0.573577313620123
all_individuals	dlpfc	AA	shared	expression_nearest_gene	chr22_45101971_45102234	chr22	45101971	45102234	Heritable	0.336441591121899	1	1	0	0	0.0458838473163028	0.761436051041895	0.399730775310857	-0.399730775310857
all_individuals	dlpfc	AA	shared	expression_nearest_gene	chr22_45216145_45216735	chr22	45216145	45216735	Heritable	0.110178999458542	1	1	0	0	0.999168657578323	0.999759847767018	0.000203774114464039	0.000203774114464039
all_individuals	dlpfc	AA	shared	expression_nearest_gene	chr22_45271516_45271969	chr22	45271516	45271969	Heritable	0.106220378417985	1	1	0	0	0.816112302510608	0.997818244032116	0.0193170468569677	-0.0193170468569677
all_individuals	dlpfc	AA	shared	expression_nearest_gene	chr22_45334586_45335606	chr22	45334586	45335606	Non-heritable	0.0588672940612727	1	1	0	0	0.428072519273305	0.997818244032116	0.337366498550808	0.337366498550808
all_individuals	dlpfc	AA	shared	expression_nearest_gene	chr22_45518596_45518900	chr22	45518596	45518900	Non-heritable	0.0651994242629627	1	1	0	0	0.547687631210524	0.997818244032116	0.184289398808737	-0.184289398808737
all_individuals	dlpfc	AA	shared	expression_nearest_gene	chr22_45998838_45999252	chr22	45998838	45999252	Non-heritable	0.09776548653044	1	1	0	0	0.0421354587649915	0.738677489633259	0.122388504201641	0.122388504201641
all_individuals	dlpfc	AA	shared	expression_nearest_gene	chr22_46007304_46007628	chr22	46007304	46007628	Non-heritable	0.0922203032045618	1	1	0	0	0.089798120312542	0.852417590912265	0.0937313681021558	0.0937313681021558
all_individuals	dlpfc	AA	shared	expression_nearest_gene	chr22_46011062_46011943	chr22	46011062	46011943	Heritable	0.131955507399357	1	1	0	0	0.904485265481052	0.997818244032116	0.00570567552100562	-0.00570567552100562
all_individuals	dlpfc	AA	shared	expression_nearest_gene	chr22_46103938_46104446	chr22	46103938	46104446	Heritable	0.125851371055614	1	1	0	0	0.888822734310381	0.997818244032116	0.0313024818074439	-0.0313024818074439
all_individuals	dlpfc	AA	shared	expression_nearest_gene	chr22_46238456_46238797	chr22	46238456	46238797	Heritable	0.134075569680686	1	1	0	0	0.606889991024628	0.997818244032116	0.0803858745243602	-0.0803858745243602
all_individuals	dlpfc	AA	shared	expression_nearest_gene	chr22_46438027_46438261	chr22	46438027	46438261	Heritable	0.151403338828264	1	1	0	0	0.567885999802353	0.997818244032116	0.269091984519147	-0.269091984519147
all_individuals	dlpfc	AA	shared	expression_nearest_gene	chr22_46477893_46478445	chr22	46477893	46478445	Heritable	0.118777325699814	1	1	0	0	0.921035710569123	0.997818244032116	0.0406941994890393	0.0406941994890393
all_individuals	dlpfc	AA	shared	expression_nearest_gene	chr22_46620166_46620318	chr22	46620166	46620318	Heritable	0.124441107251193	1	1	0	0	0.31987910828881	0.990332794853741	0.17387420090828	-0.17387420090828
all_individuals	dlpfc	AA	shared	expression_nearest_gene	chr22_46652743_46653078	chr22	46652743	46653078	Heritable	0.216959770977569	1	1	0	0	0.551961243121557	0.997818244032116	0.107851231076513	-0.107851231076513
all_individuals	dlpfc	AA	shared	expression_nearest_gene	chr22_46655803_46656461	chr22	46655803	46656461	Heritable	0.122663255821222	1	1	0	0	0.477811935819456	0.997818244032116	0.128123097779707	0.128123097779707
all_individuals	dlpfc	AA	shared	expression_nearest_gene	chr22_46966311_46966650	chr22	46966311	46966650	Heritable	0.133509680635728	1	1	0	0	0.509636243363031	0.997818244032116	0.101484572165987	-0.101484572165987
all_individuals	dlpfc	AA	shared	expression_nearest_gene	chr22_47044012_47044263	chr22	47044012	47044263	Heritable	0.124803025170295	1	1	0	0	0.930214280767699	0.997818244032116	0.0137887946301092	0.0137887946301092
all_individuals	dlpfc	AA	shared	expression_nearest_gene	chr22_47547807_47548221	chr22	47547807	47548221	Heritable	0.108805418730469	1	1	0	0	0.35104799990896	0.997818244032116	0.128466025150394	0.128466025150394
all_individuals	dlpfc	AA	shared	expression_nearest_gene	chr22_48444658_48445078	chr22	48444658	48445078	Non-heritable	0.0853687288243791	1	1	0	0	0.658636133034909	0.997818244032116	0.204788131847168	0.204788131847168
all_individuals	dlpfc	AA	shared	expression_nearest_gene	chr22_48538214_48538505	chr22	48538214	48538505	Non-heritable	0.0827064783476652	1	1	0	0	0.764985002143854	0.997818244032116	0.0753883777871991	0.0753883777871991
all_individuals	dlpfc	AA	shared	expression_nearest_gene	chr22_48568749_48569038	chr22	48568749	48569038	Non-heritable	0.0850142793589319	1	1	0	0	0.025071146402866	0.55453757327164	0.537076988001253	-0.537076988001253
all_individuals	dlpfc	AA	shared	expression_nearest_gene	chr22_48646216_48646728	chr22	48646216	48646728	Non-heritable	0.0899689370995909	1	1	0	0	0.420226429162442	0.997818244032116	0.188166196397303	0.188166196397303
all_individuals	dlpfc	AA	shared	expression_nearest_gene	chr22_48918629_48919395	chr22	48918629	48919395	Non-heritable	0.0766749650205644	1	1	0	0	0.630734616142271	0.997818244032116	0.15680691378253	0.15680691378253
all_individuals	dlpfc	AA	shared	expression_nearest_gene	chr22_49141677_49142598	chr22	49141677	49142598	Heritable	0.101312379564876	1	1	0	0	0.729883537741783	0.997818244032116	0.273821552636195	-0.273821552636195
all_individuals	dlpfc	AA	shared	expression_nearest_gene	chr22_49448705_49448815	chr22	49448705	49448815	Heritable	0.10276475187551	1	1	0	0	0.739959724471116	0.997818244032116	0.0967060866061731	-0.0967060866061731
all_individuals	dlpfc	AA	shared	expression_nearest_gene	chr22_49507583_49508691	chr22	49507583	49508691	Heritable	0.17701145668963	1	1	0	0	0.290883144864422	0.983008463446871	0.286536827516168	0.286536827516168
all_individuals	dlpfc	AA	shared	expression_nearest_gene	chr22_49531342_49531906	chr22	49531342	49531906	Non-heritable	0.0568759239561541	1	1	0	0	0.736168048422335	0.997818244032116	0.100603295796731	0.100603295796731
all_individuals	dlpfc	AA	shared	expression_nearest_gene	chr22_49803467_49804263	chr22	49803467	49804263	Heritable	0.126045876430049	1	1	0	0	0.591775782302838	0.997818244032116	0.0805159057712892	0.0805159057712892
all_individuals	dlpfc	AA	shared	expression_nearest_gene	chr22_49815728_49815860	chr22	49815728	49815860	Heritable	0.11357921971398	1	1	0	0	0.329414957787269	0.99671805502751	0.149431362378316	0.149431362378316
all_individuals	dlpfc	AA	shared	expression_nearest_gene	chr22_49903363_49904039	chr22	49903363	49904039	Heritable	0.153030047422127	1	1	0	0	0.977274754148478	0.997818244032116	0.00755412811568412	0.00755412811568412
all_individuals	dlpfc	AA	shared	expression_nearest_gene	chr22_50157419_50158225	chr22	50157419	50158225	Heritable	0.116928547035289	1	1	0	0	0.728515973815604	0.997818244032116	0.130180761812202	0.130180761812202
all_individuals	dlpfc	AA	shared	expression_nearest_gene	chr22_50184198_50184488	chr22	50184198	50184488	Heritable	0.107574851766368	1	1	0	0	0.184977019316848	0.919740892107295	0.365862635239905	0.365862635239905
all_individuals	dlpfc	AA	shared	expression_nearest_gene	chr22_50205695_50205897	chr22	50205695	50205897	Heritable	0.118764016874475	1	1	0	0	0.864795698167157	0.997818244032116	0.0342154423006829	0.0342154423006829
all_individuals	dlpfc	AA	shared	expression_nearest_gene	chr22_50258980_50259121	chr22	50258980	50259121	Heritable	0.116237168724753	1	1	0	0	0.296127539591187	0.983008463446871	0.236489270761844	0.236489270761844
all_individuals	dlpfc	AA	shared	expression_nearest_gene	chr22_50294202_50294528	chr22	50294202	50294528	Heritable	0.109597886073274	1	1	0	0	0.613111184139093	0.997818244032116	0.112678205821766	0.112678205821766
all_individuals	dlpfc	AA	shared	expression_nearest_gene	chr22_50303858_50304192	chr22	50303858	50304192	Heritable	0.105028406746743	1	1	0	0	0.541286719244536	0.997818244032116	0.134521081240899	0.134521081240899
all_individuals	dlpfc	AA	shared	expression_nearest_gene	chr22_50546833_50548119	chr22	50546833	50548119	Heritable	0.13329111617885	1	1	0	0	0.86989603063389	0.997818244032116	0.0122879057010244	-0.0122879057010244
all_individuals	dlpfc	AA	shared	expression_nearest_gene	chr22_50613709_50613965	chr22	50613709	50613965	Heritable	0.128851067173717	1	1	0	0	0.689579847830883	0.997818244032116	0.0878885508483362	-0.0878885508483362
all_individuals	dlpfc	AA	shared	expression_nearest_gene	chr22_50700849_50701838	chr22	50700849	50701838	Heritable	0.177039326262265	1	1	0	0	0.211597098823575	0.939920446223561	0.0357003857027846	-0.0357003857027846
all_individuals	dlpfc	AA	shared	expression_nearest_gene	chr22_50722146_50723152	chr22	50722146	50723152	Heritable	0.115349303911845	1	1	0	0	0.359115298573389	0.997818244032116	0.0272310237042707	-0.0272310237042707
all_individuals	dlpfc	AA	shared	expression_nearest_gene	chr2_100105879_100106218	chr2	100105879	100106218	Non-heritable	0.0453972161783137	1	1	0	0	0.575247362850228	0.997818244032116	0.120276550471488	0.120276550471488
all_individuals	dlpfc	AA	shared	expression_nearest_gene	chr2_100183079_100183541	chr2	100183079	100183541	Heritable	0.100588178192601	1	1	0	0	0.967613079081826	0.997818244032116	0.0100038219745073	0.0100038219745073
all_individuals	dlpfc	AA	shared	expression_nearest_gene	chr2_100391734_100392252	chr2	100391734	100392252	Non-heritable	0.0795023244313558	1	1	0	0	0.344682942023922	0.997818244032116	0.199419525531638	-0.199419525531638
all_individuals	dlpfc	AA	shared	expression_nearest_gene	chr2_10039736_10041419	chr2	10039736	10041419	Heritable	0.116436771356196	1	1	0	0	0.825516469395124	0.997818244032116	0.0650783722509569	-0.0650783722509569
all_individuals	dlpfc	AA	shared	expression_nearest_gene	chr2_10057704_10057854	chr2	10057704	10057854	Heritable	0.138641610835199	1	1	0	0	0.46741629484187	0.997818244032116	0.191717812727887	-0.191717812727887
all_individuals	dlpfc	AA	shared	expression_nearest_gene	chr2_100604003_100605850	chr2	100604003	100605850	Non-heritable	0.0785303773640882	1	1	0	0	0.0480059457430023	0.771372187047652	0.572048179262312	0.572048179262312
all_individuals	dlpfc	AA	shared	expression_nearest_gene	chr2_10060466_10060620	chr2	10060466	10060620	Heritable	0.100921161779922	1	1	0	0	0.20456688729888	0.934398228366064	0.347934824448405	0.347934824448405
all_individuals	dlpfc	AA	shared	expression_nearest_gene	chr2_101533703_101534551	chr2	101533703	101534551	Heritable	0.131225125244676	1	1	0	0	0.0531822876699862	0.794074905727395	0.0765829950400268	0.0765829950400268
all_individuals	dlpfc	AA	shared	expression_nearest_gene	chr2_101609704_101610802	chr2	101609704	101610802	Heritable	0.112235524843828	1	1	0	0	0.742440702317631	0.997818244032116	0.0108081898512009	0.0108081898512009
all_individuals	dlpfc	AA	shared	expression_nearest_gene	chr2_101616438_101616655	chr2	101616438	101616655	Heritable	0.100513736055525	1	1	0	0	0.319490765321797	0.990332794853741	0.0343995074124243	0.0343995074124243
all_individuals	dlpfc	AA	shared	expression_nearest_gene	chr2_101781230_101781866	chr2	101781230	101781866	Heritable	0.129590391061561	1	1	0	0	0.431893660781808	0.997818244032116	0.14308993424401	-0.14308993424401
all_individuals	dlpfc	AA	shared	expression_nearest_gene	chr2_102618431_102618703	chr2	102618431	102618703	Heritable	0.16263932257859	1	1	0	0	0.0553972267184636	0.794074905727395	0.425471001465699	0.425471001465699
all_individuals	dlpfc	AA	shared	expression_nearest_gene	chr2_10283395_10285932	chr2	10283395	10285932	Heritable	0.118895230043443	1	1	0	0	0.543746463930901	0.997818244032116	0.0795048281633521	0.0795048281633521
all_individuals	dlpfc	AA	shared	expression_nearest_gene	chr2_10286960_10287254	chr2	10286960	10287254	Heritable	0.127981783918051	1	1	0	0	0.902293422940599	0.997818244032116	0.0206850874760378	-0.0206850874760378
all_individuals	dlpfc	AA	shared	expression_nearest_gene	chr2_10330835_10331938	chr2	10330835	10331938	Heritable	0.106621682831261	1	1	0	0	0.27483421280801	0.975445498063831	0.299212465107372	-0.299212465107372
all_individuals	dlpfc	AA	shared	expression_nearest_gene	chr2_10360908_10361865	chr2	10360908	10361865	Heritable	0.108009670078373	1	1	0	0	0.459355817732009	0.997818244032116	0.220038904437175	-0.220038904437175
all_individuals	dlpfc	AA	shared	expression_nearest_gene	chr2_10371786_10373122	chr2	10371786	10373122	Heritable	0.13749343974719	1	1	0	0	0.0984690860376002	0.863777747997786	0.483339247320956	-0.483339247320956
all_individuals	dlpfc	AA	shared	expression_nearest_gene	chr2_10405179_10405921	chr2	10405179	10405921	Heritable	0.100490863740675	1	1	0	0	0.499443847222453	0.997818244032116	0.206006773630328	-0.206006773630328
all_individuals	dlpfc	AA	shared	expression_nearest_gene	chr2_104502938_104503535	chr2	104502938	104503535	Heritable	0.166390401202099	1	1	0	0	0.311039481326618	0.985760877676827	0.260394417644193	-0.260394417644193
all_individuals	dlpfc	AA	shared	expression_nearest_gene	chr2_104859148_104860698	chr2	104859148	104860698	Heritable	0.107502287100463	1	1	0	0	0.106491456686075	0.877822646237199	0.295836367852862	-0.295836367852862
all_individuals	dlpfc	AA	shared	expression_nearest_gene	chr2_104944896_104945453	chr2	104944896	104945453	Non-heritable	0.0929670534550272	1	1	0	0	0.402219494092331	0.997818244032116	0.204465770235529	0.204465770235529
all_individuals	dlpfc	AA	shared	expression_nearest_gene	chr2_10565496_10566078	chr2	10565496	10566078	Heritable	0.134470309714641	1	1	0	0	0.237154527124534	0.949401940087826	0.145944974813325	0.145944974813325
all_individuals	dlpfc	AA	shared	expression_nearest_gene	chr2_105746260_105746922	chr2	105746260	105746922	Non-heritable	0.0700330832322231	1	1	0	0	0.87639003986587	0.997818244032116	0.0317343293228447	0.0317343293228447
all_individuals	dlpfc	AA	shared	expression_nearest_gene	chr2_106263410_106265270	chr2	106263410	106265270	Heritable	0.175939834884986	1	1	0	0	0.201252290165474	0.931624393086991	0.1782057664729	-0.1782057664729
all_individuals	dlpfc	AA	shared	expression_nearest_gene	chr2_10647495_10647673	chr2	10647495	10647673	Heritable	0.128494699184675	1	1	0	0	0.967751710395433	0.997818244032116	0.00611778993380341	-0.00611778993380341
all_individuals	dlpfc	AA	shared	expression_nearest_gene	chr2_106486573_106486767	chr2	106486573	106486767	Non-heritable	0.0377311795846775	1	1	0	0	0.774331658126447	0.997818244032116	0.0758743510525282	-0.0758743510525282
all_individuals	dlpfc	AA	shared	expression_nearest_gene	chr2_106584301_106584693	chr2	106584301	106584693	Heritable	0.1441786507501	1	1	0	0	0.225505944852316	0.945922411985591	0.387777159161866	0.387777159161866
all_individuals	dlpfc	AA	shared	expression_nearest_gene	chr2_109005559_109006001	chr2	109005559	109006001	Heritable	0.147344308827011	1	1	0	0	0.276744016324896	0.97766064278196	0.0526358516059625	-0.0526358516059625
all_individuals	dlpfc	AA	shared	expression_nearest_gene	chr2_109315523_109316278	chr2	109315523	109316278	Heritable	0.626022698563433	1	1	0	0	0.98387087365659	0.997818244032116	0.0043151961479666	-0.0043151961479666
all_individuals	dlpfc	AA	shared	expression_nearest_gene	chr2_109615461_109615888	chr2	109615461	109615888	Heritable	0.256703820741136	1	1	0	0	0.0906568714763102	0.852417590912265	0.491214393293353	0.491214393293353
all_individuals	dlpfc	AA	shared	expression_nearest_gene	chr2_110211679_110213540	chr2	110211679	110213540	Heritable	0.151715931473729	1	1	1	1	1.04828778837616e-06	0.00010460936976563	1.6967912889437	-1.6967912889437
all_individuals	dlpfc	AA	shared	expression_nearest_gene	chr2_110807893_110808398	chr2	110807893	110808398	Heritable	0.106270418120232	1	1	0	0	0.738431825136478	0.997818244032116	0.0127360450668478	0.0127360450668478
all_individuals	dlpfc	AA	shared	expression_nearest_gene	chr2_110858389_110859334	chr2	110858389	110859334	Heritable	0.237059250146677	1	1	0	0	0.485042124492507	0.997818244032116	0.0244481926179897	0.0244481926179897
all_individuals	dlpfc	AA	shared	expression_nearest_gene	chr2_11133568_11133920	chr2	11133568	11133920	Heritable	0.111754910782948	1	1	0	0	0.0190160584911996	0.472904187136242	0.837281264640467	-0.837281264640467
all_individuals	dlpfc	AA	shared	expression_nearest_gene	chr2_11175402_11175560	chr2	11175402	11175560	Heritable	0.100961976780081	1	1	0	0	0.413393407895972	0.997818244032116	0.167898434464221	0.167898434464221
all_individuals	dlpfc	AA	shared	expression_nearest_gene	chr2_112139814_112140745	chr2	112139814	112140745	Heritable	0.24652049128876	1	1	1	1	5.02225967322065e-07	5.52577339943329e-05	1.39397624285252	1.39397624285252
all_individuals	dlpfc	AA	shared	expression_nearest_gene	chr2_112432110_112433315	chr2	112432110	112433315	Heritable	0.20435474516751	1	1	1	1	1.09156628791624e-11	2.75524173026386e-09	1.18954486530945	-1.18954486530945
all_individuals	dlpfc	AA	shared	expression_nearest_gene	chr2_112588268_112588902	chr2	112588268	112588902	Heritable	0.184109891100772	1	1	0	0	0.302053362112571	0.985760877676827	0.310577506514147	-0.310577506514147
all_individuals	dlpfc	AA	shared	expression_nearest_gene	chr2_113235461_113236008	chr2	113235461	113236008	Heritable	0.120913013241963	1	1	1	1	9.27518796809082e-21	1.98999157855389e-17	4.09396493232827	-4.09396493232827
all_individuals	dlpfc	AA	shared	expression_nearest_gene	chr2_113603547_113604124	chr2	113603547	113604124	Heritable	0.115156249136472	1	1	0	0	0.895770435825225	0.997818244032116	0.00638070055678518	-0.00638070055678518
all_individuals	dlpfc	AA	shared	expression_nearest_gene	chr2_113977717_113978250	chr2	113977717	113978250	Heritable	0.155262959437928	1	1	0	0	0.160636185609884	0.911713995663319	0.225463020851623	0.225463020851623
all_individuals	dlpfc	AA	shared	expression_nearest_gene	chr2_11679520_11680655	chr2	11679520	11680655	Heritable	0.128014992919764	1	1	0	0	0.728676512739045	0.997818244032116	0.0436860905137202	-0.0436860905137202
all_individuals	dlpfc	AA	shared	expression_nearest_gene	chr2_117803644_117804211	chr2	117803644	117804211	Heritable	0.200596670841247	1	1	1	1	0.00025405089361443	0.0145350984599936	0.84050902784001	-0.84050902784001
all_individuals	dlpfc	AA	shared	expression_nearest_gene	chr2_119224615_119225032	chr2	119224615	119225032	Heritable	0.145673421428556	1	1	0	0	0.172260356033398	0.911713995663319	0.588750846905464	0.588750846905464
all_individuals	dlpfc	AA	shared	expression_nearest_gene	chr2_119290690_119291778	chr2	119290690	119291778	Heritable	0.709271232384039	1	1	0	0	0.783876212293505	0.997818244032116	0.043305409296078	-0.043305409296078
all_individuals	dlpfc	AA	shared	expression_nearest_gene	chr2_120014397_120014746	chr2	120014397	120014746	Heritable	0.110699976834331	1	1	0	0	0.429992953207479	0.997818244032116	0.12351344547551	0.12351344547551
all_individuals	dlpfc	AA	shared	expression_nearest_gene	chr2_120797521_120798270	chr2	120797521	120798270	Heritable	0.103228309385199	1	1	0	0	0.972484890090844	0.997818244032116	0.0114140304600143	0.0114140304600143
all_individuals	dlpfc	AA	shared	expression_nearest_gene	chr2_120938027_120939110	chr2	120938027	120939110	Non-heritable	0.0913006237848515	1	1	0	0	0.534150841246722	0.997818244032116	0.18824269005825	-0.18824269005825
all_individuals	dlpfc	AA	shared	expression_nearest_gene	chr2_127055675_127055833	chr2	127055675	127055833	Heritable	0.185974699571709	1	1	0	0	0.62196315560002	0.997818244032116	0.0814851395088709	0.0814851395088709
all_individuals	dlpfc	AA	shared	expression_nearest_gene	chr2_127077421_127079130	chr2	127077421	127079130	Heritable	0.171702804822534	1	1	0	0	0.649578941970132	0.997818244032116	0.0722592917352642	0.0722592917352642
all_individuals	dlpfc	AA	shared	expression_nearest_gene	chr2_127092757_127093959	chr2	127092757	127093959	Heritable	0.123281150842257	1	1	0	0	0.513214645465607	0.997818244032116	0.103358045034817	0.103358045034817
all_individuals	dlpfc	AA	shared	expression_nearest_gene	chr2_127101937_127105038	chr2	127101937	127105038	Heritable	0.139395659468743	1	1	0	0	0.564715259100321	0.997818244032116	0.087384108955618	0.087384108955618
all_individuals	dlpfc	AA	shared	expression_nearest_gene	chr2_127108156_127108485	chr2	127108156	127108485	Heritable	0.119732023062748	1	1	0	0	0.722614663398967	0.997818244032116	0.0502976573032825	0.0502976573032825
all_individuals	dlpfc	AA	shared	expression_nearest_gene	chr2_127118228_127118859	chr2	127118228	127118859	Heritable	0.142005715210452	1	1	0	0	0.262468456986631	0.968625581853395	0.138910136688828	0.138910136688828
all_individuals	dlpfc	AA	shared	expression_nearest_gene	chr2_127143502_127144324	chr2	127143502	127144324	Heritable	0.146759145758102	1	1	0	0	0.735186243534506	0.997818244032116	0.0538861762164018	0.0538861762164018
all_individuals	dlpfc	AA	shared	expression_nearest_gene	chr2_127398071_127398228	chr2	127398071	127398228	Heritable	0.132073874165024	1	1	0	0	0.224449966691524	0.945014449508517	0.46445058594146	0.46445058594146
all_individuals	dlpfc	AA	shared	expression_nearest_gene	chr2_127651993_127652380	chr2	127651993	127652380	Heritable	0.112881998015489	1	1	0	0	0.964086721078758	0.997818244032116	0.0206542805925736	-0.0206542805925736
all_individuals	dlpfc	AA	shared	expression_nearest_gene	chr2_127695415_127696199	chr2	127695415	127696199	Heritable	0.137233913494217	1	1	0	0	0.127253350437187	0.885502111448744	0.0795448526800939	-0.0795448526800939
all_individuals	dlpfc	AA	shared	expression_nearest_gene	chr2_127940670_127941620	chr2	127940670	127941620	Heritable	0.139091420987551	1	1	0	0	0.675802864100511	0.997818244032116	0.0843390274125433	-0.0843390274125433
all_individuals	dlpfc	AA	shared	expression_nearest_gene	chr2_127968843_127969279	chr2	127968843	127969279	Heritable	0.119796464187177	1	1	0	0	0.912819539376883	0.997818244032116	0.0183176723603147	-0.0183176723603147
all_individuals	dlpfc	AA	shared	expression_nearest_gene	chr2_127985841_127986291	chr2	127985841	127986291	Heritable	0.145360490469749	1	1	0	0	0.571958345863831	0.997818244032116	0.112985930436672	-0.112985930436672
all_individuals	dlpfc	AA	shared	expression_nearest_gene	chr2_128062788_128063350	chr2	128062788	128063350	Heritable	0.163918517623474	1	1	0	0	0.985602985263724	0.997818244032116	0.00214193269816931	-0.00214193269816931
all_individuals	dlpfc	AA	shared	expression_nearest_gene	chr2_128191512_128192171	chr2	128191512	128192171	Heritable	0.104046552679413	1	1	0	0	0.280583627922023	0.980483660900014	0.109740801246531	-0.109740801246531
all_individuals	dlpfc	AA	shared	expression_nearest_gene	chr2_128260624_128260845	chr2	128260624	128260845	Heritable	0.101028286053327	1	1	0	0	0.899161310134167	0.997818244032116	0.0334246808064691	0.0334246808064691
all_individuals	dlpfc	AA	shared	expression_nearest_gene	chr2_128473425_128473823	chr2	128473425	128473823	Heritable	0.113101456438919	1	1	0	0	0.97461515003741	0.997818244032116	0.00892939954077476	0.00892939954077476
all_individuals	dlpfc	AA	shared	expression_nearest_gene	chr2_129914442_129915509	chr2	129914442	129915509	Heritable	0.105520550186039	1	1	0	0	0.443155694300391	0.997818244032116	0.177851426782274	0.177851426782274
all_individuals	dlpfc	AA	shared	expression_nearest_gene	chr2_129934439_129936828	chr2	129934439	129936828	Heritable	0.325567582246324	1	1	0	0	0.515521855999893	0.997818244032116	0.193731663450111	-0.193731663450111
all_individuals	dlpfc	AA	shared	expression_nearest_gene	chr2_130253897_130254386	chr2	130253897	130254386	Heritable	0.197558016524583	1	1	0	0	0.697461849760617	0.997818244032116	0.0810922679850954	-0.0810922679850954
all_individuals	dlpfc	AA	shared	expression_nearest_gene	chr2_130598629_130598739	chr2	130598629	130598739	Heritable	0.139047106823901	1	1	0	0	0.370791304564248	0.997818244032116	0.155966803374928	0.155966803374928
all_individuals	dlpfc	AA	shared	expression_nearest_gene	chr2_130728923_130729614	chr2	130728923	130729614	Heritable	0.134562634453395	1	1	0	0	0.226780381389723	0.946436887585354	0.0466108831892629	0.0466108831892629
all_individuals	dlpfc	AA	shared	expression_nearest_gene	chr2_130760862_130761220	chr2	130760862	130761220	Heritable	0.109649676318433	1	1	0	0	0.860249866430777	0.997818244032116	0.0416611248377574	-0.0416611248377574
all_individuals	dlpfc	AA	shared	expression_nearest_gene	chr2_130869570_130870134	chr2	130869570	130870134	Heritable	0.137591623406648	1	1	0	0	0.985144013742235	0.997818244032116	0.00550796983510793	0.00550796983510793
all_individuals	dlpfc	AA	shared	expression_nearest_gene	chr2_131178717_131179095	chr2	131178717	131179095	Heritable	0.181565605495313	1	1	0	0	0.0531350709224056	0.794074905727395	0.228358903128868	-0.228358903128868
all_individuals	dlpfc	AA	shared	expression_nearest_gene	chr2_131352766_131353865	chr2	131352766	131353865	Heritable	0.635139612125035	1	1	0	0	0.650213355512515	0.997818244032116	0.0376993295241124	0.0376993295241124
all_individuals	dlpfc	AA	shared	expression_nearest_gene	chr2_131460432_131461018	chr2	131460432	131461018	Heritable	0.103227261788403	1	1	0	0	0.0713697095616417	0.824718295520025	1.07272973813334	1.07272973813334
all_individuals	dlpfc	AA	shared	expression_nearest_gene	chr2_131520211_131520403	chr2	131520211	131520403	Heritable	0.141239385953783	1	1	0	0	0.489590737868915	0.997818244032116	0.257191695609576	0.257191695609576
all_individuals	dlpfc	AA	shared	expression_nearest_gene	chr2_131646712_131647235	chr2	131646712	131647235	Heritable	0.133162616198966	1	1	0	1	0.00135128822248193	0.0630258452464127	0.20931661326452	-0.20931661326452
all_individuals	dlpfc	AA	shared	expression_nearest_gene	chr2_131681841_131682004	chr2	131681841	131682004	Heritable	0.152152495554394	1	1	0	0	0.748600152983139	0.997818244032116	0.0236927327455132	-0.0236927327455132
all_individuals	dlpfc	AA	shared	expression_nearest_gene	chr2_131802536_131802971	chr2	131802536	131802971	Heritable	0.14153804325134	1	1	0	0	0.171818866012881	0.911713995663319	0.0790887040939543	-0.0790887040939543
all_individuals	dlpfc	AA	shared	expression_nearest_gene	chr2_132258001_132258243	chr2	132258001	132258243	Heritable	0.121594713141262	1	1	0	0	0.0569849995402912	0.794603662642371	2.42368663188386	-2.42368663188386
all_individuals	dlpfc	AA	shared	expression_nearest_gene	chr2_134190451_134191096	chr2	134190451	134191096	Heritable	0.163132132548092	1	1	0	0	0.69583982951809	0.997818244032116	0.0371515880585349	0.0371515880585349
all_individuals	dlpfc	AA	shared	expression_nearest_gene	chr2_134360835_134362094	chr2	134360835	134362094	Non-heritable	0.0549079856908553	1	1	0	0	0.847235073675947	0.997818244032116	0.0215584475536517	0.0215584475536517
all_individuals	dlpfc	AA	shared	expression_nearest_gene	chr2_134610280_134610922	chr2	134610280	134610922	Non-heritable	0.068910194490396	1	1	0	0	0.830586628573657	0.997818244032116	0.0442436434050011	-0.0442436434050011
all_individuals	dlpfc	AA	shared	expression_nearest_gene	chr2_137967148_137967335	chr2	137967148	137967335	Non-heritable	0.0897390652439267	1	1	0	0	0.10078623568459	0.868906406217649	0.221598504615137	-0.221598504615137
all_individuals	dlpfc	AA	shared	expression_nearest_gene	chr2_144454826_144455287	chr2	144454826	144455287	Heritable	0.171050365750678	1	1	0	0	0.797126452662397	0.997818244032116	0.0393184142119836	-0.0393184142119836
all_individuals	dlpfc	AA	shared	expression_nearest_gene	chr2_149151107_149152212	chr2	149151107	149152212	Heritable	0.768383855102685	1	1	0	0	0.9812468916765	0.997818244032116	0.00368650669047277	-0.00368650669047277
all_individuals	dlpfc	AA	shared	expression_nearest_gene	chr2_151619402_151619740	chr2	151619402	151619740	Heritable	0.112463901555771	1	1	0	0	0.0688707265102893	0.817115709865458	0.699868970160823	0.699868970160823
all_individuals	dlpfc	AA	shared	expression_nearest_gene	chr2_151970082_151971802	chr2	151970082	151971802	Heritable	0.238622437434427	1	1	0	0	0.665217780996895	0.997818244032116	0.0787091034160507	-0.0787091034160507
all_individuals	dlpfc	AA	shared	expression_nearest_gene	chr2_151978185_151979121	chr2	151978185	151979121	Heritable	0.12044858753083	1	1	0	0	0.758777455024652	0.997818244032116	0.0637777920097449	-0.0637777920097449
all_individuals	dlpfc	AA	shared	expression_nearest_gene	chr2_156322209_156322686	chr2	156322209	156322686	Heritable	0.120359054140094	1	1	0	0	0.172291259885363	0.911713995663319	0.717760741633569	-0.717760741633569
all_individuals	dlpfc	AA	shared	expression_nearest_gene	chr2_157320976_157322640	chr2	157320976	157322640	Heritable	0.105657149984928	1	1	0	0	0.842838269591773	0.997818244032116	0.0540188494562983	-0.0540188494562983
all_individuals	dlpfc	AA	shared	expression_nearest_gene	chr2_157596955_157597088	chr2	157596955	157597088	Heritable	0.180217301205232	1	1	0	0	0.928803126322506	0.997818244032116	0.027668894018678	-0.027668894018678
all_individuals	dlpfc	AA	shared	expression_nearest_gene	chr2_158459508_158460782	chr2	158459508	158460782	Heritable	0.118835944964204	1	1	0	0	0.246182701924743	0.958038504795448	0.23239985050229	0.23239985050229
all_individuals	dlpfc	AA	shared	expression_nearest_gene	chr2_158998413_158999582	chr2	158998413	158999582	Heritable	0.128487030327795	1	1	0	0	0.51911793618158	0.997818244032116	0.100656639757403	-0.100656639757403
all_individuals	dlpfc	AA	shared	expression_nearest_gene	chr2_15984729_15985222	chr2	15984729	15985222	Heritable	0.154222330121817	1	1	0	0	0.583946309115061	0.997818244032116	0.12462721254047	-0.12462721254047
all_individuals	dlpfc	AA	shared	expression_nearest_gene	chr2_16013789_16014666	chr2	16013789	16014666	Heritable	0.132507252057288	1	1	0	0	0.928539098657286	0.997818244032116	0.0190568905151798	0.0190568905151798
all_individuals	dlpfc	AA	shared	expression_nearest_gene	chr2_16030565_16031466	chr2	16030565	16031466	Heritable	0.127197833011283	1	1	0	0	0.619264687193053	0.997818244032116	0.113157764651686	-0.113157764651686
all_individuals	dlpfc	AA	shared	expression_nearest_gene	chr2_16069657_16070836	chr2	16069657	16070836	Heritable	0.154603381854868	1	1	0	0	0.895902197358127	0.997818244032116	0.0234242483350435	-0.0234242483350435
all_individuals	dlpfc	AA	shared	expression_nearest_gene	chr2_161340797_161341561	chr2	161340797	161341561	Heritable	0.102397308268789	1	1	0	0	0.755997175738828	0.997818244032116	0.0439714380276541	-0.0439714380276541
all_individuals	dlpfc	AA	shared	expression_nearest_gene	chr2_161415410_161415625	chr2	161415410	161415625	Heritable	0.110917630317468	1	1	0	0	0.893447383617035	0.997818244032116	0.0345693208479929	-0.0345693208479929
all_individuals	dlpfc	AA	shared	expression_nearest_gene	chr2_161424600_161426253	chr2	161424600	161426253	Heritable	0.145715718283536	1	1	0	0	0.0982342136070624	0.863777747997786	0.30490103868442	-0.30490103868442
all_individuals	dlpfc	AA	shared	expression_nearest_gene	chr2_161427578_161427938	chr2	161427578	161427938	Heritable	0.120471062856776	1	1	0	0	0.0609882950780246	0.800308177919888	0.333658859722931	-0.333658859722931
all_individuals	dlpfc	AA	shared	expression_nearest_gene	chr2_1633730_1634320	chr2	1633730	1634320	Heritable	0.112529432475295	1	1	0	0	0.870525840548673	0.997818244032116	0.0500685229632474	-0.0500685229632474
all_individuals	dlpfc	AA	shared	expression_nearest_gene	chr2_16663204_16664165	chr2	16663204	16664165	Heritable	0.11628347814984	1	1	0	0	0.123089050226837	0.885502111448744	0.176792600471344	-0.176792600471344
all_individuals	dlpfc	AA	shared	expression_nearest_gene	chr2_169768923_169769076	chr2	169768923	169769076	Heritable	0.121063350892189	1	1	0	0	0.989856856084932	0.998473774525318	0.00197923763883523	0.00197923763883523
all_individuals	dlpfc	AA	shared	expression_nearest_gene	chr2_173416847_173417250	chr2	173416847	173417250	Heritable	0.107503106861464	1	1	0	0	0.855489491799011	0.997818244032116	0.0476966560022921	-0.0476966560022921
all_individuals	dlpfc	AA	shared	expression_nearest_gene	chr2_173863366_173863911	chr2	173863366	173863911	Heritable	0.104764383332096	1	1	0	0	0.36185001297743	0.997818244032116	0.13147227343255	0.13147227343255
all_individuals	dlpfc	AA	shared	expression_nearest_gene	chr2_176490482_176490796	chr2	176490482	176490796	Heritable	0.138000519810132	1	1	0	0	0.329839113991859	0.99671805502751	0.276817396281427	0.276817396281427
all_individuals	dlpfc	AA	shared	expression_nearest_gene	chr2_177632771_177635554	chr2	177632771	177635554	Heritable	0.186046526897257	1	1	0	0	0.294065453273924	0.983008463446871	0.244366474917482	0.244366474917482
all_individuals	dlpfc	AA	shared	expression_nearest_gene	chr2_179211503_179212831	chr2	179211503	179212831	Heritable	0.283971855729322	1	1	0	0	0.934794905327556	0.997818244032116	0.0079101706082767	-0.0079101706082767
all_individuals	dlpfc	AA	shared	expression_nearest_gene	chr2_1797813_1798317	chr2	1797813	1798317	Heritable	0.201756592336383	1	1	0	0	0.587455661317542	0.997818244032116	0.085538352121425	-0.085538352121425
all_individuals	dlpfc	AA	shared	expression_nearest_gene	chr2_179862379_179862950	chr2	179862379	179862950	Heritable	0.121907960670327	1	1	0	0	0.676208514653995	0.997818244032116	0.0769060442126488	-0.0769060442126488
all_individuals	dlpfc	AA	shared	expression_nearest_gene	chr2_1802057_1802696	chr2	1802057	1802696	Heritable	0.135009232157904	1	1	0	0	0.903806959603903	0.997818244032116	0.0191159009768285	-0.0191159009768285
all_individuals	dlpfc	AA	shared	expression_nearest_gene	chr2_180529336_180531282	chr2	180529336	180531282	Non-heritable	0.0803232756123074	1	1	0	0	0.17634133030596	0.911713995663319	0.31007967608995	-0.31007967608995
all_individuals	dlpfc	AA	shared	expression_nearest_gene	chr2_1813450_1813694	chr2	1813450	1813694	Heritable	0.283215532517141	1	1	0	0	0.483377215619275	0.997818244032116	0.103803698578958	-0.103803698578958
all_individuals	dlpfc	AA	shared	expression_nearest_gene	chr2_181684568_181685338	chr2	181684568	181685338	Heritable	0.115984822311074	1	1	0	0	0.690099117467389	0.997818244032116	0.152009806238642	-0.152009806238642
all_individuals	dlpfc	AA	shared	expression_nearest_gene	chr2_182552475_182552740	chr2	182552475	182552740	Heritable	0.141602199909378	1	1	0	0	0.306854808136566	0.985760877676827	0.20202012307206	0.20202012307206
all_individuals	dlpfc	AA	shared	expression_nearest_gene	chr2_186900460_186901846	chr2	186900460	186901846	Heritable	0.515849167567995	1	1	0	0	0.519474308526717	0.997818244032116	0.109689333809442	0.109689333809442
all_individuals	dlpfc	AA	shared	expression_nearest_gene	chr2_1891154_1891419	chr2	1891154	1891419	Heritable	0.108318027279429	1	1	0	0	0.965683888504973	0.997818244032116	0.00669324962774809	0.00669324962774809
all_individuals	dlpfc	AA	shared	expression_nearest_gene	chr2_190361064_190362309	chr2	190361064	190362309	Heritable	0.222356666343792	1	1	0	0	0.6494731861798	0.997818244032116	0.08940592888856	0.08940592888856
all_individuals	dlpfc	AA	shared	expression_nearest_gene	chr2_190626178_190626857	chr2	190626178	190626857	Heritable	0.102307142335506	1	1	0	0	0.358717545136761	0.997818244032116	0.189058257608142	0.189058257608142
all_individuals	dlpfc	AA	shared	expression_nearest_gene	chr2_196370363_196371238	chr2	196370363	196371238	Heritable	0.16055644800986	1	1	0	0	0.425167767212854	0.997818244032116	0.129288925051895	0.129288925051895
all_individuals	dlpfc	AA	shared	expression_nearest_gene	chr2_199602455_199603570	chr2	199602455	199603570	Heritable	0.154207829953152	1	1	0	0	0.426294310667901	0.997818244032116	0.344366166266115	-0.344366166266115
all_individuals	dlpfc	AA	shared	expression_nearest_gene	chr2_200830397_200830689	chr2	200830397	200830689	Heritable	0.152091881457151	1	1	0	0	0.682076502905809	0.997818244032116	0.0643071224760092	0.0643071224760092
all_individuals	dlpfc	AA	shared	expression_nearest_gene	chr2_201980705_201981364	chr2	201980705	201981364	Heritable	0.195962546627523	1	1	0	0	0.13785779854365	0.886987978379458	0.48565831191023	0.48565831191023
all_individuals	dlpfc	AA	shared	expression_nearest_gene	chr2_202035937_202039951	chr2	202035937	202039951	Heritable	0.15077811214152	1	1	0	0	0.115360099009945	0.885502111448744	0.455818952148821	0.455818952148821
all_individuals	dlpfc	AA	shared	expression_nearest_gene	chr2_203013703_203013921	chr2	203013703	203013921	Heritable	0.172298368870574	1	1	0	0	0.861973435485338	0.997818244032116	0.0287423051398221	-0.0287423051398221
all_individuals	dlpfc	AA	shared	expression_nearest_gene	chr2_205721418_205722524	chr2	205721418	205722524	Heritable	0.182067856091536	1	1	0	0	0.810530556411093	0.997818244032116	0.0522427377373589	-0.0522427377373589
all_individuals	dlpfc	AA	shared	expression_nearest_gene	chr2_205746705_205747106	chr2	205746705	205747106	Heritable	0.118154141285924	1	1	0	0	0.926152728181562	0.997818244032116	0.0228711587958159	0.0228711587958159
all_individuals	dlpfc	AA	shared	expression_nearest_gene	chr2_20623247_20623736	chr2	20623247	20623736	Non-heritable	0.0844907292342687	1	1	0	0	0.649301211637566	0.997818244032116	0.0835574743629772	-0.0835574743629772
all_individuals	dlpfc	AA	shared	expression_nearest_gene	chr2_20672097_20672329	chr2	20672097	20672329	Non-heritable	0.0819636119858827	1	1	0	0	0.303955850428899	0.985760877676827	0.406810596733779	0.406810596733779
all_individuals	dlpfc	AA	shared	expression_nearest_gene	chr2_207813009_207813756	chr2	207813009	207813756	Heritable	0.128399438842919	1	1	0	0	0.607274537090917	0.997818244032116	0.0779162194053065	0.0779162194053065
all_individuals	dlpfc	AA	shared	expression_nearest_gene	chr2_207933656_207933877	chr2	207933656	207933877	Heritable	0.131680335738369	1	1	0	0	0.741535631451867	0.997818244032116	0.0548703562174424	-0.0548703562174424
all_individuals	dlpfc	AA	shared	expression_nearest_gene	chr2_208043855_208046186	chr2	208043855	208046186	Heritable	0.185135178024177	1	1	0	0	0.312961193989995	0.985760877676827	0.198553844698766	-0.198553844698766
all_individuals	dlpfc	AA	shared	expression_nearest_gene	chr2_208112013_208113018	chr2	208112013	208113018	Heritable	0.530662460296669	1	1	0	0	0.601686440341745	0.997818244032116	0.0127661365877456	0.0127661365877456
all_individuals	dlpfc	AA	shared	expression_nearest_gene	chr2_209208686_209209133	chr2	209208686	209209133	Heritable	0.116282902063694	1	1	0	0	0.566569712423613	0.997818244032116	0.109726167723757	-0.109726167723757
all_individuals	dlpfc	AA	shared	expression_nearest_gene	chr2_211390532_211391588	chr2	211390532	211391588	Heritable	0.111684616025304	1	1	0	0	0.676008627110615	0.997818244032116	0.0632222843690613	-0.0632222843690613
all_individuals	dlpfc	AA	shared	expression_nearest_gene	chr2_211508281_211509183	chr2	211508281	211509183	Heritable	0.480405053248133	1	1	0	0	0.553414944725482	0.997818244032116	0.0921330303661776	0.0921330303661776
all_individuals	dlpfc	AA	shared	expression_nearest_gene	chr2_216011480_216012553	chr2	216011480	216012553	Heritable	0.284302764645187	1	1	0	0	0.827334542720427	0.997818244032116	0.0575905185205183	-0.0575905185205183
all_individuals	dlpfc	AA	shared	expression_nearest_gene	chr2_2188227_2189115	chr2	2188227	2189115	Heritable	0.117521405793402	1	1	0	0	0.340580210058606	0.997818244032116	0.147495706125047	-0.147495706125047
all_individuals	dlpfc	AA	shared	expression_nearest_gene	chr2_218857895_218858779	chr2	218857895	218858779	Heritable	0.141058549343039	1	1	0	0	0.698821178543249	0.997818244032116	0.0444272196592972	0.0444272196592972
all_individuals	dlpfc	AA	shared	expression_nearest_gene	chr2_218994448_218994973	chr2	218994448	218994973	Heritable	0.167600284157102	1	1	0	0	0.504646222267852	0.997818244032116	0.0935351936199709	0.0935351936199709
all_individuals	dlpfc	AA	shared	expression_nearest_gene	chr2_219025891_219026472	chr2	219025891	219026472	Heritable	0.171534379376525	1	1	0	0	0.177413466879252	0.911713995663319	0.330498409612329	0.330498409612329
all_individuals	dlpfc	AA	shared	expression_nearest_gene	chr2_224041625_224042525	chr2	224041625	224042525	Heritable	0.137347164312807	1	1	0	0	0.144807093828304	0.886987978379458	0.303514216741277	-0.303514216741277
all_individuals	dlpfc	AA	shared	expression_nearest_gene	chr2_224401886_224402513	chr2	224401886	224402513	Heritable	0.127427275305671	1	1	0	0	0.51121601616889	0.997818244032116	0.288590819176751	-0.288590819176751
all_individuals	dlpfc	AA	shared	expression_nearest_gene	chr2_224957676_224959257	chr2	224957676	224959257	Heritable	0.100882851187259	1	1	0	0	0.584259838972374	0.997818244032116	0.0871245754480015	0.0871245754480015
all_individuals	dlpfc	AA	shared	expression_nearest_gene	chr2_226423608_226423831	chr2	226423608	226423831	Heritable	0.200474038381896	1	1	0	0	0.945627275689712	0.997818244032116	0.00198309286541471	0.00198309286541471
all_individuals	dlpfc	AA	shared	expression_nearest_gene	chr2_227366643_227367299	chr2	227366643	227367299	Heritable	0.100250504256387	1	1	0	0	0.229670478335587	0.947930352176406	0.105199162671975	0.105199162671975
all_individuals	dlpfc	AA	shared	expression_nearest_gene	chr2_227374298_227374390	chr2	227374298	227374390	Heritable	0.165396202625078	1	1	0	0	0.833023434499989	0.997818244032116	0.015444834911319	0.015444834911319
all_individuals	dlpfc	AA	shared	expression_nearest_gene	chr2_227393015_227393763	chr2	227393015	227393763	Heritable	0.120579391568605	1	1	0	0	0.920468979126159	0.997818244032116	0.00468181495685169	-0.00468181495685169
all_individuals	dlpfc	AA	shared	expression_nearest_gene	chr2_229858962_229859246	chr2	229858962	229859246	Heritable	0.118951172696052	1	1	0	0	0.913113192086602	0.997818244032116	0.00722612468277362	0.00722612468277362
all_individuals	dlpfc	AA	shared	expression_nearest_gene	chr2_230869026_230870860	chr2	230869026	230870860	Heritable	0.130994566459589	1	1	0	0	0.507391101956884	0.997818244032116	0.145527563835998	0.145527563835998
all_individuals	dlpfc	AA	shared	expression_nearest_gene	chr2_230990611_230991109	chr2	230990611	230991109	Heritable	0.194395077265055	1	1	0	0	0.649766246547876	0.997818244032116	0.0510087952747751	-0.0510087952747751
all_individuals	dlpfc	AA	shared	expression_nearest_gene	chr2_231595051_231595571	chr2	231595051	231595571	Heritable	0.255543363447026	1	1	0	0	0.703518739930451	0.997818244032116	0.00286411554085695	-0.00286411554085695
all_individuals	dlpfc	AA	shared	expression_nearest_gene	chr2_231615126_231615524	chr2	231615126	231615524	Heritable	0.368137673693758	1	1	0	0	0.378218637933962	0.997818244032116	0.00496407247665234	-0.00496407247665234
all_individuals	dlpfc	AA	shared	expression_nearest_gene	chr2_231640860_231641048	chr2	231640860	231641048	Heritable	0.11222956701896	1	1	0	0	0.0577758897097226	0.794603662642371	0.013803595886042	0.013803595886042
all_individuals	dlpfc	AA	shared	expression_nearest_gene	chr2_231642658_231643159	chr2	231642658	231643159	Heritable	0.112817405013574	1	1	0	0	0.908729956828448	0.997818244032116	0.000756968640952308	-0.000756968640952308
all_individuals	dlpfc	AA	shared	expression_nearest_gene	chr2_2321571_2322557	chr2	2321571	2322557	Heritable	0.124929260404972	1	1	0	0	0.441455965037402	0.997818244032116	0.133863742405673	-0.133863742405673
all_individuals	dlpfc	AA	shared	expression_nearest_gene	chr2_232877144_232877628	chr2	232877144	232877628	Heritable	0.118823502936487	1	1	0	0	0.230187509991945	0.947930352176406	0.55221592409908	-0.55221592409908
all_individuals	dlpfc	AA	shared	expression_nearest_gene	chr2_233435978_233436885	chr2	233435978	233436885	Heritable	0.105671769677803	1	1	0	0	0.382974995478336	0.997818244032116	0.13170340707082	0.13170340707082
all_individuals	dlpfc	AA	shared	expression_nearest_gene	chr2_233444192_233446079	chr2	233444192	233446079	Heritable	0.162276486599324	1	1	0	0	0.402438220534997	0.997818244032116	0.13645898972165	0.13645898972165
all_individuals	dlpfc	AA	shared	expression_nearest_gene	chr2_233460945_233462883	chr2	233460945	233462883	Non-heritable	0.0915815478161543	1	1	0	0	0.648228439402824	0.997818244032116	0.077334403863059	0.077334403863059
all_individuals	dlpfc	AA	shared	expression_nearest_gene	chr2_233481453_233482132	chr2	233481453	233482132	Heritable	0.128468690621192	1	1	0	0	0.148484568651374	0.89495226824323	0.289967921922987	0.289967921922987
all_individuals	dlpfc	AA	shared	expression_nearest_gene	chr2_233992689_233993416	chr2	233992689	233993416	Heritable	0.108448013115341	1	1	0	0	0.349534888599152	0.997818244032116	0.194575022006834	0.194575022006834
all_individuals	dlpfc	AA	shared	expression_nearest_gene	chr2_234412720_234412900	chr2	234412720	234412900	Heritable	0.190589984956664	1	1	0	0	0.230862031918511	0.947930352176406	0.105835731296314	0.105835731296314
all_individuals	dlpfc	AA	shared	expression_nearest_gene	chr2_234953377_234954972	chr2	234953377	234954972	Heritable	0.125446746792769	1	1	0	0	0.252214148455781	0.958038504795448	0.226717147486433	-0.226717147486433
all_individuals	dlpfc	AA	shared	expression_nearest_gene	chr2_234960264_234961077	chr2	234960264	234961077	Heritable	0.111210001397545	1	1	0	0	0.216204361108552	0.944738201137267	0.25218377389217	-0.25218377389217
all_individuals	dlpfc	AA	shared	expression_nearest_gene	chr2_234974678_234975036	chr2	234974678	234975036	Heritable	0.146529727910264	1	1	0	0	0.228820365617434	0.947930352176406	0.24872920140939	-0.24872920140939
all_individuals	dlpfc	AA	shared	expression_nearest_gene	chr2_234989202_234989785	chr2	234989202	234989785	Non-heritable	0.0734132617042943	1	1	0	0	0.0201252524584067	0.483288115502498	0.512215507983282	-0.512215507983282
all_individuals	dlpfc	AA	shared	expression_nearest_gene	chr2_23502112_23502252	chr2	23502112	23502252	Heritable	0.221250665481437	1	1	0	0	0.88388195126885	0.997818244032116	0.0453940283148775	0.0453940283148775
all_individuals	dlpfc	AA	shared	expression_nearest_gene	chr2_235050982_235051232	chr2	235050982	235051232	Heritable	0.110331640846331	1	1	0	0	0.116168628728397	0.885502111448744	0.377749059903945	-0.377749059903945
all_individuals	dlpfc	AA	shared	expression_nearest_gene	chr2_235191755_235192716	chr2	235191755	235192716	Heritable	0.154089639749415	1	1	0	0	0.529747311935983	0.997818244032116	0.0107596737919264	0.0107596737919264
all_individuals	dlpfc	AA	shared	expression_nearest_gene	chr2_235384490_235385353	chr2	235384490	235385353	Heritable	0.133047625411969	1	1	0	0	0.267105971373619	0.972463717403515	0.148028489412454	0.148028489412454
all_individuals	dlpfc	AA	shared	expression_nearest_gene	chr2_23550437_23550974	chr2	23550437	23550974	Heritable	0.107212586932402	1	1	0	0	0.122063987889477	0.885502111448744	0.439697923138736	-0.439697923138736
all_individuals	dlpfc	AA	shared	expression_nearest_gene	chr2_235504761_235505363	chr2	235504761	235505363	Heritable	0.147652253261941	1	1	0	0	0.224359609185315	0.945014449508517	0.195309698940541	0.195309698940541
all_individuals	dlpfc	AA	shared	expression_nearest_gene	chr2_235577981_235578243	chr2	235577981	235578243	Heritable	0.10554907604827	1	1	0	0	0.49189531753899	0.997818244032116	0.115457409142566	0.115457409142566
all_individuals	dlpfc	AA	shared	expression_nearest_gene	chr2_23563598_23564247	chr2	23563598	23564247	Heritable	0.120650246866004	1	1	0	0	0.430242915468025	0.997818244032116	0.19499782988683	-0.19499782988683
all_individuals	dlpfc	AA	shared	expression_nearest_gene	chr2_235677383_235678134	chr2	235677383	235678134	Heritable	0.148088118218816	1	1	0	0	0.181854402083947	0.913743839979177	0.20732302832279	0.20732302832279
all_individuals	dlpfc	AA	shared	expression_nearest_gene	chr2_235688917_235689298	chr2	235688917	235689298	Heritable	0.124075373878691	1	1	0	0	0.463617290073721	0.997818244032116	0.120150998049098	0.120150998049098
all_individuals	dlpfc	AA	shared	expression_nearest_gene	chr2_235712825_235713174	chr2	235712825	235713174	Heritable	0.108652611883193	1	1	0	0	0.177285311235912	0.911713995663319	0.250394988883144	0.250394988883144
all_individuals	dlpfc	AA	shared	expression_nearest_gene	chr2_235747845_235748187	chr2	235747845	235748187	Non-heritable	0.0683143860946384	1	1	0	0	0.590499967618341	0.997818244032116	0.0946791175997959	-0.0946791175997959
all_individuals	dlpfc	AA	shared	expression_nearest_gene	chr2_235940540_235940982	chr2	235940540	235940982	Heritable	0.115326645260266	1	1	0	0	0.448284623597419	0.997818244032116	0.137865047646827	0.137865047646827
all_individuals	dlpfc	AA	shared	expression_nearest_gene	chr2_235958974_235959242	chr2	235958974	235959242	Heritable	0.116772938919634	1	1	0	0	0.110943821239774	0.885502111448744	0.254411883126629	0.254411883126629
all_individuals	dlpfc	AA	shared	expression_nearest_gene	chr2_236053484_236054063	chr2	236053484	236054063	Heritable	0.115221067655239	1	1	0	0	0.646306236127628	0.997818244032116	0.0826929903328164	0.0826929903328164
all_individuals	dlpfc	AA	shared	expression_nearest_gene	chr2_236626309_236626561	chr2	236626309	236626561	Heritable	0.108533923410717	1	1	0	0	0.19124607070504	0.924559060738879	0.371790014621787	0.371790014621787
all_individuals	dlpfc	AA	shared	expression_nearest_gene	chr2_236898796_236899360	chr2	236898796	236899360	Heritable	0.234551910843461	1	1	0	0	0.265306544114452	0.972186490858339	0.282139809406676	-0.282139809406676
all_individuals	dlpfc	AA	shared	expression_nearest_gene	chr2_237390125_237391198	chr2	237390125	237391198	Heritable	0.104518260512422	1	1	0	0	0.117392905192811	0.885502111448744	0.768308049352264	-0.768308049352264
all_individuals	dlpfc	AA	shared	expression_nearest_gene	chr2_237559142_237559538	chr2	237559142	237559538	Heritable	0.173708524449341	1	1	0	0	0.49031480251365	0.997818244032116	0.243146927467078	-0.243146927467078
all_individuals	dlpfc	AA	shared	expression_nearest_gene	chr2_237673098_237673891	chr2	237673098	237673891	Heritable	0.117459395946013	1	1	0	0	0.272360679951724	0.975445498063831	0.188174206784883	0.188174206784883
all_individuals	dlpfc	AA	shared	expression_nearest_gene	chr2_237860566_237861267	chr2	237860566	237861267	Heritable	0.141979840806398	1	1	0	0	0.898674896255816	0.997818244032116	0.0290181359678385	0.0290181359678385
all_individuals	dlpfc	AA	shared	expression_nearest_gene	chr2_238102607_238103023	chr2	238102607	238103023	Heritable	0.205681513486278	1	1	0	0	0.347991570690227	0.997818244032116	0.151201274424317	0.151201274424317
all_individuals	dlpfc	AA	shared	expression_nearest_gene	chr2_238231091_238231349	chr2	238231091	238231349	Heritable	0.178128883877373	1	1	0	1	0.00155325909167425	0.0701582606565708	0.99706043370135	-0.99706043370135
all_individuals	dlpfc	AA	shared	expression_nearest_gene	chr2_238854626_238854979	chr2	238854626	238854979	Heritable	0.278502287012787	1	1	0	0	0.555501445162223	0.997818244032116	0.0157549394051122	0.0157549394051122
all_individuals	dlpfc	AA	shared	expression_nearest_gene	chr2_238905476_238906241	chr2	238905476	238906241	Heritable	0.10082007427772	1	1	0	0	0.172443173765343	0.911713995663319	0.0204848474889235	0.0204848474889235
all_individuals	dlpfc	AA	shared	expression_nearest_gene	chr2_238965416_238965962	chr2	238965416	238965962	Heritable	0.11742079872287	1	1	0	0	0.0391079630946261	0.726601903860016	0.058308856838721	-0.058308856838721
all_individuals	dlpfc	AA	shared	expression_nearest_gene	chr2_239131775_239132072	chr2	239131775	239132072	Heritable	0.115010596907737	1	1	0	0	0.568812623655305	0.997818244032116	0.118299019939627	-0.118299019939627
all_individuals	dlpfc	AA	shared	expression_nearest_gene	chr2_239155774_239156029	chr2	239155774	239156029	Heritable	0.125148104736392	1	1	0	0	0.444553178901268	0.997818244032116	0.151463261057838	0.151463261057838
all_individuals	dlpfc	AA	shared	expression_nearest_gene	chr2_239175856_239176588	chr2	239175856	239176588	Heritable	0.108165887622696	1	1	0	0	0.492494646006649	0.997818244032116	0.107619160747973	0.107619160747973
all_individuals	dlpfc	AA	shared	expression_nearest_gene	chr2_239291713_239292102	chr2	239291713	239292102	Heritable	0.134792533650083	1	1	0	0	0.637874529098442	0.997818244032116	0.100105958350142	-0.100105958350142
all_individuals	dlpfc	AA	shared	expression_nearest_gene	chr2_239299361_239299985	chr2	239299361	239299985	Heritable	0.127946598480609	1	1	0	0	0.95728622361215	0.997818244032116	0.0107105111676002	0.0107105111676002
all_individuals	dlpfc	AA	shared	expression_nearest_gene	chr2_239735416_239735825	chr2	239735416	239735825	Heritable	0.13074390201619	1	1	0	0	0.562243491186083	0.997818244032116	0.00992768177578535	0.00992768177578535
all_individuals	dlpfc	AA	shared	expression_nearest_gene	chr2_239802022_239802369	chr2	239802022	239802369	Heritable	0.111775258776931	1	1	0	0	0.813652734457087	0.997818244032116	0.028584735458157	-0.028584735458157
all_individuals	dlpfc	AA	shared	expression_nearest_gene	chr2_239803891_239804490	chr2	239803891	239804490	Heritable	0.128707286457003	1	1	0	0	0.784402795468612	0.997818244032116	0.0285607140659643	0.0285607140659643
all_individuals	dlpfc	AA	shared	expression_nearest_gene	chr2_239954784_239954964	chr2	239954784	239954964	Heritable	0.10964626593393	1	1	0	0	0.0938842361457202	0.857143100641033	0.194165083127537	0.194165083127537
all_individuals	dlpfc	AA	shared	expression_nearest_gene	chr2_240015668_240016320	chr2	240015668	240016320	Heritable	0.136386451671818	1	1	0	0	0.342243735062804	0.997818244032116	0.117081226844592	-0.117081226844592
all_individuals	dlpfc	AA	shared	expression_nearest_gene	chr2_240237579_240237882	chr2	240237579	240237882	Heritable	0.127657842887983	1	1	0	0	0.923641778909396	0.997818244032116	0.0223689062528303	-0.0223689062528303
all_individuals	dlpfc	AA	shared	expression_nearest_gene	chr2_240286701_240287209	chr2	240286701	240287209	Heritable	0.12357823670722	1	1	0	0	0.292237485071592	0.983008463446871	0.238096209526287	-0.238096209526287
all_individuals	dlpfc	AA	shared	expression_nearest_gene	chr2_240297625_240298039	chr2	240297625	240298039	Heritable	0.140551797724048	1	1	0	0	0.73281000107341	0.997818244032116	0.0989541031899321	-0.0989541031899321
all_individuals	dlpfc	AA	shared	expression_nearest_gene	chr2_240300488_240301050	chr2	240300488	240301050	Heritable	0.282010514251203	1	1	0	0	0.613892362542942	0.997818244032116	0.143914519419859	-0.143914519419859
all_individuals	dlpfc	AA	shared	expression_nearest_gene	chr2_240443710_240443942	chr2	240443710	240443942	Heritable	0.105306634175408	1	1	0	0	0.805565387039035	0.997818244032116	0.0805027078800862	0.0805027078800862
all_individuals	dlpfc	AA	shared	expression_nearest_gene	chr2_240454450_240454795	chr2	240454450	240454795	Heritable	0.104788679741482	1	1	0	0	0.450511081327181	0.997818244032116	0.217380894649583	0.217380894649583
all_individuals	dlpfc	AA	shared	expression_nearest_gene	chr2_240622613_240623131	chr2	240622613	240623131	Non-heritable	0.0784415690232484	1	1	0	0	0.00546923404057721	0.200585327077922	0.995450183496339	0.995450183496339
all_individuals	dlpfc	AA	shared	expression_nearest_gene	chr2_240960671_240960892	chr2	240960671	240960892	Heritable	0.125438348514694	1	1	0	0	0.778908667536747	0.997818244032116	0.0212289761884574	-0.0212289761884574
all_individuals	dlpfc	AA	shared	expression_nearest_gene	chr2_241094350_241094687	chr2	241094350	241094687	Heritable	0.11039528422259	1	1	0	0	0.168918480763781	0.911713995663319	0.255925832500843	0.255925832500843
all_individuals	dlpfc	AA	shared	expression_nearest_gene	chr2_241494126_241494788	chr2	241494126	241494788	Heritable	0.121950442133542	1	1	0	0	0.600391441669616	0.997818244032116	0.0907477613015537	0.0907477613015537
all_individuals	dlpfc	AA	shared	expression_nearest_gene	chr2_241560336_241561459	chr2	241560336	241561459	Heritable	0.106444500270201	1	1	0	0	0.507840407122999	0.997818244032116	0.197756941277198	0.197756941277198
all_individuals	dlpfc	AA	shared	expression_nearest_gene	chr2_241589585_241591379	chr2	241589585	241591379	Heritable	0.166650953031324	1	1	0	0	0.671422795938164	0.997818244032116	0.0616749059496868	0.0616749059496868
all_individuals	dlpfc	AA	shared	expression_nearest_gene	chr2_241728840_241729077	chr2	241728840	241729077	Heritable	0.119651350937051	1	1	0	0	0.81198937923408	0.997818244032116	0.0338055427693007	-0.0338055427693007
all_individuals	dlpfc	AA	shared	expression_nearest_gene	chr2_241810575_241811651	chr2	241810575	241811651	Heritable	0.145035588861243	1	1	0	0	0.30076917918078	0.985760877676827	0.265768443826705	-0.265768443826705
all_individuals	dlpfc	AA	shared	expression_nearest_gene	chr2_241812945_241813522	chr2	241812945	241813522	Non-heritable	0.0782869791509733	1	1	0	0	0.696084345843352	0.997818244032116	0.0965818872131941	-0.0965818872131941
all_individuals	dlpfc	AA	shared	expression_nearest_gene	chr2_241901813_241902725	chr2	241901813	241902725	Heritable	0.208613056927082	1	1	0	0	0.614679378140954	0.997818244032116	0.107842859853796	-0.107842859853796
all_individuals	dlpfc	AA	shared	expression_nearest_gene	chr2_24220947_24221247	chr2	24220947	24221247	Heritable	0.114876342284131	1	1	0	0	0.0405423158143149	0.73095410571103	0.256894246677554	0.256894246677554
all_individuals	dlpfc	AA	shared	expression_nearest_gene	chr2_24841575_24841719	chr2	24841575	24841719	Heritable	0.123236175994834	1	1	0	0	0.363743324448595	0.997818244032116	0.181674707015155	-0.181674707015155
all_individuals	dlpfc	AA	shared	expression_nearest_gene	chr2_25078228_25079310	chr2	25078228	25079310	Non-heritable	0.0653480895838582	1	1	0	0	0.726746283805815	0.997818244032116	0.0581350195709547	0.0581350195709547
all_individuals	dlpfc	AA	shared	expression_nearest_gene	chr2_25129028_25129385	chr2	25129028	25129385	Heritable	0.220669499017554	1	1	0	0	0.27473000116645	0.975445498063831	0.14996490058684	0.14996490058684
all_individuals	dlpfc	AA	shared	expression_nearest_gene	chr2_25161290_25161661	chr2	25161290	25161661	Heritable	0.33422334329113	1	1	1	1	2.88766904272789e-17	1.54887348279317e-14	2.5056607618475	-2.5056607618475
all_individuals	dlpfc	AA	shared	expression_nearest_gene	chr2_25373052_25373688	chr2	25373052	25373688	Heritable	0.11992618813335	1	1	0	0	0.914050381897863	0.997818244032116	0.0177681390583544	0.0177681390583544
all_individuals	dlpfc	AA	shared	expression_nearest_gene	chr2_25411568_25411998	chr2	25411568	25411998	Heritable	0.138705153953852	1	1	0	0	0.806593176401331	0.997818244032116	0.0398267783841817	-0.0398267783841817
all_individuals	dlpfc	AA	shared	expression_nearest_gene	chr2_25939049_25939367	chr2	25939049	25939367	Heritable	0.108967769802145	1	1	0	0	0.196553757259829	0.931624393086991	0.279010246177773	-0.279010246177773
all_individuals	dlpfc	AA	shared	expression_nearest_gene	chr2_25981313_25981493	chr2	25981313	25981493	Heritable	0.174498228326821	1	1	0	0	0.38806015300831	0.997818244032116	0.173857548801632	-0.173857548801632
all_individuals	dlpfc	AA	shared	expression_nearest_gene	chr2_26242786_26243046	chr2	26242786	26243046	Heritable	0.136687249566045	1	1	0	0	0.948510875823492	0.997818244032116	0.00591695398741621	0.00591695398741621
all_individuals	dlpfc	AA	shared	expression_nearest_gene	chr2_26246403_26246975	chr2	26246403	26246975	Heritable	0.135377186547389	1	1	0	0	0.24248201548339	0.95502009606648	0.223605962003305	0.223605962003305
all_individuals	dlpfc	AA	shared	expression_nearest_gene	chr2_26488938_26489321	chr2	26488938	26489321	Heritable	0.175919371744023	1	1	0	0	0.433085473127877	0.997818244032116	0.278591447793649	0.278591447793649
all_individuals	dlpfc	AA	shared	expression_nearest_gene	chr2_26532510_26533840	chr2	26532510	26533840	Heritable	0.13797687636083	1	1	0	0	0.60796650912393	0.997818244032116	0.169075717528481	0.169075717528481
all_individuals	dlpfc	AA	shared	expression_nearest_gene	chr2_27117908_27118046	chr2	27117908	27118046	Heritable	0.118483198238998	1	1	0	0	0.132077698647348	0.886987978379458	0.321514997965726	-0.321514997965726
all_individuals	dlpfc	AA	shared	expression_nearest_gene	chr2_27308361_27308729	chr2	27308361	27308729	Heritable	0.160834936151004	1	1	0	0	0.151526086734621	0.90191411531696	0.297371254978816	0.297371254978816
all_individuals	dlpfc	AA	shared	expression_nearest_gene	chr2_28334618_28334820	chr2	28334618	28334820	Heritable	0.102234055441762	1	1	0	0	0.793907648515997	0.997818244032116	0.0452520146571107	0.0452520146571107
all_individuals	dlpfc	AA	shared	expression_nearest_gene	chr2_28587779_28588391	chr2	28587779	28588391	Non-heritable	0.073040356769281	1	1	0	0	0.24878338817226	0.958038504795448	0.327571632521057	-0.327571632521057
all_individuals	dlpfc	AA	shared	expression_nearest_gene	chr2_28956034_28957498	chr2	28956034	28957498	Heritable	0.142081221736924	1	1	1	1	7.15937850212781e-09	1.13781085750483e-06	2.88966780038578	-2.88966780038578
all_individuals	dlpfc	AA	shared	expression_nearest_gene	chr2_31581319_31581644	chr2	31581319	31581644	Heritable	0.10793741658553	1	1	0	0	0.0190660508913004	0.472904187136242	0.109847252371999	-0.109847252371999
all_individuals	dlpfc	AA	shared	expression_nearest_gene	chr2_3267085_3267872	chr2	3267085	3267872	Heritable	0.174034226151522	1	1	0	0	0.345920003234214	0.997818244032116	0.133716180947751	-0.133716180947751
all_individuals	dlpfc	AA	shared	expression_nearest_gene	chr2_32874823_32874982	chr2	32874823	32874982	Heritable	0.124712476937071	1	1	0	0	0.186291642571041	0.919881977298429	0.44900477782974	0.44900477782974
all_individuals	dlpfc	AA	shared	expression_nearest_gene	chr2_3313906_3314325	chr2	3313906	3314325	Heritable	0.150344626553147	1	1	0	0	0.774597087476171	0.997818244032116	0.0390615962353849	-0.0390615962353849
all_individuals	dlpfc	AA	shared	expression_nearest_gene	chr2_34481732_34482611	chr2	34481732	34482611	Heritable	0.102549543270882	1	1	0	0	0.356363839025211	0.997818244032116	0.265275875672194	0.265275875672194
all_individuals	dlpfc	AA	shared	expression_nearest_gene	chr2_34485558_34488416	chr2	34485558	34488416	Heritable	0.150750576871688	1	1	0	0	0.187672713986172	0.920956452447216	0.448016561576341	0.448016561576341
all_individuals	dlpfc	AA	shared	expression_nearest_gene	chr2_35656222_35657468	chr2	35656222	35657468	Heritable	0.512590192589853	1	1	0	0	0.243285596200601	0.95502009606648	0.0189465454441845	-0.0189465454441845
all_individuals	dlpfc	AA	shared	expression_nearest_gene	chr2_3605003_3605837	chr2	3605003	3605837	Heritable	0.176414096437411	1	1	0	0	0.0268025447402159	0.580378919021108	0.85908599159171	-0.85908599159171
all_individuals	dlpfc	AA	shared	expression_nearest_gene	chr2_3611187_3611475	chr2	3611187	3611475	Heritable	0.132480343548997	1	1	0	0	0.101008354851133	0.868906406217649	0.714733939354494	-0.714733939354494
all_individuals	dlpfc	AA	shared	expression_nearest_gene	chr2_36669967_36671079	chr2	36669967	36671079	Heritable	0.651216774162668	1	1	0	0	0.295249366957481	0.983008463446871	0.194614088760078	-0.194614088760078
all_individuals	dlpfc	AA	shared	expression_nearest_gene	chr2_37376475_37377365	chr2	37376475	37377365	Non-heritable	0.0329283231107096	1	1	0	0	0.258810219817447	0.964672006403031	0.369233045053953	0.369233045053953
all_individuals	dlpfc	AA	shared	expression_nearest_gene	chr2_37535887_37536117	chr2	37535887	37536117	Heritable	0.118670532969848	1	1	0	0	0.454756318225957	0.997818244032116	0.0991836759506462	0.0991836759506462
all_individuals	dlpfc	AA	shared	expression_nearest_gene	chr2_39243584_39244172	chr2	39243584	39244172	Heritable	0.108592757588749	1	1	1	1	1.67412471212513e-07	1.99546364992471e-05	1.35696348485551	-1.35696348485551
all_individuals	dlpfc	AA	shared	expression_nearest_gene	chr2_39664589_39665053	chr2	39664589	39665053	Non-heritable	0.0367889403174418	1	1	0	0	0.735882941835851	0.997818244032116	0.0792023225680474	-0.0792023225680474
all_individuals	dlpfc	AA	shared	expression_nearest_gene	chr2_39667729_39670189	chr2	39667729	39670189	Non-heritable	0.0553336287794773	1	1	0	0	0.286718497616362	0.982732919677553	0.17772276053654	-0.17772276053654
all_individuals	dlpfc	AA	shared	expression_nearest_gene	chr2_39671428_39673132	chr2	39671428	39673132	Non-heritable	0.0733332795700719	1	1	0	0	0.140987789037342	0.886987978379458	0.296483742576289	-0.296483742576289
all_individuals	dlpfc	AA	shared	expression_nearest_gene	chr2_42961380_42961711	chr2	42961380	42961711	Heritable	0.121013102509302	1	1	0	0	0.93022076663358	0.997818244032116	0.0190784657894723	-0.0190784657894723
all_individuals	dlpfc	AA	shared	expression_nearest_gene	chr2_43000250_43001079	chr2	43000250	43001079	Heritable	0.117690212069228	1	1	0	0	0.568679467413278	0.997818244032116	0.124588229471424	0.124588229471424
all_individuals	dlpfc	AA	shared	expression_nearest_gene	chr2_43021911_43022493	chr2	43021911	43022493	Non-heritable	0.0933101526345227	1	1	0	0	0.722316108574388	0.997818244032116	0.0778701745793704	0.0778701745793704
all_individuals	dlpfc	AA	shared	expression_nearest_gene	chr2_43220072_43223826	chr2	43220072	43223826	Heritable	0.128395023177424	1	1	0	0	0.389950084876108	0.997818244032116	0.253978530712558	-0.253978530712558
all_individuals	dlpfc	AA	shared	expression_nearest_gene	chr2_43301083_43302785	chr2	43301083	43302785	Heritable	0.45162146428976	1	1	0	0	0.434844996084605	0.997818244032116	0.0910058007698247	-0.0910058007698247
all_individuals	dlpfc	AA	shared	expression_nearest_gene	chr2_45167694_45168113	chr2	45167694	45168113	Heritable	0.177290492464247	1	1	0	0	0.629069598645074	0.997818244032116	0.0406904735994527	0.0406904735994527
all_individuals	dlpfc	AA	shared	expression_nearest_gene	chr2_46296322_46296463	chr2	46296322	46296463	Heritable	0.251701126753655	1	1	0	0	0.832775304421861	0.997818244032116	0.0588679863926989	0.0588679863926989
all_individuals	dlpfc	AA	shared	expression_nearest_gene	chr2_46335680_46336088	chr2	46335680	46336088	Heritable	0.10199575141668	1	1	0	0	0.819666488636358	0.997818244032116	0.0697342685351039	-0.0697342685351039
all_individuals	dlpfc	AA	shared	expression_nearest_gene	chr2_47072189_47072674	chr2	47072189	47072674	Heritable	0.186939547118065	1	1	0	0	0.804518277726465	0.997818244032116	0.0437365181470899	0.0437365181470899
all_individuals	dlpfc	AA	shared	expression_nearest_gene	chr2_48317184_48317902	chr2	48317184	48317902	Non-heritable	0.096320906227612	1	1	0	0	0.769663019922019	0.997818244032116	0.0729177938745664	0.0729177938745664
all_individuals	dlpfc	AA	shared	expression_nearest_gene	chr2_48419581_48420359	chr2	48419581	48420359	Heritable	0.108315805205071	1	1	0	0	0.314536472305563	0.985760877676827	0.140714350531454	0.140714350531454
all_individuals	dlpfc	AA	shared	expression_nearest_gene	chr2_48439145_48439281	chr2	48439145	48439281	Heritable	0.119679292099109	1	1	0	0	0.307176210956403	0.985760877676827	0.126346592514043	0.126346592514043
all_individuals	dlpfc	AA	shared	expression_nearest_gene	chr2_48755999_48756540	chr2	48755999	48756540	Heritable	0.211051882136274	1	1	0	0	0.249226523658265	0.958038504795448	0.0737901387167888	-0.0737901387167888
all_individuals	dlpfc	AA	shared	expression_nearest_gene	chr2_50345806_50346172	chr2	50345806	50346172	Heritable	0.178220489344558	1	1	0	0	0.18625865066237	0.919881977298429	0.165691221966554	-0.165691221966554
all_individuals	dlpfc	AA	shared	expression_nearest_gene	chr2_52540793_52541038	chr2	52540793	52541038	Heritable	0.164767748220603	1	1	0	0	0.474725337059167	0.997818244032116	0.180222073537505	-0.180222073537505
all_individuals	dlpfc	AA	shared	expression_nearest_gene	chr2_54557624_54557747	chr2	54557624	54557747	Non-heritable	0.0830029108537383	1	1	0	0	0.56696434888052	0.997818244032116	0.0657250479280833	0.0657250479280833
all_individuals	dlpfc	AA	shared	expression_nearest_gene	chr2_54708194_54708629	chr2	54708194	54708629	Heritable	0.101867347165688	1	1	0	0	0.517875538897844	0.997818244032116	0.171238399618686	0.171238399618686
all_individuals	dlpfc	AA	shared	expression_nearest_gene	chr2_54879236_54880390	chr2	54879236	54880390	Heritable	0.153689510668685	1	1	0	0	0.580094726788944	0.997818244032116	0.143572673266377	0.143572673266377
all_individuals	dlpfc	AA	shared	expression_nearest_gene	chr2_55137556_55139333	chr2	55137556	55139333	Non-heritable	0.0942646891677856	1	1	0	0	0.701519618842414	0.997818244032116	0.0524303273106881	-0.0524303273106881
all_individuals	dlpfc	AA	shared	expression_nearest_gene	chr2_61855368_61855596	chr2	61855368	61855596	Heritable	0.262806735452468	1	1	0	0	0.41163926385499	0.997818244032116	0.153304058412491	-0.153304058412491
all_individuals	dlpfc	AA	shared	expression_nearest_gene	chr2_63047280_63047937	chr2	63047280	63047937	Heritable	0.108100802708616	1	1	0	0	0.126738209868325	0.885502111448744	0.39121665406833	-0.39121665406833
all_individuals	dlpfc	AA	shared	expression_nearest_gene	chr2_64063846_64064345	chr2	64063846	64064345	Heritable	0.10050753400254	1	1	0	0	0.829723449910298	0.997818244032116	0.0418550375460427	0.0418550375460427
all_individuals	dlpfc	AA	shared	expression_nearest_gene	chr2_64730578_64730814	chr2	64730578	64730814	Heritable	0.164553882154999	1	1	0	0	0.927830174304968	0.997818244032116	0.017490269925684	-0.017490269925684
all_individuals	dlpfc	AA	shared	expression_nearest_gene	chr2_64864494_64864625	chr2	64864494	64864625	Heritable	0.1398031081766	1	1	0	0	0.911669493637266	0.997818244032116	0.0388931807340871	-0.0388931807340871
all_individuals	dlpfc	AA	shared	expression_nearest_gene	chr2_66437666_66439285	chr2	66437666	66439285	Heritable	0.102392522563186	1	1	0	0	0.520634952948764	0.997818244032116	0.148627349679128	-0.148627349679128
all_individuals	dlpfc	AA	shared	expression_nearest_gene	chr2_66491790_66492459	chr2	66491790	66492459	Non-heritable	0.0914193081569905	1	1	0	0	0.0772774263715518	0.830141710561625	0.336100869436685	-0.336100869436685
all_individuals	dlpfc	AA	shared	expression_nearest_gene	chr2_69948521_69948978	chr2	69948521	69948978	Non-heritable	0.0915152415673529	1	1	0	0	0.18151667802687	0.913743839979177	0.300651591547691	0.300651591547691
all_individuals	dlpfc	AA	shared	expression_nearest_gene	chr2_70132407_70133078	chr2	70132407	70133078	Heritable	0.131947321501614	1	1	0	0	0.154092062195398	0.90562350969366	0.238917890368677	0.238917890368677
all_individuals	dlpfc	AA	shared	expression_nearest_gene	chr2_70140468_70141086	chr2	70140468	70141086	Heritable	0.145022242112881	1	1	0	0	0.107612176883701	0.87955019239612	0.323745003702447	0.323745003702447
all_individuals	dlpfc	AA	shared	expression_nearest_gene	chr2_7017864_7018806	chr2	7017864	7018806	Heritable	0.140089451270012	1	1	0	0	0.663982011177171	0.997818244032116	0.0689903836245236	0.0689903836245236
all_individuals	dlpfc	AA	shared	expression_nearest_gene	chr2_7031689_7032218	chr2	7031689	7032218	Heritable	0.156776052424277	1	1	0	0	0.454750643288325	0.997818244032116	0.13409045826722	-0.13409045826722
all_individuals	dlpfc	AA	shared	expression_nearest_gene	chr2_70607285_70607881	chr2	70607285	70607881	Heritable	0.107926937933397	1	1	0	0	0.210080550835897	0.935201709108456	0.257871551527813	-0.257871551527813
all_individuals	dlpfc	AA	shared	expression_nearest_gene	chr2_70823610_70823978	chr2	70823610	70823978	Heritable	0.733596954305047	1	1	0	0	0.493339023563344	0.997818244032116	0.141088358613393	-0.141088358613393
all_individuals	dlpfc	AA	shared	expression_nearest_gene	chr2_71389290_71389925	chr2	71389290	71389925	Heritable	0.134216101026549	1	1	0	1	0.00228726407140876	0.0962220601021076	0.38700213181756	0.38700213181756
all_individuals	dlpfc	AA	shared	expression_nearest_gene	chr2_71546795_71547236	chr2	71546795	71547236	Heritable	0.110338392850475	1	1	0	0	0.642021710581295	0.997818244032116	0.118432964749474	-0.118432964749474
all_individuals	dlpfc	AA	shared	expression_nearest_gene	chr2_71576456_71576745	chr2	71576456	71576745	Heritable	0.137138619712044	1	1	0	0	0.0767582319525007	0.830141710561625	0.51280847808259	-0.51280847808259
all_individuals	dlpfc	AA	shared	expression_nearest_gene	chr2_71578534_71579251	chr2	71578534	71579251	Heritable	0.161861993335164	1	1	0	0	0.557674868229903	0.997818244032116	0.149630728053666	-0.149630728053666
all_individuals	dlpfc	AA	shared	expression_nearest_gene	chr2_71592269_71592755	chr2	71592269	71592755	Heritable	0.136274205642136	1	1	0	0	0.308510063247178	0.985760877676827	0.2878844330349	-0.2878844330349
all_individuals	dlpfc	AA	shared	expression_nearest_gene	chr2_71596034_71596602	chr2	71596034	71596602	Non-heritable	0.0997088502055838	1	1	0	0	0.4874090255378	0.997818244032116	0.183607859428918	-0.183607859428918
all_individuals	dlpfc	AA	shared	expression_nearest_gene	chr2_72138655_72139479	chr2	72138655	72139479	Non-heritable	0.0862453745325267	1	1	0	0	0.657021369702519	0.997818244032116	0.172927161583358	-0.172927161583358
all_individuals	dlpfc	AA	shared	expression_nearest_gene	chr2_74148776_74148974	chr2	74148776	74148974	Heritable	0.100101871709981	1	1	0	0	0.72839371901898	0.997818244032116	0.0617743805670994	0.0617743805670994
all_individuals	dlpfc	AA	shared	expression_nearest_gene	chr2_74226341_74227287	chr2	74226341	74227287	Heritable	0.167281745826957	1	1	0	0	0.741289179518293	0.997818244032116	0.104765060828547	-0.104765060828547
all_individuals	dlpfc	AA	shared	expression_nearest_gene	chr2_74414533_74414744	chr2	74414533	74414744	Heritable	0.184013970540287	1	1	0	0	0.536525158603508	0.997818244032116	0.10392373977707	-0.10392373977707
all_individuals	dlpfc	AA	shared	expression_nearest_gene	chr2_74415711_74415955	chr2	74415711	74415955	Heritable	0.174607645564944	1	1	0	0	0.963116864052732	0.997818244032116	0.00755829134718811	0.00755829134718811
all_individuals	dlpfc	AA	shared	expression_nearest_gene	chr2_74548302_74548510	chr2	74548302	74548510	Heritable	0.174415851376773	1	1	0	0	0.888471859028243	0.997818244032116	0.0289013263826616	-0.0289013263826616
all_individuals	dlpfc	AA	shared	expression_nearest_gene	chr2_74908599_74909207	chr2	74908599	74909207	Heritable	0.114732694053407	1	1	0	0	0.384288030372347	0.997818244032116	0.0204792634054435	-0.0204792634054435
all_individuals	dlpfc	AA	shared	expression_nearest_gene	chr2_74910983_74911753	chr2	74910983	74911753	Heritable	0.127914641137133	1	1	0	0	0.51954746041996	0.997818244032116	0.0170173407749415	0.0170173407749415
all_individuals	dlpfc	AA	shared	expression_nearest_gene	chr2_74920415_74920490	chr2	74920415	74920490	Heritable	0.259622777720796	1	1	0	0	0.902270941272031	0.997818244032116	0.00341517568781686	0.00341517568781686
all_individuals	dlpfc	AA	shared	expression_nearest_gene	chr2_79511252_79511493	chr2	79511252	79511493	Heritable	0.14305188255779	1	1	0	0	0.0782519916983571	0.830141710561625	0.167706126188811	0.167706126188811
all_individuals	dlpfc	AA	shared	expression_nearest_gene	chr2_85058582_85058765	chr2	85058582	85058765	Heritable	0.175530030139882	1	1	0	0	0.0480599169172623	0.771372187047652	0.18325900684917	-0.18325900684917
all_individuals	dlpfc	AA	shared	expression_nearest_gene	chr2_85189586_85189884	chr2	85189586	85189884	Heritable	0.141867371336053	1	1	0	0	0.154669729566649	0.90562350969366	0.0289537797081068	0.0289537797081068
all_individuals	dlpfc	AA	shared	expression_nearest_gene	chr2_85400824_85401235	chr2	85400824	85401235	Heritable	0.102409908286945	1	1	0	0	0.486400410036517	0.997818244032116	0.291543687360477	0.291543687360477
all_individuals	dlpfc	AA	shared	expression_nearest_gene	chr2_85742060_85742695	chr2	85742060	85742695	Heritable	0.158042293909595	1	1	0	0	0.477405519598732	0.997818244032116	0.241754992562736	0.241754992562736
all_individuals	dlpfc	AA	shared	expression_nearest_gene	chr2_85796322_85797210	chr2	85796322	85797210	Heritable	0.110899562519327	1	1	0	0	0.940118747565655	0.997818244032116	0.0244424820757736	0.0244424820757736
all_individuals	dlpfc	AA	shared	expression_nearest_gene	chr2_86632455_86633248	chr2	86632455	86633248	Non-heritable	0.0835053673821359	1	1	0	0	0.970590180518014	0.997818244032116	0.00659682453906729	0.00659682453906729
all_individuals	dlpfc	AA	shared	expression_nearest_gene	chr2_8679908_8680582	chr2	8679908	8680582	Heritable	0.166252223510778	1	1	0	0	0.717377030154133	0.997818244032116	0.088263837927389	-0.088263837927389
all_individuals	dlpfc	AA	shared	expression_nearest_gene	chr2_87583416_87583951	chr2	87583416	87583951	Heritable	0.105170488694029	1	1	0	0	0.0895646178850831	0.852417590912265	0.382190936046911	-0.382190936046911
all_individuals	dlpfc	AA	shared	expression_nearest_gene	chr2_88169981_88170108	chr2	88169981	88170108	Heritable	0.451238497294157	1	1	1	1	5.53754900472965e-16	2.16014752539045e-13	6.91785046525228	-6.91785046525228
all_individuals	dlpfc	AA	shared	expression_nearest_gene	chr2_88284099_88284441	chr2	88284099	88284441	Heritable	0.143349790471809	1	1	0	0	0.680318091347565	0.997818244032116	0.507314672302691	0.507314672302691
all_individuals	dlpfc	AA	shared	expression_nearest_gene	chr2_9230336_9230718	chr2	9230336	9230718	Heritable	0.140719869617685	1	1	0	0	0.500691889944325	0.997818244032116	0.10713311845943	0.10713311845943
all_individuals	dlpfc	AA	shared	expression_nearest_gene	chr2_9303833_9304108	chr2	9303833	9304108	Heritable	0.134759199999001	1	1	0	0	0.269892951887485	0.972463717403515	0.152315042947931	-0.152315042947931
all_individuals	dlpfc	AA	shared	expression_nearest_gene	chr2_9311041_9311876	chr2	9311041	9311876	Heritable	0.138472974954029	1	1	0	0	0.507809578788866	0.997818244032116	0.0953456943548083	-0.0953456943548083
all_individuals	dlpfc	AA	shared	expression_nearest_gene	chr2_9378416_9379078	chr2	9378416	9379078	Non-heritable	0.0979112570826622	1	1	0	0	0.512281445383411	0.997818244032116	0.0997781771039623	0.0997781771039623
all_individuals	dlpfc	AA	shared	expression_nearest_gene	chr2_9466257_9466650	chr2	9466257	9466650	Heritable	0.10511931083781	1	1	0	0	0.3262959172383	0.996163905761335	0.142236146095318	-0.142236146095318
all_individuals	dlpfc	AA	shared	expression_nearest_gene	chr2_9475586_9475649	chr2	9475586	9475649	Heritable	0.267445090727424	1	1	0	0	0.948740218604626	0.997818244032116	0.00991091371574093	0.00991091371574093
all_individuals	dlpfc	AA	shared	expression_nearest_gene	chr2_9637973_9638729	chr2	9637973	9638729	Non-heritable	0.0785851460319547	1	1	0	0	0.267891254291692	0.972463717403515	0.255618702528174	0.255618702528174
all_individuals	dlpfc	AA	shared	expression_nearest_gene	chr2_96801879_96802397	chr2	96801879	96802397	Non-heritable	0.0806879337502203	1	1	0	0	0.406512211406664	0.997818244032116	0.152528877455282	0.152528877455282
all_individuals	dlpfc	AA	shared	expression_nearest_gene	chr2_96823983_96824892	chr2	96823983	96824892	Non-heritable	0.0775226323606086	1	1	0	0	0.570914510652682	0.997818244032116	0.106907174015436	0.106907174015436
all_individuals	dlpfc	AA	shared	expression_nearest_gene	chr2_96864329_96864916	chr2	96864329	96864916	Heritable	0.107871367145645	1	1	0	0	0.180436640363057	0.913270078422155	0.21935070124276	-0.21935070124276
all_individuals	dlpfc	AA	shared	expression_nearest_gene	chr2_96907571_96907996	chr2	96907571	96907996	Heritable	0.145036362320931	1	1	0	0	0.0716895651896923	0.824718295520025	0.501219531371834	-0.501219531371834
all_individuals	dlpfc	AA	shared	expression_nearest_gene	chr2_96916359_96917366	chr2	96916359	96917366	Heritable	0.113757347309407	1	1	0	0	0.216021947887135	0.944738201137267	0.343743535123783	-0.343743535123783
all_individuals	dlpfc	AA	shared	expression_nearest_gene	chr2_98445948_98447034	chr2	98445948	98447034	Heritable	0.203722153592432	1	1	0	0	0.0961042685944367	0.863770357109136	0.172536284955852	-0.172536284955852
all_individuals	dlpfc	AA	shared	expression_nearest_gene	chr2_98466023_98466577	chr2	98466023	98466577	Heritable	0.11285821759518	1	1	0	0	0.0684665036264949	0.817115709865458	0.210905433048176	-0.210905433048176
all_individuals	dlpfc	AA	shared	expression_nearest_gene	chr2_9883443_9884571	chr2	9883443	9884571	Heritable	0.115404053072046	1	1	0	0	0.60495710898054	0.997818244032116	0.0794600424917054	0.0794600424917054
all_individuals	dlpfc	AA	shared	expression_nearest_gene	chr2_99615184_99615730	chr2	99615184	99615730	Heritable	0.13745946558872	1	1	0	0	0.73687328184842	0.997818244032116	0.0753246833627514	0.0753246833627514
all_individuals	dlpfc	AA	shared	expression_nearest_gene	chr2_99688778_99689008	chr2	99688778	99689008	Heritable	0.120445994651895	1	1	0	0	0.558721048119038	0.997818244032116	0.14171329067835	-0.14171329067835
all_individuals	dlpfc	AA	shared	expression_nearest_gene	chr2_99880296_99880558	chr2	99880296	99880558	Non-heritable	0.0980780523555833	1	1	0	0	0.523222086701657	0.997818244032116	0.160319004791425	-0.160319004791425
all_individuals	dlpfc	AA	shared	expression_nearest_gene	chr3_100590645_100591114	chr3	100590645	100591114	Heritable	0.137200630271391	1	1	0	0	0.949280684561479	0.997818244032116	0.0175811353217429	0.0175811353217429
all_individuals	dlpfc	AA	shared	expression_nearest_gene	chr3_10142490_10142806	chr3	10142490	10142806	Heritable	0.10128370146445	1	1	0	0	0.303627597738378	0.985760877676827	0.184674828511525	0.184674828511525
all_individuals	dlpfc	AA	shared	expression_nearest_gene	chr3_101559750_101560397	chr3	101559750	101560397	Heritable	0.126320341079729	1	1	0	0	0.972978611236489	0.997818244032116	0.00746563612276963	-0.00746563612276963
all_individuals	dlpfc	AA	shared	expression_nearest_gene	chr3_10164469_10164574	chr3	10164469	10164574	Heritable	0.109010689737294	1	1	0	0	0.89111161802357	0.997818244032116	0.03707154410914	0.03707154410914
all_individuals	dlpfc	AA	shared	expression_nearest_gene	chr3_10165558_10165644	chr3	10165558	10165644	Heritable	0.149254795022109	1	1	0	0	0.0693148726150144	0.817115709865458	0.539240179695745	-0.539240179695745
all_individuals	dlpfc	AA	shared	expression_nearest_gene	chr3_101723845_101723933	chr3	101723845	101723933	Heritable	0.108872096848765	1	1	0	0	0.208782617214691	0.934398228366064	0.166553624734057	0.166553624734057
all_individuals	dlpfc	AA	shared	expression_nearest_gene	chr3_10346022_10346819	chr3	10346022	10346819	Heritable	0.230182642473361	1	1	0	0	0.795678041506749	0.997818244032116	0.0808660024602474	-0.0808660024602474
all_individuals	dlpfc	AA	shared	expression_nearest_gene	chr3_10463321_10464794	chr3	10463321	10464794	Non-heritable	0.0362327787135725	1	1	0	0	0.607317868134027	0.997818244032116	0.147919959220723	0.147919959220723
all_individuals	dlpfc	AA	shared	expression_nearest_gene	chr3_10503330_10503847	chr3	10503330	10503847	Heritable	0.1398442465572	1	1	0	0	0.48680855491723	0.997818244032116	0.219825543309245	-0.219825543309245
all_individuals	dlpfc	AA	shared	expression_nearest_gene	chr3_10551649_10552202	chr3	10551649	10552202	Heritable	0.158902066492221	1	1	0	0	0.77985922800225	0.997818244032116	0.0869769776953433	0.0869769776953433
all_individuals	dlpfc	AA	shared	expression_nearest_gene	chr3_105882257_105883127	chr3	105882257	105883127	Heritable	0.143707927245294	1	1	0	0	0.345328561122122	0.997818244032116	0.146948163049018	0.146948163049018
all_individuals	dlpfc	AA	shared	expression_nearest_gene	chr3_10764271_10764761	chr3	10764271	10764761	Heritable	0.103303810997692	1	1	0	0	0.595268475087189	0.997818244032116	0.0682440716911763	0.0682440716911763
all_individuals	dlpfc	AA	shared	expression_nearest_gene	chr3_107673922_107674609	chr3	107673922	107674609	Heritable	0.102884668158564	1	1	0	0	0.792311235238559	0.997818244032116	0.0326309917285066	-0.0326309917285066
all_individuals	dlpfc	AA	shared	expression_nearest_gene	chr3_109187422_109189201	chr3	109187422	109189201	Heritable	0.133697336335688	1	1	0	0	0.30812879945939	0.985760877676827	0.375879326837778	-0.375879326837778
all_individuals	dlpfc	AA	shared	expression_nearest_gene	chr3_11010465_11011171	chr3	11010465	11011171	Heritable	0.108344706347765	1	1	0	0	0.505087504900737	0.997818244032116	0.126693269441937	-0.126693269441937
all_individuals	dlpfc	AA	shared	expression_nearest_gene	chr3_112000444_112002968	chr3	112000444	112002968	Non-heritable	0.0832006993112017	1	1	0	0	0.604070541513564	0.997818244032116	0.140775094332695	-0.140775094332695
all_individuals	dlpfc	AA	shared	expression_nearest_gene	chr3_112992377_112993626	chr3	112992377	112993626	Heritable	0.109789363848955	1	1	0	0	0.578400465090995	0.997818244032116	0.12831911502759	-0.12831911502759
all_individuals	dlpfc	AA	shared	expression_nearest_gene	chr3_113515900_113516168	chr3	113515900	113516168	Heritable	0.166277610583071	1	1	0	0	0.20299902296349	0.931624393086991	0.322024205632475	0.322024205632475
all_individuals	dlpfc	AA	shared	expression_nearest_gene	chr3_113606953_113607277	chr3	113606953	113607277	Heritable	0.142054373584709	1	1	0	0	0.495291305467516	0.997818244032116	0.213374615203575	-0.213374615203575
all_individuals	dlpfc	AA	shared	expression_nearest_gene	chr3_114758715_114759409	chr3	114758715	114759409	Heritable	0.194099274716818	1	1	0	0	0.734168374747253	0.997818244032116	0.0631592607349347	0.0631592607349347
all_individuals	dlpfc	AA	shared	expression_nearest_gene	chr3_114847418_114848807	chr3	114847418	114848807	Heritable	0.189471821524084	1	1	0	0	0.82311314318207	0.997818244032116	0.0368508516571637	-0.0368508516571637
all_individuals	dlpfc	AA	shared	expression_nearest_gene	chr3_114879487_114880246	chr3	114879487	114880246	Heritable	0.143099811160398	1	1	0	0	0.555136467499309	0.997818244032116	0.110657530267972	-0.110657530267972
all_individuals	dlpfc	AA	shared	expression_nearest_gene	chr3_11610285_11610569	chr3	11610285	11610569	Heritable	0.123026918411101	1	1	0	0	0.173222367681216	0.911713995663319	0.196648429021927	-0.196648429021927
all_individuals	dlpfc	AA	shared	expression_nearest_gene	chr3_11641398_11641942	chr3	11641398	11641942	Heritable	0.113773496434159	1	1	0	0	0.106552704089357	0.877822646237199	0.193770371475864	-0.193770371475864
all_individuals	dlpfc	AA	shared	expression_nearest_gene	chr3_116923680_116925748	chr3	116923680	116925748	Heritable	0.12150386672262	1	1	0	0	0.250622843936491	0.958038504795448	0.00832988678108432	-0.00832988678108432
all_individuals	dlpfc	AA	shared	expression_nearest_gene	chr3_118991195_118992628	chr3	118991195	118992628	Heritable	0.133041397431245	1	1	0	0	0.581700079256459	0.997818244032116	0.101598177758467	-0.101598177758467
all_individuals	dlpfc	AA	shared	expression_nearest_gene	chr3_12005489_12007584	chr3	12005489	12007584	Non-heritable	0.0897585659712314	1	1	0	0	0.00668288964049528	0.233140483311913	0.497190681441601	-0.497190681441601
all_individuals	dlpfc	AA	shared	expression_nearest_gene	chr3_120559722_120560835	chr3	120559722	120560835	Heritable	0.104545408158005	1	1	0	0	0.166040091146464	0.911713995663319	0.226781568052935	-0.226781568052935
all_individuals	dlpfc	AA	shared	expression_nearest_gene	chr3_122021704_122021913	chr3	122021704	122021913	Heritable	0.113618743987687	1	1	0	0	0.181770759200099	0.913743839979177	0.0560641313889498	-0.0560641313889498
all_individuals	dlpfc	AA	shared	expression_nearest_gene	chr3_122417143_122417410	chr3	122417143	122417410	Heritable	0.143816640848521	1	1	0	0	0.975503071477811	0.997818244032116	0.00817460397668235	-0.00817460397668235
all_individuals	dlpfc	AA	shared	expression_nearest_gene	chr3_122996007_122996520	chr3	122996007	122996520	Heritable	0.161470381581321	1	1	0	0	0.697752656668966	0.997818244032116	0.136421691692057	-0.136421691692057
all_individuals	dlpfc	AA	shared	expression_nearest_gene	chr3_123412851_123413310	chr3	123412851	123413310	Heritable	0.14991046750969	1	1	0	0	0.88206762748873	0.997818244032116	0.0265050928935331	-0.0265050928935331
all_individuals	dlpfc	AA	shared	expression_nearest_gene	chr3_123445567_123446835	chr3	123445567	123446835	Heritable	0.182653425490917	1	1	0	0	0.147562305476204	0.891816694082242	0.260455160023124	-0.260455160023124
all_individuals	dlpfc	AA	shared	expression_nearest_gene	chr3_123469567_123469948	chr3	123469567	123469948	Heritable	0.221337205877442	1	1	0	0	0.804286685554269	0.997818244032116	0.0449636350947777	0.0449636350947777
all_individuals	dlpfc	AA	shared	expression_nearest_gene	chr3_123619201_123620721	chr3	123619201	123620721	Heritable	0.160657312741101	1	1	0	0	0.777588994295682	0.997818244032116	0.0536504561786231	-0.0536504561786231
all_individuals	dlpfc	AA	shared	expression_nearest_gene	chr3_123991233_123992437	chr3	123991233	123992437	Heritable	0.111334349575516	1	1	0	0	0.591808132259706	0.997818244032116	0.0328607382885796	-0.0328607382885796
all_individuals	dlpfc	AA	shared	expression_nearest_gene	chr3_125596089_125596164	chr3	125596089	125596164	Heritable	0.103881658283524	1	1	0	0	0.00824144857838774	0.274139967828386	0.460164663758526	0.460164663758526
all_individuals	dlpfc	AA	shared	expression_nearest_gene	chr3_125989787_125991383	chr3	125989787	125991383	Heritable	0.73181078639378	1	1	1	1	3.12696405667516e-10	5.83382729008396e-08	1.08338036621461	-1.08338036621461
all_individuals	dlpfc	AA	shared	expression_nearest_gene	chr3_126104686_126105121	chr3	126104686	126105121	Heritable	0.129924391415848	1	1	0	0	0.26820507731169	0.972463717403515	0.332862664679897	-0.332862664679897
all_individuals	dlpfc	AA	shared	expression_nearest_gene	chr3_126213783_126213958	chr3	126213783	126213958	Heritable	0.403753220520553	1	1	1	1	1.15845417796123e-05	0.000903804886842115	1.35929324643872	-1.35929324643872
all_individuals	dlpfc	AA	shared	expression_nearest_gene	chr3_126466105_126466537	chr3	126466105	126466537	Heritable	0.12382755237891	1	1	0	0	0.0911632160228226	0.852417590912265	0.3412337773926	-0.3412337773926
all_individuals	dlpfc	AA	shared	expression_nearest_gene	chr3_1268333_1268954	chr3	1268333	1268954	Heritable	0.280453181162221	1	1	0	0	0.699979395343536	0.997818244032116	0.124297813328976	-0.124297813328976
all_individuals	dlpfc	AA	shared	expression_nearest_gene	chr3_127002206_127002811	chr3	127002206	127002811	Heritable	0.119894842429378	1	1	0	0	0.384049520237734	0.997818244032116	0.277875284387179	0.277875284387179
all_individuals	dlpfc	AA	shared	expression_nearest_gene	chr3_127006433_127006735	chr3	127006433	127006735	Heritable	0.123412178545046	1	1	0	0	0.556139534371884	0.997818244032116	0.190367089141257	-0.190367089141257
all_individuals	dlpfc	AA	shared	expression_nearest_gene	chr3_127337873_127338474	chr3	127337873	127338474	Heritable	0.139637549078189	1	1	0	0	0.838933358786297	0.997818244032116	0.042807522671839	-0.042807522671839
all_individuals	dlpfc	AA	shared	expression_nearest_gene	chr3_127371345_127371699	chr3	127371345	127371699	Heritable	0.17362385169078	1	1	0	0	0.740376988643966	0.997818244032116	0.067339112594922	-0.067339112594922
all_individuals	dlpfc	AA	shared	expression_nearest_gene	chr3_127673910_127674674	chr3	127673910	127674674	Heritable	0.157498770158917	1	1	0	0	0.233492503285309	0.947930352176406	0.279647757862167	-0.279647757862167
all_individuals	dlpfc	AA	shared	expression_nearest_gene	chr3_127710195_127711164	chr3	127710195	127711164	Heritable	0.163765587440529	1	1	0	0	0.685479106147958	0.997818244032116	0.10462285351948	0.10462285351948
all_individuals	dlpfc	AA	shared	expression_nearest_gene	chr3_127729833_127730445	chr3	127729833	127730445	Heritable	0.131530142859893	1	1	0	0	0.363292542748607	0.997818244032116	0.256518340566178	0.256518340566178
all_individuals	dlpfc	AA	shared	expression_nearest_gene	chr3_127743406_127745292	chr3	127743406	127745292	Heritable	0.152137994759069	1	1	0	0	0.402656768451296	0.997818244032116	0.200418157991237	0.200418157991237
all_individuals	dlpfc	AA	shared	expression_nearest_gene	chr3_127819344_127821793	chr3	127819344	127821793	Heritable	0.146963779203288	1	1	0	0	0.458169686209501	0.997818244032116	0.197094795263592	0.197094795263592
all_individuals	dlpfc	AA	shared	expression_nearest_gene	chr3_12786621_12787685	chr3	12786621	12787685	Heritable	0.557724398170877	1	1	0	0	0.366601048488487	0.997818244032116	0.167998503063465	0.167998503063465
all_individuals	dlpfc	AA	shared	expression_nearest_gene	chr3_127914714_127914925	chr3	127914714	127914925	Heritable	0.134786564038131	1	1	0	0	0.438660311705989	0.997818244032116	0.156854384520315	-0.156854384520315
all_individuals	dlpfc	AA	shared	expression_nearest_gene	chr3_12815958_12817241	chr3	12815958	12817241	Heritable	0.107347504582394	1	1	0	0	0.180395202089018	0.913270078422155	0.251877855805539	-0.251877855805539
all_individuals	dlpfc	AA	shared	expression_nearest_gene	chr3_128903898_128904418	chr3	128903898	128904418	Heritable	0.215030577005459	1	1	0	0	0.673430980362413	0.997818244032116	0.0609047818300326	0.0609047818300326
all_individuals	dlpfc	AA	shared	expression_nearest_gene	chr3_129359331_129361742	chr3	129359331	129361742	Heritable	0.145040102400551	1	1	0	0	0.416236108462407	0.997818244032116	0.0993691150441336	-0.0993691150441336
all_individuals	dlpfc	AA	shared	expression_nearest_gene	chr3_130064427_130068127	chr3	130064427	130068127	Heritable	0.151602924427211	1	1	0	0	0.355385770443147	0.997818244032116	0.180542392423141	0.180542392423141
all_individuals	dlpfc	AA	shared	expression_nearest_gene	chr3_130069185_130074074	chr3	130069185	130074074	Heritable	0.104092339882654	1	1	0	0	0.225954433065773	0.945922411985591	0.221409264473757	0.221409264473757
all_individuals	dlpfc	AA	shared	expression_nearest_gene	chr3_130098582_130098978	chr3	130098582	130098978	Heritable	0.265094674704438	1	1	0	0	0.96521814942433	0.997818244032116	0.00851161711328263	0.00851161711328263
all_individuals	dlpfc	AA	shared	expression_nearest_gene	chr3_13071427_13071962	chr3	13071427	13071962	Heritable	0.103212950018958	1	1	0	0	0.956540802799648	0.997818244032116	0.0120641319461647	-0.0120641319461647
all_individuals	dlpfc	AA	shared	expression_nearest_gene	chr3_130726544_130727609	chr3	130726544	130727609	Heritable	0.133124571053289	1	1	0	0	0.687233152381535	0.997818244032116	0.0379709883760135	0.0379709883760135
all_individuals	dlpfc	AA	shared	expression_nearest_gene	chr3_13095634_13095894	chr3	13095634	13095894	Heritable	0.141913162449165	1	1	0	0	0.875958445216959	0.997818244032116	0.0373243128180434	0.0373243128180434
all_individuals	dlpfc	AA	shared	expression_nearest_gene	chr3_13204193_13204654	chr3	13204193	13204654	Heritable	0.226510041549694	1	1	0	0	0.731405873089971	0.997818244032116	0.0711119920026171	-0.0711119920026171
all_individuals	dlpfc	AA	shared	expression_nearest_gene	chr3_13333118_13333520	chr3	13333118	13333520	Heritable	0.118647335429582	1	1	0	0	0.356015499192232	0.997818244032116	0.224403281075045	-0.224403281075045
all_individuals	dlpfc	AA	shared	expression_nearest_gene	chr3_133674995_133675193	chr3	133674995	133675193	Heritable	0.140101056052117	1	1	0	0	0.950992304878479	0.997818244032116	0.0179726913330498	-0.0179726913330498
all_individuals	dlpfc	AA	shared	expression_nearest_gene	chr3_133746900_133750015	chr3	133746900	133750015	Heritable	0.107016048286079	1	1	0	0	0.17357941683209	0.911713995663319	0.38234557136802	-0.38234557136802
all_individuals	dlpfc	AA	shared	expression_nearest_gene	chr3_133783696_133783983	chr3	133783696	133783983	Heritable	0.313151141274031	1	1	1	1	0.000737642188496925	0.0359684389868216	0.894040869489489	-0.894040869489489
all_individuals	dlpfc	AA	shared	expression_nearest_gene	chr3_134359294_134359917	chr3	134359294	134359917	Heritable	0.147419869266918	1	1	0	0	0.187779226405603	0.920956452447216	0.223550015222941	-0.223550015222941
all_individuals	dlpfc	AA	shared	expression_nearest_gene	chr3_134371092_134372255	chr3	134371092	134372255	Heritable	0.146563453744823	1	1	0	0	0.136859698245695	0.886987978379458	0.239044700406058	-0.239044700406058
all_individuals	dlpfc	AA	shared	expression_nearest_gene	chr3_136820486_136821727	chr3	136820486	136821727	Non-heritable	0.0708577099005634	1	1	0	0	0.0244726085828629	0.544103437456294	0.39254161989037	0.39254161989037
all_individuals	dlpfc	AA	shared	expression_nearest_gene	chr3_137038200_137039453	chr3	137038200	137039453	Heritable	0.518134298866338	1	1	0	0	0.405479797137958	0.997818244032116	0.122922403967153	0.122922403967153
all_individuals	dlpfc	AA	shared	expression_nearest_gene	chr3_138724506_138724806	chr3	138724506	138724806	Heritable	0.255461458899511	1	1	0	0	0.675837320574122	0.997818244032116	0.0828340850446381	0.0828340850446381
all_individuals	dlpfc	AA	shared	expression_nearest_gene	chr3_141874858_141875001	chr3	141874858	141875001	Heritable	0.139487706834768	1	1	0	0	0.3335699046659	0.997818244032116	0.145541026800219	-0.145541026800219
all_individuals	dlpfc	AA	shared	expression_nearest_gene	chr3_14573375_14574022	chr3	14573375	14574022	Heritable	0.102980537016247	1	1	0	0	0.868532055365874	0.997818244032116	0.0476249463663727	0.0476249463663727
all_individuals	dlpfc	AA	shared	expression_nearest_gene	chr3_146022319_146023736	chr3	146022319	146023736	Heritable	0.592310895255543	1	1	0	0	0.831825713851646	0.997818244032116	0.0532731136135176	0.0532731136135176
all_individuals	dlpfc	AA	shared	expression_nearest_gene	chr3_146251614_146251940	chr3	146251614	146251940	Heritable	0.140345631707997	1	1	0	0	0.185501902115211	0.919881977298429	0.370620639139702	0.370620639139702
all_individuals	dlpfc	AA	shared	expression_nearest_gene	chr3_14648724_14648937	chr3	14648724	14648937	Heritable	0.218730859104866	1	1	0	0	0.724576459464749	0.997818244032116	0.0506668080403756	0.0506668080403756
all_individuals	dlpfc	AA	shared	expression_nearest_gene	chr3_147378924_147379854	chr3	147378924	147379854	Heritable	0.142817577026864	1	1	0	0	0.776263963838971	0.997818244032116	0.0972107956451831	-0.0972107956451831
all_individuals	dlpfc	AA	shared	expression_nearest_gene	chr3_147386849_147388336	chr3	147386849	147388336	Heritable	0.219246911098069	1	1	0	0	0.506139663153819	0.997818244032116	0.195174622487683	0.195174622487683
all_individuals	dlpfc	AA	shared	expression_nearest_gene	chr3_147389295_147390201	chr3	147389295	147390201	Heritable	0.10799382237241	1	1	0	0	0.412965854271155	0.997818244032116	0.249095576123492	0.249095576123492
all_individuals	dlpfc	AA	shared	expression_nearest_gene	chr3_147390833_147391842	chr3	147390833	147391842	Heritable	0.104928936988249	1	1	0	0	0.553614883930765	0.997818244032116	0.174761202714089	0.174761202714089
all_individuals	dlpfc	AA	shared	expression_nearest_gene	chr3_148082486_148084080	chr3	148082486	148084080	Heritable	0.142681790362491	1	1	0	0	0.64236493416605	0.997818244032116	0.053306550502292	0.053306550502292
all_individuals	dlpfc	AA	shared	expression_nearest_gene	chr3_148791054_148791732	chr3	148791054	148791732	Heritable	0.13484557389566	1	1	0	0	0.301210106966491	0.985760877676827	0.299385640821032	0.299385640821032
all_individuals	dlpfc	AA	shared	expression_nearest_gene	chr3_149085349_149085475	chr3	149085349	149085475	Heritable	0.135239794745301	1	1	0	0	0.974226272282	0.997818244032116	0.00461529350892675	-0.00461529350892675
all_individuals	dlpfc	AA	shared	expression_nearest_gene	chr3_149815170_149816487	chr3	149815170	149816487	Heritable	0.131938730332136	1	1	0	0	0.0318062757807651	0.641390824174663	0.20465063168699	0.20465063168699
all_individuals	dlpfc	AA	shared	expression_nearest_gene	chr3_152836235_152836641	chr3	152836235	152836641	Non-heritable	0.0936432309433514	1	1	0	0	0.212243414536076	0.940444315962209	0.501479429505743	-0.501479429505743
all_individuals	dlpfc	AA	shared	expression_nearest_gene	chr3_15377568_15378004	chr3	15377568	15378004	Heritable	0.139306538115561	1	1	0	0	0.494308510950478	0.997818244032116	0.068921954299304	-0.068921954299304
all_individuals	dlpfc	AA	shared	expression_nearest_gene	chr3_155309518_155310034	chr3	155309518	155310034	Heritable	0.603863743335201	1	1	0	0	0.387160148989112	0.997818244032116	0.0330237678929278	0.0330237678929278
all_individuals	dlpfc	AA	shared	expression_nearest_gene	chr3_15632676_15635249	chr3	15632676	15635249	Heritable	0.131970983275341	1	1	0	0	0.833252225705036	0.997818244032116	0.0464326833250013	0.0464326833250013
all_individuals	dlpfc	AA	shared	expression_nearest_gene	chr3_15654822_15655558	chr3	15654822	15655558	Heritable	0.104970235633291	1	1	0	0	0.921189564590118	0.997818244032116	0.0192392905349035	-0.0192392905349035
all_individuals	dlpfc	AA	shared	expression_nearest_gene	chr3_158329585_158331000	chr3	158329585	158331000	Heritable	0.26353294709592	1	1	0	0	0.169745892114712	0.911713995663319	0.178827116995665	-0.178827116995665
all_individuals	dlpfc	AA	shared	expression_nearest_gene	chr3_158631895_158632638	chr3	158631895	158632638	Heritable	0.115160365334702	1	1	0	0	0.178961595729639	0.912803419250373	0.180651178323444	0.180651178323444
all_individuals	dlpfc	AA	shared	expression_nearest_gene	chr3_158672825_158673032	chr3	158672825	158673032	Heritable	0.158514115078444	1	1	0	0	0.768005342457394	0.997818244032116	0.0456464262990171	0.0456464262990171
all_individuals	dlpfc	AA	shared	expression_nearest_gene	chr3_158712935_158713305	chr3	158712935	158713305	Heritable	0.122884132670481	1	1	0	0	0.754609762668065	0.997818244032116	0.0904946499697656	-0.0904946499697656
all_individuals	dlpfc	AA	shared	expression_nearest_gene	chr3_159774592_159775882	chr3	159774592	159775882	Heritable	0.107984214688031	1	1	0	0	0.396757476571102	0.997818244032116	0.166181406127474	0.166181406127474
all_individuals	dlpfc	AA	shared	expression_nearest_gene	chr3_160037894_160038246	chr3	160037894	160038246	Heritable	0.120868450687941	1	1	0	0	0.338697797111869	0.997818244032116	0.275978756448518	0.275978756448518
all_individuals	dlpfc	AA	shared	expression_nearest_gene	chr3_162892006_162892757	chr3	162892006	162892757	Non-heritable	0.0959121999673218	1	1	0	0	0.830633199655703	0.997818244032116	0.0024872084965765	0.0024872084965765
all_individuals	dlpfc	AA	shared	expression_nearest_gene	chr3_167378628_167379341	chr3	167378628	167379341	Heritable	0.15142916483476	1	1	0	0	0.626650902630105	0.997818244032116	0.162696829411157	-0.162696829411157
all_individuals	dlpfc	AA	shared	expression_nearest_gene	chr3_167381399_167381773	chr3	167381399	167381773	Heritable	0.112984727851675	1	1	0	0	0.556820317130227	0.997818244032116	0.273790275793129	0.273790275793129
all_individuals	dlpfc	AA	shared	expression_nearest_gene	chr3_167818182_167818731	chr3	167818182	167818731	Heritable	0.411070623518532	1	1	0	0	0.211899303346118	0.94028946293505	0.244496704877371	-0.244496704877371
all_individuals	dlpfc	AA	shared	expression_nearest_gene	chr3_168093215_168094362	chr3	168093215	168094362	Heritable	0.124342054045863	1	1	0	0	0.450147759726757	0.997818244032116	0.129685451468273	-0.129685451468273
all_individuals	dlpfc	AA	shared	expression_nearest_gene	chr3_16889016_16889270	chr3	16889016	16889270	Heritable	0.130815129425262	1	1	0	0	0.306998039304921	0.985760877676827	0.090817236075957	-0.090817236075957
all_individuals	dlpfc	AA	shared	expression_nearest_gene	chr3_16897003_16897885	chr3	16897003	16897885	Heritable	0.110303586277201	1	1	0	0	0.57445154923791	0.997818244032116	0.0526441276339723	-0.0526441276339723
all_individuals	dlpfc	AA	shared	expression_nearest_gene	chr3_170401558_170402320	chr3	170401558	170402320	Heritable	0.182475229503183	1	1	0	0	0.013485633609929	0.385779025468035	0.313818808632512	-0.313818808632512
all_individuals	dlpfc	AA	shared	expression_nearest_gene	chr3_171158875_171160196	chr3	171158875	171160196	Heritable	0.162759726987168	1	1	0	0	0.324854682658202	0.995340146440797	0.137692064333116	0.137692064333116
all_individuals	dlpfc	AA	shared	expression_nearest_gene	chr3_176795969_176797314	chr3	176795969	176797314	Heritable	0.472116008161282	1	1	0	0	0.962555074234735	0.997818244032116	0.00516648156740363	-0.00516648156740363
all_individuals	dlpfc	AA	shared	expression_nearest_gene	chr3_177519096_177520030	chr3	177519096	177520030	Heritable	0.172425784990475	1	1	0	0	0.00855080646493047	0.282242388777051	0.667337256668743	-0.667337256668743
all_individuals	dlpfc	AA	shared	expression_nearest_gene	chr3_178383376_178384689	chr3	178383376	178384689	Heritable	0.133269974128234	1	1	0	0	0.703617647275817	0.997818244032116	0.0960509880905818	-0.0960509880905818
all_individuals	dlpfc	AA	shared	expression_nearest_gene	chr3_179260977_179261061	chr3	179260977	179261061	Heritable	0.114551842803667	1	1	0	0	0.212808480170381	0.940444315962209	0.301370056097858	-0.301370056097858
all_individuals	dlpfc	AA	shared	expression_nearest_gene	chr3_180603076_180603246	chr3	180603076	180603246	Heritable	0.11785603057852	1	1	0	0	0.341309920740699	0.997818244032116	0.288026860520254	-0.288026860520254
all_individuals	dlpfc	AA	shared	expression_nearest_gene	chr3_181690784_181692975	chr3	181690784	181692975	Heritable	0.156848886697713	1	1	0	0	0.502616101074917	0.997818244032116	0.189645512629376	-0.189645512629376
all_individuals	dlpfc	AA	shared	expression_nearest_gene	chr3_181695345_181695937	chr3	181695345	181695937	Heritable	0.124390705466381	1	1	0	0	0.702635996670181	0.997818244032116	0.105156352580387	-0.105156352580387
all_individuals	dlpfc	AA	shared	expression_nearest_gene	chr3_181722495_181726094	chr3	181722495	181726094	Heritable	0.130114927575529	1	1	0	0	0.871797117021985	0.997818244032116	0.0426235936232757	-0.0426235936232757
all_individuals	dlpfc	AA	shared	expression_nearest_gene	chr3_182327208_182327772	chr3	182327208	182327772	Heritable	0.182167455836476	1	1	0	0	0.0422983138859911	0.738677489633259	0.493452966266455	-0.493452966266455
all_individuals	dlpfc	AA	shared	expression_nearest_gene	chr3_183115490_183115928	chr3	183115490	183115928	Heritable	0.109113489758911	1	1	0	0	0.201684472368804	0.931624393086991	0.138346677657673	0.138346677657673
all_individuals	dlpfc	AA	shared	expression_nearest_gene	chr3_183163050_183163251	chr3	183163050	183163251	Heritable	0.116808554257878	1	1	0	0	0.919482125292865	0.997818244032116	0.0202989558366178	0.0202989558366178
all_individuals	dlpfc	AA	shared	expression_nearest_gene	chr3_183189734_183190488	chr3	183189734	183190488	Heritable	0.26349714160644	1	1	0	0	0.883104686050763	0.997818244032116	0.0238126369739886	-0.0238126369739886
all_individuals	dlpfc	AA	shared	expression_nearest_gene	chr3_183469215_183469704	chr3	183469215	183469704	Heritable	0.101865445011636	1	1	0	0	0.799738904898282	0.997818244032116	0.0424669377953158	-0.0424669377953158
all_individuals	dlpfc	AA	shared	expression_nearest_gene	chr3_183511503_183511992	chr3	183511503	183511992	Heritable	0.127519219666722	1	1	0	0	0.0841077655636161	0.845216945719577	0.635527394392828	0.635527394392828
all_individuals	dlpfc	AA	shared	expression_nearest_gene	chr3_183642952_183643144	chr3	183642952	183643144	Heritable	0.426127061093453	1	1	1	1	1.42823238116073e-06	0.000136189892168015	1.0034897048788	-1.0034897048788
all_individuals	dlpfc	AA	shared	expression_nearest_gene	chr3_183799933_183801103	chr3	183799933	183801103	Heritable	0.100501289381702	1	1	0	0	0.33696818958809	0.997818244032116	0.0925858286191428	0.0925858286191428
all_individuals	dlpfc	AA	shared	expression_nearest_gene	chr3_183811158_183811971	chr3	183811158	183811971	Heritable	0.110990225330443	1	1	0	0	0.83636007972143	0.997818244032116	0.0268621773467999	0.0268621773467999
all_individuals	dlpfc	AA	shared	expression_nearest_gene	chr3_183818626_183819960	chr3	183818626	183819960	Heritable	0.154496025480729	1	1	0	0	0.772078522438308	0.997818244032116	0.0702762912794821	0.0702762912794821
all_individuals	dlpfc	AA	shared	expression_nearest_gene	chr3_184387394_184387429	chr3	184387394	184387429	Heritable	0.111792685184085	1	1	0	0	0.145704398736569	0.886987978379458	0.374327921054718	-0.374327921054718
all_individuals	dlpfc	AA	shared	expression_nearest_gene	chr3_184544359_184545596	chr3	184544359	184545596	Heritable	0.101018274989096	1	1	0	0	0.0230268705203169	0.527075946919533	0.113670637698211	-0.113670637698211
all_individuals	dlpfc	AA	shared	expression_nearest_gene	chr3_184549625_184550291	chr3	184549625	184550291	Heritable	0.119053394904866	1	1	0	0	0.403793446023461	0.997818244032116	0.0542281454094588	0.0542281454094588
all_individuals	dlpfc	AA	shared	expression_nearest_gene	chr3_184582705_184582992	chr3	184582705	184582992	Heritable	0.115770314756649	1	1	0	0	0.880340297201575	0.997818244032116	0.0593639432940317	-0.0593639432940317
all_individuals	dlpfc	AA	shared	expression_nearest_gene	chr3_184592116_184592921	chr3	184592116	184592921	Heritable	0.115116887139829	1	1	0	0	0.994928483284305	0.999523316452554	0.00235679820988466	-0.00235679820988466
all_individuals	dlpfc	AA	shared	expression_nearest_gene	chr3_184603831_184603959	chr3	184603831	184603959	Heritable	0.147970602859043	1	1	0	0	0.803010870517543	0.997818244032116	0.0885977731932321	0.0885977731932321
all_individuals	dlpfc	AA	shared	expression_nearest_gene	chr3_184716841_184717584	chr3	184716841	184717584	Heritable	0.145933633926502	1	1	0	0	0.756170058923179	0.997818244032116	0.0726992106071442	-0.0726992106071442
all_individuals	dlpfc	AA	shared	expression_nearest_gene	chr3_185660435_185660619	chr3	185660435	185660619	Heritable	0.100876940822106	1	1	0	0	0.861787133147908	0.997818244032116	0.0844075825946653	-0.0844075825946653
all_individuals	dlpfc	AA	shared	expression_nearest_gene	chr3_186200631_186201017	chr3	186200631	186201017	Heritable	0.154492859208182	1	1	0	0	0.208681545103523	0.934398228366064	0.234154650705804	0.234154650705804
all_individuals	dlpfc	AA	shared	expression_nearest_gene	chr3_186241963_186242405	chr3	186241963	186242405	Heritable	0.105895395229907	1	1	0	0	0.473068939622164	0.997818244032116	0.13939229533046	0.13939229533046
all_individuals	dlpfc	AA	shared	expression_nearest_gene	chr3_186358838_186360455	chr3	186358838	186360455	Heritable	0.101985457496419	1	1	0	0	0.431926576195452	0.997818244032116	0.14978600277219	-0.14978600277219
all_individuals	dlpfc	AA	shared	expression_nearest_gene	chr3_186383135_186383551	chr3	186383135	186383551	Heritable	0.104133071614123	1	1	0	0	0.323306934299668	0.993794852697277	0.197653554956858	0.197653554956858
all_individuals	dlpfc	AA	shared	expression_nearest_gene	chr3_186566283_186566396	chr3	186566283	186566396	Heritable	0.108897649858206	1	1	0	0	0.0474568665019602	0.771372187047652	0.29740011943462	0.29740011943462
all_individuals	dlpfc	AA	shared	expression_nearest_gene	chr3_186929889_186930033	chr3	186929889	186930033	Heritable	0.105359032805645	1	1	0	0	0.788002922509339	0.997818244032116	0.0632242119420461	-0.0632242119420461
all_individuals	dlpfc	AA	shared	expression_nearest_gene	chr3_189843001_189843749	chr3	189843001	189843749	Heritable	0.206102108985808	1	1	0	0	0.720243049427779	0.997818244032116	0.0581538210564443	-0.0581538210564443
all_individuals	dlpfc	AA	shared	expression_nearest_gene	chr3_190964891_190965288	chr3	190964891	190965288	Non-heritable	0.0827293806051508	1	1	0	0	0.861326163609306	0.997818244032116	0.0577929330799201	0.0577929330799201
all_individuals	dlpfc	AA	shared	expression_nearest_gene	chr3_19102824_19104003	chr3	19102824	19104003	Heritable	0.301786992698762	1	1	0	0	0.829525641388602	0.997818244032116	0.0650924963483845	0.0650924963483845
all_individuals	dlpfc	AA	shared	expression_nearest_gene	chr3_193608720_193609732	chr3	193608720	193609732	Heritable	0.105452305931522	1	1	0	0	0.801066362718212	0.997818244032116	0.0181230104578738	-0.0181230104578738
all_individuals	dlpfc	AA	shared	expression_nearest_gene	chr3_193673511_193674113	chr3	193673511	193674113	Heritable	0.149203043083115	1	1	0	0	0.779446857924673	0.997818244032116	0.0277172203663234	0.0277172203663234
all_individuals	dlpfc	AA	shared	expression_nearest_gene	chr3_194947674_194948330	chr3	194947674	194948330	Heritable	0.530067902000156	1	1	0	0	0.650099354251136	0.997818244032116	0.0825383170748522	-0.0825383170748522
all_individuals	dlpfc	AA	shared	expression_nearest_gene	chr3_195080852_195081195	chr3	195080852	195081195	Heritable	0.113939312970535	1	1	0	0	0.471391452838351	0.997818244032116	0.171556619490074	0.171556619490074
all_individuals	dlpfc	AA	shared	expression_nearest_gene	chr3_195087806_195089043	chr3	195087806	195089043	Heritable	0.221578934188171	1	1	0	0	0.0745211967997652	0.828639931374199	0.369339898737497	-0.369339898737497
all_individuals	dlpfc	AA	shared	expression_nearest_gene	chr3_195150141_195151461	chr3	195150141	195151461	Heritable	0.255687041796574	1	1	0	0	0.468128037900494	0.997818244032116	0.128938092623494	0.128938092623494
all_individuals	dlpfc	AA	shared	expression_nearest_gene	chr3_195477653_195480025	chr3	195477653	195480025	Heritable	0.218548934194002	1	1	0	0	0.419110746059246	0.997818244032116	0.123450964439016	-0.123450964439016
all_individuals	dlpfc	AA	shared	expression_nearest_gene	chr3_195581289_195584197	chr3	195581289	195584197	Heritable	0.13269604334942	1	1	0	0	0.235997364516204	0.948964195705265	0.44610070726133	-0.44610070726133
all_individuals	dlpfc	AA	shared	expression_nearest_gene	chr3_195597461_195598117	chr3	195597461	195598117	Heritable	0.52891854140464	1	1	0	0	0.613545469070121	0.997818244032116	0.203819870089646	-0.203819870089646
all_individuals	dlpfc	AA	shared	expression_nearest_gene	chr3_195618135_195618517	chr3	195618135	195618517	Heritable	0.136248641676468	1	1	0	0	0.393348455398345	0.997818244032116	0.341763136163571	-0.341763136163571
all_individuals	dlpfc	AA	shared	expression_nearest_gene	chr3_195761133_195762822	chr3	195761133	195762822	Heritable	0.354550132409998	1	1	0	0	0.205166827912009	0.934398228366064	0.326489477599394	0.326489477599394
all_individuals	dlpfc	AA	shared	expression_nearest_gene	chr3_196193142_196193386	chr3	196193142	196193386	Heritable	0.104284420045698	1	1	0	0	0.714527524046136	0.997818244032116	0.0625960112033781	0.0625960112033781
all_individuals	dlpfc	AA	shared	expression_nearest_gene	chr3_196532777_196533496	chr3	196532777	196533496	Heritable	0.227267654196551	1	1	0	0	0.499237930909293	0.997818244032116	0.0587912923728888	-0.0587912923728888
all_individuals	dlpfc	AA	shared	expression_nearest_gene	chr3_196661558_196661861	chr3	196661558	196661861	Heritable	0.143460133546389	1	1	0	0	0.872274771836792	0.997818244032116	0.0454495143397038	0.0454495143397038
all_individuals	dlpfc	AA	shared	expression_nearest_gene	chr3_197222101_197223299	chr3	197222101	197223299	Heritable	0.11457963918922	1	1	0	0	0.0397976273744	0.729793243861327	0.261762242362416	0.261762242362416
all_individuals	dlpfc	AA	shared	expression_nearest_gene	chr3_197599805_197599929	chr3	197599805	197599929	Heritable	0.120024543247729	1	1	0	0	0.057431576637597	0.794603662642371	0.394061598762839	-0.394061598762839
all_individuals	dlpfc	AA	shared	expression_nearest_gene	chr3_197880556_197881414	chr3	197880556	197881414	Heritable	0.166563763556275	1	1	0	0	0.0599862076538615	0.795132929405016	0.215214071487971	0.215214071487971
all_individuals	dlpfc	AA	shared	expression_nearest_gene	chr3_20038706_20039041	chr3	20038706	20039041	Heritable	0.102065720268846	1	1	0	0	0.761213495597561	0.997818244032116	0.0531759711076489	-0.0531759711076489
all_individuals	dlpfc	AA	shared	expression_nearest_gene	chr3_20042371_20043049	chr3	20042371	20043049	Heritable	0.124253284934126	1	1	0	0	0.834511620966232	0.997818244032116	0.037071698928365	-0.037071698928365
all_individuals	dlpfc	AA	shared	expression_nearest_gene	chr3_21916930_21917928	chr3	21916930	21917928	Heritable	0.604947767699722	1	1	0	0	0.418646767731348	0.997818244032116	0.147722202195439	-0.147722202195439
all_individuals	dlpfc	AA	shared	expression_nearest_gene	chr3_22373137_22373979	chr3	22373137	22373979	Heritable	0.130822573742858	1	1	0	0	0.314431005841509	0.985760877676827	0.176029112259876	-0.176029112259876
all_individuals	dlpfc	AA	shared	expression_nearest_gene	chr3_23481306_23481812	chr3	23481306	23481812	Non-heritable	0.0658476895603768	1	1	0	0	0.880995320145907	0.997818244032116	0.0157930794682315	-0.0157930794682315
all_individuals	dlpfc	AA	shared	expression_nearest_gene	chr3_23611518_23612328	chr3	23611518	23612328	Heritable	0.105235719358342	1	1	0	0	0.567338699480635	0.997818244032116	0.0715576130389763	-0.0715576130389763
all_individuals	dlpfc	AA	shared	expression_nearest_gene	chr3_23672232_23672330	chr3	23672232	23672330	Heritable	0.100642577354563	1	1	0	0	0.591342029575934	0.997818244032116	0.0540814468493043	0.0540814468493043
all_individuals	dlpfc	AA	shared	expression_nearest_gene	chr3_25661241_25662008	chr3	25661241	25662008	Non-heritable	0.0695673565588492	1	1	0	0	0.987586595759589	0.997818244032116	0.0023183103640978	-0.0023183103640978
all_individuals	dlpfc	AA	shared	expression_nearest_gene	chr3_26627181_26627858	chr3	26627181	26627858	Heritable	0.104894854916918	1	1	0	0	0.771893032367031	0.997818244032116	0.106513382635548	-0.106513382635548
all_individuals	dlpfc	AA	shared	expression_nearest_gene	chr3_27726286_27726641	chr3	27726286	27726641	Heritable	0.104391799163356	1	1	0	0	0.0290766096070313	0.617662038731541	0.689987794462026	-0.689987794462026
all_individuals	dlpfc	AA	shared	expression_nearest_gene	chr3_27728281_27729606	chr3	27728281	27729606	Heritable	0.156727544150702	1	1	0	0	0.635657972906224	0.997818244032116	0.172017266791749	-0.172017266791749
all_individuals	dlpfc	AA	shared	expression_nearest_gene	chr3_27730995_27731823	chr3	27730995	27731823	Heritable	0.102708998655998	1	1	0	0	0.508186107645851	0.997818244032116	0.250591714421943	-0.250591714421943
all_individuals	dlpfc	AA	shared	expression_nearest_gene	chr3_29453090_29453797	chr3	29453090	29453797	Non-heritable	0.0775643339869664	1	1	0	0	0.840496119706235	0.997818244032116	0.0381436319031039	-0.0381436319031039
all_individuals	dlpfc	AA	shared	expression_nearest_gene	chr3_30680926_30682402	chr3	30680926	30682402	Heritable	0.153801206847812	1	1	0	0	0.51175393565987	0.997818244032116	0.191027277934911	-0.191027277934911
all_individuals	dlpfc	AA	shared	expression_nearest_gene	chr3_32454905_32455901	chr3	32454905	32455901	Heritable	0.100404984754028	1	1	0	0	0.118847361126366	0.885502111448744	0.401407538117212	-0.401407538117212
all_individuals	dlpfc	AA	shared	expression_nearest_gene	chr3_32902547_32903122	chr3	32902547	32903122	Non-heritable	0.082487709330943	1	1	0	0	0.950693602585308	0.997818244032116	0.00463139980734075	0.00463139980734075
all_individuals	dlpfc	AA	shared	expression_nearest_gene	chr3_37281651_37282237	chr3	37281651	37282237	Heritable	0.112316948161287	1	1	0	0	0.239944526013902	0.952453248034832	0.235655746875281	0.235655746875281
all_individuals	dlpfc	AA	shared	expression_nearest_gene	chr3_38040030_38040203	chr3	38040030	38040203	Heritable	0.142659479343938	1	1	0	0	0.267865294219535	0.972463717403515	0.349946813794151	-0.349946813794151
all_individuals	dlpfc	AA	shared	expression_nearest_gene	chr3_39188947_39189439	chr3	39188947	39189439	Heritable	0.172217995264959	1	1	0	0	0.179539987379938	0.912803419250373	0.442991660213336	0.442991660213336
all_individuals	dlpfc	AA	shared	expression_nearest_gene	chr3_39405867_39406194	chr3	39405867	39406194	Heritable	0.299458755488252	1	1	0	0	0.37016648508446	0.997818244032116	0.145327296615331	-0.145327296615331
all_individuals	dlpfc	AA	shared	expression_nearest_gene	chr3_39484344_39494109	chr3	39484344	39494109	Heritable	0.118641263257446	1	1	0	0	0.672877289289861	0.997818244032116	0.139041528927713	-0.139041528927713
all_individuals	dlpfc	AA	shared	expression_nearest_gene	chr3_39501330_39506175	chr3	39501330	39506175	Heritable	0.121520987404741	1	1	0	0	0.818411423647466	0.997818244032116	0.0817969216007946	-0.0817969216007946
all_individuals	dlpfc	AA	shared	expression_nearest_gene	chr3_40387576_40388076	chr3	40387576	40388076	Non-heritable	0.0992683006463075	1	1	0	0	0.11258016881891	0.885502111448744	0.387634875871319	-0.387634875871319
all_individuals	dlpfc	AA	shared	expression_nearest_gene	chr3_41304780_41305565	chr3	41304780	41305565	Heritable	0.102152444319891	1	1	0	0	0.542583603412934	0.997818244032116	0.143199783138094	0.143199783138094
all_individuals	dlpfc	AA	shared	expression_nearest_gene	chr3_42129275_42129496	chr3	42129275	42129496	Heritable	0.109039979750455	1	1	0	0	0.38637786833107	0.997818244032116	0.127018414417396	-0.127018414417396
all_individuals	dlpfc	AA	shared	expression_nearest_gene	chr3_42139936_42140605	chr3	42139936	42140605	Heritable	0.134648463469336	1	1	0	0	0.56858419548266	0.997818244032116	0.080092204372888	-0.080092204372888
all_individuals	dlpfc	AA	shared	expression_nearest_gene	chr3_42685900_42685997	chr3	42685900	42685997	Heritable	0.100132993200989	1	1	0	0	0.687661474452083	0.997818244032116	0.0330489843216869	-0.0330489843216869
all_individuals	dlpfc	AA	shared	expression_nearest_gene	chr3_42732651_42734457	chr3	42732651	42734457	Heritable	0.147011602197859	1	1	0	0	0.632614328460575	0.997818244032116	0.0994189664845218	-0.0994189664845218
all_individuals	dlpfc	AA	shared	expression_nearest_gene	chr3_4304172_4304266	chr3	4304172	4304266	Heritable	0.288197312192488	1	1	0	0	0.305107856176637	0.985760877676827	0.149137518419568	-0.149137518419568
all_individuals	dlpfc	AA	shared	expression_nearest_gene	chr3_43081213_43081945	chr3	43081213	43081945	Heritable	0.105154671203421	1	1	0	0	0.0297816255669371	0.61983675595293	0.516172953786191	-0.516172953786191
all_individuals	dlpfc	AA	shared	expression_nearest_gene	chr3_43103488_43105065	chr3	43103488	43105065	Heritable	0.106687637043355	1	1	0	0	0.0157992901784734	0.431303917378889	0.522578250240752	-0.522578250240752
all_individuals	dlpfc	AA	shared	expression_nearest_gene	chr3_43999942_44001303	chr3	43999942	44001303	Heritable	0.115720463208407	1	1	0	0	0.173667402257091	0.911713995663319	0.333498153885986	-0.333498153885986
all_individuals	dlpfc	AA	shared	expression_nearest_gene	chr3_45330275_45330760	chr3	45330275	45330760	Heritable	0.168266952293103	1	1	0	0	0.570775726694891	0.997818244032116	0.116323227524532	0.116323227524532
all_individuals	dlpfc	AA	shared	expression_nearest_gene	chr3_46488829_46489077	chr3	46488829	46489077	Non-heritable	0.0337721479385672	1	1	0	0	0.827072464882959	0.997818244032116	0.161218545271521	-0.161218545271521
all_individuals	dlpfc	AA	shared	expression_nearest_gene	chr3_46558565_46559451	chr3	46558565	46559451	Heritable	0.475865920556009	1	1	1	1	0.000677993014091483	0.0338286979472855	1.65130046934239	1.65130046934239
all_individuals	dlpfc	AA	shared	expression_nearest_gene	chr3_46628864_46629446	chr3	46628864	46629446	Non-heritable	0.031775424858528	1	1	0	0	0.335409692815757	0.997818244032116	0.0743990948493227	-0.0743990948493227
all_individuals	dlpfc	AA	shared	expression_nearest_gene	chr3_46753995_46762565	chr3	46753995	46762565	Heritable	0.101974309243011	1	1	1	1	0.000469152746459489	0.0248535115439218	0.133511495676379	-0.133511495676379
all_individuals	dlpfc	AA	shared	expression_nearest_gene	chr3_46994644_46995498	chr3	46994644	46995498	Heritable	0.104062991046833	1	1	0	0	0.325190088619181	0.995340146440797	0.252914823119836	-0.252914823119836
all_individuals	dlpfc	AA	shared	expression_nearest_gene	chr3_47409666_47409983	chr3	47409666	47409983	Heritable	0.211554621146405	1	1	0	0	0.573107961603076	0.997818244032116	0.164191455967249	-0.164191455967249
all_individuals	dlpfc	AA	shared	expression_nearest_gene	chr3_47573734_47574143	chr3	47573734	47574143	Non-heritable	0.071539325855901	1	1	0	0	0.223101574569977	0.945014449508517	0.272187336639697	0.272187336639697
all_individuals	dlpfc	AA	shared	expression_nearest_gene	chr3_48089739_48089814	chr3	48089739	48089814	Heritable	0.177557149607928	1	1	0	0	0.856211156026116	0.997818244032116	0.0221953488761599	0.0221953488761599
all_individuals	dlpfc	AA	shared	expression_nearest_gene	chr3_49199098_49199261	chr3	49199098	49199261	Heritable	0.139843988799779	1	1	0	0	0.00296354817498629	0.119967785083643	0.571197089217022	-0.571197089217022
all_individuals	dlpfc	AA	shared	expression_nearest_gene	chr3_4952971_4953209	chr3	4952971	4953209	Heritable	0.586582729427566	1	1	0	0	0.173687285360774	0.911713995663319	0.409783319362554	0.409783319362554
all_individuals	dlpfc	AA	shared	expression_nearest_gene	chr3_49657012_49658373	chr3	49657012	49658373	Heritable	0.277993505656416	1	1	0	0	0.39244523013449	0.997818244032116	0.341684856741243	-0.341684856741243
all_individuals	dlpfc	AA	shared	expression_nearest_gene	chr3_49663094_49665545	chr3	49663094	49665545	Heritable	0.181832737378842	1	1	0	0	0.447456441681882	0.997818244032116	0.333372362824381	-0.333372362824381
all_individuals	dlpfc	AA	shared	expression_nearest_gene	chr3_49720172_49720420	chr3	49720172	49720420	Heritable	0.128918777566837	1	1	0	0	0.873570093760511	0.997818244032116	0.0294588182563524	0.0294588182563524
all_individuals	dlpfc	AA	shared	expression_nearest_gene	chr3_49983863_49984768	chr3	49983863	49984768	Heritable	0.541557195137769	1	1	1	1	0.00024328888626601	0.0141074677157763	0.391506919643863	0.391506919643863
all_individuals	dlpfc	AA	shared	expression_nearest_gene	chr3_50676223_50676603	chr3	50676223	50676603	Heritable	0.115931276040707	1	1	0	0	0.401059827426886	0.997818244032116	0.149741843439237	-0.149741843439237
all_individuals	dlpfc	AA	shared	expression_nearest_gene	chr3_51970320_51971309	chr3	51970320	51971309	Heritable	0.121110814167385	1	1	0	0	0.8227589127474	0.997818244032116	0.0512916062470978	0.0512916062470978
all_individuals	dlpfc	AA	shared	expression_nearest_gene	chr3_51973394_51973480	chr3	51973394	51973480	Heritable	0.102368644013846	1	1	0	0	0.9027747877829	0.997818244032116	0.0332695692609803	0.0332695692609803
all_individuals	dlpfc	AA	shared	expression_nearest_gene	chr3_52199003_52199429	chr3	52199003	52199429	Heritable	0.119831198581481	1	1	0	0	0.464967039639167	0.997818244032116	0.125764209384897	-0.125764209384897
all_individuals	dlpfc	AA	shared	expression_nearest_gene	chr3_52366219_52366801	chr3	52366219	52366801	Heritable	0.107950483521311	1	1	0	0	0.612529044020073	0.997818244032116	0.150289359939368	-0.150289359939368
all_individuals	dlpfc	AA	shared	expression_nearest_gene	chr3_52444949_52445211	chr3	52444949	52445211	Heritable	0.105937788937992	1	1	0	0	0.979134085929499	0.997818244032116	0.0127689635674635	0.0127689635674635
all_individuals	dlpfc	AA	shared	expression_nearest_gene	chr3_52469130_52469532	chr3	52469130	52469532	Non-heritable	0.0694967485354934	1	1	0	0	0.969522066927845	0.997818244032116	0.0076945885883255	-0.0076945885883255
all_individuals	dlpfc	AA	shared	expression_nearest_gene	chr3_52518709_52518860	chr3	52518709	52518860	Heritable	0.335883662353269	1	1	0	0	0.520891146868896	0.997818244032116	0.511732656460719	0.511732656460719
all_individuals	dlpfc	AA	shared	expression_nearest_gene	chr3_52521939_52522430	chr3	52521939	52522430	Heritable	0.138587991482553	1	1	0	0	0.885942050676723	0.997818244032116	0.102593188373877	0.102593188373877
all_individuals	dlpfc	AA	shared	expression_nearest_gene	chr3_53241021_53241609	chr3	53241021	53241609	Non-heritable	0.0812801510892433	1	1	0	0	0.69380214262357	0.997818244032116	0.100162581660022	-0.100162581660022
all_individuals	dlpfc	AA	shared	expression_nearest_gene	chr3_55077247_55077893	chr3	55077247	55077893	Heritable	0.152515794725874	1	1	0	0	0.449016674892664	0.997818244032116	0.129513611283073	-0.129513611283073
all_individuals	dlpfc	AA	shared	expression_nearest_gene	chr3_55474377_55474992	chr3	55474377	55474992	Non-heritable	0.0148315657460778	1	1	0	0	0.948503586324843	0.997818244032116	0.0146203691325297	0.0146203691325297
all_individuals	dlpfc	AA	shared	expression_nearest_gene	chr3_56762162_56762792	chr3	56762162	56762792	Heritable	0.189978184776811	1	1	0	0	0.468819117586501	0.997818244032116	0.130442041871612	-0.130442041871612
all_individuals	dlpfc	AA	shared	expression_nearest_gene	chr3_56769230_56769487	chr3	56769230	56769487	Non-heritable	0.0881373491801152	1	1	0	0	0.438753729860023	0.997818244032116	0.156323372195651	-0.156323372195651
all_individuals	dlpfc	AA	shared	expression_nearest_gene	chr3_56802533_56802659	chr3	56802533	56802659	Heritable	0.104529722944125	1	1	0	0	0.35007288567642	0.997818244032116	0.148150907598506	0.148150907598506
all_individuals	dlpfc	AA	shared	expression_nearest_gene	chr3_57948293_57949053	chr3	57948293	57949053	Heritable	0.221302118216751	1	1	0	0	0.0774783350044306	0.830141710561625	0.141787294714824	0.141787294714824
all_individuals	dlpfc	AA	shared	expression_nearest_gene	chr3_58009580_58010055	chr3	58009580	58010055	Heritable	0.126711690553403	1	1	0	0	0.845150702079934	0.997818244032116	0.0331984622466486	0.0331984622466486
all_individuals	dlpfc	AA	shared	expression_nearest_gene	chr3_58025746_58026781	chr3	58025746	58026781	Heritable	0.122767397743847	1	1	0	0	0.957460887897451	0.997818244032116	0.00943391673790828	0.00943391673790828
all_individuals	dlpfc	AA	shared	expression_nearest_gene	chr3_58118470_58120058	chr3	58118470	58120058	Non-heritable	0.0582856305218926	1	1	0	0	0.746022294450928	0.997818244032116	0.0604775574537833	0.0604775574537833
all_individuals	dlpfc	AA	shared	expression_nearest_gene	chr3_58163995_58165212	chr3	58163995	58165212	Heritable	0.228068243023174	1	1	0	0	0.995796359318263	0.999523316452554	0.000970543098361532	0.000970543098361532
all_individuals	dlpfc	AA	shared	expression_nearest_gene	chr3_58177496_58177660	chr3	58177496	58177660	Heritable	0.188404621257446	1	1	0	0	0.0863658871155741	0.851774212145031	0.318027121580769	0.318027121580769
all_individuals	dlpfc	AA	shared	expression_nearest_gene	chr3_58307895_58308183	chr3	58307895	58308183	Heritable	0.206448590821176	1	1	0	0	0.251887453346325	0.958038504795448	0.143653308421986	0.143653308421986
all_individuals	dlpfc	AA	shared	expression_nearest_gene	chr3_58586135_58586322	chr3	58586135	58586322	Heritable	0.103730603507481	1	1	0	0	0.92368713881647	0.997818244032116	0.024022682097538	0.024022682097538
all_individuals	dlpfc	AA	shared	expression_nearest_gene	chr3_61559792_61559977	chr3	61559792	61559977	Heritable	0.128375281352991	1	1	0	0	0.37384633614566	0.997818244032116	0.12062744888118	0.12062744888118
all_individuals	dlpfc	AA	shared	expression_nearest_gene	chr3_61866662_61866832	chr3	61866662	61866832	Heritable	0.12595816889477	1	1	0	0	0.37426500115659	0.997818244032116	0.134500317021423	-0.134500317021423
all_individuals	dlpfc	AA	shared	expression_nearest_gene	chr3_63280167_63281519	chr3	63280167	63281519	Heritable	0.124787221976855	1	1	0	0	0.694079400525337	0.997818244032116	0.0945065295651162	0.0945065295651162
all_individuals	dlpfc	AA	shared	expression_nearest_gene	chr3_63296380_63297668	chr3	63296380	63297668	Heritable	0.665351020373116	1	1	0	0	0.292295914033342	0.983008463446871	0.247891283219665	0.247891283219665
all_individuals	dlpfc	AA	shared	expression_nearest_gene	chr3_63343581_63344737	chr3	63343581	63344737	Heritable	0.145764696504807	1	1	0	0	0.390853961622151	0.997818244032116	0.186577828363923	-0.186577828363923
all_individuals	dlpfc	AA	shared	expression_nearest_gene	chr3_64265410_64266976	chr3	64265410	64266976	Heritable	0.103205247971996	1	1	0	0	0.824493017593879	0.997818244032116	0.0339474332408898	-0.0339474332408898
all_individuals	dlpfc	AA	shared	expression_nearest_gene	chr3_65509001_65509660	chr3	65509001	65509660	Heritable	0.108752103413158	1	1	0	0	0.676456011622868	0.997818244032116	0.0563016561808922	0.0563016561808922
all_individuals	dlpfc	AA	shared	expression_nearest_gene	chr3_65594985_65595968	chr3	65594985	65595968	Heritable	0.101550501574603	1	1	0	0	0.981283170210334	0.997818244032116	0.0025379909179013	-0.0025379909179013
all_individuals	dlpfc	AA	shared	expression_nearest_gene	chr3_65953293_65954413	chr3	65953293	65954413	Heritable	0.142143044221939	1	1	0	0	0.626443908875707	0.997818244032116	0.0668071831416839	0.0668071831416839
all_individuals	dlpfc	AA	shared	expression_nearest_gene	chr3_66035681_66036821	chr3	66035681	66036821	Heritable	0.101062883287982	1	1	0	0	0.572916045120442	0.997818244032116	0.0794455562479968	0.0794455562479968
all_individuals	dlpfc	AA	shared	expression_nearest_gene	chr3_66387032_66387835	chr3	66387032	66387835	Heritable	0.116679395179966	1	1	0	0	0.0766496715341866	0.830141710561625	0.415108001402132	-0.415108001402132
all_individuals	dlpfc	AA	shared	expression_nearest_gene	chr3_66537928_66538333	chr3	66537928	66538333	Heritable	0.121625919096615	1	1	0	0	0.674033953284039	0.997818244032116	0.0899350202349503	-0.0899350202349503
all_individuals	dlpfc	AA	shared	expression_nearest_gene	chr3_69248747_69250341	chr3	69248747	69250341	Heritable	0.125285481040253	1	1	0	0	0.0557018286236182	0.794074905727395	0.312846118835598	-0.312846118835598
all_individuals	dlpfc	AA	shared	expression_nearest_gene	chr3_69460072_69460424	chr3	69460072	69460424	Heritable	0.129344546893785	1	1	0	0	0.981608766651725	0.997818244032116	0.00532028373622495	0.00532028373622495
all_individuals	dlpfc	AA	shared	expression_nearest_gene	chr3_69540984_69541182	chr3	69540984	69541182	Heritable	0.139281912235869	1	1	0	0	0.45629207422975	0.997818244032116	0.136055655076447	0.136055655076447
all_individuals	dlpfc	AA	shared	expression_nearest_gene	chr3_69967181_69967854	chr3	69967181	69967854	Heritable	0.101505250890241	1	1	0	0	0.104416229901037	0.876810259305971	0.329698417505064	-0.329698417505064
all_individuals	dlpfc	AA	shared	expression_nearest_gene	chr3_70231371_70231710	chr3	70231371	70231710	Heritable	0.163533374339862	1	1	0	0	0.693008334229512	0.997818244032116	0.00590520025108799	0.00590520025108799
all_individuals	dlpfc	AA	shared	expression_nearest_gene	chr3_70611245_70611914	chr3	70611245	70611914	Heritable	0.159847544530848	1	1	0	0	0.852172121208283	0.997818244032116	0.0715797568106997	0.0715797568106997
all_individuals	dlpfc	AA	shared	expression_nearest_gene	chr3_70982937_70983103	chr3	70982937	70983103	Heritable	0.145406878288165	1	1	0	0	0.69056504084759	0.997818244032116	0.0631189938401633	0.0631189938401633
all_individuals	dlpfc	AA	shared	expression_nearest_gene	chr3_71017914_71018374	chr3	71017914	71018374	Heritable	0.136265425601976	1	1	0	0	0.31134005851496	0.985760877676827	0.150392825263566	0.150392825263566
all_individuals	dlpfc	AA	shared	expression_nearest_gene	chr3_71752867_71753100	chr3	71752867	71753100	Heritable	0.122285622418678	1	1	0	0	0.367492725016649	0.997818244032116	0.116152254974111	-0.116152254974111
all_individuals	dlpfc	AA	shared	expression_nearest_gene	chr3_72257963_72258529	chr3	72257963	72258529	Non-heritable	0.0453747765363646	1	1	0	0	0.375775486076694	0.997818244032116	0.347287468070848	-0.347287468070848
all_individuals	dlpfc	AA	shared	expression_nearest_gene	chr3_72729099_72729293	chr3	72729099	72729293	Non-heritable	0.0582245296074573	1	1	0	0	0.936215743959422	0.997818244032116	0.0152832077581151	-0.0152832077581151
all_individuals	dlpfc	AA	shared	expression_nearest_gene	chr3_72889180_72889773	chr3	72889180	72889773	Heritable	0.101158447297995	1	1	0	0	0.79387722491157	0.997818244032116	0.0663455520651848	-0.0663455520651848
all_individuals	dlpfc	AA	shared	expression_nearest_gene	chr3_72957305_72957922	chr3	72957305	72957922	Heritable	0.106548349788429	1	1	0	0	0.947003582157217	0.997818244032116	0.0191389554472963	-0.0191389554472963
all_individuals	dlpfc	AA	shared	expression_nearest_gene	chr3_75395735_75396660	chr3	75395735	75396660	Heritable	0.154011595438369	1	1	0	0	0.217731118216435	0.945014449508517	0.00219434521104409	-0.00219434521104409
all_individuals	dlpfc	AA	shared	expression_nearest_gene	chr3_75672283_75673313	chr3	75672283	75673313	Heritable	0.135745434976024	1	1	0	0	0.318626352840404	0.989356493697476	0.16200565870438	0.16200565870438
all_individuals	dlpfc	AA	shared	expression_nearest_gene	chr3_75708579_75710522	chr3	75708579	75710522	Heritable	0.176300092233293	1	1	0	0	0.11078111976625	0.885502111448744	0.208444944172685	-0.208444944172685
all_individuals	dlpfc	AA	shared	expression_nearest_gene	chr3_75713044_75720003	chr3	75713044	75720003	Heritable	0.112936661135717	1	1	0	0	0.176439765532376	0.911713995663319	0.160124572059696	-0.160124572059696
all_individuals	dlpfc	AA	shared	expression_nearest_gene	chr3_75726495_75729413	chr3	75726495	75729413	Heritable	0.115347793112599	1	1	0	0	0.0414161280862944	0.734366138918551	0.389248071288308	-0.389248071288308
all_individuals	dlpfc	AA	shared	expression_nearest_gene	chr3_75749958_75753983	chr3	75749958	75753983	Heritable	0.119049521141685	1	1	0	0	0.959229472412557	0.997818244032116	0.00604480929834139	-0.00604480929834139
all_individuals	dlpfc	AA	shared	expression_nearest_gene	chr3_75785552_75785937	chr3	75785552	75785937	Heritable	0.169778273689589	1	1	0	0	0.86652266001081	0.997818244032116	0.0310702997970154	-0.0310702997970154
all_individuals	dlpfc	AA	shared	expression_nearest_gene	chr3_8678425_8680057	chr3	8678425	8680057	Heritable	0.133065265894261	1	1	0	0	0.597515792327134	0.997818244032116	0.0903100806446866	-0.0903100806446866
all_individuals	dlpfc	AA	shared	expression_nearest_gene	chr3_8767276_8767557	chr3	8767276	8767557	Heritable	0.131720231822845	1	1	0	0	0.861336848343796	0.997818244032116	0.00946177785760892	0.00946177785760892
all_individuals	dlpfc	AA	shared	expression_nearest_gene	chr3_8792711_8793438	chr3	8792711	8793438	Heritable	0.114717548770549	1	1	0	0	0.664724592615272	0.997818244032116	0.0246978233375954	-0.0246978233375954
all_individuals	dlpfc	AA	shared	expression_nearest_gene	chr3_9124672_9124921	chr3	9124672	9124921	Heritable	0.112916386756179	1	1	0	0	0.147015972404857	0.891024770606275	0.290226131596912	-0.290226131596912
all_individuals	dlpfc	AA	shared	expression_nearest_gene	chr3_96776682_96777064	chr3	96776682	96777064	Heritable	0.108609591007244	1	1	0	0	0.0253599181427681	0.558033683376686	0.494486189338585	0.494486189338585
all_individuals	dlpfc	AA	shared	expression_nearest_gene	chr3_9842984_9843080	chr3	9842984	9843080	Non-heritable	0.0997262068264583	1	1	0	0	0.744318675437833	0.997818244032116	0.0630860404555307	-0.0630860404555307
all_individuals	dlpfc	AA	shared	expression_nearest_gene	chr3_9864246_9864530	chr3	9864246	9864530	Heritable	0.102891582703386	1	1	0	0	0.68012475464647	0.997818244032116	0.0399692788940489	-0.0399692788940489
all_individuals	dlpfc	AA	shared	expression_nearest_gene	chr3_9934557_9934853	chr3	9934557	9934853	Heritable	0.100604867367305	1	1	0	0	0.0793190634654547	0.830141710561625	0.585452018114145	0.585452018114145
all_individuals	dlpfc	AA	shared	expression_nearest_gene	chr4_100191077_100191526	chr4	100191077	100191526	Heritable	0.102938260532571	1	1	0	0	0.878321677558879	0.997818244032116	0.0104004732275034	0.0104004732275034
all_individuals	dlpfc	AA	shared	expression_nearest_gene	chr4_1001967_1003522	chr4	1001967	1003522	Heritable	0.135838873291359	1	1	0	0	0.522449387088969	0.997818244032116	0.199605118449195	-0.199605118449195
all_individuals	dlpfc	AA	shared	expression_nearest_gene	chr4_101341526_101344848	chr4	101341526	101344848	Heritable	0.207171452891223	1	1	0	0	0.849383219924114	0.997818244032116	0.0343473716933218	-0.0343473716933218
all_individuals	dlpfc	AA	shared	expression_nearest_gene	chr4_1014504_1015413	chr4	1014504	1015413	Heritable	0.107877113760037	1	1	0	0	0.0926224213808712	0.85471572074262	0.592460563671967	-0.592460563671967
all_individuals	dlpfc	AA	shared	expression_nearest_gene	chr4_101791295_101792365	chr4	101791295	101792365	Heritable	0.134505912874323	1	1	0	0	0.7647945570658	0.997818244032116	0.0762836726389988	0.0762836726389988
all_individuals	dlpfc	AA	shared	expression_nearest_gene	chr4_1035418_1035546	chr4	1035418	1035546	Heritable	0.155035835576028	1	1	0	0	0.0672555391618472	0.817115709865458	0.81722140156467	-0.81722140156467
all_individuals	dlpfc	AA	shared	expression_nearest_gene	chr4_1045431_1047085	chr4	1045431	1047085	Non-heritable	0.082328881205399	1	1	0	0	0.926783987048755	0.997818244032116	0.0446534852506155	-0.0446534852506155
all_individuals	dlpfc	AA	shared	expression_nearest_gene	chr4_1050796_1051123	chr4	1050796	1051123	Heritable	0.386429474329864	1	1	0	0	0.274710183540587	0.975445498063831	0.503228580484368	0.503228580484368
all_individuals	dlpfc	AA	shared	expression_nearest_gene	chr4_105472233_105472763	chr4	105472233	105472763	Heritable	0.15675942053805	1	1	0	0	0.291743935003461	0.983008463446871	0.221687014894925	0.221687014894925
all_individuals	dlpfc	AA	shared	expression_nearest_gene	chr4_107579313_107579807	chr4	107579313	107579807	Heritable	0.174910466504385	1	1	0	0	0.560099008065836	0.997818244032116	0.0928499760578418	-0.0928499760578418
all_individuals	dlpfc	AA	shared	expression_nearest_gene	chr4_108742802_108743495	chr4	108742802	108743495	Non-heritable	0.0818094411648688	1	1	0	0	0.773471489853227	0.997818244032116	0.102976553127718	0.102976553127718
all_individuals	dlpfc	AA	shared	expression_nearest_gene	chr4_112508682_112509116	chr4	112508682	112509116	Heritable	0.13278804971687	1	1	0	0	0.233349515100599	0.947930352176406	0.390866245936497	0.390866245936497
all_individuals	dlpfc	AA	shared	expression_nearest_gene	chr4_112956442_112957057	chr4	112956442	112957057	Heritable	0.127743745353755	1	1	0	0	0.38436577349407	0.997818244032116	0.0839198822884626	0.0839198822884626
all_individuals	dlpfc	AA	shared	expression_nearest_gene	chr4_113052747_113053043	chr4	113052747	113053043	Heritable	0.116874275606314	1	1	0	0	0.780060863850604	0.997818244032116	0.0365084673657741	-0.0365084673657741
all_individuals	dlpfc	AA	shared	expression_nearest_gene	chr4_113977586_113978748	chr4	113977586	113978748	Heritable	0.130933155822028	1	1	0	0	0.180965343691304	0.913270078422155	0.392613919999866	0.392613919999866
all_individuals	dlpfc	AA	shared	expression_nearest_gene	chr4_11397773_11398565	chr4	11397773	11398565	Non-heritable	0.0806142401004586	1	1	0	0	0.139913786337358	0.886987978379458	0.351282233041634	-0.351282233041634
all_individuals	dlpfc	AA	shared	expression_nearest_gene	chr4_11414145_11414648	chr4	11414145	11414648	Heritable	0.162880315714827	1	1	0	0	0.748202981055994	0.997818244032116	0.0800069661603811	-0.0800069661603811
all_individuals	dlpfc	AA	shared	expression_nearest_gene	chr4_11415914_11426311	chr4	11415914	11426311	Heritable	0.110440390218916	1	1	0	0	0.776177675046223	0.997818244032116	0.0675347953535876	-0.0675347953535876
all_individuals	dlpfc	AA	shared	expression_nearest_gene	chr4_114597780_114597954	chr4	114597780	114597954	Heritable	0.139192955366518	1	1	0	0	0.56565477644965	0.997818244032116	0.154427540511982	-0.154427540511982
all_individuals	dlpfc	AA	shared	expression_nearest_gene	chr4_121379935_121380064	chr4	121379935	121380064	Heritable	0.108377221850288	1	1	0	0	0.457091824842322	0.997818244032116	0.194874778958693	-0.194874778958693
all_individuals	dlpfc	AA	shared	expression_nearest_gene	chr4_1217113_1217157	chr4	1217113	1217157	Heritable	0.150298276055039	1	1	0	0	0.657714194173587	0.997818244032116	0.0758816436906766	0.0758816436906766
all_individuals	dlpfc	AA	shared	expression_nearest_gene	chr4_123352312_123352528	chr4	123352312	123352528	Heritable	0.145272118938441	1	1	0	0	0.0692839235916683	0.817115709865458	0.435257448008221	-0.435257448008221
all_individuals	dlpfc	AA	shared	expression_nearest_gene	chr4_1234675_1235039	chr4	1234675	1235039	Heritable	0.169327144348258	1	1	0	0	0.838512422553358	0.997818244032116	0.0332276840180121	-0.0332276840180121
all_individuals	dlpfc	AA	shared	expression_nearest_gene	chr4_1242132_1242251	chr4	1242132	1242251	Heritable	0.10441068581882	1	1	0	0	0.605144852350811	0.997818244032116	0.0940626138440699	-0.0940626138440699
all_individuals	dlpfc	AA	shared	expression_nearest_gene	chr4_124459313_124460156	chr4	124459313	124460156	Non-heritable	0.0914443960360321	1	1	0	0	0.654344248077898	0.997818244032116	0.0652257993208898	0.0652257993208898
all_individuals	dlpfc	AA	shared	expression_nearest_gene	chr4_1250254_1251305	chr4	1250254	1251305	Heritable	0.1789981717568	1	1	0	0	0.834267581714931	0.997818244032116	0.0330243523757545	-0.0330243523757545
all_individuals	dlpfc	AA	shared	expression_nearest_gene	chr4_1322898_1323251	chr4	1322898	1323251	Heritable	0.112276893705673	1	1	0	0	0.435009371455817	0.997818244032116	0.137669747083226	-0.137669747083226
all_individuals	dlpfc	AA	shared	expression_nearest_gene	chr4_138588924_138589806	chr4	138588924	138589806	Heritable	0.338744005663366	1	1	0	0	0.854696712773779	0.997818244032116	0.15756242581255	0.15756242581255
all_individuals	dlpfc	AA	shared	expression_nearest_gene	chr4_139901584_139903024	chr4	139901584	139903024	Heritable	0.385803541578394	1	1	0	0	0.121681595690228	0.885502111448744	0.335190346495109	-0.335190346495109
all_individuals	dlpfc	AA	shared	expression_nearest_gene	chr4_140047611_140048090	chr4	140047611	140048090	Heritable	0.12445794025776	1	1	0	0	0.525470143438663	0.997818244032116	0.152972822992556	-0.152972822992556
all_individuals	dlpfc	AA	shared	expression_nearest_gene	chr4_140238017_140239828	chr4	140238017	140239828	Heritable	0.118987451709215	1	1	0	0	0.37138269235014	0.997818244032116	0.217848566304305	0.217848566304305
all_individuals	dlpfc	AA	shared	expression_nearest_gene	chr4_140641136_140642232	chr4	140641136	140642232	Heritable	0.15003351366498	1	1	0	0	0.174117894958179	0.911713995663319	0.182729177325666	-0.182729177325666
all_individuals	dlpfc	AA	shared	expression_nearest_gene	chr4_141130892_141131568	chr4	141130892	141131568	Heritable	0.133032083415515	1	1	0	0	0.957739677640684	0.997818244032116	0.00834620159626809	0.00834620159626809
all_individuals	dlpfc	AA	shared	expression_nearest_gene	chr4_141333053_141333287	chr4	141333053	141333287	Heritable	0.157687668872208	1	1	0	0	0.784821103150828	0.997818244032116	0.0500804992577405	0.0500804992577405
all_individuals	dlpfc	AA	shared	expression_nearest_gene	chr4_141333605_141333934	chr4	141333605	141333934	Heritable	0.183951184354651	1	1	0	0	0.010338943899838	0.316888630530035	0.380870358590504	-0.380870358590504
all_individuals	dlpfc	AA	shared	expression_nearest_gene	chr4_142523190_142524234	chr4	142523190	142524234	Heritable	0.155457498098901	1	1	0	0	0.45858029082174	0.997818244032116	0.132673421873847	0.132673421873847
all_individuals	dlpfc	AA	shared	expression_nearest_gene	chr4_143351241_143351958	chr4	143351241	143351958	Heritable	0.158188194586311	1	1	0	0	0.832181431205624	0.997818244032116	0.0307315022912249	-0.0307315022912249
all_individuals	dlpfc	AA	shared	expression_nearest_gene	chr4_143911914_143912462	chr4	143911914	143912462	Heritable	0.137889454238695	1	1	0	0	0.25079219303964	0.958038504795448	0.48800690688353	-0.48800690688353
all_individuals	dlpfc	AA	shared	expression_nearest_gene	chr4_144645048_144645101	chr4	144645048	144645101	Heritable	0.150190715605904	1	1	0	0	0.142157020956207	0.886987978379458	0.3360078040938	0.3360078040938
all_individuals	dlpfc	AA	shared	expression_nearest_gene	chr4_144650035_144650712	chr4	144650035	144650712	Heritable	0.122122136435093	1	1	0	0	0.0677118704951562	0.817115709865458	0.30391010636518	0.30391010636518
all_individuals	dlpfc	AA	shared	expression_nearest_gene	chr4_145828090_145829011	chr4	145828090	145829011	Heritable	0.140961128929884	1	1	0	0	0.873713141854733	0.997818244032116	0.0296764084742733	-0.0296764084742733
all_individuals	dlpfc	AA	shared	expression_nearest_gene	chr4_145847921_145848259	chr4	145847921	145848259	Heritable	0.125067927647134	1	1	0	0	0.463470638933373	0.997818244032116	0.124563264380775	0.124563264380775
all_individuals	dlpfc	AA	shared	expression_nearest_gene	chr4_1490289_1490644	chr4	1490289	1490644	Heritable	0.129301009299865	1	1	0	0	0.349493705762691	0.997818244032116	0.242751709987186	0.242751709987186
all_individuals	dlpfc	AA	shared	expression_nearest_gene	chr4_1493287_1493614	chr4	1493287	1493614	Heritable	0.17747778422341	1	1	0	0	0.0968244096409915	0.863770357109136	0.475169834269045	-0.475169834269045
all_individuals	dlpfc	AA	shared	expression_nearest_gene	chr4_150957021_150961046	chr4	150957021	150961046	Heritable	0.144876009585742	1	1	0	0	0.919827707776601	0.997818244032116	0.0091378930661099	-0.0091378930661099
all_individuals	dlpfc	AA	shared	expression_nearest_gene	chr4_15144520_15145148	chr4	15144520	15145148	Heritable	0.138851878106513	1	1	0	0	0.197784702287296	0.931624393086991	0.547975185858781	0.547975185858781
all_individuals	dlpfc	AA	shared	expression_nearest_gene	chr4_15147321_15148764	chr4	15147321	15148764	Heritable	0.136802167753821	1	1	0	0	0.0944253491471283	0.858360614647871	0.606956480512675	0.606956480512675
all_individuals	dlpfc	AA	shared	expression_nearest_gene	chr4_1524035_1525029	chr4	1524035	1525029	Heritable	0.133124284701453	1	1	0	0	0.483113046936271	0.997818244032116	0.148509245181725	-0.148509245181725
all_individuals	dlpfc	AA	shared	expression_nearest_gene	chr4_153019770_153020238	chr4	153019770	153020238	Non-heritable	0.0777048225076593	1	1	0	0	0.190234762200064	0.924559060738879	0.435253330677666	-0.435253330677666
all_individuals	dlpfc	AA	shared	expression_nearest_gene	chr4_153064461_153064959	chr4	153064461	153064959	Heritable	0.109008271610903	1	1	0	0	0.311348306385403	0.985760877676827	0.346575724742641	-0.346575724742641
all_individuals	dlpfc	AA	shared	expression_nearest_gene	chr4_153204383_153207895	chr4	153204383	153207895	Non-heritable	0.0964977142539222	1	1	0	0	0.90044498905012	0.997818244032116	0.0184726835351938	0.0184726835351938
all_individuals	dlpfc	AA	shared	expression_nearest_gene	chr4_153212489_153215420	chr4	153212489	153215420	Heritable	0.14771767587545	1	1	0	0	0.982816894178504	0.997818244032116	0.003470365950065	-0.003470365950065
all_individuals	dlpfc	AA	shared	expression_nearest_gene	chr4_153758876_153759065	chr4	153758876	153759065	Heritable	0.106986091162443	1	1	0	0	0.283409435801591	0.980930262151665	0.236227317692824	-0.236227317692824
all_individuals	dlpfc	AA	shared	expression_nearest_gene	chr4_15656160_15656310	chr4	15656160	15656310	Heritable	0.106921169076103	1	1	0	0	0.651734645829703	0.997818244032116	0.0516437894198418	0.0516437894198418
all_individuals	dlpfc	AA	shared	expression_nearest_gene	chr4_15703473_15703649	chr4	15703473	15703649	Heritable	0.445802175542181	1	1	0	0	0.876282727394885	0.997818244032116	0.0326229815693235	-0.0326229815693235
all_individuals	dlpfc	AA	shared	expression_nearest_gene	chr4_1574697_1575160	chr4	1574697	1575160	Non-heritable	0.0862847414727994	1	1	0	0	0.122709526563512	0.885502111448744	0.426274345949779	-0.426274345949779
all_individuals	dlpfc	AA	shared	expression_nearest_gene	chr4_159269279_159269873	chr4	159269279	159269873	Heritable	0.165337660838568	1	1	0	0	0.140418744708696	0.886987978379458	0.135299948860009	0.135299948860009
all_individuals	dlpfc	AA	shared	expression_nearest_gene	chr4_1611608_1612344	chr4	1611608	1612344	Non-heritable	0.0892975540419356	1	1	0	0	0.0270509866707578	0.580378919021108	0.525633168460661	-0.525633168460661
all_individuals	dlpfc	AA	shared	expression_nearest_gene	chr4_16228382_16228582	chr4	16228382	16228582	Heritable	0.119803565769891	1	1	0	0	0.822099902361342	0.997818244032116	0.0523617823062814	-0.0523617823062814
all_individuals	dlpfc	AA	shared	expression_nearest_gene	chr4_163550652_163551032	chr4	163550652	163551032	Heritable	0.105502554909778	1	1	0	0	0.0485055382531192	0.771372187047652	0.369996357302643	-0.369996357302643
all_individuals	dlpfc	AA	shared	expression_nearest_gene	chr4_1644969_1645615	chr4	1644969	1645615	Heritable	0.156869154301623	1	1	0	0	0.69695754646117	0.997818244032116	0.0954704876981394	-0.0954704876981394
all_individuals	dlpfc	AA	shared	expression_nearest_gene	chr4_165381342_165384602	chr4	165381342	165384602	Heritable	0.12509800686416	1	1	0	0	0.545657476101421	0.997818244032116	0.0970097654263959	-0.0970097654263959
all_individuals	dlpfc	AA	shared	expression_nearest_gene	chr4_165426736_165429656	chr4	165426736	165429656	Heritable	0.622974152166339	1	1	0	0	0.420702466055989	0.997818244032116	0.108799555686357	-0.108799555686357
all_individuals	dlpfc	AA	shared	expression_nearest_gene	chr4_165767514_165768617	chr4	165767514	165768617	Heritable	0.11114574329438	1	1	0	0	0.144613208352366	0.886987978379458	0.068748011277655	-0.068748011277655
all_individuals	dlpfc	AA	shared	expression_nearest_gene	chr4_168479840_168479970	chr4	168479840	168479970	Heritable	0.113662550644294	1	1	0	0	0.341523367028348	0.997818244032116	0.390874365735177	-0.390874365735177
all_individuals	dlpfc	AA	shared	expression_nearest_gene	chr4_168877543_168878576	chr4	168877543	168878576	Heritable	0.159276462717381	1	1	0	0	0.937758754834407	0.997818244032116	0.0132784678142563	0.0132784678142563
all_individuals	dlpfc	AA	shared	expression_nearest_gene	chr4_169269032_169269572	chr4	169269032	169269572	Heritable	0.147449653845706	1	1	0	0	0.0783812340415265	0.830141710561625	0.403106082555437	-0.403106082555437
all_individuals	dlpfc	AA	shared	expression_nearest_gene	chr4_169993222_169994305	chr4	169993222	169994305	Heritable	0.101950921114036	1	1	0	0	0.517424164855252	0.997818244032116	0.121008800265228	0.121008800265228
all_individuals	dlpfc	AA	shared	expression_nearest_gene	chr4_1729662_1730069	chr4	1729662	1730069	Heritable	0.55045881701168	1	1	0	0	0.0461368849384509	0.761436051041895	0.50804695545366	0.50804695545366
all_individuals	dlpfc	AA	shared	expression_nearest_gene	chr4_173373063_173373441	chr4	173373063	173373441	Heritable	0.102108441070774	1	1	0	0	0.224364587238234	0.945014449508517	0.272423993823249	-0.272423993823249
all_individuals	dlpfc	AA	shared	expression_nearest_gene	chr4_175808666_175810213	chr4	175808666	175810213	Heritable	0.1310980620273	1	1	0	0	0.546805963338276	0.997818244032116	0.102189094180098	0.102189094180098
all_individuals	dlpfc	AA	shared	expression_nearest_gene	chr4_180919961_180920735	chr4	180919961	180920735	Heritable	0.508070110346092	1	1	0	0	0.121329247445303	0.885502111448744	0.272145061939913	-0.272145061939913
all_individuals	dlpfc	AA	shared	expression_nearest_gene	chr4_1819433_1819699	chr4	1819433	1819699	Non-heritable	0.0715337954699387	1	1	0	0	0.453745190548571	0.997818244032116	0.118031987915579	-0.118031987915579
all_individuals	dlpfc	AA	shared	expression_nearest_gene	chr4_182680488_182680671	chr4	182680488	182680671	Non-heritable	0.0293375946263014	1	1	0	0	0.17631081940979	0.911713995663319	0.284199883079129	0.284199883079129
all_individuals	dlpfc	AA	shared	expression_nearest_gene	chr4_183618947_183619325	chr4	183618947	183619325	Heritable	0.10232782951562	1	1	0	0	0.156415584363774	0.91025328674185	0.272505926353844	0.272505926353844
all_individuals	dlpfc	AA	shared	expression_nearest_gene	chr4_183876227_183876945	chr4	183876227	183876945	Heritable	0.107370265064847	1	1	0	0	0.410825110352488	0.997818244032116	0.107505379686501	0.107505379686501
all_individuals	dlpfc	AA	shared	expression_nearest_gene	chr4_184100409_184100854	chr4	184100409	184100854	Heritable	0.494649823885116	1	1	0	0	0.788496516040357	0.997818244032116	0.0996488250482628	-0.0996488250482628
all_individuals	dlpfc	AA	shared	expression_nearest_gene	chr4_184190924_184191671	chr4	184190924	184191671	Non-heritable	0.0651515251255957	1	1	0	0	0.0721226969580718	0.825169211627768	0.566203767457015	-0.566203767457015
all_individuals	dlpfc	AA	shared	expression_nearest_gene	chr4_184457697_184457881	chr4	184457697	184457881	Non-heritable	0.0936900970205096	1	1	0	0	0.627804575203289	0.997818244032116	0.0673575735622869	-0.0673575735622869
all_individuals	dlpfc	AA	shared	expression_nearest_gene	chr4_184646631_184647836	chr4	184646631	184647836	Non-heritable	0.0746947790225769	1	1	0	0	0.21464174765631	0.944738201137267	0.256626011060146	0.256626011060146
all_individuals	dlpfc	AA	shared	expression_nearest_gene	chr4_184669355_184670210	chr4	184669355	184670210	Non-heritable	0.0859890334998298	1	1	0	0	0.903180372436347	0.997818244032116	0.0287287142884551	0.0287287142884551
all_individuals	dlpfc	AA	shared	expression_nearest_gene	chr4_1851102_1852227	chr4	1851102	1852227	Heritable	0.123118350493308	1	1	0	0	0.745531171292984	0.997818244032116	0.0454387643501022	-0.0454387643501022
all_individuals	dlpfc	AA	shared	expression_nearest_gene	chr4_185144622_185145266	chr4	185144622	185145266	Non-heritable	0.0974629095010035	1	1	0	0	0.131038652752877	0.885502111448744	0.274943465278326	-0.274943465278326
all_individuals	dlpfc	AA	shared	expression_nearest_gene	chr4_185587030_185588040	chr4	185587030	185588040	Heritable	0.120524155323893	1	1	0	0	0.799931728518043	0.997818244032116	0.0517670105070422	0.0517670105070422
all_individuals	dlpfc	AA	shared	expression_nearest_gene	chr4_185715768_185716612	chr4	185715768	185716612	Heritable	0.193433638288158	1	1	0	0	0.956440421136354	0.997818244032116	0.0107678803718656	0.0107678803718656
all_individuals	dlpfc	AA	shared	expression_nearest_gene	chr4_185870258_185870691	chr4	185870258	185870691	Non-heritable	0.0984121656548731	1	1	0	0	0.0165206662396327	0.440311669778036	0.460319396619731	0.460319396619731
all_individuals	dlpfc	AA	shared	expression_nearest_gene	chr4_185997368_185997587	chr4	185997368	185997587	Heritable	0.11805641627515	1	1	0	0	0.449013721411284	0.997818244032116	0.155523448382917	-0.155523448382917
all_individuals	dlpfc	AA	shared	expression_nearest_gene	chr4_186149637_186150270	chr4	186149637	186150270	Heritable	0.337032709987747	1	1	0	0	0.632385118463926	0.997818244032116	0.0883525728147632	-0.0883525728147632
all_individuals	dlpfc	AA	shared	expression_nearest_gene	chr4_186203596_186204542	chr4	186203596	186204542	Heritable	0.375446321740405	1	1	1	1	1.26904729597075e-06	0.000123760953341147	1.51163196666779	-1.51163196666779
all_individuals	dlpfc	AA	shared	expression_nearest_gene	chr4_188218062_188218690	chr4	188218062	188218690	Heritable	0.224833085135114	1	1	0	0	0.309420480277032	0.985760877676827	0.0168941755574748	0.0168941755574748
all_individuals	dlpfc	AA	shared	expression_nearest_gene	chr4_188283176_188283319	chr4	188283176	188283319	Non-heritable	0.0977387688060652	1	1	0	0	0.493240015186844	0.997818244032116	0.011614292333085	-0.011614292333085
all_individuals	dlpfc	AA	shared	expression_nearest_gene	chr4_188665496_188667076	chr4	188665496	188667076	Heritable	0.374419453379124	1	1	0	0	0.716130724234482	0.997818244032116	0.0962853936114487	-0.0962853936114487
all_individuals	dlpfc	AA	shared	expression_nearest_gene	chr4_188679523_188680011	chr4	188679523	188680011	Heritable	0.13861356418984	1	1	0	0	0.937337538350965	0.997818244032116	0.0168268599255939	-0.0168268599255939
all_individuals	dlpfc	AA	shared	expression_nearest_gene	chr4_1951682_1952121	chr4	1951682	1952121	Heritable	0.102197197612862	1	1	0	0	0.255039029281473	0.960660313945641	0.0969440409595954	-0.0969440409595954
all_individuals	dlpfc	AA	shared	expression_nearest_gene	chr4_1992042_1993179	chr4	1992042	1993179	Non-heritable	0.0592038850403493	1	1	0	0	0.224021894128397	0.945014449508517	0.221213417471709	0.221213417471709
all_individuals	dlpfc	AA	shared	expression_nearest_gene	chr4_2083626_2084741	chr4	2083626	2084741	Heritable	0.113185450426962	1	1	0	0	0.285683488373532	0.982732919677553	0.297714282955478	-0.297714282955478
all_individuals	dlpfc	AA	shared	expression_nearest_gene	chr4_2141818_2143009	chr4	2141818	2143009	Heritable	0.123881262133535	1	1	0	0	0.630781154426523	0.997818244032116	0.13104454763768	0.13104454763768
all_individuals	dlpfc	AA	shared	expression_nearest_gene	chr4_22233336_22233647	chr4	22233336	22233647	Heritable	0.128099027994087	1	1	0	0	0.7863930517467	0.997818244032116	0.0626820916520554	0.0626820916520554
all_individuals	dlpfc	AA	shared	expression_nearest_gene	chr4_2248439_2248646	chr4	2248439	2248646	Non-heritable	0.0991718953012924	1	1	0	0	0.948146583105784	0.997818244032116	0.0176458397062547	-0.0176458397062547
all_individuals	dlpfc	AA	shared	expression_nearest_gene	chr4_2250803_2251649	chr4	2250803	2251649	Heritable	0.10807725258742	1	1	0	0	0.655591176260647	0.997818244032116	0.11863097462998	0.11863097462998
all_individuals	dlpfc	AA	shared	expression_nearest_gene	chr4_2253198_2253781	chr4	2253198	2253781	Non-heritable	0.093683205488021	1	1	0	0	0.878517373928001	0.997818244032116	0.0409408581142934	-0.0409408581142934
all_individuals	dlpfc	AA	shared	expression_nearest_gene	chr4_2254930_2255441	chr4	2254930	2255441	Non-heritable	0.0788106867380873	1	1	0	0	0.847466135308219	0.997818244032116	0.0493756630557591	0.0493756630557591
all_individuals	dlpfc	AA	shared	expression_nearest_gene	chr4_2290672_2291338	chr4	2290672	2291338	Non-heritable	0.0959407738900112	1	1	0	0	0.857443267738254	0.997818244032116	0.046216234209294	0.046216234209294
all_individuals	dlpfc	AA	shared	expression_nearest_gene	chr4_2297649_2298853	chr4	2297649	2298853	Non-heritable	0.0821720161631997	1	1	0	0	0.936825117738689	0.997818244032116	0.018330893110754	-0.018330893110754
all_individuals	dlpfc	AA	shared	expression_nearest_gene	chr4_2300895_2302150	chr4	2300895	2302150	Non-heritable	0.0938037368291587	1	1	0	0	0.904016038500142	0.997818244032116	0.028792133349687	0.028792133349687
all_individuals	dlpfc	AA	shared	expression_nearest_gene	chr4_2353275_2354196	chr4	2353275	2354196	Heritable	0.100853480773265	1	1	0	0	0.627565448645459	0.997818244032116	0.130947950877605	0.130947950877605
all_individuals	dlpfc	AA	shared	expression_nearest_gene	chr4_2357788_2358244	chr4	2357788	2358244	Heritable	0.104698060385021	1	1	0	0	0.561429181597646	0.997818244032116	0.148459842193422	0.148459842193422
all_individuals	dlpfc	AA	shared	expression_nearest_gene	chr4_2364532_2365456	chr4	2364532	2365456	Heritable	0.138002058763715	1	1	0	0	0.774506902329488	0.997818244032116	0.0629386517417814	-0.0629386517417814
all_individuals	dlpfc	AA	shared	expression_nearest_gene	chr4_2366526_2367688	chr4	2366526	2367688	Non-heritable	0.0936791847886646	1	1	0	0	0.878940794040611	0.997818244032116	0.0362094052268267	-0.0362094052268267
all_individuals	dlpfc	AA	shared	expression_nearest_gene	chr4_2371105_2371872	chr4	2371105	2371872	Heritable	0.112153171322933	1	1	0	0	0.815710365370085	0.997818244032116	0.0638846225715284	-0.0638846225715284
all_individuals	dlpfc	AA	shared	expression_nearest_gene	chr4_2379447_2380118	chr4	2379447	2380118	Non-heritable	0.0677033257437145	1	1	0	0	0.925508820891769	0.997818244032116	0.0252328934236346	-0.0252328934236346
all_individuals	dlpfc	AA	shared	expression_nearest_gene	chr4_2386815_2387518	chr4	2386815	2387518	Heritable	0.133231512613092	1	1	0	0	0.813721834379361	0.997818244032116	0.0552138032455893	0.0552138032455893
all_individuals	dlpfc	AA	shared	expression_nearest_gene	chr4_2401123_2401692	chr4	2401123	2401692	Non-heritable	0.0905638584169599	1	1	0	0	0.839229066651792	0.997818244032116	0.047647701295908	0.047647701295908
all_individuals	dlpfc	AA	shared	expression_nearest_gene	chr4_2403254_2403392	chr4	2403254	2403392	Heritable	0.120957943689229	1	1	0	0	0.808063224927803	0.997818244032116	0.0584692336385686	-0.0584692336385686
all_individuals	dlpfc	AA	shared	expression_nearest_gene	chr4_24373150_24373630	chr4	24373150	24373630	Heritable	0.120142303681821	1	1	0	0	0.707670946408538	0.997818244032116	0.0676205042192066	-0.0676205042192066
all_individuals	dlpfc	AA	shared	expression_nearest_gene	chr4_25088975_25089355	chr4	25088975	25089355	Heritable	0.406735354294175	1	1	0	0	0.58761270729359	0.997818244032116	0.133321117711908	0.133321117711908
all_individuals	dlpfc	AA	shared	expression_nearest_gene	chr4_25095667_25096508	chr4	25095667	25096508	Heritable	0.11092011524405	1	1	0	0	0.345238584585033	0.997818244032116	0.176728820706609	0.176728820706609
all_individuals	dlpfc	AA	shared	expression_nearest_gene	chr4_25161422_25161724	chr4	25161422	25161724	Heritable	0.421204860435584	1	1	0	0	0.184481973200347	0.919740892107295	0.306044404040575	-0.306044404040575
all_individuals	dlpfc	AA	shared	expression_nearest_gene	chr4_25860567_25861725	chr4	25860567	25861725	Heritable	0.107386965828534	1	1	0	0	0.521710951418324	0.997818244032116	0.142946395434081	0.142946395434081
all_individuals	dlpfc	AA	shared	expression_nearest_gene	chr4_26361170_26362136	chr4	26361170	26362136	Heritable	0.120709505678451	1	1	0	0	0.937230831047851	0.997818244032116	0.00979816688700197	0.00979816688700197
all_individuals	dlpfc	AA	shared	expression_nearest_gene	chr4_2744457_2745144	chr4	2744457	2745144	Heritable	0.129338852882071	1	1	0	0	0.538050680673829	0.997818244032116	0.151714321275156	-0.151714321275156
all_individuals	dlpfc	AA	shared	expression_nearest_gene	chr4_2939589_2940285	chr4	2939589	2940285	Non-heritable	0.061266106493143	1	1	0	0	0.204629042942167	0.934398228366064	0.1894339373551	0.1894339373551
all_individuals	dlpfc	AA	shared	expression_nearest_gene	chr4_2950314_2951232	chr4	2950314	2951232	Heritable	0.154459803493538	1	1	0	0	0.177654704258211	0.911715666574967	0.200800186387518	0.200800186387518
all_individuals	dlpfc	AA	shared	expression_nearest_gene	chr4_2953951_2954470	chr4	2953951	2954470	Non-heritable	0.0910177508770459	1	1	0	0	0.112501749719224	0.885502111448744	0.26753574314008	0.26753574314008
all_individuals	dlpfc	AA	shared	expression_nearest_gene	chr4_2955783_2956697	chr4	2955783	2956697	Non-heritable	0.0565722329390173	1	1	0	0	0.482066159374786	0.997818244032116	0.133205662746008	0.133205662746008
all_individuals	dlpfc	AA	shared	expression_nearest_gene	chr4_2965192_2965537	chr4	2965192	2965537	Non-heritable	0.0848958517492316	1	1	0	0	0.904997338430823	0.997818244032116	0.0188475656423357	-0.0188475656423357
all_individuals	dlpfc	AA	shared	expression_nearest_gene	chr4_3041343_3042285	chr4	3041343	3042285	Non-heritable	0.0867204282206137	1	1	0	0	0.106787094228809	0.877822646237199	0.229148506005856	-0.229148506005856
all_individuals	dlpfc	AA	shared	expression_nearest_gene	chr4_3283866_3284380	chr4	3283866	3284380	Heritable	0.165893637016492	1	1	0	0	0.761658973371883	0.997818244032116	0.0747125879123445	0.0747125879123445
all_individuals	dlpfc	AA	shared	expression_nearest_gene	chr4_3285918_3286374	chr4	3285918	3286374	Non-heritable	0.0507743777140202	1	1	0	0	0.754935198706742	0.997818244032116	0.0747594339262818	0.0747594339262818
all_individuals	dlpfc	AA	shared	expression_nearest_gene	chr4_3307669_3308183	chr4	3307669	3308183	Non-heritable	0.0763214762996214	1	1	0	0	0.653861602735053	0.997818244032116	0.116394642296626	0.116394642296626
all_individuals	dlpfc	AA	shared	expression_nearest_gene	chr4_3461488_3461988	chr4	3461488	3461988	Heritable	0.109591589934358	1	1	0	0	0.207243309390633	0.934398228366064	0.296303782942768	-0.296303782942768
all_individuals	dlpfc	AA	shared	expression_nearest_gene	chr4_34795374_34796409	chr4	34795374	34796409	Heritable	0.126229430485062	1	1	0	0	0.568041570460195	0.997818244032116	0.0125026658475095	-0.0125026658475095
all_individuals	dlpfc	AA	shared	expression_nearest_gene	chr4_3483507_3484440	chr4	3483507	3484440	Heritable	0.113601733234015	1	1	0	0	0.381338163112068	0.997818244032116	0.218835908700135	-0.218835908700135
all_individuals	dlpfc	AA	shared	expression_nearest_gene	chr4_3492627_3492867	chr4	3492627	3492867	Heritable	0.133423388536201	1	1	0	0	0.635033501158719	0.997818244032116	0.104533172459287	0.104533172459287
all_individuals	dlpfc	AA	shared	expression_nearest_gene	chr4_3658805_3658922	chr4	3658805	3658922	Non-heritable	0.0476156992856637	1	1	0	0	0.779209184275832	0.997818244032116	0.00167053939320533	-0.00167053939320533
all_individuals	dlpfc	AA	shared	expression_nearest_gene	chr4_3712430_3712821	chr4	3712430	3712821	Non-heritable	0.0928228198167131	1	1	0	0	0.994841386744873	0.999523316452554	3.4715822539492e-05	-3.4715822539492e-05
all_individuals	dlpfc	AA	shared	expression_nearest_gene	chr4_3724124_3725376	chr4	3724124	3725376	Heritable	0.124185193954781	1	1	0	0	0.93814253247777	0.997818244032116	0.0246709751587164	-0.0246709751587164
all_individuals	dlpfc	AA	shared	expression_nearest_gene	chr4_3744881_3745950	chr4	3744881	3745950	Heritable	0.101283472901606	1	1	0	0	0.842300422559654	0.997818244032116	0.0656651072762386	0.0656651072762386
all_individuals	dlpfc	AA	shared	expression_nearest_gene	chr4_37687477_37688052	chr4	37687477	37688052	Non-heritable	0.0588804015988654	1	1	0	0	0.404117104596394	0.997818244032116	0.26226978815313	0.26226978815313
all_individuals	dlpfc	AA	shared	expression_nearest_gene	chr4_3773614_3774033	chr4	3773614	3774033	Heritable	0.104884816678065	1	1	0	0	0.776256200870435	0.997818244032116	0.0967508454403045	0.0967508454403045
all_individuals	dlpfc	AA	shared	expression_nearest_gene	chr4_37827551_37827801	chr4	37827551	37827801	Heritable	0.205464437358064	1	1	0	0	0.292494749593713	0.983008463446871	0.207154894379343	-0.207154894379343
all_individuals	dlpfc	AA	shared	expression_nearest_gene	chr4_38013725_38014554	chr4	38013725	38014554	Non-heritable	0.070574954902879	1	1	0	0	0.436894101258393	0.997818244032116	0.108293296691052	-0.108293296691052
all_individuals	dlpfc	AA	shared	expression_nearest_gene	chr4_3807845_3808342	chr4	3807845	3808342	Heritable	0.102272165600449	1	1	0	0	0.678459611801334	0.997818244032116	0.130724830225748	0.130724830225748
all_individuals	dlpfc	AA	shared	expression_nearest_gene	chr4_38204477_38205193	chr4	38204477	38205193	Heritable	0.100836037750704	1	1	0	0	0.244482679973524	0.957185382998532	0.183906581084635	-0.183906581084635
all_individuals	dlpfc	AA	shared	expression_nearest_gene	chr4_3972665_3974555	chr4	3972665	3974555	Heritable	0.185077948262257	1	1	0	0	0.0906592463675498	0.852417590912265	0.350724895196988	0.350724895196988
all_individuals	dlpfc	AA	shared	expression_nearest_gene	chr4_40483392_40484354	chr4	40483392	40484354	Heritable	0.10992954941905	1	1	0	0	0.131852697435861	0.886987978379458	0.588803169486334	-0.588803169486334
all_individuals	dlpfc	AA	shared	expression_nearest_gene	chr4_4141658_4142256	chr4	4141658	4142256	Heritable	0.126734005544876	1	1	0	0	0.532522560625447	0.997818244032116	0.00921792868641918	-0.00921792868641918
all_individuals	dlpfc	AA	shared	expression_nearest_gene	chr4_4144163_4145243	chr4	4144163	4145243	Heritable	0.125704514811574	1	1	0	0	0.520801903111477	0.997818244032116	0.00869372638488292	-0.00869372638488292
all_individuals	dlpfc	AA	shared	expression_nearest_gene	chr4_42399439_42399696	chr4	42399439	42399696	Heritable	0.119626983635074	1	1	0	0	0.125667491984773	0.885502111448744	0.329519272381141	0.329519272381141
all_individuals	dlpfc	AA	shared	expression_nearest_gene	chr4_4254287_4255018	chr4	4254287	4255018	Heritable	0.155135429895598	1	1	0	0	0.775981032790791	0.997818244032116	0.0633122948929739	0.0633122948929739
all_individuals	dlpfc	AA	shared	expression_nearest_gene	chr4_46723989_46724636	chr4	46723989	46724636	Heritable	0.119975254231164	1	1	0	0	0.914968031664584	0.997818244032116	0.00457753623576185	0.00457753623576185
all_individuals	dlpfc	AA	shared	expression_nearest_gene	chr4_4852887_4853102	chr4	4852887	4853102	Heritable	0.106212200560146	1	1	0	0	0.437739495257142	0.997818244032116	0.136071211078371	0.136071211078371
all_individuals	dlpfc	AA	shared	expression_nearest_gene	chr4_49117270_49118757	chr4	49117270	49118757	Heritable	0.171985592274299	1	1	0	0	0.219723944438799	0.945014449508517	0.08734327509801	0.08734327509801
all_individuals	dlpfc	AA	shared	expression_nearest_gene	chr4_49130062_49130581	chr4	49130062	49130581	Heritable	0.149107512333315	1	1	0	0	0.405811304189655	0.997818244032116	0.0478225642353466	0.0478225642353466
all_individuals	dlpfc	AA	shared	expression_nearest_gene	chr4_49149764_49154500	chr4	49149764	49154500	Heritable	0.1041448388614	1	1	0	0	0.557322828267939	0.997818244032116	0.030205936080738	0.030205936080738
all_individuals	dlpfc	AA	shared	expression_nearest_gene	chr4_54101949_54103610	chr4	54101949	54103610	Heritable	0.209462288063022	1	1	0	0	0.492713537911587	0.997818244032116	0.130119651176756	-0.130119651176756
all_individuals	dlpfc	AA	shared	expression_nearest_gene	chr4_54149259_54149837	chr4	54149259	54149837	Heritable	0.192773769170651	1	1	0	0	0.0829539225454317	0.845216945719577	0.332003048101027	-0.332003048101027
all_individuals	dlpfc	AA	shared	expression_nearest_gene	chr4_55157584_55158959	chr4	55157584	55158959	Heritable	0.437473327284934	1	1	0	0	0.607841917708046	0.997818244032116	0.238610511473368	-0.238610511473368
all_individuals	dlpfc	AA	shared	expression_nearest_gene	chr4_56592538_56592861	chr4	56592538	56592861	Heritable	0.112938735861549	1	1	0	0	0.723392199734083	0.997818244032116	0.0759150135843114	0.0759150135843114
all_individuals	dlpfc	AA	shared	expression_nearest_gene	chr4_57053085_57053607	chr4	57053085	57053607	Heritable	0.626458871432455	1	1	0	0	0.107277161021081	0.878770355073577	0.653777771953106	0.653777771953106
all_individuals	dlpfc	AA	shared	expression_nearest_gene	chr4_6008039_6008517	chr4	6008039	6008517	Non-heritable	0.0994953318012752	1	1	0	0	0.806511778317133	0.997818244032116	0.0531325500414184	-0.0531325500414184
all_individuals	dlpfc	AA	shared	expression_nearest_gene	chr4_6057177_6057596	chr4	6057177	6057596	Heritable	0.122515543684975	1	1	0	0	0.793495124719022	0.997818244032116	0.0584149706246038	0.0584149706246038
all_individuals	dlpfc	AA	shared	expression_nearest_gene	chr4_6271756_6271943	chr4	6271756	6271943	Heritable	0.103067108022565	1	1	0	0	0.321024193428402	0.99173132757471	0.259533561139693	-0.259533561139693
all_individuals	dlpfc	AA	shared	expression_nearest_gene	chr4_6447677_6447903	chr4	6447677	6447903	Non-heritable	0.0782204219314574	1	1	0	0	0.367303899338215	0.997818244032116	0.133481832701634	0.133481832701634
all_individuals	dlpfc	AA	shared	expression_nearest_gene	chr4_6673289_6673593	chr4	6673289	6673593	Heritable	0.258717639879709	1	1	1	1	2.46585637310704e-08	3.41322248290396e-06	1.54900012474508	-1.54900012474508
all_individuals	dlpfc	AA	shared	expression_nearest_gene	chr4_6726975_6727530	chr4	6726975	6727530	Non-heritable	0.073519123325434	1	1	0	0	0.748245992171679	0.997818244032116	0.067844894531067	0.067844894531067
all_individuals	dlpfc	AA	shared	expression_nearest_gene	chr4_67445356_67446461	chr4	67445356	67446461	Heritable	0.163037898647978	1	1	0	0	0.00684084772026473	0.235397644674853	0.578702456424344	0.578702456424344
all_individuals	dlpfc	AA	shared	expression_nearest_gene	chr4_6761575_6762093	chr4	6761575	6762093	Non-heritable	0.0935198655673719	1	1	0	0	0.704222878602973	0.997818244032116	0.00578132341703079	0.00578132341703079
all_individuals	dlpfc	AA	shared	expression_nearest_gene	chr4_68534935_68536569	chr4	68534935	68536569	Non-heritable	0.0798647564963593	1	1	0	0	0.109441145485623	0.884391629526944	0.0933113003775144	0.0933113003775144
all_individuals	dlpfc	AA	shared	expression_nearest_gene	chr4_68597341_68599092	chr4	68597341	68599092	Heritable	0.115367813613321	1	1	0	0	0.142395616210807	0.886987978379458	0.0667612387902701	0.0667612387902701
all_individuals	dlpfc	AA	shared	expression_nearest_gene	chr4_68616199_68617790	chr4	68616199	68617790	Non-heritable	0.0454386255728378	1	1	0	0	0.196597343647276	0.931624393086991	0.0695377886499977	0.0695377886499977
all_individuals	dlpfc	AA	shared	expression_nearest_gene	chr4_68618886_68619610	chr4	68618886	68619610	Non-heritable	0.064136509224046	1	1	0	0	0.209456121939677	0.934398228366064	0.0532343707923622	0.0532343707923622
all_individuals	dlpfc	AA	shared	expression_nearest_gene	chr4_6999925_7000405	chr4	6999925	7000405	Non-heritable	0.0718783142416891	1	1	0	0	0.213985538032691	0.944662493516745	0.165923248025379	-0.165923248025379
all_individuals	dlpfc	AA	shared	expression_nearest_gene	chr4_72591684_72592306	chr4	72591684	72592306	Heritable	0.118600013259665	1	1	0	0	0.559558855599007	0.997818244032116	0.163605996528471	0.163605996528471
all_individuals	dlpfc	AA	shared	expression_nearest_gene	chr4_7313170_7313990	chr4	7313170	7313990	Non-heritable	0.0825897025846398	1	1	0	0	0.358893910051709	0.997818244032116	0.198310128119694	-0.198310128119694
all_individuals	dlpfc	AA	shared	expression_nearest_gene	chr4_73139453_73139833	chr4	73139453	73139833	Heritable	0.160316847061346	1	1	0	0	0.625372564015189	0.997818244032116	0.0490380565922663	-0.0490380565922663
all_individuals	dlpfc	AA	shared	expression_nearest_gene	chr4_7350963_7351682	chr4	7350963	7351682	Non-heritable	0.0905517527943611	1	1	0	0	0.929468771167376	0.997818244032116	0.022922440434769	-0.022922440434769
all_individuals	dlpfc	AA	shared	expression_nearest_gene	chr4_73981188_73982675	chr4	73981188	73982675	Heritable	0.123383294927964	1	1	0	0	0.886054337027834	0.997818244032116	0.00190721701488668	-0.00190721701488668
all_individuals	dlpfc	AA	shared	expression_nearest_gene	chr4_74755032_74755808	chr4	74755032	74755808	Heritable	0.100215900607178	1	1	0	0	0.112716510358816	0.885502111448744	0.420303612842057	0.420303612842057
all_individuals	dlpfc	AA	shared	expression_nearest_gene	chr4_7624867_7625285	chr4	7624867	7625285	Non-heritable	0.0729717182642721	1	1	0	0	0.0895785937360015	0.852417590912265	0.463759824538485	-0.463759824538485
all_individuals	dlpfc	AA	shared	expression_nearest_gene	chr4_76420556_76420765	chr4	76420556	76420765	Heritable	0.103199328146027	1	1	1	1	4.76730854219213e-06	0.000409130419090929	1.60143650323931	-1.60143650323931
all_individuals	dlpfc	AA	shared	expression_nearest_gene	chr4_7655750_7656431	chr4	7655750	7656431	Heritable	0.10721656037188	1	1	0	0	0.591481579987146	0.997818244032116	0.124105519415323	-0.124105519415323
all_individuals	dlpfc	AA	shared	expression_nearest_gene	chr4_76687988_76688869	chr4	76687988	76688869	Heritable	0.146611791858832	1	1	0	0	0.539880375429983	0.997818244032116	0.129610053133842	-0.129610053133842
all_individuals	dlpfc	AA	shared	expression_nearest_gene	chr4_77186467_77189444	chr4	77186467	77189444	Heritable	0.136791017950412	1	1	0	0	0.867509072439523	0.997818244032116	0.0305179535942859	-0.0305179535942859
all_individuals	dlpfc	AA	shared	expression_nearest_gene	chr4_77287342_77288748	chr4	77287342	77288748	Heritable	0.708143601633624	1	1	0	0	0.369686797112938	0.997818244032116	0.14692738779963	-0.14692738779963
all_individuals	dlpfc	AA	shared	expression_nearest_gene	chr4_7761863_7762027	chr4	7761863	7762027	Heritable	0.374528044938232	1	1	0	0	0.746878908295337	0.997818244032116	0.0728185106651864	-0.0728185106651864
all_individuals	dlpfc	AA	shared	expression_nearest_gene	chr4_7806562_7807108	chr4	7806562	7807108	Non-heritable	0.0747545256937578	1	1	0	0	0.328016601427076	0.99671805502751	0.193869429559907	-0.193869429559907
all_individuals	dlpfc	AA	shared	expression_nearest_gene	chr4_7860662_7861393	chr4	7860662	7861393	Heritable	0.102643356272185	1	1	0	0	0.531571957129627	0.997818244032116	0.13543009541435	0.13543009541435
all_individuals	dlpfc	AA	shared	expression_nearest_gene	chr4_79050254_79050765	chr4	79050254	79050765	Non-heritable	0.0971442574744247	1	1	0	0	0.791806832589689	0.997818244032116	0.147342041241494	0.147342041241494
all_individuals	dlpfc	AA	shared	expression_nearest_gene	chr4_7919798_7920156	chr4	7919798	7920156	Heritable	0.425016434551969	1	1	0	0	0.987982703757705	0.997983470297626	0.00286269425826902	-0.00286269425826902
all_individuals	dlpfc	AA	shared	expression_nearest_gene	chr4_79965131_79965221	chr4	79965131	79965221	Heritable	0.155095840062704	1	1	0	0	0.123743303443358	0.885502111448744	0.30040239678976	0.30040239678976
all_individuals	dlpfc	AA	shared	expression_nearest_gene	chr4_80200027_80201581	chr4	80200027	80201581	Heritable	0.101282030191227	1	1	0	0	0.898272306235973	0.997818244032116	0.0352606483150453	-0.0352606483150453
all_individuals	dlpfc	AA	shared	expression_nearest_gene	chr4_80263964_80265281	chr4	80263964	80265281	Non-heritable	0.0578637803520567	1	1	0	0	0.385306807283369	0.997818244032116	0.287830766910162	0.287830766910162
all_individuals	dlpfc	AA	shared	expression_nearest_gene	chr4_81468807_81470291	chr4	81468807	81470291	Heritable	0.120097872882515	1	1	0	0	0.752375644960042	0.997818244032116	0.0709398894582662	-0.0709398894582662
all_individuals	dlpfc	AA	shared	expression_nearest_gene	chr4_81722375_81724371	chr4	81722375	81724371	Heritable	0.157267152231947	1	1	0	0	0.230301342545778	0.947930352176406	0.266456172654976	0.266456172654976
all_individuals	dlpfc	AA	shared	expression_nearest_gene	chr4_82450812_82451323	chr4	82450812	82451323	Non-heritable	0.0654098740011539	1	1	0	0	0.730174224107748	0.997818244032116	0.0546347296848282	-0.0546347296848282
all_individuals	dlpfc	AA	shared	expression_nearest_gene	chr4_87049246_87049810	chr4	87049246	87049810	Heritable	0.131456055079402	1	1	0	0	0.417309609680667	0.997818244032116	0.106553128428899	-0.106553128428899
all_individuals	dlpfc	AA	shared	expression_nearest_gene	chr4_87221223_87221372	chr4	87221223	87221372	Heritable	0.190807538531573	1	1	0	0	0.445042844897149	0.997818244032116	0.107013351245025	-0.107013351245025
all_individuals	dlpfc	AA	shared	expression_nearest_gene	chr4_8739442_8740740	chr4	8739442	8740740	Heritable	0.110707919469157	1	1	0	0	0.763529699512174	0.997818244032116	0.0315936841185347	0.0315936841185347
all_individuals	dlpfc	AA	shared	expression_nearest_gene	chr4_8747479_8748122	chr4	8747479	8748122	Heritable	0.121294219493521	1	1	0	0	0.97894470297422	0.997818244032116	0.0029467819263671	0.0029467819263671
all_individuals	dlpfc	AA	shared	expression_nearest_gene	chr4_87863646_87863882	chr4	87863646	87863882	Heritable	0.41149908060703	1	1	0	0	0.243036213301677	0.95502009606648	0.657408593001708	0.657408593001708
all_individuals	dlpfc	AA	shared	expression_nearest_gene	chr4_87975223_87976044	chr4	87975223	87976044	Heritable	0.143592550196438	1	1	0	0	0.435489300269893	0.997818244032116	0.493083309422573	-0.493083309422573
all_individuals	dlpfc	AA	shared	expression_nearest_gene	chr4_88245179_88245483	chr4	88245179	88245483	Heritable	0.121704205318228	1	1	0	0	0.172273885025262	0.911713995663319	0.239249963649257	0.239249963649257
all_individuals	dlpfc	AA	shared	expression_nearest_gene	chr4_88755026_88756465	chr4	88755026	88756465	Heritable	0.158002184034617	1	1	0	0	0.0661665149419136	0.815093302258021	0.322318174394612	-0.322318174394612
all_individuals	dlpfc	AA	shared	expression_nearest_gene	chr4_89298905_89299719	chr4	89298905	89299719	Heritable	0.387702101249613	1	1	0	0	0.00906495248373187	0.294058630588353	0.63637768610953	-0.63637768610953
all_individuals	dlpfc	AA	shared	expression_nearest_gene	chr4_91791631_91792007	chr4	91791631	91792007	Heritable	0.150503044324614	1	1	0	0	0.221798359143431	0.945014449508517	0.185222490629525	0.185222490629525
all_individuals	dlpfc	AA	shared	expression_nearest_gene	chr4_93617449_93618143	chr4	93617449	93618143	Heritable	0.157777292925961	1	1	0	0	0.586935589071711	0.997818244032116	0.128208714840596	-0.128208714840596
all_individuals	dlpfc	AA	shared	expression_nearest_gene	chr4_9659662_9660602	chr4	9659662	9660602	Heritable	0.421541148903627	1	1	0	0	0.176604255963794	0.911713995663319	0.0327749885813192	0.0327749885813192
all_individuals	dlpfc	AA	shared	expression_nearest_gene	chr5_1004099_1004238	chr5	1004099	1004238	Heritable	0.102603106677693	1	1	0	0	0.133272242105129	0.886987978379458	0.0333344352789299	-0.0333344352789299
all_individuals	dlpfc	AA	shared	expression_nearest_gene	chr5_10123743_10124636	chr5	10123743	10124636	Heritable	0.135295310565808	1	1	0	0	0.583087915321628	0.997818244032116	0.132250534186095	0.132250534186095
all_individuals	dlpfc	AA	shared	expression_nearest_gene	chr5_1033260_1034007	chr5	1033260	1034007	Heritable	0.102228277227844	1	1	0	0	0.345972681983329	0.997818244032116	0.0378118251709528	-0.0378118251709528
all_individuals	dlpfc	AA	shared	expression_nearest_gene	chr5_10524364_10525366	chr5	10524364	10525366	Non-heritable	0.0872052060884611	1	1	0	0	0.111937460603137	0.885502111448744	0.0183106909382028	0.0183106909382028
all_individuals	dlpfc	AA	shared	expression_nearest_gene	chr5_106621287_106621524	chr5	106621287	106621524	Heritable	0.120094805314373	1	1	0	0	0.161252138740153	0.911713995663319	0.25681021831203	0.25681021831203
all_individuals	dlpfc	AA	shared	expression_nearest_gene	chr5_107572977_107573246	chr5	107572977	107573246	Heritable	0.122252050129913	1	1	0	0	0.492957827120938	0.997818244032116	0.112574344782406	0.112574344782406
all_individuals	dlpfc	AA	shared	expression_nearest_gene	chr5_1116660_1116865	chr5	1116660	1116865	Heritable	0.1150173714731	1	1	0	0	0.626598384067427	0.997818244032116	0.0240787548365453	-0.0240787548365453
all_individuals	dlpfc	AA	shared	expression_nearest_gene	chr5_111738154_111739632	chr5	111738154	111739632	Heritable	0.101531953450148	1	1	0	0	0.620074680952826	0.997818244032116	0.104396063096714	-0.104396063096714
all_individuals	dlpfc	AA	shared	expression_nearest_gene	chr5_111740787_111742948	chr5	111740787	111742948	Non-heritable	0.0826440031438321	1	1	0	0	0.0588342113350851	0.795132929405016	0.396491439583899	-0.396491439583899
all_individuals	dlpfc	AA	shared	expression_nearest_gene	chr5_11588859_11589312	chr5	11588859	11589312	Heritable	0.108480412180436	1	1	0	0	0.931045421176209	0.997818244032116	0.0118581700310472	0.0118581700310472
all_individuals	dlpfc	AA	shared	expression_nearest_gene	chr5_116382300_116383070	chr5	116382300	116383070	Heritable	0.115620553626632	1	1	0	0	0.387174354056747	0.997818244032116	0.184663731033062	-0.184663731033062
all_individuals	dlpfc	AA	shared	expression_nearest_gene	chr5_117205070_117205915	chr5	117205070	117205915	Heritable	0.176594889663534	1	1	1	1	0.000624874921252981	0.0315451563187828	0.00764356203453611	-0.00764356203453611
all_individuals	dlpfc	AA	shared	expression_nearest_gene	chr5_11901683_11902439	chr5	11901683	11902439	Heritable	0.11828098883551	1	1	0	0	0.231231410757092	0.947930352176406	0.160387514338169	-0.160387514338169
all_individuals	dlpfc	AA	shared	expression_nearest_gene	chr5_1191162_1192041	chr5	1191162	1192041	Heritable	0.478857589959994	1	1	0	0	0.922288391580626	0.997818244032116	0.0018382429967236	0.0018382429967236
all_individuals	dlpfc	AA	shared	expression_nearest_gene	chr5_125575946_125577165	chr5	125575946	125577165	Heritable	0.161058760324305	1	1	0	0	0.773611719540872	0.997818244032116	0.0461762693679564	0.0461762693679564
all_individuals	dlpfc	AA	shared	expression_nearest_gene	chr5_126594093_126594382	chr5	126594093	126594382	Heritable	0.282639715039916	1	1	0	0	0.0177156026241714	0.462413083341749	0.594045270705436	-0.594045270705436
all_individuals	dlpfc	AA	shared	expression_nearest_gene	chr5_127073600_127073799	chr5	127073600	127073799	Heritable	0.11158136755506	1	1	1	1	0.000612861879907195	0.0313070276985925	0.973496108001233	-0.973496108001233
all_individuals	dlpfc	AA	shared	expression_nearest_gene	chr5_127291369_127293013	chr5	127291369	127293013	Heritable	0.166875301871529	1	1	0	0	0.969452493167704	0.997818244032116	0.00788361815115479	-0.00788361815115479
all_individuals	dlpfc	AA	shared	expression_nearest_gene	chr5_1282242_1282541	chr5	1282242	1282541	Heritable	0.104381447606109	1	1	0	0	0.463939510900269	0.997818244032116	0.102817496061917	0.102817496061917
all_individuals	dlpfc	AA	shared	expression_nearest_gene	chr5_132370639_132371261	chr5	132370639	132371261	Heritable	0.107846787057322	1	1	0	0	0.057625391398099	0.794603662642371	0.34808332905035	-0.34808332905035
all_individuals	dlpfc	AA	shared	expression_nearest_gene	chr5_133583306_133583450	chr5	133583306	133583450	Heritable	0.212350489275392	1	1	0	0	0.157350086955851	0.91025328674185	0.366970857497645	0.366970857497645
all_individuals	dlpfc	AA	shared	expression_nearest_gene	chr5_135489584_135489945	chr5	135489584	135489945	Heritable	0.102161546246377	1	1	0	0	0.105281359628375	0.877208377020114	0.68851697195826	0.68851697195826
all_individuals	dlpfc	AA	shared	expression_nearest_gene	chr5_136079312_136081360	chr5	136079312	136081360	Heritable	0.138591850029531	1	1	0	0	0.194591478030028	0.930860883188308	0.268465444564564	-0.268465444564564
all_individuals	dlpfc	AA	shared	expression_nearest_gene	chr5_137733078_137734744	chr5	137733078	137734744	Heritable	0.172024751425008	1	1	0	0	0.357901850596009	0.997818244032116	0.111657970662234	-0.111657970662234
all_individuals	dlpfc	AA	shared	expression_nearest_gene	chr5_139526541_139527028	chr5	139526541	139527028	Non-heritable	0.0571219082009086	1	1	0	0	0.986547018685394	0.997818244032116	0.00203226195270645	0.00203226195270645
all_individuals	dlpfc	AA	shared	expression_nearest_gene	chr5_139661920_139663342	chr5	139661920	139663342	Non-heritable	0.0528896877503177	1	1	0	0	0.450991796338402	0.997818244032116	0.126588367435559	-0.126588367435559
all_individuals	dlpfc	AA	shared	expression_nearest_gene	chr5_139680474_139682442	chr5	139680474	139682442	Heritable	0.182507325952589	1	1	0	0	0.375996601861593	0.997818244032116	0.149887255548315	-0.149887255548315
all_individuals	dlpfc	AA	shared	expression_nearest_gene	chr5_139759291_139759741	chr5	139759291	139759741	Heritable	0.135979605186	1	1	0	0	0.276407393656237	0.97766064278196	0.274548354213731	0.274548354213731
all_individuals	dlpfc	AA	shared	expression_nearest_gene	chr5_140146495_140146641	chr5	140146495	140146641	Heritable	0.233665718726289	1	1	0	0	0.00900772654925013	0.294058630588353	1.93026061702464	-1.93026061702464
all_individuals	dlpfc	AA	shared	expression_nearest_gene	chr5_140631134_140631869	chr5	140631134	140631869	Heritable	0.117983897406049	1	1	0	0	0.911761175817404	0.997818244032116	0.0837091618530756	-0.0837091618530756
all_individuals	dlpfc	AA	shared	expression_nearest_gene	chr5_141495175_141495810	chr5	141495175	141495810	Heritable	0.123642744649586	1	1	0	0	0.486373750379299	0.997818244032116	0.200962103548761	0.200962103548761
all_individuals	dlpfc	AA	shared	expression_nearest_gene	chr5_141874990_141875519	chr5	141874990	141875519	Heritable	0.121633845434087	1	1	0	0	0.579152945999423	0.997818244032116	0.132425260601499	0.132425260601499
all_individuals	dlpfc	AA	shared	expression_nearest_gene	chr5_142409154_142409449	chr5	142409154	142409449	Heritable	0.124815015752544	1	1	0	0	0.953673980479614	0.997818244032116	0.0238758862406669	-0.0238758862406669
all_individuals	dlpfc	AA	shared	expression_nearest_gene	chr5_142669571_142669720	chr5	142669571	142669720	Heritable	0.120717497014452	1	1	0	0	0.813136304568693	0.997818244032116	0.0613971217058378	0.0613971217058378
all_individuals	dlpfc	AA	shared	expression_nearest_gene	chr5_1428686_1429182	chr5	1428686	1429182	Heritable	0.102332591494456	1	1	0	0	0.208638668657113	0.934398228366064	0.0787069764264272	0.0787069764264272
all_individuals	dlpfc	AA	shared	expression_nearest_gene	chr5_143243990_143246154	chr5	143243990	143246154	Non-heritable	0.0630897140624883	1	1	0	0	0.365512123567472	0.997818244032116	0.136434760761101	-0.136434760761101
all_individuals	dlpfc	AA	shared	expression_nearest_gene	chr5_144206390_144207472	chr5	144206390	144207472	Heritable	0.102808304758325	1	1	0	0	0.245311050387687	0.958038504795448	0.256754253651103	-0.256754253651103
all_individuals	dlpfc	AA	shared	expression_nearest_gene	chr5_147080771_147084697	chr5	147080771	147084697	Non-heritable	0.0401995308387029	1	1	0	0	0.252180455898932	0.958038504795448	0.163924262034719	-0.163924262034719
all_individuals	dlpfc	AA	shared	expression_nearest_gene	chr5_14728279_14728760	chr5	14728279	14728760	Heritable	0.130249960784043	1	1	0	0	0.129823229486634	0.885502111448744	0.178797288947365	-0.178797288947365
all_individuals	dlpfc	AA	shared	expression_nearest_gene	chr5_1476003_1476645	chr5	1476003	1476645	Heritable	0.114864249350965	1	1	0	0	0.30184566427911	0.985760877676827	0.0589499923300957	0.0589499923300957
all_individuals	dlpfc	AA	shared	expression_nearest_gene	chr5_148319042_148321382	chr5	148319042	148321382	Heritable	0.120447227841484	1	1	0	0	0.240864474100796	0.954339296737319	0.156779706516369	-0.156779706516369
all_individuals	dlpfc	AA	shared	expression_nearest_gene	chr5_1484802_1485085	chr5	1484802	1485085	Heritable	0.232435949115075	1	1	0	0	0.204990472981789	0.934398228366064	0.0782144558510469	0.0782144558510469
all_individuals	dlpfc	AA	shared	expression_nearest_gene	chr5_149142321_149144694	chr5	149142321	149144694	Heritable	0.214549397371752	1	1	0	0	0.491008253746021	0.997818244032116	0.141196842630701	-0.141196842630701
all_individuals	dlpfc	AA	shared	expression_nearest_gene	chr5_149175188_149176104	chr5	149175188	149176104	Heritable	0.108157830261913	1	1	0	0	0.172409127987834	0.911713995663319	0.260289872463716	-0.260289872463716
all_individuals	dlpfc	AA	shared	expression_nearest_gene	chr5_149582482_149583415	chr5	149582482	149583415	Heritable	0.124624231738469	1	1	0	0	0.525777724856049	0.997818244032116	0.126099881443302	0.126099881443302
all_individuals	dlpfc	AA	shared	expression_nearest_gene	chr5_150833819_150837162	chr5	150833819	150837162	Heritable	0.230095332413473	1	1	0	0	0.134776034699367	0.886987978379458	0.157743233436987	-0.157743233436987
all_individuals	dlpfc	AA	shared	expression_nearest_gene	chr5_150947290_150947780	chr5	150947290	150947780	Heritable	0.140415014718562	1	1	0	0	0.0743134019340551	0.828639931374199	0.705377967289041	-0.705377967289041
all_individuals	dlpfc	AA	shared	expression_nearest_gene	chr5_151238987_151240098	chr5	151238987	151240098	Heritable	0.625424109463863	1	1	0	0	0.221287418496065	0.945014449508517	0.118559740826237	-0.118559740826237
all_individuals	dlpfc	AA	shared	expression_nearest_gene	chr5_151308340_151309112	chr5	151308340	151309112	Heritable	0.178514509944348	1	1	0	0	0.897383141432767	0.997818244032116	0.000682537048187791	0.000682537048187791
all_individuals	dlpfc	AA	shared	expression_nearest_gene	chr5_151456458_151457027	chr5	151456458	151457027	Heritable	0.134858359421236	1	1	0	0	0.854496490352176	0.997818244032116	0.0426241008119117	0.0426241008119117
all_individuals	dlpfc	AA	shared	expression_nearest_gene	chr5_151503445_151505738	chr5	151503445	151505738	Heritable	0.133554632663001	1	1	0	0	0.998787107498176	0.999759847767018	0.000837511163644278	-0.000837511163644278
all_individuals	dlpfc	AA	shared	expression_nearest_gene	chr5_151507900_151511251	chr5	151507900	151511251	Heritable	0.133072333862084	1	1	0	0	0.746995193932599	0.997818244032116	0.180474940797521	0.180474940797521
all_individuals	dlpfc	AA	shared	expression_nearest_gene	chr5_151530451_151534950	chr5	151530451	151534950	Heritable	0.121307283085762	1	1	0	0	0.778819948061535	0.997818244032116	0.152708841431501	0.152708841431501
all_individuals	dlpfc	AA	shared	expression_nearest_gene	chr5_151550399_151579392	chr5	151550399	151579392	Heritable	0.212266357548639	1	1	0	0	0.755975608000329	0.997818244032116	0.169485886961521	0.169485886961521
all_individuals	dlpfc	AA	shared	expression_nearest_gene	chr5_151580434_151592694	chr5	151580434	151592694	Heritable	0.101282235085345	1	1	0	0	0.591691611147776	0.997818244032116	0.298807017078201	0.298807017078201
all_individuals	dlpfc	AA	shared	expression_nearest_gene	chr5_151594591_151596295	chr5	151594591	151596295	Heritable	0.152368172401083	1	1	0	0	0.761339745749052	0.997818244032116	0.169399003252272	0.169399003252272
all_individuals	dlpfc	AA	shared	expression_nearest_gene	chr5_157143587_157143812	chr5	157143587	157143812	Heritable	0.10065430814637	1	1	0	0	0.699403190957387	0.997818244032116	0.0947464296816374	0.0947464296816374
all_individuals	dlpfc	AA	shared	expression_nearest_gene	chr5_157561070_157562522	chr5	157561070	157562522	Non-heritable	0.0885703427636665	1	1	0	0	0.761496294390571	0.997818244032116	0.0718163941177767	-0.0718163941177767
all_individuals	dlpfc	AA	shared	expression_nearest_gene	chr5_158881522_158882421	chr5	158881522	158882421	Heritable	0.160551846905267	1	1	0	0	0.160587849505723	0.911713995663319	0.401514343369492	0.401514343369492
all_individuals	dlpfc	AA	shared	expression_nearest_gene	chr5_159103826_159106225	chr5	159103826	159106225	Heritable	0.125469252092442	1	1	0	0	0.866609502924495	0.997818244032116	0.0181831205042468	-0.0181831205042468
all_individuals	dlpfc	AA	shared	expression_nearest_gene	chr5_160294171_160294664	chr5	160294171	160294664	Heritable	0.11742852641159	1	1	0	0	0.0650001456019974	0.81476017671674	0.385532868161801	-0.385532868161801
all_individuals	dlpfc	AA	shared	expression_nearest_gene	chr5_160310109_160311465	chr5	160310109	160311465	Heritable	0.100345944930097	1	1	0	0	0.122355795236184	0.885502111448744	0.314044762163386	-0.314044762163386
all_individuals	dlpfc	AA	shared	expression_nearest_gene	chr5_160436575_160437129	chr5	160436575	160437129	Non-heritable	0.0535277704688707	1	1	0	0	0.18996142531749	0.924559060738879	0.233142922339067	0.233142922339067
all_individuals	dlpfc	AA	shared	expression_nearest_gene	chr5_161166151_161167293	chr5	161166151	161167293	Non-heritable	0.096754768875462	1	1	0	0	0.803273621548749	0.997818244032116	0.0482473541111013	-0.0482473541111013
all_individuals	dlpfc	AA	shared	expression_nearest_gene	chr5_161695857_161696546	chr5	161695857	161696546	Heritable	0.132780249226952	1	1	0	0	0.462826224523329	0.997818244032116	0.239542983725262	0.239542983725262
all_individuals	dlpfc	AA	shared	expression_nearest_gene	chr5_16508666_16509526	chr5	16508666	16509526	Heritable	0.199399789773267	1	1	0	0	0.7906580434872	0.997818244032116	0.0462115217946391	0.0462115217946391
all_individuals	dlpfc	AA	shared	expression_nearest_gene	chr5_16557784_16558947	chr5	16557784	16558947	Heritable	0.138345473452071	1	1	0	0	0.553009026192725	0.997818244032116	0.123174552289711	-0.123174552289711
all_individuals	dlpfc	AA	shared	expression_nearest_gene	chr5_16655086_16656165	chr5	16655086	16656165	Heritable	0.346148395288284	1	1	0	0	0.142071193490048	0.886987978379458	0.304459168860741	-0.304459168860741
all_individuals	dlpfc	AA	shared	expression_nearest_gene	chr5_16736067_16736584	chr5	16736067	16736584	Heritable	0.11982078765734	1	1	0	0	0.894811846535385	0.997818244032116	0.0211488668303303	0.0211488668303303
all_individuals	dlpfc	AA	shared	expression_nearest_gene	chr5_167723369_167724562	chr5	167723369	167724562	Heritable	0.11470358335087	1	1	0	0	0.66513387273775	0.997818244032116	0.102804232276419	-0.102804232276419
all_individuals	dlpfc	AA	shared	expression_nearest_gene	chr5_168006302_168006558	chr5	168006302	168006558	Heritable	0.135898308199731	1	1	0	0	0.0497192245317947	0.771372187047652	0.503694741061491	0.503694741061491
all_individuals	dlpfc	AA	shared	expression_nearest_gene	chr5_168485626_168486049	chr5	168485626	168486049	Heritable	0.208547686229348	1	1	0	0	0.00631181866507563	0.225700115765329	0.382875431947127	0.382875431947127
all_individuals	dlpfc	AA	shared	expression_nearest_gene	chr5_170104812_170105140	chr5	170104812	170105140	Heritable	0.112724441722183	1	1	0	0	0.568215582771743	0.997818244032116	0.00773444211817339	0.00773444211817339
all_individuals	dlpfc	AA	shared	expression_nearest_gene	chr5_171646536_171646924	chr5	171646536	171646924	Heritable	0.111106591218421	1	1	0	0	0.764764641643266	0.997818244032116	0.0757012346987613	-0.0757012346987613
all_individuals	dlpfc	AA	shared	expression_nearest_gene	chr5_172043864_172044293	chr5	172043864	172044293	Heritable	0.108770302013688	1	1	0	0	0.717514498401832	0.997818244032116	0.0949019323350377	-0.0949019323350377
all_individuals	dlpfc	AA	shared	expression_nearest_gene	chr5_172096255_172096830	chr5	172096255	172096830	Heritable	0.121526100779304	1	1	0	0	0.582373314753515	0.997818244032116	0.151617222754901	0.151617222754901
all_individuals	dlpfc	AA	shared	expression_nearest_gene	chr5_172103103_172105126	chr5	172103103	172105126	Non-heritable	0.0957184018736358	1	1	0	0	0.795878686683702	0.997818244032116	0.066221747141558	0.066221747141558
all_individuals	dlpfc	AA	shared	expression_nearest_gene	chr5_172141956_172142724	chr5	172141956	172142724	Heritable	0.100501891401193	1	1	0	0	0.612374455844967	0.997818244032116	0.13189497453661	0.13189497453661
all_individuals	dlpfc	AA	shared	expression_nearest_gene	chr5_172145611_172146284	chr5	172145611	172146284	Heritable	0.128160365905876	1	1	0	0	0.838926595068924	0.997818244032116	0.0550833687473258	0.0550833687473258
all_individuals	dlpfc	AA	shared	expression_nearest_gene	chr5_172151595_172152468	chr5	172151595	172152468	Heritable	0.107071504684677	1	1	0	0	0.773446343271652	0.997818244032116	0.0773693257668189	0.0773693257668189
all_individuals	dlpfc	AA	shared	expression_nearest_gene	chr5_172178410_172179881	chr5	172178410	172179881	Heritable	0.106871651231058	1	1	0	0	0.88908003329019	0.997818244032116	0.0363706089385936	0.0363706089385936
all_individuals	dlpfc	AA	shared	expression_nearest_gene	chr5_172184907_172186905	chr5	172184907	172186905	Heritable	0.121888907993576	1	1	0	0	0.798697901329652	0.997818244032116	0.0617668938992697	0.0617668938992697
all_individuals	dlpfc	AA	shared	expression_nearest_gene	chr5_172189476_172189602	chr5	172189476	172189602	Heritable	0.106944292924027	1	1	0	0	0.0599135334785439	0.795132929405016	0.467130107622088	-0.467130107622088
all_individuals	dlpfc	AA	shared	expression_nearest_gene	chr5_172281147_172282690	chr5	172281147	172282690	Heritable	0.151008085627375	1	1	0	0	0.62390914231134	0.997818244032116	0.0799778599959904	-0.0799778599959904
all_individuals	dlpfc	AA	shared	expression_nearest_gene	chr5_172767107_172769743	chr5	172767107	172769743	Heritable	0.102460823580977	1	1	0	0	0.80464614249326	0.997818244032116	0.139541783333181	0.139541783333181
all_individuals	dlpfc	AA	shared	expression_nearest_gene	chr5_172772457_172772731	chr5	172772457	172772731	Heritable	0.125092161097567	1	1	0	0	0.200372575931132	0.931624393086991	0.225845735865917	-0.225845735865917
all_individuals	dlpfc	AA	shared	expression_nearest_gene	chr5_172844464_172845090	chr5	172844464	172845090	Heritable	0.102561279158106	1	1	0	0	0.956228562762958	0.997818244032116	0.0107457785250205	-0.0107457785250205
all_individuals	dlpfc	AA	shared	expression_nearest_gene	chr5_173720173_173721321	chr5	173720173	173721321	Non-heritable	0.0698036391690593	1	1	0	0	0.270245640387938	0.972463717403515	0.486091732335413	-0.486091732335413
all_individuals	dlpfc	AA	shared	expression_nearest_gene	chr5_173766729_173767962	chr5	173766729	173767962	Heritable	0.129861767360241	1	1	0	0	0.00349199872784692	0.138742282788807	0.685668365555261	0.685668365555261
all_individuals	dlpfc	AA	shared	expression_nearest_gene	chr5_17390406_17390474	chr5	17390406	17390474	Heritable	0.113178286047406	1	1	0	0	0.0933196695009177	0.85562970476162	0.0370219203705516	-0.0370219203705516
all_individuals	dlpfc	AA	shared	expression_nearest_gene	chr5_174019966_174020141	chr5	174019966	174020141	Non-heritable	0.0827379149048018	1	1	0	0	0.517287773229546	0.997818244032116	0.145158130961371	0.145158130961371
all_individuals	dlpfc	AA	shared	expression_nearest_gene	chr5_176413316_176414561	chr5	176413316	176414561	Heritable	0.146596829786083	1	1	0	0	0.531630496002326	0.997818244032116	0.137226043483862	-0.137226043483862
all_individuals	dlpfc	AA	shared	expression_nearest_gene	chr5_176628127_176629157	chr5	176628127	176629157	Heritable	0.126243353891206	1	1	0	0	0.678668414751733	0.997818244032116	0.107996212908516	0.107996212908516
all_individuals	dlpfc	AA	shared	expression_nearest_gene	chr5_176700191_176700728	chr5	176700191	176700728	Heritable	0.141622937203495	1	1	0	0	0.760510143875017	0.997818244032116	0.0777213079960148	0.0777213079960148
all_individuals	dlpfc	AA	shared	expression_nearest_gene	chr5_176733748_176733959	chr5	176733748	176733959	Heritable	0.107942384725668	1	1	0	0	0.907549201053071	0.997818244032116	0.0328284880745038	0.0328284880745038
all_individuals	dlpfc	AA	shared	expression_nearest_gene	chr5_176740224_176740827	chr5	176740224	176740827	Heritable	0.125686497825176	1	1	0	0	0.651839098666832	0.997818244032116	0.12056949593388	-0.12056949593388
all_individuals	dlpfc	AA	shared	expression_nearest_gene	chr5_177098485_177098927	chr5	177098485	177098927	Heritable	0.10554885448985	1	1	0	0	0.49417633487351	0.997818244032116	0.212836733092368	0.212836733092368
all_individuals	dlpfc	AA	shared	expression_nearest_gene	chr5_177302415_177302444	chr5	177302415	177302444	Heritable	0.106118949363348	1	1	0	0	0.257597015189929	0.964672006403031	0.292664547125129	-0.292664547125129
all_individuals	dlpfc	AA	shared	expression_nearest_gene	chr5_177330053_177330405	chr5	177330053	177330405	Heritable	0.118310033899316	1	1	0	0	0.639855536202879	0.997818244032116	0.0874191867334986	-0.0874191867334986
all_individuals	dlpfc	AA	shared	expression_nearest_gene	chr5_177431957_177432472	chr5	177431957	177432472	Heritable	0.130652946449426	1	1	0	0	0.19162929996681	0.924559060738879	0.261810403877291	-0.261810403877291
all_individuals	dlpfc	AA	shared	expression_nearest_gene	chr5_177781863_177781930	chr5	177781863	177781930	Heritable	0.118055591967634	1	1	1	1	1.03863474355714e-05	0.000840902204642206	1.93578563564611	-1.93578563564611
all_individuals	dlpfc	AA	shared	expression_nearest_gene	chr5_177940082_177941107	chr5	177940082	177941107	Heritable	0.105674559678287	1	1	0	0	0.284834466465406	0.982732919677553	0.414985748604558	-0.414985748604558
all_individuals	dlpfc	AA	shared	expression_nearest_gene	chr5_177980404_177981059	chr5	177980404	177981059	Heritable	0.138870805715539	1	1	0	0	0.355996301522647	0.997818244032116	0.346730939058617	-0.346730939058617
all_individuals	dlpfc	AA	shared	expression_nearest_gene	chr5_178007963_178008189	chr5	178007963	178008189	Heritable	0.106436751366322	1	1	0	0	0.947003911926002	0.997818244032116	0.0253998425663786	-0.0253998425663786
all_individuals	dlpfc	AA	shared	expression_nearest_gene	chr5_178121397_178122108	chr5	178121397	178122108	Non-heritable	0.086429049799433	1	1	0	0	0.753142322221055	0.997818244032116	0.0791606176514677	-0.0791606176514677
all_individuals	dlpfc	AA	shared	expression_nearest_gene	chr5_178165512_178165760	chr5	178165512	178165760	Heritable	0.109098691668566	1	1	0	0	0.555043206987424	0.997818244032116	0.0945530222955742	-0.0945530222955742
all_individuals	dlpfc	AA	shared	expression_nearest_gene	chr5_178384146_178384522	chr5	178384146	178384522	Heritable	0.153555959122932	1	1	0	0	0.80920202010872	0.997818244032116	0.0723215002512738	0.0723215002512738
all_individuals	dlpfc	AA	shared	expression_nearest_gene	chr5_179023177_179023241	chr5	179023177	179023241	Heritable	0.195059178678155	1	1	0	0	0.739522670636271	0.997818244032116	0.0497442927565939	0.0497442927565939
all_individuals	dlpfc	AA	shared	expression_nearest_gene	chr5_179138777_179138936	chr5	179138777	179138936	Heritable	0.104043184372784	1	1	0	0	0.242332627554621	0.95502009606648	0.476673802800679	-0.476673802800679
all_individuals	dlpfc	AA	shared	expression_nearest_gene	chr5_179164962_179165306	chr5	179164962	179165306	Non-heritable	0.0960067977650369	1	1	0	0	0.0900935215391746	0.852417590912265	0.658367183937017	-0.658367183937017
all_individuals	dlpfc	AA	shared	expression_nearest_gene	chr5_179336582_179336902	chr5	179336582	179336902	Heritable	0.405026671036804	1	1	0	0	0.546816928021751	0.997818244032116	0.192016836488707	0.192016836488707
all_individuals	dlpfc	AA	shared	expression_nearest_gene	chr5_179803091_179803447	chr5	179803091	179803447	Heritable	0.11052745257986	1	1	0	0	0.998973345703386	0.999759847767018	0.00019653541206921	-0.00019653541206921
all_individuals	dlpfc	AA	shared	expression_nearest_gene	chr5_179804906_179805237	chr5	179804906	179805237	Heritable	0.100687970679591	1	1	0	0	0.947533527233908	0.997818244032116	0.0093400430872066	-0.0093400430872066
all_individuals	dlpfc	AA	shared	expression_nearest_gene	chr5_179870440_179870644	chr5	179870440	179870644	Heritable	0.132386840266705	1	1	0	0	0.998946221142126	0.999759847767018	0.000206555026046829	-0.000206555026046829
all_individuals	dlpfc	AA	shared	expression_nearest_gene	chr5_179879519_179880236	chr5	179879519	179880236	Heritable	0.104884165766934	1	1	0	0	0.889740272580733	0.997818244032116	0.0199043784045152	-0.0199043784045152
all_individuals	dlpfc	AA	shared	expression_nearest_gene	chr5_179906376_179906676	chr5	179906376	179906676	Heritable	0.122049902129606	1	1	0	0	0.858794078730046	0.997818244032116	0.0280121621501799	-0.0280121621501799
all_individuals	dlpfc	AA	shared	expression_nearest_gene	chr5_179912394_179913182	chr5	179912394	179913182	Non-heritable	0.0942564380212978	1	1	0	0	0.778459530456631	0.997818244032116	0.0401282416247923	-0.0401282416247923
all_individuals	dlpfc	AA	shared	expression_nearest_gene	chr5_180099098_180099386	chr5	180099098	180099386	Heritable	0.156812031768308	1	1	0	0	0.453342238012658	0.997818244032116	0.250311488793729	-0.250311488793729
all_individuals	dlpfc	AA	shared	expression_nearest_gene	chr5_180131389_180132348	chr5	180131389	180132348	Heritable	0.118327257211984	1	1	0	0	0.284818153814072	0.982732919677553	0.340909916504883	-0.340909916504883
all_individuals	dlpfc	AA	shared	expression_nearest_gene	chr5_180161175_180162437	chr5	180161175	180162437	Heritable	0.14474917437057	1	1	0	0	0.348362202365921	0.997818244032116	0.302437473672423	-0.302437473672423
all_individuals	dlpfc	AA	shared	expression_nearest_gene	chr5_180194614_180195145	chr5	180194614	180195145	Heritable	0.10840396280202	1	1	0	0	0.223967878517309	0.945014449508517	0.366943539255548	-0.366943539255548
all_individuals	dlpfc	AA	shared	expression_nearest_gene	chr5_180197019_180197313	chr5	180197019	180197313	Heritable	0.128928380787989	1	1	0	0	0.33848455680682	0.997818244032116	0.341585076831331	-0.341585076831331
all_individuals	dlpfc	AA	shared	expression_nearest_gene	chr5_180206453_180208039	chr5	180206453	180208039	Heritable	0.107520943667262	1	1	0	0	0.233444403889954	0.947930352176406	0.397454631994802	-0.397454631994802
all_individuals	dlpfc	AA	shared	expression_nearest_gene	chr5_180313482_180314596	chr5	180313482	180314596	Heritable	0.660264872656535	1	1	0	0	0.0254893036452646	0.558033683376686	0.242012357591693	-0.242012357591693
all_individuals	dlpfc	AA	shared	expression_nearest_gene	chr5_180343954_180344331	chr5	180343954	180344331	Heritable	0.108127219166846	1	1	0	0	0.492972171069468	0.997818244032116	0.175845932152303	0.175845932152303
all_individuals	dlpfc	AA	shared	expression_nearest_gene	chr5_180975447_180977350	chr5	180975447	180977350	Heritable	0.103898008853031	1	1	0	0	0.0692289352192204	0.817115709865458	0.124614107306499	-0.124614107306499
all_individuals	dlpfc	AA	shared	expression_nearest_gene	chr5_180991203_180993949	chr5	180991203	180993949	Heritable	0.162258604086864	1	1	0	0	0.10877671755427	0.883990562377908	0.103823412549244	-0.103823412549244
all_individuals	dlpfc	AA	shared	expression_nearest_gene	chr5_181069915_181070946	chr5	181069915	181070946	Heritable	0.161706441393886	1	1	0	0	0.718095340019158	0.997818244032116	0.157483653202519	0.157483653202519
all_individuals	dlpfc	AA	shared	expression_nearest_gene	chr5_181104128_181104402	chr5	181104128	181104402	Heritable	0.185150207754103	1	1	0	0	0.355305927813312	0.997818244032116	0.0184263091649497	0.0184263091649497
all_individuals	dlpfc	AA	shared	expression_nearest_gene	chr5_181160686_181161538	chr5	181160686	181161538	Heritable	0.107434979780751	1	1	0	0	0.287197419412475	0.982732919677553	0.00701637377699166	-0.00701637377699166
all_individuals	dlpfc	AA	shared	expression_nearest_gene	chr5_181182964_181183751	chr5	181182964	181183751	Heritable	0.207920309096417	1	1	0	0	0.0120187675027826	0.358142578850279	0.513317921218927	0.513317921218927
all_individuals	dlpfc	AA	shared	expression_nearest_gene	chr5_181216002_181216366	chr5	181216002	181216366	Heritable	0.220676716516075	1	1	0	0	0.52067209058582	0.997818244032116	0.105940851769656	0.105940851769656
all_individuals	dlpfc	AA	shared	expression_nearest_gene	chr5_1867751_1867928	chr5	1867751	1867928	Heritable	0.25899632711424	1	1	0	0	0.852421150569986	0.997818244032116	0.00129734372818911	-0.00129734372818911
all_individuals	dlpfc	AA	shared	expression_nearest_gene	chr5_2524649_2525068	chr5	2524649	2525068	Heritable	0.138701457459715	1	1	0	0	0.451751740789606	0.997818244032116	0.0072856149263407	0.0072856149263407
all_individuals	dlpfc	AA	shared	expression_nearest_gene	chr5_29457338_29457485	chr5	29457338	29457485	Heritable	0.450062239967197	1	1	0	0	0.280357501640943	0.980483660900014	0.0131589774916362	0.0131589774916362
all_individuals	dlpfc	AA	shared	expression_nearest_gene	chr5_31783286_31784309	chr5	31783286	31784309	Heritable	0.111150641167969	1	1	0	0	0.663680036446584	0.997818244032116	0.103897983038657	-0.103897983038657
all_individuals	dlpfc	AA	shared	expression_nearest_gene	chr5_31886842_31887627	chr5	31886842	31887627	Heritable	0.17563731656756	1	1	0	0	0.959839390315496	0.997818244032116	0.0124722414963827	-0.0124722414963827
all_individuals	dlpfc	AA	shared	expression_nearest_gene	chr5_32027594_32028185	chr5	32027594	32028185	Heritable	0.108601782611068	1	1	0	0	0.335714870659322	0.997818244032116	0.276219172619548	0.276219172619548
all_individuals	dlpfc	AA	shared	expression_nearest_gene	chr5_3592728_3592960	chr5	3592728	3592960	Heritable	0.149772589043177	1	1	0	0	0.993846605893756	0.999523316452554	0.000288187627336122	-0.000288187627336122
all_individuals	dlpfc	AA	shared	expression_nearest_gene	chr5_37755327_37756012	chr5	37755327	37756012	Heritable	0.136265721359822	1	1	0	0	0.870762915500139	0.997818244032116	0.02488014244026	-0.02488014244026
all_individuals	dlpfc	AA	shared	expression_nearest_gene	chr5_37836017_37836461	chr5	37836017	37836461	Heritable	0.138614182457169	1	1	0	0	0.323616573963589	0.993794852697277	0.203434105269953	0.203434105269953
all_individuals	dlpfc	AA	shared	expression_nearest_gene	chr5_39425823_39426296	chr5	39425823	39426296	Heritable	0.164114992533611	1	1	0	0	0.371535338527317	0.997818244032116	0.255766708540758	-0.255766708540758
all_individuals	dlpfc	AA	shared	expression_nearest_gene	chr5_40835977_40836257	chr5	40835977	40836257	Heritable	0.184679692902353	1	1	0	0	0.722936063790872	0.997818244032116	0.046882144319369	-0.046882144319369
all_individuals	dlpfc	AA	shared	expression_nearest_gene	chr5_42924037_42924408	chr5	42924037	42924408	Non-heritable	0.0965825110116775	1	1	0	0	0.318641499484948	0.989356493697476	0.377480064983384	0.377480064983384
all_individuals	dlpfc	AA	shared	expression_nearest_gene	chr5_43038272_43038841	chr5	43038272	43038841	Heritable	0.121742778730783	1	1	0	0	0.103513231055952	0.874360776498213	0.458843347692856	0.458843347692856
all_individuals	dlpfc	AA	shared	expression_nearest_gene	chr5_5218296_5219030	chr5	5218296	5219030	Heritable	0.139462023988839	1	1	0	0	0.599124747173965	0.997818244032116	0.198884851914773	0.198884851914773
all_individuals	dlpfc	AA	shared	expression_nearest_gene	chr5_5304499_5304880	chr5	5304499	5304880	Heritable	0.112777144336716	1	1	0	0	0.729783682270144	0.997818244032116	0.101688606711619	-0.101688606711619
all_individuals	dlpfc	AA	shared	expression_nearest_gene	chr5_55230097_55230945	chr5	55230097	55230945	Heritable	0.140251758866396	1	1	0	0	0.406498831502902	0.997818244032116	0.272316491790849	0.272316491790849
all_individuals	dlpfc	AA	shared	expression_nearest_gene	chr5_55602509_55604136	chr5	55602509	55604136	Heritable	0.101605126329494	1	1	0	0	0.613762199551066	0.997818244032116	0.068296777520672	-0.068296777520672
all_individuals	dlpfc	AA	shared	expression_nearest_gene	chr5_56375118_56375469	chr5	56375118	56375469	Heritable	0.135427391884161	1	1	0	0	0.477020146674375	0.997818244032116	0.186885940164197	-0.186885940164197
all_individuals	dlpfc	AA	shared	expression_nearest_gene	chr5_59040245_59040532	chr5	59040245	59040532	Heritable	0.173391503814486	1	1	0	0	0.368699654243188	0.997818244032116	0.106136118158041	0.106136118158041
all_individuals	dlpfc	AA	shared	expression_nearest_gene	chr5_62224102_62224136	chr5	62224102	62224136	Heritable	0.167772080190786	1	1	0	0	0.42515798593705	0.997818244032116	0.113434717136641	-0.113434717136641
all_individuals	dlpfc	AA	shared	expression_nearest_gene	chr5_64507778_64507997	chr5	64507778	64507997	Heritable	0.15029010376072	1	1	0	0	0.379229336971129	0.997818244032116	0.143566533486058	0.143566533486058
all_individuals	dlpfc	AA	shared	expression_nearest_gene	chr5_65035005_65035132	chr5	65035005	65035132	Non-heritable	0.0824821297706194	1	1	0	0	0.315132134922632	0.985786328555555	0.156489626799033	0.156489626799033
all_individuals	dlpfc	AA	shared	expression_nearest_gene	chr5_6521950_6522711	chr5	6521950	6522711	Heritable	0.127995757778761	1	1	0	0	0.659993780755532	0.997818244032116	0.112901295467509	0.112901295467509
all_individuals	dlpfc	AA	shared	expression_nearest_gene	chr5_65818037_65818790	chr5	65818037	65818790	Heritable	0.114497738785324	1	1	0	0	0.660855504266378	0.997818244032116	0.0583982403710266	0.0583982403710266
all_individuals	dlpfc	AA	shared	expression_nearest_gene	chr5_6601541_6602486	chr5	6601541	6602486	Heritable	0.120522118473569	1	1	0	0	0.829055800524156	0.997818244032116	0.0488907658360169	0.0488907658360169
all_individuals	dlpfc	AA	shared	expression_nearest_gene	chr5_6604063_6605255	chr5	6604063	6605255	Heritable	0.174512319775825	1	1	0	0	0.686382006193415	0.997818244032116	0.0850144937178854	0.0850144937178854
all_individuals	dlpfc	AA	shared	expression_nearest_gene	chr5_66146015_66146091	chr5	66146015	66146091	Heritable	0.176478700542712	1	1	0	0	0.741123679381776	0.997818244032116	0.0641492505714965	-0.0641492505714965
all_individuals	dlpfc	AA	shared	expression_nearest_gene	chr5_68188087_68188751	chr5	68188087	68188751	Heritable	0.114277363868179	1	1	0	0	0.377008123017163	0.997818244032116	0.0386635367581146	-0.0386635367581146
all_individuals	dlpfc	AA	shared	expression_nearest_gene	chr5_69074870_69075189	chr5	69074870	69075189	Heritable	0.14663861114452	1	1	0	0	0.142938468710246	0.886987978379458	0.207884823216741	0.207884823216741
all_individuals	dlpfc	AA	shared	expression_nearest_gene	chr5_72109705_72110552	chr5	72109705	72110552	Heritable	0.116276989982225	1	1	0	0	0.219606996777787	0.945014449508517	0.335243307197034	-0.335243307197034
all_individuals	dlpfc	AA	shared	expression_nearest_gene	chr5_72242201_72243096	chr5	72242201	72243096	Heritable	0.112492473252267	1	1	0	0	0.632529471658104	0.997818244032116	0.0645933760433906	-0.0645933760433906
all_individuals	dlpfc	AA	shared	expression_nearest_gene	chr5_73965221_73965677	chr5	73965221	73965677	Heritable	0.548640331920065	1	1	0	0	0.236144634264322	0.948964195705265	0.275776082064061	0.275776082064061
all_individuals	dlpfc	AA	shared	expression_nearest_gene	chr5_74638788_74639505	chr5	74638788	74639505	Heritable	0.101987968018672	1	1	0	0	0.263058404038249	0.968912971440453	0.241334142888377	0.241334142888377
all_individuals	dlpfc	AA	shared	expression_nearest_gene	chr5_74798920_74799593	chr5	74798920	74799593	Non-heritable	0.091547353638027	1	1	0	0	0.282402300995468	0.980841969484429	0.129366397694298	-0.129366397694298
all_individuals	dlpfc	AA	shared	expression_nearest_gene	chr5_75612287_75612506	chr5	75612287	75612506	Heritable	0.457949520030346	1	1	0	0	0.022793175266275	0.527075946919533	0.361265547254322	0.361265547254322
all_individuals	dlpfc	AA	shared	expression_nearest_gene	chr5_77843879_77844105	chr5	77843879	77844105	Heritable	0.104251586110048	1	1	0	0	0.158112518511484	0.91025328674185	0.231156317540819	0.231156317540819
all_individuals	dlpfc	AA	shared	expression_nearest_gene	chr5_77848046_77848520	chr5	77848046	77848520	Heritable	0.122455430571693	1	1	0	0	0.285147646860575	0.982732919677553	0.186338579530098	0.186338579530098
all_individuals	dlpfc	AA	shared	expression_nearest_gene	chr5_78509931_78509981	chr5	78509931	78509981	Heritable	0.143731223682932	1	1	0	0	0.128545456243268	0.885502111448744	0.439571884349995	-0.439571884349995
all_individuals	dlpfc	AA	shared	expression_nearest_gene	chr5_78908282_78908764	chr5	78908282	78908764	Heritable	0.134425798353557	1	1	0	0	0.250948646166961	0.958038504795448	0.198825716139876	0.198825716139876
all_individuals	dlpfc	AA	shared	expression_nearest_gene	chr5_80198481_80198617	chr5	80198481	80198617	Heritable	0.112526156779123	1	1	0	0	0.362657204897119	0.997818244032116	0.218307957701022	0.218307957701022
all_individuals	dlpfc	AA	shared	expression_nearest_gene	chr5_80253405_80254250	chr5	80253405	80254250	Heritable	0.137945855297112	1	1	0	0	0.904333252969779	0.997818244032116	0.0271367918120049	0.0271367918120049
all_individuals	dlpfc	AA	shared	expression_nearest_gene	chr5_80615584_80616116	chr5	80615584	80616116	Heritable	0.113563343842998	1	1	0	0	0.317507066824254	0.988695808231402	0.0729697657301973	0.0729697657301973
all_individuals	dlpfc	AA	shared	expression_nearest_gene	chr5_81194256_81194763	chr5	81194256	81194763	Heritable	0.196296359189558	1	1	0	0	0.121425535196324	0.885502111448744	0.336571532096507	-0.336571532096507
all_individuals	dlpfc	AA	shared	expression_nearest_gene	chr5_81209739_81210192	chr5	81209739	81210192	Heritable	0.125644583122755	1	1	0	0	0.280866071779308	0.980483660900014	0.349297314888382	0.349297314888382
all_individuals	dlpfc	AA	shared	expression_nearest_gene	chr5_8456898_8458396	chr5	8456898	8458396	Non-heritable	0.0752974144864218	1	1	1	1	4.37961427520652e-08	5.87278901715974e-06	1.56563007382942	-1.56563007382942
all_individuals	dlpfc	AA	shared	expression_nearest_gene	chr5_88679067_88679871	chr5	88679067	88679871	Heritable	0.195288280331978	1	1	0	0	0.7995680123128	0.997818244032116	0.0515510693398316	0.0515510693398316
all_individuals	dlpfc	AA	shared	expression_nearest_gene	chr5_88681389_88682974	chr5	88681389	88682974	Heritable	0.120273543628653	1	1	0	0	0.684330736684534	0.997818244032116	0.074476804165843	-0.074476804165843
all_individuals	dlpfc	AA	shared	expression_nearest_gene	chr5_88686334_88689183	chr5	88686334	88689183	Heritable	0.10493841803508	1	1	0	0	0.724544036740622	0.997818244032116	0.0785901653481069	0.0785901653481069
all_individuals	dlpfc	AA	shared	expression_nearest_gene	chr5_88872977_88873418	chr5	88872977	88873418	Heritable	0.169604484510267	1	1	0	0	0.448816152704826	0.997818244032116	0.136676697656881	-0.136676697656881
all_individuals	dlpfc	AA	shared	expression_nearest_gene	chr5_93578633_93578814	chr5	93578633	93578814	Heritable	0.132812969753257	1	1	0	0	0.154252869669486	0.90562350969366	0.311348010270024	-0.311348010270024
all_individuals	dlpfc	AA	shared	expression_nearest_gene	chr5_93586203_93588126	chr5	93586203	93588126	Heritable	0.128098767887157	1	1	0	0	0.042540738659916	0.738677489633259	0.378573990380637	-0.378573990380637
all_individuals	dlpfc	AA	shared	expression_nearest_gene	chr5_93594532_93595540	chr5	93594532	93595540	Heritable	0.100983171106118	1	1	0	0	0.216967771308908	0.945014449508517	0.229471101035189	-0.229471101035189
all_individuals	dlpfc	AA	shared	expression_nearest_gene	chr5_9543068_9543724	chr5	9543068	9543724	Heritable	0.114682749514912	1	1	0	0	0.14434097515706	0.886987978379458	0.226898096601161	-0.226898096601161
all_individuals	dlpfc	AA	shared	expression_nearest_gene	chr5_95823423_95823816	chr5	95823423	95823816	Heritable	0.118500253549286	1	1	0	0	0.609286938031439	0.997818244032116	0.104115806596027	0.104115806596027
all_individuals	dlpfc	AA	shared	expression_nearest_gene	chr5_96661135_96661356	chr5	96661135	96661356	Heritable	0.107329566459752	1	1	0	0	0.412701974075981	0.997818244032116	0.173182243547083	-0.173182243547083
all_individuals	dlpfc	AA	shared	expression_nearest_gene	chr5_96924690_96924849	chr5	96924690	96924849	Heritable	0.120032149597722	1	1	0	0	0.172374360432463	0.911713995663319	0.262482313550002	0.262482313550002
all_individuals	dlpfc	AA	shared	expression_nearest_gene	chr6_101403671_101405125	chr6	101403671	101405125	Heritable	0.104622687196534	1	1	0	0	0.450751844641124	0.997818244032116	0.168265205104293	-0.168265205104293
all_individuals	dlpfc	AA	shared	expression_nearest_gene	chr6_10693484_10693880	chr6	10693484	10693880	Heritable	0.286301882497147	1	1	0	0	0.131246642479935	0.885502111448744	0.33550359526172	-0.33550359526172
all_individuals	dlpfc	AA	shared	expression_nearest_gene	chr6_107101932_107102745	chr6	107101932	107102745	Non-heritable	0.0638317679089007	1	1	0	0	0.0148191436884665	0.412915230955906	0.651272392909794	-0.651272392909794
all_individuals	dlpfc	AA	shared	expression_nearest_gene	chr6_10723883_10724206	chr6	10723883	10724206	Heritable	0.290789797575546	1	1	0	0	0.299154896331264	0.985760877676827	0.213657927639393	0.213657927639393
all_individuals	dlpfc	AA	shared	expression_nearest_gene	chr6_107666490_107667047	chr6	107666490	107667047	Heritable	0.127273927865126	1	1	0	0	0.754606647242161	0.997818244032116	0.0442225372828133	0.0442225372828133
all_individuals	dlpfc	AA	shared	expression_nearest_gene	chr6_107676139_107676377	chr6	107676139	107676377	Heritable	0.152954009439919	1	1	0	0	0.208434428146396	0.934398228366064	0.151268021943213	0.151268021943213
all_individuals	dlpfc	AA	shared	expression_nearest_gene	chr6_108175373_108176480	chr6	108175373	108176480	Heritable	0.109469334759705	1	1	0	0	0.335030156551411	0.997818244032116	0.224329103945692	0.224329103945692
all_individuals	dlpfc	AA	shared	expression_nearest_gene	chr6_108798043_108800828	chr6	108798043	108800828	Heritable	0.102768660921493	1	1	0	0	0.810445043045113	0.997818244032116	0.0608988665486816	0.0608988665486816
all_individuals	dlpfc	AA	shared	expression_nearest_gene	chr6_109274869_109277009	chr6	109274869	109277009	Heritable	0.433548680177949	1	1	0	0	0.0347565516077412	0.667319103903534	0.113510837447454	-0.113510837447454
all_individuals	dlpfc	AA	shared	expression_nearest_gene	chr6_110358808_110359084	chr6	110358808	110359084	Non-heritable	0.0398206076413044	1	1	0	0	0.760324704639973	0.997818244032116	0.0771222870976773	-0.0771222870976773
all_individuals	dlpfc	AA	shared	expression_nearest_gene	chr6_110399515_110400146	chr6	110399515	110400146	Heritable	0.244540744844177	1	1	0	0	0.0041375905450841	0.158521437758535	0.612666307538782	0.612666307538782
all_individuals	dlpfc	AA	shared	expression_nearest_gene	chr6_11196675_11197152	chr6	11196675	11197152	Heritable	0.114193808174175	1	1	0	0	0.360395922791126	0.997818244032116	0.286512974564731	-0.286512974564731
all_individuals	dlpfc	AA	shared	expression_nearest_gene	chr6_112144627_112144919	chr6	112144627	112144919	Heritable	0.145449435031364	1	1	0	0	0.0726072652986791	0.825169211627768	0.324596924705677	0.324596924705677
all_individuals	dlpfc	AA	shared	expression_nearest_gene	chr6_1135433_1136699	chr6	1135433	1136699	Heritable	0.104365443497831	1	1	0	0	0.87713636230609	0.997818244032116	0.0661598455786674	-0.0661598455786674
all_individuals	dlpfc	AA	shared	expression_nearest_gene	chr6_116251773_116252268	chr6	116251773	116252268	Non-heritable	0.0732189958044364	1	1	0	0	0.49823834002395	0.997818244032116	0.114998841973179	-0.114998841973179
all_individuals	dlpfc	AA	shared	expression_nearest_gene	chr6_116564966_116565251	chr6	116564966	116565251	Heritable	0.169900540263558	1	1	0	0	0.173309488648241	0.911713995663319	0.0698846387205919	0.0698846387205919
all_individuals	dlpfc	AA	shared	expression_nearest_gene	chr6_116682201_116682589	chr6	116682201	116682589	Heritable	0.188400399747951	1	1	0	0	0.996845311641326	0.999640858203536	0.000528382931168636	-0.000528382931168636
all_individuals	dlpfc	AA	shared	expression_nearest_gene	chr6_116764577_116764637	chr6	116764577	116764637	Heritable	0.147269554819098	1	1	0	0	0.839160612338422	0.997818244032116	0.0519075026786742	-0.0519075026786742
all_individuals	dlpfc	AA	shared	expression_nearest_gene	chr6_118709160_118710660	chr6	118709160	118710660	Heritable	0.119474070615895	1	1	0	0	0.78418878640684	0.997818244032116	0.0449404471818511	-0.0449404471818511
all_individuals	dlpfc	AA	shared	expression_nearest_gene	chr6_12211386_12212924	chr6	12211386	12212924	Heritable	0.323758413154465	1	1	0	0	0.282983537222494	0.980841969484429	0.137436759646493	-0.137436759646493
all_individuals	dlpfc	AA	shared	expression_nearest_gene	chr6_1255355_1256147	chr6	1255355	1256147	Heritable	0.158786548254011	1	1	0	0	0.0713884573989002	0.824718295520025	0.545041465521447	0.545041465521447
all_individuals	dlpfc	AA	shared	expression_nearest_gene	chr6_129172433_129173661	chr6	129172433	129173661	Heritable	0.509169324764922	1	1	0	0	0.371667945287743	0.997818244032116	0.186463856088399	0.186463856088399
all_individuals	dlpfc	AA	shared	expression_nearest_gene	chr6_129314750_129315437	chr6	129314750	129315437	Heritable	0.13309253727855	1	1	0	0	0.725883211746984	0.997818244032116	0.110894689424135	-0.110894689424135
all_individuals	dlpfc	AA	shared	expression_nearest_gene	chr6_131494871_131495216	chr6	131494871	131495216	Heritable	0.230696551555857	1	1	0	0	0.023870932650949	0.536283623063991	0.424818382863631	0.424818382863631
all_individuals	dlpfc	AA	shared	expression_nearest_gene	chr6_132279661_132279954	chr6	132279661	132279954	Heritable	0.169584666420996	1	1	0	0	0.258268878162495	0.964672006403031	0.335712669771549	0.335712669771549
all_individuals	dlpfc	AA	shared	expression_nearest_gene	chr6_13281784_13282161	chr6	13281784	13282161	Heritable	0.106376661010656	1	1	0	0	0.136312938165665	0.886987978379458	0.416195917129687	-0.416195917129687
all_individuals	dlpfc	AA	shared	expression_nearest_gene	chr6_13397035_13397917	chr6	13397035	13397917	Heritable	0.181859943890697	1	1	0	0	0.564318797316874	0.997818244032116	0.10311829689004	-0.10311829689004
all_individuals	dlpfc	AA	shared	expression_nearest_gene	chr6_134170983_134173240	chr6	134170983	134173240	Heritable	0.176183113584252	1	1	0	0	0.446991241597816	0.997818244032116	0.337108275856124	0.337108275856124
all_individuals	dlpfc	AA	shared	expression_nearest_gene	chr6_134436506_134436684	chr6	134436506	134436684	Heritable	0.163107420501754	1	1	0	0	0.854872954415663	0.997818244032116	0.0657827198949375	0.0657827198949375
all_individuals	dlpfc	AA	shared	expression_nearest_gene	chr6_134630637_134631738	chr6	134630637	134631738	Heritable	0.153861895413912	1	1	0	0	0.158013021301875	0.91025328674185	0.38944479587723	0.38944479587723
all_individuals	dlpfc	AA	shared	expression_nearest_gene	chr6_13484335_13484977	chr6	13484335	13484977	Heritable	0.101305695564484	1	1	0	0	0.439184500303354	0.997818244032116	0.139806778014027	-0.139806778014027
all_individuals	dlpfc	AA	shared	expression_nearest_gene	chr6_134909148_134909807	chr6	134909148	134909807	Heritable	0.104659436497708	1	1	0	0	0.659108872233354	0.997818244032116	0.192143670263576	-0.192143670263576
all_individuals	dlpfc	AA	shared	expression_nearest_gene	chr6_13787239_13787469	chr6	13787239	13787469	Heritable	0.172786847838914	1	1	0	0	0.886384217651268	0.997818244032116	0.0146132403686678	-0.0146132403686678
all_individuals	dlpfc	AA	shared	expression_nearest_gene	chr6_138106041_138106554	chr6	138106041	138106554	Heritable	0.154975437154328	1	1	0	0	0.693013098932616	0.997818244032116	0.12613109385314	0.12613109385314
all_individuals	dlpfc	AA	shared	expression_nearest_gene	chr6_138163419_138164005	chr6	138163419	138164005	Heritable	0.113192336051237	1	1	0	0	0.92393005019378	0.997818244032116	0.0148710826185585	0.0148710826185585
all_individuals	dlpfc	AA	shared	expression_nearest_gene	chr6_138324046_138324409	chr6	138324046	138324409	Heritable	0.106012737421175	1	1	0	0	0.237214871079553	0.949401940087826	0.199391271472905	-0.199391271472905
all_individuals	dlpfc	AA	shared	expression_nearest_gene	chr6_138334086_138334444	chr6	138334086	138334444	Heritable	0.154562307162815	1	1	0	0	0.130036741115107	0.885502111448744	0.241244460181136	-0.241244460181136
all_individuals	dlpfc	AA	shared	expression_nearest_gene	chr6_138431561_138432393	chr6	138431561	138432393	Heritable	0.127784911683562	1	1	0	0	0.635077990775647	0.997818244032116	0.0935031985979959	-0.0935031985979959
all_individuals	dlpfc	AA	shared	expression_nearest_gene	chr6_139472904_139474419	chr6	139472904	139474419	Heritable	0.144816883135057	1	1	0	0	0.841431342464522	0.997818244032116	0.0477368841558024	-0.0477368841558024
all_individuals	dlpfc	AA	shared	expression_nearest_gene	chr6_14210191_14210463	chr6	14210191	14210463	Heritable	0.116254048823503	1	1	0	0	0.476228265063204	0.997818244032116	0.0482927746442739	0.0482927746442739
all_individuals	dlpfc	AA	shared	expression_nearest_gene	chr6_1424421_1424994	chr6	1424421	1424994	Non-heritable	0.0707248559187794	1	1	0	0	0.158949780380923	0.911713995663319	0.372493320707699	-0.372493320707699
all_individuals	dlpfc	AA	shared	expression_nearest_gene	chr6_147516523_147518637	chr6	147516523	147518637	Heritable	0.212222227594076	1	1	0	0	0.460994419893796	0.997818244032116	0.176918348034768	0.176918348034768
all_individuals	dlpfc	AA	shared	expression_nearest_gene	chr6_148530602_148530801	chr6	148530602	148530801	Heritable	0.113557798485275	1	1	0	0	0.236101367551829	0.948964195705265	0.191893780828735	0.191893780828735
all_individuals	dlpfc	AA	shared	expression_nearest_gene	chr6_149748970_149749518	chr6	149748970	149749518	Heritable	0.111168290290535	1	1	0	0	0.417228186224037	0.997818244032116	0.0821481098873456	-0.0821481098873456
all_individuals	dlpfc	AA	shared	expression_nearest_gene	chr6_149980271_149983588	chr6	149980271	149983588	Heritable	0.281534876451443	1	1	1	1	8.09436908823783e-07	8.26974708514965e-05	0.876477267946464	0.876477267946464
all_individuals	dlpfc	AA	shared	expression_nearest_gene	chr6_149985991_149987482	chr6	149985991	149987482	Heritable	0.291837184407662	1	1	0	0	0.676691994545544	0.997818244032116	0.0120263959067565	0.0120263959067565
all_individuals	dlpfc	AA	shared	expression_nearest_gene	chr6_150873930_150874399	chr6	150873930	150874399	Heritable	0.103663332809652	1	1	0	0	0.221829440293246	0.945014449508517	0.215544836888014	-0.215544836888014
all_individuals	dlpfc	AA	shared	expression_nearest_gene	chr6_150907393_150907586	chr6	150907393	150907586	Heritable	0.112385064122205	1	1	0	0	0.420062218391345	0.997818244032116	0.128676457802712	-0.128676457802712
all_individuals	dlpfc	AA	shared	expression_nearest_gene	chr6_151045091_151045966	chr6	151045091	151045966	Heritable	0.147630425176958	1	1	0	0	0.138172930836318	0.886987978379458	0.259971586307948	-0.259971586307948
all_individuals	dlpfc	AA	shared	expression_nearest_gene	chr6_151340477_151340873	chr6	151340477	151340873	Non-heritable	0.099372171476175	1	1	0	0	0.102406348758917	0.868906406217649	0.265422999351472	-0.265422999351472
all_individuals	dlpfc	AA	shared	expression_nearest_gene	chr6_152154774_152155404	chr6	152154774	152155404	Heritable	0.11195212251422	1	1	0	0	0.958215709877893	0.997818244032116	0.00798512896616899	0.00798512896616899
all_individuals	dlpfc	AA	shared	expression_nearest_gene	chr6_15501657_15502082	chr6	15501657	15502082	Heritable	0.138669183555188	1	1	0	0	0.558281313492966	0.997818244032116	0.0679271929135759	-0.0679271929135759
all_individuals	dlpfc	AA	shared	expression_nearest_gene	chr6_15513709_15514638	chr6	15513709	15514638	Non-heritable	0.0768175299641355	1	1	0	0	0.724314778242294	0.997818244032116	0.0441053450033291	-0.0441053450033291
all_individuals	dlpfc	AA	shared	expression_nearest_gene	chr6_155171104_155172230	chr6	155171104	155172230	Heritable	0.144718777439955	1	1	0	0	0.471100164041284	0.997818244032116	0.179494918615616	-0.179494918615616
all_individuals	dlpfc	AA	shared	expression_nearest_gene	chr6_155440969_155441201	chr6	155440969	155441201	Heritable	0.120167008870012	1	1	0	0	0.473398454785297	0.997818244032116	0.0530718014474604	0.0530718014474604
all_individuals	dlpfc	AA	shared	expression_nearest_gene	chr6_156720105_156720216	chr6	156720105	156720216	Heritable	0.100848740143105	1	1	0	0	0.805873621666842	0.997818244032116	0.0436218355696916	-0.0436218355696916
all_individuals	dlpfc	AA	shared	expression_nearest_gene	chr6_156953306_156953800	chr6	156953306	156953800	Heritable	0.128613499277515	1	1	0	0	0.950022681191966	0.997818244032116	0.011707533891272	-0.011707533891272
all_individuals	dlpfc	AA	shared	expression_nearest_gene	chr6_157648510_157648931	chr6	157648510	157648931	Heritable	0.134744079727145	1	1	0	0	0.392845014331468	0.997818244032116	0.160313053521737	-0.160313053521737
all_individuals	dlpfc	AA	shared	expression_nearest_gene	chr6_157900441_157900988	chr6	157900441	157900988	Heritable	0.108287080028955	1	1	0	0	0.849588751287385	0.997818244032116	0.0229294225037364	0.0229294225037364
all_individuals	dlpfc	AA	shared	expression_nearest_gene	chr6_157982547_157983176	chr6	157982547	157983176	Non-heritable	0.0772289205849127	1	1	0	0	0.480518639996522	0.997818244032116	0.11753894488114	0.11753894488114
all_individuals	dlpfc	AA	shared	expression_nearest_gene	chr6_157989536_157990350	chr6	157989536	157990350	Heritable	0.102522625800251	1	1	0	0	0.713586412826958	0.997818244032116	0.0640019227104247	-0.0640019227104247
all_individuals	dlpfc	AA	shared	expression_nearest_gene	chr6_158043738_158044497	chr6	158043738	158044497	Non-heritable	0.0730826157742624	1	1	0	0	0.466549285838378	0.997818244032116	0.122964535248947	-0.122964535248947
all_individuals	dlpfc	AA	shared	expression_nearest_gene	chr6_158209735_158210309	chr6	158209735	158210309	Heritable	0.509913261182213	1	1	0	0	0.0359171537169486	0.678944962993067	0.269385536174287	0.269385536174287
all_individuals	dlpfc	AA	shared	expression_nearest_gene	chr6_158284840_158285921	chr6	158284840	158285921	Heritable	0.156817568500152	1	1	0	0	0.207415614808219	0.934398228366064	0.116073412766866	0.116073412766866
all_individuals	dlpfc	AA	shared	expression_nearest_gene	chr6_158548438_158548841	chr6	158548438	158548841	Heritable	0.115785583551701	1	1	0	0	0.869601765099187	0.997818244032116	0.0153901434610368	0.0153901434610368
all_individuals	dlpfc	AA	shared	expression_nearest_gene	chr6_158607732_158608336	chr6	158607732	158608336	Heritable	0.102386114782617	1	1	0	0	0.276945919983126	0.97766064278196	0.114929131273605	-0.114929131273605
all_individuals	dlpfc	AA	shared	expression_nearest_gene	chr6_158703232_158703966	chr6	158703232	158703966	Heritable	0.146593461111149	1	1	0	0	0.206764599704588	0.934398228366064	0.32348205674961	-0.32348205674961
all_individuals	dlpfc	AA	shared	expression_nearest_gene	chr6_158758423_158759476	chr6	158758423	158759476	Heritable	0.386105857460497	1	1	0	0	0.130373868907546	0.885502111448744	0.363308171152508	-0.363308171152508
all_individuals	dlpfc	AA	shared	expression_nearest_gene	chr6_158770319_158770829	chr6	158770319	158770829	Heritable	0.117193380330889	1	1	0	0	0.761342425099597	0.997818244032116	0.0590084532723054	-0.0590084532723054
all_individuals	dlpfc	AA	shared	expression_nearest_gene	chr6_158910289_158910848	chr6	158910289	158910848	Heritable	0.11465687073913	1	1	0	0	0.68211330880518	0.997818244032116	0.0537472508917332	0.0537472508917332
all_individuals	dlpfc	AA	shared	expression_nearest_gene	chr6_159229634_159229990	chr6	159229634	159229990	Heritable	0.140639101387091	1	1	0	0	0.968735525347074	0.997818244032116	0.00824805120637573	-0.00824805120637573
all_individuals	dlpfc	AA	shared	expression_nearest_gene	chr6_159421783_159422364	chr6	159421783	159422364	Heritable	0.103702889987691	1	1	0	0	0.864971528768749	0.997818244032116	0.00221993023284613	-0.00221993023284613
all_individuals	dlpfc	AA	shared	expression_nearest_gene	chr6_159761061_159761425	chr6	159761061	159761425	Heritable	0.171174033771676	1	1	0	0	0.358360950610918	0.997818244032116	0.283819850357133	-0.283819850357133
all_individuals	dlpfc	AA	shared	expression_nearest_gene	chr6_161318553_161319551	chr6	161318553	161319551	Heritable	0.144695414367854	1	1	0	0	0.286674193198161	0.982732919677553	0.190116064302501	0.190116064302501
all_individuals	dlpfc	AA	shared	expression_nearest_gene	chr6_16295644_16296355	chr6	16295644	16296355	Heritable	0.106088611387374	1	1	0	0	0.714230660393837	0.997818244032116	0.123907711095782	-0.123907711095782
all_individuals	dlpfc	AA	shared	expression_nearest_gene	chr6_163094525_163095456	chr6	163094525	163095456	Heritable	0.368190661075414	1	1	0	0	0.444590905156656	0.997818244032116	0.173226977792567	-0.173226977792567
all_individuals	dlpfc	AA	shared	expression_nearest_gene	chr6_163148394_163149362	chr6	163148394	163149362	Heritable	0.117691911496022	1	1	0	0	0.520095656154555	0.997818244032116	0.113008832867422	0.113008832867422
all_individuals	dlpfc	AA	shared	expression_nearest_gene	chr6_163166026_163166401	chr6	163166026	163166401	Heritable	0.106823775188008	1	1	0	0	0.589309824003015	0.997818244032116	0.0988094411059812	0.0988094411059812
all_individuals	dlpfc	AA	shared	expression_nearest_gene	chr6_163189104_163190327	chr6	163189104	163190327	Heritable	0.100942983693104	1	1	0	0	0.0962847566759091	0.863770357109136	0.308635186091923	0.308635186091923
all_individuals	dlpfc	AA	shared	expression_nearest_gene	chr6_163247323_163248260	chr6	163247323	163248260	Heritable	0.110784784440733	1	1	0	0	0.507167898276032	0.997818244032116	0.13076811180569	0.13076811180569
all_individuals	dlpfc	AA	shared	expression_nearest_gene	chr6_163253933_163254978	chr6	163253933	163254978	Heritable	0.146774828317136	1	1	0	0	0.41486215845582	0.997818244032116	0.155919383393684	0.155919383393684
all_individuals	dlpfc	AA	shared	expression_nearest_gene	chr6_163259947_163260320	chr6	163259947	163260320	Heritable	0.385615425297815	1	1	0	0	0.694809140053529	0.997818244032116	0.0881889438161672	-0.0881889438161672
all_individuals	dlpfc	AA	shared	expression_nearest_gene	chr6_163323843_163325287	chr6	163323843	163325287	Heritable	0.110586105731064	1	1	0	0	0.280623574351909	0.980483660900014	0.3817100242668	0.3817100242668
all_individuals	dlpfc	AA	shared	expression_nearest_gene	chr6_163349337_163350317	chr6	163349337	163350317	Heritable	0.154628772345081	1	1	0	0	0.893733867286454	0.997818244032116	0.0423702469650884	-0.0423702469650884
all_individuals	dlpfc	AA	shared	expression_nearest_gene	chr6_163355806_163356401	chr6	163355806	163356401	Heritable	0.116149231994899	1	1	0	0	0.745333677307107	0.997818244032116	0.11191254455332	-0.11191254455332
all_individuals	dlpfc	AA	shared	expression_nearest_gene	chr6_16338965_16339562	chr6	16338965	16339562	Heritable	0.151405901342025	1	1	0	0	0.752100527943316	0.997818244032116	0.0301768218268479	-0.0301768218268479
all_individuals	dlpfc	AA	shared	expression_nearest_gene	chr6_163398308_163399056	chr6	163398308	163399056	Heritable	0.142479794372255	1	1	0	0	0.6329153580687	0.997818244032116	0.112813815672611	-0.112813815672611
all_individuals	dlpfc	AA	shared	expression_nearest_gene	chr6_163421441_163425281	chr6	163421441	163425281	Heritable	0.140729111800852	1	1	0	0	0.982411980575422	0.997818244032116	0.00464107116867041	-0.00464107116867041
all_individuals	dlpfc	AA	shared	expression_nearest_gene	chr6_163426716_163427773	chr6	163426716	163427773	Non-heritable	0.0883136718734226	1	1	0	0	0.296105106256309	0.983008463446871	0.208552978179249	0.208552978179249
all_individuals	dlpfc	AA	shared	expression_nearest_gene	chr6_163431634_163436722	chr6	163431634	163436722	Heritable	0.106503489719346	1	1	0	0	0.735973922940602	0.997818244032116	0.0728137906860482	0.0728137906860482
all_individuals	dlpfc	AA	shared	expression_nearest_gene	chr6_163437794_163439929	chr6	163437794	163439929	Heritable	0.121420090418269	1	1	0	0	0.458689090346005	0.997818244032116	0.161336510268853	0.161336510268853
all_individuals	dlpfc	AA	shared	expression_nearest_gene	chr6_163447604_163448651	chr6	163447604	163448651	Heritable	0.157033268315204	1	1	0	0	0.922569198261136	0.997818244032116	0.0202514123749893	0.0202514123749893
all_individuals	dlpfc	AA	shared	expression_nearest_gene	chr6_163450150_163450405	chr6	163450150	163450405	Heritable	0.107502440605184	1	1	0	0	0.885575153844917	0.997818244032116	0.0272370594144888	0.0272370594144888
all_individuals	dlpfc	AA	shared	expression_nearest_gene	chr6_163451711_163452916	chr6	163451711	163452916	Non-heritable	0.09507110006585	1	1	0	0	0.684600600778196	0.997818244032116	0.0768936410075511	-0.0768936410075511
all_individuals	dlpfc	AA	shared	expression_nearest_gene	chr6_163457397_163460908	chr6	163457397	163460908	Heritable	0.108451478678061	1	1	0	0	0.950292508976958	0.997818244032116	0.0148448338465741	-0.0148448338465741
all_individuals	dlpfc	AA	shared	expression_nearest_gene	chr6_163472110_163473332	chr6	163472110	163473332	Heritable	0.184293373890515	1	1	0	0	0.490753375047922	0.997818244032116	0.170864846936254	0.170864846936254
all_individuals	dlpfc	AA	shared	expression_nearest_gene	chr6_163474757_163475752	chr6	163474757	163475752	Heritable	0.127026489737257	1	1	0	0	0.132091760478757	0.886987978379458	0.360508800890614	0.360508800890614
all_individuals	dlpfc	AA	shared	expression_nearest_gene	chr6_163493036_163496700	chr6	163493036	163496700	Heritable	0.132341858310456	1	1	0	0	0.201999255141829	0.931624393086991	0.309432040215619	0.309432040215619
all_individuals	dlpfc	AA	shared	expression_nearest_gene	chr6_163498749_163500144	chr6	163498749	163500144	Heritable	0.100539307823796	1	1	0	0	0.980567621340268	0.997818244032116	0.00576722656258255	0.00576722656258255
all_individuals	dlpfc	AA	shared	expression_nearest_gene	chr6_163529589_163532972	chr6	163529589	163532972	Heritable	0.105832233127217	1	1	0	0	0.888113740802313	0.997818244032116	0.0333638242826524	-0.0333638242826524
all_individuals	dlpfc	AA	shared	expression_nearest_gene	chr6_163547498_163548798	chr6	163547498	163548798	Heritable	0.112576220327665	1	1	0	0	0.648635315319952	0.997818244032116	0.109616038273153	0.109616038273153
all_individuals	dlpfc	AA	shared	expression_nearest_gene	chr6_163568064_163568525	chr6	163568064	163568525	Heritable	0.131956583020789	1	1	0	0	0.223656125445683	0.945014449508517	0.284526728274251	0.284526728274251
all_individuals	dlpfc	AA	shared	expression_nearest_gene	chr6_163570790_163572645	chr6	163570790	163572645	Non-heritable	0.0812110597641692	1	1	0	0	0.709616075192279	0.997818244032116	0.0774548170823834	0.0774548170823834
all_individuals	dlpfc	AA	shared	expression_nearest_gene	chr6_165310090_165310522	chr6	165310090	165310522	Heritable	0.245431756024659	1	1	0	0	0.473695325849717	0.997818244032116	0.122896907752383	-0.122896907752383
all_individuals	dlpfc	AA	shared	expression_nearest_gene	chr6_165652713_165653636	chr6	165652713	165653636	Heritable	0.265342483880054	1	1	0	0	0.718235357702504	0.997818244032116	0.141598276257298	-0.141598276257298
all_individuals	dlpfc	AA	shared	expression_nearest_gene	chr6_166467417_166467843	chr6	166467417	166467843	Heritable	0.103818589199347	1	1	0	0	0.983017277564047	0.997818244032116	0.00347391077809078	-0.00347391077809078
all_individuals	dlpfc	AA	shared	expression_nearest_gene	chr6_166578655_166579599	chr6	166578655	166579599	Heritable	0.14984672606822	1	1	0	0	0.888166839746759	0.997818244032116	0.0211775825874696	0.0211775825874696
all_individuals	dlpfc	AA	shared	expression_nearest_gene	chr6_166691189_166691415	chr6	166691189	166691415	Heritable	0.107687060445409	1	1	0	0	0.967445662272514	0.997818244032116	0.00622709523471343	-0.00622709523471343
all_individuals	dlpfc	AA	shared	expression_nearest_gene	chr6_166783862_166784724	chr6	166783862	166784724	Heritable	0.106166212439462	1	1	0	0	0.423510380739248	0.997818244032116	0.121727132223914	0.121727132223914
all_individuals	dlpfc	AA	shared	expression_nearest_gene	chr6_167469845_167470389	chr6	167469845	167470389	Heritable	0.119255325584932	1	1	0	0	0.817384800101692	0.997818244032116	0.00406133736355638	0.00406133736355638
all_individuals	dlpfc	AA	shared	expression_nearest_gene	chr6_167996998_167997094	chr6	167996998	167997094	Heritable	0.103754476833903	1	1	1	1	2.22526932974846e-11	4.77431534697532e-09	4.72194294996687	-4.72194294996687
all_individuals	dlpfc	AA	shared	expression_nearest_gene	chr6_168035124_168036222	chr6	168035124	168036222	Heritable	0.104257633725333	1	1	0	0	0.0791524551007998	0.830141710561625	1.26185597608598	-1.26185597608598
all_individuals	dlpfc	AA	shared	expression_nearest_gene	chr6_168048258_168048710	chr6	168048258	168048710	Non-heritable	0.0729418411530182	1	1	0	0	0.974086955856542	0.997818244032116	0.026098726371119	-0.026098726371119
all_individuals	dlpfc	AA	shared	expression_nearest_gene	chr6_168097780_168098381	chr6	168097780	168098381	Heritable	0.161392318466987	1	1	0	0	0.385378438896989	0.997818244032116	0.045989316324795	0.045989316324795
all_individuals	dlpfc	AA	shared	expression_nearest_gene	chr6_168410578_168410629	chr6	168410578	168410629	Non-heritable	0.0735191649360221	1	1	0	0	0.888933672084608	0.997818244032116	0.0464908219367786	-0.0464908219367786
all_individuals	dlpfc	AA	shared	expression_nearest_gene	chr6_169165385_169165990	chr6	169165385	169165990	Heritable	0.244338610969437	1	1	0	0	0.177838735241959	0.911715666574967	0.103532183190571	0.103532183190571
all_individuals	dlpfc	AA	shared	expression_nearest_gene	chr6_169250628_169251178	chr6	169250628	169251178	Heritable	0.109385840741769	1	1	0	0	0.133422766089793	0.886987978379458	0.57603709645695	-0.57603709645695
all_individuals	dlpfc	AA	shared	expression_nearest_gene	chr6_169396688_169396992	chr6	169396688	169396992	Heritable	0.119631473039727	1	1	0	0	0.481315497917703	0.997818244032116	0.219942209222019	0.219942209222019
all_individuals	dlpfc	AA	shared	expression_nearest_gene	chr6_169654367_169655427	chr6	169654367	169655427	Heritable	0.1281520855926	1	1	0	0	0.38758965748522	0.997818244032116	0.163660306795173	-0.163660306795173
all_individuals	dlpfc	AA	shared	expression_nearest_gene	chr6_169838200_169838571	chr6	169838200	169838571	Heritable	0.136341792202195	1	1	0	0	0.465957665985119	0.997818244032116	0.130092247382002	0.130092247382002
all_individuals	dlpfc	AA	shared	expression_nearest_gene	chr6_169959164_169959579	chr6	169959164	169959579	Heritable	0.120719692526141	1	1	0	0	0.360391798144147	0.997818244032116	0.129545046003595	0.129545046003595
all_individuals	dlpfc	AA	shared	expression_nearest_gene	chr6_170152592_170152828	chr6	170152592	170152828	Heritable	0.263602184930639	1	1	0	0	0.185921976965427	0.919881977298429	0.200181856708678	0.200181856708678
all_individuals	dlpfc	AA	shared	expression_nearest_gene	chr6_170166359_170166742	chr6	170166359	170166742	Heritable	0.179570888912255	1	1	0	0	0.674721662585222	0.997818244032116	0.167200823426526	0.167200823426526
all_individuals	dlpfc	AA	shared	expression_nearest_gene	chr6_170230466_170230891	chr6	170230466	170230891	Heritable	0.119537907113787	1	1	0	0	0.301878265654637	0.985760877676827	0.451536894679227	-0.451536894679227
all_individuals	dlpfc	AA	shared	expression_nearest_gene	chr6_17602116_17602288	chr6	17602116	17602288	Heritable	0.13598438727156	1	1	0	0	0.812541908055879	0.997818244032116	0.0277961257629791	-0.0277961257629791
all_individuals	dlpfc	AA	shared	expression_nearest_gene	chr6_21478870_21479562	chr6	21478870	21479562	Heritable	0.101238791258056	1	1	0	0	0.524853166904859	0.997818244032116	0.163861086410445	-0.163861086410445
all_individuals	dlpfc	AA	shared	expression_nearest_gene	chr6_24643978_24644179	chr6	24643978	24644179	Heritable	0.128649335383676	1	1	0	0	0.310777539277153	0.985760877676827	0.13853986603622	-0.13853986603622
all_individuals	dlpfc	AA	shared	expression_nearest_gene	chr6_25881720_25884185	chr6	25881720	25884185	Heritable	0.212786401599568	1	1	0	0	0.956515996479026	0.997818244032116	0.00193696249684414	0.00193696249684414
all_individuals	dlpfc	AA	shared	expression_nearest_gene	chr6_26042466_26043101	chr6	26042466	26043101	Heritable	0.506632973799395	1	1	0	0	0.215983664307107	0.944738201137267	0.230770213300757	-0.230770213300757
all_individuals	dlpfc	AA	shared	expression_nearest_gene	chr6_26382240_26382533	chr6	26382240	26382533	Heritable	0.291372634907522	1	1	0	1	0.001489566830061	0.0683946641461445	0.779725987512972	-0.779725987512972
all_individuals	dlpfc	AA	shared	expression_nearest_gene	chr6_26459162_26459960	chr6	26459162	26459960	Non-heritable	0.0139872528333972	1	1	0	0	0.0892571495511935	0.852417590912265	0.48116555889717	0.48116555889717
all_individuals	dlpfc	AA	shared	expression_nearest_gene	chr6_26659191_26659703	chr6	26659191	26659703	Heritable	0.158257638615329	1	1	0	0	0.677659024466108	0.997818244032116	0.0616156297703343	-0.0616156297703343
all_individuals	dlpfc	AA	shared	expression_nearest_gene	chr6_27187621_27187865	chr6	27187621	27187865	Heritable	0.255102126637275	1	1	0	0	0.310343604026623	0.985760877676827	0.0315551629748603	0.0315551629748603
all_individuals	dlpfc	AA	shared	expression_nearest_gene	chr6_27217895_27218576	chr6	27217895	27218576	Heritable	0.109988320693509	1	1	0	0	0.572047099555492	0.997818244032116	0.140006331038312	-0.140006331038312
all_individuals	dlpfc	AA	shared	expression_nearest_gene	chr6_27268797_27269119	chr6	27268797	27269119	Heritable	0.108267296078673	1	1	0	0	0.631871609967321	0.997818244032116	0.114146071139449	0.114146071139449
all_individuals	dlpfc	AA	shared	expression_nearest_gene	chr6_27302216_27303257	chr6	27302216	27303257	Heritable	0.119169984484432	1	1	0	0	0.807547471373854	0.997818244032116	0.0311436988437415	0.0311436988437415
all_individuals	dlpfc	AA	shared	expression_nearest_gene	chr6_2743406_2744323	chr6	2743406	2744323	Heritable	0.128349251029341	1	1	0	0	0.430455174459065	0.997818244032116	0.231762354396732	-0.231762354396732
all_individuals	dlpfc	AA	shared	expression_nearest_gene	chr6_27653183_27653761	chr6	27653183	27653761	Non-heritable	0.0986680451931302	1	1	0	0	0.3399227127288	0.997818244032116	0.601621060062344	0.601621060062344
all_individuals	dlpfc	AA	shared	expression_nearest_gene	chr6_28885083_28885524	chr6	28885083	28885524	Heritable	0.170389140909929	1	1	0	0	0.0228016591171773	0.527075946919533	0.171941709566585	0.171941709566585
all_individuals	dlpfc	AA	shared	expression_nearest_gene	chr6_29629773_29631689	chr6	29629773	29631689	Non-heritable	0.0777468390689356	1	1	0	0	0.950825046009629	0.997818244032116	0.00111314987029918	-0.00111314987029918
all_individuals	dlpfc	AA	shared	expression_nearest_gene	chr6_29653598_29653865	chr6	29653598	29653865	Non-heritable	0.0501425313243962	1	1	0	0	0.628263554129687	0.997818244032116	0.0073377238019936	0.0073377238019936
all_individuals	dlpfc	AA	shared	expression_nearest_gene	chr6_29656215_29660833	chr6	29656215	29660833	Non-heritable	0.0851672761903668	1	1	0	0	0.307662619781405	0.985760877676827	0.0152204456234239	0.0152204456234239
all_individuals	dlpfc	AA	shared	expression_nearest_gene	chr6_29680494_29681358	chr6	29680494	29681358	Heritable	0.610281497520538	1	1	0	0	0.248223825360147	0.958038504795448	0.0116817261065601	-0.0116817261065601
all_individuals	dlpfc	AA	shared	expression_nearest_gene	chr6_29712798_29714145	chr6	29712798	29714145	Heritable	0.6346161586941	1	1	0	0	0.343125667010696	0.997818244032116	0.0140513315395577	-0.0140513315395577
all_individuals	dlpfc	AA	shared	expression_nearest_gene	chr6_2990913_2991199	chr6	2990913	2991199	Heritable	0.201436433543745	1	1	0	0	0.260987631392964	0.967096654842148	0.269968263457141	-0.269968263457141
all_individuals	dlpfc	AA	shared	expression_nearest_gene	chr6_31099896_31100968	chr6	31099896	31100968	Heritable	0.690744777240513	1	1	0	0	0.0563070351769747	0.794603662642371	0.0626588982656034	0.0626588982656034
all_individuals	dlpfc	AA	shared	expression_nearest_gene	chr6_31209684_31210919	chr6	31209684	31210919	Heritable	0.537013399896602	1	1	0	0	0.0592575202898652	0.795132929405016	0.0555388252916268	-0.0555388252916268
all_individuals	dlpfc	AA	shared	expression_nearest_gene	chr6_31260586_31266383	chr6	31260586	31266383	Heritable	0.748420705885897	1	1	0	0	0.132601375179378	0.886987978379458	0.0407091526533266	-0.0407091526533266
all_individuals	dlpfc	AA	shared	expression_nearest_gene	chr6_31269061_31270259	chr6	31269061	31270259	Heritable	0.620237608681328	1	1	0	0	0.236411728084113	0.948964195705265	0.0319815708483061	-0.0319815708483061
all_individuals	dlpfc	AA	shared	expression_nearest_gene	chr6_31307803_31308133	chr6	31307803	31308133	Heritable	0.108074534602972	1	1	1	1	0.00015325125909904	0.00981494257901463	0.122339151268622	-0.122339151268622
all_individuals	dlpfc	AA	shared	expression_nearest_gene	chr6_31317425_31321140	chr6	31317425	31321140	Heritable	0.358749237896427	1	1	0	0	0.68036624464326	0.997818244032116	0.0100670822106222	-0.0100670822106222
all_individuals	dlpfc	AA	shared	expression_nearest_gene	chr6_31683207_31683395	chr6	31683207	31683395	Heritable	0.350193653474072	1	1	0	0	0.802299674165091	0.997818244032116	0.00848265234531507	0.00848265234531507
all_individuals	dlpfc	AA	shared	expression_nearest_gene	chr6_3195822_3196506	chr6	3195822	3196506	Heritable	0.228863677165951	1	1	1	1	3.67087132728957e-11	7.50081374542836e-09	1.53315600588111	1.53315600588111
all_individuals	dlpfc	AA	shared	expression_nearest_gene	chr6_32149948_32150192	chr6	32149948	32150192	Non-heritable	0.0861754145547095	1	1	0	0	0.297793129230086	0.983703092783909	0.0303270296659177	0.0303270296659177
all_individuals	dlpfc	AA	shared	expression_nearest_gene	chr6_32163794_32164004	chr6	32163794	32164004	Heritable	0.103649415654476	1	1	0	0	0.260238038066686	0.966604005990972	0.0283691233439206	-0.0283691233439206
all_individuals	dlpfc	AA	shared	expression_nearest_gene	chr6_32266337_32266702	chr6	32266337	32266702	Heritable	0.736048445087589	1	1	0	0	0.0180884686208255	0.467576017180495	1.29404827243048	-1.29404827243048
all_individuals	dlpfc	AA	shared	expression_nearest_gene	chr6_32393029_32393909	chr6	32393029	32393909	Heritable	0.203809226450691	1	1	0	0	0.332949812115473	0.997818244032116	0.606981828597736	0.606981828597736
all_individuals	dlpfc	AA	shared	expression_nearest_gene	chr6_32459540_32460620	chr6	32459540	32460620	Heritable	0.173605833659185	1	1	0	0	0.497648955747446	0.997818244032116	0.404776972833161	-0.404776972833161
all_individuals	dlpfc	AA	shared	expression_nearest_gene	chr6_32477130_32478491	chr6	32477130	32478491	Heritable	0.591163187088326	1	1	1	1	2.93641665939919e-05	0.00224803569498528	3.88016365123314	3.88016365123314
all_individuals	dlpfc	AA	shared	expression_nearest_gene	chr6_32534789_32535711	chr6	32534789	32535711	Heritable	0.534987341384689	1	1	1	1	4.85641273307446e-18	3.72486041918903e-15	4.07679357727016	4.07679357727016
all_individuals	dlpfc	AA	shared	expression_nearest_gene	chr6_32550212_32551702	chr6	32550212	32551702	Heritable	0.464553082846348	1	1	1	1	2.98620448879424e-05	0.00224803569498528	0.852326520900168	-0.852326520900168
all_individuals	dlpfc	AA	shared	expression_nearest_gene	chr6_32558198_32558892	chr6	32558198	32558892	Heritable	0.336848780370315	1	1	0	0	0.0536717398066848	0.794074905727395	0.163230166735533	-0.163230166735533
all_individuals	dlpfc	AA	shared	expression_nearest_gene	chr6_32580544_32581506	chr6	32580544	32581506	Heritable	0.296839478963956	1	1	0	0	0.00652520176988719	0.229505252414639	0.450337667264802	-0.450337667264802
all_individuals	dlpfc	AA	shared	expression_nearest_gene	chr6_32584220_32584324	chr6	32584220	32584324	Heritable	0.312816863006051	1	1	1	1	1.75907872376143e-08	2.51606893455343e-06	0.80526192997076	0.80526192997076
all_individuals	dlpfc	AA	shared	expression_nearest_gene	chr6_32589627_32590360	chr6	32589627	32590360	Heritable	0.477201774804869	1	1	1	1	6.29705070868103e-05	0.00428899120491274	0.670396942043878	-0.670396942043878
all_individuals	dlpfc	AA	shared	expression_nearest_gene	chr6_32601681_32603022	chr6	32601681	32603022	Heritable	0.497486008570743	1	1	1	1	6.84003071759342e-05	0.00458602684518646	0.576560657144374	-0.576560657144374
all_individuals	dlpfc	AA	shared	expression_nearest_gene	chr6_32611163_32612724	chr6	32611163	32612724	Heritable	0.322955242527802	1	1	1	1	0.000770286767932765	0.0371382081033651	0.584677189723452	-0.584677189723452
all_individuals	dlpfc	AA	shared	expression_nearest_gene	chr6_32629608_32631336	chr6	32629608	32631336	Heritable	0.467094576052176	1	1	0	0	0.653545094231034	0.997818244032116	0.0457229997313916	0.0457229997313916
all_individuals	dlpfc	AA	shared	expression_nearest_gene	chr6_32636760_32637748	chr6	32636760	32637748	Heritable	0.297453384162866	1	1	0	0	0.0025995345520526	0.107255795796709	0.42277303342268	-0.42277303342268
all_individuals	dlpfc	AA	shared	expression_nearest_gene	chr6_32639503_32643916	chr6	32639503	32643916	Heritable	0.425216954215924	1	1	1	1	0.000202510583284915	0.0124138987553653	0.473586303558649	-0.473586303558649
all_individuals	dlpfc	AA	shared	expression_nearest_gene	chr6_32645495_32646424	chr6	32645495	32646424	Heritable	0.469468297185514	1	1	0	0	0.00468680771907787	0.176413087040028	0.370350380738793	-0.370350380738793
all_individuals	dlpfc	AA	shared	expression_nearest_gene	chr6_33064885_33065535	chr6	33064885	33065535	Heritable	0.59040279635025	1	1	0	0	0.97153709747664	0.997818244032116	0.000492248442417132	0.000492248442417132
all_individuals	dlpfc	AA	shared	expression_nearest_gene	chr6_33068687_33070255	chr6	33068687	33070255	Heritable	0.410593730595157	1	1	0	0	0.875356435872888	0.997818244032116	0.00372135735030198	0.00372135735030198
all_individuals	dlpfc	AA	shared	expression_nearest_gene	chr6_33081098_33083265	chr6	33081098	33083265	Heritable	0.404349681046681	1	1	0	0	0.690439991014971	0.997818244032116	0.0127829106482079	0.0127829106482079
all_individuals	dlpfc	AA	shared	expression_nearest_gene	chr6_33084334_33086014	chr6	33084334	33086014	Heritable	0.693864999052451	1	1	0	0	0.923900089942764	0.997818244032116	0.00227757674235795	0.00227757674235795
all_individuals	dlpfc	AA	shared	expression_nearest_gene	chr6_33683327_33683427	chr6	33683327	33683427	Heritable	0.125102277766619	1	1	0	0	0.530230257856826	0.997818244032116	0.287852165012461	-0.287852165012461
all_individuals	dlpfc	AA	shared	expression_nearest_gene	chr6_33740332_33740561	chr6	33740332	33740561	Non-heritable	0.0654895427853933	1	1	0	0	0.0438679152817035	0.744020650094031	0.92060668924379	-0.92060668924379
all_individuals	dlpfc	AA	shared	expression_nearest_gene	chr6_33745720_33747221	chr6	33745720	33747221	Heritable	0.104056136177827	1	1	0	0	0.247046984226395	0.958038504795448	0.456832631543463	0.456832631543463
all_individuals	dlpfc	AA	shared	expression_nearest_gene	chr6_34022246_34023122	chr6	34022246	34023122	Heritable	0.109003834654031	1	1	0	0	0.693394678448829	0.997818244032116	0.115468108848138	-0.115468108848138
all_individuals	dlpfc	AA	shared	expression_nearest_gene	chr6_34029742_34036984	chr6	34029742	34036984	Heritable	0.164901756846341	1	1	0	0	0.878584640598111	0.997818244032116	0.045272873278563	-0.045272873278563
all_individuals	dlpfc	AA	shared	expression_nearest_gene	chr6_34045108_34045881	chr6	34045108	34045881	Heritable	0.335585854832597	1	1	0	0	0.67965211561467	0.997818244032116	0.136137007919558	0.136137007919558
all_individuals	dlpfc	AA	shared	expression_nearest_gene	chr6_34060628_34061617	chr6	34060628	34061617	Heritable	0.255347967502545	1	1	0	0	0.82507862640084	0.997818244032116	0.070321643274923	-0.070321643274923
all_individuals	dlpfc	AA	shared	expression_nearest_gene	chr6_34067368_34070693	chr6	34067368	34070693	Heritable	0.132231481734849	1	1	0	0	0.886700676644853	0.997818244032116	0.0442155191462543	-0.0442155191462543
all_individuals	dlpfc	AA	shared	expression_nearest_gene	chr6_34089265_34092817	chr6	34089265	34092817	Heritable	0.110077676261657	1	1	0	0	0.841993849873359	0.997818244032116	0.0583715899919675	-0.0583715899919675
all_individuals	dlpfc	AA	shared	expression_nearest_gene	chr6_34093993_34095654	chr6	34093993	34095654	Heritable	0.105708945688233	1	1	0	0	0.766176015855859	0.997818244032116	0.0976345929080047	-0.0976345929080047
all_individuals	dlpfc	AA	shared	expression_nearest_gene	chr6_34104222_34112886	chr6	34104222	34112886	Heritable	0.117450268557286	1	1	0	0	0.709304400643642	0.997818244032116	0.109933348522885	-0.109933348522885
all_individuals	dlpfc	AA	shared	expression_nearest_gene	chr6_34121433_34129306	chr6	34121433	34129306	Heritable	0.165703951720633	1	1	0	0	0.662874095656771	0.997818244032116	0.125657832730422	-0.125657832730422
all_individuals	dlpfc	AA	shared	expression_nearest_gene	chr6_34132024_34142088	chr6	34132024	34142088	Heritable	0.110948661679453	1	1	0	0	0.755692559478379	0.997818244032116	0.0933841420285972	-0.0933841420285972
all_individuals	dlpfc	AA	shared	expression_nearest_gene	chr6_34142895_34143526	chr6	34142895	34143526	Heritable	0.114892521074199	1	1	0	0	0.448626525555033	0.997818244032116	0.218446701584735	0.218446701584735
all_individuals	dlpfc	AA	shared	expression_nearest_gene	chr6_34398633_34398727	chr6	34398633	34398727	Heritable	0.136334373750743	1	1	0	0	0.323927377798406	0.993794852697277	0.0891569016853246	0.0891569016853246
all_individuals	dlpfc	AA	shared	expression_nearest_gene	chr6_3442211_3442657	chr6	3442211	3442657	Non-heritable	0.0396231467489567	1	1	0	0	0.692102176797417	0.997818244032116	0.077530260182634	-0.077530260182634
all_individuals	dlpfc	AA	shared	expression_nearest_gene	chr6_34448128_34449571	chr6	34448128	34449571	Heritable	0.109762712880277	1	1	0	0	0.495210634280861	0.997818244032116	0.182363572108137	-0.182363572108137
all_individuals	dlpfc	AA	shared	expression_nearest_gene	chr6_3458423_3459574	chr6	3458423	3459574	Non-heritable	0.0681613994356919	1	1	0	0	0.37864106027543	0.997818244032116	0.165535145151161	-0.165535145151161
all_individuals	dlpfc	AA	shared	expression_nearest_gene	chr6_34756581_34756723	chr6	34756581	34756723	Heritable	0.114152372439846	1	1	0	0	0.109735628345972	0.88510447600106	0.305288733109639	-0.305288733109639
all_individuals	dlpfc	AA	shared	expression_nearest_gene	chr6_3482593_3483055	chr6	3482593	3483055	Heritable	0.105088919560814	1	1	0	0	0.315859262332478	0.985786328555555	0.214584608571311	-0.214584608571311
all_individuals	dlpfc	AA	shared	expression_nearest_gene	chr6_35047752_35048672	chr6	35047752	35048672	Non-heritable	0.0860078640005879	1	1	0	0	0.97649462123489	0.997818244032116	0.00513468440555087	0.00513468440555087
all_individuals	dlpfc	AA	shared	expression_nearest_gene	chr6_35418310_35418659	chr6	35418310	35418659	Non-heritable	0.0446147468402687	1	1	0	0	0.496989315845611	0.997818244032116	0.148105629049486	-0.148105629049486
all_individuals	dlpfc	AA	shared	expression_nearest_gene	chr6_35786620_35787178	chr6	35786620	35787178	Heritable	0.186972498868869	1	1	1	1	7.96035258269782e-05	0.00525505737420867	0.608074033623006	0.608074033623006
all_individuals	dlpfc	AA	shared	expression_nearest_gene	chr6_35977792_35977954	chr6	35977792	35977954	Heritable	0.144413545240608	1	1	0	0	0.723301016604692	0.997818244032116	0.117092447816407	-0.117092447816407
all_individuals	dlpfc	AA	shared	expression_nearest_gene	chr6_36742342_36742890	chr6	36742342	36742890	Heritable	0.121542066994888	1	1	0	0	0.792990173001146	0.997818244032116	0.0701406498160857	-0.0701406498160857
all_individuals	dlpfc	AA	shared	expression_nearest_gene	chr6_3719085_3720088	chr6	3719085	3720088	Heritable	0.395354819363903	1	1	1	1	1.18043320688943e-11	2.79707356004085e-09	7.05042859658379	-7.05042859658379
all_individuals	dlpfc	AA	shared	expression_nearest_gene	chr6_3759081_3759460	chr6	3759081	3759460	Heritable	0.348040165017958	1	1	0	0	0.408240997425976	0.997818244032116	0.220164612089761	-0.220164612089761
all_individuals	dlpfc	AA	shared	expression_nearest_gene	chr6_37680669_37681477	chr6	37680669	37681477	Heritable	0.116140170356712	1	1	0	0	0.727363858518501	0.997818244032116	0.113885423127542	-0.113885423127542
all_individuals	dlpfc	AA	shared	expression_nearest_gene	chr6_37693264_37695751	chr6	37693264	37695751	Heritable	0.108458105116277	1	1	0	0	0.796147612902554	0.997818244032116	0.0768667986174698	0.0768667986174698
all_individuals	dlpfc	AA	shared	expression_nearest_gene	chr6_37742107_37742437	chr6	37742107	37742437	Heritable	0.144464424533553	1	1	0	0	0.916160959994184	0.997818244032116	0.0316286401123165	0.0316286401123165
all_individuals	dlpfc	AA	shared	expression_nearest_gene	chr6_39312923_39313010	chr6	39312923	39313010	Heritable	0.223882764802513	1	1	0	0	0.215906976290025	0.944738201137267	0.207311417051557	0.207311417051557
all_individuals	dlpfc	AA	shared	expression_nearest_gene	chr6_39714483_39716002	chr6	39714483	39716002	Heritable	0.18093102353808	1	1	0	0	0.192735140708884	0.926121487997562	0.341365986188141	0.341365986188141
all_individuals	dlpfc	AA	shared	expression_nearest_gene	chr6_39793200_39794906	chr6	39793200	39794906	Non-heritable	0.0858882033368052	1	1	0	0	0.835501465087764	0.997818244032116	0.0424520925264247	0.0424520925264247
all_individuals	dlpfc	AA	shared	expression_nearest_gene	chr6_41731147_41732972	chr6	41731147	41732972	Non-heritable	0.0800016227611204	1	1	0	0	0.292882428563565	0.983008463446871	0.218713861940387	-0.218713861940387
all_individuals	dlpfc	AA	shared	expression_nearest_gene	chr6_42007343_42007955	chr6	42007343	42007955	Non-heritable	0.025123843394139	1	1	0	0	0.829906210732576	0.997818244032116	0.0414579207720251	-0.0414579207720251
all_individuals	dlpfc	AA	shared	expression_nearest_gene	chr6_42704295_42704770	chr6	42704295	42704770	Heritable	0.297923734907239	1	1	1	1	1.32998679265218e-17	8.15281903895785e-15	3.84715501083613	-3.84715501083613
all_individuals	dlpfc	AA	shared	expression_nearest_gene	chr6_42771341_42771901	chr6	42771341	42771901	Heritable	0.125849648646389	1	1	0	0	0.259109066321928	0.964672006403031	0.192965114435136	-0.192965114435136
all_individuals	dlpfc	AA	shared	expression_nearest_gene	chr6_42901648_42902219	chr6	42901648	42902219	Heritable	0.215329819411362	1	1	0	0	0.135222348383783	0.886987978379458	0.358494639802714	0.358494639802714
all_individuals	dlpfc	AA	shared	expression_nearest_gene	chr6_43173190_43173995	chr6	43173190	43173995	Heritable	0.136134455055697	1	1	0	0	0.784145047847993	0.997818244032116	0.0606853980328603	0.0606853980328603
all_individuals	dlpfc	AA	shared	expression_nearest_gene	chr6_43489975_43490337	chr6	43489975	43490337	Heritable	0.114335575321803	1	1	0	0	0.233602445412623	0.947930352176406	0.310033943035393	-0.310033943035393
all_individuals	dlpfc	AA	shared	expression_nearest_gene	chr6_45801254_45801701	chr6	45801254	45801701	Heritable	0.305160914973932	1	1	0	0	0.0922380705722074	0.85471572074262	0.661702216850824	0.661702216850824
all_individuals	dlpfc	AA	shared	expression_nearest_gene	chr6_4606814_4609133	chr6	4606814	4609133	Heritable	0.139739494475274	1	1	0	0	0.846132319714434	0.997818244032116	0.00708496961771149	-0.00708496961771149
all_individuals	dlpfc	AA	shared	expression_nearest_gene	chr6_49713581_49714229	chr6	49713581	49714229	Heritable	0.20506065563152	1	1	0	0	0.0450925196544529	0.753938015281974	0.0612691986658726	-0.0612691986658726
all_individuals	dlpfc	AA	shared	expression_nearest_gene	chr6_53796444_53796871	chr6	53796444	53796871	Heritable	0.111632676811374	1	1	0	0	0.663448826483088	0.997818244032116	0.120746065908335	0.120746065908335
all_individuals	dlpfc	AA	shared	expression_nearest_gene	chr6_57961816_57961934	chr6	57961816	57961934	Heritable	0.113515942453548	1	1	0	0	0.303728539464158	0.985760877676827	0.331479509510824	-0.331479509510824
all_individuals	dlpfc	AA	shared	expression_nearest_gene	chr6_7140589_7140698	chr6	7140589	7140698	Non-heritable	0.0828414877356048	1	1	0	0	0.37524665810063	0.997818244032116	0.154270343288642	0.154270343288642
all_individuals	dlpfc	AA	shared	expression_nearest_gene	chr6_7143484_7143816	chr6	7143484	7143816	Heritable	0.128653470702828	1	1	0	0	0.729805450010839	0.997818244032116	0.0536715064497209	0.0536715064497209
all_individuals	dlpfc	AA	shared	expression_nearest_gene	chr6_71890977_71892521	chr6	71890977	71892521	Heritable	0.10555585751526	1	1	0	0	0.863053941646392	0.997818244032116	0.0236655862281054	0.0236655862281054
all_individuals	dlpfc	AA	shared	expression_nearest_gene	chr6_72214795_72215343	chr6	72214795	72215343	Heritable	0.239851314833709	1	1	0	0	0.909913952823687	0.997818244032116	0.0148722709877163	0.0148722709877163
all_individuals	dlpfc	AA	shared	expression_nearest_gene	chr6_72216418_72218291	chr6	72216418	72218291	Heritable	0.121497158958079	1	1	0	0	0.642192190769165	0.997818244032116	0.0630229633340917	-0.0630229633340917
all_individuals	dlpfc	AA	shared	expression_nearest_gene	chr6_73645080_73645744	chr6	73645080	73645744	Heritable	0.111264786283085	1	1	0	0	0.492434162242651	0.997818244032116	0.0837576871721311	0.0837576871721311
all_individuals	dlpfc	AA	shared	expression_nearest_gene	chr6_76198750_76199954	chr6	76198750	76199954	Heritable	0.554272287869476	1	1	0	0	0.0920678534062794	0.85471572074262	0.560239042573406	-0.560239042573406
all_individuals	dlpfc	AA	shared	expression_nearest_gene	chr6_85170117_85171463	chr6	85170117	85171463	Heritable	0.456852435912406	1	1	0	0	0.800970215366433	0.997818244032116	0.0447789437824294	0.0447789437824294
all_individuals	dlpfc	AA	shared	expression_nearest_gene	chr6_89351142_89351354	chr6	89351142	89351354	Heritable	0.101499818168308	1	1	0	0	0.399383789705684	0.997818244032116	0.118482498829568	0.118482498829568
all_individuals	dlpfc	AA	shared	expression_nearest_gene	chr6_89408884_89410535	chr6	89408884	89410535	Heritable	0.142921645953553	1	1	0	0	0.153733284847695	0.90562350969366	0.207573911543065	0.207573911543065
all_individuals	dlpfc	AA	shared	expression_nearest_gene	chr6_89564066_89567404	chr6	89564066	89567404	Non-heritable	0.099691686790369	1	1	0	0	0.457189146688494	0.997818244032116	0.165513304156427	-0.165513304156427
all_individuals	dlpfc	AA	shared	expression_nearest_gene	chr6_90227263_90227413	chr6	90227263	90227413	Heritable	0.146153497478494	1	1	0	0	0.056357156772252	0.794603662642371	0.341581430307881	-0.341581430307881
all_individuals	dlpfc	AA	shared	expression_nearest_gene	chr6_90294290_90294811	chr6	90294290	90294811	Heritable	0.113827209325971	1	1	0	0	0.859102094529675	0.997818244032116	0.0293580997950897	-0.0293580997950897
all_individuals	dlpfc	AA	shared	expression_nearest_gene	chr6_98839835_98840649	chr6	98839835	98840649	Heritable	0.159184510027151	1	1	0	0	0.145298074457168	0.886987978379458	0.21159565766531	-0.21159565766531
all_individuals	dlpfc	AA	shared	expression_nearest_gene	chr6_99348247_99348546	chr6	99348247	99348546	Heritable	0.125420990110825	1	1	0	0	0.310356482024524	0.985760877676827	0.189668205703306	-0.189668205703306
all_individuals	dlpfc	AA	shared	expression_nearest_gene	chr7_100366872_100368300	chr7	100366872	100368300	Heritable	0.102928567668405	1	1	0	0	0.335247364069197	0.997818244032116	0.293676294874008	-0.293676294874008
all_individuals	dlpfc	AA	shared	expression_nearest_gene	chr7_100400542_100402086	chr7	100400542	100402086	Heritable	0.178402212557843	1	1	0	0	0.840345957450967	0.997818244032116	0.0501324766763709	-0.0501324766763709
all_individuals	dlpfc	AA	shared	expression_nearest_gene	chr7_100466823_100467824	chr7	100466823	100467824	Non-heritable	0.0541827498894042	1	1	0	0	0.605311724368141	0.997818244032116	0.101750115276445	-0.101750115276445
all_individuals	dlpfc	AA	shared	expression_nearest_gene	chr7_100484284_100484970	chr7	100484284	100484970	Heritable	0.1245234821772	1	1	0	0	0.482120243284428	0.997818244032116	0.180271914072342	0.180271914072342
all_individuals	dlpfc	AA	shared	expression_nearest_gene	chr7_100562422_100562941	chr7	100562422	100562941	Heritable	0.128380020544202	1	1	0	0	0.540300778706395	0.997818244032116	0.14376029477673	-0.14376029477673
all_individuals	dlpfc	AA	shared	expression_nearest_gene	chr7_100688505_100688840	chr7	100688505	100688840	Heritable	0.270128147668454	1	1	0	0	0.394902139420989	0.997818244032116	0.168270884478751	0.168270884478751
all_individuals	dlpfc	AA	shared	expression_nearest_gene	chr7_100745126_100745759	chr7	100745126	100745759	Heritable	0.131491192966651	1	1	0	0	0.629553141505087	0.997818244032116	0.00354888194645762	-0.00354888194645762
all_individuals	dlpfc	AA	shared	expression_nearest_gene	chr7_100957202_100959343	chr7	100957202	100959343	Heritable	0.101840113024193	1	1	0	0	0.937452755002351	0.997818244032116	0.00291661349992016	0.00291661349992016
all_individuals	dlpfc	AA	shared	expression_nearest_gene	chr7_101402021_101402406	chr7	101402021	101402406	Heritable	0.10245772964815	1	1	0	0	0.0538351532865919	0.794074905727395	0.638525149536172	-0.638525149536172
all_individuals	dlpfc	AA	shared	expression_nearest_gene	chr7_1014626_1015476	chr7	1014626	1015476	Heritable	0.142465919215782	1	1	0	0	0.961781650626727	0.997818244032116	0.0116990115600544	-0.0116990115600544
all_individuals	dlpfc	AA	shared	expression_nearest_gene	chr7_101817908_101820492	chr7	101817908	101820492	Non-heritable	0.0827509092943546	1	1	0	0	0.967232885951455	0.997818244032116	0.00652241930134778	0.00652241930134778
all_individuals	dlpfc	AA	shared	expression_nearest_gene	chr7_101822605_101823350	chr7	101822605	101823350	Non-heritable	0.0333038676329886	1	1	0	0	0.600560234518787	0.997818244032116	0.0793894306055982	0.0793894306055982
all_individuals	dlpfc	AA	shared	expression_nearest_gene	chr7_101825321_101826355	chr7	101825321	101826355	Heritable	0.187040903121843	1	1	0	0	0.948890082338317	0.997818244032116	0.00922724523979568	-0.00922724523979568
all_individuals	dlpfc	AA	shared	expression_nearest_gene	chr7_101867497_101867877	chr7	101867497	101867877	Non-heritable	0.09034999482883	1	1	0	0	0.660019987287687	0.997818244032116	0.0708272437921629	0.0708272437921629
all_individuals	dlpfc	AA	shared	expression_nearest_gene	chr7_101905142_101905971	chr7	101905142	101905971	Heritable	0.137721398719233	1	1	0	0	0.936368800479049	0.997818244032116	0.0116211468627725	0.0116211468627725
all_individuals	dlpfc	AA	shared	expression_nearest_gene	chr7_101923577_101924064	chr7	101923577	101924064	Heritable	0.109882589054286	1	1	0	0	0.865555229669517	0.997818244032116	0.0251791561262018	0.0251791561262018
all_individuals	dlpfc	AA	shared	expression_nearest_gene	chr7_101985495_101986773	chr7	101985495	101986773	Non-heritable	0.0668006390265257	1	1	0	0	0.964040010368242	0.997818244032116	0.00697871743227552	0.00697871743227552
all_individuals	dlpfc	AA	shared	expression_nearest_gene	chr7_102028399_102028776	chr7	102028399	102028776	Non-heritable	0.0245855495388255	1	1	0	0	0.817005549581321	0.997818244032116	0.0367841891609473	0.0367841891609473
all_individuals	dlpfc	AA	shared	expression_nearest_gene	chr7_102119258_102119793	chr7	102119258	102119793	Heritable	0.105033855151592	1	1	0	0	0.331145255221665	0.997818244032116	0.135789312298655	-0.135789312298655
all_individuals	dlpfc	AA	shared	expression_nearest_gene	chr7_102175849_102176280	chr7	102175849	102176280	Heritable	0.116430717922539	1	1	0	0	0.783820932710224	0.997818244032116	0.0437076606221325	0.0437076606221325
all_individuals	dlpfc	AA	shared	expression_nearest_gene	chr7_102215421_102215694	chr7	102215421	102215694	Heritable	0.103158987291423	1	1	0	0	0.530981468490955	0.997818244032116	0.0925305570539976	0.0925305570539976
all_individuals	dlpfc	AA	shared	expression_nearest_gene	chr7_102432133_102432694	chr7	102432133	102432694	Non-heritable	0.080490362283817	1	1	0	0	0.362605942904554	0.997818244032116	0.234764559350566	-0.234764559350566
all_individuals	dlpfc	AA	shared	expression_nearest_gene	chr7_102479673_102480237	chr7	102479673	102480237	Heritable	0.113447422065275	1	1	0	0	0.557341604138724	0.997818244032116	0.249247491688657	0.249247491688657
all_individuals	dlpfc	AA	shared	expression_nearest_gene	chr7_103984918_103986010	chr7	103984918	103986010	Heritable	0.225625953599323	1	1	0	0	0.121646558141188	0.885502111448744	0.662080476412967	-0.662080476412967
all_individuals	dlpfc	AA	shared	expression_nearest_gene	chr7_103987548_103987752	chr7	103987548	103987752	Non-heritable	0.0297085941708536	1	1	0	0	0.254131421976446	0.960660313945641	0.424417955028428	-0.424417955028428
all_individuals	dlpfc	AA	shared	expression_nearest_gene	chr7_1041214_1042234	chr7	1041214	1042234	Heritable	0.116583665721754	1	1	0	0	0.936982510405218	0.997818244032116	0.0204425635946759	0.0204425635946759
all_individuals	dlpfc	AA	shared	expression_nearest_gene	chr7_104208578_104209155	chr7	104208578	104209155	Heritable	0.360729568243409	1	1	0	0	0.112101014838465	0.885502111448744	0.148420622889001	0.148420622889001
all_individuals	dlpfc	AA	shared	expression_nearest_gene	chr7_104215786_104217786	chr7	104215786	104217786	Heritable	0.426938245774745	1	1	0	0	0.562929904874728	0.997818244032116	0.0721078613549766	0.0721078613549766
all_individuals	dlpfc	AA	shared	expression_nearest_gene	chr7_1045413_1045640	chr7	1045413	1045640	Heritable	0.129369913482104	1	1	0	0	0.83412429185724	0.997818244032116	0.0531127594523824	0.0531127594523824
all_individuals	dlpfc	AA	shared	expression_nearest_gene	chr7_105521071_105521395	chr7	105521071	105521395	Heritable	0.627532856489028	1	1	0	0	0.0977344308164537	0.863777747997786	0.213698067750168	0.213698067750168
all_individuals	dlpfc	AA	shared	expression_nearest_gene	chr7_105691181_105691397	chr7	105691181	105691397	Heritable	0.129653930909881	1	1	0	0	0.593892942030237	0.997818244032116	0.104306061405953	-0.104306061405953
all_individuals	dlpfc	AA	shared	expression_nearest_gene	chr7_105877737_105878070	chr7	105877737	105878070	Heritable	0.115288523034957	1	1	0	0	0.592073054229835	0.997818244032116	0.127458695395255	-0.127458695395255
all_individuals	dlpfc	AA	shared	expression_nearest_gene	chr7_106069198_106069686	chr7	106069198	106069686	Heritable	0.101694686616143	1	1	0	0	0.653134209189348	0.997818244032116	0.125768131403714	0.125768131403714
all_individuals	dlpfc	AA	shared	expression_nearest_gene	chr7_1095996_1096529	chr7	1095996	1096529	Heritable	0.108608473566695	1	1	0	0	0.921219675340206	0.997818244032116	0.0259168471404951	-0.0259168471404951
all_individuals	dlpfc	AA	shared	expression_nearest_gene	chr7_1106353_1107075	chr7	1106353	1107075	Heritable	0.105101133281328	1	1	0	0	0.432136421945154	0.997818244032116	0.206605757767957	-0.206605757767957
all_individuals	dlpfc	AA	shared	expression_nearest_gene	chr7_1113516_1113730	chr7	1113516	1113730	Heritable	0.121191417587003	1	1	0	0	0.630244230667145	0.997818244032116	0.120233969863925	-0.120233969863925
all_individuals	dlpfc	AA	shared	expression_nearest_gene	chr7_1124987_1125280	chr7	1124987	1125280	Heritable	0.118037224400092	1	1	0	0	0.655969181205932	0.997818244032116	0.107829398984871	0.107829398984871
all_individuals	dlpfc	AA	shared	expression_nearest_gene	chr7_1158943_1159341	chr7	1158943	1159341	Heritable	0.519814261922077	1	1	0	0	0.853263630761719	0.997818244032116	0.035694575354241	-0.035694575354241
all_individuals	dlpfc	AA	shared	expression_nearest_gene	chr7_1169807_1169926	chr7	1169807	1169926	Heritable	0.132596689773556	1	1	1	1	0.000454441038458029	0.0243750812002925	1.01174948924481	-1.01174948924481
all_individuals	dlpfc	AA	shared	expression_nearest_gene	chr7_1176737_1177011	chr7	1176737	1177011	Heritable	0.111309548510103	1	1	0	0	0.160811174151146	0.911713995663319	0.404244939689617	-0.404244939689617
all_individuals	dlpfc	AA	shared	expression_nearest_gene	chr7_118214004_118214153	chr7	118214004	118214153	Heritable	0.238561837931044	1	1	0	0	0.568026163680128	0.997818244032116	0.111071233856441	-0.111071233856441
all_individuals	dlpfc	AA	shared	expression_nearest_gene	chr7_118407277_118408821	chr7	118407277	118408821	Heritable	0.612274006232668	1	1	0	0	0.15761360018951	0.91025328674185	0.328776002665203	-0.328776002665203
all_individuals	dlpfc	AA	shared	expression_nearest_gene	chr7_119723908_119724252	chr7	119723908	119724252	Heritable	0.133435738201515	1	1	0	0	0.217924749108863	0.945014449508517	0.0680650727949396	-0.0680650727949396
all_individuals	dlpfc	AA	shared	expression_nearest_gene	chr7_122884290_122885165	chr7	122884290	122885165	Non-heritable	0.0612016535208102	1	1	0	0	0.319743007472708	0.990332794853741	0.222937585946423	-0.222937585946423
all_individuals	dlpfc	AA	shared	expression_nearest_gene	chr7_1249024_1249296	chr7	1249024	1249296	Heritable	0.107673328688035	1	1	0	0	0.434732230818063	0.997818244032116	0.00639651207083587	-0.00639651207083587
all_individuals	dlpfc	AA	shared	expression_nearest_gene	chr7_128033304_128033489	chr7	128033304	128033489	Heritable	0.106477702386484	1	1	0	0	0.667046303211353	0.997818244032116	0.0540329420868568	-0.0540329420868568
all_individuals	dlpfc	AA	shared	expression_nearest_gene	chr7_128270808_128271134	chr7	128270808	128271134	Heritable	0.153386549822273	1	1	0	0	0.758968059512943	0.997818244032116	0.00156145119424186	-0.00156145119424186
all_individuals	dlpfc	AA	shared	expression_nearest_gene	chr7_128836337_128836928	chr7	128836337	128836928	Heritable	0.119256080075136	1	1	0	0	0.994503585351842	0.999523316452554	0.0023056755448323	0.0023056755448323
all_individuals	dlpfc	AA	shared	expression_nearest_gene	chr7_128864055_128864212	chr7	128864055	128864212	Heritable	0.151939926423401	1	1	0	0	0.123822793242303	0.885502111448744	0.453846109855224	-0.453846109855224
all_individuals	dlpfc	AA	shared	expression_nearest_gene	chr7_128868125_128868940	chr7	128868125	128868940	Non-heritable	0.0590938760287279	1	1	0	0	0.262754643970485	0.968625581853395	0.311561602450248	-0.311561602450248
all_individuals	dlpfc	AA	shared	expression_nearest_gene	chr7_129366969_129367882	chr7	129366969	129367882	Heritable	0.170988675779985	1	1	0	0	0.459661170962514	0.997818244032116	0.0991496574204938	0.0991496574204938
all_individuals	dlpfc	AA	shared	expression_nearest_gene	chr7_130148729_130149906	chr7	130148729	130149906	Non-heritable	0.0953870495731323	1	1	0	0	0.736382408742565	0.997818244032116	0.0555817024442909	0.0555817024442909
all_individuals	dlpfc	AA	shared	expression_nearest_gene	chr7_130154414_130155100	chr7	130154414	130155100	Heritable	0.124900291176676	1	1	0	0	0.539487522284268	0.997818244032116	0.129092141384298	-0.129092141384298
all_individuals	dlpfc	AA	shared	expression_nearest_gene	chr7_130273973_130274239	chr7	130273973	130274239	Heritable	0.164180065128471	1	1	0	0	0.272625836311039	0.975445498063831	0.143428997516617	-0.143428997516617
all_individuals	dlpfc	AA	shared	expression_nearest_gene	chr7_130941234_130943755	chr7	130941234	130943755	Heritable	0.170693113175803	1	1	0	0	0.505469162021205	0.997818244032116	0.162844070017737	0.162844070017737
all_individuals	dlpfc	AA	shared	expression_nearest_gene	chr7_131506808_131507398	chr7	131506808	131507398	Heritable	0.125798218833525	1	1	0	0	0.946993145657792	0.997818244032116	0.0182617603966925	0.0182617603966925
all_individuals	dlpfc	AA	shared	expression_nearest_gene	chr7_1323343_1323708	chr7	1323343	1323708	Heritable	0.11537477335049	1	1	0	0	0.232433254299022	0.947930352176406	0.00893297916734136	-0.00893297916734136
all_individuals	dlpfc	AA	shared	expression_nearest_gene	chr7_1330869_1331280	chr7	1330869	1331280	Heritable	0.123548125137376	1	1	0	0	0.122497929877148	0.885502111448744	0.0109885864788689	-0.0109885864788689
all_individuals	dlpfc	AA	shared	expression_nearest_gene	chr7_134457494_134457892	chr7	134457494	134457892	Heritable	0.165773519102354	1	1	0	0	0.509445830657166	0.997818244032116	0.109848024282719	-0.109848024282719
all_individuals	dlpfc	AA	shared	expression_nearest_gene	chr7_135171521_135172146	chr7	135171521	135172146	Heritable	0.588906737225866	1	1	0	0	0.53302267766321	0.997818244032116	0.0571486407806852	0.0571486407806852
all_individuals	dlpfc	AA	shared	expression_nearest_gene	chr7_135716956_135718516	chr7	135716956	135718516	Heritable	0.214488420039388	1	1	0	0	0.763587622275487	0.997818244032116	0.303705972924427	-0.303705972924427
all_individuals	dlpfc	AA	shared	expression_nearest_gene	chr7_138907843_138908188	chr7	138907843	138908188	Heritable	0.104545548479038	1	1	0	0	0.540882393835973	0.997818244032116	0.157658131476465	0.157658131476465
all_individuals	dlpfc	AA	shared	expression_nearest_gene	chr7_13933238_13933973	chr7	13933238	13933973	Heritable	0.105834311132137	1	1	0	0	0.573189574940754	0.997818244032116	0.130232338075288	-0.130232338075288
all_individuals	dlpfc	AA	shared	expression_nearest_gene	chr7_139646926_139648550	chr7	139646926	139648550	Non-heritable	0.0199840741790032	1	1	0	0	0.57138876064391	0.997818244032116	0.15574101810877	0.15574101810877
all_individuals	dlpfc	AA	shared	expression_nearest_gene	chr7_139669199_139670202	chr7	139669199	139670202	Heritable	0.106255156250919	1	1	0	0	0.988818878832788	0.998470167913169	0.0033366384857132	0.0033366384857132
all_individuals	dlpfc	AA	shared	expression_nearest_gene	chr7_139770315_139771642	chr7	139770315	139771642	Non-heritable	0.0918482043628681	1	1	0	0	0.446101131963901	0.997818244032116	0.207635286345685	0.207635286345685
all_individuals	dlpfc	AA	shared	expression_nearest_gene	chr7_140647140_140647326	chr7	140647140	140647326	Non-heritable	0.075191492496987	1	1	0	0	0.954207933814869	0.997818244032116	0.011152934868969	-0.011152934868969
all_individuals	dlpfc	AA	shared	expression_nearest_gene	chr7_140674014_140674421	chr7	140674014	140674421	Non-heritable	0.0674958884167925	1	1	0	0	0.552632616708	0.997818244032116	0.108383548486314	-0.108383548486314
all_individuals	dlpfc	AA	shared	expression_nearest_gene	chr7_141215428_141216681	chr7	141215428	141216681	Heritable	0.424208371737422	1	1	0	0	0.29651617221035	0.983008463446871	0.177865855244903	-0.177865855244903
all_individuals	dlpfc	AA	shared	expression_nearest_gene	chr7_1413722_1414107	chr7	1413722	1414107	Heritable	0.301465018888122	1	1	0	0	0.726069035706611	0.997818244032116	0.113719245651198	0.113719245651198
all_individuals	dlpfc	AA	shared	expression_nearest_gene	chr7_141737468_141737607	chr7	141737468	141737607	Heritable	0.164486677765255	1	1	0	0	0.330805288350997	0.997818244032116	0.221360225470287	-0.221360225470287
all_individuals	dlpfc	AA	shared	expression_nearest_gene	chr7_143162123_143163786	chr7	143162123	143163786	Heritable	0.133448595767136	1	1	0	0	0.911698303474074	0.997818244032116	0.0023268331246181	-0.0023268331246181
all_individuals	dlpfc	AA	shared	expression_nearest_gene	chr7_143285995_143286488	chr7	143285995	143286488	Heritable	0.135870538650786	1	1	0	0	0.295591131943953	0.983008463446871	0.237821809320721	0.237821809320721
all_individuals	dlpfc	AA	shared	expression_nearest_gene	chr7_149146570_149146841	chr7	149146570	149146841	Heritable	0.158843221106466	1	1	0	0	0.149442846489874	0.898122204885225	0.189819023755327	-0.189819023755327
all_individuals	dlpfc	AA	shared	expression_nearest_gene	chr7_149190722_149191590	chr7	149190722	149191590	Heritable	0.344500728510078	1	1	0	0	0.526226417497409	0.997818244032116	0.102575013748289	-0.102575013748289
all_individuals	dlpfc	AA	shared	expression_nearest_gene	chr7_149765409_149766221	chr7	149765409	149766221	Heritable	0.13733317475292	1	1	0	0	0.453752415223646	0.997818244032116	0.220583539035175	0.220583539035175
all_individuals	dlpfc	AA	shared	expression_nearest_gene	chr7_149787564_149787984	chr7	149787564	149787984	Heritable	0.176044445922583	1	1	0	0	0.727881185675835	0.997818244032116	0.115006124863752	0.115006124863752
all_individuals	dlpfc	AA	shared	expression_nearest_gene	chr7_150281889_150282445	chr7	150281889	150282445	Heritable	0.102114840882392	1	1	0	0	0.561476948781376	0.997818244032116	0.136128339964415	-0.136128339964415
all_individuals	dlpfc	AA	shared	expression_nearest_gene	chr7_150382965_150384770	chr7	150382965	150384770	Non-heritable	0.063695979648487	1	1	0	0	0.0497949419278023	0.771372187047652	0.458302059752182	-0.458302059752182
all_individuals	dlpfc	AA	shared	expression_nearest_gene	chr7_150388494_150388961	chr7	150388494	150388961	Heritable	0.119816607809982	1	1	0	0	0.0879001065264182	0.852417590912265	0.462094137245948	-0.462094137245948
all_individuals	dlpfc	AA	shared	expression_nearest_gene	chr7_150955407_150955804	chr7	150955407	150955804	Non-heritable	0.0611226775725287	1	1	0	0	0.840364361505	0.997818244032116	0.0527534629630218	-0.0527534629630218
all_individuals	dlpfc	AA	shared	expression_nearest_gene	chr7_150964028_150965069	chr7	150964028	150965069	Heritable	0.129779912260764	1	1	0	0	0.450856780054044	0.997818244032116	0.193590475517955	-0.193590475517955
all_individuals	dlpfc	AA	shared	expression_nearest_gene	chr7_151131351_151131839	chr7	151131351	151131839	Heritable	0.113692346055334	1	1	0	0	0.646337679696985	0.997818244032116	0.0953564097490229	-0.0953564097490229
all_individuals	dlpfc	AA	shared	expression_nearest_gene	chr7_151142809_151143867	chr7	151142809	151143867	Heritable	0.110186884443382	1	1	0	0	0.241619785953504	0.95502009606648	0.248837181222186	-0.248837181222186
all_individuals	dlpfc	AA	shared	expression_nearest_gene	chr7_151304184_151304286	chr7	151304184	151304286	Heritable	0.12846325970818	1	1	0	0	0.964831595408178	0.997818244032116	0.00809016345494129	0.00809016345494129
all_individuals	dlpfc	AA	shared	expression_nearest_gene	chr7_151808515_151811115	chr7	151808515	151811115	Heritable	0.112141092796203	1	1	0	0	0.64210797452332	0.997818244032116	0.0733244233550998	-0.0733244233550998
all_individuals	dlpfc	AA	shared	expression_nearest_gene	chr7_151813060_151813578	chr7	151813060	151813578	Heritable	0.303303684842036	1	1	0	0	0.795100986119831	0.997818244032116	0.0430484604529253	0.0430484604529253
all_individuals	dlpfc	AA	shared	expression_nearest_gene	chr7_152840373_152840504	chr7	152840373	152840504	Heritable	0.10583646474227	1	1	0	0	0.741532326973613	0.997818244032116	0.0401108884929498	-0.0401108884929498
all_individuals	dlpfc	AA	shared	expression_nearest_gene	chr7_152899197_152899806	chr7	152899197	152899806	Heritable	0.113090541426639	1	1	0	0	0.447618349758016	0.997818244032116	0.118925452072588	-0.118925452072588
all_individuals	dlpfc	AA	shared	expression_nearest_gene	chr7_153026822_153027458	chr7	153026822	153027458	Heritable	0.119285033953326	1	1	0	0	0.740734968037186	0.997818244032116	0.0485697090415478	-0.0485697090415478
all_individuals	dlpfc	AA	shared	expression_nearest_gene	chr7_153934651_153935263	chr7	153934651	153935263	Heritable	0.11207281848613	1	1	0	0	0.672896934927139	0.997818244032116	0.0825294180745786	-0.0825294180745786
all_individuals	dlpfc	AA	shared	expression_nearest_gene	chr7_154567515_154568600	chr7	154567515	154568600	Heritable	0.128422224550605	1	1	0	0	0.163316938500659	0.911713995663319	0.286926265738301	-0.286926265738301
all_individuals	dlpfc	AA	shared	expression_nearest_gene	chr7_154984056_154987704	chr7	154984056	154987704	Non-heritable	0.0286491560208798	1	1	0	0	0.718642775808718	0.997818244032116	0.051714778879095	0.051714778879095
all_individuals	dlpfc	AA	shared	expression_nearest_gene	chr7_155071884_155072390	chr7	155071884	155072390	Non-heritable	0.0808508733432639	1	1	0	0	0.438759826474642	0.997818244032116	0.19375696124234	-0.19375696124234
all_individuals	dlpfc	AA	shared	expression_nearest_gene	chr7_155230205_155230590	chr7	155230205	155230590	Non-heritable	0.0529484688349517	1	1	0	0	0.992320885065331	0.999072951153293	0.000283447438696766	-0.000283447438696766
all_individuals	dlpfc	AA	shared	expression_nearest_gene	chr7_155450172_155452694	chr7	155450172	155452694	Non-heritable	0.0178321407445618	1	1	0	0	0.552099418502204	0.997818244032116	0.0171442914681465	-0.0171442914681465
all_individuals	dlpfc	AA	shared	expression_nearest_gene	chr7_155469260_155471930	chr7	155469260	155471930	Non-heritable	0.097953797640551	1	1	0	0	0.668213155164519	0.997818244032116	0.0372629584496154	0.0372629584496154
all_individuals	dlpfc	AA	shared	expression_nearest_gene	chr7_155491324_155491753	chr7	155491324	155491753	Non-heritable	0.0830751264691616	1	1	0	0	0.859407024427258	0.997818244032116	0.0184395854030105	0.0184395854030105
all_individuals	dlpfc	AA	shared	expression_nearest_gene	chr7_155497520_155498142	chr7	155497520	155498142	Non-heritable	0.068788938031572	1	1	0	0	0.787136342189304	0.997818244032116	0.0260202465353686	-0.0260202465353686
all_individuals	dlpfc	AA	shared	expression_nearest_gene	chr7_155511144_155513391	chr7	155511144	155513391	Non-heritable	0.0537743240335429	1	1	0	0	0.1405449104784	0.886987978379458	0.147850948288007	-0.147850948288007
all_individuals	dlpfc	AA	shared	expression_nearest_gene	chr7_155568427_155568790	chr7	155568427	155568790	Non-heritable	0.0684908812494038	1	1	0	0	0.776455677698807	0.997818244032116	0.0298602141310875	-0.0298602141310875
all_individuals	dlpfc	AA	shared	expression_nearest_gene	chr7_155806347_155806658	chr7	155806347	155806658	Heritable	0.168337558908159	1	1	0	0	0.938622443065124	0.997818244032116	0.021845369787254	-0.021845369787254
all_individuals	dlpfc	AA	shared	expression_nearest_gene	chr7_155933692_155934952	chr7	155933692	155934952	Non-heritable	0.0893867745808027	1	1	0	0	0.0734319550055707	0.827024984065364	0.337659845128814	0.337659845128814
all_individuals	dlpfc	AA	shared	expression_nearest_gene	chr7_157007847_157008175	chr7	157007847	157008175	Heritable	0.256581530231142	1	1	0	0	0.739911102176755	0.997818244032116	0.00549435982903109	-0.00549435982903109
all_individuals	dlpfc	AA	shared	expression_nearest_gene	chr7_157234694_157235121	chr7	157234694	157235121	Heritable	0.22930825648213	1	1	0	0	0.233939845538454	0.947930352176406	0.0891765369553026	-0.0891765369553026
all_individuals	dlpfc	AA	shared	expression_nearest_gene	chr7_157397362_157397645	chr7	157397362	157397645	Heritable	0.117013641768457	1	1	0	0	0.400406047742752	0.997818244032116	0.127706985704648	0.127706985704648
all_individuals	dlpfc	AA	shared	expression_nearest_gene	chr7_157569416_157569739	chr7	157569416	157569739	Heritable	0.169240572005647	1	1	0	0	0.100568676383586	0.868906406217649	0.395623508930115	0.395623508930115
all_individuals	dlpfc	AA	shared	expression_nearest_gene	chr7_157601645_157601965	chr7	157601645	157601965	Heritable	0.119423216084491	1	1	0	0	0.913910680469153	0.997818244032116	0.0241221195348587	0.0241221195348587
all_individuals	dlpfc	AA	shared	expression_nearest_gene	chr7_157609799_157610039	chr7	157609799	157610039	Heritable	0.135245934754957	1	1	0	0	0.169977056570196	0.911713995663319	0.332083941838441	-0.332083941838441
all_individuals	dlpfc	AA	shared	expression_nearest_gene	chr7_157750954_157751549	chr7	157750954	157751549	Heritable	0.10949413518796	1	1	0	0	0.147427289786454	0.891816694082242	0.342828583261412	-0.342828583261412
all_individuals	dlpfc	AA	shared	expression_nearest_gene	chr7_157784662_157785249	chr7	157784662	157785249	Heritable	0.115282510218199	1	1	0	0	0.181121611917328	0.913270078422155	0.29855216590795	-0.29855216590795
all_individuals	dlpfc	AA	shared	expression_nearest_gene	chr7_157851779_157852090	chr7	157851779	157852090	Heritable	0.20492978962081	1	1	0	0	0.409891742167059	0.997818244032116	0.158008739780667	-0.158008739780667
all_individuals	dlpfc	AA	shared	expression_nearest_gene	chr7_157897543_157898136	chr7	157897543	157898136	Heritable	0.111313151829876	1	1	0	0	0.0953731634908058	0.859761017939176	0.310738493202869	-0.310738493202869
all_individuals	dlpfc	AA	shared	expression_nearest_gene	chr7_157953076_157953575	chr7	157953076	157953575	Heritable	0.141559754583307	1	1	0	0	0.110484142015482	0.885502111448744	0.348914512001315	-0.348914512001315
all_individuals	dlpfc	AA	shared	expression_nearest_gene	chr7_158045849_158046535	chr7	158045849	158046535	Heritable	0.116394085612143	1	1	0	0	0.170244766438085	0.911713995663319	0.302981715989056	-0.302981715989056
all_individuals	dlpfc	AA	shared	expression_nearest_gene	chr7_158447226_158448095	chr7	158447226	158448095	Heritable	0.120067754911366	1	1	0	0	0.202173572487757	0.931624393086991	0.265037139036231	-0.265037139036231
all_individuals	dlpfc	AA	shared	expression_nearest_gene	chr7_158996927_158997697	chr7	158996927	158997697	Heritable	0.130532955919755	1	1	0	0	0.525182651890322	0.997818244032116	0.176892119563578	-0.176892119563578
all_individuals	dlpfc	AA	shared	expression_nearest_gene	chr7_1648272_1648602	chr7	1648272	1648602	Heritable	0.110689377458256	1	1	0	0	0.00273126400765951	0.111617655779685	0.949222185279062	-0.949222185279062
all_individuals	dlpfc	AA	shared	expression_nearest_gene	chr7_16586524_16586993	chr7	16586524	16586993	Heritable	0.204867321817979	1	1	0	0	0.258677238351414	0.964672006403031	0.00465596761915429	0.00465596761915429
all_individuals	dlpfc	AA	shared	expression_nearest_gene	chr7_1691864_1692269	chr7	1691864	1692269	Heritable	0.130553186300126	1	1	0	0	0.0805699490516135	0.837009739098271	0.503332633927361	-0.503332633927361
all_individuals	dlpfc	AA	shared	expression_nearest_gene	chr7_1758866_1759639	chr7	1758866	1759639	Heritable	0.133110234440557	1	1	0	0	0.37765566540434	0.997818244032116	0.250561867109682	-0.250561867109682
all_individuals	dlpfc	AA	shared	expression_nearest_gene	chr7_19193781_19194918	chr7	19193781	19194918	Heritable	0.201986578985058	1	1	0	0	0.617410818605985	0.997818244032116	0.0435823721626885	0.0435823721626885
all_individuals	dlpfc	AA	shared	expression_nearest_gene	chr7_1965844_1967041	chr7	1965844	1967041	Heritable	0.137071959985624	1	1	0	0	0.412549105794711	0.997818244032116	0.154789611502557	0.154789611502557
all_individuals	dlpfc	AA	shared	expression_nearest_gene	chr7_2009206_2009957	chr7	2009206	2009957	Heritable	0.115215469751981	1	1	0	0	0.433015529822688	0.997818244032116	0.188017753426667	0.188017753426667
all_individuals	dlpfc	AA	shared	expression_nearest_gene	chr7_2043470_2043948	chr7	2043470	2043948	Heritable	0.132083585142439	1	1	0	0	0.358946004664893	0.997818244032116	0.186099254471048	0.186099254471048
all_individuals	dlpfc	AA	shared	expression_nearest_gene	chr7_20775606_20777047	chr7	20775606	20777047	Heritable	0.128257310404499	1	1	0	0	0.860662186184779	0.997818244032116	0.00776485538056454	-0.00776485538056454
all_individuals	dlpfc	AA	shared	expression_nearest_gene	chr7_20779024_20779555	chr7	20779024	20779555	Heritable	0.167244691736826	1	1	0	0	0.369228600300309	0.997818244032116	0.0389062272025832	-0.0389062272025832
all_individuals	dlpfc	AA	shared	expression_nearest_gene	chr7_20788912_20789897	chr7	20788912	20789897	Heritable	0.113916808985482	1	1	0	0	0.946776588875088	0.997818244032116	0.0205974461643192	0.0205974461643192
all_individuals	dlpfc	AA	shared	expression_nearest_gene	chr7_2086444_2086512	chr7	2086444	2086512	Heritable	0.106791243679404	1	1	0	0	0.143872874026501	0.886987978379458	0.298914574027124	0.298914574027124
all_individuals	dlpfc	AA	shared	expression_nearest_gene	chr7_2147158_2147427	chr7	2147158	2147427	Heritable	0.111737824945389	1	1	0	0	0.388811080150618	0.997818244032116	0.178049375713212	0.178049375713212
all_individuals	dlpfc	AA	shared	expression_nearest_gene	chr7_22001216_22001488	chr7	22001216	22001488	Heritable	0.106221832768295	1	1	0	0	0.341621502619268	0.997818244032116	0.203252534499736	-0.203252534499736
all_individuals	dlpfc	AA	shared	expression_nearest_gene	chr7_2243165_2243352	chr7	2243165	2243352	Heritable	0.3461991351198	1	1	0	0	0.0079880441427011	0.269895255246696	0.633494977670109	0.633494977670109
all_individuals	dlpfc	AA	shared	expression_nearest_gene	chr7_2251956_2252441	chr7	2251956	2252441	Heritable	0.331234727513216	1	1	0	0	0.849086441995843	0.997818244032116	0.0423762409365907	0.0423762409365907
all_individuals	dlpfc	AA	shared	expression_nearest_gene	chr7_2269719_2270148	chr7	2269719	2270148	Heritable	0.100493243297155	1	1	0	0	0.989106758237865	0.998470167913169	0.00380923215544726	-0.00380923215544726
all_individuals	dlpfc	AA	shared	expression_nearest_gene	chr7_22821400_22821735	chr7	22821400	22821735	Heritable	0.131174456421553	1	1	0	0	0.811804380394156	0.997818244032116	0.0635710851729883	0.0635710851729883
all_individuals	dlpfc	AA	shared	expression_nearest_gene	chr7_2417857_2418668	chr7	2417857	2418668	Heritable	0.223699830109326	1	1	0	0	0.0946801806031324	0.858360614647871	0.330661165239585	0.330661165239585
all_individuals	dlpfc	AA	shared	expression_nearest_gene	chr7_2446126_2447031	chr7	2446126	2447031	Heritable	0.133812405924778	1	1	0	0	0.071524781405716	0.824718295520025	0.341205679760794	0.341205679760794
all_individuals	dlpfc	AA	shared	expression_nearest_gene	chr7_2478403_2478743	chr7	2478403	2478743	Heritable	0.123235797032512	1	1	0	0	0.608902655313224	0.997818244032116	0.0186244498146827	-0.0186244498146827
all_individuals	dlpfc	AA	shared	expression_nearest_gene	chr7_2604596_2604923	chr7	2604596	2604923	Heritable	0.103826685190267	1	1	0	0	0.897435184062877	0.997818244032116	0.0219394069320984	-0.0219394069320984
all_individuals	dlpfc	AA	shared	expression_nearest_gene	chr7_2614857_2615098	chr7	2614857	2615098	Heritable	0.104111354278938	1	1	0	0	0.618017486796402	0.997818244032116	0.0228058116986094	-0.0228058116986094
all_individuals	dlpfc	AA	shared	expression_nearest_gene	chr7_26292666_26292929	chr7	26292666	26292929	Non-heritable	0.0967357724581075	1	1	0	0	0.261405574570911	0.967809594895411	0.244880218014291	-0.244880218014291
all_individuals	dlpfc	AA	shared	expression_nearest_gene	chr7_2629984_2630790	chr7	2629984	2630790	Heritable	0.140677762803655	1	1	0	0	0.725262081134324	0.997818244032116	0.122088256692727	-0.122088256692727
all_individuals	dlpfc	AA	shared	expression_nearest_gene	chr7_2637458_2638677	chr7	2637458	2638677	Heritable	0.119497932406669	1	1	0	0	0.297526661593322	0.983580049997645	0.343006445917759	0.343006445917759
all_individuals	dlpfc	AA	shared	expression_nearest_gene	chr7_26397273_26397712	chr7	26397273	26397712	Non-heritable	0.0745549523756094	1	1	0	0	0.122526794458731	0.885502111448744	0.993272864840417	-0.993272864840417
all_individuals	dlpfc	AA	shared	expression_nearest_gene	chr7_2681684_2682226	chr7	2681684	2682226	Heritable	0.10295597178631	1	1	0	0	0.316113257537274	0.985786328555555	0.280250149857778	0.280250149857778
all_individuals	dlpfc	AA	shared	expression_nearest_gene	chr7_2701525_2702660	chr7	2701525	2702660	Non-heritable	0.0602721718402744	1	1	0	0	0.968557272329218	0.997818244032116	0.00989236375151847	0.00989236375151847
all_individuals	dlpfc	AA	shared	expression_nearest_gene	chr7_2738148_2738584	chr7	2738148	2738584	Heritable	0.119247425720193	1	1	0	0	0.0110580662865127	0.334156073488916	0.652272362481025	-0.652272362481025
all_individuals	dlpfc	AA	shared	expression_nearest_gene	chr7_27551969_27552171	chr7	27551969	27552171	Heritable	0.112811897477791	1	1	0	0	0.899755333306614	0.997818244032116	0.0179014137361069	-0.0179014137361069
all_individuals	dlpfc	AA	shared	expression_nearest_gene	chr7_28560659_28561462	chr7	28560659	28561462	Heritable	0.117712894467128	1	1	0	0	0.693246284218265	0.997818244032116	0.102114690791872	-0.102114690791872
all_individuals	dlpfc	AA	shared	expression_nearest_gene	chr7_2860552_2861185	chr7	2860552	2861185	Heritable	0.125544295066216	1	1	0	0	0.711349527109426	0.997818244032116	0.0590848397189561	0.0590848397189561
all_individuals	dlpfc	AA	shared	expression_nearest_gene	chr7_28754146_28754756	chr7	28754146	28754756	Heritable	0.107411743250545	1	1	0	0	0.721396087520284	0.997818244032116	0.105480006314053	-0.105480006314053
all_individuals	dlpfc	AA	shared	expression_nearest_gene	chr7_29090965_29091655	chr7	29090965	29091655	Heritable	0.100943564643507	1	1	0	0	0.354811480426648	0.997818244032116	0.378186940631714	-0.378186940631714
all_individuals	dlpfc	AA	shared	expression_nearest_gene	chr7_29199524_29200815	chr7	29199524	29200815	Heritable	0.123778033473429	1	1	0	0	0.88965082146686	0.997818244032116	0.0285082029819428	0.0285082029819428
all_individuals	dlpfc	AA	shared	expression_nearest_gene	chr7_29231319_29232648	chr7	29231319	29232648	Heritable	0.110432030931198	1	1	0	0	0.861854945046896	0.997818244032116	0.0381826150265425	-0.0381826150265425
all_individuals	dlpfc	AA	shared	expression_nearest_gene	chr7_30286793_30286932	chr7	30286793	30286932	Non-heritable	0.0785545444386496	1	1	0	0	0.620494445996618	0.997818244032116	0.101485471243363	-0.101485471243363
all_individuals	dlpfc	AA	shared	expression_nearest_gene	chr7_30755399_30755831	chr7	30755399	30755831	Heritable	0.210835867286741	1	1	0	0	0.362960758726745	0.997818244032116	0.208975641725228	0.208975641725228
all_individuals	dlpfc	AA	shared	expression_nearest_gene	chr7_32318256_32319171	chr7	32318256	32319171	Heritable	0.123789609436002	1	1	0	0	0.365922045247933	0.997818244032116	0.196824971590981	0.196824971590981
all_individuals	dlpfc	AA	shared	expression_nearest_gene	chr7_32905857_32905963	chr7	32905857	32905963	Heritable	0.10538984563006	1	1	0	0	0.615613680539207	0.997818244032116	0.121050048370983	-0.121050048370983
all_individuals	dlpfc	AA	shared	expression_nearest_gene	chr7_35035070_35035922	chr7	35035070	35035922	Heritable	0.129121076038362	1	1	0	0	0.559408507978791	0.997818244032116	0.101282936285518	0.101282936285518
all_individuals	dlpfc	AA	shared	expression_nearest_gene	chr7_36406268_36406610	chr7	36406268	36406610	Heritable	0.15336261859499	1	1	0	0	0.505592701916901	0.997818244032116	0.19321829979458	-0.19321829979458
all_individuals	dlpfc	AA	shared	expression_nearest_gene	chr7_36545082_36547585	chr7	36545082	36547585	Heritable	0.131483047214588	1	1	0	0	0.443223802780933	0.997818244032116	0.147826505372564	-0.147826505372564
all_individuals	dlpfc	AA	shared	expression_nearest_gene	chr7_3722459_3723368	chr7	3722459	3723368	Heritable	0.175950928145148	1	1	0	0	0.660793650222354	0.997818244032116	0.116151614279746	-0.116151614279746
all_individuals	dlpfc	AA	shared	expression_nearest_gene	chr7_3754632_3754947	chr7	3754632	3754947	Non-heritable	0.0553461722525797	1	1	0	0	0.986522197355406	0.997818244032116	0.00534778111180145	-0.00534778111180145
all_individuals	dlpfc	AA	shared	expression_nearest_gene	chr7_38629122_38630047	chr7	38629122	38630047	Heritable	0.176293161745934	1	1	0	0	0.0411844531459437	0.734366138918551	0.428238875965772	-0.428238875965772
all_individuals	dlpfc	AA	shared	expression_nearest_gene	chr7_4152099_4152379	chr7	4152099	4152379	Heritable	0.118864006482292	1	1	0	0	0.745630446838117	0.997818244032116	0.109500520757187	0.109500520757187
all_individuals	dlpfc	AA	shared	expression_nearest_gene	chr7_41964653_41965268	chr7	41964653	41965268	Heritable	0.13762317769013	1	1	0	0	0.314075224249357	0.985760877676827	0.264373618766015	-0.264373618766015
all_individuals	dlpfc	AA	shared	expression_nearest_gene	chr7_4204407_4205113	chr7	4204407	4205113	Heritable	0.541926884659834	1	1	0	0	0.739908732793847	0.997818244032116	0.0799756215690373	-0.0799756215690373
all_individuals	dlpfc	AA	shared	expression_nearest_gene	chr7_44015221_44015344	chr7	44015221	44015344	Heritable	0.127673626209467	1	1	0	0	0.831783944086089	0.997818244032116	0.0440434833287817	-0.0440434833287817
all_individuals	dlpfc	AA	shared	expression_nearest_gene	chr7_44063955_44065064	chr7	44063955	44065064	Heritable	0.160458675127039	1	1	0	0	0.120868446784189	0.885502111448744	0.266445384987367	-0.266445384987367
all_individuals	dlpfc	AA	shared	expression_nearest_gene	chr7_44232448_44232926	chr7	44232448	44232926	Non-heritable	0.049049615345929	1	1	0	0	0.422589951217544	0.997818244032116	0.177887671468202	-0.177887671468202
all_individuals	dlpfc	AA	shared	expression_nearest_gene	chr7_44264680_44265827	chr7	44264680	44265827	Heritable	0.124877810163581	1	1	0	0	0.402398666412184	0.997818244032116	0.185533690321382	-0.185533690321382
all_individuals	dlpfc	AA	shared	expression_nearest_gene	chr7_44268094_44268237	chr7	44268094	44268237	Heritable	0.116030355440697	1	1	0	0	0.593780300625454	0.997818244032116	0.127344833924657	-0.127344833924657
all_individuals	dlpfc	AA	shared	expression_nearest_gene	chr7_44309113_44309422	chr7	44309113	44309422	Heritable	0.297264822058582	1	1	0	0	0.138563374581976	0.886987978379458	0.315909853450744	-0.315909853450744
all_individuals	dlpfc	AA	shared	expression_nearest_gene	chr7_44912202_44913554	chr7	44912202	44913554	Heritable	0.100932659279863	1	1	0	0	0.130776693014949	0.885502111448744	0.230529927147273	0.230529927147273
all_individuals	dlpfc	AA	shared	expression_nearest_gene	chr7_45082208_45082672	chr7	45082208	45082672	Heritable	0.17827292775512	1	1	0	0	0.853969973146491	0.997818244032116	0.044975342573764	-0.044975342573764
all_individuals	dlpfc	AA	shared	expression_nearest_gene	chr7_45086092_45086613	chr7	45086092	45086613	Heritable	0.175858586307838	1	1	0	0	0.655570210127286	0.997818244032116	0.107872952364403	-0.107872952364403
all_individuals	dlpfc	AA	shared	expression_nearest_gene	chr7_45171258_45171763	chr7	45171258	45171763	Heritable	0.690002877490575	1	1	0	0	0.658348976327556	0.997818244032116	0.175292074670468	-0.175292074670468
all_individuals	dlpfc	AA	shared	expression_nearest_gene	chr7_4556767_4557629	chr7	4556767	4557629	Heritable	0.11276497549863	1	1	0	0	0.811898430939967	0.997818244032116	0.0356798955972815	-0.0356798955972815
all_individuals	dlpfc	AA	shared	expression_nearest_gene	chr7_45576642_45578220	chr7	45576642	45578220	Heritable	0.101119284338129	1	1	0	0	0.487315953988204	0.997818244032116	0.164754698477967	-0.164754698477967
all_individuals	dlpfc	AA	shared	expression_nearest_gene	chr7_46215556_46216373	chr7	46215556	46216373	Heritable	0.102794320581358	1	1	0	0	0.487776257639357	0.997818244032116	0.0884179098261574	-0.0884179098261574
all_individuals	dlpfc	AA	shared	expression_nearest_gene	chr7_4723288_4723594	chr7	4723288	4723594	Heritable	0.108788510253993	1	1	0	0	0.727955902004837	0.997818244032116	0.080192683805528	-0.080192683805528
all_individuals	dlpfc	AA	shared	expression_nearest_gene	chr7_47326923_47328460	chr7	47326923	47328460	Heritable	0.109326160605151	1	1	0	0	0.759710990548267	0.997818244032116	0.0963267676813686	-0.0963267676813686
all_individuals	dlpfc	AA	shared	expression_nearest_gene	chr7_47568572_47568967	chr7	47568572	47568967	Heritable	0.115881532698714	1	1	0	0	0.881138947396515	0.997818244032116	0.0470227726077959	-0.0470227726077959
all_individuals	dlpfc	AA	shared	expression_nearest_gene	chr7_4792031_4793029	chr7	4792031	4793029	Heritable	0.260360871535186	1	1	0	0	0.455319446743099	0.997818244032116	0.135453895138847	0.135453895138847
all_individuals	dlpfc	AA	shared	expression_nearest_gene	chr7_4807622_4808325	chr7	4807622	4808325	Heritable	0.12062726680508	1	1	0	0	0.456050623030822	0.997818244032116	0.219571999773982	-0.219571999773982
all_individuals	dlpfc	AA	shared	expression_nearest_gene	chr7_4861651_4861822	chr7	4861651	4861822	Heritable	0.281281700228096	1	1	0	0	0.337154856473804	0.997818244032116	0.230666094473919	-0.230666094473919
all_individuals	dlpfc	AA	shared	expression_nearest_gene	chr7_4874270_4874486	chr7	4874270	4874486	Heritable	0.102658519993427	1	1	0	0	0.788742209070516	0.997818244032116	0.0807549766030977	-0.0807549766030977
all_individuals	dlpfc	AA	shared	expression_nearest_gene	chr7_48848125_48848221	chr7	48848125	48848221	Heritable	0.158952438306276	1	1	0	0	0.435827693652806	0.997818244032116	0.147309932908278	-0.147309932908278
all_individuals	dlpfc	AA	shared	expression_nearest_gene	chr7_50211691_50212290	chr7	50211691	50212290	Heritable	0.138577095263376	1	1	0	0	0.959189951474239	0.997818244032116	0.00316573618442961	-0.00316573618442961
all_individuals	dlpfc	AA	shared	expression_nearest_gene	chr7_50640915_50641781	chr7	50640915	50641781	Heritable	0.126721932342117	1	1	0	0	0.774801523551574	0.997818244032116	0.0369659067027683	-0.0369659067027683
all_individuals	dlpfc	AA	shared	expression_nearest_gene	chr7_51233271_51233838	chr7	51233271	51233838	Heritable	0.101144416820591	1	1	0	0	0.548239274257338	0.997818244032116	0.105055375649719	0.105055375649719
all_individuals	dlpfc	AA	shared	expression_nearest_gene	chr7_51314051_51314931	chr7	51314051	51314931	Heritable	0.120567793608939	1	1	0	0	0.36441171918256	0.997818244032116	0.12759943804136	0.12759943804136
all_individuals	dlpfc	AA	shared	expression_nearest_gene	chr7_5131614_5132222	chr7	5131614	5132222	Heritable	0.403721723229314	1	1	0	0	0.628909320544594	0.997818244032116	0.125253326450615	0.125253326450615
all_individuals	dlpfc	AA	shared	expression_nearest_gene	chr7_5275551_5275770	chr7	5275551	5275770	Heritable	0.176444204962777	1	1	0	0	0.120374789700057	0.885502111448744	0.592031132430453	-0.592031132430453
all_individuals	dlpfc	AA	shared	expression_nearest_gene	chr7_5351237_5351875	chr7	5351237	5351875	Heritable	0.145573496345722	1	1	0	0	0.531138967258961	0.997818244032116	0.173196955323534	-0.173196955323534
all_individuals	dlpfc	AA	shared	expression_nearest_gene	chr7_55005382_55005708	chr7	55005382	55005708	Heritable	0.125400808715508	1	1	0	0	0.941313244763012	0.997818244032116	0.0176351730873705	-0.0176351730873705
all_individuals	dlpfc	AA	shared	expression_nearest_gene	chr7_55526798_55527569	chr7	55526798	55527569	Heritable	0.190526867054644	1	1	0	0	0.630422839543725	0.997818244032116	0.0657136482624168	-0.0657136482624168
all_individuals	dlpfc	AA	shared	expression_nearest_gene	chr7_5586613_5587041	chr7	5586613	5587041	Heritable	0.11481237030248	1	1	0	0	0.928566630975195	0.997818244032116	0.0248137017495083	0.0248137017495083
all_individuals	dlpfc	AA	shared	expression_nearest_gene	chr7_5635767_5637018	chr7	5635767	5637018	Heritable	0.124652785058439	1	1	0	0	0.187806902631365	0.920956452447216	0.150224249561468	0.150224249561468
all_individuals	dlpfc	AA	shared	expression_nearest_gene	chr7_6031899_6032450	chr7	6031899	6032450	Heritable	0.104407756471338	1	1	0	0	0.522027007188326	0.997818244032116	0.0644999128834473	-0.0644999128834473
all_individuals	dlpfc	AA	shared	expression_nearest_gene	chr7_6148535_6149179	chr7	6148535	6149179	Heritable	0.150141853203846	1	1	0	0	0.363938978513457	0.997818244032116	0.115156513724816	-0.115156513724816
all_individuals	dlpfc	AA	shared	expression_nearest_gene	chr7_6158865_6159168	chr7	6158865	6159168	Heritable	0.13254497497822	1	1	0	0	0.197346816080692	0.931624393086991	0.156107726964603	0.156107726964603
all_individuals	dlpfc	AA	shared	expression_nearest_gene	chr7_6168399_6168792	chr7	6168399	6168792	Heritable	0.125684713847444	1	1	0	0	0.215548680278773	0.944738201137267	0.216991851962064	0.216991851962064
all_individuals	dlpfc	AA	shared	expression_nearest_gene	chr7_6436369_6436479	chr7	6436369	6436479	Heritable	0.13327338560368	1	1	0	0	0.413757479817949	0.997818244032116	0.164660660324401	-0.164660660324401
all_individuals	dlpfc	AA	shared	expression_nearest_gene	chr7_64883362_64883743	chr7	64883362	64883743	Non-heritable	0.0884737519662583	1	1	0	0	0.191035320524152	0.924559060738879	0.352422913391194	-0.352422913391194
all_individuals	dlpfc	AA	shared	expression_nearest_gene	chr7_64889368_64889622	chr7	64889368	64889622	Heritable	0.241176434517358	1	1	1	1	5.94272360587579e-05	0.00418036508078902	0.953630149624791	-0.953630149624791
all_individuals	dlpfc	AA	shared	expression_nearest_gene	chr7_65250251_65250869	chr7	65250251	65250869	Heritable	0.170065062987782	1	1	0	0	0.365955801501198	0.997818244032116	0.0679902853468059	0.0679902853468059
all_individuals	dlpfc	AA	shared	expression_nearest_gene	chr7_66957917_66958145	chr7	66957917	66958145	Heritable	0.239837774659882	1	1	0	0	0.586811926388854	0.997818244032116	0.0571105716797611	-0.0571105716797611
all_individuals	dlpfc	AA	shared	expression_nearest_gene	chr7_67391039_67391538	chr7	67391039	67391538	Non-heritable	0.081159880598274	1	1	0	0	0.820785560561329	0.997818244032116	0.0335682738239171	0.0335682738239171
all_individuals	dlpfc	AA	shared	expression_nearest_gene	chr7_6826563_6827586	chr7	6826563	6827586	Heritable	0.129309894476054	1	1	0	0	0.954696828742819	0.997818244032116	0.0256252265092343	0.0256252265092343
all_individuals	dlpfc	AA	shared	expression_nearest_gene	chr7_68535596_68535795	chr7	68535596	68535795	Heritable	0.201203986770509	1	1	0	0	0.42070896947561	0.997818244032116	0.0180532187252465	-0.0180532187252465
all_individuals	dlpfc	AA	shared	expression_nearest_gene	chr7_70416604_70417569	chr7	70416604	70417569	Non-heritable	0.0889578002839231	1	1	0	0	0.890169905263829	0.997818244032116	0.0261768149097614	-0.0261768149097614
all_individuals	dlpfc	AA	shared	expression_nearest_gene	chr7_70432630_70433800	chr7	70432630	70433800	Heritable	0.134203212309155	1	1	0	0	0.681276056161094	0.997818244032116	0.0879840743289293	0.0879840743289293
all_individuals	dlpfc	AA	shared	expression_nearest_gene	chr7_71591962_71592464	chr7	71591962	71592464	Heritable	0.111782373750321	1	1	0	0	0.434705627787602	0.997818244032116	0.184862632929853	-0.184862632929853
all_individuals	dlpfc	AA	shared	expression_nearest_gene	chr7_72098761_72099401	chr7	72098761	72099401	Heritable	0.148689513459388	1	1	0	0	0.166514417299397	0.911713995663319	0.255269627186021	-0.255269627186021
all_individuals	dlpfc	AA	shared	expression_nearest_gene	chr7_72309187_72310079	chr7	72309187	72310079	Heritable	0.167081754725393	1	1	0	0	0.186181019895791	0.919881977298429	0.271184474076346	-0.271184474076346
all_individuals	dlpfc	AA	shared	expression_nearest_gene	chr7_72334580_72335427	chr7	72334580	72335427	Heritable	0.166655725972098	1	1	0	0	0.184146707396078	0.919740892107295	0.286144037487304	-0.286144037487304
all_individuals	dlpfc	AA	shared	expression_nearest_gene	chr7_73768636_73769686	chr7	73768636	73769686	Heritable	0.358314810132371	1	1	0	0	0.355098684506453	0.997818244032116	0.0292642802356155	0.0292642802356155
all_individuals	dlpfc	AA	shared	expression_nearest_gene	chr7_73970925_73971251	chr7	73970925	73971251	Heritable	0.121721833147261	1	1	0	0	0.524710855929409	0.997818244032116	0.245930097258373	0.245930097258373
all_individuals	dlpfc	AA	shared	expression_nearest_gene	chr7_74033986_74034195	chr7	74033986	74034195	Heritable	0.102182542939722	1	1	0	0	0.724975710593979	0.997818244032116	0.129492846446801	0.129492846446801
all_individuals	dlpfc	AA	shared	expression_nearest_gene	chr7_74196096_74196546	chr7	74196096	74196546	Heritable	0.103932452732534	1	1	0	0	0.463026829988113	0.997818244032116	0.0681143292521611	-0.0681143292521611
all_individuals	dlpfc	AA	shared	expression_nearest_gene	chr7_74372196_74373026	chr7	74372196	74373026	Heritable	0.116356654269883	1	1	0	0	0.578120585360076	0.997818244032116	0.122111631301895	-0.122111631301895
all_individuals	dlpfc	AA	shared	expression_nearest_gene	chr7_74380581_74380885	chr7	74380581	74380885	Heritable	0.135955526666112	1	1	0	0	0.642376601875738	0.997818244032116	0.103993032076819	-0.103993032076819
all_individuals	dlpfc	AA	shared	expression_nearest_gene	chr7_74511310_74511634	chr7	74511310	74511634	Heritable	0.127641967594564	1	1	0	0	0.448072991112838	0.997818244032116	0.144182631351995	-0.144182631351995
all_individuals	dlpfc	AA	shared	expression_nearest_gene	chr7_74619152_74619887	chr7	74619152	74619887	Heritable	0.166938214903752	1	1	0	0	0.94440503351268	0.997818244032116	0.0120553248856687	0.0120553248856687
all_individuals	dlpfc	AA	shared	expression_nearest_gene	chr7_75045749_75046092	chr7	75045749	75046092	Heritable	0.121267061272575	1	1	0	0	0.876900398670019	0.997818244032116	0.0201405432271029	-0.0201405432271029
all_individuals	dlpfc	AA	shared	expression_nearest_gene	chr7_75660628_75661087	chr7	75660628	75661087	Heritable	0.185449553994555	1	1	0	0	0.415206589570186	0.997818244032116	0.127819908274049	-0.127819908274049
all_individuals	dlpfc	AA	shared	expression_nearest_gene	chr7_76291331_76291442	chr7	76291331	76291442	Heritable	0.108491138291198	1	1	0	0	0.0932071967936088	0.85562970476162	0.477596171515259	0.477596171515259
all_individuals	dlpfc	AA	shared	expression_nearest_gene	chr7_76304978_76305487	chr7	76304978	76305487	Heritable	0.113553952995302	1	1	0	0	0.234041572128636	0.947930352176406	0.827759842330988	0.827759842330988
all_individuals	dlpfc	AA	shared	expression_nearest_gene	chr7_77002735_77003392	chr7	77002735	77003392	Heritable	0.104259420660459	1	1	0	0	0.407320087594608	0.997818244032116	0.149961189671668	0.149961189671668
all_individuals	dlpfc	AA	shared	expression_nearest_gene	chr7_79504528_79505391	chr7	79504528	79505391	Heritable	0.150147828409961	1	1	0	0	0.672841044526439	0.997818244032116	0.0973155301960462	0.0973155301960462
all_individuals	dlpfc	AA	shared	expression_nearest_gene	chr7_80114131_80114467	chr7	80114131	80114467	Heritable	0.129605106863677	1	1	0	0	0.182331580293452	0.914000947475704	0.244948859082896	-0.244948859082896
all_individuals	dlpfc	AA	shared	expression_nearest_gene	chr7_8070762_8071342	chr7	8070762	8071342	Heritable	0.115663297085863	1	1	0	0	0.464819860661443	0.997818244032116	0.11946534238092	0.11946534238092
all_individuals	dlpfc	AA	shared	expression_nearest_gene	chr7_81333686_81333823	chr7	81333686	81333823	Heritable	0.101192879963449	1	1	0	0	0.638655825618429	0.997818244032116	0.00540380390197705	0.00540380390197705
all_individuals	dlpfc	AA	shared	expression_nearest_gene	chr7_82571110_82572503	chr7	82571110	82572503	Heritable	0.180921835782062	1	1	0	0	0.96420080048964	0.997818244032116	0.00843084713882414	0.00843084713882414
all_individuals	dlpfc	AA	shared	expression_nearest_gene	chr7_83651755_83653192	chr7	83651755	83653192	Heritable	0.125244200185815	1	1	0	0	0.922335082890935	0.997818244032116	0.0321529945361068	0.0321529945361068
all_individuals	dlpfc	AA	shared	expression_nearest_gene	chr7_87000155_87001390	chr7	87000155	87001390	Heritable	0.524589139953937	1	1	0	0	0.594358356407133	0.997818244032116	0.122983663871999	-0.122983663871999
all_individuals	dlpfc	AA	shared	expression_nearest_gene	chr7_90153819_90153956	chr7	90153819	90153956	Heritable	0.120150357270995	1	1	0	0	0.0752454470776994	0.830141710561625	0.295623986196278	-0.295623986196278
all_individuals	dlpfc	AA	shared	expression_nearest_gene	chr7_90735913_90736445	chr7	90735913	90736445	Heritable	0.121052417072884	1	1	0	0	0.224639204624281	0.945014449508517	0.195818964362971	-0.195818964362971
all_individuals	dlpfc	AA	shared	expression_nearest_gene	chr7_92718142_92719043	chr7	92718142	92719043	Heritable	0.159053911943824	1	1	0	0	0.399508991819842	0.997818244032116	0.169752781965062	-0.169752781965062
all_individuals	dlpfc	AA	shared	expression_nearest_gene	chr7_95526167_95526552	chr7	95526167	95526552	Heritable	0.100515481684263	1	1	0	0	0.511171328028411	0.997818244032116	0.189503531695955	-0.189503531695955
all_individuals	dlpfc	AA	shared	expression_nearest_gene	chr7_9596676_9597308	chr7	9596676	9597308	Heritable	0.172603336845426	1	1	0	0	0.721029099970651	0.997818244032116	0.029205059663868	0.029205059663868
all_individuals	dlpfc	AA	shared	expression_nearest_gene	chr7_96076417_96077111	chr7	96076417	96077111	Heritable	0.12314407735752	1	1	0	0	0.736963610787114	0.997818244032116	0.0585311019351593	0.0585311019351593
all_individuals	dlpfc	AA	shared	expression_nearest_gene	chr7_97927510_97927667	chr7	97927510	97927667	Heritable	0.157235358673355	1	1	0	0	0.598290791956008	0.997818244032116	0.11591907775573	0.11591907775573
all_individuals	dlpfc	AA	shared	expression_nearest_gene	chr7_98034375_98034699	chr7	98034375	98034699	Heritable	0.136379685761789	1	1	0	0	0.483597019270692	0.997818244032116	0.0266239609219486	-0.0266239609219486
all_individuals	dlpfc	AA	shared	expression_nearest_gene	chr7_98218084_98218427	chr7	98218084	98218427	Heritable	0.137028408049593	1	1	0	0	0.791642492134268	0.997818244032116	0.0534639910557146	0.0534639910557146
all_individuals	dlpfc	AA	shared	expression_nearest_gene	chr7_98670023_98670753	chr7	98670023	98670753	Heritable	0.166399833670357	1	1	0	0	0.196685502313111	0.931624393086991	0.638857431834744	-0.638857431834744
all_individuals	dlpfc	AA	shared	expression_nearest_gene	chr7_98922080_98922329	chr7	98922080	98922329	Heritable	0.199610647939883	1	1	0	0	0.229784381159185	0.947930352176406	0.281303548361237	0.281303548361237
all_individuals	dlpfc	AA	shared	expression_nearest_gene	chr7_98981561_98982101	chr7	98981561	98982101	Heritable	0.105173874360178	1	1	0	0	0.823605781726786	0.997818244032116	0.0479263976011701	0.0479263976011701
all_individuals	dlpfc	AA	shared	expression_nearest_gene	chr7_99358013_99358441	chr7	99358013	99358441	Heritable	0.253236134491013	1	1	0	0	0.221479891430117	0.945014449508517	0.245604974439875	0.245604974439875
all_individuals	dlpfc	AA	shared	expression_nearest_gene	chr8_100650018_100650611	chr8	100650018	100650611	Heritable	0.106291166367756	1	1	0	0	0.582806358056292	0.997818244032116	0.217432911395832	0.217432911395832
all_individuals	dlpfc	AA	shared	expression_nearest_gene	chr8_103141649_103142704	chr8	103141649	103142704	Heritable	0.166436966565277	1	1	0	0	0.732357152954862	0.997818244032116	0.0582168721293215	-0.0582168721293215
all_individuals	dlpfc	AA	shared	expression_nearest_gene	chr8_105317097_105317526	chr8	105317097	105317526	Heritable	0.121231766526053	1	1	0	0	0.849318292409418	0.997818244032116	0.0399314118076397	-0.0399314118076397
all_individuals	dlpfc	AA	shared	expression_nearest_gene	chr8_105321056_105322166	chr8	105321056	105322166	Heritable	0.164682601505425	1	1	0	0	0.14119976962693	0.886987978379458	0.248754236362469	-0.248754236362469
all_individuals	dlpfc	AA	shared	expression_nearest_gene	chr8_109642221_109643867	chr8	109642221	109643867	Heritable	0.191072196160965	1	1	0	0	0.959490106408732	0.997818244032116	0.00772259632752348	-0.00772259632752348
all_individuals	dlpfc	AA	shared	expression_nearest_gene	chr8_109645751_109645815	chr8	109645751	109645815	Heritable	0.158866562115572	1	1	0	0	0.880399762064218	0.997818244032116	0.0244060813993627	0.0244060813993627
all_individuals	dlpfc	AA	shared	expression_nearest_gene	chr8_110203083_110203133	chr8	110203083	110203133	Heritable	0.119811663536271	1	1	0	0	0.80275005343211	0.997818244032116	0.0534806180462724	-0.0534806180462724
all_individuals	dlpfc	AA	shared	expression_nearest_gene	chr8_119209757_119209955	chr8	119209757	119209955	Heritable	0.134441483323916	1	1	0	0	0.842365680345481	0.997818244032116	0.0356983025002151	-0.0356983025002151
all_individuals	dlpfc	AA	shared	expression_nearest_gene	chr8_119673885_119674441	chr8	119673885	119674441	Heritable	0.111436783786773	1	1	0	0	0.717060768608933	0.997818244032116	0.106013965627064	-0.106013965627064
all_individuals	dlpfc	AA	shared	expression_nearest_gene	chr8_119832015_119832151	chr8	119832015	119832151	Heritable	0.200719644049488	1	1	0	1	0.00166511497024367	0.0736598797661402	0.298253952364894	0.298253952364894
all_individuals	dlpfc	AA	shared	expression_nearest_gene	chr8_123539538_123539926	chr8	123539538	123539926	Heritable	0.109673589499823	1	1	0	0	0.281281593927221	0.980486855842167	0.189291142993818	-0.189291142993818
all_individuals	dlpfc	AA	shared	expression_nearest_gene	chr8_124597665_124597865	chr8	124597665	124597865	Heritable	0.125080301292091	1	1	0	0	0.554881471893633	0.997818244032116	0.0805912812034393	0.0805912812034393
all_individuals	dlpfc	AA	shared	expression_nearest_gene	chr8_124601636_124601854	chr8	124601636	124601854	Heritable	0.152778599218078	1	1	0	0	0.613979978289803	0.997818244032116	0.0692598350832867	0.0692598350832867
all_individuals	dlpfc	AA	shared	expression_nearest_gene	chr8_124624698_124625544	chr8	124624698	124625544	Heritable	0.151266303027379	1	1	0	0	0.670470000503392	0.997818244032116	0.0611892068555306	0.0611892068555306
all_individuals	dlpfc	AA	shared	expression_nearest_gene	chr8_124775539_124776468	chr8	124775539	124776468	Heritable	0.130673095953418	1	1	0	0	0.531508253232578	0.997818244032116	0.113848279416482	-0.113848279416482
all_individuals	dlpfc	AA	shared	expression_nearest_gene	chr8_124815154_124816092	chr8	124815154	124816092	Heritable	0.144046884761275	1	1	0	0	0.900729982152084	0.997818244032116	0.0199887140933746	0.0199887140933746
all_individuals	dlpfc	AA	shared	expression_nearest_gene	chr8_124906974_124907336	chr8	124906974	124907336	Heritable	0.117284820853685	1	1	0	0	0.952568092266655	0.997818244032116	0.0123560993973157	-0.0123560993973157
all_individuals	dlpfc	AA	shared	expression_nearest_gene	chr8_125387840_125388197	chr8	125387840	125388197	Heritable	0.103993167480881	1	1	0	0	0.58066645675223	0.997818244032116	0.0802787314130562	0.0802787314130562
all_individuals	dlpfc	AA	shared	expression_nearest_gene	chr8_126555103_126555823	chr8	126555103	126555823	Heritable	0.130798162137516	1	1	0	0	0.223427119758243	0.945014449508517	0.325564589524667	-0.325564589524667
all_individuals	dlpfc	AA	shared	expression_nearest_gene	chr8_128018850_128019481	chr8	128018850	128019481	Heritable	0.128575779660188	1	1	0	0	0.129085338688245	0.885502111448744	0.439581600135551	0.439581600135551
all_individuals	dlpfc	AA	shared	expression_nearest_gene	chr8_129627442_129628851	chr8	129627442	129628851	Heritable	0.108002777846222	1	1	0	0	0.140496628609418	0.886987978379458	0.525624316797256	0.525624316797256
all_individuals	dlpfc	AA	shared	expression_nearest_gene	chr8_135234562_135236211	chr8	135234562	135236211	Non-heritable	0.0930807130610129	1	1	0	0	0.997819194553685	0.999682970775125	0.000270242023152179	-0.000270242023152179
all_individuals	dlpfc	AA	shared	expression_nearest_gene	chr8_139433262_139434334	chr8	139433262	139434334	Heritable	0.110372123989393	1	1	0	0	0.825818891358019	0.997818244032116	0.0530548333703225	-0.0530548333703225
all_individuals	dlpfc	AA	shared	expression_nearest_gene	chr8_139600766_139601466	chr8	139600766	139601466	Heritable	0.104367597698301	1	1	0	0	0.702659409667347	0.997818244032116	0.104535211817179	-0.104535211817179
all_individuals	dlpfc	AA	shared	expression_nearest_gene	chr8_139678997_139679823	chr8	139678997	139679823	Heritable	0.126052488221368	1	1	0	0	0.639115722779464	0.997818244032116	0.119560271895454	-0.119560271895454
all_individuals	dlpfc	AA	shared	expression_nearest_gene	chr8_139839779_139840214	chr8	139839779	139840214	Heritable	0.123578889106764	1	1	0	0	0.433718638632694	0.997818244032116	0.125733924973481	-0.125733924973481
all_individuals	dlpfc	AA	shared	expression_nearest_gene	chr8_139976565_139976786	chr8	139976565	139976786	Heritable	0.191654460981976	1	1	0	0	0.603515998317925	0.997818244032116	0.0949972946850615	0.0949972946850615
all_individuals	dlpfc	AA	shared	expression_nearest_gene	chr8_140007835_140008811	chr8	140007835	140008811	Heritable	0.110430715861378	1	1	0	0	0.507881073236975	0.997818244032116	0.108943767765062	0.108943767765062
all_individuals	dlpfc	AA	shared	expression_nearest_gene	chr8_140046957_140047380	chr8	140046957	140047380	Heritable	0.122152505836122	1	1	0	0	0.700556127155254	0.997818244032116	0.0610837034838774	0.0610837034838774
all_individuals	dlpfc	AA	shared	expression_nearest_gene	chr8_140210060_140210418	chr8	140210060	140210418	Heritable	0.127983815012056	1	1	0	0	0.718612210833971	0.997818244032116	0.0662352596159916	-0.0662352596159916
all_individuals	dlpfc	AA	shared	expression_nearest_gene	chr8_140349314_140349635	chr8	140349314	140349635	Heritable	0.117739663474311	1	1	0	0	0.465036375939032	0.997818244032116	0.142209070256801	0.142209070256801
all_individuals	dlpfc	AA	shared	expression_nearest_gene	chr8_140379176_140379458	chr8	140379176	140379458	Heritable	0.137344796835924	1	1	0	0	0.687598325876564	0.997818244032116	0.0737053050787004	0.0737053050787004
all_individuals	dlpfc	AA	shared	expression_nearest_gene	chr8_140546737_140546989	chr8	140546737	140546989	Heritable	0.112616017949413	1	1	0	0	0.323542990643601	0.993794852697277	0.160884240850962	-0.160884240850962
all_individuals	dlpfc	AA	shared	expression_nearest_gene	chr8_140799299_140800581	chr8	140799299	140800581	Heritable	0.126204808304954	1	1	0	0	0.808344297789569	0.997818244032116	0.0243336948945867	0.0243336948945867
all_individuals	dlpfc	AA	shared	expression_nearest_gene	chr8_140949462_140950263	chr8	140949462	140950263	Heritable	0.178650739549641	1	1	0	0	0.914059238225521	0.997818244032116	0.0127924659727015	-0.0127924659727015
all_individuals	dlpfc	AA	shared	expression_nearest_gene	chr8_141180756_141181078	chr8	141180756	141181078	Heritable	0.11031179247535	1	1	0	0	0.122380199056727	0.885502111448744	0.430242696935288	-0.430242696935288
all_individuals	dlpfc	AA	shared	expression_nearest_gene	chr8_141526476_141526599	chr8	141526476	141526599	Heritable	0.116202589805411	1	1	0	0	0.8301798857153	0.997818244032116	0.0168046143316544	0.0168046143316544
all_individuals	dlpfc	AA	shared	expression_nearest_gene	chr8_141596225_141596556	chr8	141596225	141596556	Heritable	0.149589037451107	1	1	0	0	0.771133738399336	0.997818244032116	0.0236340919939997	-0.0236340919939997
all_individuals	dlpfc	AA	shared	expression_nearest_gene	chr8_142089361_142090125	chr8	142089361	142090125	Heritable	0.113803627300418	1	1	0	0	0.248978755692732	0.958038504795448	0.0156245366085632	-0.0156245366085632
all_individuals	dlpfc	AA	shared	expression_nearest_gene	chr8_142101291_142101406	chr8	142101291	142101406	Heritable	0.129116396758815	1	1	0	0	0.481878822598629	0.997818244032116	0.0123928865543174	0.0123928865543174
all_individuals	dlpfc	AA	shared	expression_nearest_gene	chr8_142106493_142106775	chr8	142106493	142106775	Heritable	0.419588456408502	1	1	0	0	0.682943845512021	0.997818244032116	0.00642181681055344	0.00642181681055344
all_individuals	dlpfc	AA	shared	expression_nearest_gene	chr8_142132807_142133362	chr8	142132807	142133362	Non-heritable	0.0739298494373522	1	1	0	0	0.624389611929886	0.997818244032116	0.00724336334418617	0.00724336334418617
all_individuals	dlpfc	AA	shared	expression_nearest_gene	chr8_142154464_142154635	chr8	142154464	142154635	Heritable	0.129930463488726	1	1	0	0	0.889991523772462	0.997818244032116	0.00216506170577884	0.00216506170577884
all_individuals	dlpfc	AA	shared	expression_nearest_gene	chr8_142305384_142306052	chr8	142305384	142306052	Heritable	0.114186613290402	1	1	0	0	0.194159507281508	0.930860883188308	0.258792648144382	0.258792648144382
all_individuals	dlpfc	AA	shared	expression_nearest_gene	chr8_142457729_142458466	chr8	142457729	142458466	Heritable	0.114088074234308	1	1	0	0	0.417807029008097	0.997818244032116	0.26798379187818	-0.26798379187818
all_individuals	dlpfc	AA	shared	expression_nearest_gene	chr8_142499998_142500537	chr8	142499998	142500537	Heritable	0.137346510646892	1	1	0	0	0.794270873120754	0.997818244032116	0.0937284758950838	0.0937284758950838
all_individuals	dlpfc	AA	shared	expression_nearest_gene	chr8_142664978_142665819	chr8	142664978	142665819	Heritable	0.171157794580465	1	1	0	0	0.944566755590009	0.997818244032116	0.0123883669107521	-0.0123883669107521
all_individuals	dlpfc	AA	shared	expression_nearest_gene	chr8_142670248_142670632	chr8	142670248	142670632	Heritable	0.562070015223649	1	1	0	0	0.463347849506412	0.997818244032116	0.0707300606307371	0.0707300606307371
all_individuals	dlpfc	AA	shared	expression_nearest_gene	chr8_142769773_142769985	chr8	142769773	142769985	Heritable	0.140989600600845	1	1	0	0	0.207993430402273	0.934398228366064	0.0337981505442822	-0.0337981505442822
all_individuals	dlpfc	AA	shared	expression_nearest_gene	chr8_142778293_142778427	chr8	142778293	142778427	Heritable	0.110668849331168	1	1	0	0	0.3739150233096	0.997818244032116	0.0253752271533283	-0.0253752271533283
all_individuals	dlpfc	AA	shared	expression_nearest_gene	chr8_142798305_142799150	chr8	142798305	142799150	Heritable	0.138533813588532	1	1	0	0	0.570286683756804	0.997818244032116	0.133057512317311	0.133057512317311
all_individuals	dlpfc	AA	shared	expression_nearest_gene	chr8_143020923_143021715	chr8	143020923	143021715	Heritable	0.112017593185581	1	1	0	0	0.0783881225501323	0.830141710561625	0.380904871350625	-0.380904871350625
all_individuals	dlpfc	AA	shared	expression_nearest_gene	chr8_143276306_143276995	chr8	143276306	143276995	Non-heritable	0.091734395915224	1	1	0	0	0.31835190162724	0.989356493697476	0.260660460680933	-0.260660460680933
all_individuals	dlpfc	AA	shared	expression_nearest_gene	chr8_143284893_143285391	chr8	143284893	143285391	Heritable	0.216031074506494	1	1	0	0	0.54016625019156	0.997818244032116	0.120634583747585	0.120634583747585
all_individuals	dlpfc	AA	shared	expression_nearest_gene	chr8_143289216_143289609	chr8	143289216	143289609	Heritable	0.179688914666652	1	1	0	0	0.0460406702547811	0.761436051041895	0.370189643757861	0.370189643757861
all_individuals	dlpfc	AA	shared	expression_nearest_gene	chr8_143577629_143578168	chr8	143577629	143578168	Heritable	0.534500467495848	1	1	0	0	0.519619116256835	0.997818244032116	0.0623983449965667	0.0623983449965667
all_individuals	dlpfc	AA	shared	expression_nearest_gene	chr8_143618374_143618481	chr8	143618374	143618481	Heritable	0.27654727981357	1	1	0	0	0.305279476885828	0.985760877676827	0.186974401242166	-0.186974401242166
all_individuals	dlpfc	AA	shared	expression_nearest_gene	chr8_143627436_143632450	chr8	143627436	143632450	Heritable	0.158227045786474	1	1	0	0	0.0189230851894122	0.472904187136242	0.54878740047077	0.54878740047077
all_individuals	dlpfc	AA	shared	expression_nearest_gene	chr8_143912004_143912772	chr8	143912004	143912772	Heritable	0.368969150870838	1	1	0	0	0.514023173893578	0.997818244032116	0.149480041948726	0.149480041948726
all_individuals	dlpfc	AA	shared	expression_nearest_gene	chr8_144263096_144263325	chr8	144263096	144263325	Heritable	0.227709234893067	1	1	0	0	0.760080367227381	0.997818244032116	0.0875548392271135	-0.0875548392271135
all_individuals	dlpfc	AA	shared	expression_nearest_gene	chr8_144413036_144414011	chr8	144413036	144414011	Heritable	0.159825461413978	1	1	0	0	0.225851632349478	0.945922411985591	0.224277839710689	0.224277839710689
all_individuals	dlpfc	AA	shared	expression_nearest_gene	chr8_144429068_144429595	chr8	144429068	144429595	Heritable	0.129573489209514	1	1	0	0	0.282931726387824	0.980841969484429	0.230025393462745	-0.230025393462745
all_individuals	dlpfc	AA	shared	expression_nearest_gene	chr8_144514909_144515188	chr8	144514909	144515188	Heritable	0.212946471355558	1	1	0	0	0.728718331906	0.997818244032116	0.107643319753018	0.107643319753018
all_individuals	dlpfc	AA	shared	expression_nearest_gene	chr8_144588238_144588886	chr8	144588238	144588886	Heritable	0.145820953074199	1	1	0	0	0.735132869258336	0.997818244032116	0.0925158207934169	0.0925158207934169
all_individuals	dlpfc	AA	shared	expression_nearest_gene	chr8_144669910_144670953	chr8	144669910	144670953	Heritable	0.160383041555581	1	1	0	0	0.744434274891893	0.997818244032116	0.0988183586186331	0.0988183586186331
all_individuals	dlpfc	AA	shared	expression_nearest_gene	chr8_144678645_144678997	chr8	144678645	144678997	Heritable	0.100511714262094	1	1	0	0	0.728117180773075	0.997818244032116	0.109824154333207	0.109824154333207
all_individuals	dlpfc	AA	shared	expression_nearest_gene	chr8_144799896_144800330	chr8	144799896	144800330	Heritable	0.319390769472473	1	1	0	0	0.564081717979653	0.997818244032116	0.118140886887012	0.118140886887012
all_individuals	dlpfc	AA	shared	expression_nearest_gene	chr8_144845188_144846102	chr8	144845188	144846102	Heritable	0.102097097581744	1	1	0	0	0.166040380094123	0.911713995663319	0.261769347876852	-0.261769347876852
all_individuals	dlpfc	AA	shared	expression_nearest_gene	chr8_17163034_17163415	chr8	17163034	17163415	Heritable	0.126225761617786	1	1	0	0	0.374675390217955	0.997818244032116	0.177836959669847	-0.177836959669847
all_individuals	dlpfc	AA	shared	expression_nearest_gene	chr8_17575784_17576079	chr8	17575784	17576079	Heritable	0.198372622862189	1	1	0	0	0.839731388760419	0.997818244032116	0.0527430399776656	-0.0527430399776656
all_individuals	dlpfc	AA	shared	expression_nearest_gene	chr8_17626961_17627079	chr8	17626961	17627079	Heritable	0.188310430760193	1	1	0	0	0.469274456315878	0.997818244032116	0.211827724597282	0.211827724597282
all_individuals	dlpfc	AA	shared	expression_nearest_gene	chr8_17628598_17628947	chr8	17628598	17628947	Heritable	0.125457940780402	1	1	0	0	0.485125194637246	0.997818244032116	0.182499467620654	0.182499467620654
all_individuals	dlpfc	AA	shared	expression_nearest_gene	chr8_17719469_17720638	chr8	17719469	17720638	Non-heritable	0.0660940406189745	1	1	0	0	0.58652771386636	0.997818244032116	0.110303926218297	0.110303926218297
all_individuals	dlpfc	AA	shared	expression_nearest_gene	chr8_1853605_1853907	chr8	1853605	1853907	Heritable	0.12422794622739	1	1	0	0	0.467382517010911	0.997818244032116	0.0331333131802045	0.0331333131802045
all_individuals	dlpfc	AA	shared	expression_nearest_gene	chr8_18788045_18788492	chr8	18788045	18788492	Non-heritable	0.0835849863791421	1	1	0	0	0.513664933520597	0.997818244032116	0.0957311271580039	-0.0957311271580039
all_individuals	dlpfc	AA	shared	expression_nearest_gene	chr8_1880115_1880922	chr8	1880115	1880922	Non-heritable	0.0752590231901588	1	1	0	0	0.772609180681674	0.997818244032116	0.0124898063058146	-0.0124898063058146
all_individuals	dlpfc	AA	shared	expression_nearest_gene	chr8_1896748_1897535	chr8	1896748	1897535	Non-heritable	0.0734209465434469	1	1	0	0	0.128855203632913	0.885502111448744	0.0613600613973357	-0.0613600613973357
all_individuals	dlpfc	AA	shared	expression_nearest_gene	chr8_1899460_1900051	chr8	1899460	1900051	Heritable	0.125020399798576	1	1	0	0	0.980891052445108	0.997818244032116	0.000925870354435095	-0.000925870354435095
all_individuals	dlpfc	AA	shared	expression_nearest_gene	chr8_1937409_1938309	chr8	1937409	1938309	Non-heritable	0.0744626076964064	1	1	0	0	0.274386651153375	0.975445498063831	0.0486090248376165	0.0486090248376165
all_individuals	dlpfc	AA	shared	expression_nearest_gene	chr8_1947176_1947556	chr8	1947176	1947556	Non-heritable	0.0476998949551923	1	1	0	0	0.995432929782444	0.999523316452554	0.000382652436116959	-0.000382652436116959
all_individuals	dlpfc	AA	shared	expression_nearest_gene	chr8_1953120_1953498	chr8	1953120	1953498	Non-heritable	0.0822347134985416	1	1	0	0	0.0965765571786836	0.863770357109136	0.099418498390059	0.099418498390059
all_individuals	dlpfc	AA	shared	expression_nearest_gene	chr8_1956798_1958388	chr8	1956798	1958388	Heritable	0.135684263680747	1	1	0	0	0.144114954404781	0.886987978379458	0.100160381477711	0.100160381477711
all_individuals	dlpfc	AA	shared	expression_nearest_gene	chr8_1962676_1963615	chr8	1962676	1963615	Non-heritable	0.0798962980942385	1	1	0	0	0.1953732790126	0.93149637804785	0.0822810100507421	0.0822810100507421
all_individuals	dlpfc	AA	shared	expression_nearest_gene	chr8_2020660_2021796	chr8	2020660	2021796	Heritable	0.102689040037781	1	1	0	0	0.950037164693443	0.997818244032116	0.00357097017984431	0.00357097017984431
all_individuals	dlpfc	AA	shared	expression_nearest_gene	chr8_2050347_2051553	chr8	2050347	2051553	Heritable	0.354935876400905	1	1	0	0	0.5325713560319	0.997818244032116	0.0396083206189633	0.0396083206189633
all_individuals	dlpfc	AA	shared	expression_nearest_gene	chr8_2086251_2086515	chr8	2086251	2086515	Non-heritable	0.079964787341194	1	1	0	0	0.410431325637162	0.997818244032116	0.0472159085331801	0.0472159085331801
all_individuals	dlpfc	AA	shared	expression_nearest_gene	chr8_21909193_21909470	chr8	21909193	21909470	Heritable	0.115640373531161	1	1	0	0	0.952692515225534	0.997818244032116	0.0114278665848948	-0.0114278665848948
all_individuals	dlpfc	AA	shared	expression_nearest_gene	chr8_22103713_22104580	chr8	22103713	22104580	Heritable	0.127375209031791	1	1	0	0	0.345294930819075	0.997818244032116	0.211993131538347	0.211993131538347
all_individuals	dlpfc	AA	shared	expression_nearest_gene	chr8_22110300_22110453	chr8	22110300	22110453	Heritable	0.261111232749538	1	1	0	0	0.851822396891042	0.997818244032116	0.0450851534882251	-0.0450851534882251
all_individuals	dlpfc	AA	shared	expression_nearest_gene	chr8_22134132_22135038	chr8	22134132	22135038	Heritable	0.148811508165337	1	1	0	0	0.646106699480264	0.997818244032116	0.162792422184104	-0.162792422184104
all_individuals	dlpfc	AA	shared	expression_nearest_gene	chr8_22228425_22231411	chr8	22228425	22231411	Heritable	0.11106973501612	1	1	0	0	0.580540819120643	0.997818244032116	0.150579713992332	-0.150579713992332
all_individuals	dlpfc	AA	shared	expression_nearest_gene	chr8_22553788_22554978	chr8	22553788	22554978	Heritable	0.10340001301931	1	1	0	0	0.0286708311769068	0.612072321294065	0.502300793760014	-0.502300793760014
all_individuals	dlpfc	AA	shared	expression_nearest_gene	chr8_22589943_22591208	chr8	22589943	22591208	Heritable	0.130523167181433	1	1	0	0	0.1267333996265	0.885502111448744	0.386064605015457	-0.386064605015457
all_individuals	dlpfc	AA	shared	expression_nearest_gene	chr8_23071011_23071437	chr8	23071011	23071437	Heritable	0.121425220356846	1	1	0	0	0.0191863624712638	0.473153341173522	0.0745070156795644	0.0745070156795644
all_individuals	dlpfc	AA	shared	expression_nearest_gene	chr8_24229303_24229830	chr8	24229303	24229830	Heritable	0.145358725761861	1	1	0	0	0.0612913059500161	0.801832298266827	0.548924799465186	-0.548924799465186
all_individuals	dlpfc	AA	shared	expression_nearest_gene	chr8_25185896_25186443	chr8	25185896	25186443	Heritable	0.103922951198349	1	1	0	0	0.205447918696248	0.934398228366064	0.316093635861307	0.316093635861307
all_individuals	dlpfc	AA	shared	expression_nearest_gene	chr8_25214748_25215557	chr8	25214748	25215557	Heritable	0.137907612066087	1	1	0	0	0.944634857311975	0.997818244032116	0.0165539737404572	-0.0165539737404572
all_individuals	dlpfc	AA	shared	expression_nearest_gene	chr8_25308170_25308846	chr8	25308170	25308846	Heritable	0.108519385738699	1	1	0	0	0.6695518140574	0.997818244032116	0.0999984829803324	-0.0999984829803324
all_individuals	dlpfc	AA	shared	expression_nearest_gene	chr8_25934461_25935524	chr8	25934461	25935524	Heritable	0.141408782598591	1	1	0	0	0.760820646564922	0.997818244032116	0.0423919495682785	-0.0423919495682785
all_individuals	dlpfc	AA	shared	expression_nearest_gene	chr8_25979424_25979841	chr8	25979424	25979841	Heritable	0.142564716998715	1	1	0	0	0.493392769760273	0.997818244032116	0.108693304181037	0.108693304181037
all_individuals	dlpfc	AA	shared	expression_nearest_gene	chr8_26203498_26205116	chr8	26203498	26205116	Non-heritable	0.078994026986054	1	1	0	0	0.692813824861539	0.997818244032116	0.0703070613636996	0.0703070613636996
all_individuals	dlpfc	AA	shared	expression_nearest_gene	chr8_27460368_27461417	chr8	27460368	27461417	Heritable	0.112369519238161	1	1	0	0	0.933938270083962	0.997818244032116	0.0336596679567656	0.0336596679567656
all_individuals	dlpfc	AA	shared	expression_nearest_gene	chr8_27490164_27490506	chr8	27490164	27490506	Heritable	0.106116239078431	1	1	0	0	0.528215876734059	0.997818244032116	0.126888253717839	-0.126888253717839
all_individuals	dlpfc	AA	shared	expression_nearest_gene	chr8_27519297_27519687	chr8	27519297	27519687	Heritable	0.111350178185683	1	1	0	0	0.184909435981032	0.919740892107295	0.32095359666689	-0.32095359666689
all_individuals	dlpfc	AA	shared	expression_nearest_gene	chr8_27636546_27637058	chr8	27636546	27637058	Heritable	0.144159972126811	1	1	0	0	0.0909050189871161	0.852417590912265	0.514141214627365	-0.514141214627365
all_individuals	dlpfc	AA	shared	expression_nearest_gene	chr8_28191694_28191903	chr8	28191694	28191903	Non-heritable	0.0844785467031456	1	1	0	0	0.31219183355997	0.985760877676827	0.124581014869094	-0.124581014869094
all_individuals	dlpfc	AA	shared	expression_nearest_gene	chr8_2889814_2890392	chr8	2889814	2890392	Heritable	0.195714914835014	1	1	0	0	0.137877271348208	0.886987978379458	0.343947975096594	-0.343947975096594
all_individuals	dlpfc	AA	shared	expression_nearest_gene	chr8_29195692_29196190	chr8	29195692	29196190	Heritable	0.138136528445619	1	1	0	0	0.725803500147486	0.997818244032116	0.0417405227524483	0.0417405227524483
all_individuals	dlpfc	AA	shared	expression_nearest_gene	chr8_29347593_29348101	chr8	29347593	29348101	Heritable	0.14742932688418	1	1	0	0	0.819776563687299	0.997818244032116	0.153250155284086	-0.153250155284086
all_individuals	dlpfc	AA	shared	expression_nearest_gene	chr8_30383032_30383603	chr8	30383032	30383603	Heritable	0.159335033954218	1	1	0	0	0.665335052439674	0.997818244032116	0.0594109328499584	-0.0594109328499584
all_individuals	dlpfc	AA	shared	expression_nearest_gene	chr8_30726407_30726694	chr8	30726407	30726694	Heritable	0.111936026436143	1	1	0	0	0.695300731987912	0.997818244032116	0.0371060929402327	0.0371060929402327
all_individuals	dlpfc	AA	shared	expression_nearest_gene	chr8_33298315_33299510	chr8	33298315	33299510	Heritable	0.668720610566674	1	1	0	0	0.00398197443706097	0.155333202812987	0.484263212422831	-0.484263212422831
all_individuals	dlpfc	AA	shared	expression_nearest_gene	chr8_33558391_33560150	chr8	33558391	33560150	Heritable	0.163198125804855	1	1	0	0	0.397215863835494	0.997818244032116	0.285800481639932	0.285800481639932
all_individuals	dlpfc	AA	shared	expression_nearest_gene	chr8_38413515_38414009	chr8	38413515	38414009	Heritable	0.156912878242883	1	1	0	0	0.804314735558443	0.997818244032116	0.0623999310936227	-0.0623999310936227
all_individuals	dlpfc	AA	shared	expression_nearest_gene	chr8_38428517_38429766	chr8	38428517	38429766	Heritable	0.183461667495374	1	1	0	0	0.470801678507326	0.997818244032116	0.164923946952918	-0.164923946952918
all_individuals	dlpfc	AA	shared	expression_nearest_gene	chr8_38449980_38451151	chr8	38449980	38451151	Heritable	0.137886817874903	1	1	0	0	0.866435129139783	0.997818244032116	0.0401474134054673	-0.0401474134054673
all_individuals	dlpfc	AA	shared	expression_nearest_gene	chr8_38464848_38465311	chr8	38464848	38465311	Heritable	0.144390306381919	1	1	0	0	0.447339097687685	0.997818244032116	0.17429623893625	-0.17429623893625
all_individuals	dlpfc	AA	shared	expression_nearest_gene	chr8_38488289_38488781	chr8	38488289	38488781	Heritable	0.144617383725878	1	1	0	0	0.915881592877204	0.997818244032116	0.0247134399610616	0.0247134399610616
all_individuals	dlpfc	AA	shared	expression_nearest_gene	chr8_38552347_38553038	chr8	38552347	38553038	Heritable	0.100221686289572	1	1	0	0	0.788845306542932	0.997818244032116	0.0467548670870979	0.0467548670870979
all_individuals	dlpfc	AA	shared	expression_nearest_gene	chr8_38788413_38789792	chr8	38788413	38789792	Heritable	0.102177929097461	1	1	0	0	0.384832977769365	0.997818244032116	0.073835646907753	-0.073835646907753
all_individuals	dlpfc	AA	shared	expression_nearest_gene	chr8_39420200_39425223	chr8	39420200	39425223	Heritable	0.106056489765997	1	1	0	0	0.686527851886719	0.997818244032116	0.00390979632198959	0.00390979632198959
all_individuals	dlpfc	AA	shared	expression_nearest_gene	chr8_39426473_39429368	chr8	39426473	39429368	Heritable	0.10774396946404	1	1	0	0	0.816545690940812	0.997818244032116	0.00227314855438036	0.00227314855438036
all_individuals	dlpfc	AA	shared	expression_nearest_gene	chr8_39437857_39441447	chr8	39437857	39441447	Heritable	0.11118772143053	1	1	0	0	0.531248155913607	0.997818244032116	0.00584392107921974	0.00584392107921974
all_individuals	dlpfc	AA	shared	expression_nearest_gene	chr8_39455046_39456090	chr8	39455046	39456090	Heritable	0.133369102099148	1	1	0	0	0.69239603506493	0.997818244032116	0.00459317138591847	0.00459317138591847
all_individuals	dlpfc	AA	shared	expression_nearest_gene	chr8_39511043_39511978	chr8	39511043	39511978	Heritable	0.20242282542102	1	1	0	0	0.472563166395693	0.997818244032116	0.00634719885213825	0.00634719885213825
all_individuals	dlpfc	AA	shared	expression_nearest_gene	chr8_39940054_39940343	chr8	39940054	39940343	Heritable	0.567826299337956	1	1	0	0	0.141253157613459	0.886987978379458	0.0892290091820521	-0.0892290091820521
all_individuals	dlpfc	AA	shared	expression_nearest_gene	chr8_40515855_40516971	chr8	40515855	40516971	Heritable	0.554798380320205	1	1	0	0	0.329088025881303	0.99671805502751	0.19798326967484	-0.19798326967484
all_individuals	dlpfc	AA	shared	expression_nearest_gene	chr8_40896828_40897267	chr8	40896828	40897267	Heritable	0.138973767090889	1	1	0	0	0.484276143185997	0.997818244032116	0.118318337232315	0.118318337232315
all_individuals	dlpfc	AA	shared	expression_nearest_gene	chr8_41286499_41287480	chr8	41286499	41287480	Heritable	0.147234897100299	1	1	0	0	0.672204380111651	0.997818244032116	0.149696374119721	0.149696374119721
all_individuals	dlpfc	AA	shared	expression_nearest_gene	chr8_41579345_41580105	chr8	41579345	41580105	Heritable	0.100002509246111	1	1	0	0	0.828948650983608	0.997818244032116	0.0239360325993268	0.0239360325993268
all_individuals	dlpfc	AA	shared	expression_nearest_gene	chr8_41607608_41608046	chr8	41607608	41608046	Heritable	0.115905555488188	1	1	0	0	0.0620444769289784	0.806766213643171	0.241580860719992	-0.241580860719992
all_individuals	dlpfc	AA	shared	expression_nearest_gene	chr8_41609705_41610405	chr8	41609705	41610405	Heritable	0.154310394713983	1	1	0	0	0.310939485690041	0.985760877676827	0.126085527607358	0.126085527607358
all_individuals	dlpfc	AA	shared	expression_nearest_gene	chr8_41659576_41660782	chr8	41659576	41660782	Heritable	0.138071428176653	1	1	0	0	0.612009920630981	0.997818244032116	0.176221653839878	-0.176221653839878
all_individuals	dlpfc	AA	shared	expression_nearest_gene	chr8_41735999_41736827	chr8	41735999	41736827	Heritable	0.160833077864933	1	1	0	0	0.486733412188569	0.997818244032116	0.186833985405308	-0.186833985405308
all_individuals	dlpfc	AA	shared	expression_nearest_gene	chr8_41894726_41895560	chr8	41894726	41895560	Heritable	0.101853886695691	1	1	0	0	0.458469519550109	0.997818244032116	0.239469039342005	-0.239469039342005
all_individuals	dlpfc	AA	shared	expression_nearest_gene	chr8_42428449_42429388	chr8	42428449	42429388	Heritable	0.10471865606442	1	1	0	0	0.487537985931215	0.997818244032116	0.0819113212857339	-0.0819113212857339
all_individuals	dlpfc	AA	shared	expression_nearest_gene	chr8_42898800_42899262	chr8	42898800	42899262	Heritable	0.191205580086246	1	1	0	0	0.945525250201769	0.997818244032116	0.0107275397187756	-0.0107275397187756
all_individuals	dlpfc	AA	shared	expression_nearest_gene	chr8_47735198_47736411	chr8	47735198	47736411	Non-heritable	0.0357063531996091	1	1	0	0	0.642236220998687	0.997818244032116	0.0526537167952412	-0.0526537167952412
all_individuals	dlpfc	AA	shared	expression_nearest_gene	chr8_48397625_48398391	chr8	48397625	48398391	Heritable	0.160347234618866	1	1	0	0	0.628694522696201	0.997818244032116	0.0125967293700815	0.0125967293700815
all_individuals	dlpfc	AA	shared	expression_nearest_gene	chr8_48428023_48428636	chr8	48428023	48428636	Heritable	0.102744305058797	1	1	0	0	0.873834238951614	0.997818244032116	0.00403961161642034	-0.00403961161642034
all_individuals	dlpfc	AA	shared	expression_nearest_gene	chr8_48470020_48470190	chr8	48470020	48470190	Heritable	0.233094762856398	1	1	0	0	0.412102259140905	0.997818244032116	0.0215473172726112	0.0215473172726112
all_individuals	dlpfc	AA	shared	expression_nearest_gene	chr8_49048042_49048521	chr8	49048042	49048521	Heritable	0.117969484452632	1	1	0	0	0.704885343133778	0.997818244032116	0.0197345411741941	0.0197345411741941
all_individuals	dlpfc	AA	shared	expression_nearest_gene	chr8_49072187_49072481	chr8	49072187	49072481	Heritable	0.119821967683912	1	1	0	0	0.314391080238572	0.985760877676827	0.0569105951374289	0.0569105951374289
all_individuals	dlpfc	AA	shared	expression_nearest_gene	chr8_49204724_49206061	chr8	49204724	49206061	Heritable	0.683268358886304	1	1	0	0	0.0573398609040754	0.794603662642371	0.251303772581663	-0.251303772581663
all_individuals	dlpfc	AA	shared	expression_nearest_gene	chr8_51720779_51721056	chr8	51720779	51721056	Heritable	0.142607199534132	1	1	0	0	0.643054435541814	0.997818244032116	0.11664769073146	-0.11664769073146
all_individuals	dlpfc	AA	shared	expression_nearest_gene	chr8_52156740_52159228	chr8	52156740	52159228	Heritable	0.266094828828362	1	1	0	0	0.168204643631111	0.911713995663319	0.336364014896105	0.336364014896105
all_individuals	dlpfc	AA	shared	expression_nearest_gene	chr8_52252695_52254404	chr8	52252695	52254404	Heritable	0.202639319947846	1	1	0	0	0.351968109428992	0.997818244032116	0.266485507343681	0.266485507343681
all_individuals	dlpfc	AA	shared	expression_nearest_gene	chr8_53291903_53294777	chr8	53291903	53294777	Heritable	0.626488595548175	1	1	0	0	0.863555413693607	0.997818244032116	0.0541216787621082	0.0541216787621082
all_individuals	dlpfc	AA	shared	expression_nearest_gene	chr8_53691727_53692438	chr8	53691727	53692438	Heritable	0.140814650620444	1	1	0	0	0.834080066983381	0.997818244032116	0.0326978067237009	0.0326978067237009
all_individuals	dlpfc	AA	shared	expression_nearest_gene	chr8_53712158_53713361	chr8	53712158	53713361	Heritable	0.112030230574849	1	1	0	0	0.301065624969309	0.985760877676827	0.17648758860366	-0.17648758860366
all_individuals	dlpfc	AA	shared	expression_nearest_gene	chr8_57142293_57143773	chr8	57142293	57143773	Heritable	0.353849617330649	1	1	0	0	0.909621959450808	0.997818244032116	0.0118812137011313	0.0118812137011313
all_individuals	dlpfc	AA	shared	expression_nearest_gene	chr8_57206514_57206644	chr8	57206514	57206644	Heritable	0.193140676415409	1	1	0	0	0.901374855163604	0.997818244032116	0.00496543704912655	-0.00496543704912655
all_individuals	dlpfc	AA	shared	expression_nearest_gene	chr8_57279904_57280921	chr8	57279904	57280921	Heritable	0.409210709527231	1	1	0	0	0.871154308234967	0.997818244032116	0.00411034753873667	-0.00411034753873667
all_individuals	dlpfc	AA	shared	expression_nearest_gene	chr8_58146377_58146520	chr8	58146377	58146520	Non-heritable	0.0583594604515678	1	1	0	0	0.983194500838844	0.997818244032116	0.00329275344811464	-0.00329275344811464
all_individuals	dlpfc	AA	shared	expression_nearest_gene	chr8_58555598_58556437	chr8	58555598	58556437	Non-heritable	0.0920430895070288	1	1	0	0	0.730276519943671	0.997818244032116	0.0543064301680678	-0.0543064301680678
all_individuals	dlpfc	AA	shared	expression_nearest_gene	chr8_60683737_60686234	chr8	60683737	60686234	Heritable	0.129435621433977	1	1	0	0	0.984857824034204	0.997818244032116	0.00392843516113572	0.00392843516113572
all_individuals	dlpfc	AA	shared	expression_nearest_gene	chr8_60688818_60690090	chr8	60688818	60690090	Heritable	0.12211099433311	1	1	0	0	0.409449012347846	0.997818244032116	0.172879587415991	0.172879587415991
all_individuals	dlpfc	AA	shared	expression_nearest_gene	chr8_60707438_60709088	chr8	60707438	60709088	Heritable	0.138024867191728	1	1	0	0	0.804957963545111	0.997818244032116	0.0450322667080343	-0.0450322667080343
all_individuals	dlpfc	AA	shared	expression_nearest_gene	chr8_60743075_60745291	chr8	60743075	60745291	Heritable	0.174757718583274	1	1	0	0	0.948950737006765	0.997818244032116	0.0129585779937855	0.0129585779937855
all_individuals	dlpfc	AA	shared	expression_nearest_gene	chr8_60848216_60851379	chr8	60848216	60851379	Heritable	0.100110417667441	1	1	0	0	0.932471464221992	0.997818244032116	0.0167475241146562	0.0167475241146562
all_individuals	dlpfc	AA	shared	expression_nearest_gene	chr8_60864974_60867911	chr8	60864974	60867911	Heritable	0.119386032190718	1	1	0	0	0.956286479942455	0.997818244032116	0.0102513160326865	-0.0102513160326865
all_individuals	dlpfc	AA	shared	expression_nearest_gene	chr8_60966822_60967667	chr8	60966822	60967667	Heritable	0.142993123602053	1	1	0	0	0.359913422591962	0.997818244032116	0.188089847289824	-0.188089847289824
all_individuals	dlpfc	AA	shared	expression_nearest_gene	chr8_61005334_61008192	chr8	61005334	61008192	Heritable	0.137592034160012	1	1	0	0	0.669323830875008	0.997818244032116	0.0998894764530149	-0.0998894764530149
all_individuals	dlpfc	AA	shared	expression_nearest_gene	chr8_66541782_66541886	chr8	66541782	66541886	Heritable	0.100717046420261	1	1	0	0	0.923091759738493	0.997818244032116	0.0237046747897409	-0.0237046747897409
all_individuals	dlpfc	AA	shared	expression_nearest_gene	chr8_66713700_66714562	chr8	66713700	66714562	Non-heritable	0.0801494591322569	1	1	0	0	0.456559480232159	0.997818244032116	0.104300557452237	0.104300557452237
all_individuals	dlpfc	AA	shared	expression_nearest_gene	chr8_69777797_69778172	chr8	69777797	69778172	Heritable	0.103322275528366	1	1	0	0	0.880358160242966	0.997818244032116	0.0414624584824459	-0.0414624584824459
all_individuals	dlpfc	AA	shared	expression_nearest_gene	chr8_69994325_69994517	chr8	69994325	69994517	Heritable	0.124556208960604	1	1	0	0	0.828558317134544	0.997818244032116	0.00478444564095758	-0.00478444564095758
all_individuals	dlpfc	AA	shared	expression_nearest_gene	chr8_70093002_70093608	chr8	70093002	70093608	Heritable	0.149168277283132	1	1	0	0	0.303894082194506	0.985760877676827	0.0757008778776793	0.0757008778776793
all_individuals	dlpfc	AA	shared	expression_nearest_gene	chr8_74407283_74407619	chr8	74407283	74407619	Heritable	0.226168686055373	1	1	0	0	0.202212852574616	0.931624393086991	0.142806830444808	0.142806830444808
all_individuals	dlpfc	AA	shared	expression_nearest_gene	chr8_75283826_75284151	chr8	75283826	75284151	Heritable	0.43661972479137	1	1	0	0	0.0504460646033736	0.77407782480789	0.101576977808677	-0.101576977808677
all_individuals	dlpfc	AA	shared	expression_nearest_gene	chr8_75405839_75406818	chr8	75405839	75406818	Non-heritable	0.0308893018170041	1	1	0	0	0.380293858635075	0.997818244032116	0.187148474148311	0.187148474148311
all_individuals	dlpfc	AA	shared	expression_nearest_gene	chr8_76849430_76849663	chr8	76849430	76849663	Heritable	0.120647533501199	1	1	0	0	0.664222269350276	0.997818244032116	0.0691089836533472	0.0691089836533472
all_individuals	dlpfc	AA	shared	expression_nearest_gene	chr8_80134631_80135170	chr8	80134631	80135170	Heritable	0.608043786773046	1	1	0	0	0.633232165047371	0.997818244032116	0.0730311493754527	0.0730311493754527
all_individuals	dlpfc	AA	shared	expression_nearest_gene	chr8_80684995_80686484	chr8	80684995	80686484	Heritable	0.124984802739254	1	1	0	0	0.39370524617462	0.997818244032116	0.108690030127146	0.108690030127146
all_individuals	dlpfc	AA	shared	expression_nearest_gene	chr8_80892936_80893143	chr8	80892936	80893143	Heritable	0.149973245585266	1	1	0	0	0.726228928407269	0.997818244032116	0.0524045797126007	0.0524045797126007
all_individuals	dlpfc	AA	shared	expression_nearest_gene	chr8_81842624_81842938	chr8	81842624	81842938	Heritable	0.147222842411834	1	1	0	0	0.471198593960528	0.997818244032116	0.127390550702604	-0.127390550702604
all_individuals	dlpfc	AA	shared	expression_nearest_gene	chr8_8221435_8223421	chr8	8221435	8223421	Heritable	0.135681832553944	1	1	0	0	0.471213217182715	0.997818244032116	0.00181700280256957	0.00181700280256957
all_individuals	dlpfc	AA	shared	expression_nearest_gene	chr8_8224751_8226944	chr8	8224751	8226944	Heritable	0.139085533514806	1	1	0	0	0.616210136646691	0.997818244032116	0.00111486355253112	0.00111486355253112
all_individuals	dlpfc	AA	shared	expression_nearest_gene	chr8_8228232_8229178	chr8	8228232	8229178	Heritable	0.165944582956122	1	1	0	0	0.749302927040687	0.997818244032116	0.000884584370393128	-0.000884584370393128
all_individuals	dlpfc	AA	shared	expression_nearest_gene	chr8_9046830_9047268	chr8	9046830	9047268	Heritable	0.115120551307318	1	1	0	0	0.144981700547872	0.886987978379458	0.149172602083196	0.149172602083196
all_individuals	dlpfc	AA	shared	expression_nearest_gene	chr8_94261226_94261775	chr8	94261226	94261775	Heritable	0.184551695023279	1	1	0	0	0.424614543395897	0.997818244032116	0.333740019665235	-0.333740019665235
all_individuals	dlpfc	AA	shared	expression_nearest_gene	chr8_97606824_97607795	chr8	97606824	97607795	Non-heritable	0.0868222130129153	1	1	0	0	0.238012908364581	0.949401940087826	0.143595386093338	0.143595386093338
all_individuals	dlpfc	AA	shared	expression_nearest_gene	chr8_97736636_97737307	chr8	97736636	97737307	Heritable	0.162201493853053	1	1	0	0	0.385722599256805	0.997818244032116	0.078594294740971	-0.078594294740971
all_individuals	dlpfc	AA	shared	expression_nearest_gene	chr8_98005097_98005976	chr8	98005097	98005976	Heritable	0.146581500606017	1	1	0	0	0.0653175252366718	0.81476017671674	0.507233771515239	0.507233771515239
all_individuals	dlpfc	AA	shared	expression_nearest_gene	chr8_98293127_98293489	chr8	98293127	98293489	Heritable	0.167378619441158	1	1	0	0	0.874100382515344	0.997818244032116	0.0421203397048018	-0.0421203397048018
all_individuals	dlpfc	AA	shared	expression_nearest_gene	chr9_101448586_101448705	chr9	101448586	101448705	Heritable	0.107307509973805	1	1	0	0	0.0893459720455319	0.852417590912265	0.22206593575624	-0.22206593575624
all_individuals	dlpfc	AA	shared	expression_nearest_gene	chr9_10208168_10208535	chr9	10208168	10208535	Heritable	0.124767901924438	1	1	0	0	0.0672563073163412	0.817115709865458	0.169718068449349	-0.169718068449349
all_individuals	dlpfc	AA	shared	expression_nearest_gene	chr9_104810739_104811452	chr9	104810739	104811452	Heritable	0.125078310824263	1	1	0	0	0.209482893425345	0.934398228366064	0.231935714933837	-0.231935714933837
all_individuals	dlpfc	AA	shared	expression_nearest_gene	chr9_106621530_106621860	chr9	106621530	106621860	Heritable	0.126034983137279	1	1	0	0	0.960052234910785	0.997818244032116	0.0151166810378953	0.0151166810378953
all_individuals	dlpfc	AA	shared	expression_nearest_gene	chr9_109166205_109166556	chr9	109166205	109166556	Heritable	0.149907246830969	1	1	0	0	0.431680576104905	0.997818244032116	0.131293105009423	-0.131293105009423
all_individuals	dlpfc	AA	shared	expression_nearest_gene	chr9_112489092_112490030	chr9	112489092	112490030	Non-heritable	0.0762090338400147	1	1	0	0	0.233483438932014	0.947930352176406	0.165270531450922	0.165270531450922
all_individuals	dlpfc	AA	shared	expression_nearest_gene	chr9_113059287_113059389	chr9	113059287	113059389	Heritable	0.112347832756479	1	1	0	0	0.372237952526619	0.997818244032116	0.288386121682823	-0.288386121682823
all_individuals	dlpfc	AA	shared	expression_nearest_gene	chr9_113088940_113090356	chr9	113088940	113090356	Heritable	0.118012481213484	1	1	0	0	0.0842051423160804	0.845216945719577	0.334931633442277	-0.334931633442277
all_individuals	dlpfc	AA	shared	expression_nearest_gene	chr9_113376044_113376343	chr9	113376044	113376343	Heritable	0.401081741455679	1	1	0	0	0.519165573765583	0.997818244032116	0.159586706122308	0.159586706122308
all_individuals	dlpfc	AA	shared	expression_nearest_gene	chr9_113400504_113400620	chr9	113400504	113400620	Heritable	0.418748206451636	1	1	0	0	0.0423732184867657	0.738677489633259	0.28617994295616	-0.28617994295616
all_individuals	dlpfc	AA	shared	expression_nearest_gene	chr9_113536257_113538486	chr9	113536257	113538486	Heritable	0.122579383862859	1	1	0	0	0.290308091036849	0.983008463446871	0.188716449153524	-0.188716449153524
all_individuals	dlpfc	AA	shared	expression_nearest_gene	chr9_113918707_113919366	chr9	113918707	113919366	Non-heritable	0.075485251456974	1	1	0	0	0.99094541445762	0.99849608063831	0.00225006743827905	-0.00225006743827905
all_individuals	dlpfc	AA	shared	expression_nearest_gene	chr9_114226340_114226919	chr9	114226340	114226919	Heritable	0.116843045810789	1	1	0	0	0.601115878816527	0.997818244032116	0.193234335886945	0.193234335886945
all_individuals	dlpfc	AA	shared	expression_nearest_gene	chr9_114500278_114500841	chr9	114500278	114500841	Heritable	0.139925977877624	1	1	0	0	0.0466183522731175	0.766434289670296	0.696426641563733	0.696426641563733
all_individuals	dlpfc	AA	shared	expression_nearest_gene	chr9_117642667_117643393	chr9	117642667	117643393	Heritable	0.144814509891257	1	1	1	1	3.7604483855032e-13	1.07573893481295e-10	1.0412903709501	-1.0412903709501
all_individuals	dlpfc	AA	shared	expression_nearest_gene	chr9_120842040_120842286	chr9	120842040	120842286	Heritable	0.557419173566266	1	1	1	1	4.80792554094395e-19	5.15770212404763e-16	2.96666129090716	-2.96666129090716
all_individuals	dlpfc	AA	shared	expression_nearest_gene	chr9_120843383_120843729	chr9	120843383	120843729	Heritable	0.650606726001936	1	1	1	1	7.61731723315415e-23	3.26859082474645e-19	2.50942732340743	-2.50942732340743
all_individuals	dlpfc	AA	shared	expression_nearest_gene	chr9_120875538_120875855	chr9	120875538	120875855	Heritable	0.154173665394043	1	1	0	0	0.212466286286446	0.940444315962209	0.252986351534922	-0.252986351534922
all_individuals	dlpfc	AA	shared	expression_nearest_gene	chr9_121267002_121267413	chr9	121267002	121267413	Heritable	0.129391077430497	1	1	0	0	0.221892475867232	0.945014449508517	0.203518423721633	-0.203518423721633
all_individuals	dlpfc	AA	shared	expression_nearest_gene	chr9_121597985_121598371	chr9	121597985	121598371	Heritable	0.119992905454507	1	1	0	0	0.28432910719353	0.982732919677553	0.295865896624267	-0.295865896624267
all_individuals	dlpfc	AA	shared	expression_nearest_gene	chr9_121652858_121657632	chr9	121652858	121657632	Heritable	0.119097981524162	1	1	0	0	0.500167925749379	0.997818244032116	0.169925928972193	-0.169925928972193
all_individuals	dlpfc	AA	shared	expression_nearest_gene	chr9_121658991_121660672	chr9	121658991	121660672	Heritable	0.105030663231834	1	1	0	0	0.472392348323258	0.997818244032116	0.189057656468918	-0.189057656468918
all_individuals	dlpfc	AA	shared	expression_nearest_gene	chr9_121678681_121679795	chr9	121678681	121679795	Heritable	0.118540794678405	1	1	0	0	0.64701004566208	0.997818244032116	0.120224750482613	-0.120224750482613
all_individuals	dlpfc	AA	shared	expression_nearest_gene	chr9_121700291_121700617	chr9	121700291	121700617	Heritable	0.118258265805157	1	1	0	0	0.124325577834969	0.885502111448744	0.401343620431277	0.401343620431277
all_individuals	dlpfc	AA	shared	expression_nearest_gene	chr9_121737112_121740338	chr9	121737112	121740338	Heritable	0.192069829008454	1	1	0	0	0.4369891859135	0.997818244032116	0.212056719793601	-0.212056719793601
all_individuals	dlpfc	AA	shared	expression_nearest_gene	chr9_121745218_121746598	chr9	121745218	121746598	Heritable	0.165965500248404	1	1	0	0	0.537515367061036	0.997818244032116	0.165669139697263	-0.165669139697263
all_individuals	dlpfc	AA	shared	expression_nearest_gene	chr9_121757605_121759464	chr9	121757605	121759464	Heritable	0.123979724821799	1	1	0	0	0.535637635803048	0.997818244032116	0.16028097918155	-0.16028097918155
all_individuals	dlpfc	AA	shared	expression_nearest_gene	chr9_121763134_121765546	chr9	121763134	121765546	Heritable	0.141390510021108	1	1	0	0	0.620622605956765	0.997818244032116	0.129841492480775	-0.129841492480775
all_individuals	dlpfc	AA	shared	expression_nearest_gene	chr9_121772085_121772541	chr9	121772085	121772541	Heritable	0.106557192436493	1	1	0	0	0.960378111418756	0.997818244032116	0.0135050535765462	-0.0135050535765462
all_individuals	dlpfc	AA	shared	expression_nearest_gene	chr9_121773478_121774201	chr9	121773478	121774201	Heritable	0.110253785418483	1	1	0	0	0.757433047600811	0.997818244032116	0.0839410094572712	0.0839410094572712
all_individuals	dlpfc	AA	shared	expression_nearest_gene	chr9_121775183_121775766	chr9	121775183	121775766	Heritable	0.115274448452059	1	1	0	0	0.23871639355192	0.950215254852772	0.312943850001798	-0.312943850001798
all_individuals	dlpfc	AA	shared	expression_nearest_gene	chr9_121821305_121822729	chr9	121821305	121822729	Heritable	0.130938452225031	1	1	0	0	0.23621965962466	0.948964195705265	0.280283072402861	0.280283072402861
all_individuals	dlpfc	AA	shared	expression_nearest_gene	chr9_122406109_122407214	chr9	122406109	122407214	Heritable	0.399736226794163	1	1	0	0	0.0902911999149681	0.852417590912265	0.15178226375743	-0.15178226375743
all_individuals	dlpfc	AA	shared	expression_nearest_gene	chr9_123454007_123454275	chr9	123454007	123454275	Heritable	0.172027439927451	1	1	0	0	0.83783792267541	0.997818244032116	0.0269136794207014	0.0269136794207014
all_individuals	dlpfc	AA	shared	expression_nearest_gene	chr9_124013923_124015083	chr9	124013923	124015083	Heritable	0.257476664063269	1	1	0	0	0.116939676199829	0.885502111448744	0.444343468951864	0.444343468951864
all_individuals	dlpfc	AA	shared	expression_nearest_gene	chr9_124190766_124191449	chr9	124190766	124191449	Heritable	0.132980129344604	1	1	0	0	0.0651705625678837	0.81476017671674	0.372771388792632	-0.372771388792632
all_individuals	dlpfc	AA	shared	expression_nearest_gene	chr9_124195271_124195992	chr9	124195271	124195992	Heritable	0.592469344957267	1	1	0	0	0.952432484298035	0.997818244032116	0.0126196444954196	0.0126196444954196
all_individuals	dlpfc	AA	shared	expression_nearest_gene	chr9_124428681_124429794	chr9	124428681	124429794	Heritable	0.155998873246432	1	1	0	0	0.40128207983574	0.997818244032116	0.128904126228353	-0.128904126228353
all_individuals	dlpfc	AA	shared	expression_nearest_gene	chr9_125541671_125542391	chr9	125541671	125542391	Heritable	0.167418796633319	1	1	0	0	0.106208449902059	0.877822646237199	0.152306759211733	-0.152306759211733
all_individuals	dlpfc	AA	shared	expression_nearest_gene	chr9_125748833_125749161	chr9	125748833	125749161	Heritable	0.139349718928303	1	1	0	0	0.63245898213845	0.997818244032116	0.0849211796450788	0.0849211796450788
all_individuals	dlpfc	AA	shared	expression_nearest_gene	chr9_126107507_126108442	chr9	126107507	126108442	Heritable	0.18997467514822	1	1	0	0	0.864654405621113	0.997818244032116	0.0330140205097518	-0.0330140205097518
all_individuals	dlpfc	AA	shared	expression_nearest_gene	chr9_126234976_126235735	chr9	126234976	126235735	Heritable	0.140005588613518	1	1	0	0	0.0149580445835934	0.414096576181931	0.337938612009269	-0.337938612009269
all_individuals	dlpfc	AA	shared	expression_nearest_gene	chr9_126307691_126308002	chr9	126307691	126308002	Heritable	0.155446908044807	1	1	0	0	0.073924291425767	0.828639931374199	0.268323670615075	-0.268323670615075
all_individuals	dlpfc	AA	shared	expression_nearest_gene	chr9_127081865_127083371	chr9	127081865	127083371	Heritable	0.175248048049883	1	1	0	0	0.230808458909231	0.947930352176406	0.164760951140867	-0.164760951140867
all_individuals	dlpfc	AA	shared	expression_nearest_gene	chr9_127120545_127121404	chr9	127120545	127121404	Heritable	0.109112019951892	1	1	0	0	0.635324630700856	0.997818244032116	0.128637148818211	0.128637148818211
all_individuals	dlpfc	AA	shared	expression_nearest_gene	chr9_127226190_127226533	chr9	127226190	127226533	Heritable	0.19989785909405	1	1	0	0	0.848976311627526	0.997818244032116	0.0261098254539291	0.0261098254539291
all_individuals	dlpfc	AA	shared	expression_nearest_gene	chr9_127370747_127370992	chr9	127370747	127370992	Heritable	0.113662951469081	1	1	0	0	0.843159806379873	0.997818244032116	0.0322502954371515	0.0322502954371515
all_individuals	dlpfc	AA	shared	expression_nearest_gene	chr9_127457297_127457454	chr9	127457297	127457454	Heritable	0.160316677421308	1	1	0	0	0.835658281980323	0.997818244032116	0.0356358660951557	-0.0356358660951557
all_individuals	dlpfc	AA	shared	expression_nearest_gene	chr9_127676583_127676938	chr9	127676583	127676938	Heritable	0.139229133527137	1	1	0	0	0.734963399157042	0.997818244032116	0.115756406762802	-0.115756406762802
all_individuals	dlpfc	AA	shared	expression_nearest_gene	chr9_127741969_127742835	chr9	127741969	127742835	Heritable	0.179854073451797	1	1	0	0	0.333092771994866	0.997818244032116	0.293342136693205	-0.293342136693205
all_individuals	dlpfc	AA	shared	expression_nearest_gene	chr9_127804172_127804463	chr9	127804172	127804463	Heritable	0.101556879522668	1	1	0	0	0.895837129813742	0.997818244032116	0.0206535819941962	0.0206535819941962
all_individuals	dlpfc	AA	shared	expression_nearest_gene	chr9_127809754_127809820	chr9	127809754	127809820	Heritable	0.479138563124875	1	1	0	0	0.712940251840191	0.997818244032116	0.0570138357636587	0.0570138357636587
all_individuals	dlpfc	AA	shared	expression_nearest_gene	chr9_127944512_127944883	chr9	127944512	127944883	Non-heritable	0.0678191095199445	1	1	0	0	0.431313928786275	0.997818244032116	0.150278405962077	0.150278405962077
all_individuals	dlpfc	AA	shared	expression_nearest_gene	chr9_128138560_128140187	chr9	128138560	128140187	Heritable	0.209073741452618	1	1	0	0	0.649423750929971	0.997818244032116	0.0561551498363728	-0.0561551498363728
all_individuals	dlpfc	AA	shared	expression_nearest_gene	chr9_128192565_128193439	chr9	128192565	128193439	Heritable	0.253432722312886	1	1	0	0	0.758528606559411	0.997818244032116	0.0657867984437779	-0.0657867984437779
all_individuals	dlpfc	AA	shared	expression_nearest_gene	chr9_128205037_128205922	chr9	128205037	128205922	Heritable	0.135119306716644	1	1	0	0	0.930425294834622	0.997818244032116	0.019137683985706	-0.019137683985706
all_individuals	dlpfc	AA	shared	expression_nearest_gene	chr9_128208388_128209843	chr9	128208388	128209843	Non-heritable	0.0912217388858921	1	1	0	0	0.56570398623061	0.997818244032116	0.121292029593217	-0.121292029593217
all_individuals	dlpfc	AA	shared	expression_nearest_gene	chr9_128214443_128215105	chr9	128214443	128215105	Heritable	0.128917846893669	1	1	0	0	0.737426739401764	0.997818244032116	0.0727596546391989	-0.0727596546391989
all_individuals	dlpfc	AA	shared	expression_nearest_gene	chr9_128383577_128383886	chr9	128383577	128383886	Heritable	0.123124424572014	1	1	0	0	0.603785115727345	0.997818244032116	0.0860473668352952	-0.0860473668352952
all_individuals	dlpfc	AA	shared	expression_nearest_gene	chr9_128394000_128394741	chr9	128394000	128394741	Heritable	0.157991587557215	1	1	0	0	0.470858596332022	0.997818244032116	0.225612051769311	-0.225612051769311
all_individuals	dlpfc	AA	shared	expression_nearest_gene	chr9_128405615_128406086	chr9	128405615	128406086	Heritable	0.210044857373044	1	1	0	0	0.277731420935527	0.97844460364068	0.534253519592916	-0.534253519592916
all_individuals	dlpfc	AA	shared	expression_nearest_gene	chr9_128553861_128556144	chr9	128553861	128556144	Heritable	0.104122544810745	1	1	0	0	0.634667370269485	0.997818244032116	0.0524661293896287	-0.0524661293896287
all_individuals	dlpfc	AA	shared	expression_nearest_gene	chr9_128729666_128729984	chr9	128729666	128729984	Non-heritable	0.0792422505545344	1	1	0	0	0.838497472434554	0.997818244032116	0.0321297030718936	-0.0321297030718936
all_individuals	dlpfc	AA	shared	expression_nearest_gene	chr9_129020954_129021412	chr9	129020954	129021412	Heritable	0.158281899658248	1	1	0	0	0.855622467516914	0.997818244032116	0.033627330072866	0.033627330072866
all_individuals	dlpfc	AA	shared	expression_nearest_gene	chr9_129932891_129933546	chr9	129932891	129933546	Non-heritable	0.0999736649720908	1	1	0	0	0.0849459710455907	0.845216945719577	0.26291914739955	0.26291914739955
all_individuals	dlpfc	AA	shared	expression_nearest_gene	chr9_130088659_130090075	chr9	130088659	130090075	Non-heritable	0.0942122847953801	1	1	0	0	0.975238575298427	0.997818244032116	0.00311203520888625	0.00311203520888625
all_individuals	dlpfc	AA	shared	expression_nearest_gene	chr9_130128897_130129825	chr9	130128897	130129825	Non-heritable	0.0723906647512223	1	1	0	0	0.858368071975983	0.997818244032116	0.0169273870614468	-0.0169273870614468
all_individuals	dlpfc	AA	shared	expression_nearest_gene	chr9_130185773_130186503	chr9	130185773	130186503	Heritable	0.186833832965653	1	1	0	0	0.343199609337381	0.997818244032116	0.273567517602622	0.273567517602622
all_individuals	dlpfc	AA	shared	expression_nearest_gene	chr9_130186790_130187727	chr9	130186790	130187727	Non-heritable	0.054529229331542	1	1	0	0	0.804986762500853	0.997818244032116	0.0686044159947024	-0.0686044159947024
all_individuals	dlpfc	AA	shared	expression_nearest_gene	chr9_130235397_130235711	chr9	130235397	130235711	Non-heritable	0.0863493049895175	1	1	0	0	0.877755887901596	0.997818244032116	0.0422216040834007	0.0422216040834007
all_individuals	dlpfc	AA	shared	expression_nearest_gene	chr9_130423393_130423798	chr9	130423393	130423798	Heritable	0.12650653505918	1	1	0	0	0.707529374080718	0.997818244032116	0.135545150531375	0.135545150531375
all_individuals	dlpfc	AA	shared	expression_nearest_gene	chr9_130535331_130535504	chr9	130535331	130535504	Heritable	0.134166156863064	1	1	0	0	0.565884330899142	0.997818244032116	0.17223651174737	0.17223651174737
all_individuals	dlpfc	AA	shared	expression_nearest_gene	chr9_130536433_130536776	chr9	130536433	130536776	Heritable	0.114238286767739	1	1	0	0	0.933690410511216	0.997818244032116	0.0222031755923098	-0.0222031755923098
all_individuals	dlpfc	AA	shared	expression_nearest_gene	chr9_130824085_130825333	chr9	130824085	130825333	Non-heritable	0.0737995600919081	1	1	0	0	0.226959579894041	0.946436887585354	0.146028899056316	-0.146028899056316
all_individuals	dlpfc	AA	shared	expression_nearest_gene	chr9_130908161_130908390	chr9	130908161	130908390	Heritable	0.319919147014795	1	1	0	0	0.411327326102742	0.997818244032116	0.210137600176752	-0.210137600176752
all_individuals	dlpfc	AA	shared	expression_nearest_gene	chr9_130913055_130913562	chr9	130913055	130913562	Heritable	0.106901156103753	1	1	0	0	0.776431039810711	0.997818244032116	0.0785664423347239	0.0785664423347239
all_individuals	dlpfc	AA	shared	expression_nearest_gene	chr9_131063082_131063304	chr9	131063082	131063304	Heritable	0.105608021463072	1	1	0	0	0.796268936564401	0.997818244032116	0.0946759547636216	-0.0946759547636216
all_individuals	dlpfc	AA	shared	expression_nearest_gene	chr9_131097461_131098210	chr9	131097461	131098210	Heritable	0.130550164348706	1	1	0	0	0.0421793165041476	0.738677489633259	0.512343435522794	-0.512343435522794
all_individuals	dlpfc	AA	shared	expression_nearest_gene	chr9_131112043_131112569	chr9	131112043	131112569	Heritable	0.100145181529637	1	1	0	0	0.394589172925494	0.997818244032116	0.234165647535669	-0.234165647535669
all_individuals	dlpfc	AA	shared	expression_nearest_gene	chr9_131517814_131518254	chr9	131517814	131518254	Heritable	0.100899375453658	1	1	0	0	0.790561851410834	0.997818244032116	0.0419765771950154	0.0419765771950154
all_individuals	dlpfc	AA	shared	expression_nearest_gene	chr9_131588933_131589529	chr9	131588933	131589529	Heritable	0.115033783045357	1	1	0	0	0.411413209152053	0.997818244032116	0.164879273161603	-0.164879273161603
all_individuals	dlpfc	AA	shared	expression_nearest_gene	chr9_131858323_131858419	chr9	131858323	131858419	Heritable	0.127362236477944	1	1	0	0	0.174236635557413	0.911713995663319	0.174044779454491	0.174044779454491
all_individuals	dlpfc	AA	shared	expression_nearest_gene	chr9_132164016_132164559	chr9	132164016	132164559	Heritable	0.102761571151043	1	1	0	0	0.718238034951546	0.997818244032116	0.0919697024587798	0.0919697024587798
all_individuals	dlpfc	AA	shared	expression_nearest_gene	chr9_132556729_132556933	chr9	132556729	132556933	Heritable	0.12938443550259	1	1	0	0	0.484378395636347	0.997818244032116	0.0274195916880905	-0.0274195916880905
all_individuals	dlpfc	AA	shared	expression_nearest_gene	chr9_133137954_133138324	chr9	133137954	133138324	Non-heritable	0.083420753859577	1	1	0	0	0.165073129992551	0.911713995663319	0.257049535193517	0.257049535193517
all_individuals	dlpfc	AA	shared	expression_nearest_gene	chr9_133185200_133185928	chr9	133185200	133185928	Heritable	0.40357464215644	1	1	0	0	0.58753965312625	0.997818244032116	0.138721599223505	0.138721599223505
all_individuals	dlpfc	AA	shared	expression_nearest_gene	chr9_13322968_13323745	chr9	13322968	13323745	Heritable	0.10760920273167	1	1	0	0	0.480402093600062	0.997818244032116	0.0942025644148394	0.0942025644148394
all_individuals	dlpfc	AA	shared	expression_nearest_gene	chr9_133563502_133563670	chr9	133563502	133563670	Heritable	0.224119152083856	1	1	0	0	0.818892462744499	0.997818244032116	0.0597460399578846	0.0597460399578846
all_individuals	dlpfc	AA	shared	expression_nearest_gene	chr9_133567684_133568048	chr9	133567684	133568048	Heritable	0.226717205983749	1	1	0	0	0.628249595589961	0.997818244032116	0.135659320633717	-0.135659320633717
all_individuals	dlpfc	AA	shared	expression_nearest_gene	chr9_133726594_133726980	chr9	133726594	133726980	Heritable	0.113415983725061	1	1	0	0	0.795364081259626	0.997818244032116	0.0941718246709673	0.0941718246709673
all_individuals	dlpfc	AA	shared	expression_nearest_gene	chr9_133848172_133848661	chr9	133848172	133848661	Heritable	0.124495535792927	1	1	0	0	0.456567163636724	0.997818244032116	0.160947493470241	0.160947493470241
all_individuals	dlpfc	AA	shared	expression_nearest_gene	chr9_133917783_133918466	chr9	133917783	133918466	Heritable	0.102103947946178	1	1	0	0	0.577749334215048	0.997818244032116	0.107363436907028	-0.107363436907028
all_individuals	dlpfc	AA	shared	expression_nearest_gene	chr9_134384967_134385655	chr9	134384967	134385655	Non-heritable	0.0800767730016746	1	1	0	0	0.143209275666071	0.886987978379458	0.334216898111663	-0.334216898111663
all_individuals	dlpfc	AA	shared	expression_nearest_gene	chr9_134622928_134623311	chr9	134622928	134623311	Non-heritable	0.0683389435901029	1	1	0	0	0.127538391407041	0.885502111448744	0.518000023086112	0.518000023086112
all_individuals	dlpfc	AA	shared	expression_nearest_gene	chr9_134792697_134793173	chr9	134792697	134793173	Heritable	0.203910715126835	1	1	0	0	0.528802114659207	0.997818244032116	0.202816907685087	0.202816907685087
all_individuals	dlpfc	AA	shared	expression_nearest_gene	chr9_134801006_134801321	chr9	134801006	134801321	Non-heritable	0.0882764624557502	1	1	0	0	0.126383756058939	0.885502111448744	0.589384736104141	-0.589384736104141
all_individuals	dlpfc	AA	shared	expression_nearest_gene	chr9_135148102_135148663	chr9	135148102	135148663	Non-heritable	0.0766000712668865	1	1	0	0	0.64487436911923	0.997818244032116	0.0923400479373591	-0.0923400479373591
all_individuals	dlpfc	AA	shared	expression_nearest_gene	chr9_135611496_135612005	chr9	135611496	135612005	Heritable	0.401749772307979	1	1	0	0	0.722014821295295	0.997818244032116	0.0166224212652521	-0.0166224212652521
all_individuals	dlpfc	AA	shared	expression_nearest_gene	chr9_135779578_135780100	chr9	135779578	135780100	Non-heritable	0.0853541817283506	1	1	0	0	0.808724679615171	0.997818244032116	0.0716532697503851	-0.0716532697503851
all_individuals	dlpfc	AA	shared	expression_nearest_gene	chr9_135997507_135997852	chr9	135997507	135997852	Non-heritable	0.0775807826753869	1	1	0	0	0.711292250893718	0.997818244032116	0.0713793775874052	-0.0713793775874052
all_individuals	dlpfc	AA	shared	expression_nearest_gene	chr9_136045505_136045586	chr9	136045505	136045586	Heritable	0.114725833463241	1	1	0	0	0.0127593471967192	0.374458238605228	0.449836613074176	-0.449836613074176
all_individuals	dlpfc	AA	shared	expression_nearest_gene	chr9_136297032_136297739	chr9	136297032	136297739	Non-heritable	0.0527530642972165	1	1	0	0	0.116234644313172	0.885502111448744	0.196870421968852	-0.196870421968852
all_individuals	dlpfc	AA	shared	expression_nearest_gene	chr9_136347081_136348650	chr9	136347081	136348650	Heritable	0.373975603698809	1	1	0	0	0.626130904212745	0.997818244032116	0.119570868099759	0.119570868099759
all_individuals	dlpfc	AA	shared	expression_nearest_gene	chr9_136378859_136379282	chr9	136378859	136379282	Non-heritable	0.0832019653082857	1	1	0	0	0.979127541748582	0.997818244032116	0.00608213233704191	-0.00608213233704191
all_individuals	dlpfc	AA	shared	expression_nearest_gene	chr9_136511930_136512641	chr9	136511930	136512641	Heritable	0.136311697332723	1	1	0	0	0.00649527823215475	0.229505252414639	0.612046152550576	-0.612046152550576
all_individuals	dlpfc	AA	shared	expression_nearest_gene	chr9_136541774_136542355	chr9	136541774	136542355	Heritable	0.179131376494292	1	1	0	0	0.177186324853458	0.911713995663319	0.320157043907905	-0.320157043907905
all_individuals	dlpfc	AA	shared	expression_nearest_gene	chr9_136596510_136597014	chr9	136596510	136597014	Heritable	0.107796903897342	1	1	0	0	0.0535269802513238	0.794074905727395	0.0514212599529213	0.0514212599529213
all_individuals	dlpfc	AA	shared	expression_nearest_gene	chr9_136695466_136696308	chr9	136695466	136696308	Heritable	0.105220358928934	1	1	0	0	0.963579517834755	0.997818244032116	0.0112247524972595	-0.0112247524972595
all_individuals	dlpfc	AA	shared	expression_nearest_gene	chr9_136722506_136723289	chr9	136722506	136723289	Heritable	0.119173070959457	1	1	0	0	0.908866648744639	0.997818244032116	0.0325953823824943	-0.0325953823824943
all_individuals	dlpfc	AA	shared	expression_nearest_gene	chr9_136741149_136741411	chr9	136741149	136741411	Heritable	0.140417862810513	1	1	1	1	4.15890833917067e-05	0.00302472469209853	0.506823060854112	0.506823060854112
all_individuals	dlpfc	AA	shared	expression_nearest_gene	chr9_136757144_136758016	chr9	136757144	136758016	Heritable	0.173469425789604	1	1	0	0	0.0976038760195643	0.863777747997786	0.216928007016161	-0.216928007016161
all_individuals	dlpfc	AA	shared	expression_nearest_gene	chr9_136806640_136806972	chr9	136806640	136806972	Heritable	0.136068165624317	1	1	0	0	0.0125309702185545	0.370830297984947	0.6225718246271	-0.6225718246271
all_individuals	dlpfc	AA	shared	expression_nearest_gene	chr9_136866814_136866987	chr9	136866814	136866987	Heritable	0.157785471442181	1	1	0	0	0.854882860657206	0.997818244032116	0.0310361172922224	0.0310361172922224
all_individuals	dlpfc	AA	shared	expression_nearest_gene	chr9_136906836_136907471	chr9	136906836	136907471	Heritable	0.171748906350345	1	1	0	0	0.92920605329569	0.997818244032116	0.0214747266846427	-0.0214747266846427
all_individuals	dlpfc	AA	shared	expression_nearest_gene	chr9_137021412_137021641	chr9	137021412	137021641	Heritable	0.224887399138109	1	1	0	0	0.686844801878148	0.997818244032116	0.100247812723019	0.100247812723019
all_individuals	dlpfc	AA	shared	expression_nearest_gene	chr9_137278960_137279529	chr9	137278960	137279529	Heritable	0.159848034126924	1	1	0	0	0.033707111137025	0.660597847339416	0.493976102428944	-0.493976102428944
all_individuals	dlpfc	AA	shared	expression_nearest_gene	chr9_137304230_137304441	chr9	137304230	137304441	Heritable	0.137885121117384	1	1	0	0	0.354506146862438	0.997818244032116	0.244907183643161	-0.244907183643161
all_individuals	dlpfc	AA	shared	expression_nearest_gene	chr9_137461729_137462199	chr9	137461729	137462199	Heritable	0.214984273277748	1	1	0	0	0.956354178390054	0.997818244032116	0.0126530752503129	-0.0126530752503129
all_individuals	dlpfc	AA	shared	expression_nearest_gene	chr9_137462909_137463546	chr9	137462909	137463546	Heritable	0.158958330084911	1	1	0	0	0.888042299916774	0.997818244032116	0.0424852761480938	-0.0424852761480938
all_individuals	dlpfc	AA	shared	expression_nearest_gene	chr9_137763451_137763813	chr9	137763451	137763813	Heritable	0.145521804471481	1	1	0	0	0.677908431289421	0.997818244032116	0.0657235586737315	0.0657235586737315
all_individuals	dlpfc	AA	shared	expression_nearest_gene	chr9_137764315_137765263	chr9	137764315	137765263	Heritable	0.133416550107715	1	1	0	0	0.552081378125854	0.997818244032116	0.0737655956514018	-0.0737655956514018
all_individuals	dlpfc	AA	shared	expression_nearest_gene	chr9_137820300_137820543	chr9	137820300	137820543	Heritable	0.103389821416659	1	1	0	0	0.218847756930663	0.945014449508517	0.163375460332599	-0.163375460332599
all_individuals	dlpfc	AA	shared	expression_nearest_gene	chr9_14344996_14345349	chr9	14344996	14345349	Heritable	0.116326994441135	1	1	0	0	0.935883499449266	0.997818244032116	0.0175735968182522	0.0175735968182522
all_individuals	dlpfc	AA	shared	expression_nearest_gene	chr9_16829170_16829681	chr9	16829170	16829681	Heritable	0.108152049870199	1	1	0	0	0.502766155377823	0.997818244032116	0.193253284315503	0.193253284315503
all_individuals	dlpfc	AA	shared	expression_nearest_gene	chr9_17580246_17581969	chr9	17580246	17581969	Heritable	0.118767350945817	1	1	0	0	0.191979054560322	0.924559060738879	0.267491752166194	-0.267491752166194
all_individuals	dlpfc	AA	shared	expression_nearest_gene	chr9_17623370_17627477	chr9	17623370	17627477	Heritable	0.129694875293034	1	1	0	0	0.169759167769071	0.911713995663319	0.299082006051016	-0.299082006051016
all_individuals	dlpfc	AA	shared	expression_nearest_gene	chr9_18437919_18438065	chr9	18437919	18438065	Heritable	0.11785772553461	1	1	0	0	0.0235809440896421	0.53255700572976	0.61764314239893	0.61764314239893
all_individuals	dlpfc	AA	shared	expression_nearest_gene	chr9_18439210_18439572	chr9	18439210	18439572	Heritable	0.160058428681454	1	1	0	0	0.809832568790572	0.997818244032116	0.0670346851164165	0.0670346851164165
all_individuals	dlpfc	AA	shared	expression_nearest_gene	chr9_19645947_19648851	chr9	19645947	19648851	Heritable	0.452762706530816	1	1	0	0	0.48591173841979	0.997818244032116	0.10061206559867	0.10061206559867
all_individuals	dlpfc	AA	shared	expression_nearest_gene	chr9_22005101_22005226	chr9	22005101	22005226	Heritable	0.105606635265649	1	1	0	0	0.102439760245592	0.868906406217649	0.391490441929622	0.391490441929622
all_individuals	dlpfc	AA	shared	expression_nearest_gene	chr9_2633798_2634389	chr9	2633798	2634389	Heritable	0.10914924572432	1	1	0	0	0.665463235608781	0.997818244032116	0.0809255405018945	-0.0809255405018945
all_individuals	dlpfc	AA	shared	expression_nearest_gene	chr9_33024196_33024292	chr9	33024196	33024292	Heritable	0.246886777840017	1	1	0	0	0.476886645695187	0.997818244032116	0.0547370808385157	-0.0547370808385157
all_individuals	dlpfc	AA	shared	expression_nearest_gene	chr9_36566818_36567264	chr9	36566818	36567264	Non-heritable	0.057049674868297	1	1	0	0	0.0322451003634408	0.646559465698712	0.492797402337882	-0.492797402337882
all_individuals	dlpfc	AA	shared	expression_nearest_gene	chr9_36765124_36765669	chr9	36765124	36765669	Heritable	0.437489694066082	1	1	0	0	0.782215306051717	0.997818244032116	0.0919571031473354	-0.0919571031473354
all_individuals	dlpfc	AA	shared	expression_nearest_gene	chr9_37800141_37800269	chr9	37800141	37800269	Heritable	0.165865216096848	1	1	0	0	0.145729789036942	0.886987978379458	0.170294019631893	0.170294019631893
all_individuals	dlpfc	AA	shared	expression_nearest_gene	chr9_38004118_38004673	chr9	38004118	38004673	Heritable	0.150120498716175	1	1	0	0	0.856901446925849	0.997818244032116	0.0499463687437611	-0.0499463687437611
all_individuals	dlpfc	AA	shared	expression_nearest_gene	chr9_39792099_39792584	chr9	39792099	39792584	Low prediction	0.0201288083946284	1	1	0	0	0.566792152109213	0.997818244032116	0.13325091962405	0.13325091962405
all_individuals	dlpfc	AA	shared	expression_nearest_gene	chr9_39809743_39811094	chr9	39809743	39811094	Low prediction	0.0307611430483204	1	1	0	1	0.00149827509432244	0.0683946641461445	0.77711127194671	-0.77711127194671
all_individuals	dlpfc	AA	shared	expression_nearest_gene	chr9_4663107_4664948	chr9	4663107	4664948	Heritable	0.101485556653156	1	1	0	0	0.0169829603797267	0.447355820821758	0.536477638076274	-0.536477638076274
all_individuals	dlpfc	AA	shared	expression_nearest_gene	chr9_5304439_5304707	chr9	5304439	5304707	Heritable	0.109855566361789	1	1	0	0	0.504558402792197	0.997818244032116	0.0498601833015196	0.0498601833015196
all_individuals	dlpfc	AA	shared	expression_nearest_gene	chr9_6759675_6759913	chr9	6759675	6759913	Non-heritable	0.0415630975179915	1	1	0	0	0.538119356065406	0.997818244032116	0.07722617229755	0.07722617229755
all_individuals	dlpfc	AA	shared	expression_nearest_gene	chr9_67720553_67720672	chr9	67720553	67720672	Heritable	0.147459445941216	1	1	0	0	0.404395195215401	0.997818244032116	0.253278595716477	-0.253278595716477
all_individuals	dlpfc	AA	shared	expression_nearest_gene	chr9_67723701_67723896	chr9	67723701	67723896	Heritable	0.111272599586295	1	1	0	0	0.985931982018369	0.997818244032116	0.0030072965358241	0.0030072965358241
all_individuals	dlpfc	AA	shared	expression_nearest_gene	chr9_68322221_68322622	chr9	68322221	68322622	Heritable	0.108647394533409	1	1	0	0	0.341433528268178	0.997818244032116	0.203410979158763	-0.203410979158763
all_individuals	dlpfc	AA	shared	expression_nearest_gene	chr9_68324143_68324407	chr9	68324143	68324407	Heritable	0.140818212125378	1	1	0	0	0.672537361782547	0.997818244032116	0.0601524339988907	0.0601524339988907
all_individuals	dlpfc	AA	shared	expression_nearest_gene	chr9_69186300_69187650	chr9	69186300	69187650	Non-heritable	0.0908159596410972	1	1	0	0	0.865764211999116	0.997818244032116	0.0232291721326394	-0.0232291721326394
all_individuals	dlpfc	AA	shared	expression_nearest_gene	chr9_6931239_6932830	chr9	6931239	6932830	Heritable	0.22697147461844	1	1	0	0	0.0885926059303984	0.852417590912265	0.207435790316175	0.207435790316175
all_individuals	dlpfc	AA	shared	expression_nearest_gene	chr9_70417950_70418119	chr9	70417950	70418119	Heritable	0.104861055578243	1	1	0	0	0.157279533727158	0.91025328674185	0.303709880292203	-0.303709880292203
all_individuals	dlpfc	AA	shared	expression_nearest_gene	chr9_70481015_70481130	chr9	70481015	70481130	Non-heritable	0.0596525067169078	1	1	0	0	0.0835854573474891	0.845216945719577	0.434369386456472	-0.434369386456472
all_individuals	dlpfc	AA	shared	expression_nearest_gene	chr9_7209050_7209468	chr9	7209050	7209468	Non-heritable	0.075806244028769	1	1	0	0	0.0539469746782377	0.794074905727395	0.239099314324704	0.239099314324704
all_individuals	dlpfc	AA	shared	expression_nearest_gene	chr9_72469657_72470357	chr9	72469657	72470357	Heritable	0.112609098354935	1	1	0	0	0.705769171795137	0.997818244032116	0.105243970645594	-0.105243970645594
all_individuals	dlpfc	AA	shared	expression_nearest_gene	chr9_81613270_81613504	chr9	81613270	81613504	Heritable	0.119675996387009	1	1	0	0	0.974647680405075	0.997818244032116	0.00595943180368863	-0.00595943180368863
all_individuals	dlpfc	AA	shared	expression_nearest_gene	chr9_83837083_83837161	chr9	83837083	83837161	Heritable	0.117907898503555	1	1	0	0	0.361119118200995	0.997818244032116	0.166320114010269	0.166320114010269
all_individuals	dlpfc	AA	shared	expression_nearest_gene	chr9_84140171_84140551	chr9	84140171	84140551	Heritable	0.108648499356	1	1	0	0	0.855119427513644	0.997818244032116	0.0313518855467539	0.0313518855467539
all_individuals	dlpfc	AA	shared	expression_nearest_gene	chr9_84170373_84171712	chr9	84170373	84171712	Heritable	0.113503523944185	1	1	0	0	0.780104652526582	0.997818244032116	0.055348504277466	-0.055348504277466
all_individuals	dlpfc	AA	shared	expression_nearest_gene	chr9_85076973_85077517	chr9	85076973	85077517	Heritable	0.501437697353141	1	1	0	0	0.699902984010212	0.997818244032116	0.0480358852462253	-0.0480358852462253
all_individuals	dlpfc	AA	shared	expression_nearest_gene	chr9_88236742_88237245	chr9	88236742	88237245	Heritable	0.166219495393392	1	1	0	0	0.197734912681953	0.931624393086991	0.0953223607248149	0.0953223607248149
all_individuals	dlpfc	AA	shared	expression_nearest_gene	chr9_89176271_89176993	chr9	89176271	89176993	Heritable	0.109270773739709	1	1	0	0	0.967758731135244	0.997818244032116	0.00777233882479322	0.00777233882479322
all_individuals	dlpfc	AA	shared	expression_nearest_gene	chr9_89435586_89436808	chr9	89435586	89436808	Heritable	0.102962770921129	1	1	0	0	0.161539417513027	0.911713995663319	0.237537658317287	0.237537658317287
all_individuals	dlpfc	AA	shared	expression_nearest_gene	chr9_89444357_89445246	chr9	89444357	89445246	Heritable	0.142185170713686	1	1	0	0	0.541454870534413	0.997818244032116	0.112597478727231	0.112597478727231
all_individuals	dlpfc	AA	shared	expression_nearest_gene	chr9_89495935_89496143	chr9	89495935	89496143	Heritable	0.107353794291194	1	1	0	0	0.123322696697302	0.885502111448744	0.296393383420082	0.296393383420082
all_individuals	dlpfc	AA	shared	expression_nearest_gene	chr9_89505891_89506331	chr9	89505891	89506331	Heritable	0.134643227277377	1	1	0	0	0.141843326292087	0.886987978379458	0.2658151311756	0.2658151311756
all_individuals	dlpfc	AA	shared	expression_nearest_gene	chr9_89514427_89515199	chr9	89514427	89515199	Heritable	0.108763576646512	1	1	0	0	0.352753354182375	0.997818244032116	0.182852480306913	0.182852480306913
all_individuals	dlpfc	AA	shared	expression_nearest_gene	chr9_89675175_89676670	chr9	89675175	89676670	Heritable	0.106198035112572	1	1	0	0	0.164963227248479	0.911713995663319	0.123013850828474	-0.123013850828474
all_individuals	dlpfc	AA	shared	expression_nearest_gene	chr9_90611158_90611426	chr9	90611158	90611426	Heritable	0.1188005499793	1	1	0	0	0.358249428913081	0.997818244032116	0.185051270431385	-0.185051270431385
all_individuals	dlpfc	AA	shared	expression_nearest_gene	chr9_91713847_91715103	chr9	91713847	91715103	Heritable	0.119361088094054	1	1	0	0	0.524008149778758	0.997818244032116	0.213611295437325	0.213611295437325
all_individuals	dlpfc	AA	shared	expression_nearest_gene	chr9_91948206_91948333	chr9	91948206	91948333	Heritable	0.108926024183443	1	1	0	0	0.497585432717166	0.997818244032116	0.216240955286137	-0.216240955286137
all_individuals	dlpfc	AA	shared	expression_nearest_gene	chr9_92097510_92098299	chr9	92097510	92098299	Heritable	0.105169669136233	1	1	1	1	2.48315563256374e-06	0.000231635235202848	0.436809514425385	-0.436809514425385
all_individuals	dlpfc	AA	shared	expression_nearest_gene	chr9_92877904_92878399	chr9	92877904	92878399	Heritable	0.109363544067797	1	1	0	0	0.795438141387306	0.997818244032116	0.0443705304315523	0.0443705304315523
all_individuals	dlpfc	AA	shared	expression_nearest_gene	chr9_92946927_92947246	chr9	92946927	92947246	Heritable	0.346506375364609	1	1	0	0	0.248712619821983	0.958038504795448	0.24940755377958	-0.24940755377958
all_individuals	dlpfc	AA	shared	expression_nearest_gene	chr9_93009699_93010469	chr9	93009699	93010469	Heritable	0.139440697704842	1	1	0	0	0.812675692664356	0.997818244032116	0.0582734158782543	-0.0582734158782543
all_individuals	dlpfc	AA	shared	expression_nearest_gene	chr9_93189912_93190228	chr9	93189912	93190228	Non-heritable	0.0986051792833202	1	1	0	0	0.614842572528957	0.997818244032116	0.163627621672966	-0.163627621672966
all_individuals	dlpfc	AA	shared	expression_nearest_gene	chr9_93298862_93299336	chr9	93298862	93299336	Non-heritable	0.0978151866695768	1	1	0	0	0.322895799644955	0.993794852697277	0.312795138727523	-0.312795138727523
all_individuals	dlpfc	AA	shared	expression_nearest_gene	chr9_93861231_93861484	chr9	93861231	93861484	Heritable	0.515966929242516	1	1	0	0	0.104289867007697	0.876810259305971	0.0803171771682308	-0.0803171771682308
all_individuals	dlpfc	AA	shared	expression_nearest_gene	chr9_94705628_94705930	chr9	94705628	94705930	Heritable	0.171783609172021	1	1	0	0	0.0220938643098348	0.518058862040991	0.412108454159089	0.412108454159089
all_individuals	dlpfc	AA	shared	expression_nearest_gene	chr9_94865429_94866260	chr9	94865429	94866260	Heritable	0.148189295604031	1	1	0	0	0.101906091708462	0.868906406217649	0.286428326547259	0.286428326547259
all_individuals	dlpfc	AA	shared	expression_nearest_gene	chr9_94913648_94914333	chr9	94913648	94914333	Heritable	0.193361265690589	1	1	0	0	0.519895287161583	0.997818244032116	0.108940121771301	-0.108940121771301
all_individuals	dlpfc	AA	shared	expression_nearest_gene	chr9_95065356_95065880	chr9	95065356	95065880	Heritable	0.115957886243249	1	1	0	0	0.0644774781267529	0.81476017671674	0.316495260327642	0.316495260327642
all_individuals	dlpfc	AA	shared	expression_nearest_gene	chr9_95081085_95081387	chr9	95081085	95081387	Heritable	0.134791840944933	1	1	0	0	0.144828255982122	0.886987978379458	0.250881171142552	0.250881171142552
all_individuals	dlpfc	AA	shared	expression_nearest_gene	chr9_95084978_95085157	chr9	95084978	95085157	Heritable	0.120689159002495	1	1	0	0	0.131189285930723	0.885502111448744	0.294665974110266	0.294665974110266
all_individuals	dlpfc	AA	shared	expression_nearest_gene	chr9_95086330_95086738	chr9	95086330	95086738	Heritable	0.148877486361009	1	1	0	0	0.0783750650716764	0.830141710561625	0.277375122667038	0.277375122667038
all_individuals	dlpfc	AA	shared	expression_nearest_gene	chr9_95493794_95495195	chr9	95493794	95495195	Heritable	0.116521255405371	1	1	0	0	0.886667309064466	0.997818244032116	0.0398496760803653	-0.0398496760803653
all_individuals	dlpfc	AA	shared	expression_nearest_gene	chr9_95504484_95505277	chr9	95504484	95505277	Heritable	0.105766541804262	1	1	0	0	0.769753244345149	0.997818244032116	0.0728137186969846	-0.0728137186969846
all_individuals	dlpfc	AA	shared	expression_nearest_gene	chr9_95752048_95752391	chr9	95752048	95752391	Heritable	0.124191447358826	1	1	0	0	0.22025409248148	0.945014449508517	0.24951997495783	0.24951997495783
all_individuals	dlpfc	AA	shared	expression_nearest_gene	chr9_96044919_96045926	chr9	96044919	96045926	Non-heritable	0.0839834244809892	1	1	0	0	0.936283108779854	0.997818244032116	0.0102310517286419	-0.0102310517286419
all_individuals	dlpfc	AA	shared	expression_nearest_gene	chr9_96116196_96117140	chr9	96116196	96117140	Heritable	0.145501281294392	1	1	0	0	0.0096787035330689	0.303148298251085	0.329647191682456	0.329647191682456
all_individuals	dlpfc	AA	shared	expression_nearest_gene	chr9_96501902_96503025	chr9	96501902	96503025	Non-heritable	0.0575621704375776	1	1	0	0	0.723443368955296	0.997818244032116	0.0520959717347438	-0.0520959717347438
all_individuals	dlpfc	AA	shared	expression_nearest_gene	chr9_96556906_96557856	chr9	96556906	96557856	Heritable	0.114593256130136	1	1	0	0	0.597998230742186	0.997818244032116	0.0905206292992702	-0.0905206292992702
all_individuals	dlpfc	AA	shared	expression_nearest_gene	chr9_97503240_97503693	chr9	97503240	97503693	Heritable	0.112305404250866	1	1	0	0	0.41282424949217	0.997818244032116	0.196528154937354	-0.196528154937354
all_individuals	dlpfc	AA	shared	expression_nearest_gene	chr9_98119674_98119854	chr9	98119674	98119854	Heritable	0.194399636147298	1	1	0	0	0.00437740420932085	0.166225145683148	0.754859138141471	-0.754859138141471
all_individuals	dlpfc	AA	shared	expression_nearest_gene	chr9_98191225_98191877	chr9	98191225	98191877	Heritable	0.152561860226359	1	1	0	0	0.453081101929091	0.997818244032116	0.165988735120048	-0.165988735120048
all_individuals	dlpfc	AA	shared	expression_nearest_gene	chr9_98794740_98795420	chr9	98794740	98795420	Heritable	0.115066978878496	1	1	0	0	0.411662438766594	0.997818244032116	0.158843948343423	0.158843948343423
all_individuals	dlpfc	AA	shared	expression_nearest_gene	chr9_98808714_98809049	chr9	98808714	98809049	Heritable	0.117681701266693	1	1	0	0	0.718395456737544	0.997818244032116	0.0967815285543789	-0.0967815285543789
all_individuals	dlpfc	AA	shared	expression_nearest_gene	chrX_102712694_102712738	chrX	102712694	102712738	Non-heritable	0.0891848485560352	1	1	0	0	0.0410037044352179	0.734366138918551	1.25265570205504	1.25265570205504
all_individuals	dlpfc	AA	shared	expression_nearest_gene	chrX_103215676_103215915	chrX	103215676	103215915	Non-heritable	0.0848996142919105	1	1	0	0	0.687484659066346	0.997818244032116	0.166715151991156	-0.166715151991156
all_individuals	dlpfc	AA	shared	expression_nearest_gene	chrX_119468148_119468527	chrX	119468148	119468527	Heritable	0.103075868588054	1	1	0	0	0.349503414171555	0.997818244032116	0.473474032130163	0.473474032130163
all_individuals	dlpfc	AA	shared	expression_nearest_gene	chrX_119606191_119606364	chrX	119606191	119606364	Heritable	0.12764103285325	1	1	0	0	0.0505107879156861	0.77407782480789	0.868424566909013	-0.868424566909013
all_individuals	dlpfc	AA	shared	expression_nearest_gene	chrX_126165752_126166498	chrX	126165752	126166498	Non-heritable	0.099007015363226	1	1	0	0	0.702248316340107	0.997818244032116	0.292635310996911	-0.292635310996911
all_individuals	dlpfc	AA	shared	expression_nearest_gene	chrX_129843470_129844528	chrX	129843470	129844528	Heritable	0.172252999189159	1	1	0	0	0.0152524412409639	0.419539906185745	2.11422325510347	-2.11422325510347
all_individuals	dlpfc	AA	shared	expression_nearest_gene	chrX_129982393_129983986	chrX	129982393	129983986	Heritable	0.181245550363518	1	1	0	0	0.710224135348069	0.997818244032116	0.410273555491369	-0.410273555491369
all_individuals	dlpfc	AA	shared	expression_nearest_gene	chrX_130171158_130172121	chrX	130171158	130172121	Non-heritable	0.0489710179289395	1	1	0	0	0.816670614759162	0.997818244032116	0.223699073195604	-0.223699073195604
all_individuals	dlpfc	AA	shared	expression_nearest_gene	chrX_131704626_131704888	chrX	131704626	131704888	Heritable	0.255537103967673	1	1	0	0	0.10483150017775	0.877208377020114	1.19007257691542	1.19007257691542
all_individuals	dlpfc	AA	shared	expression_nearest_gene	chrX_131752806_131752961	chrX	131752806	131752961	Heritable	0.286798033232477	1	1	0	0	0.0526721056648006	0.794074905727395	1.2379286206284	1.2379286206284
all_individuals	dlpfc	AA	shared	expression_nearest_gene	chrX_134796801_134796939	chrX	134796801	134796939	Heritable	0.115609213464241	1	1	0	0	0.136166847344566	0.886987978379458	0.779592680414382	-0.779592680414382
all_individuals	dlpfc	AA	shared	expression_nearest_gene	chrX_135032257_135032594	chrX	135032257	135032594	Non-heritable	0.0205799441776417	1	1	0	0	0.112717817210925	0.885502111448744	0.889503889088537	-0.889503889088537
all_individuals	dlpfc	AA	shared	expression_nearest_gene	chrX_135051811_135052433	chrX	135051811	135052433	Heritable	0.120776073690831	1	1	0	0	0.0129153622264213	0.374458238605228	1.98402721398124	-1.98402721398124
all_individuals	dlpfc	AA	shared	expression_nearest_gene	chrX_135097882_135099331	chrX	135097882	135099331	Non-heritable	0.0516700683207334	1	1	0	0	0.616363657186624	0.997818244032116	0.459357742823283	-0.459357742823283
all_individuals	dlpfc	AA	shared	expression_nearest_gene	chrX_135973871_135973965	chrX	135973871	135973965	Non-heritable	0.0502728863725954	1	1	0	0	0.875448434279599	0.997818244032116	0.0512066539353615	0.0512066539353615
all_individuals	dlpfc	AA	shared	expression_nearest_gene	chrX_136880232_136880717	chrX	136880232	136880717	Non-heritable	0.0823924633423505	1	1	0	0	0.337186321169879	0.997818244032116	0.349344881265658	-0.349344881265658
all_individuals	dlpfc	AA	shared	expression_nearest_gene	chrX_147911492_147912332	chrX	147911492	147912332	Heritable	0.20931728241948	1	1	0	0	0.717051235570199	0.997818244032116	0.18323483074947	-0.18323483074947
all_individuals	dlpfc	AA	shared	expression_nearest_gene	chrX_149631009_149631478	chrX	149631009	149631478	Heritable	0.177537998967967	1	1	0	0	0.624903805904779	0.997818244032116	0.286222265539926	0.286222265539926
all_individuals	dlpfc	AA	shared	expression_nearest_gene	chrX_149937800_149938730	chrX	149937800	149938730	Heritable	0.363356472326612	1	1	0	0	0.235873128395602	0.948964195705265	0.861754072347793	-0.861754072347793
all_individuals	dlpfc	AA	shared	expression_nearest_gene	chrX_149939826_149940386	chrX	149939826	149940386	Heritable	0.177001431630992	1	1	0	0	0.898022247559103	0.997818244032116	0.0882773329069693	0.0882773329069693
all_individuals	dlpfc	AA	shared	expression_nearest_gene	chrX_150364920_150365023	chrX	150364920	150365023	Heritable	0.134444300417097	1	1	0	0	0.0564823221344497	0.794603662642371	1.56331325543281	-1.56331325543281
all_individuals	dlpfc	AA	shared	expression_nearest_gene	chrX_150983289_150984560	chrX	150983289	150984560	Non-heritable	0.0376932485623356	1	1	0	0	0.018372889965914	0.472084256549324	1.94080894171165	-1.94080894171165
all_individuals	dlpfc	AA	shared	expression_nearest_gene	chrX_151177254_151177501	chrX	151177254	151177501	Non-heritable	0.0723554532358606	1	1	0	0	0.543735000994896	0.997818244032116	0.0452222399643753	0.0452222399643753
all_individuals	dlpfc	AA	shared	expression_nearest_gene	chrX_151396436_151397728	chrX	151396436	151397728	Heritable	0.115660773573166	1	1	0	0	0.429941656131372	0.997818244032116	0.416591717145522	-0.416591717145522
all_individuals	dlpfc	AA	shared	expression_nearest_gene	chrX_153968730_153969139	chrX	153968730	153969139	Heritable	0.111885444536158	1	1	0	0	0.968552789548631	0.997818244032116	0.0259078719598413	-0.0259078719598413
all_individuals	dlpfc	AA	shared	expression_nearest_gene	chrX_154378026_154379876	chrX	154378026	154379876	Non-heritable	0.0513796707499171	1	1	1	1	0.00102448770102109	0.0488452969453501	2.7428450923227	-2.7428450923227
all_individuals	dlpfc	AA	shared	expression_nearest_gene	chrX_154491096_154491237	chrX	154491096	154491237	Heritable	0.113252074498194	1	1	0	0	0.797302119119869	0.997818244032116	0.149633187663255	0.149633187663255
all_individuals	dlpfc	AA	shared	expression_nearest_gene	chrX_155027317_155027420	chrX	155027317	155027420	Low prediction	0.307101990260392	1	1	0	0	0.145091658463842	0.886987978379458	0.637988192494404	0.637988192494404
all_individuals	dlpfc	AA	shared	expression_nearest_gene	chrX_17737112_17738076	chrX	17737112	17738076	Non-heritable	0.0723320178023011	1	1	0	0	0.195062208915516	0.931047762465496	1.28997725713172	1.28997725713172
all_individuals	dlpfc	AA	shared	expression_nearest_gene	chrX_17860516_17860759	chrX	17860516	17860759	Non-heritable	0.0722296737302632	1	1	0	0	0.85518545428358	0.997818244032116	0.167137013241135	0.167137013241135
all_individuals	dlpfc	AA	shared	expression_nearest_gene	chrX_19514904_19515077	chrX	19514904	19515077	Heritable	0.125852390225357	1	1	0	0	0.401352065217315	0.997818244032116	0.32139296009399	0.32139296009399
all_individuals	dlpfc	AA	shared	expression_nearest_gene	chrX_24024419_24025023	chrX	24024419	24025023	Non-heritable	0.0868269940006333	1	1	0	0	0.66388944124036	0.997818244032116	0.240437136785616	-0.240437136785616
all_individuals	dlpfc	AA	shared	expression_nearest_gene	chrX_24465593_24465807	chrX	24465593	24465807	Non-heritable	0.0537564473287225	1	1	0	0	0.224535528733065	0.945014449508517	0.500170659799984	-0.500170659799984
all_individuals	dlpfc	AA	shared	expression_nearest_gene	chrX_24694082_24694286	chrX	24694082	24694286	Heritable	0.10499338352794	1	1	0	0	0.328387566719852	0.99671805502751	0.437280449960483	0.437280449960483
all_individuals	dlpfc	AA	shared	expression_nearest_gene	chrX_40104368_40104436	chrX	40104368	40104436	Heritable	0.131030684791652	1	1	0	0	0.23076395980249	0.947930352176406	0.513690853181352	-0.513690853181352
all_individuals	dlpfc	AA	shared	expression_nearest_gene	chrX_43655301_43655619	chrX	43655301	43655619	Heritable	0.11243648584639	1	1	0	0	0.833039913403457	0.997818244032116	0.113242238559401	0.113242238559401
all_individuals	dlpfc	AA	shared	expression_nearest_gene	chrX_46574037_46575656	chrX	46574037	46575656	Heritable	0.109764029686918	1	1	0	0	0.0911814668442623	0.852417590912265	2.14863269461482	-2.14863269461482
all_individuals	dlpfc	AA	shared	expression_nearest_gene	chrX_46836651_46837286	chrX	46836651	46837286	Heritable	0.114991692984387	1	1	0	0	0.0129146552068387	0.374458238605228	1.91855145569191	1.91855145569191
all_individuals	dlpfc	AA	shared	expression_nearest_gene	chrX_46912190_46913247	chrX	46912190	46913247	Non-heritable	0.0631981563405097	1	1	0	0	0.809534119646877	0.997818244032116	0.231890815246139	0.231890815246139
all_individuals	dlpfc	AA	shared	expression_nearest_gene	chrX_47219630_47220083	chrX	47219630	47220083	Heritable	0.126132019269377	1	1	0	0	0.754445250875709	0.997818244032116	0.192888863065591	0.192888863065591
all_individuals	dlpfc	AA	shared	expression_nearest_gene	chrX_47619459_47619793	chrX	47619459	47619793	Heritable	0.126215027201986	1	1	0	0	0.499948928319472	0.997818244032116	0.632979608314082	-0.632979608314082
all_individuals	dlpfc	AA	shared	expression_nearest_gene	chrX_47649936_47651091	chrX	47649936	47651091	Heritable	0.248927985765477	1	1	0	0	0.561162277658801	0.997818244032116	0.543967912064012	0.543967912064012
all_individuals	dlpfc	AA	shared	expression_nearest_gene	chrX_48476037_48476686	chrX	48476037	48476686	Heritable	0.177629324442058	1	1	0	0	0.673421802634018	0.997818244032116	0.206594079202588	0.206594079202588
all_individuals	dlpfc	AA	shared	expression_nearest_gene	chrX_48897460_48898041	chrX	48897460	48898041	Heritable	0.114771177710625	1	1	0	0	0.953045596216541	0.997818244032116	0.0906682374808732	0.0906682374808732
all_individuals	dlpfc	AA	shared	expression_nearest_gene	chrX_49155898_49156809	chrX	49155898	49156809	Heritable	0.160488278824167	1	1	0	0	0.481507696762878	0.997818244032116	0.862932789809577	0.862932789809577
all_individuals	dlpfc	AA	shared	expression_nearest_gene	chrX_49163402_49163652	chrX	49163402	49163652	Non-heritable	0.0830845660317761	1	1	0	0	0.980898181849808	0.997818244032116	0.0249316148249399	0.0249316148249399
all_individuals	dlpfc	AA	shared	expression_nearest_gene	chrX_49171795_49172332	chrX	49171795	49172332	Heritable	0.131163747533314	1	1	0	0	0.961060710642771	0.997818244032116	0.068329966803212	0.068329966803212
all_individuals	dlpfc	AA	shared	expression_nearest_gene	chrX_49190675_49191837	chrX	49190675	49191837	Heritable	0.162035723564196	1	1	0	0	0.22485661919091	0.945014449508517	1.1118010543407	-1.1118010543407
all_individuals	dlpfc	AA	shared	expression_nearest_gene	chrX_49879523_49880040	chrX	49879523	49880040	Non-heritable	0.0977001204442438	1	1	0	0	0.215867959676761	0.944738201137267	0.683003713544679	-0.683003713544679
all_individuals	dlpfc	AA	shared	expression_nearest_gene	chrX_54043886_54044877	chrX	54043886	54044877	Heritable	0.233067562677212	1	1	0	0	0.305311547027368	0.985760877676827	0.718631689317184	0.718631689317184
all_individuals	dlpfc	AA	shared	expression_nearest_gene	chrX_54495139_54495877	chrX	54495139	54495877	Heritable	0.223865610086651	1	1	0	0	0.982332155914611	0.997818244032116	0.0224783784194749	0.0224783784194749
all_individuals	dlpfc	AA	shared	expression_nearest_gene	chrX_69504777_69506045	chrX	69504777	69506045	Non-heritable	0.0450895850959854	1	1	0	0	0.255371596800417	0.960660313945641	1.37689244146389	1.37689244146389
all_individuals	dlpfc	AA	shared	expression_nearest_gene	chrX_71492503_71492970	chrX	71492503	71492970	Non-heritable	0.0406516922852277	1	1	0	0	0.545298049220847	0.997818244032116	0.0157533534447174	-0.0157533534447174
all_individuals	dlpfc	AA	shared	expression_nearest_gene	chrX_73850950_73852333	chrX	73850950	73852333	Heritable	0.237734117552134	1	1	0	0	0.464384926302493	0.997818244032116	3.09678977687248	-3.09678977687248
