"id","description","genome_fraction","observed_region_hits","fold_enrichment","p_value","p_adjust","mean_tss_dist","observed_gene_hits","gene_set_size","fold_enrichment_hyper","p_value_hyper","p_adjust_hyper"
"GO:0005488","binding",0.926348203156746,8759,1.01912133782246,6.26343421572528e-12,8.03598609877554e-09,138476,6580,6781,1.00299883080784,0.00053068042967308,0.340431495635281
"GO:0003674","molecular_function",0.954864471996092,8983,1.01397044584007,4.36468639009036e-11,2.79994631924296e-08,139503,7103,7324,1.00244777577531,0.000122922760710575,0.157709901991668
"GO:0030554","adenyl nucleotide binding",0.114834971669642,1250,1.17322545529298,2.34537833598836e-09,8.38781937823052e-07,136795,636,656,1.00212420898655,0.434199605025809,0.999944762535205
"GO:0032559","adenyl ribonucleotide binding",0.110273521502308,1204,1.17679516418886,2.6150644982792e-09,8.38781937823052e-07,137901,607,626,1.00226516322255,0.430673778443326,0.999944762535205
"GO:0005524","ATP binding",0.107588443907717,1173,1.17510863541071,5.8225133603429e-09,1.49405692826399e-06,137856,590,607,1.00468888607274,0.303795341117075,0.999944762535205
"GO:0005515","protein binding",0.871695124484643,8262,1.02156547152578,1.74552357012914e-08,3.73251123412614e-06,136233,5879,6058,1.00309593098957,0.00511517535131545,0.999944762535205
"GO:0097367","carbohydrate derivative binding",0.175725979691631,1811,1.11078014675577,6.22436158836948e-07,0.000109256819322764,143820,916,943,1.00404241228513,0.271310324160079,0.999944762535205
"GO:1901363","heterocyclic compound binding",0.161749565114166,1675,1.116136527763,6.81258421342257e-07,0.000109256819322764,130273,875,904,1.00047882221274,0.516039895827159,0.999944762535205
"GO:0017076","purine nucleotide binding",0.143605637307497,1497,1.12355915673913,8.61384397365939e-07,0.000114406752482327,134555,765,789,1.00219610253766,0.41154119802622,0.999944762535205
"GO:0032553","ribonucleotide binding",0.139334539066673,1455,1.12551124887004,9.09759219069883e-07,0.000114406752482327,135606,741,764,1.00252018812672,0.394657645040827,0.999944762535205
"GO:0032555","purine ribonucleotide binding",0.139044187140163,1451,1.12476089000302,1.07624481859858e-06,0.000114406752482327,135376,736,759,1.00231519892537,0.408092543805276,0.999944762535205
"GO:0035639","purine ribonucleoside triphosphate binding",0.135365920474105,1415,1.12665962422481,1.09646895518623e-06,0.000114406752482327,134726,717,738,1.00422509831356,0.298581940377008,0.999944762535205
"GO:1901265","nucleoside phosphate binding",0.153903071823507,1595,1.11701506652137,1.15922664245538e-06,0.000114406752482327,132097,826,851,1.00327216848956,0.334242936932757,0.999944762535205
"GO:0000166","nucleotide binding",0.152869504572579,1584,1.11681168944208,1.32362170179867e-06,0.000121300474529121,132534,821,846,1.00309270406638,0.346330882886851,0.999944762535205
"GO:0003824","catalytic activity",0.404328540838177,3958,1.05508396607687,6.82523856043726e-06,0.000583785404869401,136849,2241,2312,1.00189521931942,0.303635378006195,0.999944762535205
"GO:0098772","molecular function regulator activity",0.186302922524118,1882,1.08879365969959,2.70318788697654e-05,0.00216761878686932,132116,935,956,1.01093212156257,0.0264011038075285,0.999944762535205
"GO:0071889","14-3-3 protein binding",0.00491286873981271,75,1.64540091407948,3.84314535273322e-05,0.00290044440444513,219273,23,23,1.03363754889179,0.466726569967699,0.999944762535205
"GO:0036094","small molecule binding",0.478425924446291,4619,1.0405881821422,9.48104758048407e-05,0.00675788002542281,140279,2590,2662,1.00568041007879,0.0278207539674225,0.999944762535205
"GO:0043167","ion binding",0.469558276984609,4533,1.04049943935956,0.00012724529835384,0.00837814575728281,140997,2523,2591,1.00651004857351,0.0152164024856769,0.999944762535205
"GO:0016740","transferase activity",0.188478635805372,1888,1.07965622233766,0.000130602428016879,0.00837814575728281,142761,941,969,1.00376979722102,0.28397121286644,0.999944762535205
"GO:0043168","anion binding",0.189413326454299,1896,1.07888072368858,0.000143443979417013,0.00876374407581083,131610,972,1001,1.0036920055173,0.283925698411671,0.999944762535205
"GO:0097159","organic cyclic compound binding",0.488086154193852,4701,1.03810048762422,0.000176778876932904,0.0101160064092222,139683,2429,2498,1.0050863115525,0.0525586246315619,0.999944762535205
"GO:0030234","enzyme regulator activity",0.119180120352657,1219,1.10241602539304,0.000181346958232353,0.0101160064092222,117549,583,600,1.00435115167319,0.322767118475169,0.999944762535205
"GO:0016747","acyltransferase activity, transferring groups other than amino-acyl groups",0.0127774822735512,158,1.3327768227097,0.000287858438146271,0.0153884323392361,131039,89,94,0.978656828206053,0.914608100962321,0.999944762535205
"GO:0140993","histone modifying activity",0.0402546193778736,437,1.17006865237823,0.000571922086369914,0.029351041472504,155832,185,193,0.990792469144976,0.822612357112802,0.999944762535205
"GO:0016278","lysine N-methyltransferase activity",0.00411643411879118,60,1.57099829259294,0.000647186018564727,0.0307533208080943,162830,33,33,1.03363754889179,0.334866116356337,0.999944762535205
"GO:0016279","protein-lysine N-methyltransferase activity",0.00411643411879118,60,1.57099829259294,0.000647186018564727,0.0307533208080943,162830,33,33,1.03363754889179,0.334866116356337,0.999944762535205
"GO:0061629","RNA polymerase II-specific DNA-binding transcription factor binding",0.04047149157851,437,1.16379867433592,0.000834205388585918,0.0382244826269905,135425,160,162,1.02087659149806,0.0973663098307942,0.999944762535205
"GO:0003723","RNA binding",0.135391317350233,1358,1.0810719220051,0.00116358992685384,0.051478823315637,123277,649,661,1.01487257069708,0.0143876852611968,0.999944762535205
"GO:0030695","GTPase regulator activity",0.0518614198052259,547,1.13681175559612,0.00133439102350952,0.0538029595847082,130433,234,241,1.00361488149659,0.471309946461321,0.999944762535205
"GO:0060589","nucleoside-triphosphatase regulator activity",0.0518614198052259,547,1.13681175559612,0.00133439102350952,0.0538029595847082,130433,234,241,1.00361488149659,0.471309946461321,0.999944762535205
"GO:0016746","acyltransferase activity",0.0591845662327701,619,1.12726964324994,0.00134192884388984,0.0538029595847082,124856,308,318,1.00113322345494,0.537985566494504,0.999944762535205
"GO:0019901","protein kinase binding",0.0711688955041251,734,1.11160749368709,0.00178961674833311,0.0680239199951966,131824,325,335,1.00278269668606,0.467551419761196,0.999944762535205
"GO:0008170","N-methyltransferase activity",0.00755014884281559,96,1.37044418208437,0.00180266038958432,0.0680239199951966,165941,46,46,1.03363754889179,0.21734248543353,0.999944762535205
"GO:0140297","DNA-binding transcription factor binding",0.0604905078462079,629,1.12075077185407,0.00196575840300073,0.068173797822345,138716,237,241,1.01648173895167,0.10151177796598,0.999944762535205
"GO:0042054","histone methyltransferase activity",0.0054801607593723,73,1.4357379941293,0.00196827244739217,0.068173797822345,175505,37,37,1.03363754889179,0.293185627744265,0.999944762535205
"GO:0016301","kinase activity",0.0648985780032234,672,1.11603990591221,0.00199055530657621,0.068173797822345,141969,308,316,1.00746950967934,0.292877860642063,0.999944762535205
"GO:0016773","phosphotransferase activity, alcohol group as acceptor",0.060930530126973,633,1.11973276146544,0.00204737313161396,0.068173797822345,141113,292,299,1.0094386765097,0.236009803829878,0.999944762535205
"GO:0140096","catalytic activity, acting on a protein",0.203979576345863,2005,1.05943257747697,0.00207231341782654,0.068173797822345,151133,994,1030,0.997510411260617,0.717670156204994,0.999944762535205
"GO:1901681","sulfur compound binding",0.0264429991370769,291,1.18611803648078,0.00217909332555211,0.0689035499249937,154062,134,137,1.01100315001094,0.343080419137646,0.999944762535205
"GO:0070697","activin receptor binding",0.000961799674006839,19,2.12919092877511,0.0022019061160754,0.0689035499249937,142523,8,8,1.03363754889179,0.767365292138344,0.999944762535205
"GO:0032266","phosphatidylinositol-3-phosphate binding",0.00453690936568306,62,1.47291341586218,0.00234257239509761,0.0715600091169103,134969,22,23,0.988696785896491,0.828854638245461,0.999944762535205
"GO:0016874","ligase activity",0.00830078347936061,103,1.337407550729,0.00260926293459729,0.0745483205781524,116259,55,59,0.963560426933021,0.957752390110476,0.999944762535205
"GO:0005261","monoatomic cation channel activity",0.0234711365929606,260,1.19394647841232,0.00263724867815884,0.0745483205781524,160256,142,146,1.00531871193585,0.481636991163661,0.999944762535205
"GO:0015318","inorganic molecular entity transmembrane transporter activity",0.0524936308058971,548,1.12517371420587,0.00281018306770831,0.0745483205781524,151774,290,295,1.01611826840209,0.0764670712415256,0.999944762535205
"GO:0140677","molecular function activator activity",0.097496895303233,985,1.08890771817192,0.00283355126437457,0.0745483205781524,147925,478,486,1.01662293903349,0.0196887611100394,0.999944762535205
"GO:0019900","kinase binding",0.0789767227642759,806,1.09997183582484,0.00284443727716677,0.0745483205781524,131790,359,370,1.00290778392473,0.452161490914249,0.999944762535205
"GO:0004674","protein serine/threonine kinase activity",0.0367965065312775,393,1.15114914052654,0.00286655945342162,0.0745483205781524,137579,187,192,1.0067199043894,0.401172103801802,0.999944762535205
"GO:0030331","nuclear estrogen receptor binding",0.00176080251845697,29,1.77514150723655,0.00289598838541161,0.0745483205781524,87885,19,19,1.03363754889179,0.532950817764734,0.999944762535205
"GO:0016881","acid-amino acid ligase activity",0.00136729361756528,24,1.89188653822807,0.00293479467077518,0.0745483205781524,138434,11,14,0.812143788414975,0.999152501233684,0.999944762535205
"GO:0005154","epidermal growth factor receptor binding",0.00284330869360752,42,1.59210207836809,0.00299374017958465,0.0745483205781524,84700,16,16,1.03363754889179,0.588689306503746,0.999944762535205
"GO:0004672","protein kinase activity",0.0521396440099898,544,1.1245440443867,0.00302144401407944,0.0745483205781524,145122,249,255,1.00931666538845,0.269775045474517,0.999944762535205
"GO:0051082","unfolded protein binding",0.00687698894636636,87,1.36353584145768,0.00322757864407652,0.0772948311056797,139864,42,42,1.03363754889179,0.248279099764791,0.999944762535205
"GO:0031683","G-protein beta/gamma-subunit complex binding",0.00145718143756592,25,1.84914943942357,0.00325325088051964,0.0772948311056797,110467,14,14,1.03363754889179,0.629037068631593,0.999944762535205
"GO:0060090","molecular adaptor activity",0.128627044876565,1282,1.07424011208871,0.00338481783112732,0.0789585686788427,144982,548,564,1.0043144978594,0.333654932133536,0.999944762535205
"GO:0120013","lipid transfer activity",0.00253126954703387,38,1.61804588815434,0.00352770125750779,0.0803694249280701,90058,25,26,0.993882258549794,0.793212968818007,0.999944762535205
"GO:0003727","single-stranded RNA binding",0.00933363733489177,113,1.30488774747,0.00357058240132502,0.0803694249280701,163212,40,41,1.0084268769676,0.612522568093641,0.999944762535205
"GO:0045296","cadherin binding",0.0377767118065226,401,1.14410491536453,0.00376425690917315,0.0820020156061659,138997,177,182,1.00524091293322,0.453958749336048,0.999944762535205
"GO:0016772","transferase activity, transferring phosphorus-containing groups",0.0748973852061199,764,1.09944202750601,0.00377094226092267,0.0820020156061659,135749,361,375,0.995048413733159,0.760341268657661,0.999944762535205
"GO:0106310","protein serine kinase activity",0.0313571519886039,337,1.15834764927038,0.00391716418231391,0.0837620274318125,136831,159,164,1.00212420898655,0.555518534604516,0.999944762535205
"GO:0022836","gated channel activity",0.0210251891353876,233,1.19443258180947,0.00413257428770741,0.0869195542807969,162240,126,130,1.00183331661819,0.582836735703278,0.999944762535205
"GO:0008324","monoatomic cation transmembrane transporter activity",0.045858768257215,479,1.12579355900775,0.00480649921508336,0.0994635240798702,150892,257,263,1.01005646412619,0.241035510192298,0.999944762535205
"GO:0008047","enzyme activator activity",0.0570231208594531,588,1.11140405106358,0.00494550199736332,0.100715540676463,130751,275,282,1.00797987923844,0.295086968010876,0.999944762535205
"GO:0044183","protein folding chaperone",0.00435927391187227,58,1.43403406151973,0.00537100875703622,0.107671941176211,182659,26,26,1.03363754889179,0.422497954895399,0.999944762535205
"GO:0032813","tumor necrosis factor receptor superfamily binding",0.00144205745515311,24,1.79380119677843,0.00554109984118445,0.109186988822978,94893,16,16,1.03363754889179,0.588689306503746,0.999944762535205
"GO:0033218","amide binding",0.0262669331531392,284,1.16534523044304,0.00571605356062699,0.109186988822978,154073,110,114,0.997369564720145,0.686726714054185,0.999944762535205
"GO:0008757","S-adenosylmethionine-dependent methyltransferase activity",0.0121728083351977,141,1.2484580686865,0.0057233115263291,0.109186988822978,142366,73,73,1.03363754889179,0.0883574151167035,0.999944762535205
"GO:0019888","protein phosphatase regulator activity",0.0118881635718623,138,1.25115163045424,0.00579474712955463,0.109186988822978,136655,56,56,1.03363754889179,0.155784851528491,0.999944762535205
"GO:0015101","organic cation transmembrane transporter activity",0.00501345749076581,65,1.39740293655204,0.00587209838564728,0.109186988822978,76465,35,35,1.03363754889179,0.313336262857201,0.999944762535205
"GO:0003743","translation initiation factor activity",0.00288982207348087,41,1.5291792084885,0.00638392529884846,0.117008230834608,99853,17,17,1.03363754889179,0.569492916074276,0.999944762535205
"GO:0042974","nuclear retinoic acid receptor binding",0.00237574935052483,35,1.58786310220204,0.00647854466185538,0.117070039452964,93091,15,15,1.03363754889179,0.608530174051488,0.999944762535205
"GO:0015075","monoatomic ion transmembrane transporter activity",0.0555279867867758,571,1.10833184573549,0.00668711894876195,0.118662591550038,154293,304,313,1.00391634141566,0.429578529812047,0.999944762535205
"GO:0140657","ATP-dependent activity",0.0357359729343494,377,1.13705473613166,0.00675308764179983,0.118662591550038,128466,204,208,1.01375990372079,0.186885737389841,0.999944762535205
"GO:0005085","guanyl-nucleotide exchange factor activity",0.0243691587184908,264,1.16764015558959,0.00684414012057899,0.118662591550038,113922,109,113,0.997048609108006,0.693148816533656,0.999944762535205
"GO:0008134","transcription factor binding",0.0746876469594518,756,1.09098467506762,0.00728861257453006,0.124683865774961,132037,287,291,1.01942947261836,0.0362392599980157,0.999944762535205
"GO:0140938","histone H3 methyltransferase activity",0.00389242796418641,52,1.43988693624327,0.0074246048922465,0.125339053641477,186602,26,26,1.03363754889179,0.422497954895399,0.999944762535205
"GO:0022843","voltage-gated monoatomic cation channel activity",0.00987110942686385,116,1.2665946658653,0.00754762506763162,0.125761077425602,168991,56,57,1.01550355680597,0.441707048541149,0.999944762535205
"GO:0016407","acetyltransferase activity",0.00582358930340649,73,1.3510696936621,0.00785165625619433,0.129149679188427,152390,34,35,1.00410504749488,0.683874038341817,0.999944762535205
"GO:0005215","transporter activity",0.0919164311510663,921,1.0799710365169,0.00798540171564577,0.129686967103462,138719,486,499,1.00670911575432,0.243149355573122,0.999944762535205
"GO:0005216","monoatomic ion channel activity",0.0320173280888309,339,1.1411960077216,0.00817465884180524,0.129784236589295,161675,186,192,1.00133637548892,0.565424701819921,0.999944762535205
"GO:1901505","carbohydrate derivative transmembrane transporter activity",0.00320300265268944,44,1.48061113081678,0.00828866207889067,0.129784236589295,85455,23,23,1.03363754889179,0.466726569967699,0.999944762535205
"GO:0005245","voltage-gated calcium channel activity",0.00302679398967232,42,1.49558830101439,0.00829486157468606,0.129784236589295,147409,21,21,1.03363754889179,0.498744975909144,0.999944762535205
"GO:0140678","molecular function inhibitor activity",0.0428298340813522,445,1.11984844378938,0.00864470929243999,0.133628458098801,109521,214,220,1.00544743392201,0.421091431659443,0.999944762535205
"GO:0008142","oxysterol binding",0.00118052670267506,20,1.82599596082504,0.00886238589301036,0.135362394056337,143184,8,8,1.03363754889179,0.767365292138344,0.999944762535205
"GO:0032934","sterol binding",0.00485608246622501,62,1.37610403401163,0.00939655690550922,0.141832735409039,102078,32,33,1.00231519892537,0.708137930268074,0.999944762535205
"GO:0022857","transmembrane transporter activity",0.0835488738625624,838,1.08105813682417,0.010272142313874,0.152423408399838,137406,439,451,1.00613499770176,0.284405889497866,0.999944762535205
"GO:0005244","voltage-gated monoatomic ion channel activity",0.0109567545417605,126,1.23946493369393,0.0104546063438704,0.152423408399838,159719,65,67,1.00278269668606,0.6270252540225,0.999944762535205
"GO:0022832","voltage-gated channel activity",0.0109567545417605,126,1.23946493369393,0.0104546063438704,0.152423408399838,159719,65,67,1.00278269668606,0.6270252540225,0.999944762535205
"GO:0030291","protein serine/threonine kinase inhibitor activity",0.00203617314163353,30,1.58800615722791,0.0109656286094817,0.158077545010843,124719,13,14,0.959806295399516,0.925769717436258,0.999944762535205
"GO:0061733","peptide-lysine-N-acetyltransferase activity",0.00336237518434137,45,1.44248721907406,0.011623903197832,0.164615260376489,199669,16,16,1.03363754889179,0.588689306503746,0.999944762535205
"GO:0019899","enzyme binding",0.197259106349561,1918,1.04799008388866,0.0116757511256902,0.164615260376489,125357,904,931,1.00366094972951,0.296906263642415,0.999944762535205
"GO:0005123","death receptor binding",0.000977779730895842,17,1.87393068625221,0.0118742089849128,0.165593588343946,114666,9,9,1.03363754889179,0.742367786409596,0.999944762535205
"GO:0090079","translation regulator activity, nucleic acid binding",0.00604417116010647,74,1.31959480537995,0.0122919943571205,0.169576653335329,103749,37,38,1.00643656076305,0.647861841462014,0.999944762535205
"GO:0004402","histone acetyltransferase activity",0.00311225875821261,42,1.45451841643604,0.0126639587436538,0.171715157494852,208140,14,14,1.03363754889179,0.629037068631593,0.999944762535205
"GO:0140662","ATP-dependent protein folding chaperone",0.00122604132899285,20,1.7582090748128,0.0128469730951052,0.171715157494852,68193,15,15,1.03363754889179,0.608530174051488,0.999944762535205
"GO:0030674","protein-macromolecule adaptor activity",0.111912190728828,1107,1.06614397108941,0.0129229506305172,0.171715157494852,138779,481,496,1.00237834882449,0.447331235369994,0.999944762535205
"GO:0050839","cell adhesion molecule binding",0.0606524486012884,615,1.09287982585361,0.0129823618682779,0.171715157494852,155377,287,294,1.00902713106103,0.252458930939777,0.999944762535205
"GO:0015267","channel activity",0.0378600363888724,393,1.11881210130873,0.0135182941063796,0.173768144706458,158044,210,216,1.0049253947559,0.440748105313142,0.999944762535205
"GO:0022803","passive transmembrane transporter activity",0.0378600363888724,393,1.11881210130873,0.0135182941063796,0.173768144706458,158044,210,216,1.0049253947559,0.440748105313142,0.999944762535205
"GO:0099094","ligand-gated monoatomic cation channel activity",0.00759166845491113,90,1.27776476487368,0.0136540162634778,0.173768144706458,148884,53,55,0.996050728932085,0.734530828905545,0.999944762535205
"GO:0008331","high voltage-gated calcium channel activity",0.00156376270985239,24,1.65419239925544,0.0136793317344912,0.173768144706458,213189,9,9,1.03363754889179,0.742367786409596,0.999944762535205
"GO:0016810","hydrolase activity, acting on carbon-nitrogen (but not peptide) bonds",0.0142213945567361,158,1.19745867107715,0.0143225461083932,0.175871250116858,156250,66,68,1.00323644451262,0.618112941942187,0.999944762535205
"GO:0015216","purine nucleotide transmembrane transporter activity",0.000920565420070038,16,1.87331563296545,0.0143578945356357,0.175871250116858,41824,7,7,1.03363754889179,0.79320115868822,0.999944762535205
"GO:0015276","ligand-gated monoatomic ion channel activity",0.0108908368070933,124,1.22717377730111,0.0143932044133048,0.175871250116858,163740,70,73,0.991159293457877,0.786626527587783,0.999944762535205
"GO:0022834","ligand-gated channel activity",0.0108908368070933,124,1.22717377730111,0.0143932044133048,0.175871250116858,163740,70,73,0.991159293457877,0.786626527587783,0.999944762535205
"GO:0019902","phosphatase binding",0.0158389472795095,174,1.18404597782956,0.0154041069041234,0.186447822245192,112004,86,88,1.01014578641697,0.449941554846031,0.999944762535205
"GO:0016410","N-acyltransferase activity",0.00583400487620022,71,1.31170807695286,0.0156358337701477,0.1874838759542,139559,38,38,1.03363754889179,0.283599784130272,0.999944762535205
"GO:0015173","aromatic amino acid transmembrane transporter activity",0.000855075722641001,15,1.89074218836973,0.0161158894382863,0.191450797678902,100255,5,5,1.03363754889179,0.847500920688346,0.999944762535205
"GO:0001222","transcription corepressor binding",0.00641699159449008,77,1.29331670333486,0.0164752267828882,0.193923999655463,137842,28,28,1.03363754889179,0.395357572880522,0.999944762535205
"GO:0005539","glycosaminoglycan binding",0.0262132858192975,277,1.13894810926916,0.0166702996488781,0.194436313177369,196113,125,127,1.01735979221632,0.212114019472008,0.999944762535205
"GO:0046965","nuclear retinoid X receptor binding",0.00220310766449186,31,1.51660192984864,0.0174664515084593,0.200140677647691,92840,12,12,1.03363754889179,0.672138750717881,0.999944762535205
"GO:0035591","signaling adaptor activity",0.0142185409751487,157,1.19011862094799,0.0175172943931845,0.200140677647691,133749,62,63,1.01723060367128,0.386916091316585,0.999944762535205
"GO:0005346","purine ribonucleotide transmembrane transporter activity",0.00063449386594102,12,2.03844712118727,0.0176273550851045,0.200140677647691,45111,5,5,1.03363754889179,0.847500920688346,0.999944762535205
"GO:0016646","oxidoreductase activity, acting on the CH-NH group of donors, NAD or NADP as acceptor",0.000348993028129466,8,2.47069347176882,0.0178895295521653,0.201335670310772,46348,6,6,1.03363754889179,0.81990338976097,0.999944762535205
"GO:0019239","deaminase activity",0.0038289357738685,49,1.37931554332511,0.0182161394512041,0.203228755790391,253231,17,17,1.03363754889179,0.569492916074276,0.999944762535205
"GO:0070742","C2H2 zinc finger domain binding",0.000870057025974441,15,1.85818595193502,0.0184696658397394,0.203944071519293,179223,6,6,1.03363754889179,0.81990338976097,0.999944762535205
"GO:0120015","sterol transfer activity",0.00111104199102377,18,1.74617458865798,0.0185981733185949,0.203944071519293,92069,12,13,0.954126968207803,0.935016665349331,0.999944762535205
"GO:0034212","peptide N-acetyltransferase activity",0.00365586605059743,47,1.38564894285158,0.0189925776701279,0.206440466217625,193086,17,17,1.03363754889179,0.569492916074276,0.999944762535205
"GO:0001221","transcription coregulator binding",0.0166546435762454,181,1.17135588503007,0.0194197934681576,0.206440466217625,113899,64,64,1.03363754889179,0.119315026949339,0.999944762535205
"GO:0000295","adenine nucleotide transmembrane transporter activity",0.000798574807212028,14,1.8895485806515,0.0196671664874974,0.206440466217625,46895,6,6,1.03363754889179,0.81990338976097,0.999944762535205
"GO:0022890","inorganic cation transmembrane transporter activity",0.0457591782598175,467,1.09997875066221,0.0196983616226791,0.206440466217625,151770,244,249,1.01288177481765,0.173148401911507,0.999944762535205
"GO:0016504","peptidase activator activity",0.0027579866041466,37,1.44595641866284,0.0196997346142199,0.206440466217625,92387,22,22,1.03363754889179,0.482471268588471,0.999944762535205
"GO:0051015","actin filament binding",0.0228951411495596,243,1.14395404973874,0.0200298221191542,0.206440466217625,116216,103,105,1.01394921462718,0.330189616008464,0.999944762535205
"GO:0046872","metal ion binding",0.364347151897289,3476,1.02827676033164,0.0202684084352429,0.206440466217625,144661,1839,1890,1.00574574201693,0.0664591825365947,0.999944762535205
"GO:0046873","metal ion transmembrane transporter activity",0.0320504296352438,333,1.1198400865179,0.0205543747800291,0.206440466217625,155197,184,188,1.01164526061749,0.261811734458872,0.999944762535205
"GO:0043169","cation binding",0.371472545120832,3542,1.02770262855964,0.0207842961016425,0.206440466217625,145061,1879,1930,1.00632381055319,0.0453872881460062,0.999944762535205
"GO:0070739","protein-glutamic acid ligase activity",0.000883468859434854,15,1.82997705666986,0.0207911449550129,0.206440466217625,214423,6,7,0.885975041907245,0.980116776197474,0.999944762535205
"GO:0070740","tubulin-glutamic acid ligase activity",0.000883468859434854,15,1.82997705666986,0.0207911449550129,0.206440466217625,214423,6,7,0.885975041907245,0.980116776197474,0.999944762535205
"GO:0071813","lipoprotein particle binding",0.00277068504221018,37,1.43932939763905,0.0209175842621132,0.206440466217625,136301,17,17,1.03363754889179,0.569492916074276,0.999944762535205
"GO:0071814","protein-lipid complex binding",0.00277068504221018,37,1.43932939763905,0.0209175842621132,0.206440466217625,136301,17,17,1.03363754889179,0.569492916074276,0.999944762535205
"GO:0015190","L-leucine transmembrane transporter activity",0.000892314962355552,15,1.81183529499517,0.0224387664016259,0.218098009797621,49964,6,6,1.03363754889179,0.81990338976097,0.999944762535205
"GO:0015658","branched-chain amino acid transmembrane transporter activity",0.000892314962355552,15,1.81183529499517,0.0224387664016259,0.218098009797621,49964,6,6,1.03363754889179,0.81990338976097,0.999944762535205
"GO:0140463","chromatin-protein adaptor activity",0.00296900896252905,39,1.41578964057568,0.0227096103479273,0.219070902830005,203064,18,18,1.03363754889179,0.550920147480272,0.999944762535205
"GO:0046975","histone H3K36 methyltransferase activity",0.000976067581943449,16,1.76679322670561,0.0230848436558559,0.219805934451525,213786,9,9,1.03363754889179,0.742367786409596,0.999944762535205
"GO:0000287","magnesium ion binding",0.0202617133816996,216,1.1490084308921,0.0231284498448604,0.219805934451525,107304,104,108,0.995354676710609,0.724916866773268,0.999944762535205
"GO:0000340","RNA 7-methylguanosine cap binding",0.00122504257543728,19,1.67166038328361,0.0235688371425962,0.221223202832394,74271,7,7,1.03363754889179,0.79320115868822,0.999944762535205
"GO:0061665","SUMO ligase activity",0.00147772722499464,22,1.60462678747253,0.0236224308558363,0.221223202832394,84344,8,8,1.03363754889179,0.767365292138344,0.999944762535205
"GO:0005096","GTPase activator activity",0.029313416855764,305,1.12144770670704,0.0241521251416636,0.224544757657641,146703,132,134,1.01821012278892,0.182726493520746,0.999944762535205
"GO:0003735","structural constituent of ribosome",0.00906197636777873,103,1.22506725373249,0.0244978968205972,0.225822847139187,83712,57,58,1.01581621184193,0.432204547805994,0.999944762535205
"GO:0010484","histone H3 acetyltransferase activity",0.00226845468284153,31,1.47291341586218,0.0246416201087187,0.225822847139187,256606,8,8,1.03363754889179,0.767365292138344,0.999944762535205
"GO:0042800","histone H3K4 methyltransferase activity",0.00140210731293061,21,1.61429786393199,0.0250797661348348,0.228208084758816,184692,12,12,1.03363754889179,0.672138750717881,0.999944762535205
"GO:0016787","hydrolase activity",0.19241358213521,1860,1.04189235454848,0.0256478827601836,0.229877182772508,141045,956,984,1.00422509831356,0.253420248879167,0.999944762535205
"GO:0016922","nuclear receptor binding",0.0111406678750633,124,1.19965423010644,0.0256965819319186,0.229877182772508,110791,58,58,1.03363754889179,0.145740055031538,0.999944762535205
"GO:0004857","enzyme inhibitor activity",0.0318208589965437,329,1.11437056118983,0.0260364881578441,0.229877182772508,100233,158,163,1.0019308756129,0.561327639098817,0.999944762535205
"GO:0008201","heparin binding",0.0177183161129196,190,1.15578429019053,0.0260784980503266,0.229877182772508,170116,88,90,1.01066782558308,0.434595952264368,0.999944762535205
"GO:0004708","MAP kinase kinase activity",0.000375674015970925,8,2.29522074893526,0.0261590558727873,0.229877182772508,11623,5,5,1.03363754889179,0.847500920688346,0.999944762535205
"GO:0005326","neurotransmitter transmembrane transporter activity",0.000912575391625537,15,1.77161005861472,0.0265800306501519,0.231987614449965,65617,7,7,1.03363754889179,0.79320115868822,0.999944762535205
"GO:0015932","nucleobase-containing compound transmembrane transporter activity",0.00328789670491227,42,1.37681870411905,0.0275465741820279,0.238418620596624,67998,18,18,1.03363754889179,0.550920147480272,0.999944762535205
"GO:0015215","nucleotide transmembrane transporter activity",0.00167533774991668,24,1.54402560857091,0.0276885225790312,0.238418620596624,40571,8,8,1.03363754889179,0.767365292138344,0.999944762535205
"GO:0140947","histone H3K9me2 methyltransferase activity",0.00075905270222762,13,1.84593775881826,0.0280853903329268,0.238680995210224,173361,5,5,1.03363754889179,0.847500920688346,0.999944762535205
"GO:0001223","transcription coactivator binding",0.00573441487880268,68,1.27810176336855,0.0281692019229387,0.238680995210224,113147,25,25,1.03363754889179,0.436756224661654,0.999944762535205
"GO:0005496","steroid binding",0.00814569132008967,93,1.2305538735769,0.0282770937427546,0.238680995210224,127941,49,50,1.01296479791395,0.512278141602746,0.999944762535205
"GO:0016879","ligase activity, forming carbon-nitrogen bonds",0.00366628162339115,46,1.35231430314806,0.028562972843504,0.239518262471997,155351,23,26,0.914371677865811,0.990685067222709,0.999944762535205
"GO:0046966","nuclear thyroid hormone receptor binding",0.00117539025581788,18,1.65057799488707,0.0299191116148485,0.249261170141887,56971,11,11,1.03363754889179,0.694780322422439,0.999944762535205
"GO:0008504","monoamine transmembrane transporter activity",0.000391511393780562,8,2.20237472009714,0.0321599049885579,0.261859828051998,67954,5,5,1.03363754889179,0.847500920688346,0.999944762535205
"GO:0015645","fatty acid ligase activity",0.0010208688128644,16,1.6892568083708,0.0326529713066077,0.261859828051998,57700,9,9,1.03363754889179,0.742367786409596,0.999944762535205
"GO:0120515","fatty acid-CoA ligase activity",0.0010208688128644,16,1.6892568083708,0.0326529713066077,0.261859828051998,57700,9,9,1.03363754889179,0.742367786409596,0.999944762535205
"GO:0140640","catalytic activity, acting on a nucleic acid",0.0415744008620099,422,1.09403718541574,0.0327489198465815,0.261859828051998,111297,221,227,1.00631673262152,0.387730595630668,0.999944762535205
"GO:0004859","phospholipase inhibitor activity",0.000618941846290116,11,1.91552785129702,0.0328335127422955,0.261859828051998,31802,5,5,1.03363754889179,0.847500920688346,0.999944762535205
"GO:0055102","lipase inhibitor activity",0.000618941846290116,11,1.91552785129702,0.0328335127422955,0.261859828051998,31802,5,5,1.03363754889179,0.847500920688346,0.999944762535205
"GO:0017069","snRNA binding",0.00170558571474229,24,1.51664285559977,0.0329224555759788,0.261859828051998,41914,15,16,0.96903520208605,0.906143187267621,0.999944762535205
"GO:0016405","CoA-ligase activity",0.00144576711121663,21,1.56554871300303,0.0330641404087479,0.261859828051998,53019,11,11,1.03363754889179,0.694780322422439,0.999944762535205
"GO:0015175","neutral L-amino acid transmembrane transporter activity",0.00278752117357538,36,1.39197026379482,0.0338984922089289,0.265526913649783,55968,21,21,1.03363754889179,0.498744975909144,0.999944762535205
"GO:0016798","hydrolase activity, acting on glycosyl bonds",0.00988951502810207,110,1.19884578923528,0.0341276601247372,0.265526913649783,119140,47,48,1.01210343328987,0.53369327566164,0.999944762535205
"GO:0044877","protein-containing complex binding",0.124196859462248,1211,1.05094299770456,0.0341480442339939,0.265526913649783,118638,581,590,1.01787019645106,0.00567605010466621,0.999944762535205
"GO:0042887","amide transmembrane transporter activity",0.00154007798267762,22,1.53966274206531,0.0346457873514209,0.266986680854843,134872,10,10,1.03363754889179,0.718181539548417,0.999944762535205
"GO:0003725","double-stranded RNA binding",0.00667224446747602,77,1.24383967865207,0.0347519685913942,0.266986680854843,206929,27,27,1.03363754889179,0.40870341270823,0.999944762535205
"GO:0016814","hydrolase activity, acting on carbon-nitrogen (but not peptide) bonds, in cyclic amidines",0.00400471639964753,49,1.31877269205759,0.0354102238580066,0.270028077356285,259286,15,15,1.03363754889179,0.608530174051488,0.999944762535205
"GO:0019208","phosphatase regulator activity",0.0137830844249234,149,1.16515977743736,0.0355687802597133,0.270028077356285,130222,60,60,1.03363754889179,0.136340584987823,0.999944762535205
"GO:0004860","protein kinase inhibitor activity",0.00438652561603119,53,1.3022693870884,0.0360077782731417,0.271752820732005,120491,27,28,0.996721922145651,0.769041088056354,0.999944762535205
"GO:0140097","catalytic activity, acting on DNA",0.0171099325185026,182,1.14648591363157,0.0364210263825584,0.271911141123793,137656,89,90,1.02215268723743,0.203355782602068,0.999944762535205
"GO:0004864","protein phosphatase inhibitor activity",0.00591832821210558,69,1.25659601013835,0.0365408903080037,0.271911141123793,143643,27,27,1.03363754889179,0.40870341270823,0.999944762535205
"GO:0008135","translation factor activity, RNA binding",0.00439308885368203,53,1.30032380762085,0.0368061410106951,0.271911141123793,94263,27,27,1.03363754889179,0.40870341270823,0.999944762535205
"GO:0004623","phospholipase A2 activity",0.000954380361879803,15,1.69400776422481,0.0368764914696337,0.271911141123793,34773,13,14,0.959806295399516,0.925769717436258,0.999944762535205
"GO:0008080","N-acetyltransferase activity",0.00439679850974555,53,1.29922670160455,0.0372633906090307,0.272130855517545,184360,23,23,1.03363754889179,0.466726569967699,0.999944762535205
"GO:0019212","phosphatase inhibitor activity",0.0063116944339179,73,1.24658680779692,0.0373304992759843,0.272130855517545,139252,29,29,1.03363754889179,0.382445895183916,0.999944762535205
"GO:0044548","S100 protein binding",0.000798432128132662,13,1.75489436685367,0.0393246226538326,0.284269618389165,67829,8,8,1.03363754889179,0.767365292138344,0.999944762535205
"GO:0016782","transferase activity, transferring sulphur-containing groups",0.00740076384671929,84,1.2233433667908,0.0394388090984188,0.284269618389165,192610,39,39,1.03363754889179,0.27432617902183,0.999944762535205
"GO:0030159","signaling receptor complex adaptor activity",0.00594829081877246,69,1.25026631087884,0.0397780859810095,0.285113320187906,155991,24,24,1.03363754889179,0.451493748329284,0.999944762535205
"GO:0097718","disordered domain specific binding",0.000802569821434279,13,1.74584691145122,0.0406665397578025,0.288956319174514,79663,9,9,1.03363754889179,0.742367786409596,0.999944762535205
"GO:0019210","kinase inhibitor activity",0.0049003129808285,58,1.27570367394417,0.0407646872724763,0.288956319174514,119879,29,30,0.999182963928727,0.744701900724627,0.999944762535205
"GO:0042809","nuclear vitamin D receptor binding",0.00088946138076823,14,1.69647151201579,0.0421879555132323,0.296341504979126,89225,7,7,1.03363754889179,0.79320115868822,0.999944762535205
"GO:0140566","histone reader activity",0.00229071261922264,30,1.41155003860477,0.042268507725004,0.296341504979126,259277,11,11,1.03363754889179,0.694780322422439,0.999944762535205
"GO:0070717","poly-purine tract binding",0.00193330152541057,26,1.44950389327131,0.0429827745352601,0.299706230629964,92234,14,14,1.03363754889179,0.629037068631593,0.999944762535205
"GO:0036002","pre-mRNA binding",0.00359294457659698,44,1.3199205494284,0.04348433089106,0.299706230629964,199014,17,18,0.97621324062002,0.885229982172339,0.999944762535205
"GO:0042826","histone deacetylase binding",0.0155049355547134,165,1.14698994463879,0.0436792864188619,0.299706230629964,187141,52,55,0.977257318952234,0.896830474822198,0.999944762535205
"GO:0005112","Notch binding",0.00406578304561621,49,1.29896518531277,0.0436828255088101,0.299706230629964,126176,17,17,1.03363754889179,0.569492916074276,0.999944762535205
"GO:0043548","phosphatidylinositol 3-kinase binding",0.00158202563201125,22,1.49883835117722,0.0439679926617058,0.300058162686003,110521,8,8,1.03363754889179,0.767365292138344,0.999944762535205
"GO:0022839","monoatomic ion-gated channel activity",0.00115084945416691,17,1.59212087687657,0.044852162282277,0.304472614857996,165206,13,13,1.03363754889179,0.650232257831926,0.999944762535205
"GO:0001784","phosphotyrosine residue binding",0.00475192673828776,56,1.27017605835838,0.0465008802191247,0.31400331221651,86333,22,23,0.988696785896491,0.828854638245461,0.999944762535205
"GO:0015179","L-amino acid transmembrane transporter activity",0.00543307666318149,63,1.24979950436143,0.0476238866914634,0.319902861911768,79849,29,29,1.03363754889179,0.382445895183916,0.999944762535205
"GO:0015605","organophosphate ester transmembrane transporter activity",0.0025067287453829,32,1.37590442983586,0.0488862779126205,0.326297595192796,44529,15,15,1.03363754889179,0.608530174051488,0.999944762535205
"GO:0140318","protein transporter activity",0.00297200522319574,37,1.34183089643556,0.0493239301697068,0.326297595192796,79537,20,20,1.03363754889179,0.515565394704511,0.999944762535205
"GO:0030971","receptor tyrosine kinase binding",0.00448568757619063,53,1.27348102791583,0.0495799486935077,0.326297595192796,92114,29,32,0.936734028683181,0.980748339615123,0.999944762535205
"GO:0043021","ribonucleoprotein complex binding",0.00956777370413153,105,1.18283464380534,0.0495931652865123,0.326297595192796,100894,68,69,1.01865729456002,0.337454111261669,0.999944762535205
"GO:0003714","transcription corepressor activity",0.0246593679659214,254,1.11019024575627,0.0508342784295859,0.332757036863055,144334,94,99,0.98143363228109,0.896816350916909,0.999944762535205
"GO:0005310","dicarboxylic acid transmembrane transporter activity",0.00179033708788575,24,1.44484768057377,0.0515307044714952,0.335603522014865,166576,11,11,1.03363754889179,0.694780322422439,0.999944762535205
"GO:0016835","carbon-oxygen lyase activity",0.00633809006360063,72,1.22438985384537,0.0518644242484629,0.336070991468575,80817,38,41,0.958005533119217,0.956727644070204,0.999944762535205
"GO:0004709","MAP kinase kinase kinase activity",0.0014374917246134,20,1.49958219155001,0.0524249745247884,0.336737985311502,97705,12,12,1.03363754889179,0.672138750717881,0.999944762535205
"GO:0000339","RNA cap binding",0.00197724668185533,26,1.41728804689178,0.0531472056855739,0.336737985311502,123708,9,9,1.03363754889179,0.742367786409596,0.999944762535205
"GO:0038187","pattern recognition receptor activity",0.00365187103637518,44,1.29862235888673,0.0534082388957295,0.336737985311502,87347,20,20,1.03363754889179,0.515565394704511,0.999944762535205
"GO:0001540","amyloid-beta binding",0.00970474562032298,106,1.17724631822888,0.0536265399670879,0.336737985311502,149182,44,44,1.03363754889179,0.232298348567844,0.999944762535205
"GO:0015280","ligand-gated sodium channel activity",0.0008386676285139,13,1.6707024288726,0.053759525839727,0.336737985311502,185394,8,8,1.03363754889179,0.767365292138344,0.999944762535205
"GO:0034185","apolipoprotein binding",0.00153094652159819,21,1.4784440921584,0.0538659064877729,0.336737985311502,138010,8,8,1.03363754889179,0.767365292138344,0.999944762535205
"GO:0005125","cytokine activity",0.0126076941691055,135,1.15410078102053,0.0539566135022619,0.336737985311502,157018,78,80,1.00779661016949,0.514326596065812,0.999944762535205
"GO:0140326","ATPase-coupled intramembrane lipid transporter activity",0.00207312702318935,27,1.40372968223122,0.0543822115808195,0.336737985311502,210580,11,11,1.03363754889179,0.694780322422439,0.999944762535205
"GO:0046974","histone H3K9 methyltransferase activity",0.00171157823607566,23,1.44836063411523,0.0544513754704119,0.336737985311502,154423,9,9,1.03363754889179,0.742367786409596,0.999944762535205
"GO:0016251","RNA polymerase II general transcription initiation factor activity",0.00262615113481233,33,1.35437789073017,0.0546387597337511,0.336737985311502,203807,12,13,0.954126968207803,0.935016665349331,0.999944762535205
"GO:0015485","cholesterol binding",0.00347309414992946,42,1.3034019479796,0.055364368218396,0.336737985311502,74662,23,24,0.990569317687962,0.817081467651231,0.999944762535205
"GO:1990247","N6-methyladenosine-containing RNA reader activity",0.000927128657720879,14,1.62754746166612,0.0554610733784349,0.336737985311502,75140,7,7,1.03363754889179,0.79320115868822,0.999944762535205
"GO:0019200","carbohydrate kinase activity",0.00171657200385348,23,1.44414713380819,0.0558332288179999,0.336737985311502,206352,9,9,1.03363754889179,0.742367786409596,0.999944762535205
"GO:0008649","rRNA methyltransferase activity",0.000844232112609178,13,1.65969053184268,0.0560059201077142,0.336737985311502,31072,7,7,1.03363754889179,0.79320115868822,0.999944762535205
"GO:0140102","catalytic activity, acting on a rRNA",0.000844232112609178,13,1.65969053184268,0.0560059201077142,0.336737985311502,31072,7,7,1.03363754889179,0.79320115868822,0.999944762535205
"GO:0016799","hydrolase activity, hydrolyzing N-glycosyl compounds",0.00433459043114193,51,1.26814157270109,0.0561667411197673,0.336737985311502,111812,18,18,1.03363754889179,0.550920147480272,0.999944762535205
"GO:0043024","ribosomal small subunit binding",0.000680293850417536,11,1.74277680766076,0.0568050104643407,0.338980597329066,112970,7,7,1.03363754889179,0.79320115868822,0.999944762535205
"GO:0140767","enzyme-substrate adaptor activity",0.0106378667993772,115,1.16516900713849,0.0575602273003943,0.34189709086299,117570,54,55,1.01484413891194,0.461152578037384,0.999944762535205
"GO:0005509","calcium ion binding",0.0579750756769837,574,1.06712722513158,0.0579334561144542,0.342528222096059,176574,286,294,1.00551135708521,0.376775036056342,0.999944762535205
"GO:0070411","I-SMAD binding",0.00154607050401099,21,1.46398164533589,0.0583563932368385,0.343446112490201,170886,9,9,1.03363754889179,0.742367786409596,0.999944762535205
"GO:0005227","calcium-activated cation channel activity",0.00110747501403962,16,1.55715440142915,0.0588580792129968,0.344816966348287,157064,12,12,1.03363754889179,0.672138750717881,0.999944762535205
"GO:0008190","eukaryotic initiation factor 4E binding",0.000939969774863827,14,1.60531320672533,0.0605722301847356,0.350354637791703,93762,5,5,1.03363754889179,0.847500920688346,0.999944762535205
"GO:0015095","magnesium ion transmembrane transporter activity",0.00182358131337805,24,1.41850783943663,0.0605763281594616,0.350354637791703,101010,13,13,1.03363754889179,0.650232257831926,0.999944762535205
"GO:0042813","Wnt receptor activity",0.00265240408541569,33,1.34097253667453,0.0606225483941996,0.350354637791703,89533,14,14,1.03363754889179,0.629037068631593,0.999944762535205
"GO:0005484","SNAP receptor activity",0.00341331161567507,41,1.29465350034385,0.0624101965691266,0.356485580675824,210126,13,13,1.03363754889179,0.650232257831926,0.999944762535205
"GO:0005230","extracellular ligand-gated monoatomic ion channel activity",0.00446785269126987,52,1.2544406817287,0.0628151408982881,0.356485580675824,196265,31,32,1.00133637548892,0.720315422156233,0.999944762535205
"GO:0016417","S-acyltransferase activity",0.00219839925487278,28,1.37276783565764,0.0630634451499478,0.356485580675824,104877,16,19,0.870431620119399,0.997113415911647,0.999944762535205
"GO:0070840","dynein complex binding",0.00129723818959653,18,1.49554130245047,0.0642223368600335,0.356485580675824,73077,12,12,1.03363754889179,0.672138750717881,0.999944762535205
"GO:0008327","methyl-CpG binding",0.00103585011619784,15,1.56077382023413,0.0646454957420244,0.356485580675824,90373,8,8,1.03363754889179,0.767365292138344,0.999944762535205
"GO:0008970","phospholipase A1 activity",0.000697129981782735,11,1.70068764202343,0.0650002399688369,0.356485580675824,30760,11,11,1.03363754889179,0.694780322422439,0.999944762535205
"GO:0140416","transcription regulator inhibitor activity",0.00333098578688083,40,1.2942937188269,0.065137820203254,0.356485580675824,106185,18,18,1.03363754889179,0.550920147480272,0.999944762535205
"GO:0035673","oligopeptide transmembrane transporter activity",0.000534333152226022,9,1.81541542348194,0.0653056669230699,0.356485580675824,128911,5,5,1.03363754889179,0.847500920688346,0.999944762535205
"GO:0016411","acylglycerol O-acyltransferase activity",0.00239201476557257,30,1.3517707050283,0.0653342131008359,0.356485580675824,175868,13,13,1.03363754889179,0.650232257831926,0.999944762535205
"GO:0005251","delayed rectifier potassium channel activity",0.00112502454080165,16,1.53286397766558,0.065546370991983,0.356485580675824,261486,8,8,1.03363754889179,0.767365292138344,0.999944762535205
"GO:0019903","protein phosphatase binding",0.0115147724211612,123,1.15131823783428,0.0661346334736567,0.356485580675824,111891,64,65,1.01773543275499,0.369840170004717,0.999944762535205
"GO:0140142","nucleocytoplasmic carrier activity",0.00121448432356419,17,1.50869912980338,0.0662423243423295,0.356485580675824,75896,10,10,1.03363754889179,0.718181539548417,0.999944762535205
"GO:0005126","cytokine receptor binding",0.0146470062504851,154,1.13322849357541,0.0662441289640172,0.356485580675824,129936,88,89,1.02202364384806,0.208494453039008,0.999944762535205
"GO:0035259","nuclear glucocorticoid receptor binding",0.00248875118138278,31,1.34253571053103,0.0663011361420254,0.356485580675824,126130,10,10,1.03363754889179,0.718181539548417,0.999944762535205
"GO:0005536","D-glucose binding",0.000617229697337723,10,1.74621943826472,0.0663305913522649,0.356485580675824,52872,7,7,1.03363754889179,0.79320115868822,0.999944762535205
"GO:0042288","MHC class I protein binding",0.000303763759970414,6,2.12892774728037,0.0666902593951304,0.356485580675824,55005,4,5,0.826910039113429,0.990114563747042,0.999944762535205
"GO:0016505","peptidase activator activity involved in apoptotic process",0.00139354656816864,19,1.46952759812358,0.0669287154244578,0.356485580675824,112263,12,12,1.03363754889179,0.672138750717881,0.999944762535205
"GO:0005262","calcium channel activity",0.010320548526867,111,1.15921990652056,0.0674634783448056,0.356485580675824,152406,60,61,1.0166926710411,0.404585660688318,0.999944762535205
"GO:0140223","general transcription initiation factor activity",0.00372463736685188,44,1.27325183971293,0.0678528884859304,0.356485580675824,180767,18,19,0.979235572634324,0.874368082359967,0.999944762535205
"GO:0016755","aminoacyltransferase activity",0.046259411112075,460,1.07177436104166,0.0682485080915317,0.356485580675824,122771,219,224,1.01056528217545,0.257001029379303,0.999944762535205
"GO:0048156","tau protein binding",0.00449667386530182,52,1.2464004159047,0.0683231807460881,0.356485580675824,93182,23,23,1.03363754889179,0.466726569967699,0.999944762535205
"GO:0004697","diacylglycerol-dependent serine/threonine kinase activity",0.0015771745433128,21,1.4351099248109,0.0684014208548416,0.356485580675824,277222,9,9,1.03363754889179,0.742367786409596,0.999944762535205
"GO:0030275","LRR domain binding",0.00113215849476996,16,1.52320509941942,0.0684058431913047,0.356485580675824,96764,9,9,1.03363754889179,0.742367786409596,0.999944762535205
"GO:0035091","phosphatidylinositol binding",0.0303652470288509,307,1.08970059674727,0.06843449022591,0.356485580675824,133835,131,134,1.01049640973749,0.360327133697338,0.999944762535205
"GO:0001098","basal transcription machinery binding",0.00645423083420463,72,1.20235754902111,0.0691639433869499,0.356485580675824,136337,25,25,1.03363754889179,0.436756224661654,0.999944762535205
"GO:0001099","basal RNA polymerase II transcription machinery binding",0.00645423083420463,72,1.20235754902111,0.0691639433869499,0.356485580675824,136337,25,25,1.03363754889179,0.436756224661654,0.999944762535205
"GO:0008168","methyltransferase activity",0.0172189393351383,179,1.1204494476422,0.0693044443910227,0.356485580675824,189816,87,89,1.01040973880433,0.442229076859079,0.999944762535205
"GO:0004467","long-chain fatty acid-CoA ligase activity",0.000623507576829831,10,1.72863736611743,0.0698506803086265,0.356485580675824,66074,5,5,1.03363754889179,0.847500920688346,0.999944762535205
"GO:0047676","arachidonate-CoA ligase activity",0.000623507576829831,10,1.72863736611743,0.0698506803086265,0.356485580675824,66074,5,5,1.03363754889179,0.847500920688346,0.999944762535205
"GO:0005272","sodium channel activity",0.00158188295293188,21,1.43083837907997,0.070018991683794,0.356485580675824,146976,14,15,0.964728378965667,0.916133592753063,0.999944762535205
"GO:0005078","MAP-kinase scaffold activity",0.000792011569561188,12,1.6330344708917,0.0705974503381011,0.358009995192821,152635,8,8,1.03363754889179,0.767365292138344,0.999944762535205
"GO:0016887","ATP hydrolysis activity",0.0259563207973592,264,1.09624197126355,0.0709111893375535,0.358185259527878,129251,140,143,1.01195284506888,0.310272374662116,0.999944762535205
"GO:0008146","sulfotransferase activity",0.0067682674878894,75,1.19434385974026,0.0721818257637377,0.363141796401075,193079,36,36,1.03363754889179,0.303094180528915,0.999944762535205
"GO:0042802","identical protein binding",0.195590902553613,1871,1.03102873318756,0.0724585345897703,0.363141796401075,139014,928,953,1.00652218821781,0.140576261281963,0.999944762535205
"GO:0005253","monoatomic anion channel activity",0.0063781828849025,71,1.19979490321736,0.0729572511189251,0.363669806726489,162310,39,41,0.983216205043406,0.852209898372211,0.999944762535205
"GO:0000049","tRNA binding",0.00569146847591349,64,1.21199623603841,0.0732202006941742,0.363669806726489,81439,28,28,1.03363754889179,0.395357572880522,0.999944762535205
"GO:0008143","poly(A) binding",0.00141109609493067,19,1.45125137015905,0.0734142478115047,0.363669806726489,58588,11,11,1.03363754889179,0.694780322422439,0.999944762535205
"GO:0015085","calcium ion transmembrane transporter activity",0.0115761244252887,123,1.14521639591513,0.0737243109731855,0.36380111914845,143399,68,69,1.01865729456002,0.337454111261669,0.999944762535205
"GO:0048019","receptor antagonist activity",0.00141380699743863,19,1.44846866998416,0.0744523755196767,0.364515327854358,144159,6,7,0.885975041907245,0.980116776197474,0.999944762535205
"GO:0019787","ubiquitin-like protein transferase activity",0.0457416287330554,454,1.06976863406323,0.0751298939339822,0.364515327854358,122183,215,220,1.01014578641697,0.272769061883486,0.999944762535205
"GO:0005267","potassium channel activity",0.00927656570314533,100,1.1618723241511,0.075406374220661,0.364515327854358,204941,48,49,1.01254290503685,0.522919259865842,0.999944762535205
"GO:0003841","1-acylglycerol-3-phosphate O-acyltransferase activity",0.00224220173223817,28,1.34595016301705,0.0756348188769502,0.364515327854358,186610,11,11,1.03363754889179,0.694780322422439,0.999944762535205
"GO:0042171","lysophosphatidic acid acyltransferase activity",0.00224220173223817,28,1.34595016301705,0.0756348188769502,0.364515327854358,186610,11,11,1.03363754889179,0.694780322422439,0.999944762535205
"GO:0071617","lysophospholipid acyltransferase activity",0.00224220173223817,28,1.34595016301705,0.0756348188769502,0.364515327854358,186610,11,11,1.03363754889179,0.694780322422439,0.999944762535205
"GO:0008083","growth factor activity",0.00858314537742612,93,1.16783668062534,0.0764057336278077,0.364515327854358,169700,57,59,0.998598987912404,0.698813083679756,0.999944762535205
"GO:0004029","aldehyde dehydrogenase (NAD+) activity",0.00115127749140501,16,1.49790958779193,0.0764765181626252,0.364515327854358,78720,8,8,1.03363754889179,0.767365292138344,0.999944762535205
"GO:0004030","aldehyde dehydrogenase [NAD(P)+] activity",0.00115127749140501,16,1.49790958779193,0.0764765181626252,0.364515327854358,78720,8,8,1.03363754889179,0.767365292138344,0.999944762535205
"GO:0022804","active transmembrane transporter activity",0.0299529044894828,302,1.08670992395624,0.0767101625258586,0.364515327854358,132619,162,166,1.00873062000283,0.366901592465168,0.999944762535205
"GO:0004518","nuclease activity",0.0146464355341676,153,1.12591373789346,0.0775507996499093,0.366202547342231,93191,83,85,1.00931666538845,0.473542154087637,0.999944762535205
"GO:0030169","low-density lipoprotein particle binding",0.00169431406747237,22,1.39950481160867,0.0776360817436373,0.366202547342231,187636,8,8,1.03363754889179,0.767365292138344,0.999944762535205
"GO:0035173","histone kinase activity",0.0237700492642325,242,1.09731398946196,0.0780976264479909,0.366659111315198,146874,105,110,0.98665402394216,0.851533413520268,0.999944762535205
"GO:0008266","poly(U) RNA binding",0.00197310898855371,25,1.36563476931325,0.0786448918902632,0.366659111315198,107993,14,14,1.03363754889179,0.629037068631593,0.999944762535205
"GO:0061575","cyclin-dependent protein serine/threonine kinase activator activity",0.00063848888016327,10,1.6880771597616,0.0787199955541664,0.366659111315198,148332,6,6,1.03363754889179,0.81990338976097,0.999944762535205
"GO:0008656","cysteine-type endopeptidase activator activity involved in apoptotic process",0.000893884432228579,13,1.56750021977863,0.0788760052400581,0.366659111315198,138850,10,10,1.03363754889179,0.718181539548417,0.999944762535205
"GO:0016836","hydro-lyase activity",0.00513830168521114,58,1.21661740709223,0.0799894167174626,0.370492496926009,82303,30,33,0.939670498992533,0.978637641440267,0.999944762535205
"GO:0005543","phospholipid binding",0.0512587433739836,506,1.06396708689447,0.0804608538312848,0.371335523257332,136662,224,229,1.01106904345747,0.238217998880487,0.999944762535205
"GO:0140999","histone H3K4 trimethyltransferase activity",0.000559587349273821,9,1.733485660617,0.081283108419355,0.373785763806568,327443,5,5,1.03363754889179,0.847500920688346,0.999944762535205
"GO:0005231","excitatory extracellular ligand-gated monoatomic ion channel activity",0.0012535783913105,17,1.46164887239772,0.0823417587133544,0.377301701532977,82941,14,15,0.964728378965667,0.916133592753063,0.999944762535205
"GO:0061650","ubiquitin-like protein conjugating enzyme activity",0.00161783808093214,21,1.39903916649261,0.0832329188419113,0.378836561197925,215156,13,15,0.895819209039548,0.98840452787702,0.999944762535205
"GO:0034713","type I transforming growth factor beta receptor binding",0.00107765508645211,15,1.50022745066858,0.083267272219653,0.378836561197925,123420,6,6,1.03363754889179,0.81990338976097,0.999944762535205
"GO:0005337","nucleoside transmembrane transporter activity",0.000902873214228643,13,1.55189457599765,0.0835713616338158,0.378876526417617,122252,5,5,1.03363754889179,0.847500920688346,0.999944762535205
"GO:0070300","phosphatidic acid binding",0.00171300502686932,22,1.38423451922813,0.0845743827885487,0.382073708160943,96315,13,13,1.03363754889179,0.650232257831926,0.999944762535205
"GO:0015103","inorganic anion transmembrane transporter activity",0.00974640791149788,104,1.15009677961214,0.0857717675578152,0.385893791043847,141187,61,63,1.00082365845078,0.66287056489244,0.999944762535205
"GO:0008035","high-density lipoprotein particle binding",0.00117225131607183,16,1.47110911196362,0.0860215309731414,0.385893791043847,135509,5,5,1.03363754889179,0.847500920688346,0.999944762535205
"GO:0030332","cyclin binding",0.0019029108815056,24,1.35937232479865,0.0865271212266721,0.386621025388943,210514,14,15,0.964728378965667,0.916133592753063,0.999944762535205
"GO:0047184","1-acylglycerophosphocholine O-acyltransferase activity",0.000651472676385585,10,1.6544339224558,0.0869440340426684,0.386621025388943,97573,5,5,1.03363754889179,0.847500920688346,0.999944762535205
"GO:0016741","transferase activity, transferring one-carbon groups",0.0181018374782557,186,1.10748005763931,0.087448733214831,0.386621025388943,183695,91,93,1.01140878439949,0.412183672477098,0.999944762535205
"GO:0120014","phospholipid transfer activity",0.000823543646101094,12,1.57050837628548,0.0876682693029622,0.386621025388943,127639,8,8,1.03363754889179,0.767365292138344,0.999944762535205
"GO:0010485","histone H4 acetyltransferase activity",0.00190676321664848,24,1.35662591258902,0.0879500009206818,0.386621025388943,298809,7,7,1.03363754889179,0.79320115868822,0.999944762535205
"GO:0022824","transmitter-gated monoatomic ion channel activity",0.00410387835980696,47,1.2343803797478,0.0888399958284862,0.386621025388943,216683,26,27,0.995354676710609,0.781156051761805,0.999944762535205
"GO:0022835","transmitter-gated channel activity",0.00410387835980696,47,1.2343803797478,0.0888399958284862,0.386621025388943,216683,26,27,0.995354676710609,0.781156051761805,0.999944762535205
"GO:0050811","GABA receptor binding",0.00057057363838501,9,1.70010771716426,0.088908346086007,0.386621025388943,101000,6,6,1.03363754889179,0.81990338976097,0.999944762535205
"GO:0050656","3'-phosphoadenosine 5'-phosphosulfate binding",0.000571715071019939,9,1.69671344171197,0.0897240189949229,0.386621025388943,99548,5,5,1.03363754889179,0.847500920688346,0.999944762535205
"GO:0008509","monoatomic anion transmembrane transporter activity",0.00997526515480109,106,1.14532053770764,0.0901250108381462,0.386621025388943,139560,59,62,0.983622828784119,0.857649776328463,0.999944762535205
"GO:0031435","mitogen-activated protein kinase kinase kinase binding",0.00295174479392575,35,1.27801181915923,0.0903282675488488,0.386621025388943,139098,7,7,1.03363754889179,0.79320115868822,0.999944762535205
"GO:0008187","poly-pyrimidine tract binding",0.00200649589312538,25,1.34291141469338,0.0904103210169374,0.386621025388943,107993,14,15,0.964728378965667,0.916133592753063,0.999944762535205
"GO:0048029","monosaccharide binding",0.00440279103107893,50,1.22401731964696,0.0904888550794321,0.386621025388943,92078,28,30,0.964728378965667,0.92744161563688,0.999944762535205
"GO:1990756","ubiquitin-like ligase-substrate adaptor activity",0.00887107175958689,95,1.15423209094274,0.0906617494024533,0.386621025388943,117751,47,48,1.01210343328987,0.53369327566164,0.999944762535205
"GO:0008374","O-acyltransferase activity",0.00333754902453167,39,1.25945479782573,0.0909246531790286,0.386621025388943,151469,19,20,0.981955671447197,0.863273855908965,0.999944762535205
"GO:0005254","chloride channel activity",0.00548501184807075,61,1.19866519960961,0.0910835831776129,0.386621025388943,177769,31,32,1.00133637548892,0.720315422156233,0.999944762535205
"GO:1904315","transmitter-gated monoatomic ion channel activity involved in regulation of postsynaptic membrane potential",0.00391953698926597,45,1.23743780003274,0.0914033708185804,0.386621025388943,223903,24,25,0.992292046936115,0.805194316352428,0.999944762535205
"GO:0004683","calcium/calmodulin-dependent protein kinase activity",0.00127383882058049,17,1.43840132088781,0.091607787777271,0.386621025388943,126070,11,11,1.03363754889179,0.694780322422439,0.999944762535205
"GO:0031369","translation initiation factor binding",0.00257592809887546,31,1.29710038765885,0.0919689207057067,0.386872541853842,87448,15,15,1.03363754889179,0.608530174051488,0.999944762535205
"GO:0005158","insulin receptor binding",0.00164052405455135,21,1.3796925646947,0.0923668781223832,0.387276812519666,187502,8,8,1.03363754889179,0.767365292138344,0.999944762535205
"GO:0022884","macromolecule transmembrane transporter activity",0.00257963775493898,31,1.29523508842881,0.0931902164839057,0.389456181592348,93445,18,18,1.03363754889179,0.550920147480272,0.999944762535205
"GO:0120020","cholesterol transfer activity",0.000834815293371016,12,1.54930342640913,0.0943391272064261,0.392977598070924,93963,8,9,0.918788932348254,0.967345337968338,0.999944762535205
"GO:0038024","cargo receptor activity",0.00629913867493368,69,1.18062928946384,0.0958532508444117,0.397992624056246,100143,31,31,1.03363754889179,0.357869197154311,0.999944762535205
"GO:1901981","phosphatidylinositol phosphate binding",0.0207639437410683,211,1.09526256359619,0.098127194992866,0.404641884138998,148040,89,91,1.01092024012493,0.42704332615649,0.999944762535205
"GO:0004601","peroxidase activity",0.00326877770827721,38,1.2529791401897,0.0990713753236916,0.404641884138998,103532,15,18,0.861364624076489,0.997662033768317,0.999944762535205
"GO:0044024","histone H2AS1 kinase activity",0.0234592942293732,237,1.08887752932378,0.0992648390947473,0.404641884138998,144847,102,107,0.985336728850114,0.864678310055933,0.999944762535205
"GO:0140995","histone H2A kinase activity",0.0234592942293732,237,1.08887752932378,0.0992648390947473,0.404641884138998,144847,102,107,0.985336728850114,0.864678310055933,0.999944762535205
"GO:0004812","aminoacyl-tRNA ligase activity",0.00174967355026641,22,1.35522463001329,0.0993469941572754,0.404641884138998,111656,11,11,1.03363754889179,0.694780322422439,0.999944762535205
"GO:0016875","ligase activity, forming carbon-oxygen bonds",0.00174967355026641,22,1.35522463001329,0.0993469941572754,0.404641884138998,111656,11,11,1.03363754889179,0.694780322422439,0.999944762535205
"GO:0015271","outward rectifier potassium channel activity",0.00120150052734188,16,1.4352965756909,0.100555596116612,0.408268448789917,227431,9,9,1.03363754889179,0.742367786409596,0.999944762535205
"GO:0061631","ubiquitin conjugating enzyme activity",0.0014774418668359,19,1.38608170457489,0.101668806282074,0.411108618575613,229898,11,13,0.874616387523819,0.992352813200465,0.999944762535205
"GO:0022848","acetylcholine-gated monoatomic cation-selective channel activity",0.000673302575528597,10,1.60079366177859,0.101895978727237,0.411108618575613,93822,7,8,0.904432855280313,0.974052224537346,0.999944762535205
"GO:0005212","structural constituent of eye lens",0.00157089666382069,20,1.3722334768271,0.102255281997685,0.411264974304167,76010,13,13,1.03363754889179,0.650232257831926,0.999944762535205
"GO:0030228","lipoprotein particle receptor activity",0.0018519744501719,23,1.33856195430249,0.103181455051328,0.411826385803319,115671,10,10,1.03363754889179,0.718181539548417,0.999944762535205
"GO:0004126","cytidine deaminase activity",0.000675157403560357,10,1.59639587699349,0.103231130894906,0.411826385803319,25305,6,6,1.03363754889179,0.81990338976097,0.999944762535205
"GO:0035250","UDP-galactosyltransferase activity",0.00148100884382006,19,1.38274335750222,0.103357830263966,0.411826385803319,85472,7,7,1.03363754889179,0.79320115868822,0.999944762535205
"GO:0050431","transforming growth factor beta binding",0.00166763307963091,21,1.35726429747259,0.104101972701125,0.412270735933067,74080,10,11,0.939670498992533,0.952193710808194,0.999944762535205
"GO:0051117","ATPase binding",0.00693591540614456,75,1.16547539032541,0.104112017492061,0.412270735933067,107976,39,39,1.03363754889179,0.27432617902183,0.999944762535205
"GO:0019957","C-C chemokine binding",0.000678296343306411,10,1.58900826460521,0.105513579656232,0.415717646626339,86464,5,5,1.03363754889179,0.847500920688346,0.999944762535205
"GO:0009975","cyclase activity",0.00167248416832935,21,1.35332751312572,0.106296617630226,0.415717646626339,103617,12,12,1.03363754889179,0.672138750717881,0.999944762535205
"GO:0036408","histone H3K14 acetyltransferase activity",0.00167319756372618,21,1.3527504996043,0.106621786890989,0.415717646626339,341779,6,6,1.03363754889179,0.81990338976097,0.999944762535205
"GO:0019763","immunoglobulin receptor activity",0.000680579208576268,10,1.58367825784763,0.107191634317325,0.415717646626339,45856,5,5,1.03363754889179,0.847500920688346,0.999944762535205
"GO:0004386","helicase activity",0.00916484798400168,97,1.14075426273238,0.107388024265322,0.415717646626339,100252,51,52,1.01375990372079,0.491405408801981,0.999944762535205
"GO:0035374","chondroitin sulfate binding",0.00130565625527913,17,1.40334903211522,0.107448127899018,0.415717646626339,114621,10,10,1.03363754889179,0.718181539548417,0.999944762535205
"GO:1990239","steroid hormone binding",0.000346995521018341,6,1.86368716034536,0.107598559405627,0.415717646626339,93318,5,5,1.03363754889179,0.847500920688346,0.999944762535205
"GO:0004707","MAP kinase activity",0.000945391579879739,13,1.4820991362682,0.108124579940834,0.415717646626339,34827,8,8,1.03363754889179,0.767365292138344,0.999944762535205
"GO:0140996","histone H3 kinase activity",0.000857073229752126,12,1.50906847809552,0.108392173541344,0.415717646626339,291859,5,5,1.03363754889179,0.847500920688346,0.999944762535205
"GO:0005452","solute:inorganic anion antiporter activity",0.0016773352570278,21,1.34941350024325,0.108520043047325,0.415717646626339,206610,11,11,1.03363754889179,0.694780322422439,0.999944762535205
"GO:0019789","SUMO transferase activity",0.00695703190989074,75,1.16193785222516,0.108723536489075,0.415717646626339,146409,17,17,1.03363754889179,0.569492916074276,0.999944762535205
"GO:0030506","ankyrin binding",0.00130836715778708,17,1.40044132964955,0.108870716497623,0.415717646626339,91483,9,9,1.03363754889179,0.742367786409596,0.999944762535205
"GO:0015026","coreceptor activity",0.00586182729667661,64,1.17677270605521,0.109512998110949,0.416053796496079,127596,32,32,1.03363754889179,0.346177383444571,0.999944762535205
"GO:0099095","ligand-gated monoatomic anion channel activity",0.00262986079087584,31,1.27049969611506,0.110786839770748,0.416053796496079,182892,16,17,0.972835340133446,0.895831553375266,0.999944762535205
"GO:0015297","antiporter activity",0.00958789145432215,101,1.13538694665583,0.110875342881332,0.416053796496079,126845,52,53,1.01413495362968,0.481178417620308,0.999944762535205
"GO:0004407","histone deacetylase activity",0.00340318140104007,39,1.23516546330452,0.110882289069767,0.416053796496079,186065,8,10,0.826910039113429,0.996550657200865,0.999944762535205
"GO:0033558","protein lysine deacetylase activity",0.00340318140104007,39,1.23516546330452,0.110882289069767,0.416053796496079,186065,8,10,0.826910039113429,0.996550657200865,0.999944762535205
"GO:0004715","non-membrane spanning protein tyrosine kinase activity",0.00389157188971021,44,1.21863388728528,0.111042757511451,0.416053796496079,74894,20,21,0.984416713230273,0.851973770611855,0.999944762535205
"GO:0003857","3-hydroxyacyl-CoA dehydrogenase activity",0.0004317468941618,7,1.74748899634938,0.111228723459201,0.416053796496079,67545,5,5,1.03363754889179,0.847500920688346,0.999944762535205
"GO:0003682","chromatin binding",0.0597783965610918,583,1.05116265899813,0.111666782822172,0.41647814639781,155868,257,264,1.00623049267117,0.367096154031982,0.999944762535205
"GO:0008234","cysteine-type peptidase activity",0.0115264721056693,120,1.12209718861186,0.112303438815273,0.417638585507234,91389,72,74,1.00570139892174,0.565352545125302,0.999944762535205
"GO:0003697","single-stranded DNA binding",0.00747752519141825,80,1.15312857425327,0.112841475482477,0.41842662729485,134802,42,42,1.03363754889179,0.248279099764791,0.999944762535205
"GO:0072341","modified amino acid binding",0.00738093145468741,79,1.15361674412774,0.113711571774126,0.419652627529001,144315,32,34,0.972835340133446,0.902551318337114,0.999944762535205
"GO:0030547","signaling receptor inhibitor activity",0.00273430187697182,32,1.26138931996379,0.113868919754782,0.419652627529001,119300,11,12,0.947501086484137,0.943837611172582,0.999944762535205
"GO:0015250","water channel activity",0.000434743154828488,7,1.73544525859968,0.11415336477601,0.419652627529001,80356,6,6,1.03363754889179,0.81990338976097,0.999944762535205
"GO:0140612","DNA damage sensor activity",0.000604388580194774,9,1.60498837604813,0.114925981064749,0.421285810588781,87184,5,6,0.861364624076488,0.985488575325221,0.999944762535205
"GO:0004713","protein tyrosine kinase activity",0.0171852670724079,175,1.09755778536477,0.115570504963405,0.422441475407546,153859,69,70,1.01887129819333,0.329721124783315,0.999944762535205
"GO:0033549","MAP kinase phosphatase activity",0.00178819690169526,22,1.32602885485143,0.116541565287827,0.422980249539463,27589,13,13,1.03363754889179,0.650232257831926,0.999944762535205
"GO:0005164","tumor necrosis factor receptor binding",0.000606814124543998,9,1.5985729510792,0.116937918495824,0.422980249539463,55794,9,9,1.03363754889179,0.742367786409596,0.999944762535205
"GO:0005249","voltage-gated potassium channel activity",0.00679366436401656,73,1.15814891560458,0.117227606698869,0.422980249539463,183406,34,35,1.00410504749488,0.683874038341817,0.999944762535205
"GO:0005160","transforming growth factor beta receptor binding",0.00236005465179456,28,1.27873809393706,0.11763092034433,0.422980249539463,149747,13,13,1.03363754889179,0.650232257831926,0.999944762535205
"GO:0050840","extracellular matrix binding",0.00790270884792921,84,1.14564202418283,0.117742204940059,0.422980249539463,205087,39,39,1.03363754889179,0.27432617902183,0.999944762535205
"GO:0015556","C4-dicarboxylate transmembrane transporter activity",0.000782737429402392,11,1.51468461883458,0.118090653537117,0.422980249539463,103037,6,6,1.03363754889179,0.81990338976097,0.999944762535205
"GO:0045505","dynein intermediate chain binding",0.00371964359907407,42,1.2170084471699,0.118540285739182,0.422980249539463,170759,20,21,0.984416713230273,0.851973770611855,0.999944762535205
"GO:0031849","olfactory receptor binding",0.000608811631655123,9,1.59332804334189,0.118609203161275,0.422980249539463,68065,6,6,1.03363754889179,0.81990338976097,0.999944762535205
"GO:0042056","chemoattractant activity",0.00179447478118736,22,1.32138980979987,0.119506659400502,0.422980249539463,146603,15,15,1.03363754889179,0.608530174051488,0.999944762535205
"GO:0001786","phosphatidylserine binding",0.00431589947174498,48,1.19871392084628,0.120491086336032,0.422980249539463,145678,21,21,1.03363754889179,0.498744975909144,0.999944762535205
"GO:0051959","dynein light intermediate chain binding",0.00236718860576286,28,1.27488438381128,0.120565368305188,0.422980249539463,115114,16,17,0.972835340133446,0.895831553375266,0.999944762535205
"GO:0031420","alkali metal ion binding",0.00353316204234259,40,1.22023103661643,0.121636300129918,0.422980249539463,223233,9,9,1.03363754889179,0.742367786409596,0.999944762535205
"GO:0061608","nuclear import signal receptor activity",0.000699840884290691,10,1.54009078286099,0.121951563002635,0.422980249539463,70950,6,6,1.03363754889179,0.81990338976097,0.999944762535205
"GO:0000014","single-stranded DNA endodeoxyribonuclease activity",0.000360835391716852,6,1.79220528824037,0.122910288147741,0.422980249539463,114052,5,5,1.03363754889179,0.847500920688346,0.999944762535205
"GO:0005001","transmembrane receptor protein tyrosine phosphatase activity",0.00218170580258694,26,1.28446653285111,0.123049417964676,0.422980249539463,429541,10,10,1.03363754889179,0.718181539548417,0.999944762535205
"GO:0019198","transmembrane receptor protein phosphatase activity",0.00218170580258694,26,1.28446653285111,0.123049417964676,0.422980249539463,429541,10,10,1.03363754889179,0.718181539548417,0.999944762535205
"GO:0016493","C-C chemokine receptor activity",0.000878903128895139,12,1.47158674479218,0.123300614059402,0.422980249539463,72176,6,6,1.03363754889179,0.81990338976097,0.999944762535205
"GO:0030020","extracellular matrix structural constituent conferring tensile strength",0.00442419289298384,49,1.19373425956761,0.123383865380347,0.422980249539463,126967,25,25,1.03363754889179,0.436756224661654,0.999944762535205
"GO:0019213","deacetylase activity",0.00591832821210558,64,1.16553832824427,0.123821435205112,0.422980249539463,165141,15,17,0.912033131375105,0.983480441460287,0.999944762535205
"GO:0031005","filamin binding",0.00285786195970286,33,1.24456712215574,0.124016820377982,0.422980249539463,153413,9,10,0.930273794002607,0.960044008160206,0.999944762535205
"GO:0004519","endonuclease activity",0.00965509330070358,101,1.12748437163182,0.12420935840398,0.422980249539463,81355,57,58,1.01581621184193,0.432204547805994,0.999944762535205
"GO:0005092","GDP-dissociation inhibitor activity",0.00228015436734955,27,1.27627759732304,0.124272511188266,0.422980249539463,98155,7,7,1.03363754889179,0.79320115868822,0.999944762535205
"GO:0031490","chromatin DNA binding",0.00955478990790922,100,1.12803997340977,0.124489397291647,0.422980249539463,95532,46,47,1.01164526061749,0.544597067662043,0.999944762535205
"GO:0005007","fibroblast growth factor receptor activity",0.00152324185131242,19,1.34440577471647,0.12468034158046,0.422980249539463,163057,5,5,1.03363754889179,0.847500920688346,0.999944762535205
"GO:0004521","RNA endonuclease activity",0.00612193125836099,66,1.16198659690864,0.124703516257023,0.422980249539463,69700,36,36,1.03363754889179,0.303094180528915,0.999944762535205
"GO:0052739","phosphatidylserine 1-acylhydrolase activity",0.000363118256986709,6,1.78093798583886,0.125533665690995,0.422980249539463,12810,7,7,1.03363754889179,0.79320115868822,0.999944762535205
"GO:0016877","ligase activity, forming carbon-sulfur bonds",0.00180703054017158,22,1.31220841988575,0.125573499868406,0.422980249539463,61755,12,12,1.03363754889179,0.672138750717881,0.999944762535205
"GO:0016878","acid-thiol ligase activity",0.00180703054017158,22,1.31220841988575,0.125573499868406,0.422980249539463,61755,12,12,1.03363754889179,0.672138750717881,0.999944762535205
"GO:0043560","insulin receptor substrate binding",0.00115484446838916,15,1.39995279650355,0.125886965919932,0.422980249539463,113997,7,7,1.03363754889179,0.79320115868822,0.999944762535205
"GO:0008484","sulfuric ester hydrolase activity",0.00161997826712263,20,1.33065796898594,0.126288350724472,0.422980249539463,476798,6,6,1.03363754889179,0.81990338976097,0.999944762535205
"GO:0008046","axon guidance receptor activity",0.00134032727156509,17,1.36704779570858,0.126502394820604,0.422980249539463,246726,8,8,1.03363754889179,0.767365292138344,0.999944762535205
"GO:0001637","G protein-coupled chemoattractant receptor activity",0.00115598590102409,15,1.39857046839049,0.126597362293962,0.422980249539463,58331,8,8,1.03363754889179,0.767365292138344,0.999944762535205
"GO:0004950","chemokine receptor activity",0.00115598590102409,15,1.39857046839049,0.126597362293962,0.422980249539463,58331,8,8,1.03363754889179,0.767365292138344,0.999944762535205
"GO:0016812","hydrolase activity, acting on carbon-nitrogen (but not peptide) bonds, in cyclic amides",0.00125029677248508,16,1.37928020813569,0.127982668205637,0.426153118712296,65145,8,8,1.03363754889179,0.767365292138344,0.999944762535205
"GO:0070063","RNA polymerase binding",0.00563682238851627,61,1.16638282503335,0.128845826173726,0.426153118712296,150426,19,20,0.981955671447197,0.863273855908965,0.999944762535205
"GO:0030545","signaling receptor regulator activity",0.0414683903060409,407,1.05784701160635,0.129067027860856,0.426153118712296,163173,213,219,1.00531871193585,0.425967099888974,0.999944762535205
"GO:0106222","lncRNA binding",0.000797861411815197,11,1.48597278593106,0.129449160676422,0.426153118712296,76295,8,8,1.03363754889179,0.767365292138344,0.999944762535205
"GO:0003729","mRNA binding",0.0336157618149692,332,1.06448796975341,0.129778239701455,0.426153118712296,116816,150,153,1.01337014597234,0.260638137332953,0.999944762535205
"GO:0004784","superoxide dismutase activity",0.000535331905781585,8,1.61069195947402,0.129872072810996,0.426153118712296,100840,5,5,1.03363754889179,0.847500920688346,0.999944762535205
"GO:0016721","oxidoreductase activity, acting on superoxide radicals as acceptor",0.000535331905781585,8,1.61069195947402,0.129872072810996,0.426153118712296,100840,5,5,1.03363754889179,0.847500920688346,0.999944762535205
"GO:0003724","RNA helicase activity",0.00385347657551947,43,1.2027112243303,0.130355012650833,0.426646635793415,46558,29,29,1.03363754889179,0.382445895183916,0.999944762535205
"GO:0016538","cyclin-dependent protein serine/threonine kinase regulator activity",0.00248946457677961,29,1.25556059954185,0.131560013185516,0.428107713010324,94631,16,16,1.03363754889179,0.588689306503746,0.999944762535205
"GO:0001664","G protein-coupled receptor binding",0.0272635465225113,271,1.0713529584379,0.132113312476638,0.428107713010324,161683,127,130,1.00978437468659,0.384178208440119,0.999944762535205
"GO:0030515","snoRNA binding",0.00135060016527945,17,1.35664979853015,0.132504108744989,0.428107713010324,39516,11,12,0.947501086484137,0.943837611172582,0.999944762535205
"GO:0015187","glycine transmembrane transporter activity",0.000453291435146081,7,1.66443238997583,0.133134697002307,0.428107713010324,42943,8,8,1.03363754889179,0.767365292138344,0.999944762535205
"GO:0003906","DNA-(apurinic or apyrimidinic site) endonuclease activity",0.000713823434068568,10,1.50992310412416,0.133329161294882,0.428107713010324,63486,7,7,1.03363754889179,0.79320115868822,0.999944762535205
"GO:0042799","histone H4K20 methyltransferase activity",0.000539754957241934,8,1.59749305629039,0.134136134209339,0.428107713010324,83394,5,5,1.03363754889179,0.847500920688346,0.999944762535205
"GO:0004620","phospholipase activity",0.00625961656994927,67,1.15364636767306,0.134615054637499,0.428107713010324,98852,45,46,1.01116716739414,0.555627156531908,0.999944762535205
"GO:1990380","K48-linked deubiquitinase activity",0.00154150477347128,19,1.32847797583053,0.134652825214775,0.428107713010324,102953,11,11,1.03363754889179,0.694780322422439,0.999944762535205
"GO:0016866","intramolecular transferase activity",0.00089531122302224,12,1.44461742596332,0.135227410718217,0.428107713010324,18070,11,11,1.03363754889179,0.694780322422439,0.999944762535205
"GO:0043995","histone H4K5 acetyltransferase activity",0.00154264620610621,19,1.32749501025463,0.135291026809198,0.428107713010324,362945,5,5,1.03363754889179,0.847500920688346,0.999944762535205
"GO:0043996","histone H4K8 acetyltransferase activity",0.00154264620610621,19,1.32749501025463,0.135291026809198,0.428107713010324,362945,5,5,1.03363754889179,0.847500920688346,0.999944762535205
"GO:0043997","histone H4K12 acetyltransferase activity",0.00154264620610621,19,1.32749501025463,0.135291026809198,0.428107713010324,362945,5,5,1.03363754889179,0.847500920688346,0.999944762535205
"GO:0048027","mRNA 5'-UTR binding",0.00182686293220347,22,1.29796310823594,0.13552581461694,0.428107713010324,55169,14,14,1.03363754889179,0.629037068631593,0.999944762535205
"GO:0003676","nucleic acid binding",0.369726866584788,3482,1.01506391340419,0.135583604117394,0.428107713010324,142942,1626,1666,1.00882032082716,0.0143128465060229,0.999944762535205
"GO:0015291","secondary active transmembrane transporter activity",0.0211527442323409,212,1.08022636924861,0.136150621717471,0.428107713010324,125908,115,118,1.00735862815725,0.461252221806413,0.999944762535205
"GO:0015108","chloride transmembrane transporter activity",0.00818678289494711,86,1.13221996712082,0.1364738317398,0.428107713010324,155578,48,50,0.992292046936115,0.778306098180151,0.999944762535205
"GO:0019706","protein-cysteine S-palmitoyltransferase activity",0.0021175002168722,25,1.27251285121171,0.13751836002549,0.428107713010324,113546,15,18,0.861364624076489,0.997662033768317,0.999944762535205
"GO:0019707","protein-cysteine S-acyltransferase activity",0.0021175002168722,25,1.27251285121171,0.13751836002549,0.428107713010324,113546,15,18,0.861364624076489,0.997662033768317,0.999944762535205
"GO:1990226","histone methyltransferase binding",0.000718817201846381,10,1.49943336441707,0.137524937110922,0.428107713010324,155312,6,6,1.03363754889179,0.81990338976097,0.999944762535205
"GO:0004890","GABA-A receptor activity",0.00117353542778612,15,1.37765567597565,0.137808296572819,0.428107713010324,276127,6,6,1.03363754889179,0.81990338976097,0.999944762535205
"GO:0004553","hydrolase activity, hydrolyzing O-glycosyl compounds",0.00576994196956484,62,1.15815283871379,0.138147751800049,0.428107713010324,127797,29,30,0.999182963928727,0.744701900724627,0.999944762535205
"GO:0001091","RNA polymerase II general transcription initiation factor binding",0.00358053149669213,40,1.20408771307961,0.138366648594874,0.428107713010324,118457,11,11,1.03363754889179,0.694780322422439,0.999944762535205
"GO:0016860","intramolecular oxidoreductase activity",0.0026994881816065,31,1.23772993651125,0.138475994465537,0.428107713010324,96587,21,21,1.03363754889179,0.498744975909144,0.999944762535205
"GO:0019865","immunoglobulin binding",0.00108336224962675,14,1.39283595494619,0.139196140200312,0.429074358817065,83261,9,10,0.930273794002607,0.960044008160206,0.999944762535205
"GO:0008276","protein methyltransferase activity",0.0104413977070901,108,1.11483539622687,0.139457527378578,0.429074358817065,247917,49,49,1.03363754889179,0.196688245099558,0.999944762535205
"GO:0019842","vitamin binding",0.012390393931231,127,1.10475058074125,0.139837841715919,0.429215193592163,106509,62,64,1.00133637548892,0.653888448524301,0.999944762535205
"GO:0016829","lyase activity",0.0155865479881108,158,1.09257882115802,0.140451987283775,0.429261959342935,79413,89,92,0.999931976645315,0.648685324142276,0.999944762535205
"GO:0030546","signaling receptor activator activity",0.0379028401126822,372,1.05783228666752,0.140681931873072,0.429261959342935,163761,198,203,1.00817849596342,0.347081093933795,0.999944762535205
"GO:0048018","receptor ligand activity",0.0369617289051835,363,1.05852222124481,0.141049284020941,0.429261959342935,165331,194,197,1.01789687555841,0.111059376927085,0.999944762535205
"GO:0070888","E-box binding",0.00790171009437365,83,1.13214651065249,0.141191384912485,0.429261959342935,128053,34,35,1.00410504749488,0.683874038341817,0.999944762535205
"GO:0050780","dopamine receptor binding",0.000997754802007095,13,1.40431701371559,0.143624857297409,0.434029261623285,71111,5,5,1.03363754889179,0.847500920688346,0.999944762535205
"GO:0140537","transcription regulator activator activity",0.000997754802007095,13,1.40431701371559,0.143624857297409,0.434029261623285,42421,5,5,1.03363754889179,0.847500920688346,0.999944762535205
"GO:0070696","transmembrane receptor protein serine/threonine kinase binding",0.00290708624208416,33,1.22349347027139,0.143774307240761,0.434029261623285,183999,16,16,1.03363754889179,0.588689306503746,0.999944762535205
"GO:0045182","translation regulator activity",0.0103613547435657,107,1.11304536769877,0.144285638940047,0.434231698740026,97341,52,53,1.01413495362968,0.481178417620308,0.999944762535205
"GO:0050321","tau-protein kinase activity",0.00118466439597668,15,1.36471371009271,0.145195525351558,0.434231698740026,82551,9,9,1.03363754889179,0.742367786409596,0.999944762535205
"GO:0140597","protein carrier chaperone",0.00175095766198071,21,1.29267479700617,0.145777049491685,0.434231698740026,63987,13,13,1.03363754889179,0.650232257831926,0.999944762535205
"GO:0004301","epoxide hydrolase activity",0.000728519379243276,10,1.47946441244285,0.145872067152729,0.434231698740026,38875,5,5,1.03363754889179,0.847500920688346,0.999944762535205
"GO:0016801","hydrolase activity, acting on ether bonds",0.000728519379243276,10,1.47946441244285,0.145872067152729,0.434231698740026,38875,5,5,1.03363754889179,0.847500920688346,0.999944762535205
"GO:0016803","ether hydrolase activity",0.000728519379243276,10,1.47946441244285,0.145872067152729,0.434231698740026,38875,5,5,1.03363754889179,0.847500920688346,0.999944762535205
"GO:0032183","SUMO binding",0.0024255443492236,28,1.24421216540076,0.146252178233898,0.434355427486323,103841,11,11,1.03363754889179,0.694780322422439,0.999944762535205
"GO:0019783","ubiquitin-like protein peptidase activity",0.00833260091405925,87,1.1253414157706,0.147246150233264,0.436140676796155,82522,51,52,1.01375990372079,0.491405408801981,0.999944762535205
"GO:0070530","K63-linked polyubiquitin modification-dependent protein binding",0.00137528364600978,17,1.33230075660197,0.147579122243092,0.436140676796155,151953,8,8,1.03363754889179,0.767365292138344,0.999944762535205
"GO:0008525","phosphatidylcholine transporter activity",0.000730802244513133,10,1.47484289143561,0.147873105538837,0.436140676796155,249271,6,6,1.03363754889179,0.81990338976097,0.999944762535205
"GO:0019864","IgG binding",0.000732229035306794,10,1.4719690744219,0.14913083719898,0.438661705597676,46623,6,6,1.03363754889179,0.81990338976097,0.999944762535205
"GO:0061133","endopeptidase activator activity",0.000733227788862357,10,1.46996405719657,0.150014478256007,0.438661705597676,140590,5,5,1.03363754889179,0.847500920688346,0.999944762535205
"GO:0008569","minus-end-directed microtubule motor activity",0.00214303977207873,25,1.25734775132044,0.150094561452834,0.438661705597676,125187,12,12,1.03363754889179,0.672138750717881,0.999944762535205
"GO:0031593","polyubiquitin modification-dependent protein binding",0.00272616916944796,31,1.2256162871614,0.150095470582525,0.438661705597676,97229,20,20,1.03363754889179,0.515565394704511,0.999944762535205
"GO:0019887","protein kinase regulator activity",0.0180276443569853,181,1.0821444210793,0.150922540796447,0.43998265687496,112701,94,99,0.98143363228109,0.896816350916909,0.999944762535205
"GO:0017147","Wnt-protein binding",0.00491129926993969,53,1.16312155123601,0.151716152300885,0.43998265687496,143275,23,23,1.03363754889179,0.466726569967699,0.999944762535205
"GO:0019107","myristoyltransferase activity",0.000735225295973482,10,1.46597036482305,0.151789707445767,0.43998265687496,79822,5,6,0.861364624076488,0.985488575325221,0.999944762535205
"GO:0140296","general transcription initiation factor binding",0.00561499248937326,60,1.1517221054937,0.151919187058151,0.43998265687496,105559,22,22,1.03363754889179,0.482471268588471,0.999944762535205
"GO:0015459","potassium channel regulator activity",0.00825398474132854,86,1.12300171985178,0.153114638140746,0.44208108341832,167812,30,31,1.00029440215334,0.732507657735486,0.999944762535205
"GO:0043175","RNA polymerase core enzyme binding",0.00312609862891112,35,1.20673247443022,0.153332877724982,0.44208108341832,148015,14,14,1.03363754889179,0.629037068631593,0.999944762535205
"GO:0008137","NADH dehydrogenase (ubiquinone) activity",0.00244209512243006,28,1.23577978568666,0.1540776591914,0.442634465376054,206506,12,12,1.03363754889179,0.672138750717881,0.999944762535205
"GO:0045309","protein phosphorylated amino acid binding",0.00673388182976217,71,1.13641900920683,0.154249504439775,0.442634465376054,95930,31,32,1.00133637548892,0.720315422156233,0.999944762535205
"GO:0070182","DNA polymerase binding",0.000387516379558311,6,1.66880971058907,0.15520812470722,0.442634465376054,11553,5,5,1.03363754889179,0.847500920688346,0.999944762535205
"GO:0099529","neurotransmitter receptor activity involved in regulation of postsynaptic membrane potential",0.00452135734603215,49,1.16808078262718,0.155285428547631,0.442634465376054,209992,25,26,0.993882258549794,0.793212968818007,0.999944762535205
"GO:1990782","protein tyrosine kinase binding",0.00918154143628751,95,1.11520225411206,0.155346776378185,0.442634465376054,114332,47,51,0.952567937213999,0.975614075063442,0.999944762535205
"GO:0005315","phosphate transmembrane transporter activity",0.000561014140067481,8,1.53695733264154,0.155594812069057,0.442634465376054,50351,6,6,1.03363754889179,0.81990338976097,0.999944762535205
"GO:0019207","kinase regulator activity",0.0202423090269058,202,1.07556571621556,0.156402894269652,0.44351275856232,113477,106,111,0.987077298941706,0.84702721190612,0.999944762535205
"GO:0004712","protein serine/threonine/tyrosine kinase activity",0.00542922432803861,58,1.15142548832157,0.156847984143914,0.44351275856232,83690,20,20,1.03363754889179,0.515565394704511,0.999944762535205
"GO:0015269","calcium-activated potassium channel activity",0.000562298251781776,8,1.53344740724348,0.156940602016597,0.44351275856232,223750,6,6,1.03363754889179,0.81990338976097,0.999944762535205
"GO:0019003","GDP binding",0.0044273318327299,48,1.16854326109182,0.157403256975833,0.443842590549436,137125,27,28,0.996721922145651,0.769041088056354,0.999944762535205
"GO:0032182","ubiquitin-like protein binding",0.0106267378311867,109,1.10553415225929,0.157882043830699,0.444216364549971,154214,54,54,1.03363754889179,0.166519095637272,0.999944762535205
"GO:0008297","single-stranded DNA exodeoxyribonuclease activity",0.000652471429941148,9,1.48671129694727,0.158282650118152,0.444369015539583,49771,5,5,1.03363754889179,0.847500920688346,0.999944762535205
"GO:0030957","Tat protein binding",0.00225675499833351,26,1.24175113825797,0.158633101405864,0.44438050022647,136271,6,6,1.03363754889179,0.81990338976097,0.999944762535205
"GO:0003684","damaged DNA binding",0.00473252238349397,51,1.16151047600649,0.15909787417289,0.44471148706714,78496,25,26,0.993882258549794,0.793212968818007,0.999944762535205
"GO:0008301","DNA binding, bending",0.00284601959611548,32,1.21187471438242,0.159921216103238,0.446041131000988,210649,11,11,1.03363754889179,0.694780322422439,0.999944762535205
"GO:1990404","NAD+-protein ADP-ribosyltransferase activity",0.00149170977477251,18,1.30057020773598,0.161434967431362,0.449286471180992,160390,8,9,0.918788932348254,0.967345337968338,0.999944762535205
"GO:0022851","GABA-gated chloride ion channel activity",0.00111517968432539,14,1.35309664865743,0.161980361972421,0.449828580975359,292221,5,5,1.03363754889179,0.847500920688346,0.999944762535205
"GO:0016409","palmitoyltransferase activity",0.00295245818932258,33,1.20469141529887,0.163546583114829,0.453197119084938,105204,20,23,0.898815259905901,0.994045453480542,0.999944762535205
"GO:0016788","hydrolase activity, acting on ester bonds",0.067033770425937,646,1.03868653602786,0.163937637226096,0.453301699485088,139665,328,337,1.00603298527153,0.335880648478653,0.999944762535205
"GO:0051287","NAD binding",0.00266167822557448,30,1.21481832590724,0.165598891089687,0.456910488748534,74747,16,17,0.972835340133446,0.895831553375266,0.999944762535205
"GO:0016298","lipase activity",0.00820247759367738,85,1.11691340890313,0.166455465069766,0.458288329795084,85473,58,59,1.01611826840209,0.42284986233674,0.999944762535205
"GO:0034236","protein kinase A catalytic subunit binding",0.00131093538121567,16,1.31548024204322,0.167471441377735,0.458395412191203,327270,5,6,0.861364624076488,0.985488575325221,0.999944762535205
"GO:0005345","purine nucleobase transmembrane transporter activity",0.00075248946457678,10,1.43233699088608,0.167566210691874,0.458395412191203,80944,5,5,1.03363754889179,0.847500920688346,0.999944762535205
"GO:0015205","nucleobase transmembrane transporter activity",0.00075248946457678,10,1.43233699088608,0.167566210691874,0.458395412191203,80944,5,5,1.03363754889179,0.847500920688346,0.999944762535205
"GO:0140101","catalytic activity, acting on a tRNA",0.00852065194066377,88,1.11315458315464,0.169534975260218,0.462794411189062,120829,49,50,1.01296479791395,0.512278141602746,0.999944762535205
"GO:0019838","growth factor binding",0.0143987446523881,145,1.08539796767671,0.170485246920154,0.464400364752777,135484,67,70,0.989338796796424,0.806941217816687,0.999944762535205
"GO:0001161","intronic transcription regulatory region sequence-specific DNA binding",0.00103385260908672,13,1.35528413978928,0.171331715843665,0.465717354719115,252230,8,8,1.03363754889179,0.767365292138344,0.999944762535205
"GO:0008514","organic anion transmembrane transporter activity",0.0186695575350534,186,1.07380284595152,0.172653266524476,0.466625450754004,119828,101,103,1.01356691687447,0.342985199456245,0.999944762535205
"GO:0016917","GABA receptor activity",0.00141366431835926,17,1.29612908688801,0.172804249590374,0.466625450754004,249583,7,7,1.03363754889179,0.79320115868822,0.999944762535205
"GO:0016849","phosphorus-oxygen lyase activity",0.00208896440099898,24,1.23829989043369,0.172911655259716,0.466625450754004,103692,14,14,1.03363754889179,0.629037068631593,0.999944762535205
"GO:0140939","histone H4 methyltransferase activity",0.00160556768010666,19,1.27547107890101,0.173120588120737,0.466625450754004,324907,9,9,1.03363754889179,0.742367786409596,0.999944762535205
"GO:0046906","tetrapyrrole binding",0.00997526515480109,102,1.10210089477527,0.174272661759686,0.468745964439575,118339,61,65,0.970029084344599,0.940262319383993,0.999944762535205
"GO:0003950","NAD+-protein poly-ADP-ribosyltransferase activity",0.00141765933258151,17,1.29247654920354,0.175550731831335,0.470261074210429,168006,7,8,0.904432855280313,0.974052224537346,0.999944762535205
"GO:0019104","DNA N-glycosylase activity",0.00132306310296179,16,1.30342202781118,0.176054953769733,0.470261074210429,83735,6,6,1.03363754889179,0.81990338976097,0.999944762535205
"GO:0015278","intracellularly gated calcium channel activity",0.00122860955242144,15,1.31590035244452,0.176402542114693,0.470261074210429,125763,6,6,1.03363754889179,0.81990338976097,0.999944762535205
"GO:0005523","tropomyosin binding",0.0012287522315008,15,1.31574755398279,0.1765089895277,0.470261074210429,237789,7,7,1.03363754889179,0.79320115868822,0.999944762535205
"GO:1904680","peptide transmembrane transporter activity",0.00049167210749556,7,1.53450426667244,0.17689297031497,0.470261074210429,208833,4,5,0.826910039113429,0.990114563747042,0.999944762535205
"GO:0140439","protein-cysteine S-stearoyltransferase activity",0.000762905037370505,10,1.41278198801817,0.177449054133198,0.470261074210429,146946,4,5,0.826910039113429,0.990114563747042,0.999944762535205
"GO:0035925","mRNA 3'-UTR AU-rich region binding",0.00308172543522826,34,1.18913347774308,0.177473419617321,0.470261074210429,102989,16,16,1.03363754889179,0.588689306503746,0.999944762535205
"GO:0032051","clathrin light chain binding",0.00190319623966433,22,1.24590446344201,0.177950898012117,0.470261074210429,136560,5,5,1.03363754889179,0.847500920688346,0.999944762535205
"GO:0004675","transmembrane receptor protein serine/threonine kinase activity",0.0020013594462682,23,1.23864933106483,0.17848952369335,0.470261074210429,148597,10,10,1.03363754889179,0.718181539548417,0.999944762535205
"GO:0001848","complement binding",0.00104269871200741,13,1.34378610795199,0.178501280701854,0.470261074210429,25836,13,13,1.03363754889179,0.650232257831926,0.999944762535205
"GO:0008238","exopeptidase activity",0.00896766549631774,92,1.10574264410656,0.179539505779296,0.472027020317289,149275,44,45,1.01066782558308,0.566779684557464,0.999944762535205
"GO:0015347","sodium-independent organic anion transmembrane transporter activity",0.0021995406875077,25,1.22504950861656,0.180148196478185,0.472481665642886,195352,12,12,1.03363754889179,0.672138750717881,0.999944762535205
"GO:0070097","delta-catenin binding",0.00113929244873826,14,1.32445878596198,0.180448960378031,0.472481665642886,80572,6,6,1.03363754889179,0.81990338976097,0.999944762535205
"GO:0008013","beta-catenin binding",0.0188263618432767,187,1.07058421755186,0.182476570587686,0.475505924199283,237672,62,63,1.01723060367128,0.386916091316585,0.999944762535205
"GO:0008483","transaminase activity",0.00249988014957333,28,1.20721458888265,0.183215099092472,0.475505924199283,192019,15,15,1.03363754889179,0.608530174051488,0.999944762535205
"GO:0016769","transferase activity, transferring nitrogenous groups",0.00249988014957333,28,1.20721458888265,0.183215099092472,0.475505924199283,192019,15,15,1.03363754889179,0.608530174051488,0.999944762535205
"GO:0042577","lipid phosphatase activity",0.00181487788953672,21,1.24714662805501,0.183314142084571,0.475505924199283,85346,9,10,0.930273794002607,0.960044008160206,0.999944762535205
"GO:0071855","neuropeptide receptor binding",0.00230355373636559,26,1.21652386211374,0.183457079094813,0.475505924199283,66527,15,15,1.03363754889179,0.608530174051488,0.999944762535205
"GO:0030276","clathrin binding",0.00510762568314743,54,1.13951574293645,0.185242282047583,0.479165015860986,91600,19,20,0.981955671447197,0.863273855908965,0.999944762535205
"GO:0070034","telomerase RNA binding",0.00134018459248572,16,1.28677019736965,0.188541738551355,0.485723328109519,67390,7,7,1.03363754889179,0.79320115868822,0.999944762535205
"GO:0170055","lipid transmembrane transporter activity",0.00320585623427677,35,1.17671051291851,0.189041260402462,0.485723328109519,105409,19,19,1.03363754889179,0.532950817764734,0.999944762535205
"GO:0090482","vitamin transmembrane transporter activity",0.00182415202969551,21,1.24080603119747,0.189140108652222,0.485723328109519,42984,9,9,1.03363754889179,0.742367786409596,0.999944762535205
"GO:0080025","phosphatidylinositol-3,5-bisphosphate binding",0.00532135894403784,56,1.13425604953952,0.189292021866531,0.485723328109519,138499,16,16,1.03363754889179,0.588689306503746,0.999944762535205
"GO:0140035","ubiquitin-like protein reader activity",0.00105810805257895,13,1.32421640735075,0.191329837573198,0.489972418376074,77004,7,7,1.03363754889179,0.79320115868822,0.999944762535205
"GO:0004169","dolichyl-phosphate-mannose-protein mannosyltransferase activity",0.00144134405975628,17,1.2712380709648,0.192282619832931,0.49143147658496,175689,5,5,1.03363754889179,0.847500920688346,0.999944762535205
"GO:0008375","acetylglucosaminyltransferase activity",0.00281734110116289,31,1.18595413748571,0.193878967223961,0.492260089921973,164139,17,17,1.03363754889179,0.569492916074276,0.999944762535205
"GO:0005179","hormone activity",0.00840294170018674,86,1.10309453413633,0.19421537007995,0.492260089921973,105760,48,48,1.03363754889179,0.203346020911115,0.999944762535205
"GO:0048273","mitogen-activated protein kinase p38 binding",0.00202832579226839,23,1.22218163807304,0.194570187829955,0.492260089921973,107346,5,5,1.03363754889179,0.847500920688346,0.999944762535205
"GO:0005095","GTPase inhibitor activity",0.00125243695867557,15,1.29086556560717,0.19461722805209,0.492260089921973,92925,7,7,1.03363754889179,0.79320115868822,0.999944762535205
"GO:0140658","ATP-dependent chromatin remodeler activity",0.00291835788935409,32,1.18183557875165,0.194658062131997,0.492260089921973,141402,10,10,1.03363754889179,0.718181539548417,0.999944762535205
"GO:0048495","Roundabout binding",0.000506225373590901,7,1.49038943149753,0.194908905440657,0.492260089921973,403778,5,5,1.03363754889179,0.847500920688346,0.999944762535205
"GO:0000993","RNA polymerase II complex binding",0.0028223348689407,31,1.18385574029588,0.196452586301259,0.492467959385499,160945,13,13,1.03363754889179,0.650232257831926,0.999944762535205
"GO:0070851","growth factor receptor binding",0.0120278463905617,121,1.08428419938543,0.196923257485685,0.492467959385499,134575,54,55,1.01484413891194,0.461152578037384,0.999944762535205
"GO:0016811","hydrolase activity, acting on carbon-nitrogen (but not peptide) bonds, in linear amides",0.00677069303223862,70,1.11432159627286,0.197079874587102,0.492467959385499,146782,31,33,0.970992848958951,0.909066546422684,0.999944762535205
"GO:0071723","lipopeptide binding",0.000331586180446802,5,1.62524640489096,0.197717001819981,0.492467959385499,71715,5,5,1.03363754889179,0.847500920688346,0.999944762535205
"GO:0050699","WW domain binding",0.00164280691982121,19,1.24655862870184,0.197852723097561,0.492467959385499,114519,6,6,1.03363754889179,0.81990338976097,0.999944762535205
"GO:0019894","kinesin binding",0.0068764182300489,71,1.11286298492635,0.198192317137004,0.492467959385499,78960,22,22,1.03363754889179,0.482471268588471,0.999944762535205
"GO:0003712","transcription coregulator activity",0.0581407260881277,559,1.03627969488375,0.198236211087591,0.492467959385499,138998,228,236,0.998598987912404,0.638620399900385,0.999944762535205
"GO:0005372","water transmembrane transporter activity",0.000599680170575693,8,1.43785777586166,0.198408459813123,0.492467959385499,71441,7,7,1.03363754889179,0.79320115868822,0.999944762535205
"GO:0020037","heme binding",0.00944863667286084,96,1.09508471049875,0.198721078110766,0.492467959385499,117747,58,62,0.966951255414897,0.949452944665969,0.999944762535205
"GO:0032977","membrane insertase activity",0.00069185085584619,9,1.4020892474613,0.198829620391028,0.492467959385499,74554,6,6,1.03363754889179,0.81990338976097,0.999944762535205
"GO:0099604","ligand-gated calcium channel activity",0.00233180419408007,26,1.2017853364637,0.199372093589626,0.492860108045261,154650,15,15,1.03363754889179,0.608530174051488,0.999944762535205
"GO:0004549","tRNA-specific ribonuclease activity",0.000421759358606174,6,1.53331771784841,0.201401922805856,0.4946077262426,44948,6,6,1.03363754889179,0.81990338976097,0.999944762535205
"GO:0001530","lipopolysaccharide binding",0.00474479278431946,50,1.13579090210993,0.201627948290083,0.4946077262426,97708,17,17,1.03363754889179,0.569492916074276,0.999944762535205
"GO:0030145","manganese ion binding",0.00606913999899554,63,1.11881692001267,0.201936943454956,0.4946077262426,135502,29,30,0.999182963928727,0.744701900724627,0.999944762535205
"GO:0001875","lipopolysaccharide immune receptor activity",0.00174710532683782,20,1.23383344874368,0.202511928863073,0.4946077262426,117186,5,5,1.03363754889179,0.847500920688346,0.999944762535205
"GO:0035254","glutamate receptor binding",0.0044433118896189,47,1.14008358046002,0.202675752233552,0.4946077262426,137993,23,23,1.03363754889179,0.466726569967699,0.999944762535205
"GO:0043395","heparan sulfate proteoglycan binding",0.00243738671281098,27,1.19394674722353,0.203144185418078,0.4946077262426,204609,13,13,1.03363754889179,0.650232257831926,0.999944762535205
"GO:0016462","pyrophosphatase activity",0.0577641959976806,555,1.03557100483456,0.203777959433499,0.4946077262426,125761,282,290,1.00512340961201,0.393284202963952,0.999944762535205
"GO:0016817","hydrolase activity, acting on acid anhydrides",0.0577641959976806,555,1.03557100483456,0.203777959433499,0.4946077262426,125761,282,290,1.00512340961201,0.393284202963952,0.999944762535205
"GO:0016818","hydrolase activity, acting on acid anhydrides, in phosphorus-containing anhydrides",0.0577641959976806,555,1.03557100483456,0.203777959433499,0.4946077262426,125761,282,290,1.00512340961201,0.393284202963952,0.999944762535205
"GO:0019956","chemokine binding",0.00194614264255352,22,1.21841053063438,0.204548251304355,0.4946077262426,71706,10,11,0.939670498992533,0.952193710808194,0.999944762535205
"GO:0043121","neurotrophin binding",0.00145860822835958,17,1.25619162602821,0.204947234634647,0.4946077262426,242085,8,8,1.03363754889179,0.767365292138344,0.999944762535205
"GO:0005178","integrin binding",0.0151846210215366,151,1.07181201670652,0.20578221185888,0.4946077262426,126385,80,81,1.02087659149806,0.25385053017161,0.999944762535205
"GO:0008320","protein transmembrane transporter activity",0.00214517995826922,24,1.20584959732887,0.205846656704661,0.4946077262426,74759,15,15,1.03363754889179,0.608530174051488,0.999944762535205
"GO:0008330","protein tyrosine/threonine phosphatase activity",0.00155748483036028,18,1.24564506429825,0.206247181246914,0.4946077262426,24642,9,9,1.03363754889179,0.742367786409596,0.999944762535205
"GO:0017017","MAP kinase tyrosine/serine/threonine phosphatase activity",0.00155748483036028,18,1.24564506429825,0.206247181246914,0.4946077262426,24642,9,9,1.03363754889179,0.742367786409596,0.999944762535205
"GO:0033550","MAP kinase tyrosine phosphatase activity",0.00155748483036028,18,1.24564506429825,0.206247181246914,0.4946077262426,24642,9,9,1.03363754889179,0.742367786409596,0.999944762535205
"GO:0008138","protein tyrosine/serine/threonine phosphatase activity",0.00224633942553978,25,1.19952764385372,0.207256977027423,0.495759799782981,38342,16,17,0.972835340133446,0.895831553375266,0.999944762535205
"GO:0140312","cargo adaptor activity",0.00274386137528935,30,1.17843252403929,0.207647058201935,0.495759799782981,88615,9,9,1.03363754889179,0.742367786409596,0.999944762535205
"GO:0004540","RNA nuclease activity",0.0100002339936902,101,1.08857120843963,0.208561678607338,0.495759799782981,77902,53,55,0.996050728932085,0.734530828905545,0.999944762535205
"GO:0070403","NAD+ binding",0.00107822580276957,13,1.29950891582812,0.20869967053294,0.495759799782981,50409,5,6,0.861364624076488,0.985488575325221,0.999944762535205
"GO:0001851","complement component C3b binding",0.000338434776256375,5,1.59235777612419,0.208758265803125,0.495759799782981,22689,6,6,1.03363754889179,0.81990338976097,0.999944762535205
"GO:0070273","phosphatidylinositol-4-phosphate binding",0.00314664441633984,34,1.16460025327708,0.209046026252995,0.495759799782981,132048,11,11,1.03363754889179,0.694780322422439,0.999944762535205
"GO:0097493","structural molecule activity conferring elasticity",0.000889033343530132,11,1.33358366537097,0.209435129994179,0.495766184100613,83182,6,6,1.03363754889179,0.81990338976097,0.999944762535205
"GO:0004536","DNA nuclease activity",0.00355270907621574,38,1.15284144986932,0.210982657741102,0.498509668290671,77107,25,25,1.03363754889179,0.436756224661654,0.999944762535205
"GO:0022858","alanine transmembrane transporter activity",0.000891173529720623,11,1.33038101487776,0.211527330975885,0.498803993918183,51175,9,9,1.03363754889179,0.742367786409596,0.999944762535205
"GO:1902282","voltage-gated potassium channel activity involved in ventricular cardiac muscle cell action potential repolarization",0.000611094496924981,8,1.41100075459877,0.211884783075144,0.498803993918183,58945,5,5,1.03363754889179,0.847500920688346,0.999944762535205
"GO:0031072","heat shock protein binding",0.011782438374052,118,1.07942497482697,0.213794454619838,0.502377811863098,192920,59,59,1.03363754889179,0.140962299733173,0.999944762535205
"GO:0015453","oxidoreduction-driven active transmembrane transporter activity",0.00345868356291348,37,1.15301916475198,0.214246455547065,0.502483277147939,214684,16,16,1.03363754889179,0.588689306503746,0.999944762535205
"GO:0008191","metalloendopeptidase inhibitor activity",0.00118095473991316,14,1.27773388980385,0.214622631237,0.502483277147939,72991,8,8,1.03363754889179,0.767365292138344,0.999944762535205
"GO:0016645","oxidoreductase activity, acting on the CH-NH group of donors",0.002359055898239,26,1.18790236807949,0.215354317594262,0.503277940753075,52498,13,13,1.03363754889179,0.650232257831926,0.999944762535205
"GO:0015079","potassium ion transmembrane transporter activity",0.0126248156586295,126,1.07569990792864,0.216498573214284,0.504786215374532,179656,64,66,1.00231519892537,0.635961403296085,0.999944762535205
"GO:0008378","galactosyltransferase activity",0.00196497628102985,22,1.20673247443022,0.216786597561471,0.504786215374532,102103,8,8,1.03363754889179,0.767365292138344,0.999944762535205
"GO:0004300","enoyl-CoA hydratase activity",0.000993046392388014,12,1.30243884309193,0.218091158040077,0.506899059866427,58328,8,8,1.03363754889179,0.767365292138344,0.999944762535205
"GO:0005201","extracellular matrix structural constituent",0.0151352540600759,150,1.0681867226218,0.218484162202754,0.506899059866427,121358,74,74,1.03363754889179,0.0854552874145891,0.999944762535205
"GO:0042393","histone binding",0.0228920022098136,224,1.05465367663797,0.21899371421313,0.507164143204775,168015,91,96,0.979802259887006,0.907710427693761,0.999944762535205
"GO:0043394","proteoglycan binding",0.00468686507809682,49,1.12683222992093,0.219731093796534,0.507542437564957,172139,26,26,1.03363754889179,0.422497954895399,0.999944762535205
"GO:0004065","arylsulfatase activity",0.00138099080918442,16,1.24874805908597,0.219948242623629,0.507542437564957,569761,5,5,1.03363754889179,0.847500920688346,0.999944762535205
"GO:0043178","alcohol binding",0.0077718721321505,79,1.09558751978983,0.222370922507492,0.511201666738437,86300,41,43,0.985561383827052,0.83652528033575,0.999944762535205
"GO:0031418","L-ascorbic acid binding",0.00119079959638942,14,1.26717030983782,0.223086283568693,0.511201666738437,109105,7,7,1.03363754889179,0.79320115868822,0.999944762535205
"GO:0008474","palmitoyl-(protein) hydrolase activity",0.00080799162645019,10,1.33394760549765,0.223127773478975,0.511201666738437,50549,8,8,1.03363754889179,0.767365292138344,0.999944762535205
"GO:0098599","palmitoyl hydrolase activity",0.00080799162645019,10,1.33394760549765,0.223127773478975,0.511201666738437,50549,8,8,1.03363754889179,0.767365292138344,0.999944762535205
"GO:0009982","pseudouridine synthase activity",0.000528768668130744,7,1.42684881353298,0.224151257371163,0.511718398418384,15138,6,6,1.03363754889179,0.81990338976097,0.999944762535205
"GO:0015171","amino acid transmembrane transporter activity",0.00912290033466805,92,1.0869273798465,0.224591683565879,0.511718398418384,104876,46,48,0.990569317687962,0.795384283671319,0.999944762535205
"GO:0005342","organic acid transmembrane transporter activity",0.0132834222889833,132,1.07104960072092,0.225050895758998,0.511718398418384,114224,70,72,1.0049253947559,0.582779630294964,0.999944762535205
"GO:0140776","protein-containing complex destabilizing activity",0.00158359510188428,18,1.22510690349398,0.225501849412952,0.511718398418384,124943,9,9,1.03363754889179,0.742367786409596,0.999944762535205
"GO:0015349","thyroid hormone transmembrane transporter activity",0.0014867160069947,17,1.23244212983555,0.2263626923295,0.511718398418384,72443,5,6,0.861364624076488,0.985488575325221,0.999944762535205
"GO:0004177","aminopeptidase activity",0.00338235025545262,36,1.14717468336115,0.226538297289162,0.511718398418384,168566,17,18,0.97621324062002,0.885229982172339,0.999944762535205
"GO:0016638","oxidoreductase activity, acting on the CH-NH2 group of donors",0.00100203517438808,12,1.29075528234655,0.226619263389329,0.511718398418384,54393,7,7,1.03363754889179,0.79320115868822,0.999944762535205
"GO:0017046","peptide hormone binding",0.00480643014660561,50,1.12122558998029,0.227239425860113,0.511718398418384,197161,23,23,1.03363754889179,0.466726569967699,0.999944762535205
"GO:0004143","ATP-dependent diacylglycerol kinase activity",0.000624220972226661,8,1.38132942444492,0.227800641324836,0.511718398418384,123850,4,5,0.826910039113429,0.990114563747042,0.999944762535205
"GO:0140313","molecular sequestering activity",0.00440008012857097,46,1.12678972514325,0.227938027108654,0.511718398418384,71912,22,22,1.03363754889179,0.482471268588471,0.999944762535205
"GO:0051219","phosphoprotein binding",0.0115234758450026,115,1.07562274294845,0.228094806734683,0.511718398418384,118468,46,47,1.01164526061749,0.544597067662043,0.999944762535205
"GO:0042301","phosphate ion binding",0.000907866982006456,11,1.30591856340193,0.228139457439841,0.511718398418384,105475,7,7,1.03363754889179,0.79320115868822,0.999944762535205
"GO:0005507","copper ion binding",0.00338734402323044,36,1.14548346926243,0.229096398871517,0.512156947504989,55835,24,24,1.03363754889179,0.451493748329284,0.999944762535205
"GO:0016763","pentosyltransferase activity",0.004607820868128,48,1.12277124606531,0.229638436584968,0.512156947504989,200447,19,20,0.981955671447197,0.863273855908965,0.999944762535205
"GO:0016805","dipeptidase activity",0.00119850426667519,14,1.25902421498886,0.229806495235541,0.512156947504989,67262,9,9,1.03363754889179,0.742367786409596,0.999944762535205
"GO:0008503","benzodiazepine receptor activity",0.00119864694575456,14,1.25887434899493,0.229931723899356,0.512156947504989,299875,5,5,1.03363754889179,0.847500920688346,0.999944762535205
"GO:0140104","molecular carrier activity",0.0049158650004794,51,1.11819065939105,0.230344309640107,0.51218674049958,69821,30,34,0.912033131375105,0.995490677440409,0.999944762535205
"GO:0140328","floppase activity",0.00129695283143779,15,1.24655862870184,0.230865288648579,0.512457033453507,228556,6,6,1.03363754889179,0.81990338976097,0.999944762535205
"GO:0017154","semaphorin receptor activity",0.00140167927569251,16,1.23031682246469,0.236692245420626,0.523961208851508,242676,6,6,1.03363754889179,0.81990338976097,0.999944762535205
"GO:0005044","scavenger receptor activity",0.00360521497742246,38,1.13605161080204,0.236864770953916,0.523961208851508,107536,13,13,1.03363754889179,0.650232257831926,0.999944762535205
"GO:0035325","Toll-like receptor binding",0.000917854517562083,11,1.29170835052487,0.238315127214439,0.526262148392643,130098,6,6,1.03363754889179,0.81990338976097,0.999944762535205
"GO:0004016","adenylate cyclase activity",0.00160257141943997,18,1.21060020672006,0.239968876100785,0.529003553328707,118807,9,9,1.03363754889179,0.742367786409596,0.999944762535205
"GO:0004602","glutathione peroxidase activity",0.00121462700264356,14,1.24231215857,0.244130927607631,0.533199634901646,122824,6,6,1.03363754889179,0.81990338976097,0.999944762535205
"GO:0015464","acetylcholine receptor activity",0.00121548307711975,14,1.24143718815664,0.244901067716574,0.533199634901646,151032,8,9,0.918788932348254,0.967345337968338,0.999944762535205
"GO:0010314","phosphatidylinositol-5-phosphate binding",0.00250829821525593,27,1.16019296261772,0.245356569891421,0.533199634901646,56659,9,9,1.03363754889179,0.742367786409596,0.999944762535205
"GO:0034235","GPI anchor binding",0.000733085109782991,9,1.32322513836899,0.245372351996037,0.533199634901646,75942,5,5,1.03363754889179,0.847500920688346,0.999944762535205
"GO:0031434","mitogen-activated protein kinase kinase binding",0.00131407432096173,15,1.23031682246469,0.245507136132265,0.533199634901646,180326,5,5,1.03363754889179,0.847500920688346,0.999944762535205
"GO:0050681","nuclear androgen receptor binding",0.00200749464668094,22,1.18117410361428,0.245604697559588,0.533199634901646,108379,11,11,1.03363754889179,0.694780322422439,0.999944762535205
"GO:0001965","G-protein alpha-subunit binding",0.00331785931157915,35,1.13698755116393,0.245843793378065,0.533199634901646,235865,15,15,1.03363754889179,0.608530174051488,0.999944762535205
"GO:1990459","transferrin receptor binding",0.000925559187847852,11,1.2809557297559,0.246278799267334,0.533199634901646,164823,5,5,1.03363754889179,0.847500920688346,0.999944762535205
"GO:0070006","metalloaminopeptidase activity",0.00271175858243198,29,1.1526371325269,0.246541273600896,0.533199634901646,201013,11,12,0.947501086484137,0.943837611172582,0.999944762535205
"GO:0042975","peroxisome proliferator activated receptor binding",0.00131564379083475,15,1.22884914162236,0.246867214367822,0.533199634901646,119911,10,10,1.03363754889179,0.718181539548417,0.999944762535205
"GO:0097157","pre-mRNA intronic binding",0.00171086484067883,19,1.19697073228864,0.247078607562748,0.533199634901646,269038,7,7,1.03363754889179,0.79320115868822,0.999944762535205
"GO:0004843","cysteine-type deubiquitinase activity",0.00784478114170658,79,1.08540518334131,0.247214169419515,0.533199634901646,84890,46,47,1.01164526061749,0.544597067662043,0.999944762535205
"GO:0016813","hydrolase activity, acting on carbon-nitrogen (but not peptide) bonds, in linear amidines",0.00131635718623158,15,1.22818317091912,0.247486397943853,0.533199634901646,31525,6,6,1.03363754889179,0.81990338976097,0.999944762535205
"GO:0048038","quinone binding",0.000830677600069399,10,1.29751722602768,0.247690555262183,0.533199634901646,181390,6,6,1.03363754889179,0.81990338976097,0.999944762535205
"GO:0008568","microtubule severing ATPase activity",0.00112202828013496,13,1.24877783277125,0.248732639780441,0.534503291637232,136363,6,6,1.03363754889179,0.81990338976097,0.999944762535205
"GO:1904399","heparan sulfate binding",0.00131878273058081,15,1.22592425996968,0.249596106716632,0.534503291637232,132811,7,7,1.03363754889179,0.79320115868822,0.999944762535205
"GO:0042731","PH domain binding",0.00251528949014487,27,1.15696819347777,0.249712855642701,0.534503291637232,154325,5,5,1.03363754889179,0.847500920688346,0.999944762535205
"GO:1901682","sulfur compound transmembrane transporter activity",0.00342715148637358,36,1.13217831156367,0.249962568185767,0.534503291637232,138123,20,20,1.03363754889179,0.515565394704511,0.999944762535205
"GO:0004931","extracellularly ATP-gated monoatomic cation channel activity",0.000363974331462906,5,1.48062432182148,0.251523648099359,0.536156219600528,26116,5,5,1.03363754889179,0.847500920688346,0.999944762535205
"GO:0005024","transforming growth factor beta receptor activity",0.00191675075220411,21,1.18086237225396,0.252059991074479,0.536156219600528,160473,9,9,1.03363754889179,0.742367786409596,0.999944762535205
"GO:0003836","beta-galactoside (CMP) alpha-2,3-sialyltransferase activity",0.000740076384671929,9,1.31072503584728,0.253613946905685,0.536156219600528,62909,5,5,1.03363754889179,0.847500920688346,0.999944762535205
"GO:0005184","neuropeptide hormone activity",0.00162026362528136,18,1.19738125412819,0.253791323293897,0.536156219600528,115419,10,10,1.03363754889179,0.718181539548417,0.999944762535205
"GO:0101005","deubiquitinase activity",0.0080727823105336,81,1.08145240099786,0.254368483546466,0.536156219600528,83644,48,49,1.01254290503685,0.522919259865842,0.999944762535205
"GO:0140031","phosphorylation-dependent protein binding",0.00152267113499495,17,1.20334023546537,0.25507746425542,0.536156219600528,123636,7,7,1.03363754889179,0.79320115868822,0.999944762535205
"GO:0019855","calcium channel inhibitor activity",0.00112873419686517,13,1.2413587254346,0.255103169423788,0.536156219600528,152796,7,7,1.03363754889179,0.79320115868822,0.999944762535205
"GO:0047372","monoacylglycerol lipase activity",0.00112873419686517,13,1.2413587254346,0.255103169423788,0.536156219600528,36028,10,10,1.03363754889179,0.718181539548417,0.999944762535205
"GO:0016791","phosphatase activity",0.0301515137679604,291,1.04023030009396,0.25515366198751,0.536156219600528,157611,125,130,0.993882258549794,0.751368677559611,0.999944762535205
"GO:0016868","intramolecular phosphotransferase activity",0.000366542554891495,5,1.47025015374332,0.255943226942361,0.536156219600528,22173,5,5,1.03363754889179,0.847500920688346,0.999944762535205
"GO:0043022","ribosome binding",0.00714394150386032,72,1.08627613516115,0.256170144058362,0.536156219600528,109210,45,45,1.03363754889179,0.224696500022625,0.999944762535205
"GO:0140098","catalytic activity, acting on RNA",0.0276212429744821,267,1.04187034062305,0.256605097638217,0.536156219600528,91238,143,148,0.998717361429226,0.649069773918144,0.999944762535205
"GO:0070566","adenylyltransferase activity",0.00262857667916155,28,1.14810871257737,0.257407020628615,0.536156219600528,49949,13,13,1.03363754889179,0.650232257831926,0.999944762535205
"GO:0022840","leak channel activity",0.00113115974121439,13,1.23869688154807,0.257421848225974,0.536156219600528,275010,7,7,1.03363754889179,0.79320115868822,0.999944762535205
"GO:0022841","potassium ion leak channel activity",0.00113115974121439,13,1.23869688154807,0.257421848225974,0.536156219600528,275010,7,7,1.03363754889179,0.79320115868822,0.999944762535205
"GO:0022842","narrow pore channel activity",0.00113115974121439,13,1.23869688154807,0.257421848225974,0.536156219600528,275010,7,7,1.03363754889179,0.79320115868822,0.999944762535205
"GO:0099507","ligand-gated monoatomic ion channel activity involved in regulation of presynaptic membrane potential",0.001726131502171,19,1.18638419993991,0.258758437370785,0.537986958167867,189795,9,9,1.03363754889179,0.742367786409596,0.999944762535205
"GO:0017111","ribonucleoside triphosphate phosphatase activity",0.0537389338106044,513,1.0289018573966,0.259643599799891,0.537986958167867,127619,261,268,1.00663955321178,0.350295510583148,0.999944762535205
"GO:0004842","ubiquitin-protein transferase activity",0.0409879898458153,393,1.03343118379796,0.259697477004963,0.537986958167867,117460,201,206,1.00854925887014,0.333123571573801,0.999944762535205
"GO:0004622","lysophospholipase activity",0.00133062509416819,15,1.21501371808919,0.259993662884872,0.537986958167867,30491,10,10,1.03363754889179,0.718181539548417,0.999944762535205
"GO:0008373","sialyltransferase activity",0.00223007401049205,24,1.15994553396287,0.260762375166043,0.537986958167867,225559,14,14,1.03363754889179,0.629037068631593,0.999944762535205
"GO:0010851","cyclase regulator activity",0.00162910972820206,18,1.19087944665263,0.260816748231032,0.537986958167867,152487,9,9,1.03363754889179,0.742367786409596,0.999944762535205
"GO:0015293","symporter activity",0.0100738563986431,100,1.06991647757711,0.261837103724574,0.539224725647879,108905,60,61,1.0166926710411,0.404585660688318,0.999944762535205
"GO:0034061","DNA polymerase activity",0.00253583527757359,27,1.14759423185841,0.262700548270032,0.540135902933414,80566,15,15,1.03363754889179,0.608530174051488,0.999944762535205
"GO:0046332","SMAD binding",0.0111293962277934,110,1.06528720932868,0.265118060608508,0.544234354817146,140613,41,41,1.03363754889179,0.256675483004969,0.999944762535205
"GO:0001094","TFIID-class transcription factor complex binding",0.000654754295211005,8,1.31691353932154,0.266340280088131,0.545633445971281,31412,5,5,1.03363754889179,0.847500920688346,0.999944762535205
"GO:0016004","phospholipase activator activity",0.00163638636124973,18,1.18558388018831,0.266650171959465,0.545633445971281,129881,8,8,1.03363754889179,0.767365292138344,0.999944762535205
"GO:0004180","carboxypeptidase activity",0.00458827383425485,47,1.10406377457199,0.267671786583864,0.546851755074996,161276,23,23,1.03363754889179,0.466726569967699,0.999944762535205
"GO:0051019","mitogen-activated protein kinase binding",0.00438452810892007,45,1.10620415895539,0.268641536483719,0.547960399536744,99600,15,15,1.03363754889179,0.608530174051488,0.999944762535205
"GO:0016684","oxidoreductase activity, acting on peroxide as acceptor",0.00407862416275916,42,1.10989331203104,0.269827508795711,0.548644303814257,105573,17,20,0.878591916558018,0.996482854809079,0.999944762535205
"GO:0015078","proton transmembrane transporter activity",0.0138708320587336,136,1.05677377354877,0.269832077713793,0.548644303814257,161063,63,65,1.00183331661819,0.644917238148535,0.999944762535205
"GO:0001046","core promoter sequence-specific DNA binding",0.00676841016696877,68,1.0828489390688,0.271296665623943,0.549361524146591,189193,17,17,1.03363754889179,0.569492916074276,0.999944762535205
"GO:0045295","gamma-catenin binding",0.00154264620610621,17,1.18775869338572,0.271605723209803,0.549361524146591,127413,5,5,1.03363754889179,0.847500920688346,0.999944762535205
"GO:0008094","ATP-dependent activity, acting on DNA",0.00718546111595586,72,1.07999932661224,0.271872883866873,0.549361524146591,113823,33,34,1.00323644451262,0.69598709351376,0.999944762535205
"GO:0034452","dynactin binding",0.00104826319610269,12,1.23383344874368,0.272428454247308,0.549361524146591,90239,7,8,0.904432855280313,0.974052224537346,0.999944762535205
"GO:0008235","metalloexopeptidase activity",0.00718731594398762,72,1.07972061157579,0.272583960971381,0.549361524146591,178363,32,33,1.00231519892537,0.708137930268074,0.999944762535205
"GO:0019203","carbohydrate phosphatase activity",0.000469556850193815,6,1.37723706288663,0.27275392898003,0.549361524146591,24197,5,5,1.03363754889179,0.847500920688346,0.999944762535205
"GO:0042562","hormone binding",0.0097989138127046,97,1.06693860206109,0.274269009319727,0.549910008780231,170443,47,48,1.01210343328987,0.53369327566164,0.999944762535205
"GO:0061809","NAD+ nucleotidase, cyclic ADP-ribose generating",0.000757911269592691,9,1.27988154385163,0.27502916827654,0.549910008780231,108377,7,7,1.03363754889179,0.79320115868822,0.999944762535205
"GO:0016491","oxidoreductase activity",0.053743071503906,512,1.02681713974418,0.275248188998591,0.549910008780231,112958,277,285,1.00462316155447,0.414403133388862,0.999944762535205
"GO:0019199","transmembrane receptor protein kinase activity",0.0118978657492592,117,1.05989398952162,0.275781572759129,0.549910008780231,201500,43,43,1.03363754889179,0.240156349607638,0.999944762535205
"GO:0010854","adenylate cyclase regulator activity",0.00134831730000959,15,1.19907068094177,0.275812415190487,0.549910008780231,166551,7,7,1.03363754889179,0.79320115868822,0.999944762535205
"GO:0042910","xenobiotic transmembrane transporter activity",0.00296387251567187,31,1.12732154232864,0.276113553493127,0.549910008780231,56735,14,14,1.03363754889179,0.629037068631593,0.999944762535205
"GO:0070577","lysine-acetylated histone binding",0.00225290266319062,24,1.14819181100948,0.276455148607365,0.549910008780231,94295,14,15,0.964728378965667,0.916133592753063,0.999944762535205
"GO:0140033","acetylation-dependent protein binding",0.00225290266319062,24,1.14819181100948,0.276455148607365,0.549910008780231,94295,14,15,0.964728378965667,0.916133592753063,0.999944762535205
"GO:0046943","carboxylic acid transmembrane transporter activity",0.0131661400857444,129,1.05603149439886,0.278368906459721,0.552859608340281,115720,69,71,1.00452099821878,0.591558196849433,0.999944762535205
"GO:0051427","hormone receptor binding",0.00235991197271519,25,1.14179946945786,0.280353675302224,0.553489581258614,151484,12,12,1.03363754889179,0.672138750717881,0.999944762535205
"GO:0001618","virus receptor activity",0.00627160161261603,63,1.08269895637863,0.28037159715635,0.553489581258614,111708,27,28,0.996721922145651,0.769041088056354,0.999944762535205
"GO:0140272","exogenous protein binding",0.00627160161261603,63,1.08269895637863,0.28037159715635,0.553489581258614,111708,27,28,0.996721922145651,0.769041088056354,0.999944762535205
"GO:0043425","bHLH transcription factor binding",0.00482126877085968,49,1.09541925129983,0.280411713030475,0.553489581258614,210999,17,18,0.97621324062002,0.885229982172339,0.999944762535205
"GO:0015399","primary active transmembrane transporter activity",0.0086707503321569,86,1.06902386818425,0.281545716248185,0.55439746801646,153942,45,46,1.01116716739414,0.555627156531908,0.999944762535205
"GO:0042169","SH2 domain binding",0.00679466311757213,68,1.07866507016811,0.281735891774538,0.55439746801646,144166,23,23,1.03363754889179,0.466726569967699,0.999944762535205
"GO:0016209","antioxidant activity",0.00586239801299407,59,1.08473172728304,0.282939606545842,0.555318397763807,92791,28,33,0.877025799059697,0.999407773215777,0.999944762535205
"GO:0008186","ATP-dependent activity, acting on RNA",0.0045169342945718,46,1.09763940658578,0.283069549600569,0.555318397763807,45691,31,31,1.03363754889179,0.357869197154311,0.999944762535205
"GO:1990817","poly(A) RNA polymerase activity",0.00145832287020085,16,1.18252934780286,0.284976098212528,0.558201218130276,65576,8,8,1.03363754889179,0.767365292138344,0.999944762535205
"GO:0060229","lipase activator activity",0.0022668852129685,24,1.14110956041287,0.286235956658468,0.558201218130276,139527,10,10,1.03363754889179,0.718181539548417,0.999944762535205
"GO:0043236","laminin binding",0.00400999552558407,41,1.10201016504985,0.287568867729691,0.558201218130276,218448,17,17,1.03363754889179,0.569492916074276,0.999944762535205
"GO:1901567","fatty acid derivative binding",0.00166221127461499,18,1.16716407913131,0.287725175838978,0.558201218130276,81587,6,6,1.03363754889179,0.81990338976097,0.999944762535205
"GO:0002162","dystroglycan binding",0.000964367897435429,11,1.22940669017998,0.28773366845349,0.558201218130276,68009,5,5,1.03363754889179,0.847500920688346,0.999944762535205
"GO:0004090","carbonyl reductase (NADPH) activity",0.000671305068417472,8,1.28444553282604,0.287976860663102,0.558201218130276,76010,5,5,1.03363754889179,0.847500920688346,0.999944762535205
"GO:0003755","peptidyl-prolyl cis-trans isomerase activity",0.00380539372577309,39,1.10461424883729,0.288334732779147,0.558201218130276,131016,14,17,0.851230922616765,0.998134383041899,0.999944762535205
"GO:0016859","cis-trans isomerase activity",0.00380539372577309,39,1.10461424883729,0.288334732779147,0.558201218130276,131016,14,17,0.851230922616765,0.998134383041899,0.999944762535205
"GO:0001968","fibronectin binding",0.00196583235550604,21,1.15137938081432,0.288454721450018,0.558201218130276,138819,13,13,1.03363754889179,0.650232257831926,0.999944762535205
"GO:0008296","3'-5'-DNA exonuclease activity",0.000674444008163526,8,1.27846757604116,0.292129923371113,0.563784725126467,54240,5,5,1.03363754889179,0.847500920688346,0.999944762535205
"GO:0005520","insulin-like growth factor binding",0.00166763307963091,18,1.16336939783365,0.292218894940842,0.563784725126467,125248,9,9,1.03363754889179,0.742367786409596,0.999944762535205
"GO:0070679","inositol 1,4,5 trisphosphate binding",0.0011711098834369,13,1.1964411399748,0.296613422815819,0.570965169684629,136562,7,7,1.03363754889179,0.79320115868822,0.999944762535205
"GO:0017134","fibroblast growth factor binding",0.00258805582062158,27,1.12443862852525,0.296857128349135,0.570965169684629,173962,10,10,1.03363754889179,0.718181539548417,0.999944762535205
"GO:0048531","beta-1,3-galactosyltransferase activity",0.0010722332814362,12,1.20625074489951,0.297281754712496,0.570965169684629,112738,5,5,1.03363754889179,0.847500920688346,0.999944762535205
"GO:0005521","lamin binding",0.00117239399515119,13,1.19513068965719,0.297901554063455,0.570965169684629,155039,7,7,1.03363754889179,0.79320115868822,0.999944762535205
"GO:0120227","acyl-CoA binding",0.00167476703359921,18,1.15841382875104,0.298165755018473,0.570965169684629,105787,6,6,1.03363754889179,0.81990338976097,0.999944762535205
"GO:0019904","protein domain specific binding",0.0755735413632358,715,1.01972226031099,0.298904718384361,0.571527203706609,145064,287,291,1.01942947261836,0.0362392599980157,0.999944762535205
"GO:0016408","C-acyltransferase activity",0.000777743661624578,9,1.2472446818822,0.299419748031477,0.571660024887477,89144,8,8,1.03363754889179,0.767365292138344,0.999944762535205
"GO:0003887","DNA-directed DNA polymerase activity",0.00208311455874497,22,1.13829586560637,0.300403493075266,0.572094301493812,93654,11,11,1.03363754889179,0.694780322422439,0.999944762535205
"GO:0016661","oxidoreductase activity, acting on other nitrogenous compounds as donors",0.00127569364861225,14,1.18284346336052,0.301186369454583,0.572094301493812,57573,7,8,0.904432855280313,0.974052224537346,0.999944762535205
"GO:0003777","microtubule motor activity",0.0078880129027545,78,1.06579240773227,0.301298134675476,0.572094301493812,170987,34,34,1.03363754889179,0.323923056442476,0.999944762535205
"GO:0008353","RNA polymerase II CTD heptapeptide repeat kinase activity",0.000681435283052465,8,1.26535096983805,0.301430824481541,0.572094301493812,81680,5,5,1.03363754889179,0.847500920688346,0.999944762535205
"GO:0052816","long-chain fatty acyl-CoA hydrolase activity",0.00127683508124718,14,1.18178605496776,0.302288970822438,0.572875553272065,41310,6,6,1.03363754889179,0.81990338976097,0.999944762535205
"GO:0044325","transmembrane transporter binding",0.0164159414764659,159,1.04394341932065,0.303015488061863,0.572947430738911,142187,73,74,1.01966947390676,0.300212737371063,0.999944762535205
"GO:0072349","modified amino acid transmembrane transporter activity",0.00188350652671181,20,1.14448076508343,0.303220035441715,0.572947430738911,90994,8,8,1.03363754889179,0.767365292138344,0.999944762535205
"GO:0005385","zinc ion transmembrane transporter activity",0.00198694885925222,21,1.13914297780121,0.304641027260953,0.574785938199709,368691,9,9,1.03363754889179,0.742367786409596,0.999944762535205
"GO:0097110","scaffold protein binding",0.00800714993402519,79,1.06339536333699,0.306836234425749,0.578077663389481,136494,37,37,1.03363754889179,0.293185627744265,0.999944762535205
"GO:0140994","RNA polymerase II CTD heptapeptide repeat modifying activity",0.00270876232176529,28,1.11412203380632,0.309019094256472,0.581336507230285,98864,11,11,1.03363754889179,0.694780322422439,0.999944762535205
"GO:0051428","peptide hormone receptor binding",0.00189492085306109,20,1.13758682176541,0.312313512824762,0.58667384619937,182290,10,10,1.03363754889179,0.718181539548417,0.999944762535205
"GO:0019992","diacylglycerol binding",0.000989051378165763,11,1.19872472863914,0.315075141400489,0.589995071760645,298607,6,6,1.03363754889179,0.81990338976097,0.999944762535205
"GO:0045504","dynein heavy chain binding",0.00149199513293124,16,1.15584129902392,0.315089983349937,0.589995071760645,137045,7,7,1.03363754889179,0.79320115868822,0.999944762535205
"GO:0043130","ubiquitin binding",0.00855546563602909,84,1.05823291755647,0.31592590335995,0.589995071760645,168815,43,43,1.03363754889179,0.240156349607638,0.999944762535205
"GO:0016725","oxidoreductase activity, acting on CH or CH2 groups",0.000497093912511471,6,1.30094350572902,0.316301655676297,0.589995071760645,114574,5,5,1.03363754889179,0.847500920688346,0.999944762535205
"GO:0018812","3-hydroxyacyl-CoA dehydratase activity",0.000791298174164357,9,1.2258800506563,0.316380833492848,0.589995071760645,54856,5,5,1.03363754889179,0.847500920688346,0.999944762535205
"GO:0000400","four-way junction DNA binding",0.00129352853353301,14,1.16653467967201,0.318539437366237,0.593158342729872,58182,7,7,1.03363754889179,0.79320115868822,0.999944762535205
"GO:0035255","ionotropic glutamate receptor binding",0.0029309136483383,30,1.10322441192676,0.319705010780691,0.594465983813952,161527,12,12,1.03363754889179,0.672138750717881,0.999944762535205
"GO:0050750","low-density lipoprotein particle receptor binding",0.0026241536277012,27,1.10897087227162,0.321307655693109,0.596581363609636,132480,13,13,1.03363754889179,0.650232257831926,0.999944762535205
"GO:0035615","clathrin adaptor activity",0.00211136501645946,22,1.12306525461907,0.321832665384725,0.596692644058675,41972,7,7,1.03363754889179,0.79320115868822,0.999944762535205
"GO:0015370","solute:sodium symporter activity",0.00397775005364733,40,1.08384738189077,0.326317132330129,0.60348621899463,91189,29,30,0.999182963928727,0.744701900724627,0.999944762535205
"GO:0140359","ABC-type transporter activity",0.00232295809115938,24,1.11356481148821,0.326588998433061,0.60348621899463,107302,13,14,0.959806295399516,0.925769717436258,0.999944762535205
"GO:0005005","transmembrane-ephrin receptor activity",0.00191304109614059,20,1.12681164825972,0.326907967421097,0.60348621899463,309418,8,8,1.03363754889179,0.767365292138344,0.999944762535205
"GO:0015295","solute:proton symporter activity",0.00356597823059679,36,1.08810159019563,0.328447199323573,0.605456547028943,141567,13,13,1.03363754889179,0.650232257831926,0.999944762535205
"GO:0015180","L-alanine transmembrane transporter activity",0.000702837144957379,8,1.22682018512922,0.330279630550554,0.606041693554194,42566,7,7,1.03363754889179,0.79320115868822,0.999944762535205
"GO:0030280","structural constituent of skin epidermis",0.000408632883304493,5,1.31881028106375,0.330456783779469,0.606041693554194,11182,7,7,1.03363754889179,0.79320115868822,0.999944762535205
"GO:0004983","neuropeptide Y receptor activity",0.000902445176990544,10,1.19433127113568,0.33054890785246,0.606041693554194,102479,7,7,1.03363754889179,0.79320115868822,0.999944762535205
"GO:0019955","cytokine binding",0.0126029857594864,122,1.0433547965854,0.330834979646794,0.606041693554194,116932,61,64,0.985185788787484,0.845506931044614,0.999944762535205
"GO:0042805","actinin binding",0.00284573423795674,29,1.09837158890981,0.331588505590742,0.606041693554194,177357,20,20,1.03363754889179,0.515565394704511,0.999944762535205
"GO:0016614","oxidoreductase activity, acting on CH-OH group of donors",0.0117601804376709,114,1.04480802078567,0.331598806605646,0.606041693554194,104086,55,55,1.03363754889179,0.16106292003727,0.999944762535205
"GO:0160041","neuropeptide activity",0.00223050204773015,23,1.11140114928973,0.334349445334356,0.609309533742671,238676,11,11,1.03363754889179,0.694780322422439,0.999944762535205
"GO:0030983","mismatched DNA binding",0.000906582870292161,10,1.18888027855417,0.335501271154332,0.609309533742671,91261,5,5,1.03363754889179,0.847500920688346,0.999944762535205
"GO:0036122","BMP binding",0.00212991329677705,22,1.1132850775625,0.336129841859978,0.609309533742671,156794,12,12,1.03363754889179,0.672138750717881,0.999944762535205
"GO:0016616","oxidoreductase activity, acting on the CH-OH group of donors, NAD or NADP as acceptor",0.0111406678750633,108,1.04486013589916,0.336307644734968,0.609309533742671,106982,51,51,1.03363754889179,0.184017133593212,0.999944762535205
"GO:0008432","JUN kinase binding",0.00182315327613995,19,1.12324902573744,0.337261907058506,0.609309533742671,135542,9,9,1.03363754889179,0.742367786409596,0.999944762535205
"GO:0097602","cullin family protein binding",0.00347794523862791,35,1.0846532866248,0.337936415210876,0.609309533742671,246319,13,13,1.03363754889179,0.650232257831926,0.999944762535205
"GO:0004181","metallocarboxypeptidase activity",0.00379084045967775,38,1.08042275214521,0.338373263595055,0.609309533742671,197818,17,17,1.03363754889179,0.569492916074276,0.999944762535205
"GO:0015294","solute:monoatomic cation symporter activity",0.0084052245654566,82,1.05150214526315,0.338899631451592,0.609309533742671,115964,47,48,1.01210343328987,0.53369327566164,0.999944762535205
"GO:1904047","S-adenosyl-L-methionine binding",0.00162026362528136,17,1.13086007334329,0.338955155383392,0.609309533742671,124199,10,11,0.939670498992533,0.952193710808194,0.999944762535205
"GO:0001614","purinergic nucleotide receptor activity",0.00121262949553243,13,1.15547580620227,0.338981567895691,0.609309533742671,88623,8,8,1.03363754889179,0.767365292138344,0.999944762535205
"GO:0016502","nucleotide receptor activity",0.00121262949553243,13,1.15547580620227,0.338981567895691,0.609309533742671,88623,8,8,1.03363754889179,0.767365292138344,0.999944762535205
"GO:0030374","nuclear receptor coactivator activity",0.00410473443428316,41,1.07657533069366,0.339085742082827,0.609309533742671,95354,25,25,1.03363754889179,0.436756224661654,0.999944762535205
"GO:0019843","rRNA binding",0.00368925295516909,37,1.08095825396422,0.339858782881013,0.609844501309567,44962,20,20,1.03363754889179,0.515565394704511,0.999944762535205
"GO:0005217","intracellularly ligand-gated monoatomic ion channel activity",0.00162197577423376,17,1.1296663434981,0.340485824674673,0.610116359019002,123235,8,9,0.918788932348254,0.967345337968338,0.999944762535205
"GO:0140036","ubiquitin-modified protein reader activity",0.00101430557521356,11,1.16887886044823,0.343636877021139,0.614131180244315,84356,6,6,1.03363754889179,0.81990338976097,0.999944762535205
"GO:0030548","acetylcholine receptor regulator activity",0.00142279577943869,15,1.13630344313074,0.345445850989406,0.614131180244315,130135,6,6,1.03363754889179,0.81990338976097,0.999944762535205
"GO:0051861","glycolipid binding",0.00193586974883916,20,1.11352377504911,0.345540315750116,0.614131180244315,54455,13,13,1.03363754889179,0.650232257831926,0.999944762535205
"GO:0140311","protein sequestering activity",0.00349064367669149,35,1.08070748067714,0.345653936377642,0.614131180244315,77386,14,14,1.03363754889179,0.629037068631593,0.999944762535205
"GO:0061659","ubiquitin-like protein ligase activity",0.0375479972422988,356,1.02190106671741,0.34587071645648,0.614131180244315,110673,175,177,1.02195802856533,0.0682170566618652,0.999944762535205
"GO:0016893","endonuclease activity, active with either ribo- or deoxyribonucleic acids and producing 5'-phosphomonoesters",0.0033870586650717,34,1.08193664374122,0.345992550823188,0.614131180244315,72846,17,17,1.03363754889179,0.569492916074276,0.999944762535205
"GO:0004806","triacylglycerol lipase activity",0.0013213509540094,14,1.1419720770874,0.346077040776804,0.614131180244315,35971,9,9,1.03363754889179,0.742367786409596,0.999944762535205
"GO:0004197","cysteine-type endopeptidase activity",0.00610937549937678,60,1.05852242554938,0.346750119802882,0.614475695728035,80822,36,38,0.979235572634324,0.874726388433951,0.999944762535205
"GO:0008157","protein phosphatase 1 binding",0.00183970404934642,19,1.11314379175376,0.351229646141478,0.621111076823599,49702,13,13,1.03363754889179,0.650232257831926,0.999944762535205
"GO:0019534","toxin transmembrane transporter activity",0.00102115417102313,11,1.16103951640722,0.351462698187009,0.621111076823599,55349,5,5,1.03363754889179,0.847500920688346,0.999944762535205
"GO:0052745","inositol phosphate phosphatase activity",0.00329331850992818,33,1.08000517532187,0.352514997182747,0.621992395916041,105803,10,10,1.03363754889179,0.718181539548417,0.999944762535205
"GO:0016765","transferase activity, transferring alkyl or aryl (other than methyl) groups",0.00381623733580492,38,1.07323259063619,0.353199527301178,0.621992395916041,94994,22,22,1.03363754889179,0.482471268588471,0.999944762535205
"GO:0005343","organic acid:sodium symporter activity",0.00143107116604192,15,1.12973259570287,0.353415788482302,0.621992395916041,77001,11,12,0.947501086484137,0.943837611172582,0.999944762535205
"GO:0033612","receptor serine/threonine kinase binding",0.00444659350844432,44,1.06652460374478,0.354668314436296,0.623341708796942,175894,20,20,1.03363754889179,0.515565394704511,0.999944762535205
"GO:0002039","p53 binding",0.00877019765047506,85,1.0446123993693,0.357745768737289,0.625227262078261,102588,35,35,1.03363754889179,0.313336262857201,0.999944762535205
"GO:0005229","intracellularly calcium-gated chloride channel activity",0.00102686133419778,11,1.15458660815986,0.358005541782642,0.625227262078261,91636,6,7,0.885975041907245,0.980116776197474,0.999944762535205
"GO:0141147","intracellularly calcium-gated channel activity",0.00102686133419778,11,1.15458660815986,0.358005541782642,0.625227262078261,91636,6,7,0.885975041907245,0.980116776197474,0.999944762535205
"GO:0016651","oxidoreductase activity, acting on NAD(P)H",0.00529282312816462,52,1.05891620410968,0.358240473645307,0.625227262078261,150883,28,28,1.03363754889179,0.395357572880522,0.999944762535205
"GO:0000774","adenyl-nucleotide exchange factor activity",0.000623079539591732,7,1.21087742224713,0.358546618833736,0.625227262078261,127647,6,6,1.03363754889179,0.81990338976097,0.999944762535205
"GO:0050997","quaternary ammonium group binding",0.00174539317788543,18,1.11153940340715,0.358785643763761,0.625227262078261,174257,12,13,0.954126968207803,0.935016665349331,0.999944762535205
"GO:0005035","death receptor activity",0.00102786008775334,11,1.15346471667497,0.359152371123677,0.625227262078261,31754,5,5,1.03363754889179,0.847500920688346,0.999944762535205
"GO:0016634","oxidoreductase activity, acting on the CH-CH group of donors, oxygen as acceptor",0.000625647763020322,7,1.20590688778865,0.362361082289212,0.629346182406156,46603,5,5,1.03363754889179,0.847500920688346,0.999944762535205
"GO:0046527","glucosyltransferase activity",0.000726521872132151,8,1.18682565434928,0.362694233722985,0.629346182406156,194636,5,5,1.03363754889179,0.847500920688346,0.999944762535205
"GO:0043237","laminin-1 binding",0.00206057126420513,21,1.09844239778837,0.36299000388196,0.629346182406156,278495,5,5,1.03363754889179,0.847500920688346,0.999944762535205
"GO:0016641","oxidoreductase activity, acting on the CH-NH2 group of donors, oxygen as acceptor",0.000527341877337083,6,1.22632228732681,0.365210165687821,0.629676581255094,42031,5,5,1.03363754889179,0.847500920688346,0.999944762535205
"GO:0004435","phosphatidylinositol phospholipase C activity",0.0023754639923661,24,1.08895121003301,0.365691520929862,0.629676581255094,206933,13,13,1.03363754889179,0.650232257831926,0.999944762535205
"GO:0046875","ephrin receptor binding",0.00248076115293828,25,1.08617721428843,0.366633240673067,0.629676581255094,194209,12,12,1.03363754889179,0.672138750717881,0.999944762535205
"GO:0000062","fatty-acyl-CoA binding",0.00154806801112212,16,1.11397534229429,0.366905715328664,0.629676581255094,84278,5,5,1.03363754889179,0.847500920688346,0.999944762535205
"GO:0031994","insulin-like growth factor I binding",0.00113715226254777,12,1.13738699472018,0.367209624285575,0.629676581255094,134131,6,6,1.03363754889179,0.81990338976097,0.999944762535205
"GO:0046030","inositol trisphosphate phosphatase activity",0.0026902140414477,27,1.08173918232933,0.367436215396199,0.629676581255094,116492,6,6,1.03363754889179,0.81990338976097,0.999944762535205
"GO:0097153","cysteine-type endopeptidase activity involved in apoptotic process",0.000429178670733211,5,1.25567574633198,0.367630062580514,0.629676581255094,27543,5,5,1.03363754889179,0.847500920688346,0.999944762535205
"GO:0097199","cysteine-type endopeptidase activity involved in apoptotic signaling pathway",0.000429178670733211,5,1.25567574633198,0.367630062580514,0.629676581255094,27543,5,5,1.03363754889179,0.847500920688346,0.999944762535205
"GO:0046933","proton-transporting ATP synthase activity, rotational mechanism",0.000629357419083841,7,1.19879884446911,0.367876183062195,0.629676581255094,63687,5,6,0.861364624076488,0.985488575325221,0.999944762535205
"GO:0016722","oxidoreductase activity, acting on metal ions",0.000629500098163207,7,1.1985271312224,0.36808841460742,0.629676581255094,59250,5,5,1.03363754889179,0.847500920688346,0.999944762535205
"GO:0008271","secondary active sulfate transmembrane transporter activity",0.000731943677148062,8,1.17803435320595,0.370162111847241,0.632380811584567,22015,5,5,1.03363754889179,0.847500920688346,0.999944762535205
"GO:0034483","heparan sulfate sulfotransferase activity",0.00259561781182798,26,1.07963817908016,0.374409967068825,0.638787217751731,341221,12,12,1.03363754889179,0.672138750717881,0.999944762535205
"GO:0016627","oxidoreductase activity, acting on the CH-CH group of donors",0.00364402368701004,36,1.06479730006889,0.375505991959971,0.639806358146936,81421,24,26,0.954126968207803,0.94897048676548,0.999944762535205
"GO:0001846","opsonin binding",0.001145427649151,12,1.12916969954158,0.376308113337157,0.640322691527285,28996,11,11,1.03363754889179,0.694780322422439,0.999944762535205
"GO:0046625","sphingolipid binding",0.00259904210973277,26,1.07821573088638,0.376897683972411,0.640476461637886,227386,10,10,1.03363754889179,0.718181539548417,0.999944762535205
"GO:0051879","Hsp90 protein binding",0.00280920839363902,28,1.07428547980156,0.377696472303229,0.640984886197147,108056,18,18,1.03363754889179,0.550920147480272,0.999944762535205
"GO:0030295","protein kinase activator activity",0.0119041436287513,114,1.03217259723656,0.379617997731565,0.642974630009772,119385,58,62,0.966951255414897,0.949452944665969,0.999944762535205
"GO:0051010","microtubule plus-end binding",0.000943251393689247,10,1.14266302978871,0.379871215547472,0.642974630009772,82821,5,5,1.03363754889179,0.847500920688346,0.999944762535205
"GO:0015252","proton channel activity",0.00177221684480625,18,1.09471552386118,0.382429243764548,0.643925479533856,100405,10,11,0.939670498992533,0.952193710808194,0.999944762535205
"GO:0022829","wide pore channel activity",0.00250259105208129,25,1.07670257838272,0.382816033109382,0.643925479533856,166438,11,11,1.03363754889179,0.694780322422439,0.999944762535205
"GO:0001162","RNA polymerase II intronic transcription regulatory region sequence-specific DNA binding",0.000843376038132981,9,1.15018283893417,0.383008570377252,0.643925479533856,297866,5,5,1.03363754889179,0.847500920688346,0.999944762535205
"GO:0008173","RNA methyltransferase activity",0.00492000269378102,48,1.05152966365105,0.383085936005857,0.643925479533856,120998,20,21,0.984416713230273,0.851973770611855,0.999944762535205
"GO:0015116","sulfate transmembrane transporter activity",0.00104926194965826,11,1.12993742438489,0.383834549777984,0.643925479533856,230696,6,6,1.03363754889179,0.81990338976097,0.999944762535205
"GO:0004693","cyclin-dependent protein serine/threonine kinase activity",0.00177392899375865,18,1.09365893363466,0.383946213439906,0.643925479533856,69905,11,11,1.03363754889179,0.694780322422439,0.999944762535205
"GO:0097472","cyclin-dependent protein kinase activity",0.00177392899375865,18,1.09365893363466,0.383946213439906,0.643925479533856,69905,11,11,1.03363754889179,0.694780322422439,0.999944762535205
"GO:0003774","cytoskeletal motor activity",0.0111751962122699,107,1.03198706146628,0.384773060024653,0.644469759806306,160916,48,49,1.01254290503685,0.522919259865842,0.999944762535205
"GO:0043531","ADP binding",0.00324024189240399,32,1.06443262561806,0.385680159407652,0.644514429062654,129827,18,19,0.979235572634324,0.874368082359967,0.999944762535205
"GO:0019205","nucleobase-containing compound kinase activity",0.00397646594193304,39,1.05709245176675,0.385804428308744,0.644514429062654,143581,17,18,0.97621324062002,0.885229982172339,0.999944762535205
"GO:0008171","O-methyltransferase activity",0.00188322116855307,19,1.08742147517789,0.388467427130328,0.647460598078126,58347,12,13,0.954126968207803,0.935016665349331,0.999944762535205
"GO:0005248","voltage-gated sodium channel activity",0.000440735676161864,5,1.22274931853888,0.388577288012593,0.647460598078126,110545,5,6,0.861364624076488,0.985488575325221,0.999944762535205
"GO:0016832","aldehyde-lyase activity",0.000643910685179182,7,1.17170434366347,0.38955241313781,0.648243509800014,55054,6,6,1.03363754889179,0.81990338976097,0.999944762535205
"GO:0004550","nucleoside diphosphate kinase activity",0.00136700825940655,14,1.10383085334583,0.392137396209135,0.650282342683489,285016,6,7,0.885975041907245,0.980116776197474,0.999944762535205
"GO:0033764","steroid dehydrogenase activity, acting on the CH-OH group of donors, NAD or NADP as acceptor",0.00157531971528104,16,1.09470450719075,0.392590616032555,0.650282342683489,86520,11,11,1.03363754889179,0.694780322422439,0.999944762535205
"GO:0008467","[heparan sulfate]-glucosamine 3-sulfotransferase 1 activity",0.00105725197810276,11,1.1213980862249,0.393089235299356,0.650282342683489,443735,5,5,1.03363754889179,0.847500920688346,0.999944762535205
"GO:0004559","alpha-mannosidase activity",0.00116083698972254,12,1.11418072122908,0.393311845613708,0.650282342683489,138934,5,5,1.03363754889179,0.847500920688346,0.999944762535205
"GO:0015923","mannosidase activity",0.00116083698972254,12,1.11418072122908,0.393311845613708,0.650282342683489,138934,5,5,1.03363754889179,0.847500920688346,0.999944762535205
"GO:0016896","RNA exonuclease activity, producing 5'-phosphomonoesters",0.00241398734379494,24,1.07157330195872,0.394941817747886,0.651522779723214,87761,12,13,0.954126968207803,0.935016665349331,0.999944762535205
"GO:0015144","carbohydrate transmembrane transporter activity",0.00494268866740023,48,1.04670334829627,0.395135719451841,0.651522779723214,94070,19,19,1.03363754889179,0.532950817764734,0.999944762535205
"GO:0043014","alpha-tubulin binding",0.00483781954406615,47,1.0471136597955,0.395585538117213,0.651522779723214,167367,24,26,0.954126968207803,0.94897048676548,0.999944762535205
"GO:0035381","ATP-gated ion channel activity",0.000547031590289604,6,1.18218236149189,0.397263535147892,0.653007586651037,50128,6,6,1.03363754889179,0.81990338976097,0.999944762535205
"GO:0071714","icosanoid transmembrane transporter activity",0.00178919565525082,18,1.08432707511003,0.39750500793021,0.653007586651037,143385,7,7,1.03363754889179,0.79320115868822,0.999944762535205
"GO:0061578","K63-linked deubiquitinase activity",0.00116654415289718,12,1.10872973922698,0.399624551901864,0.655031203152391,144326,8,9,0.918788932348254,0.967345337968338,0.999944762535205
"GO:0005109","frizzled binding",0.00516369856133831,50,1.04364970433715,0.400114673640223,0.655031203152391,137818,23,23,1.03363754889179,0.466726569967699,0.999944762535205
"GO:0005542","folic acid binding",0.00127098523899317,13,1.10242353804593,0.400268482674571,0.655031203152391,89156,4,5,0.826910039113429,0.990114563747042,0.999944762535205
"GO:0140030","modification-dependent protein binding",0.0139965323276551,133,1.02418125095426,0.402520189595958,0.657876946817343,109772,75,77,1.00678982034914,0.539583397022449,0.999944762535205
"GO:0017025","TBP-class protein binding",0.00253012811439894,25,1.06498411012423,0.403384739407374,0.658451171322724,87208,14,14,1.03363754889179,0.629037068631593,0.999944762535205
"GO:0005522","profilin binding",0.00200678125128411,20,1.07417636543664,0.404676925817358,0.659721087450661,246156,8,8,1.03363754889179,0.767365292138344,0.999944762535205
"GO:0044389","ubiquitin-like protein ligase binding",0.0326122998497875,307,1.01461804166298,0.405973368522767,0.660644241187527,116225,154,156,1.02038578544446,0.111878563512323,0.999944762535205
"GO:0004629","phospholipase C activity",0.00253398044954183,25,1.0633650464433,0.406273036864348,0.660644241187527,200039,14,14,1.03363754889179,0.629037068631593,0.999944762535205
"GO:0016891","RNA endonuclease activity, producing 5'-phosphomonoesters",0.00296016285960835,29,1.05591272669814,0.409715290505692,0.664721339870594,76568,14,14,1.03363754889179,0.629037068631593,0.999944762535205
"GO:0051721","protein phosphatase 2A binding",0.00348821813234227,34,1.05056012703586,0.409816508057396,0.664721339870594,132062,12,12,1.03363754889179,0.672138750717881,0.999944762535205
"GO:0070325","lipoprotein particle receptor binding",0.00296201768764011,29,1.05525150967275,0.411004252513885,0.664993070843574,146595,15,15,1.03363754889179,0.608530174051488,0.999944762535205
"GO:0022853","active monoatomic ion transmembrane transporter activity",0.0202201937696041,191,1.01810761538918,0.411020658752108,0.664993070843574,150545,103,105,1.01394921462718,0.330189616008464,0.999944762535205
"GO:0035035","histone acetyltransferase binding",0.00349135707208832,34,1.04961561037077,0.411825381470424,0.665241072991326,104128,14,15,0.964728378965667,0.916133592753063,0.999944762535205
"GO:0042287","MHC protein binding",0.00159600818178913,16,1.08051425566718,0.412210953256511,0.665241072991326,97735,10,11,0.939670498992533,0.952193710808194,0.999944762535205
"GO:0017081","chloride channel regulator activity",0.000970360418768805,10,1.11074037493504,0.412987726801407,0.665657353625886,268023,4,5,0.826910039113429,0.990114563747042,0.999944762535205
"GO:0016706","2-oxoglutarate-dependent dioxygenase activity",0.00412998863133096,40,1.04389487873049,0.414076434027638,0.666574736333073,128161,21,21,1.03363754889179,0.498744975909144,0.999944762535205
"GO:0019206","nucleoside kinase activity",0.000870627742291905,9,1.11418072122908,0.418299682027088,0.669309545112685,16931,5,5,1.03363754889179,0.847500920688346,0.999944762535205
"GO:0050664","oxidoreductase activity, acting on NAD(P)H, oxygen as acceptor",0.000560015386511919,6,1.15477380228278,0.418366402523702,0.669309545112685,38728,6,6,1.03363754889179,0.81990338976097,0.999944762535205
"GO:0016628","oxidoreductase activity, acting on the CH-CH group of donors, NAD or NADP as acceptor",0.00223392634563493,22,1.06144980761659,0.418574682241733,0.669309545112685,73904,14,15,0.964728378965667,0.916133592753063,0.999944762535205
"GO:0004520","DNA endonuclease activity",0.0025505312227483,25,1.05646471385282,0.418704696564442,0.669309545112685,86562,17,17,1.03363754889179,0.569492916074276,0.999944762535205
"GO:1990948","ubiquitin ligase inhibitor activity",0.00139311853093054,14,1.08314250367743,0.418743690456932,0.669309545112685,46594,5,5,1.03363754889179,0.847500920688346,0.999944762535205
"GO:0046624","sphingolipid transporter activity",0.00118395100057985,12,1.09242881994695,0.41890535052649,0.669309545112685,200643,7,7,1.03363754889179,0.79320115868822,0.999944762535205
"GO:0035256","G protein-coupled glutamate receptor binding",0.000665455226163462,7,1.13376966186819,0.421646767046868,0.672558236334683,70665,5,5,1.03363754889179,0.847500920688346,0.999944762535205
"GO:0008420","RNA polymerase II CTD heptapeptide repeat phosphatase activity",0.00202732703871283,20,1.06329020901304,0.422025237814586,0.672558236334683,105738,6,6,1.03363754889179,0.81990338976097,0.999944762535205
"GO:0015125","bile acid transmembrane transporter activity",0.000770467028576907,8,1.11913263554566,0.423394183857661,0.672558236334683,105233,7,7,1.03363754889179,0.79320115868822,0.999944762535205
"GO:0099186","structural constituent of postsynapse",0.00382750898307484,37,1.04191223338376,0.423407007515687,0.672558236334683,157619,15,15,1.03363754889179,0.608530174051488,0.999944762535205
"GO:0004714","transmembrane receptor protein tyrosine kinase activity",0.00989650630299101,94,1.0237444959109,0.423559668712723,0.672558236334683,214174,33,33,1.03363754889179,0.334866116356337,0.999944762535205
"GO:0016780","phosphotransferase activity, for other substituted phosphate groups",0.000876762942704647,9,1.10638417590559,0.426243117742516,0.675982595875955,44636,6,8,0.77522816166884,0.99831043117786,0.999944762535205
"GO:0008198","ferrous iron binding",0.00256308698173251,25,1.0512894246734,0.42815458526347,0.677424083202919,132609,11,11,1.03363754889179,0.694780322422439,0.999944762535205
"GO:0008175","tRNA methyltransferase activity",0.00245736178392224,24,1.05265915902222,0.428208052593583,0.677424083202919,113987,12,13,0.954126968207803,0.935016665349331,0.999944762535205
"GO:0140327","flippase activity",0.00098334421499112,10,1.0960744761946,0.428862738893334,0.677624253694763,332008,5,5,1.03363754889179,0.847500920688346,0.999944762535205
"GO:0015106","bicarbonate transmembrane transporter activity",0.00193116133922008,19,1.06042674923332,0.430008890571503,0.678599516117145,247435,12,12,1.03363754889179,0.672138750717881,0.999944762535205
"GO:0004532","RNA exonuclease activity",0.00267680220798729,26,1.04689396907554,0.43397156414764,0.683652139653934,84038,13,14,0.959806295399516,0.925769717436258,0.999944762535205
"GO:0048306","calcium-dependent protein binding",0.0077891363007538,74,1.02397192162781,0.434676034458687,0.683652139653934,99788,37,38,1.00643656076305,0.647861841462014,0.999944762535205
"GO:0004993","G protein-coupled serotonin receptor activity",0.00119850426667519,12,1.0791636128476,0.435030953327288,0.683652139653934,95091,5,6,0.861364624076488,0.985488575325221,0.999944762535205
"GO:0008559","ABC-type xenobiotic transporter activity",0.000990050131721326,10,1.08865042368254,0.437053451164998,0.683652139653934,84852,5,5,1.03363754889179,0.847500920688346,0.999944762535205
"GO:0016655","oxidoreductase activity, acting on NAD(P)H, quinone or similar compound as acceptor",0.00448868383685732,43,1.03251191184719,0.437299827622838,0.683652139653934,172487,20,20,1.03363754889179,0.515565394704511,0.999944762535205
"GO:0005416","amino acid:monoatomic cation symporter activity",0.00215174319592006,21,1.05190008015779,0.437694637519999,0.683652139653934,65820,16,17,0.972835340133446,0.895831553375266,0.999944762535205
"GO:0003916","DNA topoisomerase activity",0.000572428466416769,6,1.12973259570287,0.438453477765982,0.683652139653934,163250,5,5,1.03363754889179,0.847500920688346,0.999944762535205
"GO:0005545","1-phosphatidylinositol binding",0.00310883446030782,30,1.04008609251455,0.439271839375851,0.683652139653934,136103,8,8,1.03363754889179,0.767365292138344,0.999944762535205
"GO:0010340","carboxyl-O-methyltransferase activity",0.000782166713084927,8,1.10239259977135,0.439527238001486,0.683652139653934,91893,6,6,1.03363754889179,0.81990338976097,0.999944762535205
"GO:0051998","protein carboxyl O-methyltransferase activity",0.000782166713084927,8,1.10239259977135,0.439527238001486,0.683652139653934,91893,6,6,1.03363754889179,0.81990338976097,0.999944762535205
"GO:0098973","structural constituent of postsynaptic actin cytoskeleton",0.00141366431835926,14,1.06740042449601,0.439712799049798,0.683652139653934,122218,8,8,1.03363754889179,0.767365292138344,0.999944762535205
"GO:0070573","metallodipeptidase activity",0.000782880108481758,8,1.10138805029097,0.440509218826923,0.683652139653934,12763,5,5,1.03363754889179,0.847500920688346,0.999944762535205
"GO:0032393","MHC class I receptor activity",0.000678581701465143,7,1.11183803678579,0.441126005193434,0.683652139653934,24906,5,5,1.03363754889179,0.847500920688346,0.999944762535205
"GO:0042162","telomeric DNA binding",0.00205029837049077,20,1.05137721502201,0.4414602949509,0.683652139653934,46433,14,14,1.03363754889179,0.629037068631593,0.999944762535205
"GO:0031210","phosphatidylcholine binding",0.00141551914639102,14,1.06600175445081,0.441604989945136,0.683652139653934,212845,9,9,1.03363754889179,0.742367786409596,0.999944762535205
"GO:0043176","amine binding",0.000888747985371399,9,1.09146424160216,0.441736261709362,0.683652139653934,77808,5,6,0.861364624076488,0.985488575325221,0.999944762535205
"GO:0061134","peptidase regulator activity",0.0152989069641088,144,1.01448988281795,0.442319127780927,0.683729446919191,90743,84,86,1.00959946635942,0.465599492272477,0.999944762535205
"GO:0030594","neurotransmitter receptor activity",0.00888105929514252,84,1.01943642759159,0.444438924588108,0.68617947081413,221459,41,43,0.985561383827052,0.83652528033575,0.999944762535205
"GO:0016500","protein-hormone receptor activity",0.00205786036169717,20,1.04751373361065,0.447859473622406,0.687999756877965,94790,9,9,1.03363754889179,0.742367786409596,0.999944762535205
"GO:0030170","pyridoxal phosphate binding",0.00525487049305324,50,1.02554239613538,0.448113351031251,0.687999756877965,97408,29,30,0.999182963928727,0.744701900724627,0.999944762535205
"GO:0070279","vitamin B6 binding",0.00525487049305324,50,1.02554239613538,0.448113351031251,0.687999756877965,97408,29,30,0.999182963928727,0.744701900724627,0.999944762535205
"GO:0055105","ubiquitin-protein transferase inhibitor activity",0.001636101003091,16,1.05403614405626,0.450331243916768,0.687999756877965,42409,6,6,1.03363754889179,0.81990338976097,0.999944762535205
"GO:0004970","glutamate-gated receptor activity",0.00174225423813937,17,1.05167856792125,0.450381861718919,0.687999756877965,226736,10,10,1.03363754889179,0.718181539548417,0.999944762535205
"GO:0140693","molecular condensate scaffold activity",0.00280549873757551,27,1.03728791551745,0.45039347426443,0.687999756877965,148383,16,18,0.918788932348254,0.980644122998681,0.999944762535205
"GO:0017018","myosin phosphatase activity",0.00868202197942682,82,1.01797849428845,0.450569714399817,0.687999756877965,118913,38,40,0.981955671447197,0.859857538301333,0.999944762535205
"GO:0099602","neurotransmitter receptor regulator activity",0.00163709975664656,16,1.05339310300619,0.451280177261937,0.687999756877965,123333,7,7,1.03363754889179,0.79320115868822,0.999944762535205
"GO:1903136","cuprous ion binding",0.000790727457846893,8,1.09045763838804,0.451294243026423,0.687999756877965,44864,5,5,1.03363754889179,0.847500920688346,0.999944762535205
"GO:0008408","3'-5' exonuclease activity",0.00280692552836917,27,1.03676065078125,0.451427297340875,0.687999756877965,76351,16,17,0.972835340133446,0.895831553375266,0.999944762535205
"GO:0099106","ion channel regulator activity",0.0166155495084991,156,1.01194176690331,0.451516598044619,0.687999756877965,163320,73,75,1.00607388092134,0.556710351238737,0.999944762535205
"GO:0016018","cyclosporin A binding",0.00259618852814545,25,1.03788542673296,0.453103239954263,0.688565420913427,119813,8,11,0.751736399194026,0.999698153085149,0.999944762535205
"GO:0005280","amino acid:proton symporter activity",0.00047669080416212,5,1.13052159382418,0.45319044911197,0.688565420913427,49758,5,5,1.03363754889179,0.847500920688346,0.999944762535205
"GO:0030021","extracellular matrix structural constituent conferring compression resistance",0.00121519771896102,12,1.06433889255839,0.453497880492475,0.688565420913427,207510,6,6,1.03363754889179,0.81990338976097,0.999944762535205
"GO:0019209","kinase activator activity",0.0126603427493916,119,1.01308790360074,0.455704225425036,0.691097542813618,116747,61,65,0.970029084344599,0.940262319383993,0.999944762535205
"GO:0098918","structural constituent of synapse",0.00495110673308283,47,1.02315445845036,0.457149381490966,0.692470668775572,183033,21,21,1.03363754889179,0.498744975909144,0.999944762535205
"GO:0004659","prenyltransferase activity",0.00121919273318327,12,1.06085129876183,0.457908480255924,0.692802570953244,77951,8,8,1.03363754889179,0.767365292138344,0.999944762535205
"GO:0005353","fructose transmembrane transporter activity",0.00100888377019765,10,1.06832771742797,0.459991625660673,0.695134576822902,45288,5,5,1.03363754889179,0.847500920688346,0.999944762535205
"GO:0051393","alpha-actinin binding",0.0025004508658908,24,1.03451918378543,0.461375129513862,0.696405048430923,202144,15,15,1.03363754889179,0.608530174051488,0.999944762535205
"GO:0005246","calcium channel regulator activity",0.00506995840619478,48,1.02042824876679,0.463586191391645,0.698442056600472,194503,25,25,1.03363754889179,0.436756224661654,0.999944762535205
"GO:0022849","glutamate-gated calcium ion channel activity",0.000800572314323153,8,1.07704798288122,0.464772946317841,0.698442056600472,258614,6,6,1.03363754889179,0.81990338976097,0.999944762535205
"GO:0004364","glutathione transferase activity",0.00186510092547358,18,1.04019748484392,0.465287644271093,0.698442056600472,93545,7,7,1.03363754889179,0.79320115868822,0.999944762535205
"GO:0072542","protein phosphatase activator activity",0.0022921394100163,22,1.03449235218506,0.465433546305978,0.698442056600472,120682,8,8,1.03363754889179,0.767365292138344,0.999944762535205
"GO:0030544","Hsp70 protein binding",0.00668208932395228,63,1.01618763108447,0.466110668188489,0.698442056600472,281442,25,25,1.03363754889179,0.436756224661654,0.999944762535205
"GO:1901618","organic hydroxy compound transmembrane transporter activity",0.00293462330440182,28,1.02837450465835,0.466484935742591,0.698442056600472,84353,19,19,1.03363754889179,0.532950817764734,0.999944762535205
"GO:0004722","protein serine/threonine phosphatase activity",0.00957975874679828,90,1.01258984852102,0.466796654533107,0.698442056600472,113800,45,47,0.9896529723432,0.803804156103893,0.999944762535205
"GO:0030246","carbohydrate binding",0.0234376070093095,219,1.00710900388108,0.467079722964306,0.698442056600472,104544,117,122,0.991275354265074,0.793738547170804,0.999944762535205
"GO:0016597","amino acid binding",0.00508565310492505,48,1.01727913229938,0.472065107273735,0.704831892438472,117050,24,24,1.03363754889179,0.451493748329284,0.999944762535205
"GO:0060590","ATPase regulator activity",0.00476519589266881,45,1.0178350142134,0.472744459615446,0.704831892438472,292304,20,20,1.03363754889179,0.515565394704511,0.999944762535205
"GO:0016712","oxidoreductase activity, acting on paired donors, with incorporation or reduction of molecular oxygen, reduced flavin or flavoprotein as one donor, and incorporation of one atom of oxygen",0.00230155622925446,22,1.03025972586033,0.473000981597447,0.704831892438472,56767,15,15,1.03363754889179,0.608530174051488,0.999944762535205
"GO:0019905","syntaxin binding",0.00476705072070057,45,1.01743898131452,0.473779416570209,0.705172843920624,148652,25,27,0.957071804529432,0.943924432020536,0.999944762535205
"GO:0004653","polypeptide N-acetylgalactosaminyltransferase activity",0.00316005624980025,30,1.02322719296548,0.474417011037945,0.705303621276574,238440,11,11,1.03363754889179,0.694780322422439,0.999944762535205
"GO:0000175","3'-5'-RNA exonuclease activity",0.00198523671029983,19,1.03154204764072,0.476950573437824,0.705857241296519,91609,10,11,0.939670498992533,0.952193710808194,0.999944762535205
"GO:0005041","low-density lipoprotein particle receptor activity",0.00113016098765883,11,1.04905438946175,0.477519467336888,0.705857241296519,110362,8,8,1.03363754889179,0.767365292138344,0.999944762535205
"GO:0005102","signaling receptor binding",0.136864336165608,1272,1.00171101143971,0.478399529528828,0.705857241296519,138580,633,647,1.01127135772566,0.0589795900114736,0.999944762535205
"GO:0015296","monoatomic anion:monoatomic cation symporter activity",0.00155905430023331,15,1.03699258121166,0.478751961337967,0.705857241296519,78802,11,12,0.947501086484137,0.943837611172582,0.999944762535205
"GO:0015377","chloride:monoatomic cation symporter activity",0.00155905430023331,15,1.03699258121166,0.478751961337967,0.705857241296519,78802,11,12,0.947501086484137,0.943837611172582,0.999944762535205
"GO:0008172","S-methyltransferase activity",0.00198780493372842,19,1.03020930597711,0.479171746239265,0.705857241296519,340946,5,5,1.03363754889179,0.847500920688346,0.999944762535205
"GO:0005159","insulin-like growth factor receptor binding",0.00113258653200805,11,1.04680773733012,0.480303129679629,0.705857241296519,53916,6,6,1.03363754889179,0.81990338976097,0.999944762535205
"GO:0015132","prostaglandin transmembrane transporter activity",0.00177507042639358,17,1.03223591293999,0.480516980211609,0.705857241296519,150290,6,6,1.03363754889179,0.81990338976097,0.999944762535205
"GO:0008391","arachidonate monooxygenase activity",0.00102586258064222,10,1.05064607648584,0.480541322115269,0.705857241296519,31453,6,6,1.03363754889179,0.81990338976097,0.999944762535205
"GO:0008392","arachidonate epoxygenase activity",0.00102586258064222,10,1.05064607648584,0.480541322115269,0.705857241296519,31453,6,6,1.03363754889179,0.81990338976097,0.999944762535205
"GO:0000149","SNARE binding",0.0100454632618492,94,1.00856412415663,0.480841176066374,0.705857241296519,154207,47,50,0.971619295958279,0.921248576225678,0.999944762535205
"GO:0042626","ATPase-coupled transmembrane transporter activity",0.00521206676924341,49,1.01328529758206,0.482311420245309,0.70720634534255,108076,29,30,0.999182963928727,0.744701900724627,0.999944762535205
"GO:0005319","lipid transporter activity",0.0134928751774928,126,1.00649512153327,0.482945000536541,0.707326981379432,153173,66,68,1.00323644451262,0.618112941942187,0.999944762535205
"GO:0031489","myosin V binding",0.000708401629052657,7,1.06503558971868,0.484900340623771,0.708927441660048,309847,5,5,1.03363754889179,0.847500920688346,0.999944762535205
"GO:0005242","inward rectifier potassium channel activity",0.00274614424055921,26,1.02045917565471,0.485142863427531,0.708927441660048,181732,10,10,1.03363754889179,0.718181539548417,0.999944762535205
"GO:0005283","amino acid:sodium symporter activity",0.00167505239175794,16,1.02952576353433,0.487211523857252,0.711140369862178,71488,11,12,0.947501086484137,0.943837611172582,0.999944762535205
"GO:0097001","ceramide binding",0.00232010450957205,22,1.02202322353195,0.487872169966617,0.711295447803601,253205,7,7,1.03363754889179,0.79320115868822,0.999944762535205
"GO:0005003","ephrin receptor activity",0.00253868885916091,24,1.01893714920697,0.4907215816336,0.714637672231452,268663,10,10,1.03363754889179,0.718181539548417,0.999944762535205
"GO:0034481","chondroitin sulfotransferase activity",0.000929411522990736,9,1.04371058657351,0.493793170806098,0.717304783761796,38138,5,5,1.03363754889179,0.847500920688346,0.999944762535205
"GO:0008289","lipid binding",0.0921782472617031,856,1.00090060230086,0.494184976713884,0.717304783761796,132161,374,380,1.01731695601455,0.0320236720718545,0.999944762535205
"GO:0019211","phosphatase activator activity",0.00243624528017605,23,1.0175422645298,0.494682929419901,0.717304783761796,122119,9,9,1.03363754889179,0.742367786409596,0.999944762535205
"GO:0031386","protein tag activity",0.000823258287942362,8,1.0473684977377,0.495541384784218,0.717304783761796,50329,5,5,1.03363754889179,0.847500920688346,0.999944762535205
"GO:0141047","molecular tag activity",0.000823258287942362,8,1.0473684977377,0.495541384784218,0.717304783761796,50329,5,5,1.03363754889179,0.847500920688346,0.999944762535205
"GO:0043028","cysteine-type endopeptidase regulator activity involved in apoptotic process",0.00362219378786703,34,1.01170260313439,0.495907516131499,0.717304783761796,88991,21,21,1.03363754889179,0.498744975909144,0.999944762535205
"GO:0003707","nuclear steroid receptor activity",0.00351546983650119,33,1.01175694860909,0.496529266785002,0.717395325771574,151127,14,14,1.03363754889179,0.629037068631593,0.999944762535205
"GO:0016863","intramolecular oxidoreductase activity, transposing C=C bonds",0.00104027316765819,10,1.03609179672654,0.497847224943187,0.717916011082752,72413,7,7,1.03363754889179,0.79320115868822,0.999944762535205
"GO:0004721","phosphoprotein phosphatase activity",0.0202190523369692,188,1.00217296909706,0.498008768405027,0.717916011082752,178278,81,85,0.984995781885114,0.857128103627574,0.999944762535205
"GO:0008519","ammonium channel activity",0.00190262552334686,18,1.01968215387174,0.498611201781408,0.717977746223958,54732,6,6,1.03363754889179,0.81990338976097,0.999944762535205
"GO:0008429","phosphatidylethanolamine binding",0.00179632960921912,17,1.02001961818002,0.499911070023349,0.71803921080817,75285,8,8,1.03363754889179,0.767365292138344,0.999944762535205
"GO:0035613","RNA stem-loop binding",0.00125757340553275,12,1.02847451190377,0.499979284886151,0.71803921080817,25680,8,8,1.03363754889179,0.767365292138344,0.999944762535205
"GO:0061630","ubiquitin protein ligase activity",0.0360718394871771,335,1.0009725067549,0.500440401692295,0.71803921080817,110680,167,169,1.02140515186348,0.0825903869792733,0.999944762535205
"GO:0033300","dehydroascorbic acid transmembrane transporter activity",0.000935261365244746,9,1.03718241967046,0.501185051693639,0.71803921080817,45467,5,5,1.03363754889179,0.847500920688346,0.999944762535205
"GO:0018455","alcohol dehydrogenase [NAD(P)+] activity",0.00449367760463513,42,1.00737927346307,0.501654541302122,0.71803921080817,129825,22,22,1.03363754889179,0.482471268588471,0.999944762535205
"GO:0019828","aspartic-type endopeptidase inhibitor activity",0.00190647785848975,18,1.01762172742701,0.502011825483186,0.71803921080817,29278,5,5,1.03363754889179,0.847500920688346,0.999944762535205
"GO:0016620","oxidoreductase activity, acting on the aldehyde or oxo group of donors, NAD or NADP as acceptor",0.0034308611424371,32,1.0052925612487,0.511732914496251,0.731128429063129,125595,15,15,1.03363754889179,0.608530174051488,0.999944762535205
"GO:0005537","D-mannose binding",0.00116240645959557,11,1.01995333483816,0.514241301688808,0.733894983389034,34264,7,8,0.904432855280313,0.974052224537346,0.999944762535205
"GO:0016894","endonuclease activity, active with either ribo- or deoxyribonucleic acids and producing 3'-phosphomonoesters",0.000837811554037704,8,1.02917510762032,0.515007307404847,0.733967778015417,23907,6,6,1.03363754889179,0.81990338976097,0.999944762535205
"GO:0052689","carboxylic ester hydrolase activity",0.0142383733671806,132,0.99921555446893,0.515444330865515,0.733967778015417,102431,83,84,1.02133233997641,0.235930636663317,0.999944762535205
"GO:0008430","selenium binding",0.00138127616734316,13,1.01439818995074,0.516535628412525,0.733967778015417,202986,5,5,1.03363754889179,0.847500920688346,0.999944762535205
"GO:0005172","vascular endothelial growth factor receptor binding",0.00181473521045735,17,1.00967426628559,0.516580595126985,0.733967778015417,188301,7,7,1.03363754889179,0.79320115868822,0.999944762535205
"GO:0031625","ubiquitin protein ligase binding",0.0319534078612748,296,0.998435835117288,0.519021798305751,0.736620538967122,118972,146,148,1.01966947390676,0.134207138868697,0.999944762535205
"GO:0048487","beta-tubulin binding",0.00506624875013127,47,0.999900948031033,0.519818115255942,0.736935515882181,120028,22,23,0.988696785896491,0.828854638245461,0.999944762535205
"GO:0047045","testosterone 17-beta-dehydrogenase (NADP+) activity",0.00106153235048374,10,1.01534210886199,0.523086052566973,0.739433775687779,91932,6,6,1.03363754889179,0.81990338976097,0.999944762535205
"GO:0030215","semaphorin receptor binding",0.00334040260611899,31,1.00024988889428,0.523453208417621,0.739433775687779,183428,12,12,1.03363754889179,0.672138750717881,0.999944762535205
"GO:0051119","sugar transmembrane transporter activity",0.00399087652894901,37,0.999261291078358,0.523788573572162,0.739433775687779,102865,12,12,1.03363754889179,0.672138750717881,0.999944762535205
"GO:0017116","single-stranded DNA helicase activity",0.000517639699940189,5,1.04108948317712,0.524263351457764,0.739433775687779,142741,4,5,0.826910039113429,0.990114563747042,0.999944762535205
"GO:0141108","transporter regulator activity",0.0179456038863498,166,0.997001111602299,0.526167121023359,0.739433775687779,165635,78,80,1.00779661016949,0.514326596065812,0.999944762535205
"GO:0008253","5'-nucleotidase activity",0.000955521794514731,9,1.01519049737791,0.526531276003204,0.739433775687779,128717,6,6,1.03363754889179,0.81990338976097,0.999944762535205
"GO:0016779","nucleotidyltransferase activity",0.0100567349091191,93,0.996716339595354,0.52670286721823,0.739433775687779,92561,49,53,0.955627167843349,0.971717243437713,0.999944762535205
"GO:0032356","oxidized DNA binding",0.00128239956534245,12,1.00856412415663,0.526767319546867,0.739433775687779,78595,5,5,1.03363754889179,0.847500920688346,0.999944762535205
"GO:0032357","oxidized purine DNA binding",0.00128239956534245,12,1.00856412415663,0.526767319546867,0.739433775687779,78595,5,5,1.03363754889179,0.847500920688346,0.999944762535205
"GO:0004022","alcohol dehydrogenase (NAD+) activity",0.00106538468562662,10,1.01167072317305,0.527616473300667,0.739816322671864,99048,5,5,1.03363754889179,0.847500920688346,0.999944762535205
"GO:0000900","mRNA regulatory element binding translation repressor activity",0.00128610922140597,12,1.00565501973816,0.53073299316859,0.743373832134609,60920,9,10,0.930273794002607,0.960044008160206,0.999944762535205
"GO:0008179","adenylate cyclase binding",0.00205072640772887,19,0.998599878304671,0.533037413607601,0.745787351863198,155010,9,9,1.03363754889179,0.742367786409596,0.999944762535205
"GO:0030297","transmembrane receptor protein tyrosine kinase activator activity",0.00150783251074088,14,1.0007383994991,0.534536375853357,0.74706990220028,142471,9,12,0.77522816166884,0.999558758018277,0.999944762535205
"GO:0051864","histone H3K36 demethylase activity",0.00150897394337581,14,0.999981411299777,0.535660073976424,0.747825761601471,156752,6,6,1.03363754889179,0.81990338976097,0.999944762535205
"GO:1902936","phosphatidylinositol bisphosphate binding",0.0140888456920049,130,0.994520115136273,0.537049378903729,0.748950383840743,139789,52,53,1.01413495362968,0.481178417620308,0.999944762535205
"GO:0043325","phosphatidylinositol-3,4-bisphosphate binding",0.00390641051396429,36,0.993276710024451,0.538432806618044,0.750064376645983,123162,14,14,1.03363754889179,0.629037068631593,0.999944762535205
"GO:0140299","molecular sensor activity",0.00716391657497158,66,0.992976676231009,0.539428497234863,0.750636401249815,106685,32,33,1.00231519892537,0.708137930268074,0.999944762535205
"GO:0140410","monoatomic cation:bicarbonate symporter activity",0.000858928057783886,8,1.00387312823032,0.542780885052529,0.753516144114811,204779,5,5,1.03363754889179,0.847500920688346,0.999944762535205
"GO:0015373","monoatomic anion:sodium symporter activity",0.00118880208927829,11,0.997306747350755,0.543725605400167,0.753516144114811,88934,8,9,0.918788932348254,0.967345337968338,0.999944762535205
"GO:0015378","sodium:chloride symporter activity",0.00118880208927829,11,0.997306747350755,0.543725605400167,0.753516144114811,88934,8,9,0.918788932348254,0.967345337968338,0.999944762535205
"GO:0016247","channel regulator activity",0.0178988051483178,165,0.993586165454191,0.543847193647946,0.753516144114811,166614,77,79,1.00746950967934,0.522684377519921,0.999944762535205
"GO:0005048","signal sequence binding",0.00380981677723344,35,0.990169594590896,0.545899827699593,0.755544205974734,108136,17,17,1.03363754889179,0.569492916074276,0.999944762535205
"GO:0031492","nucleosomal DNA binding",0.00315934285440342,29,0.989342968017261,0.547789129438953,0.756262398338792,105662,12,12,1.03363754889179,0.672138750717881,0.999944762535205
"GO:0008409","5'-3' exonuclease activity",0.00206856129264963,19,0.9899900711045,0.548039313754446,0.756262398338792,61651,10,10,1.03363754889179,0.718181539548417,0.999944762535205
"GO:0005504","fatty acid binding",0.00392239057085329,36,0.989230040513602,0.548187085311829,0.756262398338792,44991,14,14,1.03363754889179,0.629037068631593,0.999944762535205
"GO:0016671","oxidoreductase activity, acting on a sulfur group of donors, disulfide as acceptor",0.00174225423813937,16,0.989815122749413,0.549601404180232,0.756607918052627,149039,5,5,1.03363754889179,0.847500920688346,0.999944762535205
"GO:0038191","neuropilin binding",0.00316205375691137,29,0.988494781193313,0.549626023477247,0.756607918052627,130710,13,13,1.03363754889179,0.650232257831926,0.999944762535205
"GO:0030283","testosterone dehydrogenase [NAD(P)+] activity",0.00108478904042041,10,0.993574285141809,0.550206693330554,0.756607918052627,117021,6,6,1.03363754889179,0.81990338976097,0.999944762535205
"GO:0051371","muscle alpha-actinin binding",0.00152509667934418,14,0.989409992132701,0.551437964902077,0.757199898188974,116988,9,9,1.03363754889179,0.742367786409596,0.999944762535205
"GO:0001653","peptide receptor activity",0.0108818480250933,100,0.990473762250639,0.55181754076905,0.757199898188974,148696,62,62,1.03363754889179,0.127545133446327,0.999944762535205
"GO:0003925","G protein activity",0.0046924295621921,43,0.98768014919462,0.552828844820408,0.757618531489026,113412,20,20,1.03363754889179,0.515565394704511,0.999944762535205
"GO:0008188","neuropeptide receptor activity",0.00393080863653589,36,0.987111544238092,0.553303635233996,0.757618531489026,154592,24,24,1.03363754889179,0.451493748329284,0.999944762535205
"GO:0042578","phosphoric ester hydrolase activity",0.0422823744538245,390,0.994147605526627,0.554295692394239,0.758167775417707,159225,172,178,0.998795833760602,0.640590984093171,0.999944762535205
"GO:0004089","carbonate dehydratase activity",0.00174824675947275,16,0.986422301794914,0.555050603057652,0.758391825051083,97337,7,7,1.03363754889179,0.79320115868822,0.999944762535205
"GO:0015355","secondary active monocarboxylate transmembrane transporter activity",0.000980205275245066,9,0.989626020515263,0.556781036580023,0.758602469478541,87656,6,7,0.885975041907245,0.980116776197474,0.999944762535205
"GO:0048020","CCR chemokine receptor binding",0.000869771667815709,8,0.991357649597529,0.556795394378912,0.758602469478541,75156,7,7,1.03363754889179,0.79320115868822,0.999944762535205
"GO:0015929","hexosaminidase activity",0.000869914346895075,8,0.991195051984015,0.556978586320176,0.758602469478541,35198,7,7,1.03363754889179,0.79320115868822,0.999944762535205
"GO:0015145","monosaccharide transmembrane transporter activity",0.00394079617209152,36,0.984609813314968,0.559353170871529,0.759418114527166,104810,11,11,1.03363754889179,0.694780322422439,0.999944762535205
"GO:0015149","hexose transmembrane transporter activity",0.00394079617209152,36,0.984609813314968,0.559353170871529,0.759418114527166,104810,11,11,1.03363754889179,0.694780322422439,0.999944762535205
"GO:0055056","D-glucose transmembrane transporter activity",0.00394079617209152,36,0.984609813314968,0.559353170871529,0.759418114527166,104810,11,11,1.03363754889179,0.694780322422439,0.999944762535205
"GO:0004869","cysteine-type endopeptidase inhibitor activity",0.00109392050149984,10,0.985280460406049,0.560693423023337,0.760433046235668,143470,7,7,1.03363754889179,0.79320115868822,0.999944762535205
"GO:0098847","sequence-specific single stranded DNA binding",0.00120649429511969,11,0.982682097791686,0.563123186307497,0.762533009994231,32525,6,6,1.03363754889179,0.81990338976097,0.999944762535205
"GO:0043184","vascular endothelial growth factor receptor 2 binding",0.00175809161594901,16,0.980898593076861,0.563953069557066,0.762533009994231,175128,6,6,1.03363754889179,0.81990338976097,0.999944762535205
"GO:0016796","exonuclease activity, active with either ribo- or deoxyribonucleic acids and producing 5'-phosphomonoesters",0.00416694251288677,38,0.98290539639603,0.564024806301267,0.762533009994231,73681,21,22,0.98665402394216,0.840492829643271,0.999944762535205
"GO:0070410","co-SMAD binding",0.00164908479931331,15,0.980378779624482,0.564872184328347,0.762874749992914,69889,6,6,1.03363754889179,0.81990338976097,0.999944762535205
"GO:0016903","oxidoreductase activity, acting on the aldehyde or oxo group of donors",0.0037380492003123,34,0.98034634855425,0.568976525973663,0.767413041361935,123212,17,17,1.03363754889179,0.569492916074276,0.999944762535205
"GO:0005351","carbohydrate:proton symporter activity",0.0025336950913831,23,0.978406023586344,0.569428850644242,0.767413041361935,149993,5,5,1.03363754889179,0.847500920688346,0.999944762535205
"GO:0098634","cell-matrix adhesion mediator activity",0.00065860663035389,6,0.981907966629096,0.571967760234316,0.770025851396251,160366,5,6,0.861364624076488,0.985488575325221,0.999944762535205
"GO:0004497","monooxygenase activity",0.00701981070481182,64,0.982653045844966,0.572582079635732,0.77004487229837,94423,41,41,1.03363754889179,0.256675483004969,0.999944762535205
"GO:0005243","gap junction channel activity",0.00177079005401259,16,0.973864512440019,0.575339204000687,0.772165279638322,184596,7,7,1.03363754889179,0.79320115868822,0.999944762535205
"GO:0015081","sodium ion transmembrane transporter activity",0.00931608780812974,85,0.983401766845836,0.576161227587942,0.772165279638322,101708,59,62,0.983622828784119,0.857649776328463,0.999944762535205
"GO:0043047","single-stranded telomeric DNA binding",0.000885609045625345,8,0.973629165771958,0.576927006903135,0.772165279638322,36148,5,5,1.03363754889179,0.847500920688346,0.999944762535205
"GO:0098505","G-rich strand telomeric DNA binding",0.000885609045625345,8,0.973629165771958,0.576927006903135,0.772165279638322,36148,5,5,1.03363754889179,0.847500920688346,0.999944762535205
"GO:0017169","CDP-alcohol phosphatidyltransferase activity",0.000662173607338042,6,0.976618654160721,0.577167968178605,0.772165279638322,26271,4,6,0.689091699261191,0.999366540590683,0.999944762535205
"GO:0034450","ubiquitin-ubiquitin ligase activity",0.00243724403373162,22,0.972902449236213,0.57958700432121,0.774101818196055,97838,6,6,1.03363754889179,0.81990338976097,0.999944762535205
"GO:1903135","cupric ion binding",0.000999466950959488,9,0.970553998706618,0.579822172475767,0.774101818196055,23341,5,5,1.03363754889179,0.847500920688346,0.999944762535205
"GO:0005544","calcium-dependent phospholipid binding",0.00594629331166133,54,0.978797978828082,0.580905483435156,0.774741928531502,136984,33,34,1.00323644451262,0.69598709351376,0.999944762535205
"GO:0030507","spectrin binding",0.00320985124849902,29,0.973775229622003,0.58163579164648,0.774910405693077,113009,15,15,1.03363754889179,0.608530174051488,0.999944762535205
"GO:0005165","neurotrophin receptor binding",0.000891601566958721,8,0.967085330764369,0.584433300578194,0.777402546158146,192315,5,5,1.03363754889179,0.847500920688346,0.999944762535205
"GO:0005021","vascular endothelial growth factor receptor activity",0.00178134830588568,16,0.968092307880904,0.584718205021521,0.777402546158146,190562,5,5,1.03363754889179,0.847500920688346,0.999944762535205
"GO:0008528","G protein-coupled peptide receptor activity",0.0106558443633774,97,0.981136646568901,0.588424783832748,0.781052558133976,150417,60,60,1.03363754889179,0.136340584987823,0.999944762535205
"GO:0004303","estradiol 17-beta-dehydrogenase [NAD(P)+] activity",0.00134189674143811,12,0.963846288986689,0.588908193167467,0.781052558133976,104678,8,8,1.03363754889179,0.767365292138344,0.999944762535205
"GO:0008237","metallopeptidase activity",0.0211010944056104,193,0.985820761743098,0.589289849005213,0.781052558133976,192468,84,85,1.02147710714012,0.230205057930201,0.999944762535205
"GO:0030742","GTP-dependent protein binding",0.00256194554909758,23,0.967617184609395,0.590406762042765,0.7817253619204,259711,6,6,1.03363754889179,0.81990338976097,0.999944762535205
"GO:0004198","calcium-dependent cysteine-type endopeptidase activity",0.000786019048227812,7,0.959865983473084,0.593000612561475,0.783346469819118,47678,5,6,0.861364624076488,0.985488575325221,0.999944762535205
"GO:0035014","phosphatidylinositol 3-kinase regulator activity",0.00112331239184926,10,0.959500227350841,0.593740807115179,0.783346469819118,137437,5,5,1.03363754889179,0.847500920688346,0.999944762535205
"GO:0098882","structural constituent of presynaptic active zone",0.00112359775000799,10,0.959256544753419,0.594055995471573,0.783346469819118,277067,6,6,1.03363754889179,0.81990338976097,0.999944762535205
"GO:0001727","lipid kinase activity",0.0041104415974578,37,0.970194646560198,0.594987503663553,0.783346469819118,90541,15,16,0.96903520208605,0.906143187267621,0.999944762535205
"GO:1990381","ubiquitin-specific protease binding",0.0027895186806865,25,0.965953824604007,0.595320047659243,0.783346469819118,286289,8,8,1.03363754889179,0.767365292138344,0.999944762535205
"GO:0016229","steroid dehydrogenase activity",0.00234806960912781,21,0.963948782211805,0.595741358099126,0.783346469819118,96195,13,13,1.03363754889179,0.650232257831926,0.999944762535205
"GO:0046915","transition metal ion transmembrane transporter activity",0.00378270775215388,34,0.96877240441207,0.596266459720237,0.783346469819118,228439,15,15,1.03363754889179,0.608530174051488,0.999944762535205
"GO:0051213","dioxygenase activity",0.0070745994712884,64,0.975042954492827,0.597078207102391,0.783346469819118,120249,37,37,1.03363754889179,0.293185627744265,0.999944762535205
"GO:0008195","phosphatidate phosphatase activity",0.00135002944896198,12,0.958039986040986,0.597126147687527,0.783346469819118,117990,6,7,0.885975041907245,0.980116776197474,0.999944762535205
"GO:0045125","bioactive lipid receptor activity",0.00157503435712231,14,0.958039986040986,0.599011580912517,0.785017219929274,93727,7,7,1.03363754889179,0.79320115868822,0.999944762535205
"GO:0008200","ion channel inhibitor activity",0.00401185035361583,36,0.967171315305478,0.601628034678585,0.787641600502678,174605,20,21,0.984416713230273,0.851973770611855,0.999944762535205
"GO:0017075","syntaxin-1 binding",0.00169088976956758,15,0.956140235836618,0.603049985816238,0.788693916016807,313868,7,7,1.03363754889179,0.79320115868822,0.999944762535205
"GO:0003713","transcription coactivator activity",0.0323479155157221,296,0.986259143879277,0.603661282563137,0.788693916016807,122660,121,122,1.02516510996644,0.0884667338864223,0.999944762535205
"GO:0035252","UDP-xylosyltransferase activity",0.00269363833935249,24,0.960323570943356,0.605686456414582,0.789731426402346,273418,7,7,1.03363754889179,0.79320115868822,0.999944762535205
"GO:0042285","xylosyltransferase activity",0.00269363833935249,24,0.960323570943356,0.605686456414582,0.789731426402346,273418,7,7,1.03363754889179,0.79320115868822,0.999944762535205
"GO:0001671","ATPase activator activity",0.00391240303529766,35,0.96420657579104,0.607923451625876,0.791843440036547,348740,12,12,1.03363754889179,0.672138750717881,0.999944762535205
"GO:0005402","carbohydrate:monoatomic cation symporter activity",0.0026986321071303,24,0.958546510301344,0.609223737492292,0.792732307507719,143748,6,6,1.03363754889179,0.81990338976097,0.999944762535205
"GO:1990275","preribosome binding",0.000685858334512814,6,0.942893108791326,0.610862329169269,0.794059137106557,50688,5,5,1.03363754889179,0.847500920688346,0.999944762535205
"GO:0019841","retinol binding",0.00226132072887322,20,0.953264595865124,0.614313697119054,0.795693136011323,31510,8,8,1.03363754889179,0.767365292138344,0.999944762535205
"GO:0004438","phosphatidylinositol-3-phosphate phosphatase activity",0.00136757897572401,12,0.945745889193512,0.614600076217631,0.795693136011323,102932,5,5,1.03363754889179,0.847500920688346,0.999944762535205
"GO:0052629","phosphatidylinositol-3,5-bisphosphate 3-phosphatase activity",0.00136757897572401,12,0.945745889193512,0.614600076217631,0.795693136011323,102932,5,5,1.03363754889179,0.847500920688346,0.999944762535205
"GO:0106018","phosphatidylinositol-3,5-bisphosphate phosphatase activity",0.00136757897572401,12,0.945745889193512,0.614600076217631,0.795693136011323,102932,5,5,1.03363754889179,0.847500920688346,0.999944762535205
"GO:0000995","RNA polymerase III general transcription initiation factor activity",0.000919138629276377,8,0.938111802537495,0.618078270231498,0.799195035161955,128371,5,5,1.03363754889179,0.847500920688346,0.999944762535205
"GO:0098809","nitrite reductase activity",0.000805708761180333,7,0.936409014158531,0.61855079494608,0.799195035161955,35402,4,5,0.826910039113429,0.990114563747042,0.999944762535205
"GO:0015172","acidic amino acid transmembrane transporter activity",0.0014862879697566,13,0.942727164914383,0.620682664350235,0.801142714649246,100627,7,7,1.03363754889179,0.79320115868822,0.999944762535205
"GO:0016918","retinal binding",0.00227187898074631,20,0.948834426921205,0.622388710561212,0.8017406649725,47956,8,8,1.03363754889179,0.767365292138344,0.999944762535205
"GO:0070330","aromatase activity",0.00114970802153199,10,0.937471492917991,0.622395714974754,0.8017406649725,15872,6,6,1.03363754889179,0.81990338976097,0.999944762535205
"GO:0097027","ubiquitin-protein transferase activator activity",0.00137628239956534,12,0.939765120041448,0.623128477150318,0.801879474607681,160337,7,7,1.03363754889179,0.79320115868822,0.999944762535205
"GO:0030552","cAMP binding",0.00193986476306141,17,0.944545968879553,0.624950156971914,0.803105729742091,208444,8,10,0.826910039113429,0.996550657200865,0.999944762535205
"GO:0004527","exonuclease activity",0.00603917739232866,54,0.963743817554732,0.625333300087567,0.803105729742091,97514,28,29,0.997994874792069,0.756884548385444,0.999944762535205
"GO:0005525","GTP binding",0.0306117964779955,279,0.982338166344142,0.627043072572516,0.804496262110537,119817,141,145,1.00512340961201,0.487770113334835,0.999944762535205
"GO:0016790","thiolester hydrolase activity",0.00317218397154637,28,0.951360896496779,0.629128022946726,0.806364888552097,44458,16,16,1.03363754889179,0.588689306503746,0.999944762535205
"GO:0001217","DNA-binding transcription repressor activity",0.050103756226515,458,0.985237251765384,0.634613663993775,0.81173567192543,162884,149,151,1.01994698533031,0.125411345840378,0.999944762535205
"GO:0001227","DNA-binding transcription repressor activity, RNA polymerase II-specific",0.0489170943234272,447,0.984900828824557,0.635913244113815,0.81173567192543,162239,142,144,1.01928147182384,0.146772756887344,0.999944762535205
"GO:0015662","P-type ion transporter activity",0.00139026494934322,12,0.930313459351376,0.636629970171101,0.81173567192543,62367,8,8,1.03363754889179,0.767365292138344,0.999944762535205
"GO:0140358","P-type transmembrane transporter activity",0.00139026494934322,12,0.930313459351376,0.636629970171101,0.81173567192543,62367,8,8,1.03363754889179,0.767365292138344,0.999944762535205
"GO:0016705","oxidoreductase activity, acting on paired donors, with incorporation or reduction of molecular oxygen",0.013093088397109,118,0.97137190703759,0.636959003629397,0.81173567192543,103204,70,70,1.03363754889179,0.097666118603249,0.999944762535205
"GO:0071933","Arp2/3 complex binding",0.00229142601461947,20,0.940740384798652,0.637131412339013,0.81173567192543,88419,5,5,1.03363754889179,0.847500920688346,0.999944762535205
"GO:0005432","calcium:sodium antiporter activity",0.000936260118800309,8,0.92095645107384,0.63824757862481,0.81173567192543,100581,7,7,1.03363754889179,0.79320115868822,0.999944762535205
"GO:0031402","sodium ion binding",0.000706404121941531,6,0.915469031298708,0.638841404594083,0.81173567192543,69143,6,6,1.03363754889179,0.81990338976097,0.999944762535205
"GO:0098960","postsynaptic neurotransmitter receptor activity",0.00706104495874862,63,0.961650373347188,0.639012493097961,0.81173567192543,224921,31,33,0.970992848958951,0.909066546422684,0.999944762535205
"GO:0001517","N-acetylglucosamine 6-O-sulfotransferase activity",0.00105325696388051,9,0.920987640333224,0.641055731274168,0.811736472468723,135261,5,5,1.03363754889179,0.847500920688346,0.999944762535205
"GO:0032451","demethylase activity",0.00240984965049333,21,0.939236536936629,0.641823989983741,0.811736472468723,116223,12,12,1.03363754889179,0.672138750717881,0.999944762535205
"GO:0019001","guanyl nucleotide binding",0.0340583523191628,310,0.981033170460434,0.642064319356754,0.811736472468723,119905,152,156,1.00713402199712,0.422236264832707,0.999944762535205
"GO:0032561","guanyl ribonucleotide binding",0.0340583523191628,310,0.981033170460434,0.642064319356754,0.811736472468723,119905,152,156,1.00713402199712,0.422236264832707,0.999944762535205
"GO:0055106","ubiquitin-protein transferase regulator activity",0.00352688416285048,31,0.947362368979038,0.642176554603082,0.811736472468723,113416,15,15,1.03363754889179,0.608530174051488,0.999944762535205
"GO:0052744","phosphatidylinositol monophosphate phosphatase activity",0.00151082877140757,13,0.92741419179461,0.643408491965762,0.812337729140843,103125,6,6,1.03363754889179,0.81990338976097,0.999944762535205
"GO:0033130","acetylcholine receptor binding",0.00185054765937824,16,0.931891477555365,0.643918527308057,0.812337729140843,110114,7,7,1.03363754889179,0.79320115868822,0.999944762535205
"GO:0034338","short-chain carboxylesterase activity",0.000712111285116175,6,0.908132072522522,0.646396560249102,0.814662855402355,36446,5,5,1.03363754889179,0.847500920688346,0.999944762535205
"GO:0008574","plus-end-directed microtubule motor activity",0.00275484766440054,24,0.938986362950053,0.648072378396967,0.815973367500794,112092,6,6,1.03363754889179,0.81990338976097,0.999944762535205
"GO:0032452","histone demethylase activity",0.00230926089954023,20,0.933474858193781,0.650337313151839,0.816421499778679,121153,11,11,1.03363754889179,0.694780322422439,0.999944762535205
"GO:0140457","protein demethylase activity",0.00230926089954023,20,0.933474858193781,0.650337313151839,0.816421499778679,121153,11,11,1.03363754889179,0.694780322422439,0.999944762535205
"GO:0141052","histone H3 demethylase activity",0.00230926089954023,20,0.933474858193781,0.650337313151839,0.816421499778679,121153,11,11,1.03363754889179,0.694780322422439,0.999944762535205
"GO:0008395","steroid hydroxylase activity",0.00152024559064573,13,0.921669533262612,0.651936827386064,0.816831005406563,91083,10,10,1.03363754889179,0.718181539548417,0.999944762535205
"GO:0051059","NF-kappaB binding",0.00152024559064573,13,0.921669533262612,0.651936827386064,0.816831005406563,85211,11,12,0.947501086484137,0.943837611172582,0.999944762535205
"GO:0004725","protein tyrosine phosphatase activity",0.0113959207480493,102,0.964709117919124,0.655638087786748,0.819705966876271,185474,47,50,0.971619295958279,0.921248576225678,0.999944762535205
"GO:0004033","aldo-keto reductase (NADPH) activity",0.00410730265771175,36,0.944694585881107,0.655783453944988,0.819705966876271,141250,18,18,1.03363754889179,0.550920147480272,0.999944762535205
"GO:0031624","ubiquitin conjugating enzyme binding",0.0044428838523808,39,0.946117943117614,0.656668695857436,0.819705966876271,216938,13,13,1.03363754889179,0.650232257831926,0.999944762535205
"GO:0004529","DNA exonuclease activity",0.00186709843258471,16,0.923630785869867,0.65742590796234,0.819705966876271,52473,10,10,1.03363754889179,0.718181539548417,0.999944762535205
"GO:0016895","DNA exonuclease activity, producing 5'-phosphomonoesters",0.00186709843258471,16,0.923630785869867,0.65742590796234,0.819705966876271,52473,10,10,1.03363754889179,0.718181539548417,0.999944762535205
"GO:0016776","phosphotransferase activity, phosphate group as acceptor",0.00366913520497847,32,0.940008746608577,0.660279069797342,0.822464122864067,169437,13,14,0.959806295399516,0.925769717436258,0.999944762535205
"GO:0003779","actin binding",0.0502682652050241,458,0.982012943681229,0.661472292837336,0.823151262570613,127906,209,214,1.00948713887095,0.297657350457756,0.999944762535205
"GO:0005540","hyaluronic acid binding",0.00153322938686805,13,0.913864589327483,0.663513802305247,0.824891674765148,85074,11,11,1.03363754889179,0.694780322422439,0.999944762535205
"GO:0140829","bicarbonate:monoatomic anion antiporter activity",0.00130751108331089,11,0.906761219874126,0.666504684445416,0.826025067478652,313673,5,5,1.03363754889179,0.847500920688346,0.999944762535205
"GO:0140900","chloride:bicarbonate antiporter activity",0.00130751108331089,11,0.906761219874126,0.666504684445416,0.826025067478652,313673,5,5,1.03363754889179,0.847500920688346,0.999944762535205
"GO:0070051","fibrinogen binding",0.00142222506312122,12,0.909407538916514,0.666515852879828,0.826025067478652,204185,6,6,1.03363754889179,0.81990338976097,0.999944762535205
"GO:0016884","carbon-nitrogen ligase activity, with glutamine as amido-N-donor",0.000961942353086206,8,0.896368471068902,0.667344961301841,0.826025067478652,328317,5,5,1.03363754889179,0.847500920688346,0.999944762535205
"GO:0046983","protein dimerization activity",0.106215728485136,973,0.987346611417604,0.667644579092254,0.826025067478652,136616,452,470,0.994051429998058,0.807747372935109,0.999944762535205
"GO:2001069","glycogen binding",0.000611522534163079,5,0.881258199945541,0.668976376879929,0.826542249562724,112770,5,5,1.03363754889179,0.847500920688346,0.999944762535205
"GO:0042625","ATPase-coupled ion transmembrane transporter activity",0.00176979130045703,15,0.913513216293112,0.670671398595976,0.826542249562724,135606,9,9,1.03363754889179,0.742367786409596,0.999944762535205
"GO:0044769","ATPase activity, coupled to transmembrane movement of ions, rotational mechanism",0.00176979130045703,15,0.913513216293112,0.670671398595976,0.826542249562724,135606,9,9,1.03363754889179,0.742367786409596,0.999944762535205
"GO:0046961","proton-transporting ATPase activity, rotational mechanism",0.00176979130045703,15,0.913513216293112,0.670671398595976,0.826542249562724,135606,9,9,1.03363754889179,0.742367786409596,0.999944762535205
"GO:0051537","2 iron, 2 sulfur cluster binding",0.0022252229217936,19,0.92029212944813,0.671414228874345,0.826542249562724,169880,9,9,1.03363754889179,0.742367786409596,0.999944762535205
"GO:0008233","peptidase activity",0.053380238605078,486,0.981299077029125,0.671967006643015,0.826542249562724,154539,248,255,1.00526318480456,0.406431850503322,0.999944762535205
"GO:0039706","co-receptor binding",0.000849939275783822,7,0.887678647465708,0.672572181249792,0.826542249562724,259539,6,6,1.03363754889179,0.81990338976097,0.999944762535205
"GO:0008417","fucosyltransferase activity",0.00177578382179041,15,0.910430494528343,0.675538482591909,0.828469704119414,127699,5,5,1.03363754889179,0.847500920688346,0.999944762535205
"GO:0034593","phosphatidylinositol bisphosphate phosphatase activity",0.00200407034877616,17,0.914284991662139,0.675814249992735,0.828469704119414,121142,7,7,1.03363754889179,0.79320115868822,0.999944762535205
"GO:0000146","microfilament motor activity",0.00313622884354611,27,0.927901018280314,0.676679065946147,0.828469704119414,138233,13,14,0.959806295399516,0.925769717436258,0.999944762535205
"GO:0008242","omega peptidase activity",0.000970503097848171,8,0.888461663032423,0.67672349954571,0.828469704119414,147351,5,5,1.03363754889179,0.847500920688346,0.999944762535205
"GO:0003746","translation elongation factor activity",0.000737365482163974,6,0.877029251927226,0.678653189800884,0.829521154324824,83289,5,5,1.03363754889179,0.847500920688346,0.999944762535205
"GO:0099528","G protein-coupled neurotransmitter receptor activity",0.00177992151509202,15,0.908314062917817,0.678875457553441,0.829521154324824,223830,5,5,1.03363754889179,0.847500920688346,0.999944762535205
"GO:0048407","platelet-derived growth factor binding",0.00189706103925159,16,0.909042754504594,0.681171411492632,0.831534653610892,137123,6,7,0.885975041907245,0.980116776197474,0.999944762535205
"GO:0005547","phosphatidylinositol-3,4,5-trisphosphate binding",0.00505026869324226,44,0.939039419022092,0.681915534955573,0.831651740825095,156280,20,21,0.984416713230273,0.851973770611855,0.999944762535205
"GO:0019825","oxygen binding",0.00212777311058656,18,0.911785792387831,0.683190029926625,0.832414822788091,54141,10,14,0.738312534922704,0.999944762535205,0.999944762535205
"GO:0004771","sterol ester esterase activity",0.000743072645338617,6,0.870293236167416,0.685671956141545,0.834646223652374,28017,5,5,1.03363754889179,0.847500920688346,0.999944762535205
"GO:0044390","ubiquitin-like protein conjugating enzyme binding",0.00483682079051059,42,0.935911805832429,0.686729624043149,0.834989907514359,202760,15,15,1.03363754889179,0.608530174051488,0.999944762535205
"GO:0017080","sodium channel regulator activity",0.00561955821991298,49,0.939808864080449,0.687255917642372,0.834989907514359,153721,22,22,1.03363754889179,0.482471268588471,0.999944762535205
"GO:0032454","histone H3K9 demethylase activity",0.00179176387867941,15,0.902310713083275,0.688318061277866,0.83548918885478,144313,8,8,1.03363754889179,0.767365292138344,0.999944762535205
"GO:0005324","long-chain fatty acid transmembrane transporter activity",0.000982060103276825,8,0.878006135688877,0.689123333476321,0.835676027268544,54723,5,5,1.03363754889179,0.847500920688346,0.999944762535205
"GO:0050145","nucleoside monophosphate kinase activity",0.00338377704624628,29,0.923723281363055,0.689893195559369,0.835819612750397,186635,10,10,1.03363754889179,0.718181539548417,0.999944762535205
"GO:0019829","ATPase-coupled monoatomic cation transmembrane transporter activity",0.00316005624980025,27,0.920904473668935,0.691052678863047,0.836434516020084,103055,17,17,1.03363754889179,0.569492916074276,0.999944762535205
"GO:0051087","protein-folding chaperone binding",0.0167953251485004,150,0.962605801765275,0.691991202100524,0.836781067196015,166476,57,59,0.998598987912404,0.698813083679756,0.999944762535205
"GO:0031491","nucleosome binding",0.0077576042242139,68,0.944771807977517,0.696887419563897,0.841432583623471,109393,27,28,0.996721922145651,0.769041088056354,0.999944762535205
"GO:0000979","RNA polymerase II core promoter sequence-specific DNA binding",0.00350933463608845,30,0.921387049512096,0.697149521739477,0.841432583623471,176502,8,8,1.03363754889179,0.767365292138344,0.999944762535205
"GO:0004252","serine-type endopeptidase activity",0.0135199842025723,120,0.956644752730092,0.699640066611258,0.842718657242815,124951,67,71,0.97540444754577,0.919220827770926,0.999944762535205
"GO:0070402","NADPH binding",0.000992332996991183,8,0.868916783888791,0.699889960448942,0.842718657242815,153407,5,5,1.03363754889179,0.847500920688346,0.999944762535205
"GO:0016413","O-acetyltransferase activity",0.000992618355149916,8,0.868666987486925,0.700185571801123,0.842718657242815,134164,4,5,0.826910039113429,0.990114563747042,0.999944762535205
"GO:0008376","acetylgalactosaminyltransferase activity",0.00486721143441556,42,0.930068015645629,0.701328600352389,0.843303274837971,211614,15,17,0.912033131375105,0.983480441460287,0.999944762535205
"GO:0015562","efflux transmembrane transporter activity",0.00146431539153422,12,0.883267499553718,0.703666562454881,0.845056021188718,200952,6,6,1.03363754889179,0.81990338976097,0.999944762535205
"GO:0003924","GTPase activity",0.0284827392556946,256,0.968732439448821,0.705400131977493,0.845056021188718,126124,123,127,1.00108203554086,0.602309876376551,0.999944762535205
"GO:0061135","endopeptidase regulator activity",0.0123259029873575,109,0.953132732874227,0.705629390198373,0.845056021188718,97601,63,65,1.00183331661819,0.644917238148535,0.999944762535205
"GO:0004190","aspartic-type endopeptidase activity",0.00192987722750579,16,0.893585129668275,0.706079543814736,0.845056021188718,97642,10,10,1.03363754889179,0.718181539548417,0.999944762535205
"GO:0070001","aspartic-type peptidase activity",0.00192987722750579,16,0.893585129668275,0.706079543814736,0.845056021188718,97642,10,10,1.03363754889179,0.718181539548417,0.999944762535205
"GO:0050661","NADP binding",0.0040940335033307,35,0.92142986390068,0.708188093120936,0.845608541791247,139574,17,17,1.03363754889179,0.569492916074276,0.999944762535205
"GO:0086080","protein binding involved in heterotypic cell-cell adhesion",0.00123645690178657,10,0.871699202623261,0.70858336419697,0.845608541791247,97112,7,8,0.904432855280313,0.974052224537346,0.999944762535205
"GO:0008092","cytoskeletal protein binding",0.107572606529908,982,0.983910120421353,0.709453935837825,0.845608541791247,132096,465,476,1.00975096687958,0.142148221707878,0.999944762535205
"GO:0140135","mechanosensitive monoatomic cation channel activity",0.00228086776274638,19,0.897840363497625,0.710538347291934,0.845608541791247,126605,6,6,1.03363754889179,0.81990338976097,0.999944762535205
"GO:0008308","voltage-gated monoatomic anion channel activity",0.000764189149084799,6,0.846244804697518,0.710755837165992,0.845608541791247,46265,6,7,0.885975041907245,0.980116776197474,0.999944762535205
"GO:0016853","isomerase activity",0.0145531234162622,129,0.955386564967676,0.710890101900946,0.845608541791247,101418,65,69,0.973716531564726,0.926625210691806,0.999944762535205
"GO:0061891","calcium ion sensor activity",0.0027402943983052,23,0.90464095422505,0.711813893323887,0.845608541791247,178724,14,14,1.03363754889179,0.629037068631593,0.999944762535205
"GO:0140784","metal ion sensor activity",0.0027402943983052,23,0.90464095422505,0.711813893323887,0.845608541791247,178724,14,14,1.03363754889179,0.629037068631593,0.999944762535205
"GO:0017171","serine hydrolase activity",0.0162340256502742,144,0.956052840350129,0.717730498910081,0.851848501481623,132454,78,82,0.983216205043406,0.8718568751297,0.999944762535205
"GO:0008252","nucleotidase activity",0.00183228473721938,15,0.882356169981293,0.719382181419956,0.853019721591316,212063,7,7,1.03363754889179,0.79320115868822,0.999944762535205
"GO:0008236","serine-type peptidase activity",0.0160291384923045,142,0.954825029525841,0.721766612391597,0.855056845520239,134002,76,80,0.981955671447197,0.881266292581858,0.999944762535205
"GO:0071949","FAD binding",0.00275770124598786,23,0.898930782638985,0.722451818537253,0.855079043527026,69282,15,15,1.03363754889179,0.608530174051488,0.999944762535205
"GO:0032052","bile acid binding",0.00101815791035645,8,0.846877274656186,0.725876893440313,0.858341063856149,51200,5,5,1.03363754889179,0.847500920688346,0.999944762535205
"GO:0042803","protein homodimerization activity",0.0677099265830529,614,0.977375976538099,0.727139334063058,0.859042141439138,135200,301,314,0.990843637631935,0.8560433947387,0.999944762535205
"GO:0001758","retinal dehydrogenase activity",0.00253840350100218,21,0.891670232637832,0.728636737207462,0.860019258359865,132006,7,7,1.03363754889179,0.79320115868822,0.999944762535205
"GO:0030165","PDZ domain binding",0.0111998796930003,98,0.9431013139527,0.733341227621511,0.8642018994623,227270,41,42,1.00902713106103,0.600927195852258,0.999944762535205
"GO:0043539","protein serine/threonine kinase activator activity",0.00617629198759948,53,0.924897663016213,0.733527567041656,0.8642018994623,141548,27,27,1.03363754889179,0.40870341270823,0.999944762535205
"GO:0008139","nuclear localization sequence binding",0.00323924313884843,27,0.898391943039227,0.736204257280165,0.86655968999124,127368,11,11,1.03363754889179,0.694780322422439,0.999944762535205
"GO:1990825","sequence-specific mRNA binding",0.00151054341324884,12,0.856236360434477,0.741400066120962,0.871875604796695,102934,7,8,0.904432855280313,0.974052224537346,0.999944762535205
"GO:0035497","cAMP response element binding",0.00210009336918954,17,0.872480942515551,0.744205455797807,0.874373259879657,195167,7,7,1.03363754889179,0.79320115868822,0.999944762535205
"GO:0050660","flavin adenine dinucleotide binding",0.00451165516863526,38,0.907806587449672,0.745806649642182,0.875452819296358,77196,28,29,0.997994874792069,0.756884548385444,0.999944762535205
"GO:0008028","monocarboxylic acid transmembrane transporter activity",0.00417835683923606,35,0.902834506223873,0.749420836892078,0.878891164289338,97303,24,26,0.954126968207803,0.94897048676548,0.999944762535205
"GO:0008106","alcohol dehydrogenase (NADP+) activity",0.00361334768494633,30,0.894864200189517,0.752262237424133,0.88141776311887,155856,16,16,1.03363754889179,0.588689306503746,0.999944762535205
"GO:0038036","sphingosine-1-phosphate receptor activity",0.00116797094369085,9,0.830531488020994,0.753320681814912,0.881580720049561,125726,5,5,1.03363754889179,0.847500920688346,0.999944762535205
"GO:0070628","proteasome binding",0.00104854855426142,8,0.822331777377404,0.754454915598281,0.881580720049561,80708,6,7,0.885975041907245,0.980116776197474,0.999944762535205
"GO:0005080","protein kinase C binding",0.00735938691370313,63,0.922666059065122,0.755543511560943,0.881580720049561,113758,25,25,1.03363754889179,0.436756224661654,0.999944762535205
"GO:0003678","DNA helicase activity",0.00304676906078357,25,0.884394643852812,0.756263111394284,0.881580720049561,98674,14,15,0.964728378965667,0.916133592753063,0.999944762535205
"GO:0004726","non-membrane spanning protein tyrosine phosphatase activity",0.00105240088940431,8,0.819321614960214,0.757922104198269,0.881580720049561,54445,4,6,0.689091699261191,0.999366540590683,0.999944762535205
"GO:0140161","monocarboxylate:sodium symporter activity",0.000683718148322322,5,0.78820380738034,0.758397200251285,0.881580720049561,79113,4,5,0.826910039113429,0.990114563747042,0.999944762535205
"GO:0005546","phosphatidylinositol-4,5-bisphosphate binding",0.0101707354935326,88,0.932558197511531,0.758625496216144,0.881580720049561,152242,39,39,1.03363754889179,0.27432617902183,0.999944762535205
"GO:0015385","sodium:proton antiporter activity",0.0017699339795364,14,0.852543603861866,0.758649158780182,0.881580720049561,53197,6,7,0.885975041907245,0.980116776197474,0.999944762535205
"GO:0005200","structural constituent of cytoskeleton",0.01106490528392,96,0.935123915660127,0.75886161464712,0.881580720049561,108000,51,53,0.994632358367568,0.752193683934663,0.999944762535205
"GO:0043274","phospholipase binding",0.00442790254904736,37,0.900635998348674,0.759272560915639,0.881580720049561,238289,12,14,0.885975041907245,0.990498352827769,0.999944762535205
"GO:0004865","protein serine/threonine phosphatase inhibitor activity",0.00201206037722066,16,0.857086403623109,0.76310623658783,0.885012260825955,43453,7,7,1.03363754889179,0.79320115868822,0.999944762535205
"GO:0015245","fatty acid transmembrane transporter activity",0.00118009866543696,9,0.821996223061281,0.763607617096128,0.885012260825955,61937,6,6,1.03363754889179,0.81990338976097,0.999944762535205
"GO:0046914","transition metal ion binding",0.108136616930642,982,0.978778319953975,0.766216712715029,0.886726625187689,139765,485,497,1.00868050545778,0.169055262976938,0.999944762535205
"GO:0016667","oxidoreductase activity, acting on a sulfur group of donors",0.00524174401775156,44,0.904737309480809,0.766469078201985,0.886726625187689,114349,19,21,0.935195877568759,0.970624666231509,0.999944762535205
"GO:0003730","mRNA 3'-UTR binding",0.0156664482725558,137,0.942531014663526,0.768552506189368,0.887724648725149,145207,51,52,1.01375990372079,0.491405408801981,0.999944762535205
"GO:0005506","iron ion binding",0.0116585929331623,101,0.933729041368772,0.768715576565581,0.887724648725149,101454,61,64,0.985185788787484,0.845506931044614,0.999944762535205
"GO:0019871","sodium channel inhibitor activity",0.00143264063591495,11,0.827562973700477,0.77273825097402,0.891567604316248,123737,5,5,1.03363754889179,0.847500920688346,0.999944762535205
"GO:0005518","collagen binding",0.00696587801281144,59,0.912896997472568,0.77539021306939,0.893823578947015,107818,36,37,1.00570139892174,0.659802080776327,0.999944762535205
"GO:0016717","oxidoreductase activity, acting on paired donors, with oxidation of a pair of donors resulting in the reduction of molecular oxygen to two molecules of water",0.00132192167032686,10,0.815342179161703,0.78015221458427,0.898505647496964,37509,6,6,1.03363754889179,0.81990338976097,0.999944762535205
"GO:0015386","potassium:proton antiporter activity",0.00156618825420161,12,0.82581528176367,0.782407578417596,0.900294998304732,60463,5,6,0.861364624076488,0.985488575325221,0.999944762535205
"GO:0005313","L-glutamate transmembrane transporter activity",0.00120606625788159,9,0.804297972428707,0.784601807040832,0.90168004872981,114696,5,5,1.03363754889179,0.847500920688346,0.999944762535205
"GO:0086008","voltage-gated potassium channel activity involved in cardiac muscle cell action potential repolarization",0.00145019016267698,11,0.817548191551209,0.78551748567446,0.90168004872981,57014,6,6,1.03363754889179,0.81990338976097,0.999944762535205
"GO:0005338","nucleotide-sugar transmembrane transporter activity",0.000709685740766951,5,0.75936321772549,0.785719637162843,0.90168004872981,58585,5,5,1.03363754889179,0.847500920688346,0.999944762535205
"GO:0031681","G-protein beta-subunit binding",0.00298926939179903,24,0.865350040372279,0.786570002651767,0.901849252370167,117834,10,11,0.939670498992533,0.952193710808194,0.999944762535205
"GO:0008381","mechanosensitive monoatomic ion channel activity",0.00299568995037051,24,0.863495365585808,0.789769490994169,0.90470915798707,126692,11,11,1.03363754889179,0.694780322422439,0.999944762535205
"GO:0098641","cadherin binding involved in cell-cell adhesion",0.00335053282075398,27,0.868551389635889,0.792414933086517,0.906929847591437,74140,11,12,0.947501086484137,0.943837611172582,0.999944762535205
"GO:0042379","chemokine receptor binding",0.0025404010081133,20,0.848542015156773,0.796700412229846,0.911021950883149,84871,16,17,0.972835340133446,0.895831553375266,0.999944762535205
"GO:0051020","GTPase binding",0.0371663307049945,330,0.956995476076897,0.799223666937525,0.913093468104047,111768,139,143,1.00472461046125,0.500128845664206,0.999944762535205
"GO:0030414","peptidase inhibitor activity",0.0124627322244696,107,0.925371555184835,0.802440470878598,0.915952957417475,91774,62,64,1.00133637548892,0.653888448524301,0.999944762535205
"GO:0140034","methylation-dependent protein binding",0.00693933970404935,58,0.900856211070245,0.803943795307985,0.916853235004573,109609,32,33,1.00231519892537,0.708137930268074,0.999944762535205
"GO:0050815","phosphoserine residue binding",0.00148029544842322,11,0.800921428330264,0.806222222082193,0.918635089637171,55828,7,7,1.03363754889179,0.79320115868822,0.999944762535205
"GO:0052742","phosphatidylinositol kinase activity",0.00326763627564228,26,0.857600984797234,0.807845913200445,0.919668417600861,84524,9,9,1.03363754889179,0.742367786409596,0.999944762535205
"GO:0001216","DNA-binding transcription activator activity",0.0714902087908576,642,0.96790803346075,0.809644854529848,0.920899245001592,144620,222,228,1.00643656076305,0.38307991143966,0.999944762535205
"GO:0004866","endopeptidase inhibitor activity",0.0114870926797642,98,0.919520852581606,0.810870936077495,0.921476891928632,94318,57,59,0.998598987912404,0.698813083679756,0.999944762535205
"GO:0000217","DNA secondary structure binding",0.00594486652086767,49,0.888381700203345,0.814640894796665,0.924239053415847,98119,21,21,1.03363754889179,0.498744975909144,0.999944762535205
"GO:0045499","chemorepellent activity",0.00514286741575086,42,0.88021667964265,0.815456017723492,0.924239053415847,242020,17,17,1.03363754889179,0.569492916074276,0.999944762535205
"GO:0030296","protein tyrosine kinase activator activity",0.00281405948233747,22,0.842626356936216,0.815462672226609,0.924239053415847,107399,15,18,0.861364624076489,0.997662033768317,0.999944762535205
"GO:0017056","structural constituent of nuclear pore",0.00319001885646713,25,0.844680348190041,0.825305856333039,0.933657094016251,142889,10,10,1.03363754889179,0.718181539548417,0.999944762535205
"GO:0035064","methylated histone binding",0.00690024563630304,57,0.89034010488853,0.826744463246822,0.933657094016251,111488,31,32,1.00133637548892,0.720315422156233,0.999944762535205
"GO:0016248","channel inhibitor activity",0.00494611296530501,40,0.871648911317507,0.827347418269108,0.933657094016251,198110,21,22,0.98665402394216,0.840492829643271,0.999944762535205
"GO:0141110","transporter inhibitor activity",0.00494611296530501,40,0.871648911317507,0.827347418269108,0.933657094016251,198110,21,22,0.98665402394216,0.840492829643271,0.999944762535205
"GO:0001228","DNA-binding transcription activator activity, RNA polymerase II-specific",0.0713428213018724,639,0.965375360786864,0.827410846372936,0.933657094016251,145130,220,226,1.00619584405395,0.392410900209828,0.999944762535205
"GO:0008270","zinc ion binding",0.0888659524342192,799,0.969074155182665,0.82845429357593,0.934013056817151,146407,383,391,1.01248895454106,0.103211804760569,0.999944762535205
"GO:0016595","glutamate binding",0.00152595275382037,11,0.776957439824824,0.83474399008013,0.939533572725108,234589,6,6,1.03363754889179,0.81990338976097,0.999944762535205
"GO:0009055","electron transfer activity",0.00830035544212252,69,0.895979415565774,0.834815489405006,0.939533572725108,158285,31,32,1.00133637548892,0.720315422156233,0.999944762535205
"GO:0015368","calcium:monoatomic cation antiporter activity",0.00153265867055058,11,0.773557979792077,0.83864788296305,0.942845791498147,243769,9,9,1.03363754889179,0.742367786409596,0.999944762535205
"GO:0043495","protein-membrane adaptor activity",0.00346011035370714,27,0.841045411851865,0.839228288301546,0.942845791498147,93356,13,14,0.959806295399516,0.925769717436258,0.999944762535205
"GO:0046982","protein heterodimerization activity",0.0353747095053944,311,0.947574006247365,0.840170818812119,0.943078880608879,147283,128,132,1.00231519892537,0.569907919394048,0.999944762535205
"GO:0015631","tubulin binding",0.0476389751304657,422,0.954763203445397,0.841096522618222,0.943292691013269,154662,182,186,1.01140878439949,0.270377042012964,0.999944762535205
"GO:1901611","phosphatidylglycerol binding",0.00216073197792013,16,0.798113606965998,0.846192517962777,0.947633262897057,80715,6,7,0.885975041907245,0.980116776197474,0.999944762535205
"GO:0045236","CXCR chemokine receptor binding",0.00116854166000831,8,0.737889649810322,0.846444052439616,0.947633262897057,139546,7,8,0.904432855280313,0.974052224537346,0.999944762535205
"GO:0003688","DNA replication origin binding",0.00167462435451984,12,0.772341684239568,0.848565816083696,0.949091722768134,33393,9,9,1.03363754889179,0.742367786409596,0.999944762535205
"GO:0050700","CARD domain binding",0.00204516192363359,15,0.790513320419964,0.849226264799546,0.949091722768134,74784,6,6,1.03363754889179,0.81990338976097,0.999944762535205
"GO:0051139","metal cation:proton antiporter activity",0.00253797546376408,19,0.806885318803296,0.852343712142061,0.951746721216941,220041,9,10,0.930273794002607,0.960044008160206,0.999944762535205
"GO:0016830","carbon-carbon lyase activity",0.00455831122758797,36,0.851224585068218,0.853245665487873,0.951925381583427,57083,24,24,1.03363754889179,0.451493748329284,0.999944762535205
"GO:0043027","cysteine-type endopeptidase inhibitor activity involved in apoptotic process",0.00266267697913005,20,0.80957510341155,0.854042313144703,0.951986349057041,59898,10,10,1.03363754889179,0.718181539548417,0.999944762535205
"GO:0070412","R-SMAD binding",0.0037447551170425,29,0.83468038332722,0.856882897404826,0.954323574106243,156454,10,10,1.03363754889179,0.718181539548417,0.999944762535205
"GO:0008227","G protein-coupled amine receptor activity",0.00562555074124635,45,0.86217038157399,0.858199145951458,0.954960541418664,188294,16,17,0.972835340133446,0.895831553375266,0.999944762535205
"GO:0070700","BMP receptor binding",0.00194528656807733,14,0.775693369950597,0.860095973778389,0.956241884192091,243251,8,8,1.03363754889179,0.767365292138344,0.999944762535205
"GO:0004896","cytokine receptor activity",0.00668979399423805,54,0.870014813608018,0.863497239672327,0.959192171861122,107277,38,38,1.03363754889179,0.283599784130272,0.999944762535205
"GO:0022821","solute:potassium antiporter activity",0.00232937864973085,17,0.786600942844934,0.866833034420613,0.961054744004052,81788,9,10,0.930273794002607,0.960044008160206,0.999944762535205
"GO:0016289","acyl-CoA hydrolase activity",0.00233080544052451,17,0.786119429045446,0.867421195289706,0.961054744004052,41604,8,8,1.03363754889179,0.767365292138344,0.999944762535205
"GO:0047617","fatty acyl-CoA hydrolase activity",0.00233080544052451,17,0.786119429045446,0.867421195289706,0.961054744004052,41604,8,8,1.03363754889179,0.767365292138344,0.999944762535205
"GO:0016701","oxidoreductase activity, acting on single donors with incorporation of molecular oxygen",0.00282376165973437,21,0.801561573890135,0.8698125576852,0.962042682336303,110849,13,13,1.03363754889179,0.650232257831926,0.999944762535205
"GO:0016702","oxidoreductase activity, acting on single donors with incorporation of molecular oxygen, incorporation of two atoms of oxygen",0.00282376165973437,21,0.801561573890135,0.8698125576852,0.962042682336303,110849,13,13,1.03363754889179,0.650232257831926,0.999944762535205
"GO:0042923","neuropeptide binding",0.00366956324221657,28,0.822411711645588,0.871506340884158,0.963085818565352,168238,14,14,1.03363754889179,0.629037068631593,0.999944762535205
"GO:0140517","protein-RNA adaptor activity",0.00661631426836451,53,0.86338674278974,0.873967222024781,0.964974135850081,147541,11,11,1.03363754889179,0.694780322422439,0.999944762535205
"GO:0016888","endodeoxyribonuclease activity, producing 5'-phosphomonoesters",0.00173026919547262,12,0.747503450805625,0.875848935780786,0.965848984196874,106729,6,6,1.03363754889179,0.81990338976097,0.999944762535205
"GO:0004032","aldose reductase (NADPH) activity",0.00210594321144355,15,0.76769769206638,0.876265173503633,0.965848984196874,192273,8,8,1.03363754889179,0.767365292138344,0.999944762535205
"GO:0008009","chemokine activity",0.00198823297096652,14,0.758938170499207,0.879018305430862,0.967823610155285,104958,11,12,0.947501086484137,0.943837611172582,0.999944762535205
"GO:1990841","promoter-specific chromatin binding",0.00849311487834611,69,0.875644298298876,0.879565338613455,0.967823610155285,194978,27,27,1.03363754889179,0.40870341270823,0.999944762535205
"GO:0031690","adrenergic receptor binding",0.00369866977440725,28,0.81593977594464,0.880664257388594,0.968202435500914,226923,10,10,1.03363754889179,0.718181539548417,0.999944762535205
"GO:0005161","platelet-derived growth factor receptor binding",0.00200150212534757,14,0.753906715562193,0.884433130192675,0.97151344694966,177341,8,9,0.918788932348254,0.967345337968338,0.999944762535205
"GO:0031267","small GTPase binding",0.0338891349310346,294,0.93504492894929,0.885838576324569,0.971565947439211,119705,130,134,1.00278269668606,0.557036330816006,0.999944762535205
"GO:0034237","protein kinase A regulatory subunit binding",0.00299155225706889,22,0.792632214329803,0.885995447002242,0.971565947439211,123642,11,11,1.03363754889179,0.694780322422439,0.999944762535205
"GO:0000099","sulfur amino acid transmembrane transporter activity",0.00111946005670637,7,0.673961471189552,0.892531351741939,0.977897288031519,120151,5,5,1.03363754889179,0.847500920688346,0.999944762535205
"GO:0008081","phosphoric diester hydrolase activity",0.0121432737657689,100,0.887584778335214,0.89570028106354,0.980531962973142,163862,47,48,1.01210343328987,0.53369327566164,0.999944762535205
"GO:0030527","structural constituent of chromatin",0.00423956616428412,32,0.813531161330893,0.897892580533616,0.982093930796785,91061,20,21,0.984416713230273,0.851973770611855,0.999944762535205
"GO:0016831","carboxy-lyase activity",0.00352160503691393,26,0.795753089450865,0.899282701651333,0.982776581106184,50665,15,15,1.03363754889179,0.608530174051488,0.999944762535205
"GO:0008066","glutamate receptor activity",0.00352645612561238,26,0.794658429916906,0.900615865081856,0.983395876510656,248344,15,15,1.03363754889179,0.608530174051488,0.999944762535205
"GO:0030553","cGMP binding",0.00255381284157372,18,0.759677161957635,0.903297006470147,0.98548474430374,177141,6,6,1.03363754889179,0.81990338976097,0.999944762535205
"GO:0008093","cytoskeletal anchor activity",0.00438495614615817,33,0.811137196394087,0.904190696918246,0.985621634788539,128694,14,14,1.03363754889179,0.629037068631593,0.999944762535205
"GO:0004867","serine-type endopeptidase inhibitor activity",0.00712610661893956,56,0.846995968037357,0.9077012524744,0.988608409953018,101579,35,36,1.0049253947559,0.671809144347195,0.999944762535205
"GO:0005516","calmodulin binding",0.0229179698022582,194,0.912370466952446,0.909288573537553,0.989497234816522,152572,90,91,1.02227889450836,0.198329096230059,0.999944762535205
"GO:0005104","fibroblast growth factor receptor binding",0.00257835364322468,18,0.752446545397583,0.910719421815198,0.990214422193982,244667,9,9,1.03363754889179,0.742367786409596,0.999944762535205
"GO:0016709","oxidoreductase activity, acting on paired donors, with incorporation or reduction of molecular oxygen, NAD(P)H as one donor, and incorporation of one atom of oxygen",0.00383421489980504,28,0.787095107052167,0.91679688143478,0.995978322507047,148832,17,17,1.03363754889179,0.569492916074276,0.999944762535205
"GO:0004118","3',5'-cGMP-stimulated cyclic-nucleotide phosphodiesterase activity",0.00222750578706346,15,0.725801814943618,0.918722917299146,0.99616271450733,187907,5,5,1.03363754889179,0.847500920688346,0.999944762535205
"GO:0051536","iron-sulfur cluster binding",0.00732271839030604,57,0.838973328773047,0.921349441358977,0.99616271450733,198598,32,32,1.03363754889179,0.346177383444571,0.999944762535205
"GO:0051540","metal cluster binding",0.00732271839030604,57,0.838973328773047,0.921349441358977,0.99616271450733,198598,32,32,1.03363754889179,0.346177383444571,0.999944762535205
"GO:0043139","5'-3' DNA helicase activity",0.00172099505531383,11,0.688903981008663,0.921662596210573,0.99616271450733,98906,6,6,1.03363754889179,0.81990338976097,0.999944762535205
"GO:0052650","all-trans-retinol dehydrogenase (NADP+) activity",0.00172256452518685,11,0.688276304060838,0.922163471563269,0.99616271450733,144569,6,6,1.03363754889179,0.81990338976097,0.999944762535205
"GO:0016530","metallochaperone activity",0.00132548864731101,8,0.650518431856463,0.922859376689848,0.99616271450733,98906,4,5,0.826910039113429,0.990114563747042,0.999944762535205
"GO:0070064","proline-rich region binding",0.00362847166735914,26,0.772316375833678,0.925519159671757,0.99616271450733,105534,10,10,1.03363754889179,0.718181539548417,0.999944762535205
"GO:1901612","cardiolipin binding",0.00199636567849039,13,0.701857409727925,0.92613427912958,0.99616271450733,77575,4,5,0.826910039113429,0.990114563747042,0.999944762535205
"GO:0004114","3',5'-cyclic-nucleotide phosphodiesterase activity",0.00485522639174881,36,0.799169033581928,0.92720938624084,0.99616271450733,201553,14,15,0.964728378965667,0.916133592753063,0.999944762535205
"GO:0004115","3',5'-cyclic-AMP phosphodiesterase activity",0.00485522639174881,36,0.799169033581928,0.92720938624084,0.99616271450733,201553,14,15,0.964728378965667,0.916133592753063,0.999944762535205
"GO:0047555","3',5'-cyclic-GMP phosphodiesterase activity",0.00485522639174881,36,0.799169033581928,0.92720938624084,0.99616271450733,201553,14,15,0.964728378965667,0.916133592753063,0.999944762535205
"GO:0003677","DNA binding",0.274112479054711,2481,0.975536646935283,0.928083821162196,0.99616271450733,152980,1050,1077,1.00772462983879,0.0781725130448718,0.999944762535205
"GO:0004117","calmodulin-activated dual specificity 3',5'-cyclic-GMP, 3',5'-cyclic-AMP phosphodiesterase activity",0.00226317555690498,15,0.714362497471931,0.928586212890893,0.99616271450733,185241,5,6,0.861364624076488,0.985488575325221,0.999944762535205
"GO:0048101","calmodulin-activated 3',5'-cyclic-GMP phosphodiesterase activity",0.00226317555690498,15,0.714362497471931,0.928586212890893,0.99616271450733,185241,5,6,0.861364624076488,0.985488575325221,0.999944762535205
"GO:0043015","gamma-tubulin binding",0.00352032092519964,25,0.765426305063549,0.928764215154046,0.99616271450733,359188,12,12,1.03363754889179,0.672138750717881,0.999944762535205
"GO:0098631","cell adhesion mediator activity",0.00984000538756204,78,0.85436785171648,0.929485569470554,0.99616271450733,143085,41,44,0.963162261467346,0.946162300584926,0.999944762535205
"GO:0015036","disulfide oxidoreductase activity",0.00327890792291221,23,0.75603908301842,0.930165964130772,0.99616271450733,89046,13,14,0.959806295399516,0.925769717436258,0.999944762535205
"GO:0004222","metalloendopeptidase activity",0.0138084813010506,112,0.874213962050543,0.932768417117082,0.997524399402929,214968,49,49,1.03363754889179,0.196688245099558,0.999944762535205
"GO:0045294","alpha-catenin binding",0.00135687804477155,8,0.635469635325609,0.933384103314432,0.997524399402929,126412,5,6,0.861364624076488,0.985488575325221,0.999944762535205
"GO:0008017","microtubule binding",0.0328952324641704,280,0.917425280490162,0.934202595580629,0.997524399402929,111639,126,128,1.01748696219035,0.207689663428157,0.999944762535205
"GO:0030371","translation repressor activity",0.00501788054222616,37,0.794743597280353,0.934547410820203,0.997524399402929,76594,19,20,0.981955671447197,0.863273855908965,0.999944762535205
"GO:0000976","transcription cis-regulatory region binding",0.189301608735156,1699,0.967352383247709,0.937806801536341,0.999340636520868,150066,671,690,1.00517506566143,0.258822905885811,0.999944762535205
"GO:0001067","transcription regulatory region nucleic acid binding",0.189301608735156,1699,0.967352383247709,0.937806801536341,0.999340636520868,150066,671,690,1.00517506566143,0.258822905885811,0.999944762535205
"GO:0051539","4 iron, 4 sulfur cluster binding",0.00431276053199892,31,0.77473286792579,0.93895760315346,0.999723124061923,184475,19,19,1.03363754889179,0.532950817764734,0.999944762535205
"GO:0140103","catalytic activity, acting on a glycoprotein",0.00282162147354387,19,0.725772454028774,0.939724152469742,0.999723124061923,181097,8,10,0.826910039113429,0.996550657200865,0.999944762535205
"GO:0004175","endopeptidase activity",0.0363850200663857,310,0.918300259155135,0.941760344552972,1,167517,158,164,0.995821541005501,0.714300724115432,0.999944762535205
"GO:0071837","HMG box domain binding",0.00471311802870018,34,0.777528350006745,0.944208062941592,1,157382,9,9,1.03363754889179,0.742367786409596,0.999944762535205
"GO:0016757","glycosyltransferase activity",0.0294907669514161,248,0.906381944189415,0.947229769409019,1,158719,107,110,1.00544743392201,0.516661096343116,0.999944762535205
"GO:0015035","protein-disulfide reductase activity",0.00223221419668254,14,0.675986155698718,0.951066641995033,1,114836,11,12,0.947501086484137,0.943837611172582,0.999944762535205
"GO:0017124","SH3 domain binding",0.01921501965547,157,0.88065225436391,0.952456856156583,1,161428,51,54,0.97621324062002,0.901966184125149,0.999944762535205
"GO:0140110","transcription regulator activity",0.24216734658004,2178,0.969366314681869,0.95390841937321,1,150510,884,908,1.00631673262152,0.157558967984885,0.999944762535205
"GO:0005548","phospholipid transporter activity",0.00686571729909644,51,0.800626371127581,0.955489114611921,1,227885,26,27,0.995354676710609,0.781156051761805,0.999944762535205
"GO:1990837","sequence-specific double-stranded DNA binding",0.195820901229551,1752,0.964318922047315,0.956758952389745,1,148843,700,720,1.0049253947559,0.264703958534516,0.999944762535205
"GO:0052866","phosphatidylinositol phosphate phosphatase activity",0.00279151618779763,18,0.694989088774838,0.957442414645927,1,120270,8,9,0.918788932348254,0.967345337968338,0.999944762535205
"GO:0004953","icosanoid receptor activity",0.00146303127981993,8,0.589361832645459,0.960236040363031,1,117875,6,6,1.03363754889179,0.81990338976097,0.999944762535205
"GO:0000030","mannosyltransferase activity",0.00487734164905056,34,0.751348408196021,0.96488139215438,1,127286,12,12,1.03363754889179,0.672138750717881,0.999944762535205
"GO:0098632","cell-cell adhesion mediator activity",0.00901232404815933,68,0.813238153590526,0.965103325918561,1,148688,33,35,0.97457254609797,0.895852503850823,0.999944762535205
"GO:0033691","sialic acid binding",0.00260161033316136,16,0.662862370510754,0.967720730878562,1,194888,11,12,0.947501086484137,0.943837611172582,0.999944762535205
"GO:0043565","sequence-specific DNA binding",0.20515296909457,1832,0.96248350302898,0.968200865790445,1,150272,738,758,1.00636479034583,0.186124997385283,0.999944762535205
"GO:0004935","adrenergic receptor activity",0.003404322833675,22,0.696526388845473,0.969734120970694,1,198412,5,5,1.03363754889179,0.847500920688346,0.999944762535205
"GO:0003680","minor groove of adenine-thymine-rich DNA binding",0.0035541358670094,23,0.697492339094593,0.971844259959004,1,135495,8,8,1.03363754889179,0.767365292138344,0.999944762535205
"GO:0140828","metal cation:monoatomic cation antiporter activity",0.00483881829762171,33,0.735055713179792,0.972868744504239,1,181709,19,20,0.981955671447197,0.863273855908965,0.999944762535205
"GO:0140303","intramembrane lipid transporter activity",0.0064025810074741,45,0.757535628753828,0.977666225710016,1,259058,19,20,0.981955671447197,0.863273855908965,0.999944762535205
"GO:0004954","prostanoid receptor activity",0.00142935901708953,7,0.527840058190579,0.977877260235098,1,134708,5,5,1.03363754889179,0.847500920688346,0.999944762535205
"GO:0004955","prostaglandin receptor activity",0.00142935901708953,7,0.527840058190579,0.977877260235098,1,134708,5,5,1.03363754889179,0.847500920688346,0.999944762535205
"GO:0030551","cyclic nucleotide binding",0.00516912036635422,35,0.729788526174228,0.978646012915004,1,174059,15,17,0.912033131375105,0.983480441460287,0.999944762535205
"GO:0003690","double-stranded DNA binding",0.205345728530794,1824,0.957380973839756,0.982505030917067,1,148713,732,753,1.00481100370357,0.2634874547778,0.999944762535205
"GO:0008194","UDP-glycosyltransferase activity",0.0167265538322459,130,0.837688419280839,0.983283466431021,1,161099,52,54,0.995354676710609,0.743383536864635,0.999944762535205
"GO:0015185","gamma-aminobutyric acid transmembrane transporter activity",0.0014875720814709,7,0.50718412650616,0.984002959627466,1,98462,5,6,0.861364624076488,0.985488575325221,0.999944762535205
"GO:0061980","regulatory RNA binding",0.015119702040425,116,0.826914082884069,0.984619696730849,1,151961,26,27,0.995354676710609,0.781156051761805,0.999944762535205
"GO:0008527","taste receptor activity",0.0019592691178552,10,0.550112532037079,0.986105672637312,1,118710,8,8,1.03363754889179,0.767365292138344,0.999944762535205
"GO:1901338","catecholamine binding",0.00296101893408455,17,0.61880436529111,0.98716722270399,1,293038,5,6,0.861364624076488,0.985488575325221,0.999944762535205
"GO:0000977","RNA polymerase II transcription regulatory region sequence-specific DNA binding",0.181561268679545,1601,0.950416035110236,0.988548908007238,1,150441,635,651,1.00823324661488,0.138460068771295,0.999944762535205
"GO:0005198","structural molecule activity",0.0722833617930537,615,0.917027595572358,0.988551106355391,1,116387,311,316,1.017282524384,0.0509131863924343,0.999944762535205
"GO:0016758","hexosyltransferase activity",0.0229369461198139,181,0.850527993753323,0.988945160896914,1,143260,74,76,1.00643656076305,0.548119699753553,0.999944762535205
"GO:0070513","death domain binding",0.00303007560849774,17,0.604701558265593,0.990460073039145,1,250904,6,6,1.03363754889179,0.81990338976097,0.999944762535205
"GO:0008307","structural constituent of muscle",0.00696430854293841,47,0.727386918167747,0.990844944771851,1,191230,18,19,0.979235572634324,0.874368082359967,0.999944762535205
"GO:0003700","DNA-binding transcription factor activity",0.190076213457034,1675,0.949801107093867,0.99106758899371,1,153254,659,677,1.00615530977797,0.214927086588227,0.999944762535205
"GO:0030247","polysaccharide binding",0.00511062194381412,32,0.674872691247276,0.99271637026642,1,57796,16,16,1.03363754889179,0.588689306503746,0.999944762535205
"GO:0003785","actin monomer binding",0.00565793889226246,36,0.685787997573053,0.993337978478931,1,131635,12,12,1.03363754889179,0.672138750717881,0.999944762535205
"GO:0043177","organic acid binding",0.023846239892614,186,0.840695392819789,0.993610262638206,1,118260,83,88,0.974908142704753,0.93351234956548,0.999944762535205
"GO:0051018","protein kinase A binding",0.00848926254320322,58,0.736382841419392,0.993932886925933,1,217778,25,26,0.993882258549794,0.793212968818007,0.999944762535205
"GO:0031406","carboxylic acid binding",0.0237268175031846,184,0.835841566702369,0.9947786151027,1,118085,81,83,1.00873062000283,0.489647063108888,0.999944762535205
"GO:0004112","cyclic-nucleotide phosphodiesterase activity",0.0060533026211859,38,0.676607554371048,0.995796933810543,1,191754,15,16,0.96903520208605,0.906143187267621,0.999944762535205
"GO:0035198","miRNA binding",0.0137367137241294,99,0.776779899356424,0.996251023987278,1,153513,21,22,0.98665402394216,0.840492829643271,0.999944762535205
"GO:0002020","protease binding",0.0200342829291901,151,0.81236045919589,0.996509146444921,1,147012,59,62,0.983622828784119,0.857649776328463,0.999944762535205
"GO:0033038","bitter taste receptor activity",0.00141337896020053,5,0.381291403691358,0.996568985844956,1,175507,5,5,1.03363754889179,0.847500920688346,0.999944762535205
"GO:0000987","cis-regulatory region sequence-specific DNA binding",0.166818096729567,1451,0.93749699069548,0.996814229426823,1,149866,561,576,1.0067199043894,0.217927751368306,0.999944762535205
"GO:0000978","RNA polymerase II cis-regulatory region sequence-specific DNA binding",0.163762053528625,1422,0.93590539895231,0.997174080135197,1,150985,554,569,1.006388755863,0.234247890844141,0.999944762535205
"GO:0004888","transmembrane signaling receptor activity",0.0995977020678194,845,0.914435383221575,0.997367226941152,1,143445,444,456,1.00643656076305,0.269888883477439,0.999944762535205
"GO:0000981","DNA-binding transcription factor activity, RNA polymerase II-specific",0.185459546485985,1610,0.9356691582708,0.998617555673071,1,154759,626,644,1.00474705839481,0.291674800865874,0.999944762535205
"GO:0034062","5'-3' RNA polymerase activity",0.00285614981075047,13,0.490577923714314,0.998661135577118,1,51303,6,9,0.689091699261191,0.999878638475832,0.999944762535205
"GO:0097747","RNA polymerase activity",0.00285614981075047,13,0.490577923714314,0.998661135577118,1,51303,6,9,0.689091699261191,0.999878638475832,0.999944762535205
"GO:0032036","myosin heavy chain binding",0.00279237226227383,12,0.463184014507169,0.999183309301128,1,73432,7,7,1.03363754889179,0.79320115868822,0.999944762535205
"GO:0070003","threonine-type peptidase activity",0.00280278783506755,12,0.461462754424751,0.9992294228388,1,90146,5,5,1.03363754889179,0.847500920688346,0.999944762535205
"GO:0038023","signaling receptor activity",0.121701402364135,1030,0.912194131423992,0.999317200562341,1,137681,534,549,1.00539608580731,0.2851750894394,0.999944762535205
"GO:0060089","molecular transducer activity",0.121701402364135,1030,0.912194131423992,0.999317200562341,1,137681,534,549,1.00539608580731,0.2851750894394,0.999944762535205
"GO:0140375","immune receptor activity",0.0146821053040092,101,0.741444539307164,0.999355451163534,1,68859,58,58,1.03363754889179,0.145740055031538,0.999944762535205
"GO:0003899","DNA-directed 5'-3' RNA polymerase activity",0.0026906420786858,11,0.440638446225819,0.999407650610854,1,52952,5,8,0.646023468057366,0.999930809755804,0.999944762535205
"GO:0033293","monocarboxylic acid binding",0.0123226213685321,81,0.708479920900108,0.999589160987282,1,103108,28,28,1.03363754889179,0.395357572880522,0.999944762535205
"GO:0015020","glucuronosyltransferase activity",0.00726364925144848,42,0.62321809930895,0.999645977912874,1,135972,15,15,1.03363754889179,0.608530174051488,0.999944762535205
"GO:0045159","myosin II binding",0.00274714299411477,10,0.392341606415975,0.999842085542213,1,71660,5,5,1.03363754889179,0.847500920688346,0.999944762535205
"GO:0004930","G protein-coupled receptor activity",0.0555252758842679,437,0.848274366896253,0.999869255379556,1,135975,241,252,0.988518449535399,0.880182557291013,0.999944762535205
"GO:0005549","odorant binding",0.00437796487126923,20,0.492383345713282,0.999877623658296,1,79498,19,20,0.981955671447197,0.863273855908965,0.999944762535205
"GO:0004879","nuclear receptor activity",0.0127586486350749,81,0.68426759464627,0.999893100684772,1,139191,30,31,1.00029440215334,0.732507657735486,0.999944762535205
"GO:0098531","ligand-activated transcription factor activity",0.0127586486350749,81,0.68426759464627,0.999893100684772,1,139191,30,31,1.00029440215334,0.732507657735486,0.999944762535205
"GO:0017128","phospholipid scramblase activity",0.00432945398428476,18,0.448110384981536,0.999969517065613,1,327947,8,9,0.918788932348254,0.967345337968338,0.999944762535205
"GO:0005501","retinoid binding",0.00925045543162134,51,0.594227426638171,0.999981911690871,1,125869,14,14,1.03363754889179,0.629037068631593,0.999944762535205
"GO:0019840","isoprenoid binding",0.00925045543162134,51,0.594227426638171,0.999981911690871,1,125869,14,14,1.03363754889179,0.629037068631593,0.999944762535205
"GO:0023023","MHC protein complex binding",0.00793309949183419,41,0.557040263461557,0.999987461333946,1,35881,19,19,1.03363754889179,0.532950817764734,0.999944762535205
"GO:0023026","MHC class II protein complex binding",0.00754058934449807,38,0.543155195870313,0.999989418001286,1,34868,17,17,1.03363754889179,0.569492916074276,0.999944762535205
"GO:0001972","retinoic acid binding",0.00723197449582921,35,0.521623069322827,0.999994164985017,1,161797,9,9,1.03363754889179,0.742367786409596,0.999944762535205
"GO:0032395","MHC class II receptor activity",0.00649018596220488,28,0.464993114927297,0.999998780864628,1,31745,8,8,1.03363754889179,0.767365292138344,0.999944762535205
"GO:0017022","myosin binding",0.00804438917373974,38,0.50913875422121,0.999999001516944,1,144739,24,24,1.03363754889179,0.451493748329284,0.999944762535205
"GO:0042277","peptide binding",0.0386748766111322,273,0.760815482860658,0.999999347893764,1,97375,105,108,1.0049253947559,0.530924877434441,0.999944762535205
"GO:0004984","olfactory receptor activity",0.01174462841802,62,0.568981361812375,0.999999656469289,1,79341,58,66,0.908348149026115,0.999740147584413,0.999944762535205
"GO:0030881","beta-2-microglobulin binding",0.00735496386224278,24,0.351703208516938,0.999999999818196,1,34817,5,5,1.03363754889179,0.847500920688346,0.999944762535205
"GO:0042608","T cell receptor binding",0.00920165918647813,31,0.363112485250773,0.999999999996452,1,31609,6,6,1.03363754889179,0.81990338976097,0.999944762535205
"GO:0019911","structural constituent of myelin sheath",0.010558251873091,37,0.377707264496659,0.999999999999535,1,71908,5,5,1.03363754889179,0.847500920688346,0.999944762535205
"GO:0003823","antigen binding",0.0212637485560877,105,0.532224794301213,0.999999999999872,1,45247,35,36,1.0049253947559,0.671809144347195,0.999944762535205
"GO:0046977","TAP binding",0.0120001666491647,40,0.359267842481306,0.999999999999998,1,36201,4,5,0.826910039113429,0.990114563747042,0.999944762535205
"GO:0042605","peptide antigen binding",0.0192819361436927,83,0.46395203494432,1,1,36564,20,21,0.984416713230273,0.851973770611855,0.999944762535205
