"id","genome_fraction","observed_region_hits","fold_enrichment","p_value","p_adjust","mean_tss_dist","observed_gene_hits","gene_set_size","fold_enrichment_hyper","p_value_hyper","p_adjust_hyper"
"R-HSA-162582",0.237138410828389,1451,1.20591041055435,6.66133814775094e-16,9.82547376793264e-13,120801,782,1300,1.03718445126584,0.046527149941442,0.999999999979333
"R-HSA-74160",0.112779960087529,754,1.31761626253529,5.77315972805081e-15,3.43891581877642e-12,138477,398,660,1.03975671371957,0.113482337159901,0.999999999979333
"R-HSA-73857",0.0991697630376866,675,1.34144859346052,6.99440505513849e-15,3.43891581877642e-12,142339,341,568,1.03513892521466,0.165108168544297,0.999999999979333
"R-HSA-212436",0.0940471091129049,638,1.33697955280224,8.12683254025615e-14,2.99676949921945e-11,142264,320,529,1.04300623123925,0.124136844989832,0.999999999979333
"R-HSA-73894",0.015791990277561,146,1.82207196068882,1.70502501006808e-11,5.02982377970085e-09,148235,81,121,1.15422970047445,0.0267020382754969,0.999999999979333
"R-HSA-5663202",0.0453304289981925,325,1.41300295126692,8.22217849361095e-10,1.58144439210695e-07,152749,137,223,1.05927397136494,0.162352081825365,0.999999999979333
"R-HSA-157118",0.0219335965387055,180,1.61738045901059,8.44275316325138e-10,1.58144439210695e-07,145250,58,100,1.00004741209008,0.542415636352263,0.999999999979333
"R-HSA-3108232",0.0185694821229539,158,1.67689871538697,8.57732551651225e-10,1.58144439210695e-07,131541,63,93,1.16801978052791,0.0339677945684689,0.999999999979333
"R-HSA-1643685",0.148887243394132,909,1.2032501685538,1.98147909191704e-09,3.23322885964483e-07,128193,493,834,1.01923297395272,0.258348429912268,0.999999999979333
"R-HSA-2990846",0.0191422692553325,160,1.64731289874596,2.1920195658609e-09,3.23322885964483e-07,130569,65,95,1.17972925201189,0.0234802128023459,0.999999999979333
"R-HSA-5653656",0.0486098705335056,339,1.37443678805837,6.04090300004856e-09,8.10030175006511e-07,150676,187,308,1.04684766043913,0.177637853376344,0.999999999979333
"R-HSA-199991",0.0462565178748325,321,1.36767098317777,2.45900853013126e-08,3.02253131828634e-06,153762,176,289,1.05004381653654,0.169590813548911,0.999999999979333
"R-HSA-1980143",0.015176257945692,129,1.67523040953427,3.05984844128915e-08,3.47175111607807e-06,157924,30,49,1.05564469960248,0.379654450224574,0.999999999979333
"R-HSA-597592",0.118646628525131,729,1.21093731914635,4.54984694364668e-08,4.79358874419919e-06,124456,398,682,1.00621617456733,0.437825330724102,0.999999999979333
"R-HSA-392499",0.149230694306551,893,1.17935033956493,9.24161946969093e-08,9.08759247852942e-06,124756,507,905,0.96594406159206,0.904255783552818,0.999999999979333
"R-HSA-1266738",0.127599263733332,774,1.19548003976067,1.14731267819579e-07,1.05767887521174e-05,136619,385,624,1.06382143472226,0.0282113182783834,0.999999999979333
"R-HSA-4090294",0.00570982991265965,61,2.1055046295309,1.30997903413643e-07,1.13659945608896e-05,172252,13,17,1.31852092871918,0.0946047550975339,0.999999999979333
"R-HSA-9012852",0.00703958152780868,70,1.95975027525671,2.2870335170122e-07,1.87409690977389e-05,140411,20,29,1.18911701794302,0.156129966978078,0.999999999979333
"R-HSA-2644602",0.0132759328682413,112,1.66265641427791,3.39543192229286e-07,2.1775052545139e-05,172133,20,36,0.957899820009658,0.681838649191793,0.999999999979333
"R-HSA-2644603",0.0132759328682413,112,1.66265641427791,3.39543192229286e-07,2.1775052545139e-05,172133,20,36,0.957899820009658,0.681838649191793,0.999999999979333
"R-HSA-2644606",0.0132759328682413,112,1.66265641427791,3.39543192229286e-07,2.1775052545139e-05,172133,20,36,0.957899820009658,0.681838649191793,0.999999999979333
"R-HSA-2894858",0.0132759328682413,112,1.66265641427791,3.39543192229286e-07,2.1775052545139e-05,172133,20,36,0.957899820009658,0.681838649191793,0.999999999979333
"R-HSA-2894862",0.0132759328682413,112,1.66265641427791,3.39543192229286e-07,2.1775052545139e-05,172133,20,36,0.957899820009658,0.681838649191793,0.999999999979333
"R-HSA-9843745",0.014269760049232,116,1.6021045579196,1.21294736821209e-06,7.16144563898125e-05,116332,43,58,1.27830079428875,0.00782025518678442,0.999999999979333
"R-HSA-5357801",0.0148919120243238,120,1.58810905228652,1.21380434559004e-06,7.16144563898125e-05,140373,58,93,1.07531979794633,0.226690664059916,0.999999999979333
"R-HSA-3700989",0.0234688874204877,173,1.45279099272847,1.57523707744467e-06,8.93644111242649e-05,159309,83,151,0.947749888142006,0.801045407065691,0.999999999979333
"R-HSA-1592230",0.00675700654250191,65,1.89586999964411,1.76343111391031e-06,9.63355886302853e-05,103888,32,45,1.22611176961236,0.0489515899046244,0.999999999979333
"R-HSA-3247509",0.0191797909631346,146,1.50023234056727,1.98210778823427e-06,0.00010081410302226,123171,81,123,1.13546173786511,0.0448353114958779,0.999999999979333
"R-HSA-4839726",0.0191797909631346,146,1.50023234056727,1.98210778823427e-06,0.00010081410302226,123171,81,123,1.13546173786511,0.0448353114958779,0.999999999979333
"R-HSA-1181150",0.00121773990926166,21,3.39871143219239,2.23223463469147e-06,0.000109751536205664,48684,11,12,1.58053470301594,0.0139864422055617,0.999999999979333
"R-HSA-383280",0.00612356485001832,60,1.93106310383994,2.47466280489661e-06,0.000117746052813629,100496,20,25,1.37937574081391,0.0182614217452376,0.999999999979333
"R-HSA-9006936",0.0144039084558876,115,1.57350100603646,3.00940923025905e-06,0.000135007485655291,130595,41,71,0.995676150939616,0.56738246538818,0.999999999979333
"R-HSA-109581",0.0122318553765065,101,1.6273410260446,3.02050645872853e-06,0.000135007485655291,132996,50,80,1.07763729751087,0.241162198765865,0.999999999979333
"R-HSA-9820952",0.00604497956229102,59,1.92356431596226,3.34534770751738e-06,0.000145129054958474,106048,36,53,1.17116808182313,0.0906583155427227,0.999999999979333
"R-HSA-2122947",0.0114143470171349,95,1.64029541384564,4.27779059319899e-06,0.000180278317856243,159924,21,34,1.0649592116578,0.39644367093286,0.999999999979333
"R-HSA-9716542",0.0661082683897875,417,1.24316796545067,4.66306694391072e-06,0.000191056215063009,115238,231,352,1.13151916238641,0.00169336699939804,0.999999999979333
"R-HSA-9006934",0.0535936166609665,345,1.26869014585669,6.46860638797708e-06,0.000257870119520708,122946,177,293,1.04159345616067,0.21487677037876,0.999999999979333
"R-HSA-5693532",0.007297363408255,66,1.78249162508629,1.02304063587244e-05,0.000391824174702715,138354,38,63,1.04000551886763,0.405284334310608,0.999999999979333
"R-HSA-8878171",0.0115262480395184,94,1.60727218706685,1.0360096822648e-05,0.000391824174702715,158785,50,82,1.05135346098621,0.333067452397951,0.999999999979333
"R-HSA-9833110",0.0043384613000663,45,2.04421383434851,1.08645070555635e-05,0.000400628697673905,102106,28,41,1.17751587630456,0.118084215968551,0.999999999979333
"R-HSA-194315",0.0657929310873437,411,1.23115327376859,1.2875632955045e-05,0.000463208746553449,116381,227,347,1.12794774194797,0.00235538907204935,0.999999999979333
"R-HSA-166520",0.0111412908131585,91,1.60973882547594,1.34029015452786e-05,0.000464970396591332,121293,48,72,1.14947978401159,0.0831721651320372,0.999999999979333
"R-HSA-109606",0.00318148663441349,36,2.23008766114552,1.35550691887643e-05,0.000464970396591332,132215,18,28,1.1084269345826,0.317623942160587,0.999999999979333
"R-HSA-194138",0.0105474738150501,87,1.62562486640208,1.4465908893091e-05,0.000484936718575208,111868,40,60,1.14947978401159,0.107726171314509,0.999999999979333
"R-HSA-170834",0.00908191354068781,77,1.67094786275045,1.78999764124388e-05,0.000586721449074383,102641,27,48,0.969873567759779,0.654897157086464,0.999999999979333
"R-HSA-350054",0.00878683131944698,75,1.68220341837997,1.83887530191829e-05,0.000589639363115103,171822,11,19,0.998232444010065,0.599689118670169,0.999999999979333
"R-HSA-9006931",0.027953782996136,193,1.36071213120056,1.98507190041219e-05,0.000622974692150635,116978,78,137,0.981672516272671,0.634999551736969,0.999999999979333
"R-HSA-6783310",0.00286028310626613,33,2.27381148599062,2.07760913102373e-05,0.000638431972554166,120256,14,18,1.34105974801352,0.0684833021220884,0.999999999979333
"R-HSA-8953897",0.0474048592271856,305,1.26802120193245,2.30159555054676e-05,0.000692827232052342,127028,168,319,0.908052995520127,0.978129434171189,0.999999999979333
"R-HSA-162587",0.0119511620107651,95,1.56661762658596,2.41297556451414e-05,0.000711827791531672,158888,33,55,1.03453180561043,0.437418493386399,0.999999999979333
"R-HSA-193704",0.01211785136755,96,1.561331597449,2.48444467185749e-05,0.000718540370782313,115748,38,59,1.11051436760442,0.193108146067416,0.999999999979333
"R-HSA-195258",0.0225725724063811,160,1.39697445589601,2.79691468771937e-05,0.000793355608535781,126945,96,146,1.13373348560047,0.0326372378169661,0.999999999979333
"R-HSA-2262752",0.0472925154707868,303,1.26269875142056,3.28466003371997e-05,0.000914127084856028,127831,166,317,0.90290367892393,0.98296065653587,0.999999999979333
"R-HSA-6796648",0.0040163723038882,41,2.01186775567822,3.66327376936093e-05,0.00100061644626062,171601,11,17,1.11567155507007,0.381580345739667,0.999999999979333
"R-HSA-2151201",0.00574580205140806,53,1.81791991243421,4.36236308860583e-05,0.00116225977490701,115161,22,30,1.26442776241275,0.0618786299157245,0.999999999979333
"R-HSA-9843743",0.00461085340301967,45,1.92344926940704,4.49144455387795e-05,0.00116225977490701,147154,15,19,1.36122606001372,0.0490149579420454,0.999999999979333
"R-HSA-9844594",0.00461085340301967,45,1.92344926940704,4.49144455387795e-05,0.00116225977490701,147154,15,19,1.36122606001372,0.0490149579420454,0.999999999979333
"R-HSA-73887",0.0147298713747002,111,1.48516108615729,4.6220219099391e-05,0.00117542798571727,115901,48,83,0.997139089744993,0.558873994384305,0.999999999979333
"R-HSA-9013508",0.00379489461270182,39,2.02541687694581,4.85127970080157e-05,0.00121281992520039,115330,13,18,1.24526976601256,0.162520532833692,0.999999999979333
"R-HSA-195721",0.0243625460305022,169,1.36714182235933,5.00661238151956e-05,0.00122975769256474,112153,82,143,0.988713380653325,0.598454650949027,0.999999999979333
"R-HSA-3899300",0.00491910696121761,47,1.88304686614968,5.08577757603046e-05,0.00122975769256474,100732,18,25,1.24143816673252,0.110261348464444,0.999999999979333
"R-HSA-9006925",0.0269375977473693,184,1.34619662280225,5.33950980226017e-05,0.00127028660618286,156709,94,148,1.09511249692996,0.0983949833705291,0.999999999979333
"R-HSA-162599",0.010827171029257,86,1.56542761692535,5.80233486215942e-05,0.00135848316217224,160535,30,51,1.01424686824552,0.511920958914852,0.999999999979333
"R-HSA-5696398",0.0045768735673404,44,1.89466877611891,7.54163152165699e-05,0.00172645488190404,151971,28,38,1.27047765601281,0.0336795905216614,0.999999999979333
"R-HSA-1368082",0.00306515827187632,33,2.12182993611995,7.60810625923813e-05,0.00172645488190404,74292,10,13,1.32632282770568,0.134189477180714,0.999999999979333
"R-HSA-8939211",0.0172909769700834,125,1.42475443578427,9.09189295035251e-05,0.00203190031844999,118148,54,99,0.940483459645846,0.789280393197573,0.999999999979333
"R-HSA-4420097",0.00957821837191207,77,1.58436605131057,9.49662767063542e-05,0.00209067549465481,101219,35,55,1.09723070292015,0.239217975978771,0.999999999979333
"R-HSA-2122948",0.00462933754816116,44,1.87319661832141,9.66112607323488e-05,0.00209561190559139,124092,11,18,1.05368980201062,0.493706618760557,0.999999999979333
"R-HSA-1655829",0.00539095073809295,49,1.7913491988589,0.000115618566603803,0.0024715563150813,67708,22,35,1.08379522492521,0.343258008633979,0.999999999979333
"R-HSA-167172",0.00628626960066499,55,1.72432539310883,0.000120520782569855,0.00253954506129338,211749,15,25,1.03453180561043,0.504257206645462,0.999999999979333
"R-HSA-5633007",0.0101619631711709,80,1.55153618077638,0.000134395829302414,0.00279202603128254,163627,43,71,1.04424571927813,0.377106947272079,0.999999999979333
"R-HSA-1989781",0.0106584893694029,83,1.53472996670984,0.000143401659591369,0.00289749928626396,104046,38,56,1.17000620872608,0.0850053570504163,0.999999999979333
"R-HSA-400206",0.0106584893694029,83,1.53472996670984,0.000143401659591369,0.00289749928626396,104046,38,56,1.17000620872608,0.0850053570504163,0.999999999979333
"R-HSA-210744",0.00319200156727841,33,2.03751296580913,0.000157778661075136,0.00314491250115981,106569,9,13,1.19369054493511,0.299448518858622,0.999999999979333
"R-HSA-5696399",0.00389284951360134,38,1.92382479711405,0.000165632814502437,0.00325744535188125,161447,25,32,1.34704662188858,0.0142180228590871,0.999999999979333
"R-HSA-381340",0.0115276869250684,88,1.50449253118181,0.000175569423885413,0.00340743289777611,102495,33,44,1.29316475701304,0.0144479222948265,0.999999999979333
"R-HSA-9024446",0.00699907136540277,59,1.66134996625728,0.000181994376712069,0.00348588878712638,139434,15,18,1.43684973001449,0.0221782016829366,0.999999999979333
"R-HSA-2426168",0.0043403429196316,41,1.86169850691834,0.000184338525692107,0.00348588878712638,70599,17,27,1.08561979601095,0.375268457788833,0.999999999979333
"R-HSA-4551638",0.0062721021121733,54,1.6967981293866,0.000202301990403719,0.00377715741576565,172590,17,28,1.04684766043913,0.464355436487034,0.999999999979333
"R-HSA-3108214",0.0045261805225811,42,1.82880312899424,0.000223230382252471,0.00411581017277993,104151,25,36,1.19737477501207,0.109081260306204,0.999999999979333
"R-HSA-204998",0.0105053034000866,81,1.51958835351243,0.000229762856875482,0.00413585552546345,119337,29,47,1.06388022562775,0.359272901940537,0.999999999979333
"R-HSA-1980145",0.00482491529944869,44,1.79726666730806,0.000231840059213284,0.00413585552546345,162814,13,19,1.17972925201189,0.248159911349906,0.999999999979333
"R-HSA-186712",0.00676586122280921,57,1.66035634911902,0.000234339953479212,0.00413585552546345,103414,18,29,1.07020531614872,0.402711343180923,0.999999999979333
"R-HSA-8878159",0.0117975333074334,89,1.48678555021439,0.000235533467212834,0.00413585552546345,162995,27,46,1.01204198374933,0.524475182542977,0.999999999979333
"R-HSA-9793380",0.00587220261279479,51,1.7116646489794,0.0002445674721685,0.00424396495821808,134836,16,25,1.10350059265113,0.346183266245708,0.999999999979333
"R-HSA-556833",0.054702665369456,336,1.21054329564145,0.000252791675319775,0.00433567117554264,80755,218,359,1.04701919045067,0.155156329603557,0.999999999979333
"R-HSA-2691230",0.0037202939311128,36,1.90710578757488,0.000282830717972526,0.00474062851147132,139398,6,10,1.03453180561043,0.582186721293556,0.999999999979333
"R-HSA-2691232",0.0037202939311128,36,1.90710578757488,0.000282830717972526,0.00474062851147132,139398,6,10,1.03453180561043,0.582186721293556,0.999999999979333
"R-HSA-983712",0.0173183157955322,122,1.38836518017998,0.000292584281365138,0.00484900915745594,113951,65,105,1.06737408515362,0.237646583988325,0.999999999979333
"R-HSA-3371556",0.00563423307953606,49,1.71399996227451,0.000309430286823509,0.00504920022504092,207712,25,41,1.05135346098621,0.412851564239639,0.999999999979333
"R-HSA-114452",0.00237072996877618,26,2.16142811033706,0.000312961790908783,0.00504920022504092,129331,13,18,1.24526976601256,0.162520532833692,0.999999999979333
"R-HSA-5627123",0.0029082090634294,30,2.03303646469924,0.000314933166578824,0.00504920022504092,212579,15,18,1.43684973001449,0.0221782016829366,0.999999999979333
"R-HSA-1852241",0.0210761314344471,144,1.34654580411446,0.000321421286289092,0.00509781072340226,123448,77,125,1.06211932042671,0.233212972793393,0.999999999979333
"R-HSA-193648",0.0099918426257669,77,1.5187793271846,0.000326465823105915,0.00512273499022579,123000,25,39,1.10526902308807,0.272491357922158,0.999999999979333
"R-HSA-1433617",0.000327512487866321,8,4.81406178753835,0.000333047778059981,0.0051421576379162,19621,5,5,1.72421967601738,0.0655656671514847,0.999999999979333
"R-HSA-9018519",0.00968203949851518,75,1.52666570762996,0.000334676022535563,0.0051421576379162,129457,31,59,0.905945931466761,0.837535758269866,0.999999999979333
"R-HSA-2173791",0.00102968863623534,15,2.87101113135399,0.00035305331831248,0.00536859427330832,100377,5,9,0.957899820009658,0.690328320856496,0.999999999979333
"R-HSA-8953854",0.0320220658633258,207,1.27400325067335,0.000357265413642782,0.00537720903186841,114252,136,250,0.937975503753457,0.891172320795077,0.999999999979333
"R-HSA-2672351",0.00955220774850937,74,1.52678363967539,0.000363924495280332,0.00542210737917667,108488,37,62,1.02896980665554,0.447101250916037,0.999999999979333
"R-HSA-8876198",0.00613684687047927,52,1.66996586510269,0.00037432881520727,0.00552135002430723,235959,26,38,1.17972925201189,0.126411340365519,0.999999999979333
"R-HSA-400253",0.00957224146270464,74,1.52358823897489,0.000385397544452659,0.00562833047591755,94778,31,41,1.3036782916229,0.0145924537626507,0.999999999979333
"R-HSA-8941856",0.0028111396305606,29,2.03312985299262,0.000391450997822895,0.00566068844890952,121691,7,12,1.00579481101014,0.611045789469066,0.999999999979333
"R-HSA-9772572",0.00283039856022898,29,2.01929579251942,0.000435322559112272,0.00623398810379225,143496,13,21,1.06737408515362,0.448466603193471,0.999999999979333
"R-HSA-5218920",0.00229457971813339,25,2.14726870829404,0.000442206631905195,0.00627168059673234,135610,14,17,1.41994561554373,0.0324682240027481,0.999999999979333
"R-HSA-422475",0.0465703056082225,288,1.21880137909204,0.000460890279944337,0.0064468275713363,138925,164,272,1.03960303995166,0.237081893602581,0.999999999979333
"R-HSA-5621481",0.0102785129007158,78,1.49559448317893,0.000463297439024846,0.0064468275713363,96901,34,58,1.01074946525157,0.51753003116842,0.999999999979333
"R-HSA-5669034",0.000844183083797374,13,3.03498286975937,0.000512057667197974,0.00705873887025244,14699,9,14,1.1084269345826,0.424442379917041,0.999999999979333
"R-HSA-674695",0.00518983881161336,45,1.70886667800462,0.000560269599795382,0.00765183018239064,194214,15,28,0.92368911215217,0.749089074919381,0.999999999979333
"R-HSA-5696395",0.00207365544446621,23,2.18595278272283,0.000576696688362577,0.00780392307646606,131931,16,19,1.45197446401464,0.0150217333471743,0.999999999979333
"R-HSA-198725",0.00615843015372832,51,1.63211100443841,0.000692965161415371,0.00929203284625156,94915,25,37,1.16501329460634,0.1549576098912,0.999999999979333
"R-HSA-9007101",0.00756311450097789,60,1.56350801568753,0.000707984760168534,0.00937689788622626,228420,31,48,1.11355854076123,0.218642327901208,0.999999999979333
"R-HSA-2187338",0.00601432023172698,50,1.63844924699634,0.000715472284958496,0.00937689788622626,123257,27,44,1.05804389210158,0.384961841117319,0.999999999979333
"R-HSA-167152",0.0029245902219979,29,1.95426075791192,0.00071836573636852,0.00937689788622626,171021,7,11,1.09723070292015,0.477638264271726,0.999999999979333
"R-HSA-9013695",0.0033684310724014,32,1.87228453709144,0.000796068026227559,0.0103000029709267,115368,10,15,1.14947978401159,0.34275473354099,0.999999999979333
"R-HSA-8951664",0.0114675857824826,84,1.44363308181805,0.000805600604945722,0.0103327034112603,76902,53,94,0.972166413073632,0.665705936641932,0.999999999979333
"R-HSA-9013507",0.00324468691510686,31,1.8829484637093,0.000869939049254587,0.0108504283303349,171965,7,11,1.09723070292015,0.477638264271726,0.999999999979333
"R-HSA-112382",0.00310323339719772,30,1.90526921960168,0.000871123843559585,0.0108504283303349,165876,8,16,0.862109838008692,0.816970829403056,0.999999999979333
"R-HSA-75955",0.00310323339719772,30,1.90526921960168,0.000871123843559585,0.0108504283303349,165876,8,16,0.862109838008692,0.816970829403056,0.999999999979333
"R-HSA-168928",0.00310422954873229,30,1.90465781608687,0.000875390489023631,0.0108504283303349,81491,19,33,0.992732540737282,0.592606698618208,0.999999999979333
"R-HSA-8957322",0.0120275336284156,87,1.42558202214971,0.000945553427621038,0.0116224275478419,60712,49,86,0.982404234009905,0.620748715729286,0.999999999979333
"R-HSA-5668541",0.00340938396882267,32,1.84979499780229,0.00096390028437443,0.0117500241277048,49619,22,34,1.11567155507007,0.269863832984196,0.999999999979333
"R-HSA-9707616",0.00610961872853432,50,1.61289253760552,0.000990790280014586,0.0119788169100124,103596,18,28,1.1084269345826,0.317623942160587,0.999999999979333
"R-HSA-9029569",0.00595908916331019,49,1.62056230761384,0.00100344545854769,0.0120331874094134,159695,11,14,1.35474403115652,0.0958622740780873,0.999999999979333
"R-HSA-2454202",0.0101090564563348,75,1.46217777555682,0.00106269304397344,0.0126409051601679,136888,30,60,0.862109838008692,0.917144563924755,0.999999999979333
"R-HSA-187037",0.00947295835975902,71,1.47714203678485,0.00109922683107122,0.0129708766066404,129942,38,61,1.07410406046985,0.292199624322242,0.999999999979333
"R-HSA-2979096",0.00301191950652867,29,1.89759782472096,0.00111321500704453,0.0130316836142118,163956,7,11,1.09723070292015,0.477638264271726,0.999999999979333
"R-HSA-6802952",0.00615898357124752,50,1.59996504956937,0.00116732477477099,0.0135575121479308,127612,28,39,1.23790130585864,0.054085621373144,0.999999999979333
"R-HSA-9013149",0.0204177859535993,136,1.31274326502164,0.00118216001134241,0.0136225470057036,109755,64,103,1.07135979869041,0.225680950869462,0.999999999979333
"R-HSA-1257604",0.0221581733679994,146,1.29857918386764,0.00120918175196882,0.0137190516143262,156938,74,120,1.06326880021072,0.234403337126719,0.999999999979333
"R-HSA-5607764",0.00727157415185998,57,1.5448842855678,0.00122744756378856,0.0137190516143262,108375,23,40,0.991426313709996,0.591765845327236,0.999999999979333
"R-HSA-2660825",0.00233542193105082,24,2.02532826957241,0.00123449732055469,0.0137190516143262,132218,3,6,0.862109838008692,0.792050245313599,0.999999999979333
"R-HSA-2660826",0.00233542193105082,24,2.02532826957241,0.00123449732055469,0.0137190516143262,132218,3,6,0.862109838008692,0.792050245313599,0.999999999979333
"R-HSA-6802957",0.00806882743002866,62,1.51436582204769,0.00123703990827484,0.0137190516143262,123625,35,47,1.28399337575763,0.0142165860209619,0.999999999979333
"R-HSA-445355",0.00347557270411975,32,1.8145675398014,0.00130074131339208,0.0143178614720397,150203,18,22,1.41072518946877,0.0169525395912519,0.999999999979333
"R-HSA-6804759",0.00181631629803526,20,2.17014150355362,0.00137450731835886,0.015017765145032,203997,6,8,1.29316475701304,0.274865168599789,0.999999999979333
"R-HSA-5658442",0.00321424895155051,30,1.83946395006792,0.00147459746107581,0.0159928768756384,83615,12,17,1.21709624189462,0.211756109525192,0.999999999979333
"R-HSA-5668599",0.00157834676477652,18,2.24760307615592,0.00159729180446266,0.0171971197925725,66600,6,10,1.03453180561043,0.582186721293556,0.999999999979333
"R-HSA-8878166",0.011274111017768,81,1.4159641209606,0.00164598041210995,0.0175929065787114,241481,30,48,1.07763729751087,0.315428008078966,0.999999999979333
"R-HSA-376176",0.0114558533310754,82,1.4107041526226,0.00170799132433697,0.0181243683697628,174183,46,87,0.911656380422985,0.860273260232542,0.999999999979333
"R-HSA-9012999",0.0497925237720495,299,1.18346818148609,0.00192715892768325,0.0201756585915397,103901,159,239,1.14707501458897,0.00380549104423822,0.999999999979333
"R-HSA-9820960",0.0025582278242833,25,1.92597359025845,0.00192865617722515,0.0201756585915397,110130,12,16,1.29316475701304,0.129061035811551,0.999999999979333
"R-HSA-5668914",0.0233238920304557,151,1.27592592586358,0.0019514593013612,0.0202704399261111,114259,75,117,1.10526902308807,0.104529833093464,0.999999999979333
"R-HSA-445144",0.00174503612156148,19,2.1458468203507,0.00201461252154256,0.0207800941907362,210235,8,10,1.37937574081391,0.136979098621685,0.999999999979333
"R-HSA-399954",0.00201875642656094,21,2.05014656379082,0.00207767404621184,0.0210662438602091,146024,11,12,1.58053470301594,0.0139864422055617,0.999999999979333
"R-HSA-9824272",0.00403053979237988,35,1.7114111939668,0.00207880454196818,0.0210662438602091,123669,10,15,1.14947978401159,0.34275473354099,0.999999999979333
"R-HSA-5696394",0.00161863556017475,18,2.19165890768486,0.00208520108718002,0.0210662438602091,141122,12,14,1.47790257944347,0.0285849201694044,0.999999999979333
"R-HSA-3781865",0.0155936454386775,106,1.33970058550285,0.00210421288610219,0.0211137007278961,112798,47,70,1.15769035389739,0.0743860159217434,0.999999999979333
"R-HSA-3371571",0.00175676857296865,19,2.13151593810794,0.0021665247287086,0.0215920538840891,133683,10,13,1.32632282770568,0.134189477180714,0.999999999979333
"R-HSA-9678108",0.00715126118318452,55,1.51575701441907,0.00218788192430819,0.0216585626735207,116268,39,70,0.960636676638257,0.696523094939037,0.999999999979333
"R-HSA-2025928",0.00302022076931676,28,1.8271276029846,0.0022699558083894,0.0223212321158291,119127,5,6,1.43684973001449,0.203341510197078,0.999999999979333
"R-HSA-198753",0.00203591236965634,21,2.03287067396872,0.00229037760830875,0.022372893855996,70915,11,13,1.45895511047625,0.0430014960069792,0.999999999979333
"R-HSA-168164",0.00733554921708024,56,1.50454412380659,0.00234360776274389,0.0227422463818898,89968,30,59,0.876721869161382,0.893616429180172,0.999999999979333
"R-HSA-450282",0.00288684714718803,27,1.84327236404322,0.00238633254382681,0.0230054934780689,86519,13,19,1.17972925201189,0.248159911349906,0.999999999979333
"R-HSA-5693606",0.00363396079811661,32,1.73547865854361,0.00254718880440485,0.0243967758863452,96689,17,31,0.945539822332114,0.707158504574357,0.999999999979333
"R-HSA-5607763",0.00348763720603845,31,1.75178147298122,0.00256783988570097,0.0244358956865093,120547,6,9,1.14947978401159,0.432849728123215,0.999999999979333
"R-HSA-9659787",0.00127053594059395,15,2.32677206681647,0.00272288467741744,0.0254631219422792,61615,9,12,1.29316475701304,0.185038413081609,0.999999999979333
"R-HSA-9661069",0.00127053594059395,15,2.32677206681647,0.00272288467741744,0.0254631219422792,61615,9,12,1.29316475701304,0.185038413081609,0.999999999979333
"R-HSA-1912422",0.00595753959425641,47,1.55482121453395,0.0027372540450592,0.0254631219422792,123643,18,40,0.775898854207823,0.965544766536509,0.999999999979333
"R-HSA-1912408",0.00486841391645831,40,1.61928030343594,0.00276067872643648,0.0254631219422792,140363,13,32,0.700464243382062,0.984609005713764,0.999999999979333
"R-HSA-5693538",0.00502569517541675,41,1.60781934656864,0.00278668241257207,0.0254631219422792,74625,27,49,0.950080229642232,0.712796286111664,0.999999999979333
"R-HSA-166166",0.00756056878038954,57,1.48583274153756,0.00279662763027066,0.0254631219422792,85024,32,62,0.889919832783166,0.874854860323461,0.999999999979333
"R-HSA-937061",0.00756056878038954,57,1.48583274153756,0.00279662763027066,0.0254631219422792,85024,32,62,0.889919832783166,0.874854860323461,0.999999999979333
"R-HSA-2871809",0.00518873197657494,42,1.59528245811475,0.00286107332580887,0.0258900807090067,129802,9,18,0.862109838008692,0.823401952111848,0.999999999979333
"R-HSA-9013404",0.00709846515185223,54,1.49926651798529,0.00296153226896934,0.0265315191690794,150708,31,48,1.11355854076123,0.218642327901208,0.999999999979333
"R-HSA-199992",0.00458550688064002,38,1.63322411690599,0.00300935747751818,0.0265315191690794,175575,19,30,1.09200579481101,0.345113157749963,0.999999999979333
"R-HSA-382551",0.0549825839506706,325,1.16495125100174,0.00302560709227384,0.0265315191690794,102031,198,353,0.967126050570657,0.787242580226789,0.999999999979333
"R-HSA-112040",0.0052127502969085,42,1.58793201872688,0.00309575462196987,0.0265315191690794,140349,24,35,1.18232206355478,0.135464562581762,0.999999999979333
"R-HSA-113418",0.00279996059667263,26,1.83008375282877,0.00310669891285431,0.0265315191690794,174149,6,10,1.03453180561043,0.582186721293556,0.999999999979333
"R-HSA-167158",0.00279996059667263,26,1.83008375282877,0.00310669891285431,0.0265315191690794,174149,6,10,1.03453180561043,0.582186721293556,0.999999999979333
"R-HSA-167169",0.00279996059667263,26,1.83008375282877,0.00310669891285431,0.0265315191690794,174149,6,10,1.03453180561043,0.582186721293556,0.999999999979333
"R-HSA-167200",0.00279996059667263,26,1.83008375282877,0.00310669891285431,0.0265315191690794,174149,6,10,1.03453180561043,0.582186721293556,0.999999999979333
"R-HSA-167246",0.00279996059667263,26,1.83008375282877,0.00310669891285431,0.0265315191690794,174149,6,10,1.03453180561043,0.582186721293556,0.999999999979333
"R-HSA-6781823",0.00237150475330307,23,1.91140788688099,0.00311183241779711,0.0265315191690794,172257,11,15,1.26442776241275,0.173633860635425,0.999999999979333
"R-HSA-6803204",0.00142117618932192,16,2.21881757466137,0.00317174819694499,0.0268869459223785,66293,7,13,0.928425979393976,0.723116682022408,0.999999999979333
"R-HSA-450294",0.00475728767860167,39,1.61567769579498,0.00320055204140757,0.0269760814918638,89290,21,37,0.978611167469326,0.628334389196097,0.999999999979333
"R-HSA-168181",0.00778082895303367,58,1.46910102723567,0.00326743076212443,0.0273211930098967,93072,33,58,0.981021539802995,0.621676353298203,0.999999999979333
"R-HSA-2408522",0.00617591814733524,48,1.53175477572594,0.0032828814632615,0.0273211930098967,175150,27,51,0.912822181420968,0.809881333962922,0.999999999979333
"R-HSA-167287",0.00182827011645011,19,2.04815479898591,0.00331558884662475,0.0273211930098967,148247,3,6,0.862109838008692,0.792050245313599,0.999999999979333
"R-HSA-167290",0.00182827011645011,19,2.04815479898591,0.00331558884662475,0.0273211930098967,148247,3,6,0.862109838008692,0.792050245313599,0.999999999979333
"R-HSA-9615017",0.00296432559987692,27,1.79509483231182,0.00338352071052284,0.0275742693372243,160426,13,15,1.49432371921507,0.0188357259247187,0.999999999979333
"R-HSA-8941326",0.00666558196832902,51,1.50793159122834,0.00339114689400288,0.0275742693372243,237681,11,20,0.948320821809561,0.693665920557335,0.999999999979333
"R-HSA-373755",0.00731020269470058,55,1.48280078584042,0.00340238441991514,0.0275742693372243,110733,30,40,1.29316475701304,0.0194169177687989,0.999999999979333
"R-HSA-983168",0.0194987808212052,127,1.28364756262836,0.00347090321129595,0.0279758592167297,102755,78,131,1.02663461625463,0.394617538676592,0.999999999979333
"R-HSA-5173105",0.0158672550601731,106,1.31659923818557,0.00349114843632514,0.0279861083890195,131261,48,69,1.19945716592514,0.0319018438088676,0.999999999979333
"R-HSA-5693565",0.00357408102253848,31,1.70941235061281,0.00363924209903999,0.0290155788977512,99018,16,30,0.919583827209272,0.760457621408703,0.999999999979333
"R-HSA-3769402",0.00419401932755344,35,1.64470174781751,0.00383433486567608,0.0304066877788829,118022,19,27,1.21333977201223,0.132934880323997,0.999999999979333
"R-HSA-5576886",0.00242098027952012,23,1.87234606063696,0.00396788101648804,0.0312974572156142,135281,7,12,1.00579481101014,0.611045789469066,0.999999999979333
"R-HSA-9839373",0.00359909549440661,31,1.69753157467288,0.0040123048464753,0.0314795194071865,171738,9,17,0.912822181420968,0.749914892543558,0.999999999979333
"R-HSA-432722",0.00375560196883817,32,1.67926778807886,0.00409901213181019,0.0319896449440213,145057,17,25,1.17246937969182,0.209835307331714,0.999999999979333
"R-HSA-76002",0.0259521825126705,163,1.23783641499845,0.00414141041688088,0.032013678145882,87740,81,143,0.976655900401455,0.662618860027189,0.999999999979333
"R-HSA-193697",0.00107517955631411,13,2.38293332794469,0.00414550001753455,0.032013678145882,119545,5,5,1.72421967601738,0.0655656671514847,0.999999999979333
"R-HSA-6781827",0.00331087565040394,29,1.72625386976588,0.00419767398897108,0.032247755904856,169464,16,24,1.14947978401159,0.258920572540752,0.999999999979333
"R-HSA-168898",0.0118762292786645,82,1.36077028211438,0.00423717795776568,0.0323825776564994,95162,50,94,0.917138125541162,0.854000477838423,0.999999999979333
"R-HSA-9831926",0.00362333518174785,31,1.68617528756226,0.0044041659651628,0.0334852824670883,269730,6,9,1.14947978401159,0.432849728123215,0.999999999979333
"R-HSA-5693567",0.00423641110952465,35,1.62824398767606,0.00445567256407586,0.0337031642667277,83695,25,46,0.937075910879013,0.744243700876124,0.999999999979333
"R-HSA-71291",0.022657023919812,144,1.25259065137868,0.00455473778827464,0.034276725702577,122801,84,154,0.940483459645846,0.831054605812767,0.999999999979333
"R-HSA-9818749",0.00147917434533475,16,2.13181814267075,0.00460707562132578,0.0343697040139668,56212,4,6,1.14947978401159,0.502836447778396,0.999999999979333
"R-HSA-3238698",0.00230941130764812,22,1.87746102471346,0.00461369586085791,0.0343697040139668,78339,11,15,1.26442776241275,0.173633860635425,0.999999999979333
"R-HSA-2173795",0.00518552215496355,41,1.55826350587611,0.00468031524347046,0.034690778814668,113586,10,18,0.957899820009658,0.67642783297527,0.999999999979333
"R-HSA-166016",0.00991613510913947,70,1.3912498856636,0.0047748915578314,0.0352148252390065,88477,41,77,0.918090996320945,0.832651083944086,0.999999999979333
"R-HSA-2024096",0.00162273084981687,17,2.06467626780695,0.00486789590225012,0.0357221216707409,82803,9,13,1.19369054493511,0.299448518858622,0.999999999979333
"R-HSA-9725371",0.00232368947964364,22,1.86592475376996,0.00494286845321024,0.0360927275667579,167642,9,13,1.19369054493511,0.299448518858622,0.999999999979333
"R-HSA-913709",0.00745674765378643,55,1.45365979963806,0.00499971317442316,0.0363279651836166,93249,28,38,1.27047765601281,0.0336795905216614,0.999999999979333
"R-HSA-9694614",0.00190774087220815,19,1.96283482070371,0.00514661661795301,0.0371746721844173,150096,8,12,1.14947978401159,0.382347174845054,0.999999999979333
"R-HSA-112043",0.00490250443564142,39,1.56781981448455,0.00516664935444444,0.0371746721844173,149067,22,33,1.14947978401159,0.203094486576635,0.999999999979333
"R-HSA-3214841",0.00459303335890122,37,1.58763864461606,0.00522364136486919,0.0373578077003789,117109,20,36,0.957899820009658,0.681838649191793,0.999999999979333
"R-HSA-448424",0.00522215839473501,41,1.54733145228579,0.00524275674168029,0.0373578077003789,86102,23,41,0.967245184107313,0.659823923540719,0.999999999979333
"R-HSA-9013694",0.00507118609549551,40,1.55453312409433,0.00535515087113447,0.0379752285332853,110592,17,32,0.915991702884235,0.77106841718736,0.999999999979333
"R-HSA-4755510",0.000515342393884958,8,3.0594520681542,0.00549801178155007,0.0384898481245544,30764,6,9,1.14947978401159,0.432849728123215,0.999999999979333
"R-HSA-5625900",0.000863663380473438,11,2.51013868259941,0.00550474408449109,0.0384898481245544,80675,10,12,1.43684973001449,0.0640448762778409,0.999999999979333
"R-HSA-199220",0.000627354099772324,9,2.82734825917285,0.00551331067769145,0.0384898481245544,88178,6,9,1.14947978401159,0.432849728123215,0.999999999979333
"R-HSA-9818027",0.000515895811404164,8,3.05617009854666,0.00553210020502071,0.0384898481245544,77080,4,6,1.14947978401159,0.502836447778396,0.999999999979333
"R-HSA-5696400",0.00192688911837269,19,1.94332936812276,0.00569379925906643,0.0391951241509523,117981,12,17,1.21709624189462,0.211756109525192,0.999999999979333
"R-HSA-111933",0.00415384121565906,34,1.61316415371141,0.00571318758810491,0.0391951241509523,161484,18,23,1.34938931166578,0.0358547054578739,0.999999999979333
"R-HSA-111997",0.00415384121565906,34,1.61316415371141,0.00571318758810491,0.0391951241509523,161484,18,23,1.34938931166578,0.0358547054578739,0.999999999979333
"R-HSA-1489509",0.00477942437936992,38,1.56695866096891,0.00575507391518104,0.0392996945596853,155816,20,28,1.23158548286956,0.104062705501814,0.999999999979333
"R-HSA-8982491",0.00151691742014462,16,2.07877545849339,0.00579785568957003,0.0394093877516857,92055,9,13,1.19369054493511,0.299448518858622,0.999999999979333
"R-HSA-975138",0.00752847056427557,55,1.4398109427154,0.0059911580406401,0.0401837531495108,84544,31,55,0.971832908300708,0.651351471231837,0.999999999979333
"R-HSA-168179",0.00802222967491148,58,1.42489361073709,0.00599350894433381,0.0401837531495108,88361,33,59,0.96439405607752,0.67718825571529,0.999999999979333
"R-HSA-181438",0.00802222967491148,58,1.42489361073709,0.00599350894433381,0.0401837531495108,88361,33,59,0.96439405607752,0.67718825571529,0.999999999979333
"R-HSA-9845323",0.00280571613887238,25,1.7560861411355,0.0060575060308683,0.0403390866620951,76066,18,32,0.969873567759779,0.650767405209943,0.999999999979333
"R-HSA-9609507",0.00720616020108979,53,1.44951092824447,0.00607137439931194,0.0403390866620951,90974,36,64,0.969873567759779,0.661471715643128,0.999999999979333
"R-HSA-5674400",0.00180225949304742,18,1.96836085893161,0.00616577421853981,0.0407825873199382,118099,10,13,1.32632282770568,0.134189477180714,0.999999999979333
"R-HSA-8943724",0.00402544835120318,33,1.61565719214082,0.00625242240654711,0.0409472127737799,105084,18,28,1.1084269345826,0.317623942160587,0.999999999979333
"R-HSA-6783589",0.00194537326351418,19,1.92486464324358,0.00626626273798969,0.0409472127737799,69116,13,17,1.31852092871918,0.0946047550975339,0.999999999979333
"R-HSA-70221",0.000879712488530422,11,2.46434475847046,0.00627394582160967,0.0409472127737799,103567,6,7,1.47790257944347,0.133869123391928,0.999999999979333
"R-HSA-450531",0.00327202574055565,28,1.68651751920171,0.00650565349811938,0.0420785252225707,67572,17,27,1.08561979601095,0.375268457788833,0.999999999979333
"R-HSA-975155",0.00756377860200094,55,1.43308984447102,0.00653766723034943,0.0420785252225707,84544,31,56,0.954478749223909,0.706071312197783,0.999999999979333
"R-HSA-5579029",0.00181465604547764,18,1.95491429496697,0.00658758377189439,0.0420785252225707,176886,10,13,1.32632282770568,0.134189477180714,0.999999999979333
"R-HSA-168138",0.00806273983731739,58,1.41773442257689,0.00660264679914735,0.0420785252225707,93072,33,61,0.932774578829077,0.773942980012869,0.999999999979333
"R-HSA-5663205",0.0813096514908515,462,1.11982307700857,0.00661670355656074,0.0420785252225707,117070,262,448,1.00836061409945,0.435638774713686,0.999999999979333
"R-HSA-2559580",0.00435296083906951,35,1.58464805299789,0.00661845278077045,0.0420785252225707,140108,19,41,0.79902863034952,0.952087752093512,0.999999999979333
"R-HSA-9022692",0.00594370415627625,45,1.4921238298875,0.00668551315279609,0.0422837511394906,151634,13,16,1.40092848676412,0.0470885842603447,0.999999999979333
"R-HSA-9707564",0.00626789613902734,47,1.47783382846757,0.00670806628246834,0.0422837511394906,87007,15,31,0.834299843234218,0.896993618040828,0.999999999979333
"R-HSA-5218921",0.00313090427315803,27,1.6995874358884,0.00675420842349161,0.042393435849575,110431,9,14,1.1084269345826,0.424442379917041,0.999999999979333
"R-HSA-9700206",0.00531767825855002,41,1.5195372002809,0.00698436063950769,0.0433013145864306,134017,21,38,0.952858242009607,0.695891995910529,0.999999999979333
"R-HSA-9725370",0.00531767825855002,41,1.5195372002809,0.00698436063950769,0.0433013145864306,134017,21,38,0.952858242009607,0.695891995910529,0.999999999979333
"R-HSA-111996",0.00421338894072566,34,1.59036534333242,0.00698692398072576,0.0433013145864306,161484,18,24,1.29316475701304,0.0663279789111991,0.999999999979333
"R-HSA-2129379",0.00269359374948117,24,1.75601686752046,0.00704593319045843,0.0434843157151723,90190,13,20,1.1207427894113,0.345848056323375,0.999999999979333
"R-HSA-9687139",0.00225916099690418,21,1.83198388991136,0.0071904565955675,0.0441913478269252,68244,12,17,1.21709624189462,0.211756109525192,0.999999999979333
"R-HSA-9832991",0.00330268507111969,28,1.67086131916756,0.00731107719180946,0.0447462193274645,258950,6,7,1.47790257944347,0.133869123391928,0.999999999979333
"R-HSA-2173789",0.00391797466897331,32,1.60967386059393,0.00735640005480231,0.0448375623174934,106598,17,25,1.17246937969182,0.209835307331714,0.999999999979333
"R-HSA-166058",0.00795172428296459,57,1.41274272582817,0.00751041224628568,0.0453658631226584,89308,32,58,0.951293614354419,0.717359890864037,0.999999999979333
"R-HSA-168188",0.00795172428296459,57,1.41274272582817,0.00751041224628568,0.0453658631226584,89308,32,58,0.951293614354419,0.717359890864037,0.999999999979333
"R-HSA-114604",0.00361746895604426,30,1.63442869718118,0.00756459704797019,0.0453658631226584,94084,11,23,0.824626801573532,0.884572400504597,0.999999999979333
"R-HSA-167242",0.0018411094028957,18,1.92682577046913,0.00756610327333829,0.0453658631226584,143230,3,7,0.738951289721736,0.88314662289656,0.999999999979333
"R-HSA-1566948",0.00316455205832578,27,1.68151620436414,0.00769490694471753,0.0459513673824225,91795,15,24,1.07763729751087,0.409412842405609,0.999999999979333
"R-HSA-5689603",0.00537047428988231,41,1.50459894170144,0.00813955674229216,0.048410670140649,183552,21,29,1.24857286884017,0.0806324378374962,0.999999999979333
"R-HSA-373760",0.0113881150267245,77,1.33256504565369,0.00865706600317884,0.0510813052486501,127041,44,65,1.167164088381,0.0702984266399124,0.999999999979333
"R-HSA-2559583",0.00834620029065488,59,1.39319769138104,0.00865784834722882,0.0510813052486501,110755,37,72,0.886057333508934,0.895792287238941,0.999999999979333
"R-HSA-9013408",0.0112245248080471,76,1.33442805887524,0.00877685598810551,0.0514449799267688,143068,30,47,1.10056575064939,0.254936957967866,0.999999999979333
"R-HSA-2173793",0.0060457543468179,45,1.46693730850131,0.00882503822044289,0.0514449799267688,114192,12,26,0.795793696623408,0.921944622319856,0.999999999979333
"R-HSA-9675126",0.00230443054997526,21,1.79599534951877,0.00883802500203523,0.0514449799267688,68244,12,18,1.14947978401159,0.310227262908192,0.999999999979333
"R-HSA-5617472",0.00572432945166285,43,1.48044873076351,0.00889387788564477,0.0514449799267688,102059,21,37,0.978611167469326,0.628334389196097,0.999999999979333
"R-HSA-5619507",0.00572432945166285,43,1.48044873076351,0.00889387788564477,0.0514449799267688,102059,21,37,0.978611167469326,0.628334389196097,0.999999999979333
"R-HSA-399955",0.00187453582105577,18,1.89246692642793,0.00896678988537158,0.0516641214098558,167662,9,11,1.41072518946877,0.0942932604787829,0.999999999979333
"R-HSA-4655427",0.00105979454928017,12,2.23156274088658,0.00930639927641586,0.0534122137459665,60766,7,7,1.72421967601738,0.0220340610674389,0.999999999979333
"R-HSA-9839394",0.00321889765871184,27,1.65312666938227,0.00944018860592244,0.053970070518355,168884,7,11,1.09723070292015,0.477638264271726,0.999999999979333
"R-HSA-74752",0.00607608162687041,45,1.45961544857473,0.00956131538825566,0.054413302784131,159140,28,38,1.27047765601281,0.0336795905216614,0.999999999979333
"R-HSA-9614657",0.00106422188943382,12,2.22227906853759,0.00959149743991461,0.054413302784131,131332,5,6,1.43684973001449,0.203341510197078,0.999999999979333
"R-HSA-111471",0.00081075666563731,10,2.43085474903174,0.0097178989932234,0.0549191609770288,139711,5,10,0.862109838008692,0.798469920419436,0.999999999979333
"R-HSA-933541",0.000457676288383656,7,3.01431867609679,0.00981087032415406,0.055232953160791,98706,3,10,0.517265902805215,0.982856724053331,0.999999999979333
"R-HSA-216083",0.00825411161545894,58,1.38486421557933,0.0102377157078772,0.0574168466506423,80269,28,48,1.00579481101014,0.542552314545672,0.999999999979333
"R-HSA-5663213",0.00386528932114487,31,1.58062637345049,0.010403713765632,0.0581268098647999,62900,16,21,1.31369118172753,0.0678586448960491,0.999999999979333
"R-HSA-9005891",0.00340849850079194,28,1.61899109929017,0.0107471450764995,0.0591493992083464,116582,6,7,1.47790257944347,0.133869123391928,0.999999999979333
"R-HSA-9005895",0.00340849850079194,28,1.61899109929017,0.0107471450764995,0.0591493992083464,116582,6,7,1.47790257944347,0.133869123391928,0.999999999979333
"R-HSA-9675151",0.00340849850079194,28,1.61899109929017,0.0107471450764995,0.0591493992083464,116582,6,7,1.47790257944347,0.133869123391928,0.999999999979333
"R-HSA-9697154",0.00340849850079194,28,1.61899109929017,0.0107471450764995,0.0591493992083464,116582,6,7,1.47790257944347,0.133869123391928,0.999999999979333
"R-HSA-1799339",0.0061251144190721,45,1.44793092872944,0.0108593488891726,0.0593131134631455,150267,26,48,0.933952324509417,0.754691525620764,0.999999999979333
"R-HSA-6782135",0.00280051401419184,24,1.6889742505722,0.0108812167125389,0.0593131134631455,146360,14,22,1.09723070292015,0.378823685174661,0.999999999979333
"R-HSA-9833109",0.000582195230205085,8,2.70813856070836,0.0109181259892204,0.0593131134631455,83106,4,8,0.862109838008692,0.793892158845739,0.999999999979333
"R-HSA-5625740",0.00280184221623793,24,1.68817359911424,0.0109377402454072,0.0593131134631455,64935,20,34,1.01424686824552,0.53400698351511,0.999999999979333
"R-HSA-9616222",0.00310821415487057,26,1.64858730486822,0.0110292670594404,0.0595903623174894,88125,13,29,0.772926061662966,0.947284921206383,0.999999999979333
"R-HSA-9013407",0.00295735253913492,25,1.66604392348679,0.0111008067375296,0.0597579924739274,275071,12,16,1.29316475701304,0.129061035811551,0.999999999979333
"R-HSA-5684996",0.0245730660548083,151,1.21106411659517,0.0112376624424658,0.0600716762048141,141386,83,129,1.10938165201119,0.0828686424230305,0.999999999979333
"R-HSA-9735871",0.000957190941219312,11,2.26487189411693,0.0112405305983245,0.0600716762048141,49149,8,9,1.53263971201545,0.0557268853182309,0.999999999979333
"R-HSA-6782210",0.00266005664781727,23,1.70406629985071,0.0113320138719359,0.0603419511231246,149199,13,20,1.1207427894113,0.345848056323375,0.999999999979333
"R-HSA-8856828",0.0132667461374224,87,1.29242208555606,0.0114808873410699,0.0609147799571154,154895,36,66,0.940483459645846,0.757560031903767,0.999999999979333
"R-HSA-3371453",0.00406274869199769,32,1.55231393552291,0.0118493152115888,0.0622700311912804,239429,17,30,0.977057816409851,0.633514653658118,0.999999999979333
"R-HSA-3656237",0.00136683058893586,14,2.01865863238485,0.0118629686540677,0.0622700311912804,97392,6,8,1.29316475701304,0.274865168599789,0.999999999979333
"R-HSA-3656253",0.00136683058893586,14,2.01865863238485,0.0118629686540677,0.0622700311912804,97392,6,8,1.29316475701304,0.274865168599789,0.999999999979333
"R-HSA-3371568",0.00096925544313801,11,2.23668061440256,0.0122273060065426,0.0639221919077463,127841,5,8,1.07763729751087,0.547284658226896,0.999999999979333
"R-HSA-9824446",0.0632500882700943,361,1.12485256526964,0.0122643934304354,0.0639221919077463,119637,210,348,1.04047739070015,0.197856423721275,0.999999999979333
"R-HSA-1268020",0.00223359310751685,20,1.76471863594227,0.0123557006235065,0.0641713324636344,129658,15,25,1.03453180561043,0.504257206645462,0.999999999979333
"R-HSA-6788467",0.00151437169955627,15,1.9521280920177,0.0124480469642889,0.0644241027099163,71074,11,13,1.45895511047625,0.0430014960069792,0.999999999979333
"R-HSA-168142",0.00735170900864106,52,1.39400577212958,0.0128354720118005,0.0657372264493253,89299,28,53,0.910908508084656,0.817318443777738,0.999999999979333
"R-HSA-168176",0.00735170900864106,52,1.39400577212958,0.0128354720118005,0.0657372264493253,89299,28,53,0.910908508084656,0.817318443777738,0.999999999979333
"R-HSA-975871",0.00735170900864106,52,1.39400577212958,0.0128354720118005,0.0657372264493253,89299,28,53,0.910908508084656,0.817318443777738,0.999999999979333
"R-HSA-975634",0.00254206803272247,22,1.70563087389064,0.0129000492067393,0.0658393514876831,74741,11,23,0.824626801573532,0.884572400504597,0.999999999979333
"R-HSA-1169410",0.0090478230215047,62,1.35050790173437,0.013190628679145,0.0670902665577203,100982,36,65,0.95495243594809,0.711789354372065,0.999999999979333
"R-HSA-76046",0.00124928470785643,13,2.05083851755601,0.0132858731464677,0.0673424841616489,64991,9,12,1.29316475701304,0.185038413081609,0.999999999979333
"R-HSA-918233",0.000376323913060321,6,3.14223724176308,0.0134954052922427,0.0681702835823903,101064,2,8,0.431054919004346,0.988361055143662,0.999999999979333
"R-HSA-6807070",0.00957356966475074,65,1.3381012976273,0.0136077408070985,0.0685031320493865,154139,31,51,1.04805509718704,0.399475305215639,0.999999999979333
"R-HSA-427601",0.000273609621495622,5,3.60153944916211,0.0137824949620167,0.0690471862962305,188033,4,5,1.37937574081391,0.303173156057517,0.999999999979333
"R-HSA-211945",0.00638588475412213,46,1.41966636222592,0.0138094372592461,0.0690471862962305,101900,25,45,0.957899820009658,0.687793538027714,0.999999999979333
"R-HSA-8953750",0.00256154832939853,22,1.69265973644931,0.0139400941957857,0.0694649964148104,77146,15,19,1.36122606001372,0.0490149579420454,0.999999999979333
"R-HSA-5673001",0.0242227527651506,148,1.20416986909819,0.0141801967284716,0.0702676811112453,142169,80,124,1.11239979097896,0.081491051623916,0.999999999979333
"R-HSA-111447",0.000992056244929312,11,2.18527414262225,0.0142704114639047,0.0702676811112453,163068,7,9,1.34105974801352,0.195872888838076,0.999999999979333
"R-HSA-109704",0.00380618433009363,30,1.55339168052729,0.0142917317514397,0.0702676811112453,198600,17,23,1.27442323879546,0.0884354478585072,0.999999999979333
"R-HSA-112399",0.00380618433009363,30,1.55339168052729,0.0142917317514397,0.0702676811112453,198600,17,23,1.27442323879546,0.0884354478585072,0.999999999979333
"R-HSA-9674555",0.000994048547998455,11,2.18089434810413,0.0144604396828037,0.0708609585785234,80869,9,14,1.1084269345826,0.424442379917041,0.999999999979333
"R-HSA-2187335",0.000613850712303689,8,2.56848338069347,0.0145469609983602,0.071048898915832,114915,4,5,1.37937574081391,0.303173156057517,0.999999999979333
"R-HSA-450385",0.000383629024313845,6,3.08240237218537,0.014691012265738,0.0715156537688566,93412,4,7,0.985268386295648,0.670588408536318,0.999999999979333
"R-HSA-1236382",0.000617724634938133,8,2.55237570853359,0.0150446009062499,0.0725317293637789,74059,4,6,1.14947978401159,0.502836447778396,0.999999999979333
"R-HSA-5637815",0.000617724634938133,8,2.55237570853359,0.0150446009062499,0.0725317293637789,74059,4,6,1.14947978401159,0.502836447778396,0.999999999979333
"R-HSA-1296072",0.00335116444580216,27,1.58787957191846,0.0150606085981841,0.0725317293637789,75173,17,23,1.27442323879546,0.0884354478585072,0.999999999979333
"R-HSA-5693607",0.00319698232495127,26,1.60281223844722,0.0151404692727803,0.0725317293637789,80056,17,34,0.862109838008692,0.868463275105156,0.999999999979333
"R-HSA-6806667",0.00288872876675333,24,1.63739708371884,0.0151821858604881,0.0725317293637789,81808,13,25,0.89659423152904,0.792220875700409,0.999999999979333
"R-HSA-9658195",0.0157187177980181,100,1.25381199427226,0.0152463541666554,0.0725317293637789,95461,52,93,0.96407981884843,0.697972930337207,0.999999999979333
"R-HSA-9824443",0.0157187177980181,100,1.25381199427226,0.0152463541666554,0.0725317293637789,95461,52,93,0.96407981884843,0.697972930337207,0.999999999979333
"R-HSA-211976",0.00258523459922057,22,1.67715135850693,0.015293130733651,0.0725317293637789,66029,10,15,1.14947978401159,0.34275473354099,0.999999999979333
"R-HSA-167044",0.000875285148376771,10,2.25164530053837,0.0157266609774207,0.0743284643747804,58229,8,10,1.37937574081391,0.136979098621685,0.999999999979333
"R-HSA-167238",0.00170364049112484,16,1.85093669819724,0.0158231442804617,0.0743284643747804,149060,2,5,0.689687870406954,0.896733065508406,0.999999999979333
"R-HSA-167243",0.00170364049112484,16,1.85093669819724,0.0158231442804617,0.0743284643747804,149060,2,5,0.689687870406954,0.896733065508406,0.999999999979333
"R-HSA-201722",0.0039986629432736,31,1.52790528451402,0.0158818190063379,0.0743672477280901,82288,18,33,0.940483459645846,0.720560253120025,0.999999999979333
"R-HSA-1482839",0.00114513153074179,12,2.06526321708766,0.016091006312992,0.0751083364293138,43372,11,15,1.26442776241275,0.173633860635425,0.999999999979333
"R-HSA-9755779",0.000881483424591882,10,2.23581253599416,0.0164227732443059,0.0762678142096169,141846,7,8,1.50869221651521,0.0868704416559742,0.999999999979333
"R-HSA-73884",0.00291075478401774,24,1.62500671107985,0.0164428236736666,0.0762678142096169,60104,17,26,1.12737440354983,0.288889863310113,0.999999999979333
"R-HSA-69473",0.00322277158134629,26,1.58998621751243,0.01653979754982,0.07647712033224,89346,17,33,0.88823437855441,0.824733341508904,0.999999999979333
"R-HSA-1483255",0.00630087982317203,45,1.40754035281955,0.0167624443320302,0.0772643918429518,89805,23,38,1.04360664601052,0.443181516406601,0.999999999979333
"R-HSA-201681",0.0129742096367699,84,1.27599188448906,0.016835693579499,0.0773602742360156,96368,48,90,0.919583827209272,0.843373863815207,0.999999999979333
"R-HSA-190236",0.00614271309618286,44,1.4116985938465,0.0170784025072579,0.0782318127273459,110175,22,39,0.972636740317499,0.644559468855695,0.999999999979333
"R-HSA-3299685",0.000758735418831913,9,2.33776950153052,0.0171797076750732,0.0784522254511855,74312,7,13,0.928425979393976,0.723116682022408,0.999999999979333
"R-HSA-9816359",0.00387159828086382,30,1.52714580491073,0.0175205977615587,0.0797619805503057,87402,15,30,0.862109838008692,0.858437034810752,0.999999999979333
"R-HSA-399956",0.00262574476162647,22,1.65127615734293,0.0178454293587883,0.0805064349656007,150944,10,14,1.23158548286956,0.23000748493728,0.999999999979333
"R-HSA-1614635",0.00102692154863931,11,2.11108128263885,0.0178784424730092,0.0805064349656007,115500,8,12,1.14947978401159,0.382347174845054,0.999999999979333
"R-HSA-6794361",0.00550063809039964,40,1.43316586809324,0.0178917630615956,0.0805064349656007,203039,18,30,1.03453180561043,0.489108621327362,0.999999999979333
"R-HSA-8939243",0.00278014824948505,23,1.63045725711889,0.0179024479109946,0.0805064349656007,139542,12,15,1.37937574081391,0.0675816971481462,0.999999999979333
"R-HSA-9820865",0.000295303588248511,5,3.33695859007824,0.0184820031800684,0.0828600446522825,90152,4,5,1.37937574081391,0.303173156057517,0.999999999979333
"R-HSA-1168372",0.00601487364924619,43,1.4089367067999,0.0187107002840498,0.0836311603605254,106102,16,29,0.951293614354419,0.692754705275057,0.999999999979333
"R-HSA-3295583",0.00248661559729799,21,1.66440947106653,0.018788575505968,0.0837255252909451,129776,11,16,1.18540102726195,0.271694075247948,0.999999999979333
"R-HSA-4641265",0.00203867945725237,18,1.74009554622854,0.0191200071872664,0.0847543650206687,75196,11,12,1.58053470301594,0.0139864422055617,0.999999999979333
"R-HSA-532668",0.000646502345936864,8,2.43876199783016,0.019134375289412,0.0847543650206687,118683,5,8,1.07763729751087,0.547284658226896,0.999999999979333
"R-HSA-912446",0.00204033970980999,18,1.73867960648711,0.019255316500627,0.0850347061030681,51086,13,24,0.933952324509417,0.723659766055626,0.999999999979333
"R-HSA-1169408",0.00280660160690311,23,1.61508953678717,0.0196881700320113,0.0864750522852169,48865,16,32,0.862109838008692,0.863551608209981,0.999999999979333
"R-HSA-9614085",0.00687344558854293,48,1.37631003181893,0.0197334123585611,0.0864750522852169,144607,26,35,1.28084890218434,0.0346682697612397,0.999999999979333
"R-HSA-418038",0.00065048695207515,8,2.42382318007929,0.0197573509288936,0.0864750522852169,15741,4,6,1.14947978401159,0.502836447778396,0.999999999979333
"R-HSA-9614399",0.00132311060491855,13,1.93640742409693,0.0201198899260491,0.0875840285818456,143646,7,8,1.50869221651521,0.0868704416559742,0.999999999979333
"R-HSA-196071",0.00250476769192796,21,1.65234746694568,0.0201294818232174,0.0875840285818456,69207,14,20,1.20695377321217,0.195558602518039,0.999999999979333
"R-HSA-73933",0.00205450719830167,18,1.72669000463223,0.020440128033183,0.0886740848498378,67269,12,15,1.37937574081391,0.0675816971481462,0.999999999979333
"R-HSA-1660499",0.00424736877640493,32,1.48483961320957,0.0205771794107951,0.0888721578038413,87470,15,24,1.07763729751087,0.409412842405609,0.999999999979333
"R-HSA-164944",0.000532498336980355,7,2.59077275528169,0.0206062901484161,0.0888721578038413,72915,5,6,1.43684973001449,0.203341510197078,0.999999999979333
"R-HSA-9845620",0.000789505432899786,9,2.24665777835297,0.0214938972608176,0.0916956513642517,25886,5,6,1.43684973001449,0.203341510197078,0.999999999979333
"R-HSA-9846298",0.000789505432899786,9,2.24665777835297,0.0214938972608176,0.0916956513642517,25886,5,6,1.43684973001449,0.203341510197078,0.999999999979333
"R-HSA-1296346",0.00191737033704234,17,1.74740049427453,0.0215097559048567,0.0916956513642517,148144,4,7,0.985268386295648,0.670588408536318,0.999999999979333
"R-HSA-111932",0.00119615662601262,12,1.97716417544082,0.0216284306666674,0.0916956513642517,99871,7,7,1.72421967601738,0.0220340610674389,0.999999999979333
"R-HSA-9830369",0.00878738473696619,59,1.32325001406035,0.0216675183211474,0.0916956513642517,209676,21,31,1.16801978052791,0.1795854744012,0.999999999979333
"R-HSA-927802",0.00508291854690269,37,1.43462406279278,0.0216961236109314,0.0916956513642517,172274,23,46,0.862109838008692,0.8940803695876,0.999999999979333
"R-HSA-975957",0.00508291854690269,37,1.43462406279278,0.0216961236109314,0.0916956513642517,172274,23,46,0.862109838008692,0.8940803695876,0.999999999979333
"R-HSA-6802946",0.00315259823991092,25,1.5628630267754,0.0220812618014748,0.0922658956293921,95324,14,22,1.09723070292015,0.378823685174661,0.999999999979333
"R-HSA-6802949",0.00315259823991092,25,1.5628630267754,0.0220812618014748,0.0922658956293921,95324,14,22,1.09723070292015,0.378823685174661,0.999999999979333
"R-HSA-6802955",0.00315259823991092,25,1.5628630267754,0.0220812618014748,0.0922658956293921,95324,14,22,1.09723070292015,0.378823685174661,0.999999999979333
"R-HSA-9649948",0.00315259823991092,25,1.5628630267754,0.0220812618014748,0.0922658956293921,95324,14,22,1.09723070292015,0.378823685174661,0.999999999979333
"R-HSA-1614558",0.000422589617665973,6,2.79822069722223,0.0223220515440837,0.0930085481003489,156131,5,7,1.23158548286956,0.377022477209955,0.999999999979333
"R-HSA-75153",0.0059247772771194,42,1.39709776670518,0.022412365416951,0.0931217999718387,147430,19,28,1.17000620872608,0.193887249393049,0.999999999979333
"R-HSA-983705",0.00778536697669116,53,1.34167188180504,0.022685389861052,0.0936901141511134,105269,21,42,0.862109838008692,0.886224681036167,0.999999999979333
"R-HSA-9615710",0.00332028374823045,26,1.54329050921093,0.0227796798962676,0.0936901141511134,75121,12,17,1.21709624189462,0.211756109525192,0.999999999979333
"R-HSA-380270",0.0031624490717528,25,1.55799480581141,0.0228032210035591,0.0936901141511134,68649,19,34,0.963534524833244,0.666833004415466,0.999999999979333
"R-HSA-380287",0.0031624490717528,25,1.55799480581141,0.0228032210035591,0.0936901141511134,68649,19,34,0.963534524833244,0.666833004415466,0.999999999979333
"R-HSA-451306",0.00149212431528417,14,1.84915180263485,0.0230131159891327,0.0940286595123843,158073,6,6,1.72421967601738,0.0380104985423659,0.999999999979333
"R-HSA-451308",0.00149212431528417,14,1.84915180263485,0.0230131159891327,0.0940286595123843,158073,6,6,1.72421967601738,0.0380104985423659,0.999999999979333
"R-HSA-191273",0.00178731722002884,16,1.76428149979266,0.0232966292126155,0.0946870305753037,52298,8,14,0.985268386295648,0.635708550431751,0.999999999979333
"R-HSA-2408557",0.00527639331161723,38,1.4193711468041,0.0233026387110747,0.0946870305753037,190818,20,41,0.841082768788968,0.911892414193147,0.999999999979333
"R-HSA-6804756",0.00413712800657903,31,1.47676799758249,0.0237980382025833,0.0964343581011274,155882,19,33,0.992732540737282,0.592606698618208,0.999999999979333
"R-HSA-9031628",0.00414410106732103,31,1.47428311780236,0.0242661101612047,0.098061678048704,108133,15,25,1.03453180561043,0.504257206645462,0.999999999979333
"R-HSA-74751",0.00414808567345931,31,1.47286693741863,0.0245367873641907,0.0988845938857414,196765,18,26,1.19369054493511,0.16798289534315,0.999999999979333
"R-HSA-442729",0.00108049236449849,11,2.00641386399541,0.0246846884139222,0.0992095787753006,108436,6,6,1.72421967601738,0.0380104985423659,0.999999999979333
"R-HSA-212300",0.00165383291439627,15,1.7875128199027,0.0248106041195963,0.099444676838056,71603,12,23,0.899592874443853,0.782744508466337,0.999999999979333
"R-HSA-3906995",0.0112924844794057,73,1.27403950568586,0.0249514144353953,0.0997380387322711,135756,27,41,1.13546173786511,0.194790487262656,0.999999999979333
"R-HSA-1500620",0.0035143119304642,27,1.51416427195916,0.0253606524768251,0.101099898387343,62518,21,40,0.905215329909127,0.807390135918246,0.999999999979333
"R-HSA-5685942",0.00180989665481246,16,1.74227113861619,0.0257073745035155,0.101967663687733,106714,13,24,0.933952324509417,0.723659766055626,0.999999999979333
"R-HSA-9009391",0.00801924122030777,54,1.3271194666531,0.0257165904351435,0.101967663687733,102245,25,44,0.979670270464423,0.625056340220269,0.999999999979333
"R-HSA-5620912",0.00384348467088814,29,1.48703907865534,0.0259192654539713,0.10228945331895,98237,19,35,0.936004966980866,0.733071273939254,0.999999999979333
"R-HSA-9758941",0.0203969774548771,124,1.19813403834641,0.0259364444347711,0.10228945331895,138414,43,63,1.17684835029758,0.0618420336678387,0.999999999979333
"R-HSA-6803205",0.000817508359371628,9,2.16970077619709,0.0260505719272888,0.102465582914002,56250,5,7,1.23158548286956,0.377022477209955,0.999999999979333
"R-HSA-2142753",0.00211538312541437,18,1.67699978369524,0.0261769685352,0.102688905822926,53146,16,27,1.0217598080103,0.528884351893676,0.999999999979333
"R-HSA-9664420",0.0012344531183417,12,1.91582652595615,0.0266283941669656,0.103886646269761,90049,4,9,0.766319856007726,0.876743229237134,0.999999999979333
"R-HSA-9673324",0.0012344531183417,12,1.91582652595615,0.0266283941669656,0.103886646269761,90049,4,9,0.766319856007726,0.876743229237134,0.999999999979333
"R-HSA-74158",0.00227532078846501,19,1.64573726563454,0.0269139205605535,0.103886646269761,50698,12,17,1.21709624189462,0.211756109525192,0.999999999979333
"R-HSA-749476",0.00227532078846501,19,1.64573726563454,0.0269139205605535,0.103886646269761,50698,12,17,1.21709624189462,0.211756109525192,0.999999999979333
"R-HSA-211897",0.00467460710123224,34,1.43345260985546,0.0270015268743,0.103886646269761,122047,18,32,0.969873567759779,0.650767405209943,0.999999999979333
"R-HSA-9656223",0.00305685700908822,24,1.54733965124114,0.0270232315879138,0.103886646269761,98233,13,21,1.06737408515362,0.448466603193471,0.999999999979333
"R-HSA-75035",0.0005642645025828,7,2.44492109173406,0.027032662110084,0.103886646269761,68000,5,6,1.43684973001449,0.203341510197078,0.999999999979333
"R-HSA-8949613",0.000823153218067532,9,2.15482182775201,0.0270457438424327,0.103886646269761,49692,8,13,1.06105826216454,0.514985024423345,0.999999999979333
"R-HSA-9692914",0.00451610832373154,33,1.44012147495146,0.0274226643132874,0.104957230257415,139101,23,47,0.843767075497869,0.919993096560446,0.999999999979333
"R-HSA-9854311",0.000443951533907338,6,2.66357681924569,0.0274667734775337,0.104957230257415,290310,4,8,0.862109838008692,0.793892158845739,0.999999999979333
"R-HSA-9675108",0.0544220826872184,308,1.11538576042484,0.0276301835000302,0.105308838921304,141234,172,287,1.03333025879787,0.270306366165382,0.999999999979333
"R-HSA-416482",0.0136496003772094,86,1.24173251040175,0.0277544007016142,0.105405670678232,101721,30,51,1.01424686824552,0.511920958914852,0.999999999979333
"R-HSA-6807505",0.00197879968167424,17,1.69315464606319,0.0277985124703948,0.105405670678232,135201,12,20,1.03453180561043,0.522799008035217,0.999999999979333
"R-HSA-6804116",0.000832450632390199,9,2.13075520981142,0.0287426886900235,0.108702589396031,71156,7,8,1.50869221651521,0.0868704416559742,0.999999999979333
"R-HSA-2029482",0.00637260273366118,44,1.36077201148576,0.0288153982737954,0.108702589396031,65678,23,36,1.10158479301111,0.294191297028492,0.999999999979333
"R-HSA-202131",0.000970030227664899,10,2.03172193480802,0.0290171998633284,0.109000683554188,113014,5,7,1.23158548286956,0.377022477209955,0.999999999979333
"R-HSA-381119",0.0035599135340468,27,1.49476820567034,0.0290422160249464,0.109000683554188,61164,16,32,0.862109838008692,0.863551608209981,0.999999999979333
"R-HSA-5674135",0.00245296781213025,20,1.60689568059358,0.0293035385335683,0.10951206691494,70680,12,19,1.08898084801098,0.416628437008111,0.999999999979333
"R-HSA-205043",0.000702840249392071,8,2.24327698099622,0.0293269602924755,0.10951206691494,126685,3,7,0.738951289721736,0.88314662289656,0.999999999979333
"R-HSA-72766",0.0119245979698432,76,1.25608602397153,0.0295369835739412,0.110017804978695,131427,52,102,0.879013952479451,0.938185878448899,0.999999999979333
"R-HSA-72086",0.00277007605063549,22,1.56523851363114,0.0297257852930719,0.110442149388617,231393,6,10,1.03453180561043,0.582186721293556,0.999999999979333
"R-HSA-114508",0.00293089918171686,23,1.54659461421119,0.0300028951764404,0.111191634133793,98428,10,19,0.90748404000915,0.761693071092046,0.999999999979333
"R-HSA-9842860",0.00455340866452605,33,1.42832437397529,0.0301907725534071,0.111358118799133,80216,24,48,0.862109838008692,0.897777738047101,0.999999999979333
"R-HSA-9619229",0.00125869280568293,12,1.87893187161352,0.0301988118777309,0.111358118799133,103464,6,7,1.47790257944347,0.133869123391928,0.999999999979333
"R-HSA-200425",0.00155067588881621,14,1.77933015355606,0.0303256217456864,0.111546863029645,120236,5,7,1.23158548286956,0.377022477209955,0.999999999979333
"R-HSA-2871796",0.00277804526291206,22,1.56074840753203,0.0305228977388941,0.111993219315594,137532,8,16,0.862109838008692,0.816970829403056,0.999999999979333
"R-HSA-901032",0.000456569453345243,6,2.58996524169563,0.0308453166197298,0.112615945579459,96793,4,6,1.14947978401159,0.502836447778396,0.999999999979333
"R-HSA-901042",0.000456569453345243,6,2.58996524169563,0.0308453166197298,0.112615945579459,96793,4,6,1.14947978401159,0.502836447778396,0.999999999979333
"R-HSA-8980692",0.0191015377259189,116,1.19684854399302,0.0310178746024414,0.112810245780952,116197,60,95,1.08898084801098,0.178984077391583,0.999999999979333
"R-HSA-9711123",0.0137271895134021,86,1.23471396135568,0.0310514981607231,0.112810245780952,82567,38,82,0.79902863034952,0.987659887543143,0.999999999979333
"R-HSA-163841",0.00391609304940801,29,1.45946785015423,0.0317654525578317,0.115120497599022,106816,18,26,1.19369054493511,0.16798289534315,0.999999999979333
"R-HSA-936440",0.00126976115606706,12,1.86255345571731,0.031938757829985,0.115464872056931,72974,10,17,1.01424686824552,0.574916047300429,0.999999999979333
"R-HSA-8948216",0.00642218894338207,44,1.35026538719633,0.0320263460249131,0.115498436153415,129680,20,32,1.07763729751087,0.37137503541729,0.999999999979333
"R-HSA-195253",0.00392151654109623,29,1.45744939334763,0.0322394308056818,0.115983318142392,82618,20,31,1.11239979097896,0.292374128696624,0.999999999979333
"R-HSA-196854",0.0137796534942229,86,1.23001297162362,0.0334517820156015,0.120052015749421,78789,50,101,0.853574097038309,0.966508186538249,0.999999999979333
"R-HSA-190375",0.00113727300196906,11,1.90623962436236,0.0337685728570636,0.120894769330507,263515,6,8,1.29316475701304,0.274865168599789,0.999999999979333
"R-HSA-1660517",0.000593152897085371,7,2.32584581557384,0.0339525885223313,0.121197099514493,63811,3,6,0.862109838008692,0.792050245313599,0.999999999979333
"R-HSA-9013418",0.00157635446170738,14,1.75034513771384,0.0340173553891525,0.121197099514493,57608,6,8,1.29316475701304,0.274865168599789,0.999999999979333
"R-HSA-187687",0.0012832645435357,12,1.84295439399594,0.0341572544537412,0.121249440478828,56469,10,16,1.07763729751087,0.461189164029393,0.999999999979333
"R-HSA-168249",0.0792499421678692,438,1.08924278937381,0.0341964523655542,0.121249440478828,107608,256,451,0.978714494590799,0.72437575715777,0.999999999979333
"R-HSA-5676594",0.00114037214007662,11,1.90105912261703,0.0343240629838881,0.121408190664972,76764,6,8,1.29316475701304,0.274865168599789,0.999999999979333
"R-HSA-9833482",0.00577900710256044,40,1.36413169667184,0.0344738847769844,0.121408190664972,119560,21,33,1.09723070292015,0.318262006317509,0.999999999979333
"R-HSA-877312",0.000861339026892771,9,2.05929194718475,0.0344881572126259,0.121408190664972,83405,7,9,1.34105974801352,0.195872888838076,0.999999999979333
"R-HSA-9824594",0.00281667380575266,22,1.53934392803546,0.0346165779821408,0.121570125056328,211678,8,10,1.37937574081391,0.136979098621685,0.999999999979333
"R-HSA-5654696",0.00158255273792249,14,1.74348968046723,0.0349550322725187,0.122176949293756,215298,8,12,1.14947978401159,0.382347174845054,0.999999999979333
"R-HSA-5654695",0.00158255273792249,14,1.74348968046723,0.0349550322725187,0.122176949293756,215298,8,12,1.14947978401159,0.382347174845054,0.999999999979333
"R-HSA-9706574",0.00204233201287913,17,1.64048443324939,0.0356506699492773,0.124218031406558,55443,9,14,1.1084269345826,0.424442379917041,0.999999999979333
"R-HSA-2029480",0.00854199940895009,56,1.29204615231982,0.0358182785532299,0.124218031406558,68245,30,52,0.99474212077926,0.576333314630635,0.999999999979333
"R-HSA-2173796",0.0023546808607192,19,1.59027079861094,0.0359190492136543,0.124218031406558,136569,8,17,0.811397494596416,0.876576106611498,0.999999999979333
"R-HSA-9725554",0.00331032223288473,25,1.48839867566015,0.0359810400212279,0.124218031406558,126137,9,14,1.1084269345826,0.424442379917041,0.999999999979333
"R-HSA-9734767",0.00331032223288473,25,1.48839867566015,0.0359810400212279,0.124218031406558,126137,9,14,1.1084269345826,0.424442379917041,0.999999999979333
"R-HSA-5693571",0.00282984514270978,22,1.53217914814591,0.0361019086050388,0.124218031406558,227464,11,21,0.903162687437678,0.772598663897106,0.999999999979333
"R-HSA-3560783",0.00235634111327682,19,1.58915031094223,0.0361284986260428,0.124218031406558,80352,10,13,1.32632282770568,0.134189477180714,0.999999999979333
"R-HSA-5218859",0.00380186767344382,28,1.45147838081577,0.0363227515424596,0.124595484942158,142726,14,25,0.965563018569735,0.66037258792198,0.999999999979333
"R-HSA-9823587",0.000871964643261533,9,2.03419775742469,0.0367868116543392,0.125894541044432,25886,5,7,1.23158548286956,0.377022477209955,0.999999999979333
"R-HSA-418889",0.000872960794796104,9,2.03187649714615,0.0370075388631197,0.126356758849772,98510,4,6,1.14947978401159,0.502836447778396,0.999999999979333
"R-HSA-389356",0.0017472497916383,15,1.69194327600318,0.0371382780287035,0.126510300444198,128487,10,18,0.957899820009658,0.67642783297527,0.999999999979333
"R-HSA-6811440",0.00284102417659774,22,1.526150236896,0.0373992421462325,0.126538542241434,234858,16,24,1.14947978401159,0.258920572540752,0.999999999979333
"R-HSA-5654687",0.00284235237864384,22,1.52543708257969,0.0375556425723947,0.126538542241434,91324,11,14,1.35474403115652,0.0958622740780873,0.999999999979333
"R-HSA-881907",0.000739144438652008,8,2.13309506279215,0.0375832589347167,0.126538542241434,170274,5,9,0.957899820009658,0.690328320856496,0.999999999979333
"R-HSA-2404192",0.00464239820161443,33,1.40094500681805,0.0376613017247387,0.126538542241434,202942,18,27,1.14947978401159,0.238078925381455,0.999999999979333
"R-HSA-2428924",0.00464239820161443,33,1.40094500681805,0.0376613017247387,0.126538542241434,202942,18,27,1.14947978401159,0.238078925381455,0.999999999979333
"R-HSA-2428928",0.00464239820161443,33,1.40094500681805,0.0376613017247387,0.126538542241434,202942,18,27,1.14947978401159,0.238078925381455,0.999999999979333
"R-HSA-2219528",0.0105009867434367,67,1.25746014656919,0.0379997915846024,0.12738566497111,172622,36,57,1.08898084801098,0.256966626125294,0.999999999979333
"R-HSA-453274",0.00875207669924082,57,1.28355143865729,0.0381659883579261,0.127652682149526,91071,42,70,1.03453180561043,0.415693978402292,0.999999999979333
"R-HSA-9705462",0.000879048387507374,9,2.01780533026841,0.0383760809793208,0.128064976118774,63176,7,12,1.00579481101014,0.611045789469066,0.999999999979333
"R-HSA-170670",0.00221842946749059,18,1.59910292201684,0.0385361237719524,0.1281254151353,200670,9,10,1.55179770841565,0.0354138319923674,0.999999999979333
"R-HSA-1640170",0.039171445426945,224,1.12701048931529,0.0385679215729309,0.1281254151353,108887,150,272,0.950856438980175,0.848457125729182,0.999999999979333
"R-HSA-9013148",0.0253345685612362,149,1.15910370151074,0.039707660809978,0.131615280212848,119486,66,101,1.12671780809057,0.0792361649530228,0.999999999979333
"R-HSA-2559585",0.00146578164136995,13,1.74792829024048,0.040300406082585,0.13328049096819,266346,6,14,0.738951289721736,0.921224204160507,0.999999999979333
"R-HSA-203615",0.000888456485333882,9,1.99643826248807,0.0405580837565932,0.133706154773188,120274,4,6,1.14947978401159,0.502836447778396,0.999999999979333
"R-HSA-9629569",0.000888677852341565,9,1.9959409556597,0.0406104117548394,0.133706154773188,224457,6,8,1.29316475701304,0.274865168599789,0.999999999979333
"R-HSA-9675135",0.00161819282615938,14,1.70508997615051,0.040710192185387,0.133736154729278,87192,12,21,0.985268386295648,0.621908881157543,0.999999999979333
"R-HSA-8963693",0.00103112752178528,10,1.9113365217537,0.0409560449461055,0.134126473337263,102859,6,7,1.47790257944347,0.133869123391928,0.999999999979333
"R-HSA-75892",0.00132145035236093,12,1.78969873892193,0.0410199301439418,0.134126473337263,35001,7,11,1.09723070292015,0.477638264271726,0.999999999979333
"R-HSA-3371511",0.000752979876632167,8,2.09390104796795,0.0411018074226732,0.134126473337263,130597,6,8,1.29316475701304,0.274865168599789,0.999999999979333
"R-HSA-72203",0.0130421693081285,81,1.22400931315443,0.0414716755718212,0.135034705228336,95710,56,99,0.97531618037347,0.654279574977506,0.999999999979333
"R-HSA-5654716",0.000895872280091247,9,1.979912272423,0.0423359583858818,0.137242942020166,78711,8,10,1.37937574081391,0.136979098621685,0.999999999979333
"R-HSA-5654720",0.000895872280091247,9,1.979912272423,0.0423359583858818,0.137242942020166,78711,8,10,1.37937574081391,0.136979098621685,0.999999999979333
"R-HSA-4615885",0.00178443944892897,15,1.65668133947315,0.0431023483396451,0.139420973247756,35755,11,20,0.948320821809561,0.693665920557335,0.999999999979333
"R-HSA-499943",0.0011861951106669,11,1.82762080249354,0.0433015960977299,0.139758980840594,60704,7,9,1.34105974801352,0.195872888838076,0.999999999979333
"R-HSA-9683701",0.00163402056720868,14,1.68857382993433,0.0434699844710408,0.139996129027915,37450,13,16,1.40092848676412,0.0470885842603447,0.999999999979333
"R-HSA-2173788",0.00305353650397298,23,1.48447967900218,0.0437495896888085,0.140589640067522,117342,11,16,1.18540102726195,0.271694075247948,0.999999999979333
"R-HSA-168255",0.00640625051882892,43,1.32286057909824,0.0439405504438932,0.140896330227701,144020,28,56,0.862109838008692,0.91118579004696,0.999999999979333
"R-HSA-389357",0.00134159475006005,12,1.76282594208308,0.0450032560161161,0.143990895062411,152535,8,13,1.06105826216454,0.514985024423345,0.999999999979333
"R-HSA-72172",0.00991115435146661,63,1.25275414072189,0.0455427622444182,0.14540167599679,102464,43,74,1.00191143336145,0.541782108403532,0.999999999979333
"R-HSA-5654700",0.00134723960875595,12,1.75543979986764,0.0461657019092531,0.147072160510039,249856,7,10,1.20695377321217,0.333291732676322,0.999999999979333
"R-HSA-163210",0.000380751253213972,5,2.58808299951417,0.0466874921577685,0.148413902872217,39023,4,7,0.985268386295648,0.670588408536318,0.999999999979333
"R-HSA-5693537",0.000914467108736581,9,1.93965261837227,0.0470219951217643,0.148790764860403,90561,7,14,0.862109838008692,0.810524813613065,0.999999999979333
"R-HSA-5693568",0.000914467108736581,9,1.93965261837227,0.0470219951217643,0.148790764860403,90561,7,14,0.862109838008692,0.810524813613065,0.999999999979333
"R-HSA-202670",0.000914799159248105,9,1.93894857023493,0.0471086692812259,0.148790764860403,19493,5,6,1.43684973001449,0.203341510197078,0.999999999979333
"R-HSA-4570464",0.00196363604164799,16,1.60586312263412,0.0473157391275578,0.149125459857153,56056,10,16,1.07763729751087,0.461189164029393,0.999999999979333
"R-HSA-1855204",0.00308331036650629,23,1.47014486069254,0.0476878539315942,0.149977792215568,85756,10,15,1.14947978401159,0.34275473354099,0.999999999979333
"R-HSA-2197563",0.00181299579292002,15,1.630587091269,0.0481207885709165,0.151017368387451,160606,6,8,1.29316475701304,0.274865168599789,0.999999999979333
"R-HSA-9683610",0.000510693686723624,6,2.31547607758875,0.0483521168127676,0.151421172608986,46492,6,7,1.47790257944347,0.133869123391928,0.999999999979333
"R-HSA-9033241",0.00308995137673676,23,1.46698518409257,0.0486001490518098,0.151875465786906,66472,14,26,0.928425979393976,0.736863683520427,0.999999999979333
"R-HSA-9768759",0.00166445853076503,14,1.65769486975133,0.0491420558290876,0.153244254435315,270027,4,6,1.14947978401159,0.502836447778396,0.999999999979333
"R-HSA-8853884",0.00309670307047108,23,1.46378673902038,0.049540488925353,0.15416080414535,205460,10,15,1.14947978401159,0.34275473354099,0.999999999979333
"R-HSA-2022928",0.00425766234226217,30,1.38867166948222,0.0498497757879545,0.154796672183648,135887,13,19,1.17972925201189,0.248159911349906,0.999999999979333
"R-HSA-1226099",0.00459690728153567,32,1.37193574393971,0.0502158645099511,0.155605882672643,188504,17,31,0.945539822332114,0.707158504574357,0.999999999979333
"R-HSA-1483249",0.00752271502207582,49,1.2837220680873,0.0508988420791232,0.157391597624123,87521,18,29,1.07020531614872,0.402711343180923,0.999999999979333
"R-HSA-400685",0.00182915558448084,15,1.6161815657138,0.0511349584391685,0.15779092823802,49313,11,15,1.26442776241275,0.173633860635425,0.999999999979333
"R-HSA-9820841",0.00199197101863135,16,1.58302037332066,0.0523864128183561,0.161140469673955,86872,6,9,1.14947978401159,0.432849728123215,0.999999999979333
"R-HSA-3229121",0.000654914292228801,7,2.10650798135207,0.0524448662948236,0.161140469673955,61675,5,7,1.23158548286956,0.377022477209955,0.999999999979333
"R-HSA-111461",0.000394033273674925,5,2.50084424672156,0.0525565756930125,0.161140469673955,218017,2,5,0.689687870406954,0.896733065508406,0.999999999979333
"R-HSA-204005",0.00411299900274163,29,1.38959720146143,0.0526574280561669,0.161140469673955,203298,16,31,0.889919832783166,0.817310012698671,0.999999999979333
"R-HSA-167160",0.00263260713886463,20,1.49724709158356,0.0529758436621364,0.161444978102585,244874,5,8,1.07763729751087,0.547284658226896,0.999999999979333
"R-HSA-77075",0.00263260713886463,20,1.49724709158356,0.0529758436621364,0.161444978102585,244874,5,8,1.07763729751087,0.547284658226896,0.999999999979333
"R-HSA-198323",0.000658124113840197,7,2.09623406082412,0.0535491928754211,0.162665568906411,162998,5,7,1.23158548286956,0.377022477209955,0.999999999979333
"R-HSA-5205685",0.00153307721170544,13,1.67120167119015,0.0535969264328919,0.162665568906411,243667,7,13,0.928425979393976,0.723116682022408,0.999999999979333
"R-HSA-9694631",0.000524750491711466,6,2.2534500362781,0.0537250582484258,0.162719632271926,46492,6,8,1.29316475701304,0.274865168599789,0.999999999979333
"R-HSA-3214847",0.00755558802271668,49,1.27813682492158,0.0539213753195054,0.162979566795636,107329,33,54,1.05368980201062,0.374588976685927,0.999999999979333
"R-HSA-3785653",0.00052596801025372,6,2.24823371674968,0.0542067540325764,0.163195926753987,71254,4,5,1.37937574081391,0.303173156057517,0.999999999979333
"R-HSA-5654712",0.000660559150924705,7,2.08850665644441,0.0543965867658582,0.163195926753987,98927,7,8,1.50869221651521,0.0868704416559742,0.999999999979333
"R-HSA-3560801",0.00232036897452841,18,1.52885040383436,0.0544818848271567,0.163195926753987,84523,9,12,1.29316475701304,0.185038413081609,0.999999999979333
"R-HSA-4420332",0.00232036897452841,18,1.52885040383436,0.0544818848271567,0.163195926753987,84523,9,12,1.29316475701304,0.185038413081609,0.999999999979333
"R-HSA-9010553",0.00773777307003941,50,1.27351349873818,0.054613508466708,0.163195926753987,151721,31,63,0.848425554865697,0.938283448129979,0.999999999979333
"R-HSA-1474244",0.0308513664431967,177,1.13070262202033,0.0546568052993015,0.163195926753987,106570,91,162,0.968543151343099,0.711548870126265,0.999999999979333
"R-HSA-8934593",0.00184885724816459,15,1.59895932441249,0.0549839281849338,0.163840998126823,237063,5,8,1.07763729751087,0.547284658226896,0.999999999979333
"R-HSA-209543",0.00039967813237083,5,2.46552354426163,0.0551750081395949,0.164078905253836,55178,4,7,0.985268386295648,0.670588408536318,0.999999999979333
"R-HSA-74259",0.000400784967409242,5,2.45871458666908,0.0556971054584939,0.165006392927822,157064,5,9,0.957899820009658,0.690328320856496,0.999999999979333
"R-HSA-111931",0.00281235714910285,21,1.47162907540559,0.0558225017430396,0.165006392927822,217046,9,13,1.19369054493511,0.299448518858622,0.999999999979333
"R-HSA-163615",0.00281235714910285,21,1.47162907540559,0.0558225017430396,0.165006392927822,217046,9,13,1.19369054493511,0.299448518858622,0.999999999979333
"R-HSA-1912420",0.00201565728845339,16,1.56441808020712,0.0569058932627277,0.167872385125047,28238,6,10,1.03453180561043,0.582186721293556,0.999999999979333
"R-HSA-611105",0.00864493506752247,55,1.25386416620723,0.0572860285021882,0.168622378038872,168069,35,55,1.09723070292015,0.239217975978771,0.999999999979333
"R-HSA-193048",0.00109775899109773,10,1.79532275021753,0.0573887686613653,0.168622378038872,116824,6,7,1.47790257944347,0.133869123391928,0.999999999979333
"R-HSA-5627117",0.00109831240861693,10,1.7944181232145,0.0575409242336051,0.168733326529955,86195,9,12,1.29316475701304,0.185038413081609,0.999999999979333
"R-HSA-975956",0.0046611037137636,32,1.3530403523296,0.0580078029681331,0.169640042231311,187257,19,39,0.840004457546931,0.909041502462352,0.999999999979333
"R-HSA-6811442",0.0154640350556793,93,1.18524917074105,0.0580801500520761,0.169640042231311,174119,57,94,1.04553746311692,0.340283943181636,0.999999999979333
"R-HSA-9673221",0.000536372259614799,6,2.20462373545078,0.0584295487196553,0.170001193690149,92917,5,5,1.72421967601738,0.0655656671514847,0.999999999979333
"R-HSA-68884",0.000671848868316515,7,2.0534114869292,0.0584343086107834,0.170001193690149,197281,4,5,1.37937574081391,0.303173156057517,0.999999999979333
"R-HSA-8936459",0.00299553834796016,22,1.4474292152175,0.0590194816273184,0.171365620866722,293259,11,28,0.677372015578258,0.985633860899648,0.999999999979333
"R-HSA-72163",0.00955043681244791,60,1.23816223048866,0.0591847661411826,0.171507917599694,100310,41,71,0.995676150939616,0.56738246538818,0.999999999979333
"R-HSA-9664407",0.00570020044782546,38,1.31384159105434,0.0595383996494874,0.171521756802722,71356,20,34,1.01424686824552,0.53400698351511,0.999999999979333
"R-HSA-9664417",0.00570020044782546,38,1.31384159105434,0.0595383996494874,0.171521756802722,71356,20,34,1.01424686824552,0.53400698351511,0.999999999979333
"R-HSA-9664422",0.00570020044782546,38,1.31384159105434,0.0595383996494874,0.171521756802722,71356,20,34,1.01424686824552,0.53400698351511,0.999999999979333
"R-HSA-8875555",0.000409086230197338,5,2.40882183937466,0.0597034642184006,0.171662007255635,33732,3,5,1.03453180561043,0.647443346545997,0.999999999979333
"R-HSA-3214815",0.00570374231994838,38,1.31302573040632,0.0599551812332578,0.172050374161586,97118,17,30,0.977057816409851,0.633514653658118,0.999999999979333
"R-HSA-912694",0.000676940309493213,7,2.03796725403208,0.0603140373121649,0.172744087447463,76072,5,7,1.23158548286956,0.377022477209955,0.999999999979333
"R-HSA-8864260",0.00333666490679896,24,1.41758198394407,0.0607765213300118,0.173731335197224,83992,14,20,1.20695377321217,0.195558602518039,0.999999999979333
"R-HSA-9733458",0.00187973794573631,15,1.57269131219374,0.0614096699190032,0.175201669498123,93102,7,11,1.09723070292015,0.477638264271726,0.999999999979333
"R-HSA-69275",0.00869352512570879,55,1.24685603867407,0.0618780528248546,0.176197158140271,91822,41,69,1.02453632922772,0.455616684898057,0.999999999979333
"R-HSA-198693",0.00126632996744798,11,1.71196679838504,0.0626376881348198,0.178016551057532,143563,4,6,1.14947978401159,0.502836447778396,0.999999999979333
"R-HSA-1442490",0.00694516849903207,45,1.27696579436729,0.0629378782906937,0.178525712459179,111188,23,38,1.04360664601052,0.443181516406601,0.999999999979333
"R-HSA-5686938",0.000826473723182771,8,1.90770173152886,0.0634211082811903,0.179551122293197,68358,6,9,1.14947978401159,0.432849728123215,0.999999999979333
"R-HSA-1483257",0.0151772540972266,91,1.18167412056025,0.0635535072645397,0.179581270527195,83641,58,96,1.0417160542605,0.354191666707628,0.999999999979333
"R-HSA-193639",0.000687455242358134,7,2.00679564090488,0.0643121629586222,0.181377515036267,50533,6,10,1.03453180561043,0.582186721293556,0.999999999979333
"R-HSA-111957",0.000977003288406899,9,1.81549902945414,0.0652482824514009,0.183666443923314,140935,4,5,1.37937574081391,0.303173156057517,0.999999999979333
"R-HSA-6802948",0.00221975766953669,17,1.50936019757256,0.0659410466403862,0.185077850621222,79883,10,17,1.01424686824552,0.574916047300429,0.999999999979333
"R-HSA-76061",0.000979327641987566,9,1.81119009188424,0.066000643679161,0.185077850621222,76299,7,10,1.20695377321217,0.333291732676322,0.999999999979333
"R-HSA-5654736",0.00421438509226023,29,1.35616745473019,0.0666544898483032,0.186370845637872,75200,14,23,1.0495250201845,0.477552480739576,0.999999999979333
"R-HSA-9013409",0.00558763532441888,37,1.30503814820103,0.0669518990243382,0.186370845637872,180361,23,36,1.10158479301111,0.294191297028492,0.999999999979333
"R-HSA-5213460",0.00271395951418796,20,1.45236631620371,0.067249127350352,0.186370845637872,147892,10,17,1.01424686824552,0.574916047300429,0.999999999979333
"R-HSA-5675482",0.00271395951418796,20,1.45236631620371,0.067249127350352,0.186370845637872,147892,10,17,1.01424686824552,0.574916047300429,0.999999999979333
"R-HSA-5655253",0.00206579691569348,16,1.52644758136798,0.0673407666939038,0.186370845637872,195766,9,16,0.969873567759779,0.657268445061902,0.999999999979333
"R-HSA-110328",0.00128470342908563,11,1.68748273803078,0.0677545613049081,0.186370845637872,40582,9,15,1.03453180561043,0.546973849481116,0.999999999979333
"R-HSA-110329",0.00128470342908563,11,1.68748273803078,0.0677545613049081,0.186370845637872,40582,9,15,1.03453180561043,0.546973849481116,0.999999999979333
"R-HSA-73928",0.00128470342908563,11,1.68748273803078,0.0677545613049081,0.186370845637872,40582,9,15,1.03453180561043,0.546973849481116,0.999999999979333
"R-HSA-73929",0.00128470342908563,11,1.68748273803078,0.0677545613049081,0.186370845637872,40582,9,15,1.03453180561043,0.546973849481116,0.999999999979333
"R-HSA-170660",0.00190818360622351,15,1.5492468999412,0.0677618909079079,0.186370845637872,235982,7,8,1.50869221651521,0.0868704416559742,0.999999999979333
"R-HSA-175474",0.00222883371685167,17,1.50321392274508,0.0678516231237541,0.186370845637872,58390,7,8,1.50869221651521,0.0868704416559742,0.999999999979333
"R-HSA-1793185",0.00542459852326069,36,1.30792980477386,0.0682410253118241,0.1867703796427,78107,18,28,1.1084269345826,0.317623942160587,0.999999999979333
"R-HSA-69481",0.00577081652327619,38,1.29776443168703,0.0682503285609597,0.1867703796427,92916,26,50,0.89659423152904,0.842638133483946,0.999999999979333
"R-HSA-5693616",0.00113860120401515,10,1.7309235964477,0.069331406860882,0.188678644132474,100291,8,15,0.919583827209272,0.737119637232479,0.999999999979333
"R-HSA-9675136",0.00113860120401515,10,1.7309235964477,0.069331406860882,0.188678644132474,100291,8,15,0.919583827209272,0.737119637232479,0.999999999979333
"R-HSA-9701190",0.00113860120401515,10,1.7309235964477,0.069331406860882,0.188678644132474,100291,8,15,0.919583827209272,0.737119637232479,0.999999999979333
"R-HSA-446353",0.00239906494575955,18,1.47869987847674,0.0695929813450924,0.189041708073686,53268,10,14,1.23158548286956,0.23000748493728,0.999999999979333
"R-HSA-379726",0.000562382883017498,6,2.10265826057754,0.0698221746350849,0.189264175007522,206227,5,8,1.07763729751087,0.547284658226896,0.999999999979333
"R-HSA-936837",0.00683061107255636,44,1.2695290872473,0.0699315087315927,0.189264175007522,136039,22,35,1.08379522492521,0.343258008633979,0.999999999979333
"R-HSA-9664323",0.00475241760443265,32,1.32704276771325,0.070537053142,0.189521787980567,176208,15,24,1.07763729751087,0.409412842405609,0.999999999979333
"R-HSA-2033519",0.00129433289391982,11,1.6749283513189,0.070540651933106,0.189521787980567,263515,6,9,1.14947978401159,0.432849728123215,0.999999999979333
"R-HSA-5654221",0.00129433289391982,11,1.6749283513189,0.070540651933106,0.189521787980567,263515,6,9,1.14947978401159,0.432849728123215,0.999999999979333
"R-HSA-5654699",0.00129433289391982,11,1.6749283513189,0.070540651933106,0.189521787980567,263515,6,9,1.14947978401159,0.432849728123215,0.999999999979333
"R-HSA-4085377",0.0014492897992976,12,1.63183238460279,0.0708267854057225,0.189602929302864,40479,8,14,0.985268386295648,0.635708550431751,0.999999999979333
"R-HSA-2173782",0.00256929617466742,19,1.45743423812731,0.0710398719128067,0.189602929302864,95956,11,21,0.903162687437678,0.772598663897106,0.999999999979333
"R-HSA-2514856",0.00256951754167511,19,1.45730867842555,0.0710850304437178,0.189602929302864,191509,11,14,1.35474403115652,0.0958622740780873,0.999999999979333
"R-HSA-2514859",0.00256951754167511,19,1.45730867842555,0.0710850304437178,0.189602929302864,191509,11,14,1.35474403115652,0.0958622740780873,0.999999999979333
"R-HSA-9609646",0.0123746370964618,75,1.19447847779942,0.0714866445462216,0.190154984892587,98951,34,59,0.9936181183829,0.577939702908983,0.999999999979333
"R-HSA-5675221",0.00306715057494546,22,1.41363445132426,0.0715498417731431,0.190154984892587,63263,14,22,1.09723070292015,0.378823685174661,0.999999999979333
"R-HSA-8978868",0.0129235165920106,78,1.18949723011903,0.0720464487169674,0.191130417009941,90831,55,84,1.1289533592971,0.0986639139414274,0.999999999979333
"R-HSA-9680350",0.00130163800517335,11,1.66552824322476,0.0727023758504769,0.192174360438979,85764,8,12,1.14947978401159,0.382347174845054,0.999999999979333
"R-HSA-168273",0.00615311734554394,40,1.28119233246924,0.0727300840862104,0.192174360438979,154154,25,52,0.82895176731605,0.94377130044862,0.999999999979333
"R-HSA-373753",0.00161276933447116,13,1.58862221862979,0.0728582909722849,0.192174360438979,199653,10,13,1.32632282770568,0.134189477180714,0.999999999979333
"R-HSA-5693579",0.00115011228841465,10,1.71359936836276,0.0729611131158157,0.192174360438979,100291,8,16,0.862109838008692,0.816970829403056,0.999999999979333
"R-HSA-8940973",0.0024161102053511,18,1.46826789435995,0.0732045502841925,0.192471856807814,168505,9,17,0.912822181420968,0.749914892543558,0.999999999979333
"R-HSA-8964038",0.000855030067173818,8,1.843988197971,0.0737920161556962,0.19367121677874,20595,6,9,1.14947978401159,0.432849728123215,0.999999999979333
"R-HSA-264870",0.00115398621104909,10,1.70784682876055,0.0742089370974248,0.194419506605154,32086,6,8,1.29316475701304,0.274865168599789,0.999999999979333
"R-HSA-430116",0.00130805764839614,11,1.657354217323,0.0746364605760798,0.195018921037896,30866,7,11,1.09723070292015,0.477638264271726,0.999999999979333
"R-HSA-9648002",0.00161963171170932,13,1.58189122856931,0.0747021629738382,0.195018921037896,186870,7,11,1.09723070292015,0.477638264271726,0.999999999979333
"R-HSA-9617629",0.00115619988112592,10,1.70457697076943,0.0749279333062493,0.195262723722116,121759,3,5,1.03453180561043,0.647443346545997,0.999999999979333
"R-HSA-9613829",0.00131060336898449,11,1.65413496666863,0.075412349284086,0.196178510042375,25724,10,15,1.14947978401159,0.34275473354099,0.999999999979333
"R-HSA-9634815",0.00359721387484131,25,1.36969315666596,0.0765295217749294,0.198734233482431,210990,9,20,0.775898854207823,0.919210627813868,0.999999999979333
"R-HSA-1445148",0.00689170836667674,44,1.25827428830471,0.077593751132939,0.201143730968515,131729,27,38,1.22510345401235,0.0688987381084309,0.999999999979333
"R-HSA-1502540",0.000720438926502833,7,1.9149189930343,0.077871161421874,0.201508707188183,163840,4,7,0.985268386295648,0.670588408536318,0.999999999979333
"R-HSA-9013026",0.0115512625113866,70,1.19431290070813,0.0791667412790964,0.203087728638302,148796,34,45,1.30274375521313,0.0108780220171314,0.999999999979333
"R-HSA-167161",0.00344413858902883,24,1.37334661079082,0.0794451657113898,0.203087728638302,239066,11,18,1.05368980201062,0.493706618760557,0.999999999979333
"R-HSA-167162",0.00344413858902883,24,1.37334661079082,0.0794451657113898,0.203087728638302,239066,11,18,1.05368980201062,0.493706618760557,0.999999999979333
"R-HSA-73776",0.00344413858902883,24,1.37334661079082,0.0794451657113898,0.203087728638302,239066,11,18,1.05368980201062,0.493706618760557,0.999999999979333
"R-HSA-73779",0.00344413858902883,24,1.37334661079082,0.0794451657113898,0.203087728638302,239066,11,18,1.05368980201062,0.493706618760557,0.999999999979333
"R-HSA-75953",0.00344413858902883,24,1.37334661079082,0.0794451657113898,0.203087728638302,239066,11,18,1.05368980201062,0.493706618760557,0.999999999979333
"R-HSA-76042",0.00344413858902883,24,1.37334661079082,0.0794451657113898,0.203087728638302,239066,11,18,1.05368980201062,0.493706618760557,0.999999999979333
"R-HSA-5654689",0.00132532427499538,11,1.63576182898975,0.0799986153157798,0.203589471336949,132116,8,11,1.25397794619446,0.250808000336091,0.999999999979333
"R-HSA-139915",0.000583634115755022,6,2.02609645780286,0.0800140850275536,0.203589471336949,54501,3,5,1.03453180561043,0.647443346545997,0.999999999979333
"R-HSA-917729",0.00277738116188901,20,1.41920145352548,0.080055520932495,0.203589471336949,86093,6,11,0.940483459645846,0.707644869719751,0.999999999979333
"R-HSA-1474151",0.00117401992524436,10,1.67870378397827,0.0808738494356196,0.205316571286642,114369,5,8,1.07763729751087,0.547284658226896,0.999999999979333
"R-HSA-5621575",0.00102304762600487,9,1.73378880590628,0.081169610132608,0.205713359013053,90249,5,9,0.957899820009658,0.690328320856496,0.999999999979333
"R-HSA-69620",0.0135695762039321,81,1.17643590757537,0.0813887970351943,0.205870190256265,124009,55,99,0.957899820009658,0.725937450932176,0.999999999979333
"R-HSA-171007",0.000586622570358736,6,2.01577483433858,0.0815106380404468,0.205870190256265,47774,5,6,1.43684973001449,0.203341510197078,0.999999999979333
"R-HSA-5173214",0.00763384125993246,48,1.23921781899313,0.0821092370440055,0.207027563487022,184324,17,25,1.17246937969182,0.209835307331714,0.999999999979333
"R-HSA-9759475",0.00379921126935163,26,1.34874373475046,0.0824578316082933,0.207551709252957,206644,9,13,1.19369054493511,0.299448518858622,0.999999999979333
"R-HSA-5688426",0.0166977133894941,98,1.15669434017793,0.0831190536126136,0.208764377540568,148702,59,110,0.924808735318415,0.848391451261251,0.999999999979333
"R-HSA-5683057",0.033058838243807,186,1.10885534397071,0.0832226806737993,0.208764377540568,140982,94,148,1.09511249692996,0.0983949833705291,0.999999999979333
"R-HSA-1234174",0.00246292932747596,18,1.44035681583603,0.0837613242469424,0.209758834064924,99588,12,19,1.08898084801098,0.416628437008111,0.999999999979333
"R-HSA-2162123",0.000735934617040611,7,1.87459884579038,0.0847731597915156,0.211932899478789,48159,6,10,1.03453180561043,0.582186721293556,0.999999999979333
"R-HSA-168638",0.00197758216313199,15,1.49487975345532,0.0850472444381147,0.212255550396174,108674,12,19,1.08898084801098,0.416628437008111,0.999999999979333
"R-HSA-3560782",0.00347369108455445,24,1.36166283736866,0.0851900242946002,0.212255550396174,78892,13,19,1.17972925201189,0.248159911349906,0.999999999979333
"R-HSA-15869",0.00432905320223979,29,1.32024524458751,0.0854145529433917,0.212279819476338,84455,21,38,0.952858242009607,0.695891995910529,0.999999999979333
"R-HSA-109582",0.0527349340381659,290,1.08379995311779,0.0854876018772506,0.212279819476338,93110,165,304,0.935842916259436,0.918445355894438,0.999999999979333
"R-HSA-1630316",0.012157586745429,73,1.18338216665543,0.0856427479786592,0.212307652552138,93431,39,65,1.03453180561043,0.42246676739051,0.999999999979333
"R-HSA-5628897",0.00554789994653987,36,1.27886121881667,0.0861582869674733,0.213020046856501,199495,17,32,0.915991702884235,0.77106841718736,0.999999999979333
"R-HSA-429914",0.00134447252115992,11,1.61246498232677,0.0862189613378517,0.213020046856501,37128,10,16,1.07763729751087,0.461189164029393,0.999999999979333
"R-HSA-69278",0.0325687316887978,183,1.10738791701925,0.0878492015898674,0.216684903587048,118900,120,216,0.957899820009658,0.790218730598082,0.999999999979333
"R-HSA-170968",0.000460554059483529,5,2.13963122286199,0.0880711793413309,0.216869765489922,57460,4,6,1.14947978401159,0.502836447778396,0.999999999979333
"R-HSA-8851708",0.00119527115798189,10,1.64885739759769,0.0883326785021618,0.217151167984481,286031,4,7,0.985268386295648,0.670588408536318,0.999999999979333
"R-HSA-977225",0.00383219495349633,26,1.33713510369724,0.0887245215549867,0.217751529606664,152128,15,34,0.76068515118414,0.964553914597573,0.999999999979333
"R-HSA-1839126",0.00183048378652694,14,1.50734160426415,0.0890930878399475,0.218292864724124,222596,8,14,0.985268386295648,0.635708550431751,0.999999999979333
"R-HSA-209776",0.00248672628080184,18,1.42657319027834,0.0894889574137878,0.218899191020459,121259,7,9,1.34105974801352,0.195872888838076,0.999999999979333
"R-HSA-3858494",0.0145711512301918,86,1.16319927469106,0.0899892973065785,0.219758631667555,132732,37,65,0.981478892502204,0.620938062222597,0.999999999979333
"R-HSA-190322",0.000607652436088578,6,1.94601213515382,0.0924785911148177,0.224413051176469,98815,6,7,1.47790257944347,0.133869123391928,0.999999999979333
"R-HSA-5654228",0.000607652436088578,6,1.94601213515382,0.0924785911148177,0.224413051176469,98815,6,7,1.47790257944347,0.133869123391928,0.999999999979333
"R-HSA-5654719",0.000607652436088578,6,1.94601213515382,0.0924785911148177,0.224413051176469,98815,6,7,1.47790257944347,0.133869123391928,0.999999999979333
"R-HSA-8963691",0.000467748487233211,5,2.10672160869113,0.092510085123659,0.224413051176469,33077,4,6,1.14947978401159,0.502836447778396,0.999999999979333
"R-HSA-1834949",0.00283349769833654,20,1.39109461223886,0.0926559648586235,0.224413051176469,87800,12,26,0.795793696623408,0.921944622319856,0.999999999979333
"R-HSA-1221632",0.00216983940930428,16,1.45325533863762,0.0928937998672725,0.224620253777421,61515,13,26,0.862109838008692,0.84757806788039,0.999999999979333
"R-HSA-72312",0.00915418986869616,56,1.20563999958022,0.0937671837832881,0.226234503874737,137346,40,80,0.862109838008692,0.941031738323487,0.999999999979333
"R-HSA-6798695",0.034917878374325,195,1.10061721282137,0.0939670374662134,0.226234503874737,125539,117,199,1.01373719645243,0.438792275960703,0.999999999979333
"R-HSA-1296071",0.0098808270714141,60,1.19676116790385,0.0944828741228066,0.226234503874737,91320,31,58,0.921565688905843,0.799408364075816,0.999999999979333
"R-HSA-525793",0.00437886077896836,29,1.30522804727533,0.0945737876325239,0.226234503874737,241614,11,18,1.05368980201062,0.493706618760557,0.999999999979333
"R-HSA-6791226",0.00808376970304723,50,1.21900534241511,0.0946044680825455,0.226234503874737,147998,36,72,0.862109838008692,0.932526373695931,0.999999999979333
"R-HSA-72613",0.00507583480265685,33,1.2813152580948,0.0948293326469641,0.226234503874737,186950,20,44,0.783736216371538,0.966537397932298,0.999999999979333
"R-HSA-72706",0.00507583480265685,33,1.2813152580948,0.0948293326469641,0.226234503874737,186950,20,44,0.783736216371538,0.966537397932298,0.999999999979333
"R-HSA-72737",0.00507583480265685,33,1.2813152580948,0.0948293326469641,0.226234503874737,186950,20,44,0.783736216371538,0.966537397932298,0.999999999979333
"R-HSA-373752",0.00613020586024879,39,1.25383123666993,0.0949418019650592,0.226234503874737,169090,19,31,1.05677980143001,0.428616620417748,0.999999999979333
"R-HSA-9013106",0.0115170613086996,69,1.18074726731252,0.0951416704718446,0.226345103138663,147277,35,51,1.18328801295311,0.0792457167083616,0.999999999979333
"R-HSA-112308",0.00121563692268868,10,1.62123381923495,0.0958562829824461,0.227677966826261,183892,5,7,1.23158548286956,0.377022477209955,0.999999999979333
"R-HSA-5339562",0.00201731754101101,15,1.46543490370823,0.0961064058665717,0.227905062143398,89135,7,12,1.00579481101014,0.611045789469066,0.999999999979333
"R-HSA-162594",0.00122249929992684,10,1.61213318575441,0.0984739907313823,0.2331446811056,131744,4,5,1.37937574081391,0.303173156057517,0.999999999979333
"R-HSA-5357769",0.00186368883767932,14,1.4804855357715,0.0989920155819868,0.233805712442294,83558,7,14,0.862109838008692,0.810524813613065,0.999999999979333
"R-HSA-9633012",0.00509952107247888,33,1.27536380137976,0.0990702171365653,0.233805712442294,181473,18,40,0.775898854207823,0.965544766536509,0.999999999979333
"R-HSA-5334118",0.000918562398378708,8,1.71644882869333,0.100321634343089,0.236380847693381,39091,6,15,0.689687870406954,0.952204111636794,0.999999999979333
"R-HSA-8978934",0.00186944437987907,14,1.47592749859801,0.100773625855702,0.23706714216453,88757,9,17,0.912822181420968,0.749914892543558,0.999999999979333
"R-HSA-9013423",0.0088493674991173,54,1.2026273213672,0.101169284220434,0.237352218443651,152513,30,49,1.05564469960248,0.379654450224574,0.999999999979333
"R-HSA-3134975",0.000481362558205688,5,2.04713854180932,0.101216640949869,0.237352218443651,33954,4,8,0.862109838008692,0.793892158845739,0.999999999979333
"R-HSA-446728",0.0165249364399979,96,1.14493537097979,0.101524196967637,0.237695540519467,199666,39,66,1.018857081283,0.480516060222502,0.999999999979333
"R-HSA-9865881",0.00123091124621877,10,1.60111600005912,0.101739389370629,0.237821868972547,201009,8,11,1.25397794619446,0.250808000336091,0.999999999979333
"R-HSA-5633008",0.00287323307621555,20,1.37185646878982,0.10231049488603,0.238452416348374,62104,10,21,0.821056988579707,0.881648910471897,0.999999999979333
"R-HSA-445095",0.00287345444322324,20,1.37175078284022,0.102365990425369,0.238452416348374,66898,12,16,1.29316475701304,0.129061035811551,0.999999999979333
"R-HSA-76009",0.00424570852384731,28,1.29974271755366,0.102494123366013,0.238452416348374,94501,11,22,0.862109838008692,0.835872104312386,0.999999999979333
"R-HSA-201451",0.00338580838250448,23,1.33879782230507,0.102874718653201,0.238960960651137,175345,9,15,1.03453180561043,0.546973849481116,0.999999999979333
"R-HSA-174824",0.00617979206996968,39,1.24377058447449,0.103108336628696,0.239001325959686,65023,22,36,1.05368980201062,0.420362841156887,0.999999999979333
"R-HSA-156827",0.00477178721760488,31,1.28035429146498,0.103216165855132,0.239001325959686,186494,19,43,0.761864508007682,0.97623964576136,0.999999999979333
"R-HSA-73893",0.00204366021492523,15,1.44654552399189,0.103908417185038,0.239787723212045,122059,13,20,1.1207427894113,0.345848056323375,0.999999999979333
"R-HSA-1474290",0.0125052436309945,74,1.16624313316515,0.104123329531584,0.239787723212045,115595,32,55,1.00318235695557,0.546263611694884,0.999999999979333
"R-HSA-1474228",0.0137885081745302,81,1.15775662564961,0.104190455755138,0.239787723212045,102174,46,80,0.991426313709996,0.583104364621347,0.999999999979333
"R-HSA-162906",0.0202579589740525,116,1.12852670126226,0.104206054629777,0.239787723212045,141352,50,80,1.07763729751087,0.241162198765865,0.999999999979333
"R-HSA-3000178",0.0070779887036416,44,1.22515870021413,0.104523375408987,0.240015321570526,108794,23,40,0.991426313709996,0.591765845327236,0.999999999979333
"R-HSA-1059683",0.000776887513461881,7,1.77578112632287,0.104630407979558,0.240015321570526,69423,5,8,1.07763729751087,0.547284658226896,0.999999999979333
"R-HSA-177504",0.000631117338902927,6,1.87365952683172,0.105604445298183,0.24187353542674,186738,5,7,1.23158548286956,0.377022477209955,0.999999999979333
"R-HSA-447115",0.00272082189142612,19,1.37626804042182,0.106572033408638,0.243711239190297,105020,16,26,1.06105826216454,0.437852710942658,0.999999999979333
"R-HSA-2559586",0.00156384722577332,12,1.51229480104671,0.107117233850339,0.244578823419893,40168,11,22,0.862109838008692,0.835872104312386,0.999999999979333
"R-HSA-1222556",0.00205550334983624,15,1.43821100398396,0.107538227087917,0.245160564072144,114052,12,16,1.29316475701304,0.129061035811551,0.999999999979333
"R-HSA-5654693",0.00109001114582884,9,1.62727558214782,0.108152567882942,0.245871662772476,159707,7,9,1.34105974801352,0.195872888838076,0.999999999979333
"R-HSA-1839122",0.00078374989070004,7,1.76023269674625,0.10818353161989,0.245871662772476,160609,5,6,1.43684973001449,0.203341510197078,0.999999999979333
"R-HSA-8950505",0.00156871729994233,12,1.50759989021301,0.108865026220091,0.24649454648831,119695,9,17,0.912822181420968,0.749914892543558,0.999999999979333
"R-HSA-390471",0.00109200344889798,9,1.62430670312099,0.10902418668436,0.24649454648831,118933,7,10,1.20695377321217,0.333291732676322,0.999999999979333
"R-HSA-159236",0.00289957575012978,20,1.3593931394173,0.109047663869886,0.24649454648831,61166,13,25,0.89659423152904,0.792220875700409,0.999999999979333
"R-HSA-5083635",0.007464716866063,46,1.21449024003773,0.109126060241943,0.24649454648831,190630,16,24,1.14947978401159,0.258920572540752,0.999999999979333
"R-HSA-9006115",0.00141021852244163,11,1.53729001964706,0.109769554241615,0.247222861082826,167985,7,11,1.09723070292015,0.477638264271726,0.999999999979333
"R-HSA-192823",0.00445578581413805,29,1.28269448807181,0.109951319912091,0.247222861082826,198687,17,36,0.814214847008209,0.929932389493944,0.999999999979333
"R-HSA-72764",0.00445578581413805,29,1.28269448807181,0.109951319912091,0.247222861082826,198687,17,36,0.814214847008209,0.929932389493944,0.999999999979333
"R-HSA-8857538",0.000640746803737118,6,1.84550123026334,0.111255776286133,0.249031497141434,97342,3,5,1.03453180561043,0.647443346545997,0.999999999979333
"R-HSA-196791",0.00109709489007468,9,1.61676855659723,0.11126947763136,0.249031497141434,23455,5,7,1.23158548286956,0.377022477209955,0.999999999979333
"R-HSA-111465",0.00534092179435669,34,1.25462008381969,0.111345201218961,0.249031497141434,147302,16,22,1.25397794619446,0.116624575640887,0.999999999979333
"R-HSA-5673000",0.00190264943103145,14,1.45016960158932,0.11143104278871,0.249031497141434,95710,9,15,1.03453180561043,0.546973849481116,0.999999999979333
"R-HSA-5576892",0.00257051369320968,18,1.38007319436718,0.11161889526846,0.249073934222359,142550,11,15,1.26442776241275,0.173633860635425,0.999999999979333
"R-HSA-5609975",0.000498518501301085,5,1.97668861419377,0.112745777297125,0.250735581456821,14135,3,5,1.03453180561043,0.647443346545997,0.999999999979333
"R-HSA-76066",0.000945015755796772,8,1.66840112781986,0.11275631392043,0.250735581456821,77984,6,9,1.14947978401159,0.432849728123215,0.999999999979333
"R-HSA-8964043",0.00257494103336333,18,1.37770030373037,0.112873509211749,0.250735581456821,78966,11,17,1.11567155507007,0.381580345739667,0.999999999979333
"R-HSA-110314",0.00141907320274894,11,1.52769769443282,0.113199267629024,0.251081082335052,101073,9,14,1.1084269345826,0.424442379917041,0.999999999979333
"R-HSA-9634638",0.00174492543805764,13,1.46830411339389,0.113655370129038,0.251714220631129,173823,9,15,1.03453180561043,0.546973849481116,0.999999999979333
"R-HSA-2028269",0.00224255847132799,16,1.40613087501367,0.113956279690782,0.252002267682015,82675,9,11,1.41072518946877,0.0942932604787829,0.999999999979333
"R-HSA-174414",0.0011044000013282,9,1.60607435688432,0.114535564558509,0.252904128329044,55157,5,7,1.23158548286956,0.377022477209955,0.999999999979333
"R-HSA-1638091",0.00606877651561689,38,1.23404781942912,0.114874501296981,0.252944274798218,112518,20,30,1.14947978401159,0.219607254957641,0.999999999979333
"R-HSA-1855183",0.00309249709732511,21,1.33831865343524,0.114896721433767,0.252944274798218,107446,4,7,0.985268386295648,0.670588408536318,0.999999999979333
"R-HSA-8868773",0.00840751895178295,51,1.19550627023372,0.115862287870182,0.254689828030579,145312,37,74,0.862109838008692,0.934771095273551,0.999999999979333
"R-HSA-72689",0.00466099303025976,30,1.26850545249394,0.116303238167846,0.254985003085036,192679,18,40,0.775898854207823,0.965544766536509,0.999999999979333
"R-HSA-1433557",0.00361470186844823,24,1.30854389393037,0.116349555449777,0.254985003085036,151280,13,24,0.933952324509417,0.723659766055626,0.999999999979333
"R-HSA-1368108",0.00536737515177475,34,1.2484366305371,0.116515181070722,0.254985003085036,78833,13,19,1.17972925201189,0.248159911349906,0.999999999979333
"R-HSA-9648895",0.000800131049268548,7,1.72419528643799,0.116921196751883,0.255414499443469,57783,4,7,0.985268386295648,0.670588408536318,0.999999999979333
"R-HSA-3322077",0.000650376268571308,6,1.81817675663623,0.117057763812736,0.255414499443469,71254,4,7,0.985268386295648,0.670588408536318,0.999999999979333
"R-HSA-2559582",0.0041450972188556,27,1.28374445391122,0.118419704955536,0.257819749629036,53398,20,37,0.932010635685073,0.744784837422025,0.999999999979333
"R-HSA-380994",0.000653032672663499,6,1.8107807833889,0.118684481354655,0.257819749629036,46064,3,8,0.646582378506519,0.936699301327053,0.999999999979333
"R-HSA-381042",0.000653032672663499,6,1.8107807833889,0.118684481354655,0.257819749629036,46064,3,8,0.646582378506519,0.936699301327053,0.999999999979333
"R-HSA-5601884",0.00159672022641418,12,1.48115993650277,0.119236147557122,0.258637231833464,63071,7,11,1.09723070292015,0.477638264271726,0.999999999979333
"R-HSA-110373",0.00159804842846027,12,1.47992888516339,0.119741586710414,0.259344493882662,83886,7,10,1.20695377321217,0.333291732676322,0.999999999979333
"R-HSA-69563",0.00176296684918376,13,1.4532781483962,0.120089687675836,0.259344493882662,48963,11,16,1.18540102726195,0.271694075247948,0.999999999979333
"R-HSA-69580",0.00176296684918376,13,1.4532781483962,0.120089687675836,0.259344493882662,48963,11,16,1.18540102726195,0.271694075247948,0.999999999979333
"R-HSA-190241",0.00143689324686738,11,1.50875151288886,0.120284820548551,0.259386126182913,263515,6,11,0.940483459645846,0.707644869719751,0.999999999979333
"R-HSA-199418",0.0109912039819497,65,1.1655143524191,0.121302264081763,0.261198305869489,184473,34,60,0.977057816409851,0.635515083236924,0.999999999979333
"R-HSA-210745",0.00346273341767416,23,1.3090562692764,0.121612781046657,0.261462739348002,102860,8,15,0.919583827209272,0.737119637232479,0.999999999979333
"R-HSA-8876725",0.00112055979288903,9,1.58291287366572,0.121945739465152,0.261462739348002,120353,5,11,0.783736216371538,0.874157462669172,0.999999999979333
"R-HSA-2980766",0.00260615378144657,18,1.36120019816459,0.121960617243358,0.261462739348002,122926,10,20,0.862109838008692,0.829720221626758,0.999999999979333
"R-HSA-5626467",0.00433635831349331,28,1.27257212983411,0.12213412027849,0.261462739348002,133707,16,20,1.37937574081391,0.0347213319842525,0.999999999979333
"R-HSA-8939236",0.00312614488249286,21,1.32391386407664,0.123901972290167,0.264862911779704,84318,16,31,0.889919832783166,0.817310012698671,0.999999999979333
"R-HSA-111453",0.000662994188009213,6,1.78357372654332,0.124884027868161,0.266187744422926,141611,3,5,1.03453180561043,0.647443346545997,0.999999999979333
"R-HSA-69615",0.00177702365417161,13,1.44178227017469,0.125244969322812,0.266187744422926,48963,11,17,1.11567155507007,0.381580345739667,0.999999999979333
"R-HSA-5339717",0.000516227861915688,5,1.90887768403275,0.12527488271867,0.266187744422926,58823,3,5,1.03453180561043,0.647443346545997,0.999999999979333
"R-HSA-174490",0.0021106237347492,15,1.40065113823411,0.125424055846735,0.266187744422926,60906,5,6,1.43684973001449,0.203341510197078,0.999999999979333
"R-HSA-174495",0.0021106237347492,15,1.40065113823411,0.125424055846735,0.266187744422926,60906,5,6,1.43684973001449,0.203341510197078,0.999999999979333
"R-HSA-9035034",0.00506067116263059,32,1.24621047454844,0.126345991169837,0.267577905348036,173947,19,28,1.17000620872608,0.193887249393049,0.999999999979333
"R-HSA-6804758",0.00194636941504875,14,1.41759541946662,0.126441898323784,0.267577905348036,235575,8,16,0.862109838008692,0.816970829403056,0.999999999979333
"R-HSA-416572",0.00178200441184446,13,1.43775244395371,0.127101305617807,0.268588002559119,51258,10,13,1.32632282770568,0.134189477180714,0.999999999979333
"R-HSA-190373",0.000819943396456136,7,1.68253344028891,0.127961881873124,0.269784287837434,160609,5,7,1.23158548286956,0.377022477209955,0.999999999979333
"R-HSA-168643",0.00314108715551143,21,1.31761595464888,0.128033221346579,0.269784287837434,112153,16,27,1.0217598080103,0.528884351893676,0.999999999979333
"R-HSA-983231",0.0128871017192469,75,1.14697920481424,0.129401123709336,0.27200038331952,115823,43,74,1.00191143336145,0.541782108403532,0.999999999979333
"R-HSA-3000170",0.00229159126352967,16,1.37604412957167,0.129646467254906,0.27200038331952,101801,8,15,0.919583827209272,0.737119637232479,0.999999999979333
"R-HSA-6806003",0.0024611583914145,17,1.36131582849063,0.129655783873007,0.27200038331952,147964,10,16,1.07763729751087,0.461189164029393,0.999999999979333
"R-HSA-1500931",0.0190174182629995,108,1.11923616382393,0.129822555835215,0.27200038331952,201806,51,85,1.03453180561043,0.397480597250645,0.999999999979333
"R-HSA-1679131",0.000979438325491407,8,1.60976481289705,0.130120488878861,0.272237902264283,84866,6,7,1.47790257944347,0.133869123391928,0.999999999979333
"R-HSA-9692916",0.00162627272193979,12,1.45424441870203,0.130768714748723,0.27320659242828,28467,10,22,0.783736216371538,0.919796248938156,0.999999999979333
"R-HSA-209560",0.000673509120874134,6,1.75572828627683,0.131595481674736,0.274218722140383,58871,5,9,0.957899820009658,0.690328320856496,0.999999999979333
"R-HSA-77387",0.00196086895405196,14,1.4071130871145,0.131663022370009,0.274218722140383,75828,10,13,1.32632282770568,0.134189477180714,0.999999999979333
"R-HSA-8955332",0.0052634433416678,33,1.23564445516612,0.131810897625445,0.274218722140383,241732,16,23,1.19945716592514,0.181056867714897,0.999999999979333
"R-HSA-212165",0.013467193962879,78,1.14147663068987,0.132947308369717,0.276193351894835,129733,56,100,0.965563018569735,0.695859246423216,0.999999999979333
"R-HSA-416700",0.00350689613570683,23,1.29257118369878,0.133251144103973,0.276435214561689,143147,10,11,1.56747243274308,0.0223295145509416,0.999999999979333
"R-HSA-9701192",0.000528403047338228,5,1.8648943272578,0.134243484172959,0.276549077032283,50743,4,10,0.689687870406954,0.9289254351156,0.999999999979333
"R-HSA-9701193",0.000528403047338228,5,1.8648943272578,0.134243484172959,0.276549077032283,50743,4,10,0.689687870406954,0.9289254351156,0.999999999979333
"R-HSA-9704331",0.000528403047338228,5,1.8648943272578,0.134243484172959,0.276549077032283,50743,4,10,0.689687870406954,0.9289254351156,0.999999999979333
"R-HSA-9704646",0.000528403047338228,5,1.8648943272578,0.134243484172959,0.276549077032283,50743,4,10,0.689687870406954,0.9289254351156,0.999999999979333
"R-HSA-9709603",0.000528403047338228,5,1.8648943272578,0.134243484172959,0.276549077032283,50743,4,10,0.689687870406954,0.9289254351156,0.999999999979333
"R-HSA-8874211",0.000831786531367152,7,1.65857720900336,0.134802710363581,0.277155716600708,108672,4,6,1.14947978401159,0.502836447778396,0.999999999979333
"R-HSA-9772573",0.00671162630592699,41,1.20394216910676,0.134913765775802,0.277155716600708,68027,27,40,1.16384828131173,0.144276601288489,0.999999999979333
"R-HSA-5607761",0.00180524794765113,13,1.41924060991139,0.135967673105652,0.278932291837048,70222,9,14,1.1084269345826,0.424442379917041,0.999999999979333
"R-HSA-70171",0.00317174648607546,21,1.30487936826426,0.136762918130216,0.279486732190518,30477,14,29,0.832381912560117,0.893869170144635,0.999999999979333
"R-HSA-6803211",0.000681699700158388,6,1.73463332066804,0.136940021638781,0.279486732190518,54501,3,5,1.03453180561043,0.647443346545997,0.999999999979333
"R-HSA-5654708",0.00131392387409973,10,1.49995881026514,0.137248271111139,0.279486732190518,78332,8,11,1.25397794619446,0.250808000336091,0.999999999979333
"R-HSA-5654710",0.00131392387409973,10,1.49995881026514,0.137248271111139,0.279486732190518,78332,8,11,1.25397794619446,0.250808000336091,0.999999999979333
"R-HSA-5205647",0.00180867913627021,13,1.41654821294013,0.137304700394965,0.279486732190518,243667,7,15,0.804635848808113,0.874754342946077,0.999999999979333
"R-HSA-9772755",0.00197636464458973,14,1.39608061443327,0.137374834466526,0.279486732190518,207915,10,17,1.01424686824552,0.574916047300429,0.999999999979333
"R-HSA-3232118",0.00181122485685856,13,1.41455721997401,0.13830133992469,0.280984127257461,29090,9,14,1.1084269345826,0.424442379917041,0.999999999979333
"R-HSA-69231",0.00266503740549012,18,1.33112467256348,0.140248635944648,0.28415760716807,93121,12,24,0.862109838008692,0.841829250877049,0.999999999979333
"R-HSA-69236",0.00266503740549012,18,1.33112467256348,0.140248635944648,0.28415760716807,93121,12,24,0.862109838008692,0.841829250877049,0.999999999979333
"R-HSA-8866652",0.00132089693484173,10,1.49204047567098,0.140495786515912,0.284267880810659,85624,6,14,0.738951289721736,0.921224204160507,0.999999999979333
"R-HSA-5357786",0.00132266787090319,10,1.49004276457385,0.141326888584323,0.285557754331338,86410,6,12,0.862109838008692,0.804243949970436,0.999999999979333
"R-HSA-187577",0.00165327949687707,12,1.43048893646575,0.141825788617792,0.286090056574624,51567,11,17,1.11567155507007,0.381580345739667,0.999999999979333
"R-HSA-9013405",0.00620613474388391,38,1.20673506695615,0.141978251805169,0.286090056574624,160748,22,33,1.14947978401159,0.203094486576635,0.999999999979333
"R-HSA-6799198",0.00424415895479354,27,1.25378093099427,0.142472816054785,0.286600388277747,173884,14,18,1.34105974801352,0.0684833021220884,0.999999999979333
"R-HSA-5693554",0.00053991413173772,5,1.82513438260122,0.142977838364784,0.286600388277747,50743,4,11,0.626988973097231,0.960221419370703,0.999999999979333
"R-HSA-2995383",0.000690775747473372,6,1.71184211216063,0.142979057296968,0.286600388277747,188781,3,6,0.862109838008692,0.792050245313599,0.999999999979333
"R-HSA-72202",0.00336732423736299,22,1.28761871875379,0.143008736116896,0.286600388277747,63816,15,28,0.92368911215217,0.749089074919381,0.999999999979333
"R-HSA-9701898",0.000540467549256926,5,1.82326551675788,0.143403837061096,0.286803808796121,40797,4,5,1.37937574081391,0.303173156057517,0.999999999979333
"R-HSA-512988",0.00165748547002303,12,1.42685898123466,0.143591575534482,0.286803808796121,73768,10,22,0.783736216371538,0.919796248938156,0.999999999979333
"R-HSA-159227",0.00132809136259141,10,1.48395791621447,0.143888012548562,0.286803808796121,53035,7,14,0.862109838008692,0.810524813613065,0.999999999979333
"R-HSA-159230",0.00132809136259141,10,1.48395791621447,0.143888012548562,0.286803808796121,53035,7,14,0.862109838008692,0.810524813613065,0.999999999979333
"R-HSA-4641263",0.000692768050542515,6,1.70691909602085,0.144320854399265,0.287278353898672,30962,4,7,0.985268386295648,0.670588408536318,0.999999999979333
"R-HSA-156842",0.00478562265558503,30,1.23547038670519,0.144753474689688,0.287369241597386,192196,18,38,0.816735636008235,0.931692107341588,0.999999999979333
"R-HSA-3214842",0.00216530138564678,15,1.36528224479815,0.144756167123294,0.287369241597386,87395,7,16,0.754346108257606,0.91969707570176,0.999999999979333
"R-HSA-1482925",0.00116826438304462,9,1.51827663979078,0.145272998490351,0.288007624695253,70783,5,7,1.23158548286956,0.377022477209955,0.999999999979333
"R-HSA-199977",0.00932873775425384,55,1.16195508823388,0.14796679232382,0.292672659431942,177636,36,65,0.95495243594809,0.711789354372065,0.999999999979333
"R-HSA-1362409",0.000546665825472038,5,1.80259273503315,0.148212311131597,0.292672659431942,335567,3,6,0.862109838008692,0.792050245313599,0.999999999979333
"R-HSA-8986944",0.0135758851636511,78,1.13233774477949,0.148221340064855,0.292672659431942,155733,25,36,1.19737477501207,0.109081260306204,0.999999999979333
"R-HSA-177243",0.00133971313049474,10,1.47108485101268,0.149456079166275,0.294364582337368,40409,8,15,0.919583827209272,0.737119637232479,0.999999999979333
"R-HSA-418597",0.00805698429511764,48,1.17413560336785,0.149530369059641,0.294364582337368,164694,21,30,1.20695377321217,0.124391322988297,0.999999999979333
"R-HSA-4086398",0.010258811237032,60,1.1526667050034,0.149953488552791,0.294364582337368,152323,21,37,0.978611167469326,0.628334389196097,0.999999999979333
"R-HSA-9700645",0.000701179996834452,6,1.68644145572131,0.15004922822099,0.294364582337368,100831,3,5,1.03453180561043,0.647443346545997,0.999999999979333
"R-HSA-983695",0.00235102830509244,16,1.34125595116294,0.150241679904242,0.294364582337368,127140,7,15,0.804635848808113,0.874754342946077,0.999999999979333
"R-HSA-162588",0.00321756945666575,21,1.28629594692056,0.150437659894031,0.294364582337368,83381,7,11,1.09723070292015,0.477638264271726,0.999999999979333
"R-HSA-169911",0.00134181611706773,10,1.46877926558257,0.150475183106695,0.294364582337368,133458,7,12,1.00579481101014,0.611045789469066,0.999999999979333
"R-HSA-186797",0.00715380690377287,43,1.18462468797096,0.150932036439779,0.294827193829669,138144,20,34,1.01424686824552,0.53400698351511,0.999999999979333
"R-HSA-9662851",0.00861460778746996,51,1.16676717871996,0.151311312358684,0.294827193829669,118383,28,49,0.985268386295648,0.607720088991857,0.999999999979333
"R-HSA-9664433",0.00861460778746996,51,1.16676717871996,0.151311312358684,0.294827193829669,118383,28,49,0.985268386295648,0.607720088991857,0.999999999979333
"R-HSA-5602498",0.000551535899641053,5,1.78667580139047,0.152037751854803,0.295462034236937,41712,4,6,1.14947978401159,0.502836447778396,0.999999999979333
"R-HSA-5603041",0.000551535899641053,5,1.78667580139047,0.152037751854803,0.295462034236937,41712,4,6,1.14947978401159,0.502836447778396,0.999999999979333
"R-HSA-164378",0.00235667316378834,16,1.33804328661713,0.152285554713489,0.295484879258073,223442,8,11,1.25397794619446,0.250808000336091,0.999999999979333
"R-HSA-1187000",0.00167818328524135,12,1.40926086558429,0.152450164823996,0.295484879258073,56031,6,10,1.03453180561043,0.582186721293556,0.999999999979333
"R-HSA-1810476",0.00134635414072522,10,1.46382859558184,0.152686259026045,0.295554110319444,63158,7,11,1.09723070292015,0.477638264271726,0.999999999979333
"R-HSA-5576891",0.0126813410856059,73,1.1345070877746,0.153190280421474,0.295856430831154,118707,40,71,0.971391366770358,0.659121076472732,0.999999999979333
"R-HSA-196780",0.00118364939007855,9,1.49854216691525,0.153243602138984,0.295856430831154,129077,5,7,1.23158548286956,0.377022477209955,0.999999999979333
"R-HSA-2565942",0.0037551592348228,24,1.25959933056203,0.153579351386695,0.296117050059313,84545,19,36,0.910004829009175,0.790331266304062,0.999999999979333
"R-HSA-159782",0.00151536785109084,11,1.43061954132811,0.154326213403609,0.296781179622325,81429,5,7,1.23158548286956,0.377022477209955,0.999999999979333
"R-HSA-159854",0.00151536785109084,11,1.43061954132811,0.154326213403609,0.296781179622325,81429,5,7,1.23158548286956,0.377022477209955,0.999999999979333
"R-HSA-190371",0.000864659532008009,7,1.59552070220945,0.1546989563814,0.297110625862715,95402,6,6,1.72421967601738,0.0380104985423659,0.999999999979333
"R-HSA-5683826",0.00253631249052273,17,1.32097834441709,0.154973418088739,0.297250704396475,117316,5,12,0.718424865007244,0.924095686025412,0.999999999979333
"R-HSA-5663084",0.00168803411708322,12,1.40103686604085,0.156763754693216,0.300294205418822,42033,10,16,1.07763729751087,0.461189164029393,0.999999999979333
"R-HSA-71240",0.00102891385170846,8,1.53235895324075,0.157313253140779,0.30083951395652,197503,2,6,0.574739892005795,0.94907447560581,0.999999999979333
"R-HSA-5655302",0.00289049970281479,19,1.29547849778477,0.157456342219955,0.30083951395652,177925,11,20,0.948320821809561,0.693665920557335,0.999999999979333
"R-HSA-193368",0.00169057983767157,12,1.39892714704655,0.157888594686525,0.30127513216381,64828,5,11,0.783736216371538,0.874157462669172,0.999999999979333
"R-HSA-1433559",0.00203325596556415,14,1.35701771645729,0.159490674471683,0.303938946829111,179746,6,11,0.940483459645846,0.707644869719751,0.999999999979333
"R-HSA-5676590",0.00169578196235211,12,1.39463567939357,0.160199977472682,0.304896731318976,74773,8,13,1.06105826216454,0.514985024423345,0.999999999979333
"R-HSA-193807",0.00136384213433214,10,1.44505851620333,0.161358008664198,0.306060691187598,75690,3,6,0.862109838008692,0.792050245313599,0.999999999979333
"R-HSA-9843970",0.000875285148376771,7,1.57615171037686,0.161404462339345,0.306060691187598,47674,6,18,0.574739892005795,0.990690448101324,0.999999999979333
"R-HSA-5654738",0.00307766550781038,20,1.28073157136283,0.161567832911009,0.306060691187598,163669,13,29,0.772926061662966,0.947284921206383,0.999999999979333
"R-HSA-1606322",0.00136494896937055,10,1.44388672045552,0.161914827174944,0.306060691187598,63158,7,13,0.928425979393976,0.723116682022408,0.999999999979333
"R-HSA-5654219",0.00103710443099271,8,1.52025707890352,0.162056542249162,0.306060691187598,167220,6,8,1.29316475701304,0.274865168599789,0.999999999979333
"R-HSA-5654688",0.00103710443099271,8,1.52025707890352,0.162056542249162,0.306060691187598,167220,6,8,1.29316475701304,0.274865168599789,0.999999999979333
"R-HSA-9020591",0.00256143764589469,17,1.30802086087277,0.163995443378608,0.309326443712847,105109,14,23,1.0495250201845,0.477552480739576,0.999999999979333
"R-HSA-72702",0.00204509910047516,14,1.34915924940848,0.164315479656804,0.309534268829868,291373,8,21,0.656845590863765,0.980283435011377,0.999999999979333
"R-HSA-3214858",0.00414841772397084,26,1.23520887660911,0.164576801274832,0.309631099337216,187176,19,29,1.12966116704587,0.265626085981492,0.999999999979333
"R-HSA-1643713",0.00104230655567325,8,1.51266951569778,0.165103338421308,0.310226018052776,74059,4,8,0.862109838008692,0.793892158845739,0.999999999979333
"R-HSA-5223345",0.00137192203011255,10,1.43654788516801,0.165444311717383,0.31047119565285,34856,5,9,0.957899820009658,0.690328320856496,0.999999999979333
"R-HSA-77286",0.000568802526240292,5,1.73243929136578,0.165924479346412,0.310976629016464,34263,4,6,1.14947978401159,0.502836447778396,0.999999999979333
"R-HSA-9679504",0.000724755583152642,6,1.63158317379268,0.16662917856528,0.311901063938818,145402,2,5,0.689687870406954,0.896733065508406,0.999999999979333
"R-HSA-70326",0.00344900866319785,22,1.25712346460789,0.167788030143506,0.313527623974512,29116,15,32,0.808227973133149,0.926501273773928,0.999999999979333
"R-HSA-9709570",0.00104739799684995,8,1.50531637211518,0.168110660039391,0.313527623974512,117820,6,12,0.862109838008692,0.804243949970436,0.999999999979333
"R-HSA-5260271",0.0015450310301203,11,1.40315295797143,0.168348391991738,0.313527623974512,72761,8,15,0.919583827209272,0.737119637232479,0.999999999979333
"R-HSA-5602358",0.0015450310301203,11,1.40315295797143,0.168348391991738,0.313527623974512,72761,8,15,0.919583827209272,0.737119637232479,0.999999999979333
"R-HSA-196807",0.0017188041311511,12,1.37595551831985,0.170632634085776,0.317359876089998,39999,9,18,0.862109838008692,0.823401952111848,0.999999999979333
"R-HSA-156902",0.00470781215238462,29,1.21402717840567,0.170836434993531,0.317359876089998,198687,17,37,0.792209040332312,0.950173186133567,0.999999999979333
"R-HSA-2408508",0.000576993105524546,5,1.70784682876055,0.172681215570291,0.319919282452414,172404,3,5,1.03453180561043,0.647443346545997,0.999999999979333
"R-HSA-110330",0.000893326559502898,7,1.54432012460169,0.173081754167475,0.319919282452414,38830,6,12,0.862109838008692,0.804243949970436,0.999999999979333
"R-HSA-110331",0.000893326559502898,7,1.54432012460169,0.173081754167475,0.319919282452414,38830,6,12,0.862109838008692,0.804243949970436,0.999999999979333
"R-HSA-73927",0.000893326559502898,7,1.54432012460169,0.173081754167475,0.319919282452414,38830,6,12,0.862109838008692,0.804243949970436,0.999999999979333
"R-HSA-450321",0.00189711525583939,13,1.35051425598919,0.174184428382153,0.321554482933261,137061,6,15,0.689687870406954,0.952204111636794,0.999999999979333
"R-HSA-190239",0.00105946249876865,8,1.48817476277956,0.175335095548252,0.322870494299215,83560,7,9,1.34105974801352,0.195872888838076,0.999999999979333
"R-HSA-190372",0.00105946249876865,8,1.48817476277956,0.175335095548252,0.322870494299215,83560,7,9,1.34105974801352,0.195872888838076,0.999999999979333
"R-HSA-166208",0.00156052672065808,11,1.38921995462963,0.175911903482272,0.323528750170015,216132,5,9,0.957899820009658,0.690328320856496,0.999999999979333
"R-HSA-8873719",0.0032987004649814,21,1.2546597046264,0.17644513156974,0.3240912480931,100459,14,27,0.894039832009014,0.801101436523582,0.999999999979333
"R-HSA-381070",0.00207509433001615,14,1.32965732085132,0.1768642880921,0.3240912480931,43881,9,18,0.862109838008692,0.823401952111848,0.999999999979333
"R-HSA-1482801",0.001062008219357,8,1.48460748612048,0.176876918450811,0.3240912480931,58193,7,9,1.34105974801352,0.195872888838076,0.999999999979333
"R-HSA-629594",0.000900520987252581,7,1.53198226716571,0.177837494331364,0.324721312270243,77707,5,7,1.23158548286956,0.377022477209955,0.999999999979333
"R-HSA-5625970",0.000583191381739657,5,1.68969548649245,0.177863604803978,0.324721312270243,73480,4,6,1.14947978401159,0.502836447778396,0.999999999979333
"R-HSA-9610379",0.00618554761216943,37,1.17888952018668,0.178418663196139,0.324721312270243,78022,17,35,0.837478128351301,0.903132126813567,0.999999999979333
"R-HSA-69202",0.00348243508135791,22,1.24505686935913,0.178555519960952,0.324721312270243,124730,17,30,0.977057816409851,0.633514653658118,0.999999999979333
"R-HSA-69656",0.00348243508135791,22,1.24505686935913,0.178555519960952,0.324721312270243,124730,17,30,0.977057816409851,0.633514653658118,0.999999999979333
"R-HSA-450341",0.000901959872802517,7,1.52953831459814,0.178795251917227,0.324721312270243,124364,3,7,0.738951289721736,0.88314662289656,0.999999999979333
"R-HSA-6804757",0.00242684650522371,16,1.2993531724278,0.178922027340492,0.324721312270243,152803,9,15,1.03453180561043,0.546973849481116,0.999999999979333
"R-HSA-9668250",0.000741690159240357,6,1.59433019280622,0.178992648101838,0.324721312270243,92917,5,7,1.23158548286956,0.377022477209955,0.999999999979333
"R-HSA-9754678",0.00156716773088856,11,1.38333301365373,0.179202134364731,0.324721312270243,335743,6,15,0.689687870406954,0.952204111636794,0.999999999979333
"R-HSA-174143",0.00242872812478901,16,1.29834651864613,0.179666770366562,0.324765301826813,70624,11,20,0.948320821809561,0.693665920557335,0.999999999979333
"R-HSA-453276",0.00242872812478901,16,1.29834651864613,0.179666770366562,0.324765301826813,70624,11,20,0.948320821809561,0.693665920557335,0.999999999979333
"R-HSA-432720",0.00123268218228024,9,1.43893417733606,0.180017068349695,0.325000215196818,326550,5,11,0.783736216371538,0.874157462669172,0.999999999979333
"R-HSA-5610785",0.00156960276797306,11,1.38118695016735,0.18041577375464,0.325222734789861,105406,8,14,0.985268386295648,0.635708550431751,0.999999999979333
"R-HSA-1971475",0.0029575739061426,19,1.26609861044307,0.180690216432069,0.325222734789861,80352,10,14,1.23158548286956,0.23000748493728,0.999999999979333
"R-HSA-72649",0.00174105151542319,12,1.3583733785117,0.181022281533882,0.325222734789861,307597,7,20,0.603476886606085,0.989341077108676,0.999999999979333
"R-HSA-72662",0.00174105151542319,12,1.3583733785117,0.181022281533882,0.325222734789861,307597,7,20,0.603476886606085,0.989341077108676,0.999999999979333
"R-HSA-418359",0.000907272680986898,7,1.52058164275469,0.182350402937573,0.327210272911095,182412,3,6,0.862109838008692,0.792050245313599,0.999999999979333
"R-HSA-2022090",0.00803883220048767,47,1.15227046871484,0.18314713746578,0.32801582007937,89790,21,37,0.978611167469326,0.628334389196097,0.999999999979333
"R-HSA-1227986",0.00314252604106137,20,1.25429776251461,0.183606397079193,0.32801582007937,134477,12,22,0.940483459645846,0.709325223481826,0.999999999979333
"R-HSA-5685938",0.00140678733382255,10,1.40094500681805,0.183635169106601,0.32801582007937,103443,8,14,0.985268386295648,0.635708550431751,0.999999999979333
"R-HSA-190242",0.0010732979367488,8,1.46899131992637,0.183786055904433,0.32801582007937,167220,6,9,1.14947978401159,0.432849728123215,0.999999999979333
"R-HSA-9711097",0.00970572576833721,56,1.13712850876714,0.183911242851281,0.32801582007937,175518,29,61,0.819710993516461,0.962545712163892,0.999999999979333
"R-HSA-4419969",0.000590717860000863,5,1.66816667010094,0.184233936158105,0.328194511875852,115721,3,6,0.862109838008692,0.792050245313599,0.999999999979333
"R-HSA-948021",0.0132479299417694,75,1.11573942097159,0.184528757336648,0.328323181027208,160318,51,85,1.03453180561043,0.397480597250645,0.999999999979333
"R-HSA-9679191",0.00731108816273131,43,1.15914021039796,0.184939466706892,0.328657486015261,73208,34,53,1.10610318838851,0.221445236310073,0.999999999979333
"R-HSA-9671793",0.00158111385237256,11,1.37113140639294,0.186204780658087,0.330251232779775,70757,7,14,0.862109838008692,0.810524813613065,0.999999999979333
"R-HSA-5654727",0.00192401134727281,13,1.33163518078897,0.18628408520188,0.330251232779775,231317,8,16,0.862109838008692,0.816970829403056,0.999999999979333
"R-HSA-5654706",0.00107861074493319,8,1.46175565206013,0.187077104112073,0.331258977869518,95927,7,9,1.34105974801352,0.195872888838076,0.999999999979333
"R-HSA-9762114",0.00124563215222966,9,1.4239745808594,0.187419157839833,0.331269722742002,65873,7,12,1.00579481101014,0.611045789469066,0.999999999979333
"R-HSA-5620924",0.00603977743761048,36,1.17471118113119,0.187532351518354,0.331269722742002,199190,15,23,1.12449109305482,0.315355173740073,0.999999999979333
"R-HSA-450302",0.00124640693675655,9,1.42308941772416,0.187866201776489,0.331462497153494,110096,6,13,0.795793696623408,0.873781608211603,0.999999999979333
"R-HSA-1650814",0.00991713126067404,57,1.13276111238906,0.18903325173903,0.333123113877024,127014,26,44,1.018857081283,0.50554774120522,0.999999999979333
"R-HSA-176033",0.00125050222639868,9,1.41842891954255,0.190236882191048,0.334844154214553,37738,7,14,0.862109838008692,0.810524813613065,0.999999999979333
"R-HSA-174437",0.00108469833764446,8,1.45355192135979,0.190878677925514,0.335573361072864,49384,4,6,1.14947978401159,0.502836447778396,0.999999999979333
"R-HSA-9660537",0.000599461856804324,5,1.64383410604297,0.191737531401002,0.335780617754692,47044,4,5,1.37937574081391,0.303173156057517,0.999999999979333
"R-HSA-9726840",0.000599461856804324,5,1.64383410604297,0.191737531401002,0.335780617754692,47044,4,5,1.37937574081391,0.303173156057517,0.999999999979333
"R-HSA-9726842",0.000599461856804324,5,1.64383410604297,0.191737531401002,0.335780617754692,47044,4,5,1.37937574081391,0.303173156057517,0.999999999979333
"R-HSA-9690406",0.00176407368422218,12,1.34064583034188,0.192081381867403,0.335780617754692,173274,7,10,1.20695377321217,0.333291732676322,0.999999999979333
"R-HSA-3772470",0.00159273562027589,11,1.36112662545679,0.192134807718617,0.335780617754692,95881,5,12,0.718424865007244,0.924095686025412,0.999999999979333
"R-HSA-5620971",0.00108790815925585,8,1.44926328510794,0.192896111744979,0.336618829291251,129811,4,8,0.862109838008692,0.793892158845739,0.999999999979333
"R-HSA-1482788",0.0019387322532837,13,1.32152399792502,0.193070867512134,0.336618829291251,65201,9,13,1.19369054493511,0.299448518858622,0.999999999979333
"R-HSA-5083632",0.00211482970789517,14,1.3046744884765,0.194189501847591,0.338169439463042,71888,7,10,1.20695377321217,0.333291732676322,0.999999999979333
"R-HSA-211000",0.0069854572944303,41,1.15674745294549,0.194801580843388,0.338835296867921,130640,23,44,0.901296648827269,0.822619808288437,0.999999999979333
"R-HSA-9694676",0.000763273442489405,6,1.5492468999412,0.195260935994944,0.338992660993762,145402,2,6,0.574739892005795,0.94907447560581,0.999999999979333
"R-HSA-112316",0.041648984976928,224,1.0599689260678,0.195351702945558,0.338992660993762,127146,128,228,0.96798297600976,0.740706423199876,0.999999999979333
"R-HSA-5655332",0.0012610171592636,9,1.40660141604421,0.196382566534292,0.340381064204559,75969,7,10,1.20695377321217,0.333291732676322,0.999999999979333
"R-HSA-379724",0.00160535353971379,11,1.35042830531738,0.19866793890614,0.343938039772954,176068,8,15,0.919583827209272,0.737119637232479,0.999999999979333
"R-HSA-112409",0.00283239086329812,18,1.25247439882702,0.200026019618129,0.345883210945768,82565,12,19,1.08898084801098,0.416628437008111,0.999999999979333
"R-HSA-390918",0.00109964061066303,8,1.43380058674645,0.200344785741001,0.345895784548033,119405,7,12,1.00579481101014,0.611045789469066,0.999999999979333
"R-HSA-418360",0.00212888651288301,14,1.29605986541127,0.200502302229538,0.345895784548033,125614,7,15,0.804635848808113,0.874754342946077,0.999999999979333
"R-HSA-192105",0.00213331385303666,14,1.29337010746708,0.202509863844732,0.348950992022173,64065,7,17,0.709972807771864,0.949881754064943,0.999999999979333
"R-HSA-169893",0.000612522510257594,5,1.60878307161705,0.203140880796244,0.349282448830528,57460,4,8,0.862109838008692,0.793892158845739,0.999999999979333
"R-HSA-917937",0.00337584686715877,21,1.22598764514691,0.203201365286931,0.349282448830528,121619,15,24,1.07763729751087,0.409412842405609,0.999999999979333
"R-HSA-191859",0.00144375562410554,10,1.36507290989401,0.203862333127717,0.349282448830528,55080,7,15,0.804635848808113,0.874754342946077,0.999999999979333
"R-HSA-194441",0.00144375562410554,10,1.36507290989401,0.203862333127717,0.349282448830528,55080,7,15,0.804635848808113,0.874754342946077,0.999999999979333
"R-HSA-380259",0.00284345921368225,18,1.24759906056767,0.204359832773387,0.349282448830528,89012,14,28,0.862109838008692,0.853113798127783,0.999999999979333
"R-HSA-380284",0.00284345921368225,18,1.24759906056767,0.204359832773387,0.349282448830528,89012,14,28,0.862109838008692,0.853113798127783,0.999999999979333
"R-HSA-8854518",0.00284345921368225,18,1.24759906056767,0.204359832773387,0.349282448830528,89012,14,28,0.862109838008692,0.853113798127783,0.999999999979333
"R-HSA-9034015",0.000943466186742994,7,1.46224867734165,0.207321755560192,0.353934710013059,175716,3,5,1.03453180561043,0.647443346545997,0.999999999979333
"R-HSA-3232142",0.00303294937225851,19,1.23463327383582,0.208748581173866,0.355958563273355,94832,10,19,0.90748404000915,0.761693071092046,0.999999999979333
"R-HSA-5357905",0.00179893898793218,12,1.31466272343499,0.209397381041066,0.356652583181954,75442,8,18,0.766319856007726,0.919115430211219,0.999999999979333
"R-HSA-1483191",0.00162671545595516,11,1.33269457306411,0.209946199988113,0.356878544556821,59576,6,12,0.862109838008692,0.804243949970436,0.999999999979333
"R-HSA-8866907",0.00180015650647443,12,1.31377356394423,0.210013950288353,0.356878544556821,65843,5,7,1.23158548286956,0.377022477209955,0.999999999979333
"R-HSA-75815",0.00128658504865093,9,1.37864848012661,0.21166698759671,0.359157221335233,57171,8,12,1.14947978401159,0.382347174845054,0.999999999979333
"R-HSA-72695",0.00163025732807808,11,1.32979918122909,0.211841886482476,0.359157221335233,335475,6,17,0.608548120947312,0.983613739997563,0.999999999979333
"R-HSA-418886",0.00111923159084293,8,1.40870340479885,0.213034550855311,0.360764595306066,57125,4,7,0.985268386295648,0.670588408536318,0.999999999979333
"R-HSA-2424491",0.00215711080636253,14,1.27910182417366,0.213454822798322,0.361061770215052,137866,5,13,0.66316141385284,0.955541984659042,0.999999999979333
"R-HSA-203927",0.00112033842588134,8,1.40731168043134,0.213760558495768,0.36116474659938,23455,4,7,0.985268386295648,0.670588408536318,0.999999999979333
"R-HSA-3000480",0.000952984968073343,7,1.44764317371199,0.214094094783727,0.361197899884713,93267,5,9,0.957899820009658,0.690328320856496,0.999999999979333
"R-HSA-1638074",0.00286836300204654,18,1.23676711811628,0.214269940609575,0.361197899884713,65087,11,17,1.11567155507007,0.381580345739667,0.999999999979333
"R-HSA-180746",0.00129344742588909,9,1.37133406922743,0.215848188081054,0.363443010752917,42528,7,14,0.862109838008692,0.810524813613065,0.999999999979333
"R-HSA-2142691",0.000955973422677058,7,1.44311771745516,0.216236816290311,0.363682216679828,31670,7,11,1.09723070292015,0.477638264271726,0.999999999979333
"R-HSA-68886",0.021200318325757,116,1.07836341247377,0.217947045441572,0.366141107091479,127682,79,148,0.920360502739009,0.890725630321533,0.999999999979333
"R-HSA-190377",0.000958740510273089,7,1.43895263514895,0.218227709226254,0.366195530271587,377519,2,5,0.689687870406954,0.896733065508406,0.999999999979333
"R-HSA-5654743",0.00147264401860811,10,1.3382947039953,0.220291177629335,0.369238053412805,71726,9,16,0.969873567759779,0.657268445061902,0.999999999979333
"R-HSA-397014",0.0206512174632005,113,1.07840606238767,0.221133018645405,0.369302934116304,115852,68,108,1.08561979601095,0.170170721911975,0.999999999979333
"R-HSA-380320",0.00506299551621126,30,1.16778595872532,0.221183969673286,0.369302934116304,102424,23,40,0.991426313709996,0.591765845327236,0.999999999979333
"R-HSA-5619102",0.00561408868183695,33,1.15846844408678,0.221259743186889,0.369302934116304,92522,21,43,0.84206077200849,0.914669104896165,0.999999999979333
"R-HSA-8849932",0.0023509176215886,15,1.25748665513118,0.221331385599195,0.369302934116304,86590,8,11,1.25397794619446,0.250808000336091,0.999999999979333
"R-HSA-165054",0.00130363030824249,9,1.3606223410589,0.222111443620786,0.370185739367976,39881,7,14,0.862109838008692,0.810524813613065,0.999999999979333
"R-HSA-9651496",0.00130440509276938,9,1.3598141648699,0.222590821241181,0.370565983443276,83294,6,11,0.940483459645846,0.707644869719751,0.999999999979333
"R-HSA-917977",0.00235556632874993,15,1.25500500681262,0.223445485419907,0.371569437423182,70945,11,14,1.35474403115652,0.0958622740780873,0.999999999979333
"R-HSA-9830364",0.0025391902616226,16,1.24186468151571,0.225976294954612,0.374713482229651,176602,9,12,1.29316475701304,0.185038413081609,0.999999999979333
"R-HSA-163125",0.0104705487798804,59,1.11053462633092,0.226241889478908,0.374713482229651,108047,30,53,0.975973401519274,0.637498390000334,0.999999999979333
"R-HSA-2555396",0.0125388914161622,70,1.10024254768111,0.226352347570589,0.374713482229651,155847,46,81,0.979186482676539,0.632773449938681,0.999999999979333
"R-HSA-68882",0.0125388914161622,70,1.10024254768111,0.226352347570589,0.374713482229651,155847,46,81,0.979186482676539,0.632773449938681,0.999999999979333
"R-HSA-2243919",0.00272015779040308,17,1.23169835458649,0.226948078308283,0.375278492718294,119154,6,10,1.03453180561043,0.582186721293556,0.999999999979333
"R-HSA-75893",0.00254461375331082,16,1.23921781899313,0.228373358393796,0.376891340219541,110134,11,25,0.758656657447649,0.946761032488103,0.999999999979333
"R-HSA-2022854",0.00272381034602984,17,1.23004668057693,0.228508365249974,0.376891340219541,67628,10,14,1.23158548286956,0.23000748493728,0.999999999979333
"R-HSA-8979227",0.00183635001223053,12,1.28787976878964,0.228689999658637,0.376891340219541,59599,10,16,1.07763729751087,0.461189164029393,0.999999999979333
"R-HSA-418990",0.0114235337479537,64,1.1041524540942,0.229162805612482,0.377249038257155,220982,22,34,1.11567155507007,0.269863832984196,0.999999999979333
"R-HSA-157858",0.00509166254370615,30,1.16121110190801,0.23003170141293,0.377897065308019,90977,20,27,1.27719976001288,0.064258884389659,0.999999999979333
"R-HSA-9612973",0.0123693242882774,69,1.09939220209511,0.230068857387526,0.377897065308019,134671,42,69,1.0495250201845,0.360594498106736,0.999999999979333
"R-HSA-9607240",0.00201919916057631,13,1.26886007496874,0.232079805282197,0.380776098766674,152357,11,21,0.903162687437678,0.772598663897106,0.999999999979333
"R-HSA-69017",0.00219739960176075,14,1.25564979858563,0.232552436933818,0.381127604974869,76230,10,16,1.07763729751087,0.461189164029393,0.999999999979333
"R-HSA-5663220",0.0116337217217483,65,1.10114426816487,0.233706227221107,0.381809061883746,149996,41,67,1.05511950323452,0.343826255345515,0.999999999979333
"R-HSA-159740",0.00149566618740709,10,1.31769488911844,0.233744801953235,0.381809061883746,84582,4,6,1.14947978401159,0.502836447778396,0.999999999979333
"R-HSA-159763",0.00149566618740709,10,1.31769488911844,0.233744801953235,0.381809061883746,84582,4,6,1.14947978401159,0.502836447778396,0.999999999979333
"R-HSA-389977",0.00255756372326025,16,1.23294316261964,0.234140158814433,0.382031785676204,126253,10,12,1.43684973001449,0.0640448762778409,0.999999999979333
"R-HSA-912526",0.000812859652210294,6,1.45473946377921,0.23455296900079,0.382190075179572,67611,4,10,0.689687870406954,0.9289254351156,0.999999999979333
"R-HSA-421270",0.0140928878100937,78,1.09079752828117,0.234755395330639,0.382190075179572,237207,29,50,1.00004741209008,0.55982414000596,0.999999999979333
"R-HSA-111885",0.00957290556372769,54,1.11173050443352,0.235092259142435,0.382316518451039,136800,32,51,1.08186332612856,0.294345891472755,0.999999999979333
"R-HSA-5658623",0.00115431826156062,8,1.36588444043782,0.236491015521143,0.384068184913059,21260,4,6,1.14947978401159,0.502836447778396,0.999999999979333
"R-HSA-9609690",0.00957987862446969,54,1.1109212912232,0.236690155990488,0.384068184913059,104982,28,50,0.965563018569735,0.668678569519363,0.999999999979333
"R-HSA-171319",0.00132764862857605,9,1.33600749753995,0.237150864900606,0.384392885415818,65162,6,10,1.03453180561043,0.582186721293556,0.999999999979333
"R-HSA-933542",0.00115819218419506,8,1.36131582849063,0.239134098106025,0.386989069819001,69473,6,11,0.940483459645846,0.707644869719751,0.999999999979333
"R-HSA-5083625",0.00185682646044116,12,1.2736774704333,0.239539590784416,0.386989069819001,43119,6,9,1.14947978401159,0.432849728123215,0.999999999979333
"R-HSA-392517",0.00133141186770665,9,1.33223126884959,0.239539675081185,0.386989069819001,29668,6,11,0.940483459645846,0.707644869719751,0.999999999979333
"R-HSA-110313",0.00150595975326433,10,1.30868815497997,0.239857294851486,0.387078238409126,159942,9,15,1.03453180561043,0.546973849481116,0.999999999979333
"R-HSA-5617833",0.0143191248919452,79,1.08732694743444,0.241734698081812,0.389681617126419,138952,45,80,0.969873567759779,0.668720918303687,0.999999999979333
"R-HSA-9018677",0.00133705672640255,9,1.32660678253243,0.243138671786959,0.391516966032494,30794,7,13,0.928425979393976,0.723116682022408,0.999999999979333
"R-HSA-5651801",0.00151260076349481,10,1.30294241450735,0.243831315616603,0.392204133625397,100041,5,8,1.07763729751087,0.547284658226896,0.999999999979333
"R-HSA-5576890",0.000825034837632834,6,1.43327161550771,0.244555968641747,0.392941235018057,53948,3,6,0.862109838008692,0.792050245313599,0.999999999979333
"R-HSA-1839124",0.00276277093938197,17,1.21270056337157,0.245430242741856,0.393788252885966,197922,10,19,0.90748404000915,0.761693071092046,0.999999999979333
"R-HSA-8854050",0.00134115201604468,9,1.32255590764973,0.245761353344599,0.393788252885966,61824,6,11,0.940483459645846,0.707644869719751,0.999999999979333
"R-HSA-176408",0.00240382433642472,15,1.22981013698251,0.245884054852864,0.393788252885966,74500,10,19,0.90748404000915,0.761693071092046,0.999999999979333
"R-HSA-110312",0.000998586571655947,7,1.3815348842452,0.247583124038473,0.394853683779402,207440,6,8,1.29316475701304,0.274865168599789,0.999999999979333
"R-HSA-5655862",0.000998586571655947,7,1.3815348842452,0.247583124038473,0.394853683779402,207440,6,8,1.29316475701304,0.274865168599789,0.999999999979333
"R-HSA-5656121",0.000998586571655947,7,1.3815348842452,0.247583124038473,0.394853683779402,207440,6,8,1.29316475701304,0.274865168599789,0.999999999979333
"R-HSA-170822",0.00117092078713681,8,1.34651751860535,0.247887804189645,0.394853683779402,47241,6,12,0.862109838008692,0.804243949970436,0.999999999979333
"R-HSA-5619107",0.00117092078713681,8,1.34651751860535,0.247887804189645,0.394853683779402,47241,6,12,0.862109838008692,0.804243949970436,0.999999999979333
"R-HSA-181431",0.0010016857097635,7,1.3772605221724,0.249916293363303,0.396945262622533,77707,5,8,1.07763729751087,0.547284658226896,0.999999999979333
"R-HSA-622327",0.0010016857097635,7,1.3772605221724,0.249916293363303,0.396945262622533,77707,5,8,1.07763729751087,0.547284658226896,0.999999999979333
"R-HSA-936964",0.000664211706551467,5,1.4835869885567,0.250258799917866,0.396945262622533,38892,5,12,0.718424865007244,0.924095686025412,0.999999999979333
"R-HSA-2219530",0.00869872725038933,49,1.11017106385746,0.250277352026411,0.396945262622533,192651,26,44,1.018857081283,0.50554774120522,0.999999999979333
"R-HSA-446388",0.000833668150932453,6,1.41842891954255,0.251722938536,0.39880916685349,74667,4,6,1.14947978401159,0.502836447778396,0.999999999979333
"R-HSA-168276",0.00135233104993265,9,1.31162300973905,0.25296901814653,0.400353328075248,40173,7,14,0.862109838008692,0.810524813613065,0.999999999979333
"R-HSA-381038",0.00206070547451678,13,1.24330295131887,0.253346507358632,0.400521005738459,47200,8,17,0.811397494596416,0.876576106611498,0.999999999979333
"R-HSA-3215018",0.000668971097216642,5,1.47303201825426,0.254733071072984,0.402281884189134,45484,5,5,1.72421967601738,0.0655656671514847,0.999999999979333
"R-HSA-76071",0.000837984807582263,6,1.41112225888185,0.255328194883444,0.402790467864257,46482,4,7,0.985268386295648,0.670588408536318,0.999999999979333
"R-HSA-8853659",0.00425179611655858,25,1.15882302263872,0.256886653427371,0.404227787051673,158689,15,23,1.12449109305482,0.315355173740073,0.999999999979333
"R-HSA-162710",0.000671627501308832,5,1.46720591930269,0.257238807879635,0.404227787051673,20401,3,8,0.646582378506519,0.936699301327053,0.999999999979333
"R-HSA-606279",0.00206834263628183,13,1.23871217143761,0.25733552002815,0.404227787051673,39650,11,20,0.948320821809561,0.693665920557335,0.999999999979333
"R-HSA-774815",0.00206834263628183,13,1.23871217143761,0.25733552002815,0.404227787051673,39650,11,20,0.948320821809561,0.693665920557335,0.999999999979333
"R-HSA-937042",0.00101231132613226,7,1.36280425603108,0.257965476490044,0.404601274703332,127216,4,8,0.862109838008692,0.793892158845739,0.999999999979333
"R-HSA-73856",0.00297295891317654,18,1.19325464877079,0.258121897963278,0.404601274703332,73612,12,22,0.940483459645846,0.709325223481826,0.999999999979333
"R-HSA-9687136",0.00101352884467452,7,1.36116716453645,0.258892557591146,0.405244601262419,74482,4,6,1.14947978401159,0.502836447778396,0.999999999979333
"R-HSA-446203",0.0220411809044392,119,1.06404902823797,0.259081802705397,0.405244601262419,124604,79,135,1.00898781041017,0.487543610264761,0.999999999979333
"R-HSA-977444",0.00537169180842456,31,1.13736574247173,0.260269741588132,0.406241131050258,142469,16,25,1.10350059265113,0.346183266245708,0.999999999979333
"R-HSA-991365",0.00537169180842456,31,1.13736574247173,0.260269741588132,0.406241131050258,142469,16,25,1.10350059265113,0.346183266245708,0.999999999979333
"R-HSA-912631",0.00084473650131658,6,1.39984363495735,0.260994992551939,0.406942509528657,63276,4,10,0.689687870406954,0.9289254351156,0.999999999979333
"R-HSA-71387",0.0220606612011152,119,1.06310943759927,0.262181302745487,0.408360529619423,78575,70,132,0.914358919100128,0.894671996525731,0.999999999979333
"R-HSA-110320",0.000678600562050833,5,1.452129427227,0.263844003914066,0.4103326182759,149203,4,6,1.14947978401159,0.502836447778396,0.999999999979333
"R-HSA-450408",0.00190176396300072,12,1.24358126201775,0.26400383372463,0.4103326182759,50902,6,12,0.862109838008692,0.804243949970436,0.999999999979333
"R-HSA-75109",0.000679707397089245,5,1.44976478070815,0.264896006502821,0.411285904833328,12406,3,6,0.862109838008692,0.792050245313599,0.999999999979333
"R-HSA-2022870",0.00299321399437949,18,1.1851798937242,0.266992265512393,0.413392810714107,60081,9,13,1.19369054493511,0.299448518858622,0.999999999979333
"R-HSA-975577",0.0015514506733431,10,1.27031540534048,0.267526888745079,0.413392810714107,138053,8,10,1.37937574081391,0.136979098621685,0.999999999979333
"R-HSA-2871837",0.00336190074567477,20,1.17245084853213,0.268168528408905,0.413392810714107,156067,14,29,0.832381912560117,0.893869170144635,0.999999999979333
"R-HSA-1839130",0.00102570403009706,7,1.34501000600628,0.26821486091756,0.413392810714107,95402,6,8,1.29316475701304,0.274865168599789,0.999999999979333
"R-HSA-2033514",0.00102570403009706,7,1.34501000600628,0.26821486091756,0.413392810714107,95402,6,8,1.29316475701304,0.274865168599789,0.999999999979333
"R-HSA-5654227",0.00102570403009706,7,1.34501000600628,0.26821486091756,0.413392810714107,95402,6,8,1.29316475701304,0.274865168599789,0.999999999979333
"R-HSA-5654704",0.00102570403009706,7,1.34501000600628,0.26821486091756,0.413392810714107,95402,6,8,1.29316475701304,0.274865168599789,0.999999999979333
"R-HSA-5365859",0.00208959386901936,13,1.22611443125455,0.268551117348153,0.413479016793868,228254,5,10,0.862109838008692,0.798469920419436,0.999999999979333
"R-HSA-6804760",0.000687565925861975,5,1.43319470674964,0.272391836751866,0.418650100345533,47051,5,9,0.957899820009658,0.690328320856496,0.999999999979333
"R-HSA-1428517",0.0146676672455414,80,1.07492577134796,0.272578657029751,0.418650100345533,129945,59,104,0.978163085432939,0.643365824464005,0.999999999979333
"R-HSA-180534",0.00120633950836601,8,1.30698310205762,0.272761184021733,0.418650100345533,68254,6,11,0.940483459645846,0.707644869719751,0.999999999979333
"R-HSA-9818030",0.00282563916956381,17,1.18571893776951,0.273733325915754,0.419705463332366,76839,4,7,0.985268386295648,0.670588408536318,0.999999999979333
"R-HSA-6811434",0.00785221981301129,44,1.10435770352667,0.27456968879635,0.419756976722204,165582,27,47,0.990509175584455,0.591703183157268,0.999999999979333
"R-HSA-937072",0.00138531473407735,9,1.28039389045955,0.27462066612673,0.419756976722204,99107,6,11,0.940483459645846,0.707644869719751,0.999999999979333
"R-HSA-975163",0.00138531473407735,9,1.28039389045955,0.27462066612673,0.419756976722204,99107,6,11,0.940483459645846,0.707644869719751,0.999999999979333
"R-HSA-6794362",0.0106899234844938,59,1.08774464041871,0.275527151329419,0.420706571646887,172361,29,52,0.961584050086618,0.681771064264552,0.999999999979333
"R-HSA-5654741",0.00192445408128818,12,1.22891891896181,0.276666987499582,0.422010141222216,66070,10,18,0.957899820009658,0.67642783297527,0.999999999979333
"R-HSA-983189",0.00617082670615854,35,1.11782606235294,0.277064790419703,0.422048046004904,178347,20,30,1.14947978401159,0.219607254957641,0.999999999979333
"R-HSA-180910",0.00121264846808497,8,1.30018335426488,0.277264106155086,0.422048046004904,42128,6,12,0.862109838008692,0.804243949970436,0.999999999979333
"R-HSA-8956319",0.00156971345147691,10,1.25553596366221,0.278908312166916,0.424113155099176,109213,9,17,0.912822181420968,0.749914892543558,0.999999999979333
"R-HSA-72165",0.00104086767012331,7,1.3254155386708,0.279948539619722,0.425256535467652,96835,5,11,0.783736216371538,0.874157462669172,0.999999999979333
"R-HSA-425366",0.00655755486857994,37,1.11201162670278,0.280667458829317,0.425485643501827,58123,26,48,0.933952324509417,0.754691525620764,0.999999999979333
"R-HSA-977068",0.00284069212608622,17,1.17943575929545,0.280676292289679,0.425485643501827,42746,10,14,1.23158548286956,0.23000748493728,0.999999999979333
"R-HSA-5357956",0.00193209124305323,12,1.22406125366573,0.280971998433487,0.425496609537365,121056,9,17,0.912822181420968,0.749914892543558,0.999999999979333
"R-HSA-445989",0.00302686177954724,18,1.1720049682226,0.281968068254029,0.42656707761507,97809,10,23,0.749660728703211,0.94689151696397,0.999999999979333
"R-HSA-5678895",0.00139760060300373,9,1.26913834901336,0.28282009067307,0.427417657523338,55949,8,12,1.14947978401159,0.382347174845054,0.999999999979333
"R-HSA-9032500",0.000873735579322993,6,1.35338315454706,0.285683445160565,0.43130305180331,225638,4,5,1.37937574081391,0.303173156057517,0.999999999979333
"R-HSA-168274",0.00122914031015731,8,1.28273830070473,0.289127137695369,0.435610345353084,42199,6,12,0.862109838008692,0.804243949970436,0.999999999979333
"R-HSA-168333",0.00122914031015731,8,1.28273830070473,0.289127137695369,0.435610345353084,42199,6,12,0.862109838008692,0.804243949970436,0.999999999979333
"R-HSA-159231",0.00176938649240656,11,1.22523533969243,0.29128327003105,0.437964141993679,64548,8,16,0.862109838008692,0.816970829403056,0.999999999979333
"R-HSA-159234",0.00176938649240656,11,1.22523533969243,0.29128327003105,0.437964141993679,64548,8,16,0.862109838008692,0.816970829403056,0.999999999979333
"R-HSA-6811558",0.0105678395797569,58,1.08166136714859,0.29166512953031,0.438091716962532,172315,31,57,0.937733508009455,0.755554869772969,0.999999999979333
"R-HSA-5696397",0.000881372741088041,6,1.34165598668774,0.292268869797942,0.438551966380432,146722,5,9,0.957899820009658,0.690328320856496,0.999999999979333
"R-HSA-8856825",0.00640846418890575,36,1.10712861589953,0.292598689720437,0.438600678188663,187820,21,42,0.862109838008692,0.886224681036167,0.999999999979333
"R-HSA-5654733",0.00123733088944157,8,1.27424714458592,0.295065230189971,0.441848948761631,87668,8,14,0.985268386295648,0.635708550431751,0.999999999979333
"R-HSA-9006335",0.00232391084665133,14,1.1872935535969,0.296514142040496,0.443568315932791,166304,6,11,0.940483459645846,0.707644869719751,0.999999999979333
"R-HSA-9609523",0.00141929456975662,9,1.24973952530545,0.29745653755848,0.444527247111203,74588,6,10,1.03453180561043,0.582186721293556,0.999999999979333
"R-HSA-72187",0.00288153433900365,17,1.16271870485971,0.29980312885901,0.447580582051659,76684,11,21,0.903162687437678,0.772598663897106,0.999999999979333
"R-HSA-9645460",0.00142394327691795,9,1.2456595361828,0.300617247713132,0.448342204627775,160421,4,9,0.766319856007726,0.876743229237134,0.999999999979333
"R-HSA-68877",0.0119569175529648,65,1.07138030638606,0.304823764479535,0.454156618795267,147518,45,79,0.982150448364333,0.620561606857371,0.999999999979333
"R-HSA-9730414",0.0194481984599497,104,1.05390993558271,0.307720958488923,0.45696747897562,142716,52,71,1.26280877680146,0.0054809297620062,0.999999999979333
"R-HSA-5610780",0.00143467957679055,9,1.23633775134946,0.30794726390334,0.45696747897562,73227,7,13,0.928425979393976,0.723116682022408,0.999999999979333
"R-HSA-9821993",0.000724423532641119,5,1.3602758622351,0.308076047642025,0.45696747897562,44471,3,8,0.646582378506519,0.936699301327053,0.999999999979333
"R-HSA-69242",0.00968292496654591,53,1.07874511041328,0.308232301003112,0.45696747897562,126767,37,58,1.0999332415973,0.223510430256997,0.999999999979333
"R-HSA-174178",0.00216264498155459,13,1.18469800643097,0.308259418020842,0.45696747897562,75506,9,16,0.969873567759779,0.657268445061902,0.999999999979333
"R-HSA-2995410",0.00439336031797157,25,1.12148307237154,0.309956172925188,0.459021440827964,139371,16,29,0.951293614354419,0.692754705275057,0.999999999979333
"R-HSA-437239",0.00495795687106589,28,1.11302475560657,0.310645434255479,0.459580757800231,127644,19,29,1.12966116704587,0.265626085981492,0.999999999979333
"R-HSA-190873",0.000904394909887025,6,1.30750295214716,0.312294284514538,0.46093807070226,76738,3,5,1.03453180561043,0.647443346545997,0.999999999979333
"R-HSA-5210891",0.00108215261705611,7,1.2748499259139,0.312482501765432,0.46093807070226,152592,3,7,0.738951289721736,0.88314662289656,0.999999999979333
"R-HSA-163685",0.0114175568387463,62,1.0702076334378,0.312753403831981,0.46093807070226,146222,33,61,0.932774578829077,0.773942980012869,0.999999999979333
"R-HSA-5656169",0.00144198468804408,9,1.23007444987655,0.312957617948414,0.46093807070226,167713,8,14,0.985268386295648,0.635708550431751,0.999999999979333
"R-HSA-427389",0.00126201331079817,8,1.24932545424715,0.31312538769062,0.46093807070226,34036,7,20,0.603476886606085,0.989341077108676,0.999999999979333
"R-HSA-3928664",0.0023565624802845,14,1.17084286559206,0.313824399965037,0.461506470536819,105497,8,14,0.985268386295648,0.635708550431751,0.999999999979333
"R-HSA-425393",0.00913736597611229,50,1.0784462919215,0.314999211195048,0.462751508839405,126570,30,52,0.99474212077926,0.576333314630635,0.999999999979333
"R-HSA-9820965",0.000907826098506105,6,1.30256115849725,0.315298485683798,0.462751508839405,52474,5,8,1.07763729751087,0.547284658226896,0.999999999979333
"R-HSA-9619483",0.00347479791959286,20,1.13435758658708,0.316544981747921,0.464119133278512,139231,12,15,1.37937574081391,0.0675816971481462,0.999999999979333
"R-HSA-5610787",0.00762542931364052,42,1.08551174781492,0.317673142950451,0.464971082983277,169822,25,41,1.05135346098621,0.412851564239639,0.999999999979333
"R-HSA-549132",0.00144895774878608,9,1.22415475769549,0.317756509591283,0.464971082983277,40423,8,11,1.25397794619446,0.250808000336091,0.999999999979333
"R-HSA-9634597",0.00574115334424673,32,1.09850077727596,0.321022376379474,0.469284445153343,128647,17,27,1.08561979601095,0.375268457788833,0.999999999979333
"R-HSA-165159",0.00237227953782996,14,1.16308568335373,0.322249516357991,0.470611917453502,178664,8,15,0.919583827209272,0.737119637232479,0.999999999979333
"R-HSA-8866910",0.00163811585685081,10,1.20310885382821,0.322665499552604,0.470753325262206,115896,6,9,1.14947978401159,0.432849728123215,0.999999999979333
"R-HSA-391903",0.00109620942204395,7,1.25850239556343,0.323719923096245,0.471739019950177,3524,4,6,1.14947978401159,0.502836447778396,0.999999999979333
"R-HSA-5083636",0.00182306799176957,11,1.18915743672656,0.32398076420985,0.471739019950177,46152,5,8,1.07763729751087,0.547284658226896,0.999999999979333
"R-HSA-5619115",0.00802997752018037,44,1.07991079906398,0.324787185123445,0.472040182750329,86059,31,63,0.848425554865697,0.938283448129979,0.999999999979333
"R-HSA-9652817",0.00164143636196605,10,1.20067505304501,0.324827651180735,0.472040182750329,106998,5,7,1.23158548286956,0.377022477209955,0.999999999979333
"R-HSA-77289",0.00312216027635457,18,1.13623156076232,0.325796652618575,0.472982345090944,103481,13,17,1.31852092871918,0.0946047550975339,0.999999999979333
"R-HSA-9663891",0.0059462498768646,33,1.09375568045287,0.326443976246417,0.473456111075186,150516,24,40,1.03453180561043,0.464950940667979,0.999999999979333
"R-HSA-5362517",0.00557169689986574,31,1.09653815557794,0.327830244921847,0.474999618133325,125074,13,24,0.933952324509417,0.723659766055626,0.999999999979333
"R-HSA-8868766",0.000746670916913214,5,1.31974585210921,0.329927639096753,0.477569448152808,56100,3,6,0.862109838008692,0.792050245313599,0.999999999979333
"R-HSA-1660661",0.00220271240994513,13,1.16314830147504,0.330669591708874,0.47817416448097,43401,7,15,0.804635848808113,0.874754342946077,0.999999999979333
"R-HSA-140837",0.00146843804546214,9,1.20791512270986,0.331239982640583,0.478375303632724,83294,6,12,0.862109838008692,0.804243949970436,0.999999999979333
"R-HSA-9645723",0.00501451614152878,28,1.10047082888513,0.331457329025521,0.478375303632724,105259,21,41,0.883136907228416,0.850719410644535,0.999999999979333
"R-HSA-114608",0.0120846463163977,65,1.06005634388703,0.334969030212559,0.482970986865616,76014,37,62,1.02896980665554,0.447101250916037,0.999999999979333
"R-HSA-190828",0.0048399682559711,27,1.09943811285618,0.336897241765501,0.485276788675892,85015,19,25,1.31040695377321,0.0492427796404928,0.999999999979333
"R-HSA-9013424",0.00202927135942586,12,1.16544197905471,0.337316197410145,0.485406235297526,89778,10,17,1.01424686824552,0.574916047300429,0.999999999979333
"R-HSA-5684264",0.00075497217970131,5,1.30523464570132,0.338120936937115,0.486090040918367,37608,4,8,0.862109838008692,0.793892158845739,0.999999999979333
"R-HSA-174113",0.00129676793100433,8,1.21584233777108,0.338905490847929,0.48654279448096,68254,6,12,0.862109838008692,0.804243949970436,0.999999999979333
"R-HSA-9018678",0.00166324101222278,10,1.18493452030728,0.339095588289103,0.48654279448096,40438,8,14,0.985268386295648,0.635708550431751,0.999999999979333
"R-HSA-5654726",0.0016667828843457,10,1.18241656395893,0.341423774832697,0.488972273141087,144622,8,15,0.919583827209272,0.737119637232479,0.999999999979333
"R-HSA-211733",0.00111823543930836,7,1.23371352327628,0.341451824634115,0.488972273141087,69106,6,10,1.03453180561043,0.582186721293556,0.999999999979333
"R-HSA-157579",0.00561187501176012,31,1.08868751160976,0.342007799384855,0.489049488959215,86117,21,36,1.00579481101014,0.554425216895192,0.999999999979333
"R-HSA-171306",0.000759067469343436,5,1.29819269733577,0.342168862783668,0.489049488959215,28979,4,10,0.689687870406954,0.9289254351156,0.999999999979333
"R-HSA-351202",0.00185372732233361,11,1.16948961907829,0.343002087954635,0.489765808066879,70050,8,13,1.06105826216454,0.514985024423345,0.999999999979333
"R-HSA-1663150",0.000761059772412579,5,1.29479428713332,0.34413933309843,0.490562845096358,13275,4,5,1.37937574081391,0.303173156057517,0.999999999979333
"R-HSA-180585",0.00112166662792744,7,1.22993958216501,0.344225454016766,0.490562845096358,65747,6,10,1.03453180561043,0.582186721293556,0.999999999979333
"R-HSA-8951430",0.00148913586068046,9,1.19112605418401,0.345674257849662,0.492152056301402,118141,6,8,1.29316475701304,0.274865168599789,0.999999999979333
"R-HSA-9759194",0.00581542197532422,32,1.08447184707759,0.346765337256827,0.493229385201369,65584,16,33,0.835985297462974,0.900086447458054,0.999999999979333
"R-HSA-174084",0.00204731277055199,12,1.15517182483586,0.348032155028775,0.494323833096363,80757,8,14,0.985268386295648,0.635708550431751,0.999999999979333
"R-HSA-9735869",0.00167707645020294,10,1.17515912332745,0.348205059381099,0.494323833096363,367178,5,14,0.61579274143478,0.974607418269339,0.999999999979333
"R-HSA-69273",0.000767811466146897,5,1.28340860866783,0.350822063460977,0.497560138081674,162900,3,7,0.738951289721736,0.88314662289656,0.999999999979333
"R-HSA-76005",0.0125382273151392,67,1.05314507367236,0.351521950432223,0.498073849075436,81977,39,64,1.05069636507309,0.365079668308955,0.999999999979333
"R-HSA-8854214",0.0018690016458637,11,1.15993202299676,0.352552062000929,0.499054022506114,138570,7,16,0.754346108257606,0.91969707570176,0.999999999979333
"R-HSA-5578775",0.00488623396057675,27,1.08902799345298,0.354612825610544,0.501489854051345,134180,18,29,1.07020531614872,0.402711343180923,0.999999999979333
"R-HSA-6787450",0.000774673843385056,5,1.27203965113998,0.357620662292318,0.505259077472384,83334,4,6,1.14947978401159,0.502836447778396,0.999999999979333
"R-HSA-6803529",0.000775780678423468,5,1.27022478503763,0.358717662297537,0.506323973099394,50069,4,9,0.766319856007726,0.876743229237134,0.999999999979333
"R-HSA-9014325",0.000959515294799978,6,1.23239204314159,0.360981910024238,0.507238768746981,188480,4,8,0.862109838008692,0.793892158845739,0.999999999979333
"R-HSA-174184",0.00225617254230047,13,1.13558743856234,0.361085225209716,0.507238768746981,79359,9,17,0.912822181420968,0.749914892543558,0.999999999979333
"R-HSA-176409",0.00225617254230047,13,1.13558743856234,0.361085225209716,0.507238768746981,79359,9,17,0.912822181420968,0.749914892543558,0.999999999979333
"R-HSA-176814",0.00225617254230047,13,1.13558743856234,0.361085225209716,0.507238768746981,79359,9,17,0.912822181420968,0.749914892543558,0.999999999979333
"R-HSA-179419",0.00225617254230047,13,1.13558743856234,0.361085225209716,0.507238768746981,79359,9,17,0.912822181420968,0.749914892543558,0.999999999979333
"R-HSA-112311",0.000778990500034865,5,1.26499083806887,0.361899501434778,0.507898919711034,53893,4,5,1.37937574081391,0.303173156057517,0.999999999979333
"R-HSA-6811438",0.00434897623293122,24,1.08761138369077,0.367824403125968,0.515723378907607,172379,12,20,1.03453180561043,0.522799008035217,0.999999999979333
"R-HSA-163560",0.00115664261514128,7,1.19274715078088,0.372622189464354,0.521352259444159,93309,7,10,1.20695377321217,0.333291732676322,0.999999999979333
"R-HSA-8856688",0.00973184707524375,52,1.05307088303234,0.372816930655267,0.521352259444159,163120,33,60,0.948320821809561,0.72812213318885,0.999999999979333
"R-HSA-83936",0.000972907998764772,6,1.21542737451587,0.372899412687178,0.521352259444159,31628,4,8,0.862109838008692,0.793892158845739,0.999999999979333
"R-HSA-1660662",0.00398172836718588,22,1.08893156948481,0.373447225859449,0.521488765417431,55147,15,27,0.957899820009658,0.677214341446069,0.999999999979333
"R-HSA-9693928",0.000790944318449723,5,1.24587258862703,0.373752958012087,0.521488765417431,80466,2,5,0.689687870406954,0.896733065508406,0.999999999979333
"R-HSA-180786",0.00455495823357983,25,1.08169580812198,0.3741628814386,0.521488765417431,102294,16,23,1.19945716592514,0.181056867714897,0.999999999979333
"R-HSA-1632852",0.0097376026174435,52,1.05244845119314,0.374411255984447,0.521488765417431,157722,35,61,0.989306371485385,0.592848130199307,0.999999999979333
"R-HSA-447041",0.000975564402856963,6,1.21211783775749,0.375264834323936,0.521845294332365,221334,3,6,0.862109838008692,0.792050245313599,0.999999999979333
"R-HSA-629597",0.000792604571007342,5,1.24326288483853,0.375399342703555,0.521845294332365,74813,3,5,1.03453180561043,0.647443346545997,0.999999999979333
"R-HSA-2562578",0.000792936621518865,5,1.24274225548977,0.375728611919303,0.521845294332365,56645,3,6,0.862109838008692,0.792050245313599,0.999999999979333
"R-HSA-174048",0.0011615126893103,7,1.18774611450927,0.376588807589874,0.522134502788826,73963,4,8,0.862109838008692,0.793892158845739,0.999999999979333
"R-HSA-428543",0.00097711397191074,6,1.21019558472978,0.376644820994787,0.522134502788826,70350,4,7,0.985268386295648,0.670588408536318,0.999999999979333
"R-HSA-9755511",0.00705308491527731,38,1.06182762800399,0.377328672392448,0.522591353782968,78110,20,43,0.801962640008086,0.953102901556142,0.999999999979333
"R-HSA-168271",0.00116416909340249,7,1.18503591230845,0.378753199917867,0.523941808856429,48033,5,11,0.783736216371538,0.874157462669172,0.999999999979333
"R-HSA-4641262",0.00228749597388755,13,1.12003746783059,0.379106868395424,0.523941808856429,95321,8,17,0.811397494596416,0.876576106611498,0.999999999979333
"R-HSA-5689896",0.001724448989847,10,1.14287618977262,0.379643934464451,0.523941808856429,67960,6,17,0.608548120947312,0.983613739997563,0.999999999979333
"R-HSA-2029485",0.00266636560753622,15,1.10871799730121,0.379724605876287,0.523941808856429,67089,8,17,0.811397494596416,0.876576106611498,0.999999999979333
"R-HSA-425561",0.000986522069737248,6,1.19865439492814,0.385024711234177,0.53060032366077,169707,2,5,0.689687870406954,0.896733065508406,0.999999999979333
"R-HSA-5689880",0.0124845458157762,66,1.04188725423945,0.385437579959484,0.53060032366077,103587,45,82,0.946218114887589,0.75495075901002,0.999999999979333
"R-HSA-9710421",0.00305707837609591,17,1.0959528878464,0.385629523365658,0.53060032366077,88340,14,23,1.0495250201845,0.477552480739576,0.999999999979333
"R-HSA-176412",0.000988625056310233,6,1.19610463748259,0.386897948253333,0.531849462883193,84814,3,5,1.03453180561043,0.647443346545997,0.999999999979333
"R-HSA-8863795",0.00173596007424649,10,1.13529782177107,0.387324545300697,0.531940134374794,157017,6,12,0.862109838008692,0.804243949970436,0.999999999979333
"R-HSA-350562",0.00155067588881621,9,1.14385509871461,0.389037727948661,0.533795952301651,85172,6,10,1.03453180561043,0.582186721293556,0.999999999979333
"R-HSA-9768919",0.00193275534407627,11,1.12167060705092,0.392780855243699,0.538431005097078,135852,5,14,0.61579274143478,0.974607418269339,0.999999999979333
"R-HSA-5423646",0.000811752817171881,5,1.21393584924035,0.394375192700043,0.540114586102659,46256,5,9,0.957899820009658,0.690328320856496,0.999999999979333
"R-HSA-6791312",0.00231616300138244,13,1.10617482307439,0.395687205115061,0.541408745403261,55296,11,20,0.948320821809561,0.693665920557335,0.999999999979333
"R-HSA-179409",0.00118696989519379,7,1.16227226087843,0.397343086972761,0.543026245580953,73963,4,9,0.766319856007726,0.876743229237134,0.999999999979333
"R-HSA-4086400",0.00518873197657494,28,1.06352163874317,0.397605657781308,0.543026245580953,109923,18,33,0.940483459645846,0.720560253120025,0.999999999979333
"R-HSA-9013422",0.00119073313432439,7,1.15859897059493,0.400411695414021,0.546352683381759,28087,5,10,0.862109838008692,0.798469920419436,0.999999999979333
"R-HSA-73886",0.00693553903419788,37,1.05140742783602,0.402137108708815,0.547604985076171,80878,27,46,1.01204198374933,0.524475182542977,0.999999999979333
"R-HSA-375281",0.000819832712952294,5,1.20197185342632,0.402368973734644,0.547604985076171,109592,4,5,1.37937574081391,0.303173156057517,0.999999999979333
"R-HSA-174154",0.00213774119319031,12,1.10630699202594,0.40244325682886,0.547604985076171,80757,8,15,0.919583827209272,0.737119637232479,0.999999999979333
"R-HSA-3928662",0.00424305211975512,23,1.06831421375537,0.403719314623909,0.548835012967987,90394,12,24,0.862109838008692,0.841829250877049,0.999999999979333
"R-HSA-9761174",0.00157690787922659,9,1.12482697641551,0.407624537467792,0.55363369499539,187696,5,6,1.43684973001449,0.203341510197078,0.999999999979333
"R-HSA-9694635",0.00483188836019069,26,1.06048857393905,0.408636500607792,0.554497551422717,53561,20,29,1.18911701794302,0.156129966978078,0.999999999979333
"R-HSA-9615933",0.000827691241725025,5,1.19055971092922,0.410131761513359,0.556015025948718,26495,5,10,0.862109838008692,0.798469920419436,0.999999999979333
"R-HSA-444257",0.000829572861290326,5,1.1878593086496,0.411988387240226,0.556776846800911,81539,4,6,1.14947978401159,0.502836447778396,0.999999999979333
"R-HSA-1474165",0.00870824603171968,46,1.04106220075275,0.412033013938471,0.556776846800911,68319,33,60,0.948320821809561,0.72812213318885,0.999999999979333
"R-HSA-5621480",0.00291805989527127,16,1.08062576462798,0.412041302368544,0.556776846800911,68405,9,15,1.03453180561043,0.546973849481116,0.999999999979333
"R-HSA-9683673",0.00101762413431665,6,1.16201942810469,0.412704524129976,0.556776846800911,34800,5,6,1.43684973001449,0.203341510197078,0.999999999979333
"R-HSA-9694719",0.00101762413431665,6,1.16201942810469,0.412704524129976,0.556776846800911,34800,5,6,1.43684973001449,0.203341510197078,0.999999999979333
"R-HSA-8963899",0.00330334917214273,18,1.0739091930301,0.412958556203523,0.556776846800911,50672,9,18,0.862109838008692,0.823401952111848,0.999999999979333
"R-HSA-75205",0.000834000201443977,5,1.18155348617501,0.416353387117175,0.560437273370263,23169,4,7,0.985268386295648,0.670588408536318,0.999999999979333
"R-HSA-9823730",0.00235191377312317,13,1.08936017448608,0.416433390924616,0.560437273370263,139284,7,10,1.20695377321217,0.333291732676322,0.999999999979333
"R-HSA-197264",0.00140424161323421,8,1.12278780084543,0.419935861758046,0.564635730258083,53453,6,12,0.862109838008692,0.804243949970436,0.999999999979333
"R-HSA-425407",0.0202297346805729,105,1.02293643895861,0.420630172389532,0.565054193328378,90212,69,132,0.901296648827269,0.923321338630167,0.999999999979333
"R-HSA-382556",0.00312891197008889,17,1.07079198989415,0.421727082303026,0.565900525039127,83314,14,24,1.00579481101014,0.57294797440713,0.999999999979333
"R-HSA-9825892",0.00236154323795736,13,1.08491818277347,0.422027510198671,0.565900525039127,72805,9,10,1.55179770841565,0.0354138319923674,0.999999999979333
"R-HSA-2299718",0.00140866895338786,8,1.11925896356769,0.423281105406379,0.567065967733341,21578,7,19,0.635238828006405,0.98178403314915,0.999999999979333
"R-HSA-139853",0.00122161383189611,7,1.12931120102023,0.425560990882574,0.569602959665877,68816,4,9,0.766319856007726,0.876743229237134,0.999999999979333
"R-HSA-9762293",0.00179406891376316,10,1.09852619141572,0.426186010558365,0.569912899450564,142156,4,6,1.14947978401159,0.502836447778396,0.999999999979333
"R-HSA-1170546",0.000844515134308898,5,1.16684213870626,0.426697932932251,0.569912899450564,178058,4,8,0.862109838008692,0.793892158845739,0.999999999979333
"R-HSA-2682334",0.00778614176121805,41,1.03779383689614,0.42695169755449,0.569912899450564,91796,27,52,0.895267908701334,0.848664901379226,0.999999999979333
"R-HSA-2586552",0.00218046502567304,12,1.08463011390807,0.428342964182512,0.571253048977582,178038,5,8,1.07763729751087,0.547284658226896,0.999999999979333
"R-HSA-9830674",0.00314507176164972,17,1.0652901200886,0.42987321938756,0.572775969825339,128876,10,15,1.14947978401159,0.34275473354099,0.999999999979333
"R-HSA-9696273",0.00237770302951818,13,1.07754465820942,0.431415799886512,0.57431254948791,88672,9,20,0.775898854207823,0.919210627813868,0.999999999979333
"R-HSA-1483206",0.00898207702022298,47,1.03126581154009,0.435848071726968,0.579689725696373,78271,36,59,1.05206624299366,0.369738216266466,0.999999999979333
"R-HSA-8849471",0.000855915535204549,5,1.15130033859159,0.437872094861412,0.581711347852892,64412,3,9,0.574739892005795,0.966677337372012,0.999999999979333
"R-HSA-190861",0.00393557334608407,21,1.0516248045949,0.438156818620043,0.581711347852892,87084,16,20,1.37937574081391,0.0347213319842525,0.999999999979333
"R-HSA-9823739",0.00666691017037512,35,1.03464884663647,0.442775287267773,0.586886351254127,208766,8,10,1.37937574081391,0.136979098621685,0.999999999979333
"R-HSA-9856651",0.0134960823573815,70,1.02220936946711,0.44290087728634,0.586886351254127,140825,37,47,1.35736442580092,0.00231848785512012,0.999999999979333
"R-HSA-375165",0.00744733955595992,39,1.03207911188176,0.443248403591252,0.586886351254127,184972,21,30,1.20695377321217,0.124391322988297,0.999999999979333
"R-HSA-9821002",0.00105293217204201,6,1.12305336087401,0.443955231911102,0.587295037729934,36684,5,16,0.538818648755433,0.99221849812552,0.999999999979333
"R-HSA-3301854",0.0018215184227158,10,1.0819718683027,0.444522022685839,0.58751790632761,62028,6,13,0.795793696623408,0.873781608211603,0.999999999979333
"R-HSA-4791275",0.00317783407878673,17,1.05430736520211,0.446390880558806,0.589459757228504,112061,10,20,0.862109838008692,0.829720221626758,0.999999999979333
"R-HSA-8848021",0.00395582842728703,21,1.04624015604311,0.447304590125382,0.589610608074118,70742,14,32,0.754346108257606,0.964421131414387,0.999999999979333
"R-HSA-9006927",0.00395582842728703,21,1.04624015604311,0.447304590125382,0.589610608074118,70742,14,32,0.754346108257606,0.964421131414387,0.999999999979333
"R-HSA-349425",0.00105868771424176,6,1.11694789566069,0.449020233009516,0.59134361043664,76699,5,9,0.957899820009658,0.690328320856496,0.999999999979333
"R-HSA-4641258",0.00164099362795068,9,1.08089909166274,0.452952173683837,0.594999803968699,52821,6,12,0.862109838008692,0.804243949970436,0.999999999979333
"R-HSA-3323169",0.00106322573789925,6,1.11218057693051,0.453006630411423,0.594999803968699,191000,3,5,1.03453180561043,0.647443346545997,0.999999999979333
"R-HSA-3371599",0.00106322573789925,6,1.11218057693051,0.453006630411423,0.594999803968699,191000,3,5,1.03453180561043,0.647443346545997,0.999999999979333
"R-HSA-380972",0.00222484911071339,12,1.06299254982284,0.45521493663284,0.597368355456796,204853,6,11,0.940483459645846,0.707644869719751,0.999999999979333
"R-HSA-6790901",0.00261356957620393,14,1.05570725665186,0.455690022704527,0.59746025199038,84489,14,25,0.965563018569735,0.66037258792198,0.999999999979333
"R-HSA-69190",0.00339743015040781,18,1.04417070747625,0.458973046920869,0.600866634562471,123583,11,13,1.45895511047625,0.0430014960069792,0.999999999979333
"R-HSA-4085001",0.00378714676743293,20,1.04080027102277,0.459102845526715,0.600866634562471,127027,14,20,1.20695377321217,0.195558602518039,0.999999999979333
"R-HSA-428157",0.00691196344787969,36,1.02648026729386,0.460021024701417,0.601534584605134,48069,24,49,0.844515759681984,0.922539365670786,0.999999999979333
"R-HSA-69601",0.0010727445192296,6,1.10231186772539,0.461346158869824,0.601667183318294,76699,5,10,0.862109838008692,0.798469920419436,0.999999999979333
"R-HSA-69610",0.0010727445192296,6,1.10231186772539,0.461346158869824,0.601667183318294,76699,5,10,0.862109838008692,0.798469920419436,0.999999999979333
"R-HSA-69613",0.0010727445192296,6,1.10231186772539,0.461346158869824,0.601667183318294,76699,5,10,0.862109838008692,0.798469920419436,0.999999999979333
"R-HSA-391251",0.00672313739032648,35,1.02599582872314,0.462310195646979,0.602362884119431,107635,26,40,1.1207427894113,0.231422082095391,0.999999999979333
"R-HSA-5654732",0.00165538248345005,9,1.0715037398363,0.46307046556457,0.602362884119431,86252,8,15,0.919583827209272,0.737119637232479,0.999999999979333
"R-HSA-196849",0.00926896866217956,48,1.02060892224969,0.463104752943346,0.602362884119431,74308,28,60,0.804635848808113,0.971571377854587,0.999999999979333
"R-HSA-73728",0.000884139828684073,5,1.11454751105768,0.46530178916193,0.604687347148763,28979,4,14,0.492634193147824,0.993905798458742,0.999999999979333
"R-HSA-176407",0.00107905347894855,6,1.09586692194015,0.466855709711076,0.606172686464645,84814,3,6,0.862109838008692,0.792050245313599,0.999999999979333
"R-HSA-9646399",0.00419656504814179,22,1.03318539577071,0.467788781357161,0.606850002200363,172354,16,23,1.19945716592514,0.181056867714897,0.999999999979333
"R-HSA-390648",0.000889009902853089,5,1.10844192210268,0.469995044076153,0.60900791652391,185605,5,5,1.72421967601738,0.0655656671514847,0.999999999979333
"R-HSA-1234176",0.00186025764906024,10,1.05944017591822,0.470277977573379,0.60900791652391,64180,9,16,0.969873567759779,0.657268445061902,0.999999999979333
"R-HSA-622323",0.000893769293518263,5,1.10253938307477,0.474568977796712,0.614025651096623,74813,3,6,0.862109838008692,0.792050245313599,0.999999999979333
"R-HSA-9027276",0.00186800549432913,10,1.05504598190777,0.475404292607093,0.614567337068767,187929,3,7,0.738951289721736,0.88314662289656,0.999999999979333
"R-HSA-446652",0.0079503960809185,41,1.01635312891961,0.479578232724813,0.619420221776794,83638,26,56,0.800530563865214,0.970244271740798,0.999999999979333
"R-HSA-6806834",0.0073759486959823,38,1.01534876859691,0.484355085731326,0.624877821885083,121622,21,40,0.905215329909127,0.807390135918246,0.999999999979333
"R-HSA-198203",0.00149090679674192,8,1.05752107121945,0.48490268029427,0.624877821885083,238254,3,5,1.03453180561043,0.647443346545997,0.999999999979333
"R-HSA-9020702",0.00541386222338809,28,1.01929611560609,0.4850746481752,0.624877821885083,82823,19,40,0.819004346108258,0.933460644286026,0.999999999979333
"R-HSA-71403",0.00149599823791862,8,1.05392193173468,0.488668852827731,0.628189550450187,223381,6,13,0.795793696623408,0.873781608211603,0.999999999979333
"R-HSA-141405",0.00110451068483204,6,1.0706089409755,0.488923121299536,0.628189550450187,84814,3,7,0.738951289721736,0.88314662289656,0.999999999979333
"R-HSA-141430",0.00110451068483204,6,1.0706089409755,0.488923121299536,0.628189550450187,84814,3,7,0.738951289721736,0.88314662289656,0.999999999979333
"R-HSA-8854691",0.0014994294265377,8,1.0515102110671,0.491202681713115,0.630141736549821,66664,6,10,1.03453180561043,0.582186721293556,0.999999999979333
"R-HSA-9840310",0.00208848703398094,11,1.03803127565442,0.491296947140539,0.630141736549821,45406,8,16,0.862109838008692,0.816970829403056,0.999999999979333
"R-HSA-2467813",0.0107488071085374,55,1.00844439675034,0.493265075484982,0.631616848140624,160857,38,65,1.00800534905632,0.522562512574337,0.999999999979333
"R-HSA-5419276",0.00287832451739225,15,1.02707235358532,0.493465508614395,0.631616848140624,58550,14,27,0.894039832009014,0.801101436523582,0.999999999979333
"R-HSA-9748787",0.00189611910430481,10,1.03940289747577,0.493914741873287,0.631616848140624,82160,6,11,0.940483459645846,0.707644869719751,0.999999999979333
"R-HSA-453279",0.0091771013539913,47,1.00935018479961,0.494159893392732,0.631616848140624,121057,32,61,0.904508682500923,0.843652109275177,0.999999999979333
"R-HSA-2214320",0.00131071405248833,7,1.05254245276644,0.497104562920971,0.634830502431543,136219,4,7,0.985268386295648,0.670588408536318,0.999999999979333
"R-HSA-379716",0.00111923159084293,6,1.05652755359914,0.501548215157468,0.6399512260876,119027,4,8,0.862109838008692,0.793892158845739,0.999999999979333
"R-HSA-8862803",0.00112089184340055,6,1.05496263671319,0.502965243284262,0.640451408057639,176680,5,12,0.718424865007244,0.924095686025412,0.999999999979333
"R-HSA-8863678",0.00112089184340055,6,1.05496263671319,0.502965243284262,0.640451408057639,176680,5,12,0.718424865007244,0.924095686025412,0.999999999979333
"R-HSA-69541",0.00112188799493512,6,1.05402590982582,0.503814769232132,0.640451408057639,76699,5,10,0.862109838008692,0.798469920419436,0.999999999979333
"R-HSA-1430728",0.16788994075112,852,1.00014842652108,0.503938478309952,0.640451408057639,98265,544,981,0.956142205661016,0.959506882494364,0.999999999979333
"R-HSA-373080",0.0105909724320597,54,1.00486439744114,0.50411124390164,0.640451408057639,86029,27,50,0.931078625049388,0.764586649067842,0.999999999979333
"R-HSA-3000157",0.00230918994064044,12,1.02416782073474,0.505762698131465,0.641996540227118,57974,6,13,0.795793696623408,0.873781608211603,0.999999999979333
"R-HSA-4411364",0.00172035370020488,9,1.03103711850941,0.508238407150965,0.644350850537679,118136,6,8,1.29316475701304,0.274865168599789,0.999999999979333
"R-HSA-6783783",0.00172112848473176,9,1.03057298604448,0.508770611675455,0.644350850537679,55741,8,12,1.14947978401159,0.382347174845054,0.999999999979333
"R-HSA-8939902",0.00310511501676302,16,1.01552782699978,0.508927959916201,0.644350850537679,208134,12,19,1.08898084801098,0.416628437008111,0.999999999979333
"R-HSA-6784531",0.00212246686966021,11,1.02141281499391,0.512411878100631,0.648205420410318,35507,9,20,0.775898854207823,0.919210627813868,0.999999999979333
"R-HSA-9660821",0.00531004109678498,27,1.00211005313132,0.521433717947316,0.659052899719187,147194,15,25,1.03453180561043,0.504257206645462,0.999999999979333
"R-HSA-69618",0.00709448054571395,36,1.0000723861018,0.522229491156732,0.659493578301523,176043,23,42,0.944215536866663,0.721496905202575,0.999999999979333
"R-HSA-210747",0.00114468879672642,6,1.03303100193333,0.523110875679006,0.660041524060337,53866,4,5,1.37937574081391,0.303173156057517,0.999999999979333
"R-HSA-442720",0.00194338096044504,10,1.0141252441427,0.524633690865548,0.661397174381781,241884,4,6,1.14947978401159,0.502836447778396,0.999999999979333
"R-HSA-190872",0.00234383387734275,12,1.00902971495981,0.526188571369576,0.662790899035119,121953,8,11,1.25397794619446,0.250808000336091,0.999999999979333
"R-HSA-5610783",0.00214559972196304,11,1.01040041992898,0.526641905747605,0.662795913803513,105243,8,14,0.985268386295648,0.635708550431751,0.999999999979333
"R-HSA-389957",0.00235014283706171,12,1.0063209741435,0.529880836203689,0.666303694288526,143155,8,11,1.25397794619446,0.250808000336091,0.999999999979333
"R-HSA-180292",0.00115531441309519,6,1.0235300461769,0.532000056173755,0.668398707714045,106845,3,9,0.574739892005795,0.966677337372012,0.999999999979333
"R-HSA-168325",0.00156285107423875,8,1.00883915221855,0.537315343351356,0.67450223952617,45091,6,14,0.738951289721736,0.921224204160507,0.999999999979333
"R-HSA-622312",0.00116350499237944,6,1.01632483085944,0.538804400274248,0.67579633537799,120851,4,8,0.862109838008692,0.793892158845739,0.999999999979333
"R-HSA-9734009",0.00116649344698316,6,1.0137210951698,0.541276399250424,0.678033656643896,176680,5,13,0.66316141385284,0.955541984659042,0.999999999979333
"R-HSA-9843940",0.00277018673413933,14,0.996021074449435,0.541622742748937,0.678033656643896,56561,11,32,0.592700513630976,0.997994368901523,0.999999999979333
"R-HSA-3595172",0.00136849084149347,7,1.00810479825786,0.541967241480104,0.678033656643896,44410,4,5,1.37937574081391,0.303173156057517,0.999999999979333
"R-HSA-177929",0.00317141443556394,16,0.994297897555298,0.542503257215447,0.678129071519309,129548,11,25,0.758656657447649,0.946761032488103,0.999999999979333
"R-HSA-75067",0.00137502116822011,7,1.00331705108752,0.54693544026089,0.683090410148021,90158,5,10,0.862109838008692,0.798469920419436,0.999999999979333
"R-HSA-8852276",0.00359533225527601,18,0.986695190283639,0.554112326150427,0.690961167900751,110165,14,21,1.14947978401159,0.282698181326392,0.999999999979333
"R-HSA-9824439",0.00599340104950098,30,0.986500823837419,0.554174279068874,0.690961167900751,147723,14,30,0.804635848808113,0.924872288561783,0.999999999979333
"R-HSA-1483213",0.000980213110018296,5,1.00530775952221,0.554946656256664,0.691339795590017,117408,3,6,0.862109838008692,0.792050245313599,0.999999999979333
"R-HSA-68867",0.00400408643496182,20,0.984410163459613,0.557866946092697,0.694055971650804,89093,15,32,0.808227973133149,0.926501273773928,0.999999999979333
"R-HSA-4608870",0.00260073028975834,13,0.985139138939214,0.558452095821794,0.694055971650804,82548,10,20,0.862109838008692,0.829720221626758,0.999999999979333
"R-HSA-9639288",0.00460620469585833,23,0.984088460791815,0.558538602270851,0.694055971650804,166973,11,21,0.903162687437678,0.772598663897106,0.999999999979333
"R-HSA-9668328",0.0028041665698186,14,0.983951665732009,0.559723739915565,0.694943195602238,156116,8,13,1.06105826216454,0.514985024423345,0.999999999979333
"R-HSA-69205",0.00199994023090793,10,0.985445295072083,0.560548409895347,0.695381753234345,89574,6,11,0.940483459645846,0.707644869719751,0.999999999979333
"R-HSA-9759476",0.00601841552136911,30,0.982400608919033,0.563242818016682,0.695985885311169,186618,11,16,1.18540102726195,0.271694075247948,0.999999999979333
"R-HSA-9764260",0.00601841552136911,30,0.982400608919033,0.563242818016682,0.695985885311169,186618,11,16,1.18540102726195,0.271694075247948,0.999999999979333
"R-HSA-389960",0.00261035975459254,13,0.981505018133256,0.56373108715482,0.695985885311169,136128,9,11,1.41072518946877,0.0942932604787829,0.999999999979333
"R-HSA-1227990",0.0016008155160563,8,0.984913837331534,0.564132434227868,0.695985885311169,80910,4,9,0.766319856007726,0.876743229237134,0.999999999979333
"R-HSA-9664565",0.0016008155160563,8,0.984913837331534,0.564132434227868,0.695985885311169,80910,4,9,0.766319856007726,0.876743229237134,0.999999999979333
"R-HSA-140534",0.000990728042883217,5,0.994638087177828,0.564312288457758,0.695985885311169,56645,3,8,0.646582378506519,0.936699301327053,0.999999999979333
"R-HSA-1839117",0.00180403042910888,9,0.983214303515045,0.564546944695185,0.695985885311169,244672,4,12,0.574739892005795,0.978284286043348,0.999999999979333
"R-HSA-3928663",0.00241068671366288,12,0.981047440036224,0.56481024048642,0.695985885311169,94548,11,21,0.903162687437678,0.772598663897106,0.999999999979333
"R-HSA-9617828",0.00301745368172073,15,0.979715961961199,0.565998894401317,0.696473817820512,105361,9,12,1.29316475701304,0.185038413081609,0.999999999979333
"R-HSA-390696",0.00321900834221568,16,0.979596934932846,0.566150581401216,0.696473817820512,119647,4,7,0.985268386295648,0.670588408536318,0.999999999979333
"R-HSA-1237044",0.00180901118678173,9,0.980507215674971,0.567814240935434,0.697357206810795,131541,3,7,0.738951289721736,0.88314662289656,0.999999999979333
"R-HSA-1480926",0.00180901118678173,9,0.980507215674971,0.567814240935434,0.697357206810795,131541,3,7,0.738951289721736,0.88314662289656,0.999999999979333
"R-HSA-5368286",0.00282276139846393,14,0.977469923198073,0.569517867658287,0.698344347335745,60436,13,27,0.83017984400837,0.890734939854569,0.999999999979333
"R-HSA-451927",0.00181233169189697,9,0.978710756870143,0.569986564627979,0.698344347335745,97721,7,18,0.670529874006761,0.969460323790041,0.999999999979333
"R-HSA-419037",0.00583700525857327,29,0.979168537740949,0.570038368943889,0.698344347335745,204859,15,20,1.29316475701304,0.0918958358154243,0.999999999979333
"R-HSA-9670095",0.00120301900325077,6,0.98294292225545,0.571000645048969,0.698942698296455,28339,5,14,0.61579274143478,0.974607418269339,0.999999999979333
"R-HSA-400511",0.00120788907741979,6,0.97897980591904,0.574892125014094,0.703122623877105,10488,2,5,0.689687870406954,0.896733065508406,0.999999999979333
"R-HSA-9857377",0.00141553133062601,7,0.974603778689517,0.577220369203367,0.705385289623005,53749,5,5,1.72421967601738,0.0655656671514847,0.999999999979333
"R-HSA-5358346",0.00243935374115777,12,0.969518274149869,0.58099062319932,0.709404941406454,46971,10,16,1.07763729751087,0.461189164029393,0.999999999979333
"R-HSA-2024101",0.00101098312408617,5,0.97471047934407,0.582064722309447,0.710128590079764,29027,4,6,1.14947978401159,0.502836447778396,0.999999999979333
"R-HSA-9008059",0.0014232791758949,7,0.969298368898066,0.58290130387296,0.710561506787287,34674,5,10,0.862109838008692,0.798469920419436,0.999999999979333
"R-HSA-69306",0.00768176721709573,38,0.974926760216394,0.58410539586437,0.711441336829022,99248,26,51,0.879013952479451,0.876705204985811,0.999999999979333
"R-HSA-418885",0.00204045039331383,10,0.965880718017764,0.58558033425174,0.712649334176004,138586,6,11,0.940483459645846,0.707644869719751,0.999999999979333
"R-HSA-2500257",0.00869230760716654,43,0.974951261987026,0.586747446831209,0.713481025619154,182217,30,50,1.03453180561043,0.445776456738844,0.999999999979333
"R-HSA-456926",0.00347048126294305,17,0.965403245489322,0.589947594037655,0.716781467220379,80729,8,19,0.72598723200732,0.948333964888709,0.999999999979333
"R-HSA-8957275",0.00890825112316086,44,0.973441287228429,0.591335633157084,0.717565658329679,51911,27,60,0.775898854207823,0.984755243316321,0.999999999979333
"R-HSA-8951671",0.00122958304417268,6,0.961707320370374,0.592008996514594,0.717565658329679,149221,4,6,1.14947978401159,0.502836447778396,0.999999999979333
"R-HSA-9696264",0.00327224710756334,16,0.96365910088797,0.592052478770996,0.717565658329679,163697,11,20,0.948320821809561,0.693665920557335,0.999999999979333
"R-HSA-141424",0.00610585548940371,30,0.968331969726682,0.594461145393208,0.719302862555358,194289,20,37,0.932010635685073,0.744784837422025,0.999999999979333
"R-HSA-141444",0.00610585548940371,30,0.968331969726682,0.594461145393208,0.719302862555358,194289,20,37,0.932010635685073,0.744784837422025,0.999999999979333
"R-HSA-8963889",0.00287932066892682,14,0.958269218548491,0.598766463832948,0.723295169391398,35831,6,11,0.940483459645846,0.707644869719751,0.999999999979333
"R-HSA-9837999",0.00308452788504854,15,0.958411674859559,0.599565818329587,0.723295169391398,124100,10,31,0.556199895489479,0.99896382127553,0.999999999979333
"R-HSA-73621",0.00103157025580065,5,0.955258102824972,0.599701057486587,0.723295169391398,54235,4,6,1.14947978401159,0.502836447778396,0.999999999979333
"R-HSA-8875878",0.00430271052832557,21,0.96189286353297,0.599722028586902,0.723295169391398,85638,11,24,0.790267351507968,0.920739680958675,0.999999999979333
"R-HSA-1236978",0.0014474081797323,7,0.953139689964076,0.600348739046872,0.723459469031156,78970,6,11,0.940483459645846,0.707644869719751,0.999999999979333
"R-HSA-1169091",0.00267942626098949,13,0.956205153158242,0.600841561559064,0.723462288407852,77851,10,21,0.821056988579707,0.881648910471897,0.999999999979333
"R-HSA-389958",0.00288529757813425,14,0.956284158789338,0.601806135371831,0.724032666944087,129140,10,13,1.32632282770568,0.134189477180714,0.999999999979333
"R-HSA-400042",0.00492209541582132,24,0.960972037058195,0.604564919375583,0.726758969909523,92089,10,17,1.01424686824552,0.574916047300429,0.999999999979333
"R-HSA-5358351",0.0103632964646582,51,0.96988845761992,0.605607589590711,0.72741953961425,146274,33,58,0.981021539802995,0.621676353298203,0.999999999979333
"R-HSA-451326",0.00412130026552973,20,0.956412570788638,0.608725158578915,0.730569250532058,123568,10,16,1.07763729751087,0.461189164029393,0.999999999979333
"R-HSA-69052",0.00351564013251029,17,0.953002511170787,0.610826220968183,0.732338424279438,105601,13,22,1.018857081283,0.54906192922064,0.999999999979333
"R-HSA-9617324",0.00290477787481032,14,0.94987103533457,0.611640883326048,0.732338424279438,102973,8,10,1.37937574081391,0.136979098621685,0.999999999979333
"R-HSA-3928665",0.00534623460254107,26,0.958461941437403,0.611854062873262,0.732338424279438,97745,15,30,0.862109838008692,0.858437034810752,0.999999999979333
"R-HSA-9834899",0.00615798741971295,30,0.960134321481997,0.612667252413024,0.732338424279438,109349,10,12,1.43684973001449,0.0640448762778409,0.999999999979333
"R-HSA-1250196",0.0016724277430416,8,0.942740491682725,0.612736971110511,0.732338424279438,136416,4,9,0.766319856007726,0.876743229237134,0.999999999979333
"R-HSA-442660",0.00270300184730768,13,0.947865130324504,0.613178273888207,0.732338424279438,55074,7,14,0.862109838008692,0.810524813613065,0.999999999979333
"R-HSA-156590",0.00147419358766189,7,0.935821587631221,0.619263352825533,0.739007641923674,39784,6,13,0.795793696623408,0.873781608211603,0.999999999979333
"R-HSA-210500",0.00126843295402097,6,0.932251886735993,0.621726105888232,0.741346811790738,54526,4,10,0.689687870406954,0.9289254351156,0.999999999979333
"R-HSA-975576",0.00333655422329511,16,0.945086006258151,0.622442090850302,0.741601037160093,126102,13,17,1.31852092871918,0.0946047550975339,0.999999999979333
"R-HSA-9856649",0.00902978161037857,44,0.960339885774961,0.626365612298229,0.745225479358933,134448,20,30,1.14947978401159,0.219607254957641,0.999999999979333
"R-HSA-2022377",0.00190165327949688,9,0.932740232407411,0.626494640274628,0.745225479358933,261459,4,9,0.766319856007726,0.876743229237134,0.999999999979333
"R-HSA-72306",0.00518596488897891,25,0.950079557596868,0.627734060278524,0.746098097430156,46049,20,40,0.862109838008692,0.882051924657239,0.999999999979333
"R-HSA-69166",0.00252834327824615,12,0.935394354681476,0.629478491025475,0.74696763818389,101935,7,8,1.50869221651521,0.0868704416559742,0.999999999979333
"R-HSA-69183",0.00252834327824615,12,0.935394354681476,0.629478491025475,0.74696763818389,101935,7,8,1.50869221651521,0.0868704416559742,0.999999999979333
"R-HSA-77595",0.00128359659404722,6,0.921238822281149,0.632982631722428,0.750522011085676,101619,4,9,0.766319856007726,0.876743229237134,0.999999999979333
"R-HSA-69239",0.00683050038905252,33,0.952162244311798,0.634306659085474,0.751487808956686,112025,22,35,1.08379522492521,0.343258008633979,0.999999999979333
"R-HSA-68875",0.00643115430719321,31,0.949997146730658,0.636530097417019,0.753516768611639,97829,21,46,0.787143765138371,0.967097858022371,0.999999999979333
"R-HSA-428542",0.00128979487026233,6,0.916811689864797,0.637526646550667,0.754091261958488,364890,3,10,0.517265902805215,0.982856724053331,0.999999999979333
"R-HSA-174417",0.00337341183007426,16,0.934760078044883,0.639367218202627,0.755662377282752,123181,10,14,1.23158548286956,0.23000748493728,0.999999999979333
"R-HSA-1538133",0.00129543972895824,6,0.912816697026186,0.64163570587878,0.757736321994556,83263,5,11,0.783736216371538,0.874157462669172,0.999999999979333
"R-HSA-427359",0.00172057506721256,8,0.91635952584921,0.643758224782312,0.759317732909794,40345,7,17,0.709972807771864,0.949881754064943,0.999999999979333
"R-HSA-8948751",0.00420641587998366,20,0.937059837735895,0.644004395844171,0.759317732909794,161238,11,19,0.998232444010065,0.599689118670169,0.999999999979333
"R-HSA-9013420",0.00380264245797071,18,0.932903128012092,0.647029679251065,0.762275380906806,97145,13,24,0.933952324509417,0.723659766055626,0.999999999979333
"R-HSA-446219",0.00626125512879686,30,0.944298699110333,0.647687440479219,0.762441320596048,91334,20,34,1.01424686824552,0.53400698351511,0.999999999979333
"R-HSA-399719",0.00277804526291206,13,0.922260422632563,0.65118814068697,0.765340643436878,80699,8,17,0.811397494596416,0.876576106611498,0.999999999979333
"R-HSA-399721",0.00277804526291206,13,0.922260422632563,0.65118814068697,0.765340643436878,80699,8,17,0.811397494596416,0.876576106611498,0.999999999979333
"R-HSA-354192",0.00173728827629259,8,0.907543885660422,0.654188526030838,0.768254837496406,76115,5,13,0.66316141385284,0.955541984659042,0.999999999979333
"R-HSA-5625886",0.00131469865862662,6,0.899444908401623,0.655442363818559,0.769025547547932,36334,5,16,0.538818648755433,0.99221849812552,0.999999999979333
"R-HSA-982772",0.00237039791826466,11,0.914578452573927,0.655887551739185,0.769025547547932,254674,5,13,0.66316141385284,0.955541984659042,0.999999999979333
"R-HSA-2022923",0.00132344265543008,6,0.893502268294261,0.66160106176469,0.775108471884764,81915,4,7,0.985268386295648,0.670588408536318,0.999999999979333
"R-HSA-372708",0.00132720589456068,6,0.890968778416686,0.664230301199538,0.777550746628072,93452,3,7,0.738951289721736,0.88314662289656,0.999999999979333
"R-HSA-9840309",0.00238722181084853,11,0.908132981283532,0.664739994235931,0.777550746628072,64889,7,11,1.09723070292015,0.477638264271726,0.999999999979333
"R-HSA-6807878",0.00591525849578905,28,0.932897309332203,0.668634637335957,0.781486600689808,147396,22,42,0.903162687437678,0.815214140252904,0.999999999979333
"R-HSA-372790",0.0707264269040606,351,0.978081254507732,0.674329944722246,0.787021962928311,113670,182,350,0.89659423152904,0.990996527571886,0.999999999979333
"R-HSA-5368287",0.00324424418109149,15,0.911228431475767,0.674437804163651,0.787021962928311,58550,14,29,0.832381912560117,0.893869170144635,0.999999999979333
"R-HSA-69206",0.00778935158282945,37,0.936159727682169,0.678115441708739,0.790678607849384,131437,28,51,0.946630410362486,0.724324706938883,0.999999999979333
"R-HSA-1483166",0.00346251205066648,16,0.910706059478054,0.678643469516827,0.790678607849384,84490,9,16,0.969873567759779,0.657268445061902,0.999999999979333
"R-HSA-5619084",0.00241588883834342,11,0.897357041293958,0.679521079520839,0.790700663506728,66670,10,20,0.862109838008692,0.829720221626758,0.999999999979333
"R-HSA-1660516",0.00177979074176764,8,0.885871195853606,0.679891755554926,0.790700663506728,67406,4,9,0.766319856007726,0.876743229237134,0.999999999979333
"R-HSA-112315",0.0251975423834807,123,0.962047386608128,0.680270604739009,0.790700663506728,115261,77,140,0.948320821809561,0.791621353436661,0.999999999979333
"R-HSA-69186",0.00305552880704213,14,0.903007152478463,0.683592808407582,0.793936529449751,130611,8,10,1.37937574081391,0.136979098621685,0.999999999979333
"R-HSA-9665686",0.00136550238688976,6,0.865980920968994,0.690246297974057,0.80070240217311,105229,3,7,0.738951289721736,0.88314662289656,0.999999999979333
"R-HSA-112314",0.0196159946517731,95,0.954471154617528,0.690504037670641,0.80070240217311,117912,59,103,0.987659814417725,0.599938945768066,0.999999999979333
"R-HSA-445717",0.00536925677134006,25,0.91764641499987,0.692818589569119,0.802755239288649,161329,16,28,0.985268386295648,0.6149229057692,0.999999999979333
"R-HSA-3000171",0.00641156332701331,30,0.922161222054869,0.695807705356568,0.805585844113766,77690,17,33,0.88823437855441,0.824733341508904,0.999999999979333
"R-HSA-159418",0.00223768839715898,10,0.880744474286861,0.696911485461389,0.806230934161215,77616,3,11,0.470241729822923,0.991344963309317,0.999999999979333
"R-HSA-9604323",0.00159450655633735,7,0.865209476999877,0.697755982008557,0.806575292682305,76331,6,14,0.738951289721736,0.921224204160507,0.999999999979333
"R-HSA-6805567",0.00393977931923004,18,0.900430393762704,0.702694078415458,0.811647428083633,44679,14,36,0.670529874006761,0.993436433032936,0.999999999979333
"R-HSA-8956321",0.00161166249943275,7,0.855999431746462,0.708034774429811,0.816208230178642,92462,5,11,0.783736216371538,0.874157462669172,0.999999999979333
"R-HSA-163359",0.00479082478026557,22,0.905027822766991,0.708187946956056,0.816208230178642,174246,12,20,1.03453180561043,0.522799008035217,0.999999999979333
"R-HSA-5389840",0.00311164534348965,14,0.88672199520935,0.708302735341466,0.816208230178642,60436,13,27,0.83017984400837,0.890734939854569,0.999999999979333
"R-HSA-549127",0.00117446265925973,5,0.839035483774266,0.709604556648127,0.816885815462562,44090,5,7,1.23158548286956,0.377022477209955,0.999999999979333
"R-HSA-5632681",0.00183236540609224,8,0.860453568669645,0.70999838333763,0.816885815462562,69910,4,7,0.985268386295648,0.670588408536318,0.999999999979333
"R-HSA-5578749",0.00438450563766427,20,0.89899836097531,0.712330554254772,0.817970498369452,56711,13,30,0.747161859607533,0.964423993228725,0.999999999979333
"R-HSA-977443",0.00750057832130757,35,0.919650541987149,0.712595364952331,0.817970498369452,149339,19,33,0.992732540737282,0.592606698618208,0.999999999979333
"R-HSA-438066",0.00312260301036994,14,0.883610359113868,0.712987396472925,0.817970498369452,103119,8,11,1.25397794619446,0.250808000336091,0.999999999979333
"R-HSA-8866904",0.00183889573281888,8,0.85739790714614,0.713604659897319,0.817970498369452,25463,6,9,1.14947978401159,0.432849728123215,0.999999999979333
"R-HSA-73980",0.00140191725965354,6,0.843487022105991,0.713713919594227,0.817970498369452,19732,3,8,0.646582378506519,0.936699301327053,0.999999999979333
"R-HSA-196757",0.00184066666888034,8,0.856572990338303,0.714577507591091,0.81832439728017,91094,2,6,0.574739892005795,0.94907447560581,0.999999999979333
"R-HSA-2029481",0.00119604594250877,5,0.823894643561793,0.724200649673681,0.828375860332377,71212,3,7,0.738951289721736,0.88314662289656,0.999999999979333
"R-HSA-140877",0.00293676540742044,13,0.872416023354114,0.72447787107035,0.828375860332377,89224,8,17,0.811397494596416,0.876576106611498,0.999999999979333
"R-HSA-442755",0.00963101440324435,45,0.920852387718742,0.730238553670242,0.833823823631193,116355,30,48,1.07763729751087,0.315428008078966,0.999999999979333
"R-HSA-9694548",0.00422467865811747,19,0.886358588636045,0.730373139072204,0.833823823631193,58146,13,19,1.17972925201189,0.248159911349906,0.999999999979333
"R-HSA-432040",0.00528502662491685,24,0.894980554314811,0.733418189464415,0.836652613658169,180760,14,24,1.00579481101014,0.57294797440713,0.999999999979333
"R-HSA-9648025",0.00903686535462441,42,0.915969506821661,0.736164549568452,0.839136561525091,177325,28,49,0.985268386295648,0.607720088991857,0.999999999979333
"R-HSA-8941858",0.00189102766312812,8,0.833761125509276,0.74132224235712,0.84436317179672,91363,6,14,0.738951289721736,0.921224204160507,0.999999999979333
"R-HSA-6782315",0.00233342962798168,10,0.844607297061829,0.743635299959871,0.846344187840131,41997,8,15,0.919583827209272,0.737119637232479,0.999999999979333
"R-HSA-9679506",0.0361738040924119,175,0.953440077906339,0.749801014257314,0.852602502420218,103887,116,194,1.03097671349493,0.331424511593998,0.999999999979333
"R-HSA-3595177",0.00123677747192236,5,0.796760830349806,0.750290202129792,0.852602502420218,66586,4,5,1.37937574081391,0.303173156057517,0.999999999979333
"R-HSA-425986",0.00147507905569262,6,0.801651281008065,0.757071079605824,0.859645760137483,285952,3,5,1.03453180561043,0.647443346545997,0.999999999979333
"R-HSA-5635838",0.00193563311517615,8,0.814547622902903,0.763518375187578,0.865890564007441,73965,4,10,0.689687870406954,0.9289254351156,0.999999999979333
"R-HSA-194068",0.00325033177380276,14,0.848886993506792,0.764098761663996,0.865890564007441,64065,7,22,0.548615351460077,0.996529247675819,0.999999999979333
"R-HSA-5362798",0.00126002100772903,5,0.78206302866556,0.764331874127246,0.865890564007441,5519,4,6,1.14947978401159,0.502836447778396,0.999999999979333
"R-HSA-9662360",0.00686901824838928,31,0.889439803635807,0.766518376116977,0.867338366590034,100475,22,39,0.972636740317499,0.644559468855695,0.999999999979333
"R-HSA-9696270",0.00390380718048163,17,0.858242664086127,0.766785918666715,0.867338366590034,46192,11,22,0.862109838008692,0.835872104312386,0.999999999979333
"R-HSA-418594",0.0298547721746099,143,0.943999606364125,0.768896321470829,0.868487590878943,123692,83,146,0.980207076092075,0.644889234278278,0.999999999979333
"R-HSA-1592389",0.00282873830767136,12,0.83606108870325,0.768979521144339,0.868487590878943,38073,7,13,0.928425979393976,0.723116682022408,0.999999999979333
"R-HSA-442742",0.00391664646692722,17,0.855429230834728,0.771129786047261,0.870249758546068,104930,10,15,1.14947978401159,0.34275473354099,0.999999999979333
"R-HSA-9733709",0.00435340357308487,19,0.860150029737852,0.773675658945902,0.872048167679154,134209,9,14,1.1084269345826,0.424442379917041,0.999999999979333
"R-HSA-112310",0.00413978441067122,18,0.856927968183077,0.773905797621703,0.872048167679154,62181,13,30,0.747161859607533,0.964423993228725,0.999999999979333
"R-HSA-9682385",0.00128171497448192,5,0.768826037852222,0.776889827096016,0.874742362569941,83335,5,14,0.61579274143478,0.974607418269339,0.999999999979333
"R-HSA-6785631",0.0017402767308963,7,0.792737246432629,0.777545591180464,0.874812926766732,149787,4,8,0.862109838008692,0.793892158845739,0.999999999979333
"R-HSA-5387390",0.00219208679357637,9,0.809159804745858,0.779017444210859,0.875800861441324,60790,7,12,1.00579481101014,0.611045789469066,0.999999999979333
"R-HSA-1963642",0.00151868835620608,6,0.778631777712593,0.780516997934098,0.876557731872153,100856,3,8,0.646582378506519,0.936699301327053,0.999999999979333
"R-HSA-1296065",0.00329626542789689,14,0.83705770294216,0.780879226901701,0.876557731872153,63890,8,18,0.766319856007726,0.919115430211219,0.999999999979333
"R-HSA-9027283",0.00152300501285589,6,0.77642489985425,0.782741710465931,0.877980245579657,298257,2,5,0.689687870406954,0.896733065508406,0.999999999979333
"R-HSA-190840",0.00220293377695282,9,0.805175598301348,0.783706894622033,0.878394885689589,153599,7,10,1.20695377321217,0.333291732676322,0.999999999979333
"R-HSA-449147",0.0338525496498527,162,0.943133492868566,0.786026524904896,0.879970132600198,101492,103,204,0.870561895244072,0.988050060007314,0.999999999979333
"R-HSA-69002",0.00588924787238635,26,0.870087744236006,0.786305515096313,0.879970132600198,104849,20,42,0.821056988579707,0.93522671706313,0.999999999979333
"R-HSA-9022699",0.00243370888246187,10,0.809805850311873,0.787066669628223,0.880154160501615,121656,7,11,1.09723070292015,0.477638264271726,0.999999999979333
"R-HSA-9864848",0.00199374195469281,8,0.790807129813245,0.790339033999137,0.883120198245085,64054,7,16,0.754346108257606,0.91969707570176,0.999999999979333
"R-HSA-422356",0.00927904086102911,42,0.892063439105391,0.790916462292717,0.883120198245085,134883,23,45,0.881267834408885,0.861860250634767,0.999999999979333
"R-HSA-68949",0.00245850198732231,10,0.80163925070491,0.796935598433853,0.889167933199647,125077,9,15,1.03453180561043,0.546973849481116,0.999999999979333
"R-HSA-9620244",0.00312614488249286,13,0.819565725380779,0.798012489867774,0.889696464516226,110808,7,11,1.09723070292015,0.477638264271726,0.999999999979333
"R-HSA-388396",0.0640928324683418,311,0.956313884544795,0.79972287736712,0.89092994268618,118573,161,313,0.886898938782105,0.992689942050681,0.999999999979333
"R-HSA-180024",0.00202406923474532,8,0.778958212354458,0.803407603873019,0.894359408085059,184210,4,9,0.766319856007726,0.876743229237134,0.999999999979333
"R-HSA-1296041",0.00315326234093397,13,0.8125176154886,0.807273150978088,0.896632453081837,61883,7,15,0.804635848808113,0.874754342946077,0.999999999979333
"R-HSA-1296059",0.00315326234093397,13,0.8125176154886,0.807273150978088,0.896632453081837,61883,7,15,0.804635848808113,0.874754342946077,0.999999999979333
"R-HSA-997272",0.00315326234093397,13,0.8125176154886,0.807273150978088,0.896632453081837,61883,7,15,0.804635848808113,0.874754342946077,0.999999999979333
"R-HSA-5362768",0.00203934355827542,8,0.773123952744965,0.80975200962386,0.898708964781936,58906,6,10,1.03453180561043,0.582186721293556,0.999999999979333
"R-HSA-390466",0.00643713121640064,28,0.857265224090253,0.816402028720518,0.905077706456285,113134,23,37,1.07181223103783,0.367351051102021,0.999999999979333
"R-HSA-9796292",0.0029594555257079,12,0.799132816365808,0.816717577825977,0.905077706456285,123086,6,10,1.03453180561043,0.582186721293556,0.999999999979333
"R-HSA-9694516",0.0278177529699151,131,0.928108577988886,0.817732825756026,0.905522460953557,115424,79,133,1.0241605594389,0.406348170670725,0.999999999979333
"R-HSA-6809371",0.00319421523735524,13,0.802100362024142,0.820664765204481,0.908087418362048,44161,10,30,0.574739892005795,0.998217653100236,0.999999999979333
"R-HSA-6811436",0.00408256103918528,17,0.820664735321071,0.822329237711228,0.909247095670211,151645,13,23,0.974558947314174,0.642024212246024,0.999999999979333
"R-HSA-201556",0.00230144209537155,9,0.770711774779576,0.822995060560753,0.909301658671993,65387,7,15,0.804635848808113,0.874754342946077,0.999999999979333
"R-HSA-392518",0.00300848831790959,12,0.786108430300172,0.832598969383963,0.919224161557893,29739,10,17,1.01424686824552,0.574916047300429,0.999999999979333
"R-HSA-438064",0.00928844895885562,41,0.869941792088748,0.83386693388615,0.919935473060636,126029,27,41,1.13546173786511,0.194790487262656,0.999999999979333
"R-HSA-6814122",0.00324867152124514,13,0.788655049151808,0.837382597536303,0.923123566043383,76798,10,18,0.957899820009658,0.67642783297527,0.999999999979333
"R-HSA-1855167",0.00189113834663196,7,0.729498286647561,0.842482278866424,0.927856683684201,46804,5,7,1.23158548286956,0.377022477209955,0.999999999979333
"R-HSA-8874081",0.00349195386268826,14,0.790149147399932,0.842934207550393,0.927856683684201,101944,7,18,0.670529874006761,0.969460323790041,0.999999999979333
"R-HSA-381426",0.0104252792268093,46,0.869600284198157,0.847173566089279,0.931827747935635,52066,28,66,0.731487135280103,0.996300938895918,0.999999999979333
"R-HSA-186763",0.00260792471750803,10,0.755708812352834,0.849348262164928,0.93352361154491,78628,7,15,0.804635848808113,0.874754342946077,0.999999999979333
"R-HSA-9609736",0.00463442898933786,19,0.807991711916343,0.851125880240246,0.934780843897515,102767,14,20,1.20695377321217,0.195558602518039,0.999999999979333
"R-HSA-442982",0.00308707360563689,12,0.766097065146067,0.855836933531631,0.939255563213658,114676,6,9,1.14947978401159,0.432849728123215,0.999999999979333
"R-HSA-202733",0.00985049979136159,43,0.86031942040324,0.857152990604073,0.940000491554652,59160,30,60,0.862109838008692,0.917144563924755,0.999999999979333
"R-HSA-427413",0.00642263167739743,27,0.828514825839267,0.859016900855037,0.941344672185126,130914,18,35,0.886741547666083,0.831755079178603,0.999999999979333
"R-HSA-176187",0.00194526258001034,7,0.709201008572417,0.861713393141399,0.942853341459165,209308,6,11,0.940483459645846,0.707644869719751,0.999999999979333
"R-HSA-5687128",0.0096684254275427,42,0.856136623705941,0.862056779446547,0.942853341459165,130337,16,28,0.985268386295648,0.6149229057692,0.999999999979333
"R-HSA-446193",0.00795504478807983,34,0.842336897882839,0.862311293307399,0.942853341459165,81654,24,40,1.03453180561043,0.464950940667979,0.999999999979333
"R-HSA-166663",0.00196994500136694,7,0.700315076169245,0.869823375482546,0.950362576916115,53796,6,10,1.03453180561043,0.582186721293556,0.999999999979333
"R-HSA-9861718",0.00268684205574685,10,0.733512298111533,0.872392330900106,0.95246386978361,59281,10,20,0.862109838008692,0.829720221626758,0.999999999979333
"R-HSA-9013406",0.0112471042428308,49,0.858627703386524,0.874598296680454,0.954166041126974,154246,29,40,1.2500592651126,0.0421297096796869,0.999999999979333
"R-HSA-5250941",0.00673332027267988,28,0.81955536217643,0.875967951346964,0.954953975045656,126424,19,37,0.885410103900819,0.838408052346213,0.999999999979333
"R-HSA-5632684",0.00499127260572212,20,0.789711100417229,0.880037791175008,0.958682231893011,114972,13,27,0.83017984400837,0.890734939854569,0.999999999979333
"R-HSA-425397",0.00432717158267449,17,0.774273404842504,0.88171025081556,0.959795291478193,54444,12,24,0.862109838008692,0.841829250877049,0.999999999979333
"R-HSA-68616",0.00177779843869849,6,0.66514796550831,0.885766832231502,0.963014112917168,82710,5,15,0.574739892005795,0.985809071585612,0.999999999979333
"R-HSA-3371497",0.00389716617025115,15,0.758563378443232,0.886556045345276,0.963014112917168,124292,13,24,0.933952324509417,0.723659766055626,0.999999999979333
"R-HSA-9635486",0.00320827204234308,12,0.73715632526009,0.886625874807806,0.963014112917168,144571,5,14,0.61579274143478,0.974607418269339,0.999999999979333
"R-HSA-888590",0.00203524826863329,7,0.6778446663944,0.889401166927963,0.965317675657649,59622,4,12,0.574739892005795,0.978284286043348,0.999999999979333
"R-HSA-5689901",0.00252037406596958,9,0.703763995125015,0.890462813929874,0.965759301872473,89611,7,13,0.928425979393976,0.723116682022408,0.999999999979333
"R-HSA-381676",0.00484107509100951,19,0.773501782652366,0.893887146223343,0.968760867508766,83567,13,22,1.018857081283,0.54906192922064,0.999999999979333
"R-HSA-9637690",0.00278214055255419,10,0.708386817180835,0.896329531759886,0.970694610386073,152825,4,11,0.626988973097231,0.960221419370703,0.999999999979333
"R-HSA-166786",0.00157580104418818,5,0.62534280524891,0.900296931809699,0.973595481660201,78746,4,6,1.14947978401159,0.502836447778396,0.999999999979333
"R-HSA-75105",0.00487771133078097,19,0.76769205041297,0.900328296260688,0.973595481660201,86412,13,21,1.06737408515362,0.448466603193471,0.999999999979333
"R-HSA-975578",0.001591960835749,5,0.618995030127841,0.90490429953748,0.977826990342699,122817,4,6,1.14947978401159,0.502836447778396,0.999999999979333
"R-HSA-420029",0.00184863588115691,6,0.639660317446682,0.905718413110558,0.977990233776042,191768,5,14,0.61579274143478,0.974607418269339,0.999999999979333
"R-HSA-182971",0.00210320793999183,7,0.655941886415126,0.907082031314063,0.978746156684889,207564,5,13,0.66316141385284,0.955541984659042,0.999999999979333
"R-HSA-9671555",0.00185859739650262,6,0.636231933182139,0.908267974115131,0.979309401915072,99171,4,10,0.689687870406954,0.9289254351156,0.999999999979333
"R-HSA-380108",0.00260615378144657,9,0.680600099082295,0.910322584236936,0.980807751460541,196971,4,13,0.530529131082272,0.988391975547484,0.999999999979333
"R-HSA-416993",0.00187342898601735,6,0.631195003071871,0.911953297017736,0.981636019847825,100247,4,11,0.626988973097231,0.960221419370703,0.999999999979333
"R-HSA-452723",0.00333256961715683,12,0.709662002855922,0.912422361499233,0.981636019847825,151801,11,15,1.26442776241275,0.173633860635425,0.999999999979333
"R-HSA-9659379",0.00787645950035253,32,0.800697497502936,0.914495228001913,0.983149024273194,97371,23,44,0.901296648827269,0.822619808288437,0.999999999979333
"R-HSA-400508",0.00359732455834515,13,0.712218527050082,0.917625695856649,0.985795995184674,76126,6,12,0.862109838008692,0.804243949970436,0.999999999979333
"R-HSA-3296482",0.0031313470071734,11,0.692326610594296,0.919048065040696,0.986605455556788,130918,6,12,0.862109838008692,0.804243949970436,0.999999999979333
"R-HSA-196741",0.00290798769642171,10,0.67773040903808,0.922111426243447,0.988798585597568,37475,5,12,0.718424865007244,0.924095686025412,0.999999999979333
"R-HSA-70268",0.00386152608201426,14,0.71452692763473,0.922431765276104,0.988798585597568,56536,14,30,0.804635848808113,0.924872288561783,0.999999999979333
"R-HSA-420092",0.00363827745476642,13,0.704201708121283,0.924386648051631,0.990174514071282,99332,6,14,0.738951289721736,0.921224204160507,0.999999999979333
"R-HSA-352230",0.00340949465232651,12,0.693650605245714,0.925779485532588,0.990946836836406,40854,9,17,0.912822181420968,0.749914892543558,0.999999999979333
"R-HSA-392170",0.00274439747774431,9,0.646316190078311,0.935882979837205,1,36742,6,11,0.940483459645846,0.707644869719751,0.999999999979333
"R-HSA-210991",0.00348199234734254,12,0.679208278838773,0.936741342720835,1,43400,10,15,1.14947978401159,0.34275473354099,0.999999999979333
"R-HSA-381771",0.00348265644836559,12,0.679078761925599,0.936834946689434,1,79104,5,10,0.862109838008692,0.798469920419436,0.999999999979333
"R-HSA-69091",0.00226048919895028,7,0.610302488648104,0.938941900327885,1,223970,5,6,1.43684973001449,0.203341510197078,0.999999999979333
"R-HSA-69109",0.00226048919895028,7,0.610302488648104,0.938941900327885,1,223970,5,6,1.43684973001449,0.203341510197078,0.999999999979333
"R-HSA-202040",0.00325575526549099,11,0.66587156689863,0.938974630273487,1,89603,8,14,0.985268386295648,0.635708550431751,0.999999999979333
"R-HSA-983169",0.0333627751453551,150,0.886091616653768,0.941169212584008,1,111884,96,163,1.01549134293048,0.440222230801385,0.999999999979333
"R-HSA-2032785",0.00279564394002282,9,0.634468680536532,0.943602374973921,1,159988,6,11,0.940483459645846,0.707644869719751,0.999999999979333
"R-HSA-1251985",0.00330002866702749,11,0.656938190183573,0.944961609392141,1,206542,6,17,0.608548120947312,0.983613739997563,0.999999999979333
"R-HSA-174411",0.00255867055829866,8,0.616204906749404,0.945699920166868,1,201101,6,9,1.14947978401159,0.432849728123215,0.999999999979333
"R-HSA-375280",0.00819113270177326,32,0.769937643636294,0.946345420095904,1,181676,17,28,1.04684766043913,0.464355436487034,0.999999999979333
"R-HSA-9824585",0.00753876413013281,29,0.758136453822535,0.948414637397087,1,117119,16,24,1.14947978401159,0.258920572540752,0.999999999979333
"R-HSA-392451",0.00286161130831222,9,0.619842574959067,0.952329124274051,1,133422,6,14,0.738951289721736,0.921224204160507,0.999999999979333
"R-HSA-428930",0.00260947428656181,8,0.604208043320579,0.952579282919611,1,34778,7,13,0.928425979393976,0.723116682022408,0.999999999979333
"R-HSA-418346",0.00782067501441653,30,0.756008280873679,0.952802759229254,1,98256,20,46,0.749660728703211,0.983650680778216,0.999999999979333
"R-HSA-4641257",0.00262364177505349,8,0.600945360670181,0.954353759913084,1,101208,7,14,0.862109838008692,0.810524813613065,0.999999999979333
"R-HSA-5662702",0.00183247608959608,5,0.537750997724616,0.954433513507923,1,98486,2,5,0.689687870406954,0.896733065508406,0.999999999979333
"R-HSA-418592",0.00264611052633327,8,0.59584259126306,0.95704643491231,1,33474,7,14,0.862109838008692,0.810524813613065,0.999999999979333
"R-HSA-418555",0.0152080241112945,63,0.816426878486634,0.957305234122734,1,125655,37,81,0.787606518674608,0.990709031939007,0.999999999979333
"R-HSA-75876",0.00367314275847642,12,0.643862268546645,0.959195487938277,1,96394,7,12,1.00579481101014,0.611045789469066,0.999999999979333
"R-HSA-5620920",0.00395383612421788,13,0.647998833986191,0.962337173355353,1,66194,10,20,0.862109838008692,0.829720221626758,0.999999999979333
"R-HSA-2980736",0.0106735423259253,42,0.775515086681544,0.962462321813293,1,140944,22,39,0.972636740317499,0.644559468855695,0.999999999979333
"R-HSA-5620916",0.00243492640100412,7,0.566580650286842,0.962620079896854,1,69726,6,11,0.940483459645846,0.707644869719751,0.999999999979333
"R-HSA-73772",0.00517733157567929,18,0.685197961903186,0.963444370441929,1,153962,11,24,0.790267351507968,0.920739680958675,0.999999999979333
"R-HSA-113501",0.00192843868742646,5,0.510991535230944,0.966525355415915,1,168126,4,7,0.985268386295648,0.670588408536318,0.999999999979333
"R-HSA-977606",0.00453005444521554,15,0.652585431855605,0.969006307597735,1,59401,9,22,0.705362594734385,0.966479685200325,0.999999999979333
"R-HSA-2892247",0.00251782834538123,7,0.547925431935125,0.970643182433481,1,112840,6,8,1.29316475701304,0.274865168599789,0.999999999979333
"R-HSA-416476",0.0210000918673082,88,0.825868714772946,0.97182764103308,1,105711,51,105,0.837478128351301,0.980145368155489,0.999999999979333
"R-HSA-1266695",0.00308463856855238,9,0.575026370985386,0.973619409153825,1,248977,5,20,0.431054919004346,0.999394283339579,0.999999999979333
"R-HSA-9662361",0.00700438417358715,25,0.703427896775495,0.973780543020691,1,107550,17,35,0.837478128351301,0.903132126813567,0.999999999979333
"R-HSA-73864",0.00607010471766298,21,0.68182457198827,0.974443308560842,1,138988,14,33,0.731487135280103,0.976142448955504,0.999999999979333
"R-HSA-73854",0.00607010471766298,21,0.68182457198827,0.974443308560842,1,138988,14,33,0.731487135280103,0.976142448955504,0.999999999979333
"R-HSA-204174",0.00201621070597259,5,0.488746460162974,0.974917393651978,1,34346,5,11,0.783736216371538,0.874157462669172,0.999999999979333
"R-HSA-9764302",0.00261157727313479,7,0.528256313865659,0.977796384466947,1,105180,4,5,1.37937574081391,0.303173156057517,0.999999999979333
"R-HSA-68962",0.0031579110480953,9,0.56168413069965,0.978439689963591,1,187552,8,15,0.919583827209272,0.737119637232479,0.999999999979333
"R-HSA-3296469",0.00206812126927415,5,0.476478753991369,0.978911617928944,1,58820,3,7,0.738951289721736,0.88314662289656,0.999999999979333
"R-HSA-397795",0.00343461980769848,10,0.573813639156246,0.979266599566236,1,121418,7,18,0.670529874006761,0.969460323790041,0.999999999979333
"R-HSA-392851",0.00266669765804774,7,0.517337306506464,0.981212307687273,1,41954,5,10,0.862109838008692,0.798469920419436,0.999999999979333
"R-HSA-264876",0.00403197867792982,12,0.586560152739348,0.983151684219972,1,151520,7,12,1.00579481101014,0.611045789469066,0.999999999979333
"R-HSA-1236394",0.00605317014157527,20,0.651173400013073,0.983974327111027,1,198792,11,28,0.677372015578258,0.985633860899648,0.999999999979333
"R-HSA-8964616",0.00273399322838324,7,0.504603365275099,0.984720548444404,1,38817,5,11,0.783736216371538,0.874157462669172,0.999999999979333
"R-HSA-168256",0.171643550416889,813,0.933496283938361,0.985764944908612,1,110939,495,886,0.963305575201586,0.917525218455669,0.999999999979333
"R-HSA-8964315",0.00251229417018917,6,0.470684933562185,0.987434602834716,1,43056,4,10,0.689687870406954,0.9289254351156,0.999999999979333
"R-HSA-9717189",0.00666934520745963,22,0.650113254790335,0.987807880869149,1,188932,9,19,0.816735636008235,0.878939945029669,0.999999999979333
"R-HSA-73762",0.00518596488897891,16,0.608050916861996,0.987921886008586,1,180241,10,19,0.90748404000915,0.761693071092046,0.999999999979333
"R-HSA-390522",0.0052304596575231,16,0.602878315106059,0.989143808105125,1,93551,13,18,1.24526976601256,0.162520532833692,0.999999999979333
"R-HSA-9754189",0.00447183492219503,13,0.572937338440045,0.989440034292149,1,136940,8,13,1.06105826216454,0.514985024423345,0.999999999979333
"R-HSA-388844",0.00422346113957522,12,0.559966802347842,0.989798611639899,1,139998,7,16,0.754346108257606,0.91969707570176,0.999999999979333
"R-HSA-500657",0.00286792026803117,7,0.48103923915172,0.98995929861165,1,77480,5,11,0.783736216371538,0.874157462669172,0.999999999979333
"R-HSA-392154",0.00291628895920981,7,0.47306086707379,0.991394864357312,1,111372,6,17,0.608548120947312,0.983613739997563,0.999999999979333
"R-HSA-418217",0.00262917595024555,6,0.449760319188115,0.99147501024842,1,43056,4,10,0.689687870406954,0.9289254351156,0.999999999979333
"R-HSA-166658",0.00612876697469886,19,0.610984269480047,0.992223350114205,1,65991,12,28,0.738951289721736,0.964591697497814,0.999999999979333
"R-HSA-5250913",0.00523776476877663,15,0.564410138096154,0.994389538482627,1,79001,14,34,0.709972807771864,0.984254423006056,0.999999999979333
"R-HSA-6785807",0.0142179601694343,52,0.720801343577714,0.994749672197312,1,112944,32,61,0.904508682500923,0.843652109275177,0.999999999979333
"R-HSA-162909",0.00983987417499283,33,0.660958104194212,0.995634886956837,1,51522,27,43,1.08264956401092,0.316880482144948,0.999999999979333
"R-HSA-5250924",0.00463398625532249,12,0.510359310291852,0.996728199342935,1,87044,11,27,0.702459868007083,0.97736729670607,0.999999999979333
"R-HSA-73863",0.00449828827961309,11,0.48194218007242,0.997843242584335,1,241125,6,11,0.940483459645846,0.707644869719751,0.999999999979333
"R-HSA-8852135",0.00922768371524676,29,0.619376658346008,0.997975694966747,1,69222,15,34,0.76068515118414,0.964553914597573,0.999999999979333
"R-HSA-113510",0.00304800232878092,6,0.387958697871831,0.998004299841116,1,207622,5,9,0.957899820009658,0.690328320856496,0.999999999979333
"R-HSA-9827857",0.00351575081601413,7,0.392400444706593,0.998850815153923,1,112589,6,10,1.03453180561043,0.582186721293556,0.999999999979333
"R-HSA-373076",0.0305259569419033,119,0.768293592473482,0.998970475937493,1,118891,70,144,0.838162342508451,0.991157792823525,0.999999999979333
"R-HSA-8866654",0.00823153218067533,23,0.550676689314403,0.999430492067535,1,66580,11,24,0.790267351507968,0.920739680958675,0.999999999979333
"R-HSA-9717207",0.0055227747911679,13,0.46391194556095,0.999457651166312,1,170819,7,16,0.754346108257606,0.91969707570176,0.999999999979333
"R-HSA-9619665",0.00791398120815472,21,0.522966436511107,0.999674391013576,1,169400,9,16,0.969873567759779,0.657268445061902,0.999999999979333
"R-HSA-9705683",0.0187299732035237,64,0.673429838108792,0.99972524580939,1,128928,42,79,0.916673751806711,0.838645156311561,0.999999999979333
"R-HSA-9033658",0.00342897494900258,5,0.287379132289501,0.999867208962117,1,32613,4,9,0.766319856007726,0.876743229237134,0.999999999979333
"R-HSA-500792",0.0452654577814377,178,0.77500164184169,0.999870844155714,1,114414,100,205,0.841082768788968,0.99711307928741,0.999999999979333
"R-HSA-420499",0.00414852840747468,5,0.237533830963121,0.999993006595815,1,313512,3,11,0.470241729822923,0.991344963309317,0.999999999979333
"R-HSA-375276",0.0173397883952774,50,0.568297503420043,0.99999641738965,1,123707,29,77,0.649381436422132,0.99990061113557,0.999999999979333
"R-HSA-1280218",0.0794704237075211,318,0.788626068027732,0.9999979002625,1,112496,188,336,0.964741961581156,0.7971998050597,0.999999999979333
"R-HSA-6803157",0.00819367842236161,16,0.384849214603285,0.999998157592075,1,58949,12,26,0.795793696623408,0.921944622319856,0.999999999979333
"R-HSA-9709957",0.0371530210508956,129,0.68429775276502,0.999998741619283,1,123400,76,181,0.723981742416139,0.999995701591727,0.999999999979333
"R-HSA-2172127",0.00972343512895182,20,0.405377660227378,0.999999337532904,1,114146,9,19,0.816735636008235,0.878939945029669,0.999999999979333
"R-HSA-164952",0.00704600117103147,11,0.307680173114928,0.999999641747672,1,65230,9,12,1.29316475701304,0.185038413081609,0.999999999979333
"R-HSA-9705671",0.0159818124866488,40,0.493268630856487,0.999999868026555,1,67355,28,54,0.894039832009014,0.854405382120656,0.999999999979333
"R-HSA-1461973",0.00644897435131165,7,0.213922727635119,0.999999988132081,1,86147,6,12,0.862109838008692,0.804243949970436,0.999999999979333
"R-HSA-1461957",0.00605195262303302,6,0.195391320494431,0.999999988345985,1,89694,5,9,0.957899820009658,0.690328320856496,0.999999999979333
"R-HSA-9753281",0.00578930066841768,5,0.170213278239723,0.999999994143985,1,187870,4,9,0.766319856007726,0.876743229237134,0.999999999979333
"R-HSA-1236975",0.0148992171355773,29,0.38360484660471,0.999999999760758,1,149195,23,38,1.04360664601052,0.443181516406601,0.999999999979333
"R-HSA-1280215",0.0809567924806055,293,0.713286270072521,0.999999999914459,1,104736,182,345,0.909588350826562,0.980387587773954,0.999999999979333
"R-HSA-1236974",0.0138994130453791,23,0.326122612116073,0.999999999989041,1,171885,17,28,1.04684766043913,0.464355436487034,0.999999999979333
"R-HSA-198933",0.0200026121306907,40,0.394114864218095,0.999999999999208,1,49661,27,51,0.912822181420968,0.809881333962922,0.999999999979333
"R-HSA-909733",0.0147100590275126,20,0.267957006465779,0.999999999999988,1,110366,17,35,0.837478128351301,0.903132126813567,0.999999999979333
"R-HSA-9752946",0.0160029530358825,21,0.25862392658183,1,1,102960,15,72,0.359212432503622,0.999999999979333,0.999999999979333
"R-HSA-913531",0.045097218855599,106,0.463239562315635,1,1,108914,63,123,0.883136907228416,0.947369516011338,0.999999999979333
"R-HSA-211859",0.0314912277789031,66,0.413051191644545,1,1,91684,42,89,0.813676701041912,0.985019762410894,0.999999999979333
"R-HSA-202403",0.0228579144792839,38,0.327639708009541,1,1,134542,23,47,0.843767075497869,0.919993096560446,0.999999999979333
"R-HSA-2132295",0.0245468340643979,40,0.321154522135632,1,1,155194,28,58,0.832381912560117,0.948529569460083,0.999999999979333
"R-HSA-381753",0.018194929145955,25,0.270794087072844,1,1,101122,17,76,0.385680717003889,0.999999999954782,0.999999999979333
"R-HSA-877300",0.03541506867358,42,0.233727998055929,1,1,127507,25,53,0.813311167932729,0.958386212744114,0.999999999979333
"R-HSA-202424",0.0211565983417397,21,0.195624385555367,1,1,141975,16,38,0.72598723200732,0.983800785217512,0.999999999979333
"R-HSA-388841",0.0205368814037325,20,0.19193096091166,1,1,98883,15,33,0.783736216371538,0.948513629037157,0.999999999979333
"R-HSA-202433",0.0194224092035547,18,0.182649691218698,1,1,112547,9,18,0.862109838008692,0.823401952111848,0.999999999979333
"R-HSA-9748784",0.0249937740529089,22,0.173476390998952,1,1,92163,19,43,0.761864508007682,0.97623964576136,0.999999999979333
"R-HSA-156580",0.0245660929940663,18,0.144406236865151,1,1,79888,15,38,0.680613030006862,0.993176520950774,0.999999999979333
"R-HSA-1236977",0.0119800504052677,5,0.0822547328393131,1,1,63380,5,9,0.957899820009658,0.690328320856496,0.999999999979333
"R-HSA-9749641",0.0212858766742264,6,0.0555532211654671,1,1,86747,7,19,0.635238828006405,0.98178403314915,0.999999999979333
