"id","genome_fraction","observed_region_hits","fold_enrichment","p_value","p_adjust","mean_tss_dist","observed_gene_hits","gene_set_size","fold_enrichment_hyper","p_value_hyper","p_adjust_hyper"
"R-HSA-674695",0.00680088236857492,24,2.7166696284498,1.68294066087427e-05,0.00702626403294304,129406,10,31,1.47952288618603,0.118422733117848,0.773483054426523
"R-HSA-2173782",0.00270876521554244,14,3.97875796259168,1.89387170699273e-05,0.00702626403294304,113535,9,17,2.4281581485053,0.00475460479307521,0.693915618271441
"R-HSA-8948216",0.00501036517301866,19,2.91927541579504,4.85244318234601e-05,0.0103009993568324,129939,9,24,1.71994535519126,0.0588712779050359,0.753146348371321
"R-HSA-1251985",0.00506272258544623,19,2.88908499861243,5.55309938373716e-05,0.0103009993568324,176609,5,16,1.43328779599271,0.258523849276556,0.892207889131184
"R-HSA-1442490",0.00428692925104981,17,3.05276556385832,6.98411025068513e-05,0.0103644196120167,138377,8,29,1.26524715784184,0.287739991824985,0.900525865220288
"R-HSA-375165",0.00909397756870249,27,2.28560266863553,9.53457544103919e-05,0.0108649496104665,137983,13,35,1.70356492323705,0.0278215143460636,0.71641104617306
"R-HSA-1236394",0.00765414872694413,24,2.41382173726634,0.000102499524627042,0.0108649496104665,244496,8,26,1.4112372145159,0.188566406459334,0.799547113584116
"R-HSA-5362517",0.0040789613565088,16,3.0196822119738,0.000127170781894614,0.0117950900207255,93121,9,19,2.1725625539258,0.0118272759721535,0.693915618271441
"R-HSA-1655829",0.00602801254451709,20,2.55415175412613,0.000182539709096874,0.0150493849055423,115036,9,28,1.47423887587822,0.13705193720684,0.773483054426523
"R-HSA-419037",0.00564303938765747,19,2.59197834162572,0.000218228035567591,0.0161925202391153,170885,9,24,1.71994535519126,0.0588712779050359,0.753146348371321
"R-HSA-3000480",0.00122880455004518,8,5.01184954561132,0.000252888148663977,0.0170584551189701,124672,4,6,3.05768063145112,0.0230980762894285,0.71641104617306
"R-HSA-112382",0.00540663371073194,18,2.5629280018582,0.000359472811536365,0.0188413107067803,118260,5,21,1.09202879694683,0.496178188229511,0.924537093828172
"R-HSA-75955",0.00540663371073194,18,2.5629280018582,0.000359472811536365,0.0188413107067803,118260,5,21,1.09202879694683,0.496178188229511,0.924537093828172
"R-HSA-167172",0.00687476744804125,21,2.35153870692781,0.000376906577942204,0.0188413107067803,166058,10,27,1.69871146191729,0.0516841756824318,0.753146348371321
"R-HSA-167242",0.00239089990963695,11,3.54178454473479,0.000380889030460518,0.0188413107067803,151665,2,9,1.01922687715037,0.616482123379327,0.932016404990625
"R-HSA-1650814",0.0084640939775687,24,2.1828385443653,0.000432255627950573,0.0200458547462078,115973,12,36,1.52884031572556,0.074441775919207,0.773483054426523
"R-HSA-113418",0.00336535906022431,13,2.973738626493,0.000604223062436793,0.0249074173515611,147777,3,12,1.14663023679417,0.504706732604915,0.924537093828172
"R-HSA-167158",0.00336535906022431,13,2.973738626493,0.000604223062436793,0.0249074173515611,147777,3,12,1.14663023679417,0.504706732604915,0.924537093828172
"R-HSA-1483115",0.000814197629298889,6,5.67299323669021,0.000786231645838464,0.0297744978761697,14966,2,5,1.83460837887067,0.299989147301495,0.900525865220288
"R-HSA-948021",0.0166369000159464,38,1.75833669250034,0.000802547112565222,0.0297744978761697,98966,26,74,1.61148033279181,0.00571133104883881,0.693915618271441
"R-HSA-167238",0.00308084834954553,12,2.9984842616633,0.000898442269492206,0.0303020074528735,145899,3,10,1.37595628415301,0.377084061829277,0.919307919618497
"R-HSA-167243",0.00308084834954553,12,2.9984842616633,0.000898442269492206,0.0303020074528735,145899,3,10,1.37595628415301,0.377084061829277,0.919307919618497
"R-HSA-167287",0.0031264285334609,12,2.95476937656318,0.00101649968313011,0.031426781870106,145899,3,11,1.25086934923,0.442336217723005,0.922619280789563
"R-HSA-167290",0.0031264285334609,12,2.95476937656318,0.00101649968313011,0.031426781870106,145899,3,11,1.25086934923,0.442336217723005,0.922619280789563
"R-HSA-1474290",0.0102972678467017,26,1.94375797122005,0.00134203513741515,0.0384012588265134,109396,13,45,1.32499494029549,0.16433804303618,0.794742036173938
"R-HSA-167169",0.00417636740551746,14,2.58059699342843,0.00144910410666088,0.0384012588265134,143112,4,15,1.22307225258045,0.419938859200025,0.922619280789563
"R-HSA-167200",0.00417636740551746,14,2.58059699342843,0.00144910410666088,0.0384012588265134,143112,4,15,1.22307225258045,0.419938859200025,0.922619280789563
"R-HSA-167246",0.00417636740551746,14,2.58059699342843,0.00144910410666088,0.0384012588265134,143112,4,15,1.22307225258045,0.419938859200025,0.922619280789563
"R-HSA-167152",0.00422194758943284,14,2.5527368452195,0.0015995379872602,0.0409261098809334,143112,4,16,1.14663023679417,0.473743862507848,0.922619280789563
"R-HSA-2025928",0.00300124913623558,11,2.82150929948498,0.00230124391971487,0.0569174329476144,85294,2,6,1.52884031572556,0.388893045673,0.919307919618497
"R-HSA-2022090",0.00711821612714612,19,2.05481761335803,0.00311989469694374,0.0746761891978146,117909,8,28,1.3104345563362,0.253145395787625,0.892207889131184
"R-HSA-9692916",0.00188074735555201,8,3.27454057431413,0.00367101493933375,0.0807126031090631,80544,7,13,2.46966512540283,0.0113781794144412,0.693915618271441
"R-HSA-3000178",0.00778809865518524,20,1.9769213894359,0.00377154614654729,0.0807126031090631,128880,11,34,1.48387442408657,0.102650889250951,0.773483054426523
"R-HSA-9707564",0.00466897889757083,14,2.30832509775064,0.00388922879722076,0.0807126031090631,99502,8,22,1.66782579897334,0.0860310605586603,0.773483054426523
"R-HSA-8866904",0.00149896348269813,7,3.59499123712184,0.00389817808226856,0.0807126031090631,324907,3,6,2.29326047358834,0.122181350558484,0.773483054426523
"R-HSA-6807878",0.00836243554988572,21,1.93320255310275,0.00391597535300037,0.0807126031090631,60800,14,42,1.52884031572556,0.0566918830843706,0.753146348371321
"R-HSA-186797",0.00732791155052357,19,1.99601697876716,0.00422750786686199,0.0847786712759891,123271,7,31,1.03566602033022,0.528442811964507,0.932016404990625
"R-HSA-373753",0.00239555094881199,9,2.89219750051597,0.00474021840272476,0.0925590014426782,152227,6,11,2.50173869846001,0.0177687287697539,0.693915618271441
"R-HSA-199977",0.0125660447562855,28,1.71534024892597,0.00504073638680413,0.0959032410002223,67402,19,60,1.45239829993928,0.0487721345988114,0.753146348371321
"R-HSA-162599",0.0144413437516611,31,1.65251319910501,0.00555038399812324,0.101002961826753,158533,15,58,1.18616921047673,0.270667409646428,0.900525865220288
"R-HSA-6796648",0.0053884282145325,15,2.14298931916946,0.00558102619258338,0.101002961826753,149114,5,17,1.34897674916961,0.305433703579954,0.900525865220288
"R-HSA-1433559",0.00294370913729868,10,2.61514607869876,0.00596651668622372,0.105408461456619,348289,2,7,1.3104345563362,0.47232702215742,0.922619280789563
"R-HSA-5607763",0.00345412746505076,11,2.45157494436457,0.00643591396553511,0.107199479276797,85294,2,8,1.14663023679417,0.548449792893634,0.932016404990625
"R-HSA-216083",0.00709030989209589,18,1.9543310721119,0.00646486824770787,0.107199479276797,132284,9,42,0.982825917252147,0.584042869130104,0.932016404990625
"R-HSA-6811438",0.00656035719980864,17,1.99485936416442,0.0065927621492976,0.107199479276797,80266,6,21,1.3104345563362,0.299941317186444,0.900525865220288
"R-HSA-3700989",0.0323041248073141,59,1.40599857676413,0.00664578982039443,0.107199479276797,171058,39,147,1.21683208802647,0.0984985959378172,0.773483054426523
"R-HSA-5607764",0.00880016477967363,21,1.83704307361798,0.00680492753050854,0.107430983566752,105056,12,37,1.48752030719244,0.089215949298739,0.773483054426523
"R-HSA-1428517",0.0209064210917982,41,1.50971514593913,0.00728730105229625,0.11110456531063,190383,23,85,1.24105860923604,0.147582242421568,0.775052304991164
"R-HSA-983705",0.00944200818582895,22,1.79369731127098,0.0074103301728734,0.11110456531063,85042,12,37,1.48752030719244,0.089215949298739,0.773483054426523
"R-HSA-111471",0.00129166002232499,6,3.57597011946512,0.00748683054653843,0.11110456531063,294406,3,9,1.52884031572556,0.310336636193712,0.900525865220288
"R-HSA-2871809",0.00457662254823792,13,2.18669949813982,0.00807790345533244,0.1152925023142,102124,4,13,1.4112372145159,0.309606601725307,0.900525865220288
"R-HSA-75893",0.00308217721788125,10,2.49765956434142,0.00807979800584691,0.1152925023142,114729,9,24,1.71994535519126,0.0588712779050359,0.753146348371321
"R-HSA-72163",0.0118865943762292,26,1.68386299938368,0.0083535734383593,0.11695002813703,75575,21,68,1.41642558662809,0.0511117392655118,0.753146348371321
"R-HSA-8864260",0.00312443523095732,10,2.46387869748787,0.0088274189288875,0.12129527491175,295774,5,17,1.34897674916961,0.305433703579954,0.900525865220288
"R-HSA-5653656",0.0662209642268644,108,1.25550690130882,0.00995575331018594,0.134312162839236,119078,73,281,1.19151611794982,0.0511284983368698,0.753146348371321
"R-HSA-72172",0.0121716366342423,26,1.64442934506486,0.0110114031459723,0.142520512068845,75575,21,72,1.33773527625987,0.0872655652272921,0.773483054426523
"R-HSA-383280",0.00640115877318875,16,1.92420895778567,0.011241847839814,0.142520512068845,116942,10,28,1.63804319542024,0.0652383885149981,0.768363242509977
"R-HSA-2426168",0.00425689682666241,12,2.17009612044708,0.0112475056008312,0.142520512068845,98050,7,23,1.39589767957551,0.220046587003463,0.828804911454669
"R-HSA-9013700",0.00101738159783129,5,3.78335396651874,0.0113324935472532,0.142520512068845,89966,4,6,3.05768063145112,0.0230980762894285,0.71641104617306
"R-HSA-162587",0.0152705575931537,31,1.56277929059591,0.0115733220645122,0.143123416197801,158533,15,60,1.14663023679417,0.31986717433592,0.919307919618497
"R-HSA-9027276",0.00144129059692766,6,3.20472335987469,0.012315178561159,0.149739477640582,252846,2,5,1.83460837887067,0.299989147301495,0.900525865220288
"R-HSA-9824446",0.0577997926965396,95,1.26528445789951,0.0125119240077036,0.149739477640582,130677,69,297,1.0655553715663,0.292641178948068,0.900525865220288
"R-HSA-111461",0.00106017115824164,5,3.63065404458103,0.0133182911953396,0.156859874078444,335636,2,6,1.52884031572556,0.388893045673,0.919307919618497
"R-HSA-381119",0.00386421623345559,11,2.19140230162208,0.0138767846885005,0.160883972482303,51035,6,26,1.05842791088693,0.513803584254512,0.929859169553288
"R-HSA-5357905",0.00240086642215489,8,2.56515042609553,0.014561229763171,0.164013580080355,60525,7,19,1.68977087527562,0.0991451397136218,0.773483054426523
"R-HSA-975577",0.00193815446765534,7,2.78035660985495,0.0145888090098429,0.164013580080355,220499,4,7,2.62086911267239,0.0446790120205265,0.753146348371321
"R-HSA-975576",0.00341585605698187,10,2.2536750023472,0.0155138499002764,0.171810098895598,187343,7,13,2.46966512540283,0.0113781794144412,0.693915618271441
"R-HSA-75876",0.00244737681390528,8,2.5164018433115,0.0161307050753919,0.176014458322659,132445,3,12,1.14663023679417,0.504706732604915,0.924537093828172
"R-HSA-72203",0.01637591027481,32,1.50430319229641,0.0169682615171336,0.181982693073028,70911,25,93,1.23293573848836,0.143413681024643,0.773483054426523
"R-HSA-75105",0.00348097060543241,10,2.21151807350009,0.0174184170027573,0.181982693073028,116986,5,20,1.14663023679417,0.449455123695447,0.922619280789563
"R-HSA-5357801",0.0209019029394568,39,1.43638092546812,0.0177961820082873,0.181982693073028,138591,27,91,1.36083588542605,0.048054046455662,0.753146348371321
"R-HSA-2672351",0.0102851751448466,22,1.64665204601846,0.0179495717307201,0.181982693073028,111875,15,45,1.52884031572556,0.0495984752880309,0.753146348371321
"R-HSA-1989781",0.00969847977462393,21,1.66688822690494,0.0181492173684691,0.181982693073028,122143,12,52,1.05842791088693,0.465679065670085,0.922619280789563
"R-HSA-400206",0.00969847977462393,21,1.66688822690494,0.0181492173684691,0.181982693073028,122143,12,52,1.05842791088693,0.465679065670085,0.922619280789563
"R-HSA-5365859",0.00251382023069154,8,2.4498901912707,0.0185796032241869,0.183814207897956,83037,3,7,1.96565183450429,0.180308104461953,0.799547113584116
"R-HSA-2586552",0.00116010205708818,5,3.31791042012227,0.0188371630479198,0.183910197125744,277032,1,7,0.655217278168098,0.821354088224379,0.940501131886558
"R-HSA-2979096",0.00355684898740233,10,2.16433968225864,0.0198492169200397,0.191274272138565,109815,7,11,2.91869514820334,0.00330900405709644,0.693915618271441
"R-HSA-1482788",0.0025633870196141,8,2.40251802738558,0.0205717716468332,0.195695571307054,61207,4,11,1.66782579897334,0.203078312779333,0.827934659792664
"R-HSA-9861718",0.00209084143943018,7,2.57731671251649,0.0210272540182774,0.196286368694334,50254,6,16,1.71994535519126,0.114586339749142,0.773483054426523
"R-HSA-74749",0.00119638016265348,5,3.21730067396062,0.0211629508026236,0.196286368694334,277032,1,5,0.917304189435337,0.707726406600702,0.932016404990625
"R-HSA-556833",0.0626958751926859,100,1.22786856130121,0.0218159015230728,0.198008143271548,101524,65,317,0.940453821976292,0.737046001944044,0.93264820741984
"R-HSA-446203",0.0284534630308829,50,1.35277547743148,0.0218823015475296,0.198008143271548,94586,36,113,1.46119251414478,0.00808645521210261,0.693915618271441
"R-HSA-445095",0.00696619358953915,16,1.76813447591728,0.0225894490780454,0.201693725790228,55313,6,14,1.96565183450429,0.0635516316835313,0.768363242509977
"R-HSA-2122948",0.00472053898899697,12,1.95695349836449,0.022944113714185,0.201693725790228,101053,8,18,2.03845375430075,0.0267098777763669,0.71641104617306
"R-HSA-6799198",0.0105557327380003,22,1.60444614469543,0.023105076404541,0.201693725790228,272029,7,22,1.45934757410167,0.185875759505939,0.799547113584116
"R-HSA-5668541",0.00586110668154999,14,1.83882016753886,0.0237013703547767,0.201761595161707,103088,11,36,1.40143695608176,0.142334340385786,0.773483054426523
"R-HSA-204005",0.00586828257056291,14,1.83657161026877,0.0239133276963834,0.201761595161707,75539,9,24,1.71994535519126,0.0588712779050359,0.753146348371321
"R-HSA-9006335",0.00215303247754213,7,2.5028700873185,0.0241403379198604,0.201761595161707,233353,3,9,1.52884031572556,0.310336636193712,0.900525865220288
"R-HSA-9692914",0.00475867751023229,12,1.94126945329243,0.0242005147835471,0.201761595161707,88288,11,31,1.62747517480463,0.0569766401563983,0.753146348371321
"R-HSA-611105",0.0156099505660979,30,1.47948503257061,0.0245507323955598,0.202407149305615,242005,14,49,1.3104345563362,0.163439134158775,0.794742036173938
"R-HSA-1368082",0.00318994843990857,9,2.17194935812545,0.0257471205901094,0.205521992917026,112416,5,13,1.76404651814488,0.132865333619212,0.773483054426523
"R-HSA-5669034",0.00126362090044118,5,3.04609927097144,0.0259512380636072,0.205521992917026,74415,5,14,1.63804319542024,0.171372945805701,0.794742036173938
"R-HSA-428540",0.00126627863711263,5,3.03970594686404,0.02615352591524,0.205521992917026,83403,2,6,1.52884031572556,0.388893045673,0.919307919618497
"R-HSA-3000157",0.00268843353000585,8,2.29077024112836,0.0262618987671726,0.205521992917026,151537,5,13,1.76404651814488,0.132865333619212,0.773483054426523
"R-HSA-9006934",0.0702603253069686,110,1.20523955887806,0.0263134627050101,0.205521992917026,170345,62,257,1.10647587052511,0.19927223490271,0.827934659792664
"R-HSA-1482925",0.00172208047626641,6,2.68218454828312,0.02659265904449,0.205539093864704,64405,2,5,1.83460837887067,0.299989147301495,0.900525865220288
"R-HSA-8866652",0.00127704247063201,5,3.01408511630254,0.0269830753439758,0.206406617579691,221599,5,10,2.29326047358834,0.0461181790811607,0.753146348371321
"R-HSA-162582",0.278157391165683,393,1.08765909270475,0.0275288164243921,0.207892218963686,141147,277,1164,1.0914658955051,0.0406561349574444,0.753146348371321
"R-HSA-2691230",0.00377863711263488,10,2.03730318042324,0.0283680079237696,0.207892218963686,116990,6,11,2.50173869846001,0.0177687287697539,0.693915618271441
"R-HSA-2691232",0.00377863711263488,10,2.03730318042324,0.0283680079237696,0.207892218963686,116990,6,11,2.50173869846001,0.0177687287697539,0.693915618271441
"R-HSA-75153",0.00601073725615266,14,1.79304479814001,0.0284191680726993,0.207892218963686,104415,10,28,1.63804319542024,0.0652383885149981,0.768363242509977
"R-HSA-1482801",0.0017521129006538,6,2.63621005394015,0.0285781756526901,0.207892218963686,14538,3,9,1.52884031572556,0.310336636193712,0.900525865220288
"R-HSA-70326",0.00546563546483814,13,1.83102189924472,0.029347554184409,0.211416361211956,146283,6,29,0.948935368381383,0.630042193238743,0.932016404990625
"R-HSA-1168372",0.00721535640248764,16,1.70707673529911,0.0297217059927974,0.212052940833228,89148,7,26,1.23483256270142,0.332743349773908,0.919307919618497
"R-HSA-5663205",0.0820739648115665,126,1.18183264027606,0.0303998577116817,0.214825661162551,119265,91,394,1.05932336597228,0.279955447045598,0.900525865220288
"R-HSA-1266695",0.00232644979535428,7,2.31630211656677,0.0344542023604233,0.239132895630857,208922,2,13,0.705618607257952,0.811204240230693,0.939871619566263
"R-HSA-76046",0.00183423696380163,6,2.5181793495038,0.0344974591011988,0.239132895630857,80598,6,12,2.29326047358834,0.0290827013607793,0.719312146989941
"R-HSA-9013420",0.00447018019454632,11,1.89434250509434,0.0348064052939792,0.239132895630857,84341,8,23,1.59531163380059,0.107771010940171,0.773483054426523
"R-HSA-1430728",0.165572210705363,240,1.11587267565358,0.0355546893654486,0.241163076872258,115994,170,839,0.929330823623404,0.883690451408774,0.965682348962166
"R-HSA-3000171",0.00505541380959974,12,1.82732326899566,0.0357519386198765,0.241163076872258,147727,7,26,1.23483256270142,0.332743349773908,0.919307919618497
"R-HSA-1482839",0.0013917238080051,5,2.76571736538408,0.0368654919748337,0.242778740407978,20912,3,10,1.37595628415301,0.377084061829277,0.919307919618497
"R-HSA-1483206",0.0111008345293148,22,1.52566049437053,0.0368727897932953,0.242778740407978,96619,17,54,1.4439047426297,0.063239385414012,0.768363242509977
"R-HSA-109581",0.0161983734651571,30,1.42574118761899,0.0369730426766867,0.242778740407978,126810,21,77,1.25086934923001,0.151673529435919,0.775052304991164
"R-HSA-70268",0.00290955722107054,8,2.11667379530797,0.0388419988237457,0.252813711642275,50811,7,23,1.39589767957551,0.220046587003463,0.828804911454669
"R-HSA-8953854",0.0384842927762717,63,1.26022441278931,0.0392017213148579,0.252936323614127,71429,48,237,0.928915634871227,0.745075898196811,0.938618533891398
"R-HSA-6804756",0.00573366820815394,13,1.74542681335748,0.0403317822259858,0.257984331135185,133029,11,30,1.68172434729812,0.0454020261203552,0.753146348371321
"R-HSA-9013507",0.00404175304310849,10,1.90467584860545,0.0415042729196305,0.262169856518153,120700,7,13,2.46966512540283,0.0113781794144412,0.693915618271441
"R-HSA-167161",0.00297839260086111,8,2.06775410468335,0.0434594236546264,0.262169856518153,153731,6,17,1.61877209900354,0.145940198948401,0.773483054426523
"R-HSA-167162",0.00297839260086111,8,2.06775410468335,0.0434594236546264,0.262169856518153,153731,6,17,1.61877209900354,0.145940198948401,0.773483054426523
"R-HSA-73776",0.00297839260086111,8,2.06775410468335,0.0434594236546264,0.262169856518153,153731,6,17,1.61877209900354,0.145940198948401,0.773483054426523
"R-HSA-73779",0.00297839260086111,8,2.06775410468335,0.0434594236546264,0.262169856518153,153731,6,17,1.61877209900354,0.145940198948401,0.773483054426523
"R-HSA-75953",0.00297839260086111,8,2.06775410468335,0.0434594236546264,0.262169856518153,153731,6,17,1.61877209900354,0.145940198948401,0.773483054426523
"R-HSA-76042",0.00297839260086111,8,2.06775410468335,0.0434594236546264,0.262169856518153,153731,6,17,1.61877209900354,0.145940198948401,0.773483054426523
"R-HSA-8964043",0.0035463509275501,9,1.95367198792676,0.0451056460502123,0.268713149919212,73080,7,12,2.67547055251973,0.00645475617872848,0.693915618271441
"R-HSA-8874081",0.00300403975974061,8,2.05010053739131,0.0452683877896247,0.268713149919212,114680,5,13,1.76404651814488,0.132865333619212,0.773483054426523
"R-HSA-5621481",0.0113897305055015,22,1.48696272380979,0.0462671435755295,0.272462067722563,106666,13,54,1.10416245024624,0.393989108407927,0.919307919618497
"R-HSA-2454202",0.0114598947536278,22,1.47785865926548,0.0487891757723902,0.285051719867035,115039,13,53,1.12499570402447,0.36586467658992,0.919307919618497
"R-HSA-157118",0.0219918407484186,38,1.33018750372688,0.0502668047565706,0.291390383823245,190515,26,102,1.16911318261366,0.213087586125335,0.828804911454669
"R-HSA-381340",0.0103320841970978,20,1.4901600220019,0.0543167194026015,0.312050673708514,111126,13,40,1.49061930783242,0.0777140775994613,0.773483054426523
"R-HSA-210991",0.00259023015999575,7,2.08041766646493,0.0551222341335696,0.312050673708514,74049,6,15,1.83460837887067,0.0870320823186246,0.773483054426523
"R-HSA-2660825",0.00207024398022644,6,2.23110787349643,0.0556808655129006,0.312050673708514,115753,4,7,2.62086911267239,0.0446790120205265,0.753146348371321
"R-HSA-2660826",0.00207024398022644,6,2.23110787349643,0.0556808655129006,0.312050673708514,115753,4,7,2.62086911267239,0.0446790120205265,0.753146348371321
"R-HSA-9013409",0.00664048796045288,14,1.62300138699383,0.0559422682616642,0.312050673708514,291062,8,30,1.22307225258045,0.323409517503035,0.919307919618497
"R-HSA-1839117",0.00370687822250571,9,1.86906773048221,0.0563541647937209,0.312050673708514,98042,1,10,0.458652094717668,0.914655043161964,0.970921376289238
"R-HSA-1980143",0.0136302025195344,25,1.41198001207309,0.0577815171239234,0.313132641983748,180198,16,45,1.6307630034406,0.0239934027086016,0.71641104617306
"R-HSA-5633007",0.0142822782118748,26,1.40141482765495,0.0577926690251931,0.313132641983748,189595,21,63,1.52884031572556,0.0227905537317128,0.71641104617306
"R-HSA-9678108",0.00792098548875777,16,1.55500437023396,0.0587807269649366,0.313132641983748,118792,13,50,1.19249544626594,0.28395095605743,0.900525865220288
"R-HSA-5173105",0.0162824908308085,29,1.37109644420889,0.058880907974832,0.313132641983748,126316,14,60,1.07018822100789,0.436506555633492,0.922619280789563
"R-HSA-3899300",0.00432041673311008,10,1.78182566238112,0.0593994352890879,0.313132641983748,81457,5,13,1.76404651814488,0.132865333619212,0.773483054426523
"R-HSA-3247509",0.020309626322224,35,1.3266518299179,0.0599156485927697,0.313132641983748,167970,26,105,1.1357099488247,0.263161134213991,0.895713585260466
"R-HSA-4839726",0.020309626322224,35,1.3266518299179,0.0599156485927697,0.313132641983748,167970,26,105,1.1357099488247,0.263161134213991,0.895713585260466
"R-HSA-1268020",0.00319539680008505,8,1.92732981569774,0.0603227853305803,0.313132641983748,112847,3,23,0.59824186267522,0.90570883820219,0.970802490103048
"R-HSA-8978868",0.0123972784776484,23,1.42821085035448,0.0603476655036065,0.313132641983748,130800,14,71,0.904384412119346,0.709888174216608,0.932016404990625
"R-HSA-418889",0.00163743156328071,5,2.35070264305043,0.0646844193722125,0.333304438709595,49613,3,6,2.29326047358834,0.122181350558484,0.773483054426523
"R-HSA-399956",0.00164939137830224,5,2.33365758682464,0.0662725174053458,0.339132468377701,148394,5,9,2.54806719287594,0.027999892640187,0.71641104617306
"R-HSA-1433557",0.00442672619996811,10,1.73903446011452,0.067372917014731,0.340375621741902,348289,2,16,0.573315118397086,0.893512307886719,0.969277971420972
"R-HSA-9825892",0.00165802902248445,5,2.32150019777731,0.0674329061941504,0.340375621741902,189468,4,10,1.83460837887067,0.15459264304406,0.775052304991164
"R-HSA-3295583",0.00274344867910487,7,1.96422868271903,0.070044484243298,0.351168968300859,224232,4,10,1.83460837887067,0.15459264304406,0.775052304991164
"R-HSA-4086398",0.011345744963589,21,1.42487618107735,0.0713517677381762,0.351678777853488,151345,9,41,1.00679728108756,0.552176446804538,0.932016404990625
"R-HSA-5625740",0.00389571041301228,9,1.77847060792064,0.0717285520056863,0.351678777853488,135111,8,34,1.07918139933569,0.469900996430349,0.922619280789563
"R-HSA-1474228",0.0152996598097061,27,1.3585412785683,0.0721001377071704,0.351678777853488,99405,18,72,1.14663023679417,0.296053809545812,0.900525865220288
"R-HSA-1483257",0.0199982724711636,34,1.30881204975805,0.0724003695489701,0.351678777853488,86268,23,91,1.15923056906663,0.244559248328207,0.892207889131184
"R-HSA-73762",0.00449476425875724,10,1.71271038124807,0.0728171285111107,0.351678777853488,84132,6,18,1.52884031572556,0.180687224901036,0.799547113584116
"R-HSA-70171",0.00509302078350077,11,1.66267775214915,0.0729899350261956,0.351678777853488,171498,5,25,0.917304189435337,0.663607051000599,0.932016404990625
"R-HSA-3323169",0.00170586828257056,5,2.25639619597004,0.074062703608952,0.352272603063092,252478,2,5,1.83460837887067,0.299989147301495,0.900525865220288
"R-HSA-3371599",0.00170586828257056,5,2.25639619597004,0.074062703608952,0.352272603063092,252478,2,5,1.83460837887067,0.299989147301495,0.900525865220288
"R-HSA-162906",0.0221091798224632,37,1.28830870414446,0.0751332833931143,0.355088511322872,145697,20,83,1.10518577040402,0.34605578463288,0.919307919618497
"R-HSA-8957322",0.0160636262159145,28,1.34185407768682,0.0763125661786914,0.358379266484741,125535,14,66,0.972898382734448,0.594833466450075,0.932016404990625
"R-HSA-196780",0.0017293892521129,5,2.22570754323555,0.0774477059635295,0.359035766257103,252478,2,6,1.52884031572556,0.388893045673,0.919307919618497
"R-HSA-1855204",0.00281467602189975,7,1.91452250388246,0.0777252789519667,0.359035766257103,90461,5,12,1.91105039465695,0.0987855921834425,0.773483054426523
"R-HSA-6806667",0.00226439164407591,6,2.03981394138503,0.0779039870180507,0.359035766257103,93945,5,18,1.27403359643797,0.353413118456461,0.919307919618497
"R-HSA-8949215",0.0017376282357944,5,2.21515432606817,0.0786528175093142,0.360249324641427,27076,4,12,1.52884031572556,0.255224673077277,0.892207889131184
"R-HSA-83936",0.00174281082230373,5,2.20856713440087,0.0794160107723101,0.361513374190516,51725,2,7,1.3104345563362,0.47232702215742,0.922619280789563
"R-HSA-1474244",0.0306123425291022,49,1.23222599053299,0.0829627077838437,0.373770834525833,113846,33,146,1.03667939217007,0.439183921797059,0.922619280789563
"R-HSA-9029569",0.00583160580449689,12,1.58410489295419,0.0831161559255558,0.373770834525833,239583,6,18,1.52884031572556,0.180687224901036,0.799547113584116
"R-HSA-76061",0.00177789294636687,5,2.16498676789502,0.0846860577567476,0.376269789553933,92497,5,11,2.08478224871667,0.0697427210073327,0.773483054426523
"R-HSA-76066",0.00177789294636687,5,2.16498676789502,0.0846860577567476,0.376269789553933,92497,5,11,2.08478224871667,0.0697427210073327,0.773483054426523
"R-HSA-8856828",0.0169750970073885,29,1.31515391465912,0.0870663005855741,0.384542827586285,125042,20,68,1.34897674916961,0.0870683977601906,0.773483054426523
"R-HSA-9768759",0.00291434114707915,7,1.84904934361107,0.0892629841180835,0.391912036778805,292390,4,10,1.83460837887067,0.15459264304406,0.775052304991164
"R-HSA-5173214",0.00782650295008771,15,1.47541554440034,0.0915892139772654,0.398530663625515,139842,9,24,1.71994535519126,0.0588712779050359,0.753146348371321
"R-HSA-1839124",0.0053211874767448,11,1.59138395047495,0.0918446677627534,0.398530663625515,82410,3,15,0.917304189435337,0.666676036777689,0.932016404990625
"R-HSA-199991",0.063805347366183,95,1.14619201035031,0.0954760079989052,0.411879057762719,119945,65,265,1.12499570402447,0.154366657677152,0.775052304991164
"R-HSA-9843745",0.0145217402859725,25,1.32529387932116,0.0992245233307274,0.425575701221964,136806,18,55,1.50104321907601,0.039941376669244,0.753146348371321
"R-HSA-9679506",0.0311602349439218,49,1.21055968170151,0.102494969210504,0.437076248012609,142732,40,159,1.15384174771741,0.173450551795883,0.799380803928851
"R-HSA-5689603",0.00606987189709244,12,1.52192261143249,0.103130238845821,0.437272212706283,214373,9,28,1.47423887587822,0.13705193720684,0.773483054426523
"R-HSA-1980145",0.00546749588050816,11,1.54879903579789,0.105350863828398,0.439969775440441,117798,8,18,2.03845375430075,0.0267098777763669,0.71641104617306
"R-HSA-425397",0.0042376282357944,9,1.63497269722479,0.105590035087514,0.439969775440441,135454,4,18,1.01922687715037,0.574708313790709,0.932016404990625
"R-HSA-9843743",0.0061053526816563,12,1.51307807597079,0.106336075261292,0.439969775440441,177182,8,19,1.93116671460071,0.0375335881794311,0.753146348371321
"R-HSA-9844594",0.0061053526816563,12,1.51307807597079,0.106336075261292,0.439969775440441,177182,8,19,1.93116671460071,0.0375335881794311,0.753146348371321
"R-HSA-982772",0.00191357040344443,5,2.01148319219913,0.106731212370996,0.439969775440441,277032,1,14,0.327608639084049,0.968143419957163,0.984058106312624
"R-HSA-8866907",0.0019175570084516,5,2.00730131446067,0.10741787211825,0.440353928794151,382549,1,8,0.573315118397086,0.860340416128771,0.959958780101576
"R-HSA-9013694",0.00613020251953436,12,1.50694455187188,0.108616006323005,0.442212864742705,163088,10,34,1.34897674916961,0.189649989205936,0.799547113584116
"R-HSA-2565942",0.0074109658215064,14,1.45426674872185,0.109063280657568,0.442212864742705,91721,11,32,1.57661657559199,0.0703472707795398,0.773483054426523
"R-HSA-5620971",0.00193283899431244,5,1.99143059248315,0.110070075716671,0.443869544466142,173995,3,9,1.52884031572556,0.310336636193712,0.900525865220288
"R-HSA-9772573",0.00490883963216924,10,1.56823811411302,0.111750771326953,0.448211201754588,154678,8,29,1.26524715784184,0.287739991824985,0.900525865220288
"R-HSA-9012852",0.00746877159411046,14,1.44301121467278,0.113967365285895,0.453120248025288,126709,10,29,1.58155894730231,0.0808682839119204,0.773483054426523
"R-HSA-8875878",0.00431390527826503,9,1.60606365221333,0.114196073289392,0.453120248025288,111655,6,19,1.44837503595053,0.218322033449073,0.828804911454669
"R-HSA-70263",0.00196911709987774,5,1.95474139341797,0.116491836446388,0.458356686337946,33886,4,11,1.66782579897334,0.203078312779333,0.827934659792664
"R-HSA-77289",0.00372548237920587,8,1.65309694126156,0.116751231425703,0.458356686337946,157704,5,13,1.76404651814488,0.132865333619212,0.773483054426523
"R-HSA-5683826",0.00257587838196991,6,1.79315051388779,0.122466909868315,0.474567697117886,101896,2,13,0.705618607257952,0.811204240230693,0.939871619566263
"R-HSA-74158",0.00258172540264711,6,1.78908943592757,0.123403388748204,0.474567697117886,80598,6,17,1.61877209900354,0.145940198948401,0.773483054426523
"R-HSA-749476",0.00258172540264711,6,1.78908943592757,0.123403388748204,0.474567697117886,80598,6,17,1.61877209900354,0.145940198948401,0.773483054426523
"R-HSA-983695",0.00317320469887843,7,1.698207678493,0.123438767579181,0.474567697117886,79580,6,13,2.11685582177385,0.0442580058862119,0.753146348371321
"R-HSA-4085001",0.00259900069101153,6,1.77719754377753,0.126190737979894,0.478671784448753,160691,5,16,1.43328779599271,0.258523849276556,0.892207889131184
"R-HSA-73864",0.00504265667357678,10,1.52662176022702,0.126441603439293,0.478671784448753,84132,6,31,0.887713731711616,0.69772684614409,0.932016404990625
"R-HSA-73854",0.00504265667357678,10,1.52662176022702,0.126441603439293,0.478671784448753,84132,6,31,0.887713731711616,0.69772684614409,0.932016404990625
"R-HSA-1169408",0.00570363578376654,11,1.48467620812349,0.129455462649923,0.480751026659648,106476,7,26,1.23483256270142,0.332743349773908,0.919307919618497
"R-HSA-3928664",0.00383617711157179,8,1.60539603534252,0.131219903814005,0.480751026659648,197829,4,15,1.22307225258045,0.419938859200025,0.922619280789563
"R-HSA-5655302",0.00572622654547387,11,1.47881895358354,0.13190792121964,0.480751026659648,82410,3,18,0.764420157862781,0.786239957927728,0.939871619566263
"R-HSA-2644602",0.0109918673257854,19,1.33067798584477,0.132174136709661,0.480751026659648,158103,13,33,1.80681128222112,0.0166462728742149,0.693915618271441
"R-HSA-2644603",0.0109918673257854,19,1.33067798584477,0.132174136709661,0.480751026659648,158103,13,33,1.80681128222112,0.0166462728742149,0.693915618271441
"R-HSA-2644606",0.0109918673257854,19,1.33067798584477,0.132174136709661,0.480751026659648,158103,13,33,1.80681128222112,0.0166462728742149,0.693915618271441
"R-HSA-2894858",0.0109918673257854,19,1.33067798584477,0.132174136709661,0.480751026659648,158103,13,33,1.80681128222112,0.0166462728742149,0.693915618271441
"R-HSA-2894862",0.0109918673257854,19,1.33067798584477,0.132174136709661,0.480751026659648,158103,13,33,1.80681128222112,0.0166462728742149,0.693915618271441
"R-HSA-418360",0.00511601020570882,10,1.50473300437245,0.134918388895424,0.487537561938863,57030,5,14,1.63804319542024,0.171372945805701,0.794742036173938
"R-HSA-9696270",0.00448944878541434,9,1.54326439562519,0.135414462095117,0.487537561938863,95830,5,21,1.09202879694683,0.496178188229511,0.924537093828172
"R-HSA-5684264",0.00207396481156647,5,1.85592093084305,0.136011152724184,0.487537561938863,116572,4,6,3.05768063145112,0.0230980762894285,0.71641104617306
"R-HSA-381038",0.0032812416945729,7,1.64229309714622,0.139421089594749,0.497357925381266,61601,4,17,1.07918139933569,0.525531603716431,0.932016404990625
"R-HSA-913709",0.00776378036464147,14,1.38817955479715,0.140972607876498,0.500486483465845,111823,5,31,0.739761443093014,0.837668102919736,0.950381853771321
"R-HSA-983712",0.0193756976558763,31,1.23167235504395,0.142275013597882,0.50270504804585,135978,20,79,1.16114454358903,0.261572403264406,0.895713585260466
"R-HSA-5218859",0.00582801785999043,11,1.45299011626122,0.143267917070766,0.503814191784402,155939,8,23,1.59531163380059,0.107771010940171,0.773483054426523
"R-HSA-110357",0.00213482698134269,5,1.80301014426813,0.147963138686556,0.51312133566526,77130,2,6,1.52884031572556,0.388893045673,0.919307919618497
"R-HSA-196854",0.0125499654494233,21,1.28815348698344,0.147971595563578,0.51312133566526,111859,17,84,0.928224477404805,0.67821014595569,0.932016404990625
"R-HSA-381070",0.00333665550417265,7,1.61501856524491,0.147989172280816,0.51312133566526,61601,4,18,1.01922687715037,0.574708313790709,0.932016404990625
"R-HSA-975634",0.00213881358634986,5,1.79964945434405,0.148761195086001,0.513399101180526,87902,4,17,1.07918139933569,0.525531603716431,0.932016404990625
"R-HSA-9013424",0.00398115664699942,8,1.54693323369498,0.151483027455468,0.515471051769657,93209,5,22,1.04239112435834,0.541314154968593,0.932016404990625
"R-HSA-9696264",0.002154627119545,5,1.78644122163978,0.151944742473427,0.515471051769657,55097,5,17,1.34897674916961,0.305433703579954,0.900525865220288
"R-HSA-9006931",0.030150162121937,46,1.17451624737772,0.152093406267444,0.515471051769657,128944,29,122,1.09023858580429,0.331269575537989,0.919307919618497
"R-HSA-3858494",0.0174390049433902,28,1.23602478525769,0.152140377813416,0.515471051769657,131720,14,72,0.891823517506578,0.730300352164543,0.932016404990625
"R-HSA-3296482",0.0027636474778079,6,1.67131939997119,0.154236534701037,0.517253471769347,218962,3,12,1.14663023679417,0.504706732604915,0.924537093828172
"R-HSA-451306",0.00276657098814649,6,1.6695532715885,0.154757777267918,0.517253471769347,137068,4,8,2.29326047358834,0.0742237619839166,0.773483054426523
"R-HSA-451308",0.00276657098814649,6,1.6695532715885,0.154757777267918,0.517253471769347,137068,4,8,2.29326047358834,0.0742237619839166,0.773483054426523
"R-HSA-73772",0.0040359060224313,8,1.52594819888275,0.159505905309531,0.527094785939764,96060,4,23,0.797655816900293,0.771632506985662,0.939871619566263
"R-HSA-3371571",0.00404241747727635,8,1.52349022841117,0.160473158657459,0.527094785939764,167594,5,14,1.63804319542024,0.171372945805701,0.794742036173938
"R-HSA-375280",0.00468519109126668,9,1.47878844886977,0.161297718307804,0.527094785939764,183880,4,14,1.3104345563362,0.364900064093148,0.919307919618497
"R-HSA-6811440",0.0046909052251103,9,1.47698709183573,0.162086903917123,0.527094785939764,100449,6,19,1.44837503595053,0.218322033449073,0.828804911454669
"R-HSA-9024446",0.00664952426513581,12,1.3892535646676,0.162622026018852,0.527094785939764,239583,6,21,1.3104345563362,0.299941317186444,0.900525865220288
"R-HSA-201722",0.00470499122946898,9,1.47256522458909,0.164040220793935,0.527094785939764,134606,6,31,0.887713731711616,0.69772684614409,0.932016404990625
"R-HSA-9694548",0.00343725083718705,7,1.56775307951498,0.164155204614015,0.527094785939764,181322,5,16,1.43328779599271,0.258523849276556,0.892207889131184
"R-HSA-5654732",0.00221429330781906,5,1.73830390491913,0.16420775530669,0.527094785939764,38871,4,12,1.52884031572556,0.255224673077277,0.892207889131184
"R-HSA-8853659",0.00406979216499229,8,1.51324275936354,0.164569494964748,0.527094785939764,283997,4,19,0.965583357300355,0.62085454826009,0.932016404990625
"R-HSA-983231",0.0162321267208845,26,1.23307295482498,0.165276612725991,0.527094785939764,239650,15,66,1.04239112435834,0.475771868380957,0.924143262666676
"R-HSA-9707616",0.00733907404454367,13,1.36361864843803,0.165632885927479,0.527094785939764,141760,9,28,1.47423887587822,0.13705193720684,0.773483054426523
"R-HSA-1500931",0.0218735714665391,34,1.19660294271756,0.166514099995509,0.527094785939764,230866,24,76,1.44837503595053,0.0302017312584356,0.722893051411588
"R-HSA-1566948",0.00222784776484346,5,1.72772788354712,0.167047230746873,0.527094785939764,74693,4,22,0.83391289948667,0.739079711540251,0.93264820741984
"R-HSA-5627123",0.00345837984372508,7,1.55817487626261,0.167647398223429,0.527094785939764,243006,5,20,1.14663023679417,0.449455123695447,0.922619280789563
"R-HSA-5357769",0.00223555520119067,5,1.72177126360741,0.168670440030772,0.52807369832419,49613,3,12,1.14663023679417,0.504706732604915,0.924537093828172
"R-HSA-3214815",0.00347180141391591,7,1.55215115803163,0.169882620486576,0.528098185647385,92326,4,24,0.764420157862781,0.800901062093878,0.939871619566263
"R-HSA-195258",0.0262032902779993,40,1.17515461998296,0.170466106485266,0.528098185647385,119314,31,142,1.00128274198928,0.530237801554958,0.932016404990625
"R-HSA-4641265",0.00475322915005581,9,1.45762096625014,0.170813429319909,0.528098185647385,99856,5,12,1.91105039465695,0.0987855921834425,0.773483054426523
"R-HSA-8939243",0.00606495508425025,11,1.39622672061499,0.17160643121731,0.528348431382755,237483,6,14,1.96565183450429,0.0635516316835313,0.768363242509977
"R-HSA-72202",0.00476532185191091,9,1.45392203964867,0.172531528088651,0.529001627445367,66960,6,27,1.01922687715037,0.55425832846232,0.932016404990625
"R-HSA-1643685",0.165588555785893,228,1.05997440253019,0.176997369266237,0.539441332187665,127566,162,750,0.990688524590164,0.572076764715458,0.932016404990625
"R-HSA-9694635",0.00415351087014299,8,1.4827416415494,0.177390411123707,0.539441332187665,170437,6,22,1.25086934923,0.342715901316634,0.919307919618497
"R-HSA-109606",0.00612661457502791,11,1.38217481192236,0.17939653662091,0.543315225194755,178456,8,27,1.35896916953383,0.219975836193115,0.828804911454669
"R-HSA-5419276",0.00353997235953862,7,1.52226063871521,0.181433622420771,0.54627890194676,106858,4,24,0.764420157862781,0.800901062093878,0.939871619566263
"R-HSA-1368108",0.00614575027906235,11,1.37787120586552,0.181847559003841,0.54627890194676,112135,7,19,1.68977087527562,0.0991451397136218,0.773483054426523
"R-HSA-9022692",0.00818024770105778,14,1.31750547953911,0.184487026169015,0.551973279908908,186836,8,19,1.93116671460071,0.0375335881794311,0.753146348371321
"R-HSA-8934593",0.00294929038430872,6,1.56611830049567,0.188806446605038,0.561567683484447,321288,3,12,1.14663023679417,0.504706732604915,0.924537093828172
"R-HSA-9711123",0.0144471907723383,23,1.2255619736499,0.189853446324871,0.561567683484447,82705,17,73,1.06809391920553,0.423967628485332,0.922619280789563
"R-HSA-9839373",0.00554736086748525,10,1.38772825333177,0.190459386971609,0.561567683484447,254494,6,23,1.19648372535044,0.386010953427164,0.919307919618497
"R-HSA-1226099",0.00755780577260405,13,1.32415393177788,0.190721100051322,0.561567683484447,71748,5,30,0.764420157862781,0.815096932472051,0.940153944034704
"R-HSA-426496",0.00234718014139159,5,1.63988891851143,0.192843267151662,0.565571953464557,372377,2,6,1.52884031572556,0.388893045673,0.919307919618497
"R-HSA-422475",0.0668452665709881,95,1.09406668744569,0.195880429915502,0.567079244964314,129274,63,252,1.14663023679417,0.121386043397223,0.773483054426523
"R-HSA-8943723",0.00236631584542604,5,1.62662761653661,0.197104931193467,0.567079244964314,372377,2,7,1.3104345563362,0.47232702215742,0.922619280789563
"R-HSA-8948700",0.00236631584542604,5,1.62662761653661,0.197104931193467,0.567079244964314,372377,2,7,1.3104345563362,0.47232702215742,0.922619280789563
"R-HSA-9768778",0.00236631584542604,5,1.62662761653661,0.197104931193467,0.567079244964314,372377,2,7,1.3104345563362,0.47232702215742,0.922619280789563
"R-HSA-2122947",0.0096623345558922,16,1.27476097834627,0.197178497575193,0.567079244964314,219601,10,30,1.52884031572556,0.0986014128077031,0.773483054426523
"R-HSA-5368287",0.00363884016371658,7,1.48090060091058,0.198746218659561,0.567597643073322,106858,4,25,0.73384335154827,0.827052302302121,0.944258681258723
"R-HSA-168898",0.0166674639876681,26,1.20086633897175,0.198888661993347,0.567597643073322,117049,22,79,1.27725899794794,0.122238167882981,0.773483054426523
"R-HSA-109704",0.00496438632860256,9,1.39562193751811,0.201918793703775,0.57184635468779,150725,5,23,0.997069771125366,0.584453933174545,0.932016404990625
"R-HSA-112399",0.00496438632860256,9,1.39562193751811,0.201918793703775,0.57184635468779,150725,5,23,0.997069771125366,0.584453933174545,0.932016404990625
"R-HSA-9759811",0.00241481953968001,5,1.59395542415075,0.208049280771039,0.586966464304066,372377,2,8,1.14663023679417,0.548449792893634,0.932016404990625
"R-HSA-9694516",0.0239374368787541,36,1.15775243633742,0.208839820183657,0.586966464304066,143320,27,112,1.10567915690867,0.310071428704046,0.900525865220288
"R-HSA-2559585",0.00370302450433211,7,1.45523222402693,0.210317468876778,0.587632700194414,284908,4,20,0.917304189435337,0.663704404401251,0.932016404990625
"R-HSA-6804758",0.00436201031201828,8,1.41186817207214,0.211112484369856,0.587632700194414,314359,5,14,1.63804319542024,0.171372945805701,0.794742036173938
"R-HSA-9679191",0.00705124116302557,12,1.3101062742151,0.212086259001731,0.587632700194414,147462,11,42,1.20123167664151,0.298509600158855,0.900525865220288
"R-HSA-166658",0.00243594854621804,5,1.58012972383762,0.212877847136463,0.587632700194414,91193,4,21,0.873623037557464,0.703122337618131,0.932016404990625
"R-HSA-195721",0.0334209057566576,49,1.12867450003038,0.213410539681159,0.587632700194414,107623,26,147,0.811221392017645,0.909419732116617,0.970802490103048
"R-HSA-3214841",0.00438646148939563,8,1.40399808380344,0.215221850315171,0.587632700194414,118974,7,27,1.1890980233421,0.372211979527185,0.919307919618497
"R-HSA-176033",0.0024463137192367,5,1.57343462261217,0.215259565416858,0.587632700194414,69986,2,13,0.705618607257952,0.811204240230693,0.939871619566263
"R-HSA-139853",0.00244697815340456,5,1.57300738392894,0.21541252621682,0.587632700194414,27854,2,8,1.14663023679417,0.548449792893634,0.932016404990625
"R-HSA-5205647",0.00441051400627226,8,1.39634145068599,0.219293652428533,0.596028901472422,108377,7,18,1.78364703501316,0.0764461470431306,0.773483054426523
"R-HSA-2187338",0.00718891192260671,12,1.28501717480132,0.230377056962401,0.617610245392207,72815,9,39,1.05842791088693,0.485822510557555,0.924537093828172
"R-HSA-432722",0.00582270238664753,10,1.32210593914086,0.230440083619415,0.617610245392207,51998,6,22,1.25086934923,0.342715901316634,0.919307919618497
"R-HSA-2214320",0.0025120927018551,5,1.53223434022786,0.230563197097362,0.617610245392207,171787,2,5,1.83460837887067,0.299989147301495,0.900525865220288
"R-HSA-2243919",0.00381318768936374,7,1.41319049153979,0.230734766423325,0.617610245392207,130470,3,9,1.52884031572556,0.310336636193712,0.900525865220288
"R-HSA-109582",0.0565776324881731,80,1.08851912937086,0.232748141952924,0.617610245392207,135311,56,250,1.02738069216758,0.433331141525865,0.922619280789563
"R-HSA-1483166",0.00382541327805241,7,1.40867409437366,0.23304112041171,0.617610245392207,61314,3,15,0.917304189435337,0.666676036777689,0.932016404990625
"R-HSA-5083635",0.00721641949715622,12,1.28011894157816,0.234105213586248,0.617610245392207,138655,8,23,1.59531163380059,0.107771010940171,0.773483054426523
"R-HSA-1169410",0.0106983203104236,17,1.22327520700149,0.234276393201459,0.617610245392207,84617,13,50,1.19249544626594,0.28395095605743,0.900525865220288
"R-HSA-9013407",0.00317891883272205,6,1.45299011626122,0.235185917108747,0.617610245392207,345670,3,14,0.982825917252147,0.617328601262156,0.932016404990625
"R-HSA-6806834",0.00861199702333493,14,1.25145435384247,0.235557546423173,0.617610245392207,99336,9,33,1.25086934923,0.281551106967047,0.900525865220288
"R-HSA-9633012",0.00594562270770212,10,1.29477260594821,0.249244481755523,0.646134633943201,44627,6,32,0.859972677595628,0.728270983273641,0.932016404990625
"R-HSA-5696395",0.00259368521766863,5,1.4840330959969,0.249958680559166,0.646134633943201,69968,4,15,1.22307225258045,0.419938859200025,0.922619280789563
"R-HSA-2219530",0.00873784085472811,14,1.23343070093787,0.251429968439962,0.646134633943201,165176,9,42,0.982825917252147,0.584042869130104,0.932016404990625
"R-HSA-168276",0.00260006378568011,5,1.48039241376201,0.251492350447259,0.646134633943201,112158,2,13,0.705618607257952,0.811204240230693,0.939871619566263
"R-HSA-72766",0.0144219422739595,22,1.17432897554306,0.252724376412335,0.646134633943201,75128,17,86,0.906637861651205,0.717280517669561,0.932016404990625
"R-HSA-3214858",0.00392999521607399,7,1.37118756863239,0.253071751286621,0.646134633943201,179748,4,22,0.83391289948667,0.739079711540251,0.93264820741984
"R-HSA-9725371",0.00326423217987562,6,1.41501504482987,0.253248606693772,0.646134633943201,330508,4,17,1.07918139933569,0.525531603716431,0.932016404990625
"R-HSA-373080",0.0108677510232286,17,1.20420406801092,0.253403205495245,0.646134633943201,57527,10,48,0.955525197328476,0.621123583969787,0.932016404990625
"R-HSA-5628897",0.0080635730611811,13,1.24109971516044,0.254779791297001,0.646812753105791,194230,8,42,0.873623037557464,0.725120666192436,0.932016404990625
"R-HSA-446219",0.00529872960187105,9,1.30755992230028,0.255412583099726,0.646812753105791,110876,8,28,1.3104345563362,0.253145395787625,0.892207889131184
"R-HSA-3769402",0.00738452134162547,12,1.25097820986867,0.257380787946944,0.647622126646838,98247,8,27,1.35896916953383,0.219975836193115,0.828804911454669
"R-HSA-9759475",0.00462884707383193,8,1.3304789351554,0.257477799677651,0.647622126646838,263868,5,14,1.63804319542024,0.171372945805701,0.794742036173938
"R-HSA-5654741",0.00263966406208473,5,1.45818354649957,0.261065393356275,0.652516591677622,38871,4,16,1.14663023679417,0.473743862507848,0.922619280789563
"R-HSA-195253",0.00811792377611226,13,1.23279036677528,0.262097884223373,0.652516591677622,92416,9,35,1.17939110070258,0.348475952619901,0.919307919618497
"R-HSA-376176",0.0145230691543082,22,1.16615190053653,0.26283214325868,0.652516591677622,79283,16,78,0.940824809677269,0.653002846380001,0.932016404990625
"R-HSA-2173795",0.00466313187689364,8,1.32069683817127,0.263654411686095,0.652516591677622,113734,6,17,1.61877209900354,0.145940198948401,0.773483054426523
"R-HSA-2262752",0.0572533620368894,80,1.07567194426434,0.266509033747896,0.652516591677622,120074,57,294,0.889223448942419,0.863898066902736,0.960535701001237
"R-HSA-9711097",0.0138490671344283,21,1.16731918462634,0.267355436848221,0.652516591677622,69628,12,60,0.917304189435337,0.682098470733109,0.932016404990625
"R-HSA-418359",0.00266903205230426,5,1.44213880844747,0.268218898769587,0.652516591677622,86206,3,6,2.29326047358834,0.122181350558484,0.773483054426523
"R-HSA-446193",0.00538165098602031,9,1.28741281894912,0.269350103291818,0.652516591677622,110876,8,30,1.22307225258045,0.323409517503035,0.919307919618497
"R-HSA-72706",0.00608807739329187,10,1.26447627221668,0.271669290785218,0.652516591677622,67640,8,35,1.04834764506896,0.505878787189,0.924537093828172
"R-HSA-6811442",0.0197113697974805,29,1.13258822245012,0.274546111489273,0.652516591677622,118450,18,86,0.959969500571864,0.620315958672375,0.932016404990625
"R-HSA-9609507",0.0082140009567852,13,1.2183707163,0.275209865412467,0.652516591677622,80677,7,58,0.553545631555807,0.981118751992063,0.991349740703766
"R-HSA-8953897",0.0574573433264232,80,1.07185316432075,0.277114083941854,0.652516591677622,120074,57,296,0.88321518239551,0.876739996235361,0.963764558824649
"R-HSA-74751",0.00543573592728432,9,1.27460321089846,0.278561215467134,0.652516591677622,150725,5,26,0.882023259072439,0.699274543083001,0.932016404990625
"R-HSA-156827",0.00613113272736937,10,1.25559660009829,0.278566972089575,0.652516591677622,67640,8,35,1.04834764506896,0.505878787189,0.924537093828172
"R-HSA-8936459",0.0040615531813108,7,1.32677336587928,0.278951649210197,0.652516591677622,266661,4,31,0.591809154474411,0.930429146527586,0.974466847077482
"R-HSA-69231",0.00338396321692447,6,1.36494912865505,0.279201652050412,0.652516591677622,50514,5,22,1.04239112435834,0.541314154968593,0.932016404990625
"R-HSA-69236",0.00338396321692447,6,1.36494912865505,0.279201652050412,0.652516591677622,50514,5,22,1.04239112435834,0.541314154968593,0.932016404990625
"R-HSA-174824",0.00614362408972519,10,1.25304369128169,0.280577809089945,0.652516591677622,83748,8,20,1.83460837887067,0.0509434016520354,0.753146348371321
"R-HSA-1234174",0.00339273374794025,6,1.36142060871885,0.281126887761665,0.652516591677622,164919,5,26,0.882023259072439,0.699274543083001,0.932016404990625
"R-HSA-3238698",0.00339711901344815,6,1.35966318108281,0.282090626796226,0.652516591677622,41527,3,14,0.982825917252147,0.617328601262156,0.932016404990625
"R-HSA-9839394",0.00476465741774305,8,1.29255536879844,0.282191324635102,0.652516591677622,312775,4,17,1.07918139933569,0.525531603716431,0.932016404990625
"R-HSA-69275",0.0125562111306012,19,1.16489247605131,0.282980932443632,0.652516591677622,81795,16,69,1.06354108920039,0.436408417056636,0.922619280789563
"R-HSA-9609646",0.0111209004411843,17,1.17679229856572,0.28304212892113,0.652516591677622,132421,9,56,0.73711943793911,0.889273893052476,0.967509132910465
"R-HSA-380259",0.00477010577791952,8,1.29107902686282,0.283195822190809,0.652516591677622,45716,6,23,1.19648372535044,0.386010953427164,0.919307919618497
"R-HSA-380284",0.00477010577791952,8,1.29107902686282,0.283195822190809,0.652516591677622,45716,6,23,1.19648372535044,0.386010953427164,0.919307919618497
"R-HSA-8854518",0.00477010577791952,8,1.29107902686282,0.283195822190809,0.652516591677622,45716,6,23,1.19648372535044,0.386010953427164,0.919307919618497
"R-HSA-2404192",0.00547281135385106,9,1.26596844264281,0.284926382349797,0.652516591677622,150725,5,24,0.955525197328476,0.625289731444584,0.932016404990625
"R-HSA-2428924",0.00547281135385106,9,1.26596844264281,0.284926382349797,0.652516591677622,150725,5,24,0.955525197328476,0.625289731444584,0.932016404990625
"R-HSA-2428928",0.00547281135385106,9,1.26596844264281,0.284926382349797,0.652516591677622,150725,5,24,0.955525197328476,0.625289731444584,0.932016404990625
"R-HSA-5632684",0.00618362302663052,10,1.24493834344089,0.287044851728332,0.653836851240051,171380,10,34,1.34897674916961,0.189649989205936,0.799547113584116
"R-HSA-3214847",0.00759275500983363,12,1.21666974329072,0.287265247310319,0.653836851240051,232668,9,45,0.917304189435337,0.672651340690624,0.932016404990625
"R-HSA-9610379",0.00689656088874714,11,1.227865958782,0.288691273654593,0.655073165295744,126391,5,35,0.655217278168098,0.906385668846785,0.970802490103048
"R-HSA-4615885",0.00275886355179929,5,1.39518125175413,0.290349704607588,0.656827685423263,51738,3,14,0.982825917252147,0.617328601262156,0.932016404990625
"R-HSA-211945",0.005517594216765,9,1.25569336821853,0.292666557521343,0.660056491431113,127871,8,38,0.965583357300355,0.608113769905779,0.932016404990625
"R-HSA-5368286",0.00345040663371073,6,1.33866472409786,0.29385822051968,0.660138272131769,119311,3,23,0.59824186267522,0.90570883820219,0.970802490103048
"R-HSA-111465",0.00483176526869718,8,1.27460321089846,0.294626774230061,0.660138272131769,93090,8,24,1.52884031572556,0.132220877457738,0.773483054426523
"R-HSA-73894",0.0236287407643651,34,1.10771793747371,0.296692206408684,0.660138272131769,164393,21,113,0.852362299917791,0.828453371293031,0.944258681258723
"R-HSA-3371556",0.00836868123106363,13,1.19585128804521,0.296749855831603,0.660138272131769,165584,8,41,0.89493091652228,0.698248704847229,0.932016404990625
"R-HSA-168249",0.0773471801413916,106,1.05499943976674,0.297151189881416,0.660138272131769,88296,82,396,0.949734135526485,0.725191274861827,0.932016404990625
"R-HSA-453274",0.0127022537606974,19,1.15149926535132,0.299529323160291,0.663385222880712,81795,16,70,1.04834764506896,0.461760537267204,0.922619280789563
"R-HSA-373760",0.0200227236485409,29,1.11497644740316,0.302510436095199,0.663385222880712,59470,18,62,1.33157059756742,0.111523483870967,0.773483054426523
"R-HSA-72613",0.00628541434114708,10,1.22477675924089,0.303682841833143,0.663385222880712,67640,8,37,0.991680204794959,0.575188231266794,0.932016404990625
"R-HSA-72737",0.00628541434114708,10,1.22477675924089,0.303682841833143,0.663385222880712,67640,8,37,0.991680204794959,0.575188231266794,0.932016404990625
"R-HSA-2022870",0.00488173071812045,8,1.26155740277297,0.30396904312209,0.663385222880712,125309,5,9,2.54806719287594,0.027999892640187,0.71641104617306
"R-HSA-4420097",0.0127410567161006,19,1.14799236826767,0.303977056306526,0.663385222880712,109400,12,51,1.07918139933569,0.436225896829527,0.922619280789563
"R-HSA-194138",0.0134752564715888,20,1.14257259941097,0.304966021982517,0.663591754577794,107698,13,56,1.06472807702316,0.45056331517676,0.922619280789563
"R-HSA-202733",0.00772192101206612,12,1.19631828326768,0.306299496366825,0.664544521357263,81617,10,47,0.97585552067589,0.592145301081899,0.932016404990625
"R-HSA-6807505",0.00282650295008771,5,1.36179398061436,0.307219634449952,0.664597576565201,74431,5,28,0.819021597710122,0.762482703210494,0.939871619566263
"R-HSA-5339562",0.0049177430500186,8,1.25231909498927,0.310742482995432,0.670264309251774,171253,8,14,2.62086911267239,0.00422318733909632,0.693915618271441
"R-HSA-6798695",0.034203874980067,48,1.08033084486096,0.313147856868726,0.672438770257171,90967,38,183,0.952392327829038,0.663285926737756,0.932016404990625
"R-HSA-71387",0.0238303300908946,34,1.09834735334214,0.313676536236467,0.672438770257171,104731,22,108,0.93429130405451,0.678505357895932,0.932016404990625
"R-HSA-211897",0.00424201350130229,7,1.27033084251408,0.315430864492763,0.672438770257171,146542,6,26,1.05842791088693,0.513803584254512,0.929859169553288
"R-HSA-5389840",0.00354927443788869,6,1.301375175454,0.315934256285203,0.672438770257171,119311,3,24,0.573315118397086,0.920681377646235,0.972035857245043
"R-HSA-72187",0.00286756498166162,5,1.34229380266312,0.317529047469999,0.672438770257171,71371,4,16,1.14663023679417,0.473743862507848,0.922619280789563
"R-HSA-159231",0.00287088715250093,5,1.34074050951988,0.318365057323548,0.672438770257171,58138,3,16,0.859972677595628,0.711198846224575,0.932016404990625
"R-HSA-159234",0.00287088715250093,5,1.34074050951988,0.318365057323548,0.672438770257171,58138,3,16,0.859972677595628,0.711198846224575,0.932016404990625
"R-HSA-1227986",0.00287341200233881,5,1.33956240890105,0.319000602601785,0.672438770257171,103367,4,20,0.917304189435337,0.663704404401251,0.932016404990625
"R-HSA-159236",0.00427377345452613,7,1.2608905554782,0.321942659659146,0.676481945699896,79550,4,24,0.764420157862781,0.800901062093878,0.939871619566263
"R-HSA-9609690",0.00711476106947324,11,1.19020895646,0.32274206034739,0.676481945699896,118788,6,42,0.655217278168098,0.920945023777985,0.972035857245043
"R-HSA-186763",0.00291686599691703,5,1.31960628554294,0.329960769466628,0.689664481533065,83403,2,13,0.705618607257952,0.811204240230693,0.939871619566263
"R-HSA-5663220",0.0122489767713815,18,1.13126289580371,0.331782439058578,0.691524072419844,112389,15,61,1.12783301979755,0.345283788915442,0.919307919618497
"R-HSA-156842",0.00574602668367618,9,1.20577345841354,0.332895044538578,0.691899504335084,35607,7,31,1.03566602033022,0.528442811964507,0.932016404990625
"R-HSA-9635486",0.00363525221921012,6,1.2705961968563,0.335333576235684,0.695020987616976,87966,4,15,1.22307225258045,0.419938859200025,0.922619280789563
"R-HSA-5668914",0.0227313559772498,32,1.08371599687282,0.347307473754955,0.717833274446175,137971,20,100,0.917304189435337,0.707344919896292,0.932016404990625
"R-HSA-6811558",0.0116565672673152,17,1.12271389099238,0.34907359340465,0.719479461961807,148785,11,54,0.93429130405451,0.653515357017947,0.932016404990625
"R-HSA-166016",0.0153706213788338,22,1.10184905857104,0.352784767963092,0.722116663276802,109354,19,67,1.30065519397548,0.12512846101361,0.773483054426523
"R-HSA-168255",0.0087790357731356,13,1.13995414622087,0.35591374467877,0.722116663276802,67683,8,48,0.764420157862781,0.851856487221732,0.954799869363331
"R-HSA-72689",0.00587439536490725,9,1.17942461072708,0.355921103329678,0.722116663276802,75058,7,31,1.03566602033022,0.528442811964507,0.932016404990625
"R-HSA-141424",0.00732950619252644,11,1.15533736182588,0.357051254379418,0.722116663276802,58158,9,36,1.14663023679417,0.382786797926292,0.919307919618497
"R-HSA-141444",0.00732950619252644,11,1.15533736182588,0.357051254379418,0.722116663276802,58158,9,36,1.14663023679417,0.382786797926292,0.919307919618497
"R-HSA-8878171",0.0169041354382608,24,1.09297222829564,0.358489799331953,0.722116663276802,207414,16,79,0.928915634871227,0.674353889409455,0.932016404990625
"R-HSA-977443",0.00808616382288843,12,1.14242989519148,0.361499324301318,0.722116663276802,227613,8,32,1.14663023679417,0.396563859756661,0.922360785558411
"R-HSA-8853884",0.00446725668420773,7,1.20627959528615,0.362012763065481,0.722116663276802,356527,4,20,0.917304189435337,0.663704404401251,0.932016404990625
"R-HSA-3108232",0.021410726625206,30,1.0786503711892,0.362898783036114,0.722116663276802,101927,18,73,1.13092297327644,0.31857360485514,0.919307919618497
"R-HSA-9824439",0.00956253654387923,14,1.12705673025943,0.36335576443032,0.722116663276802,135558,12,32,1.71994535519126,0.0314508907849462,0.729267530075941
"R-HSA-73856",0.00305267634082815,5,1.26089839664232,0.364398415869284,0.722116663276802,71371,4,17,1.07918139933569,0.525531603716431,0.932016404990625
"R-HSA-1793185",0.00738385690745761,11,1.14683321387327,0.365825037836858,0.722116663276802,106416,7,25,1.28422586520947,0.293926480419984,0.900525865220288
"R-HSA-5693606",0.00520929676287673,8,1.1822293499724,0.366504951188579,0.722116663276802,98892,6,28,0.982825917252147,0.593083097831942,0.932016404990625
"R-HSA-9005891",0.00306250996651252,5,1.25684969051755,0.366897549939831,0.722116663276802,98154,3,6,2.29326047358834,0.122181350558484,0.773483054426523
"R-HSA-9005895",0.00306250996651252,5,1.25684969051755,0.366897549939831,0.722116663276802,98154,3,6,2.29326047358834,0.122181350558484,0.773483054426523
"R-HSA-9675151",0.00306250996651252,5,1.25684969051755,0.366897549939831,0.722116663276802,98154,3,6,2.29326047358834,0.122181350558484,0.773483054426523
"R-HSA-9697154",0.00306250996651252,5,1.25684969051755,0.366897549939831,0.722116663276802,98154,3,6,2.29326047358834,0.122181350558484,0.773483054426523
"R-HSA-9772572",0.00378461702014564,6,1.22045047616576,0.369313627851886,0.724948973190739,177485,3,21,0.655217278168098,0.867883224330617,0.960548186934324
"R-HSA-917729",0.00382102801254452,6,1.20882067055717,0.377625291153952,0.73512299452843,172728,3,15,0.917304189435337,0.666676036777689,0.932016404990625
"R-HSA-9759476",0.00672859193111147,10,1.14410704142147,0.378320914959195,0.73512299452843,251829,6,17,1.61877209900354,0.145940198948401,0.773483054426523
"R-HSA-9764260",0.00672859193111147,10,1.14410704142147,0.378320914959195,0.73512299452843,251829,6,17,1.61877209900354,0.145940198948401,0.773483054426523
"R-HSA-110328",0.0031157975867751,5,1.23535454291242,0.380441010645441,0.73512299452843,77130,2,17,0.539590699667845,0.912515991084296,0.970802490103048
"R-HSA-110329",0.0031157975867751,5,1.23535454291242,0.380441010645441,0.73512299452843,77130,2,17,0.539590699667845,0.912515991084296,0.970802490103048
"R-HSA-73928",0.0031157975867751,5,1.23535454291242,0.380441010645441,0.73512299452843,77130,2,17,0.539590699667845,0.912515991084296,0.970802490103048
"R-HSA-3781865",0.0156379896879817,22,1.08301035068055,0.382566185145796,0.737309375008261,107133,14,61,1.05264415181104,0.46367929465589,0.922619280789563
"R-HSA-194315",0.0821777494285866,110,1.03045561685999,0.38557298971282,0.737877623183707,128788,76,327,1.06598040362516,0.279804489982554,0.900525865220288
"R-HSA-2990846",0.0216612183064902,30,1.06617679093282,0.386728260924964,0.737877623183707,101927,18,76,1.0862812769629,0.38844457391577,0.919307919618497
"R-HSA-9615710",0.00459310051560091,7,1.1732294050091,0.388293776367356,0.737877623183707,148064,4,19,0.965583357300355,0.62085454826009,0.932016404990625
"R-HSA-168164",0.012710758518046,18,1.09016412461556,0.388730850645304,0.737877623183707,130880,16,52,1.4112372145159,0.0839557882890726,0.773483054426523
"R-HSA-2151201",0.00826569393504492,12,1.11761642292571,0.389255528786985,0.737877623183707,135141,8,25,1.46768670309654,0.159225173432425,0.787633857912398
"R-HSA-8848021",0.0046004092914474,7,1.17136546852117,0.389822140549883,0.737877623183707,181546,6,28,0.982825917252147,0.593083097831942,0.932016404990625
"R-HSA-9006927",0.0046004092914474,7,1.17136546852117,0.389822140549883,0.737877623183707,181546,6,28,0.982825917252147,0.593083097831942,0.932016404990625
"R-HSA-5213460",0.00389517886567799,6,1.18580886876368,0.394557882702953,0.741597746622956,140891,5,14,1.63804319542024,0.171372945805701,0.794742036173938
"R-HSA-5675482",0.00389517886567799,6,1.18580886876368,0.394557882702953,0.741597746622956,140891,5,14,1.63804319542024,0.171372945805701,0.794742036173938
"R-HSA-9614085",0.00830130760644235,12,1.11282170552437,0.394785862420576,0.741597746622956,155655,11,35,1.44147801196982,0.121589390132109,0.773483054426523
"R-HSA-1483255",0.00905530750013289,13,1.10517486338927,0.396808994632935,0.743515843478883,101500,7,38,0.84488543763781,0.752746516603065,0.939871619566263
"R-HSA-9830369",0.00759036304682932,11,1.11563205813947,0.399368347668532,0.745419686974456,234250,5,25,0.917304189435337,0.663607051000599,0.932016404990625
"R-HSA-3906995",0.00982153298251209,14,1.09733594432977,0.40025680942741,0.745419686974456,127922,9,40,1.03196721311475,0.519376819525846,0.932016404990625
"R-HSA-418346",0.010569818742359,15,1.09248269930855,0.400838888278717,0.745419686974456,58208,10,41,1.11866364565285,0.40275592253494,0.922360785558411
"R-HSA-1834949",0.0032154627119545,5,1.19706401486413,0.405732020163089,0.747414747042695,81573,5,18,1.27403359643797,0.353413118456461,0.919307919618497
"R-HSA-1296041",0.00541274650507628,8,1.13779271207571,0.405940893609442,0.747414747042695,39156,6,17,1.61877209900354,0.145940198948401,0.773483054426523
"R-HSA-1296059",0.00541274650507628,8,1.13779271207571,0.405940893609442,0.747414747042695,39156,6,17,1.61877209900354,0.145940198948401,0.773483054426523
"R-HSA-997272",0.00541274650507628,8,1.13779271207571,0.405940893609442,0.747414747042695,39156,6,17,1.61877209900354,0.145940198948401,0.773483054426523
"R-HSA-445989",0.003223701695636,5,1.19400461551043,0.40781799151258,0.748323757961007,183206,5,20,1.14663023679417,0.449455123695447,0.922619280789563
"R-HSA-442729",0.00469223409344602,7,1.148442400304,0.409022350303134,0.748323757961007,93546,4,8,2.29326047358834,0.0742237619839166,0.773483054426523
"R-HSA-196849",0.00839565725827885,12,1.10031591387014,0.409460169450362,0.748323757961007,135385,9,55,0.750521609538003,0.876342919074431,0.963764558824649
"R-HSA-9716542",0.0826898952851751,110,1.02407341534972,0.411576187476894,0.748525522935555,128788,76,333,1.04677354950579,0.343530575483569,0.919307919618497
"R-HSA-9831926",0.00544184872162866,8,1.13170796191223,0.411588158164025,0.748525522935555,250976,3,10,1.37595628415301,0.377084061829277,0.919307919618497
"R-HSA-380270",0.00546816031467602,8,1.12626243039364,0.416692276279365,0.754111387803143,45716,6,28,0.982825917252147,0.593083097831942,0.932016404990625
"R-HSA-380287",0.00546816031467602,8,1.12626243039364,0.416692276279365,0.754111387803143,45716,6,28,0.982825917252147,0.593083097831942,0.932016404990625
"R-HSA-6784531",0.0032720725030564,5,1.17635373300034,0.420043020585367,0.758325842516648,54427,3,18,0.764420157862781,0.786239957927728,0.939871619566263
"R-HSA-380320",0.00623823951522883,9,1.11063489139829,0.421937696531703,0.759897502006125,41002,7,34,0.944283724418729,0.63487232966514,0.932016404990625
"R-HSA-9837999",0.00330077605910806,5,1.16612415828606,0.427276971738668,0.767650152615234,36122,5,27,0.849355730958645,0.73223277367861,0.932016404990625
"R-HSA-2219528",0.0107824376760751,15,1.07094002838307,0.430242832442129,0.771111549932511,171618,10,54,0.849355730958645,0.769749930667798,0.939871619566263
"R-HSA-9020702",0.00706160633604422,10,1.09015272742444,0.435456724494171,0.778575637529338,135527,10,40,1.14663023679417,0.370246557444554,0.919307919618497
"R-HSA-1632852",0.0123547546909052,17,1.05926749010529,0.438910816029966,0.782485263462332,149777,14,67,0.958377511350352,0.619424961757599,0.932016404990625
"R-HSA-8856688",0.0100968745016744,14,1.06741162013489,0.439752499816432,0.782485263462332,142243,11,57,0.885118077525325,0.726202511162991,0.932016404990625
"R-HSA-74160",0.134612103332802,177,1.01223186574249,0.443168914733735,0.783875534709296,154680,137,619,1.01511045195994,0.434805429610928,0.922619280789563
"R-HSA-5205685",0.00411603678307553,6,1.12218084720091,0.444768504274242,0.783875534709296,135527,6,16,1.71994535519126,0.114586339749142,0.773483054426523
"R-HSA-4608870",0.00411656833040982,6,1.12203594683972,0.444888531458004,0.783875534709296,78617,4,24,0.764420157862781,0.800901062093878,0.939871619566263
"R-HSA-111932",0.00487296018710466,7,1.10584949972005,0.446671432111773,0.783875534709296,93546,4,9,2.03845375430075,0.1112028574589,0.773483054426523
"R-HSA-5576892",0.00637524584064211,9,1.08676694823974,0.446799639342968,0.783875534709296,75825,3,14,0.982825917252147,0.617328601262156,0.932016404990625
"R-HSA-165159",0.00337891351724871,5,1.13915750846216,0.446872440946135,0.783875534709296,102194,3,19,0.724187517975266,0.81724972224041,0.940153944034704
"R-HSA-3560782",0.00488571732312762,7,1.10296200714612,0.44931553066452,0.784386256003508,79881,4,14,1.3104345563362,0.364900064093148,0.919307919618497
"R-HSA-9639288",0.0079034444267262,11,1.07143820981704,0.450403908013466,0.784386256003508,92357,6,28,0.982825917252147,0.593083097831942,0.932016404990625
"R-HSA-1912422",0.00715595598788072,10,1.07577931170538,0.451613960527908,0.784386256003508,222372,6,40,0.687978142076503,0.896571985957066,0.970802490103048
"R-HSA-9842860",0.00715927815872003,10,1.07528011016863,0.452181900236794,0.784386256003508,150729,8,48,0.764420157862781,0.851856487221732,0.954799869363331
"R-HSA-5620912",0.00640647424653165,9,1.08146949474801,0.452449215053236,0.784386256003508,50786,7,30,1.07018822100789,0.49036218872413,0.924537093828172
"R-HSA-168928",0.00341891245415404,5,1.12583014488757,0.456838459650395,0.78672670174011,63543,5,21,1.09202879694683,0.496178188229511,0.924537093828172
"R-HSA-8876198",0.00568277255089566,8,1.08372866776419,0.458162078012826,0.78672670174011,175176,6,30,0.917304189435337,0.664962194367397,0.932016404990625
"R-HSA-9845323",0.00568582894806783,8,1.08314611326496,0.458749404104993,0.78672670174011,175184,6,34,0.809386049501768,0.782652865835245,0.939871619566263
"R-HSA-73929",0.00342741721150268,5,1.12303652169926,0.458951072006893,0.78672670174011,77130,2,19,0.482791678650177,0.941365292051038,0.981575589356704
"R-HSA-211000",0.00796178174666454,11,1.06358760104263,0.459880013599599,0.78672670174011,217080,5,46,0.498534885562683,0.983036313207169,0.991349740703766
"R-HSA-1296065",0.00569459947908361,8,1.08147790699059,0.460434100402901,0.78672670174011,39156,6,20,1.37595628415301,0.258274367035768,0.892207889131184
"R-HSA-5663202",0.0591365013554457,78,1.01538285154088,0.461221179591574,0.78672670174011,145591,47,217,0.993393937867761,0.548120618305043,0.932016404990625
"R-HSA-5696399",0.00419537022271833,6,1.10096067787529,0.462618207053316,0.787299792737523,70359,5,27,0.849355730958645,0.73223277367861,0.932016404990625
"R-HSA-451326",0.00572875139531175,8,1.07503068309598,0.466984220299532,0.791319061253599,102939,6,19,1.44837503595053,0.218322033449073,0.828804911454669
"R-HSA-9675108",0.0761008345293148,100,1.01158278419022,0.467239529368488,0.791319061253599,130709,66,273,1.10882923997678,0.185330233393512,0.799547113584116
"R-HSA-9018519",0.0141213522564184,19,1.03578153197764,0.470110908519644,0.791319061253599,178716,13,54,1.10416245024624,0.393989108407927,0.919307919618497
"R-HSA-9012999",0.0631410460851539,83,1.01194560498555,0.471578931557751,0.791319061253599,136473,53,217,1.12021018525513,0.192372899390903,0.806444583887287
"R-HSA-3371497",0.00348243236060171,5,1.10529489306523,0.472557886110089,0.791319061253599,101446,5,22,1.04239112435834,0.541314154968593,0.932016404990625
"R-HSA-350054",0.0065194280550683,9,1.06273225319611,0.472803208625971,0.791319061253599,133765,6,16,1.71994535519126,0.114586339749142,0.773483054426523
"R-HSA-1630316",0.013398713655451,18,1.03418979533069,0.475164847355333,0.791319061253599,79646,13,52,1.14663023679417,0.338048667361001,0.919307919618497
"R-HSA-400253",0.0118750332217084,16,1.03723221835384,0.475686192808652,0.791319061253599,140653,12,44,1.25086934923,0.237158571643165,0.888745758379941
"R-HSA-9006936",0.0172376813905278,23,1.02716410841501,0.47706740410899,0.791319061253599,162589,18,83,0.994667193363618,0.553711548508774,0.932016404990625
"R-HSA-111933",0.00730664965715197,10,1.05359224384066,0.477281806549068,0.791319061253599,179723,6,21,1.3104345563362,0.299941317186444,0.900525865220288
"R-HSA-111997",0.00730664965715197,10,1.05359224384066,0.477281806549068,0.791319061253599,179723,6,21,1.3104345563362,0.299941317186444,0.900525865220288
"R-HSA-74752",0.00730957316749057,10,1.05317085291304,0.477777546417267,0.791319061253599,140835,6,35,0.786260733801717,0.806556069397535,0.939871619566263
"R-HSA-162588",0.00427603253069686,6,1.08019235381941,0.480612654290748,0.793933605480498,172728,3,14,0.982825917252147,0.617328601262156,0.932016404990625
"R-HSA-9759194",0.00656793174932228,9,1.05488405345071,0.481496121922135,0.793933605480498,52876,8,36,1.01922687715037,0.541047926978345,0.932016404990625
"R-HSA-111996",0.00735103385956519,10,1.04723084593324,0.484797221450401,0.795547845315343,179723,6,22,1.25086934923,0.342715901316634,0.919307919618497
"R-HSA-9662361",0.00658932652952745,9,1.05145896708348,0.485319984062879,0.795547845315343,199090,7,33,0.972898382734448,0.600907643410918,0.932016404990625
"R-HSA-6811434",0.00812151172061872,11,1.04266947327817,0.485691609067184,0.795547845315343,126746,8,42,0.873623037557464,0.725120666192436,0.932016404990625
"R-HSA-5696398",0.00507720725030564,7,1.06136313122555,0.488661896630544,0.798650060131859,64274,6,34,0.809386049501768,0.782652865835245,0.939871619566263
"R-HSA-5607761",0.00358927337479403,5,1.07239385293104,0.498652568807884,0.807556929361864,108549,4,15,1.22307225258045,0.419938859200025,0.922619280789563
"R-HSA-5676590",0.00358927337479403,5,1.07239385293104,0.498652568807884,0.807556929361864,108549,4,15,1.22307225258045,0.419938859200025,0.922619280789563
"R-HSA-9663891",0.0082033700100994,11,1.03226507368736,0.498818862804451,0.807556929361864,95848,10,44,1.04239112435834,0.499831132082436,0.924537093828172
"R-HSA-2995410",0.00666560357199809,9,1.03942672132778,0.498894549861854,0.807556929361864,129847,5,28,0.819021597710122,0.762482703210494,0.939871619566263
"R-HSA-199418",0.0128245096475841,17,1.02046708622244,0.499553410481261,0.807556929361864,148785,11,56,0.900923757481135,0.703128662884114,0.932016404990625
"R-HSA-2029480",0.0105784563865412,14,1.01881794245925,0.508336049888102,0.81681654549395,53983,11,51,0.989249616057716,0.571303602092795,0.932016404990625
"R-HSA-2022928",0.00440479987242864,6,1.04861464268866,0.508940038466201,0.81681654549395,37902,4,16,1.14663023679417,0.473743862507848,0.922619280789563
"R-HSA-1296072",0.0067347047254558,9,1.02876172734415,0.511104770962204,0.81681654549395,53951,7,24,1.33773527625987,0.256210114463468,0.892207889131184
"R-HSA-73857",0.119296762876734,155,1.00021620817537,0.511595435442912,0.81681654549395,159597,120,533,1.03261259598725,0.357338971354844,0.919307919618497
"R-HSA-69618",0.00907058948599373,12,1.0184426605292,0.513753569733483,0.81681654549395,78638,10,42,1.09202879694683,0.435332898277466,0.922619280789563
"R-HSA-9013406",0.0106262956466273,14,1.01423125504244,0.515054952669834,0.81681654549395,263458,10,36,1.27403359643797,0.245543416700729,0.892207889131184
"R-HSA-5689896",0.00443363631531388,6,1.04179443595495,0.515206718969287,0.81681654549395,93084,6,19,1.44837503595053,0.218322033449073,0.828804911454669
"R-HSA-9013405",0.00675809280816457,9,1.02520143821381,0.515216836723327,0.81681654549395,199813,8,30,1.22307225258045,0.323409517503035,0.919307919618497
"R-HSA-2559580",0.00675849146866528,9,1.02514096505636,0.515286834049325,0.81681654549395,233219,6,41,0.67119818739171,0.909466878162669,0.970802490103048
"R-HSA-400042",0.00598934247594748,8,1.02825703330895,0.516289703283912,0.81681654549395,75636,4,18,1.01922687715037,0.574708313790709,0.932016404990625
"R-HSA-73887",0.0253739435496731,33,1.00119072914889,0.521290144106145,0.819747445410982,132983,24,71,1.55037327791888,0.013036904857944,0.693915618271441
"R-HSA-5687128",0.00989913889331845,13,1.01096654337905,0.521785768189138,0.819747445410982,218652,10,34,1.34897674916961,0.189649989205936,0.799547113584116
"R-HSA-5663213",0.00524344867910487,7,1.02771304056806,0.522127409203008,0.819747445410982,37665,4,24,0.764420157862781,0.800901062093878,0.939871619566263
"R-HSA-166166",0.013013873385425,17,1.00561835855562,0.523666157850142,0.819747445410982,126892,15,54,1.27403359643797,0.181879235756757,0.799547113584116
"R-HSA-937061",0.013013873385425,17,1.00561835855562,0.523666157850142,0.819747445410982,126892,15,54,1.27403359643797,0.181879235756757,0.799547113584116
"R-HSA-168273",0.00838010949875086,11,1.01049423628918,0.526854763455957,0.822853116096543,51272,7,44,0.729673787050836,0.874094089300028,0.963711462497208
"R-HSA-9645723",0.00449649178759369,6,1.02723142007864,0.528757946353178,0.822853116096543,94595,5,35,0.655217278168098,0.906385668846785,0.970802490103048
"R-HSA-9612973",0.0146159570509754,19,1.0007306276788,0.529913970537507,0.822853116096543,141126,15,75,0.917304189435337,0.691771566268102,0.932016404990625
"R-HSA-9824594",0.00528358050284378,7,1.01990697069252,0.530085969668662,0.822853116096543,346548,4,15,1.22307225258045,0.419938859200025,0.922619280789563
"R-HSA-373755",0.00689058098123638,9,1.00548944789697,0.538291721138751,0.833846465730591,218650,10,36,1.27403359643797,0.245543416700729,0.892207889131184
"R-HSA-2173793",0.00612302663052145,8,1.00580707833123,0.54098484169054,0.835661268063055,113734,6,26,1.05842791088693,0.513803584254512,0.929859169553288
"R-HSA-69473",0.00377318875245841,5,1.02012248952833,0.542338255014885,0.835661268063055,72752,4,29,0.632623578920922,0.904678239991992,0.970802490103048
"R-HSA-201681",0.0170609419018764,22,0.992682865537295,0.542887508947263,0.835661268063055,87553,16,90,0.8153815017203,0.856063136504279,0.958067642965573
"R-HSA-5617833",0.0147342263328549,19,0.992697922736127,0.543968183927838,0.835661268063055,54681,15,69,0.997069771125366,0.552683306625323,0.932016404990625
"R-HSA-442982",0.00379086270132355,5,1.01536642365715,0.546442909043269,0.836613680233814,88506,4,9,2.03845375430075,0.1112028574589,0.773483054426523
"R-HSA-3232142",0.00379259023016,5,1.01490392318386,0.546843173737735,0.836613680233814,122928,2,14,0.655217278168098,0.843516846725449,0.952647641202866
"R-HSA-76009",0.00379963323233934,5,1.01302269673233,0.548473271908722,0.837381003613728,120538,1,14,0.327608639084049,0.968143419957163,0.984058106312624
"R-HSA-1912408",0.00617272630627757,8,0.997708827544464,0.550039889188211,0.83804845539559,273319,4,33,0.555941932991113,0.949719180897697,0.982833517749081
"R-HSA-2514856",0.00382687503322171,5,1.00581144411652,0.55475162444753,0.841770358568645,60592,3,15,0.917304189435337,0.666676036777689,0.932016404990625
"R-HSA-2514859",0.00382687503322171,5,1.00581144411652,0.55475162444753,0.841770358568645,60592,3,15,0.917304189435337,0.666676036777689,0.932016404990625
"R-HSA-4090294",0.00622734279487588,8,0.988958489784215,0.559905347809556,0.844103184488973,188034,4,12,1.52884031572556,0.255224673077277,0.892207889131184
"R-HSA-1169091",0.00385278796576835,5,0.999046596339373,0.5606835984607,0.844103184488973,96215,5,18,1.27403359643797,0.353413118456461,0.919307919618497
"R-HSA-73933",0.00464984319353638,6,0.993353421199763,0.561133820762157,0.844103184488973,64520,3,18,0.764420157862781,0.786239957927728,0.939871619566263
"R-HSA-418597",0.00623877106256312,8,0.98714690185456,0.561957928157828,0.844103184488973,85487,4,22,0.83391289948667,0.739079711540251,0.93264820741984
"R-HSA-6807070",0.0133306755966619,17,0.981719935903239,0.563264629109538,0.844103184488973,192690,11,54,0.93429130405451,0.653515357017947,0.932016404990625
"R-HSA-450531",0.00467230106841014,6,0.988578770227558,0.565786868120404,0.844103184488973,55939,6,29,0.948935368381383,0.630042193238743,0.932016404990625
"R-HSA-1660499",0.00626229203210546,8,0.983439209512316,0.566169320975657,0.844103184488973,61996,4,21,0.873623037557464,0.703122337618131,0.932016404990625
"R-HSA-9705683",0.0165040131823739,21,0.979536405876222,0.567632809886764,0.844103184488973,125813,17,70,1.11386937288577,0.350845011345971,0.919307919618497
"R-HSA-192823",0.00547825971402753,7,0.983662853965662,0.567913287055214,0.844103184488973,45374,5,28,0.819021597710122,0.762482703210494,0.939871619566263
"R-HSA-6791226",0.00864933822356881,11,0.979040491778337,0.568530113110283,0.844103184488973,69673,8,56,0.655217278168098,0.943212122926321,0.981575589356704
"R-HSA-15869",0.00468691862010312,6,0.985495592889167,0.568802684965615,0.844103184488973,134514,6,34,0.809386049501768,0.782652865835245,0.939871619566263
"R-HSA-2871837",0.00556383883484824,7,0.968532832280074,0.584089810858368,0.861525685887741,146387,7,27,1.1890980233421,0.372211979527185,0.919307919618497
"R-HSA-8868773",0.00875511614309254,11,0.967211880409028,0.584492450867931,0.861525685887741,69673,8,58,0.632623578920922,0.956223039494313,0.984058106312624
"R-HSA-156902",0.00556662945835327,7,0.968047294216625,0.584612302197457,0.861525685887741,45374,5,29,0.790779473651153,0.790074476121275,0.939871619566263
"R-HSA-5617472",0.00956187210971137,12,0.966115754602208,0.58634834416888,0.861525685887741,148478,7,35,0.917304189435337,0.667120715284175,0.932016404990625
"R-HSA-5619507",0.00956187210971137,12,0.966115754602208,0.58634834416888,0.861525685887741,148478,7,35,0.917304189435337,0.667120715284175,0.932016404990625
"R-HSA-1489509",0.00801892308510073,10,0.960007887036572,0.593669210442565,0.870558407407872,179723,6,25,1.1007650273224,0.472020453220527,0.922619280789563
"R-HSA-446353",0.00401397969489183,5,0.958927298141675,0.596656909794693,0.87181999135079,92110,4,13,1.4112372145159,0.309606601725307,0.900525865220288
"R-HSA-9648025",0.00965688619571573,12,0.956610143420969,0.59985144619027,0.87181999135079,53938,10,47,0.97585552067589,0.592145301081899,0.932016404990625
"R-HSA-1852241",0.0262580396534311,33,0.967481098329454,0.600123305985376,0.87181999135079,85194,25,112,1.02377699713765,0.48416156878375,0.924537093828172
"R-HSA-9700206",0.00806583213735183,10,0.954424698672667,0.600923413137116,0.87181999135079,215133,8,44,0.83391289948667,0.773873152429765,0.939871619566263
"R-HSA-9725370",0.00806583213735183,10,0.954424698672667,0.600923413137116,0.87181999135079,215133,8,44,0.83391289948667,0.773873152429765,0.939871619566263
"R-HSA-72306",0.00646893105831074,8,0.952024912659571,0.602361183358404,0.87181999135079,44394,6,39,0.705618607257952,0.882136315511164,0.965405820220182
"R-HSA-212165",0.0160444905118801,20,0.959610328733868,0.603826069188685,0.87181999135079,165444,16,97,0.756539537678628,0.922806225572114,0.972192493817085
"R-HSA-446728",0.0184221017381598,23,0.961124191381881,0.604273324007547,0.87181999135079,256641,16,61,1.20302188778405,0.241922889625388,0.892207889131184
"R-HSA-5633008",0.00405703502896933,5,0.948750670411642,0.605981953784513,0.87181999135079,37069,5,21,1.09202879694683,0.496178188229511,0.924537093828172
"R-HSA-446652",0.00891298570137671,11,0.950080324559702,0.607820622658241,0.87181999135079,147966,11,51,0.989249616057716,0.571303602092795,0.932016404990625
"R-HSA-381426",0.00731169935682773,9,0.947578138595496,0.608595082899982,0.87181999135079,94343,9,51,0.809386049501768,0.811937612051179,0.939871619566263
"R-HSA-196071",0.00488505288895976,6,0.945524592943634,0.608629050565646,0.87181999135079,195010,3,15,0.917304189435337,0.666676036777689,0.932016404990625
"R-HSA-168181",0.0129369319087865,16,0.952093366373258,0.611774063906884,0.872644645345356,142539,13,53,1.12499570402447,0.36586467658992,0.919307919618497
"R-HSA-421270",0.0145354276298304,18,0.953313055928789,0.612553656965946,0.872644645345356,302344,12,46,1.19648372535044,0.29105492020061,0.900525865220288
"R-HSA-5576891",0.0192968957635677,24,0.957446772980406,0.612732965262709,0.872644645345356,62385,12,58,0.948935368381383,0.632729461198008,0.932016404990625
"R-HSA-5693565",0.00492731090203583,6,0.937415506383692,0.616856462230517,0.873040935424369,79209,5,27,0.849355730958645,0.73223277367861,0.932016404990625
"R-HSA-977225",0.00575519587519269,7,0.936329657917163,0.619141523627965,0.873040935424369,151546,6,29,0.948935368381383,0.630042193238743,0.932016404990625
"R-HSA-9833110",0.00494113113272737,6,0.934793576666781,0.619525931837975,0.873040935424369,95379,5,34,0.674488374584807,0.892124297496892,0.969189207529566
"R-HSA-9664407",0.00819287195024717,10,0.939625256440641,0.620252235485139,0.873040935424369,53799,7,35,0.917304189435337,0.667120715284175,0.932016404990625
"R-HSA-9664417",0.00819287195024717,10,0.939625256440641,0.620252235485139,0.873040935424369,53799,7,35,0.917304189435337,0.667120715284175,0.932016404990625
"R-HSA-9664422",0.00819287195024717,10,0.939625256440641,0.620252235485139,0.873040935424369,53799,7,35,0.917304189435337,0.667120715284175,0.932016404990625
"R-HSA-9013106",0.0162048849200021,20,0.950112197061542,0.621247458091734,0.873040935424369,164269,10,43,1.06663277841318,0.467759273710989,0.922619280789563
"R-HSA-212436",0.112535215010897,143,0.978224287506983,0.62292082789666,0.87333834005843,166104,111,492,1.03476387222889,0.354725454090014,0.919307919618497
"R-HSA-9007101",0.0090238133205762,11,0.938411738710399,0.623815484410213,0.87333834005843,135887,9,43,0.959969500571864,0.614823820858693,0.932016404990625
"R-HSA-5578775",0.00743143039387657,9,0.932311291271952,0.627580306845492,0.87333834005843,63150,6,27,1.01922687715037,0.55425832846232,0.932016404990625
"R-HSA-373752",0.00987043533726678,12,0.935913662673531,0.629438467637665,0.87333834005843,139812,8,25,1.46768670309654,0.159225173432425,0.787633857912398
"R-HSA-8943724",0.00500438526550789,6,0.922978028126103,0.631607860324542,0.87333834005843,115441,4,24,0.764420157862781,0.800901062093878,0.939871619566263
"R-HSA-1799339",0.0066515175676394,8,0.925891492153832,0.633025298219669,0.87333834005843,61272,6,36,0.764420157862781,0.828356867681306,0.944258681258723
"R-HSA-112043",0.00827964705257003,10,0.929777484276552,0.633176423389183,0.87333834005843,179723,6,31,0.887713731711616,0.69772684614409,0.932016404990625
"R-HSA-1592230",0.0115238133205762,14,0.935239132248629,0.634950779600715,0.87333834005843,126606,10,43,1.06663277841318,0.467759273710989,0.922619280789563
"R-HSA-1483249",0.00666400892999522,8,0.924155953343461,0.635074825993055,0.87333834005843,79961,6,27,1.01922687715037,0.55425832846232,0.932016404990625
"R-HSA-450294",0.00991216180300856,12,0.931973818857528,0.635088897787624,0.87333834005843,158135,10,34,1.34897674916961,0.189649989205936,0.799547113584116
"R-HSA-170834",0.0107260936586403,13,0.9330235729711,0.635972307917816,0.87333834005843,116612,11,50,1.00903460837887,0.542169195075227,0.932016404990625
"R-HSA-5683057",0.0385793068622761,48,0.957806247962081,0.639621829115718,0.87333834005843,141453,35,147,1.09202879694683,0.305828188472941,0.900525865220288
"R-HSA-975956",0.0058755913464094,7,0.917143529452322,0.640342901969601,0.87333834005843,45374,5,32,0.716643897996357,0.857926828780124,0.958707389992246
"R-HSA-76002",0.0251518896507734,31,0.948815834268692,0.640835165478868,0.87333834005843,100886,25,115,0.997069771125366,0.543735833401137,0.932016404990625
"R-HSA-927802",0.00670932334024345,8,0.917914253565488,0.64245611498968,0.87333834005843,50602,6,38,0.724187517975266,0.866035557910819,0.960535701001237
"R-HSA-975957",0.00670932334024345,8,0.917914253565488,0.64245611498968,0.87333834005843,50602,6,38,0.724187517975266,0.866035557910819,0.960535701001237
"R-HSA-418990",0.0107946632647637,13,0.927096842573559,0.644807353304647,0.87333834005843,316168,8,33,1.11188386598223,0.433367940649336,0.922619280789563
"R-HSA-8854214",0.00424932227714878,5,0.905818493531833,0.646071257376507,0.87333834005843,29439,4,19,0.965583357300355,0.62085454826009,0.932016404990625
"R-HSA-9659379",0.0124209323340243,15,0.929668063581923,0.646124491598467,0.87333834005843,135377,11,47,1.07344107274348,0.451318744926937,0.922619280789563
"R-HSA-9013026",0.0156718758305427,19,0.933304732114032,0.649724209189064,0.87333834005843,182223,11,42,1.20123167664151,0.298509600158855,0.900525865220288
"R-HSA-1257604",0.028435390421517,35,0.94754468027064,0.649777908755045,0.87333834005843,172836,23,116,0.909396394698825,0.732298603921205,0.932016404990625
"R-HSA-211859",0.0124566788922554,15,0.927000222991522,0.650378752833644,0.87333834005843,107887,13,72,0.828121837684679,0.819466375802675,0.940501131886558
"R-HSA-9035034",0.00593871259235635,7,0.907395416306431,0.651181051177572,0.87333834005843,183242,6,26,1.05842791088693,0.513803584254512,0.929859169553288
"R-HSA-382551",0.0662912613618243,83,0.963857117325234,0.651451158780139,0.87333834005843,121122,61,294,0.951625094482237,0.694801675825249,0.932016404990625
"R-HSA-9013408",0.0140965024185404,17,0.928385609687773,0.653380702342105,0.87333834005843,197343,14,44,1.45934757410167,0.0803151545183444,0.773483054426523
"R-HSA-168138",0.013297985435603,16,0.926243084805994,0.654307045834492,0.87333834005843,142539,13,56,1.06472807702316,0.45056331517676,0.922619280789563
"R-HSA-5688426",0.0213357784510711,26,0.938114187148849,0.655365618567065,0.87333834005843,169636,24,103,1.06870391002175,0.393189538044453,0.919307919618497
"R-HSA-187037",0.0149215967681922,18,0.928641428145508,0.655503414553893,0.87333834005843,174037,11,58,0.869857421016268,0.748079182431391,0.939871619566263
"R-HSA-9006925",0.0364543135066178,45,0.950286235023319,0.656721631534593,0.87333834005843,174334,29,141,0.943327003320027,0.672416933572241,0.932016404990625
"R-HSA-422356",0.0117325785361186,14,0.918597828853424,0.66063298091176,0.87333834005843,58609,8,42,0.873623037557464,0.725120666192436,0.932016404990625
"R-HSA-114508",0.0051615903896242,6,0.894867142814503,0.660639877618666,0.87333834005843,81368,6,19,1.44837503595053,0.218322033449073,0.828804911454669
"R-HSA-977444",0.00682838994312444,8,0.901908587102616,0.661441238005713,0.87333834005843,39156,6,24,1.14663023679417,0.429277899748396,0.922619280789563
"R-HSA-991365",0.00682838994312444,8,0.901908587102616,0.661441238005713,0.87333834005843,39156,6,24,1.14663023679417,0.429277899748396,0.922619280789563
"R-HSA-448424",0.0101182692818796,12,0.912989665656298,0.662330388742533,0.87333834005843,158135,10,35,1.3104345563362,0.216874228835467,0.828804911454669
"R-HSA-9748784",0.00766903205230426,9,0.903426458418697,0.663750875372882,0.87333834005843,89441,6,30,0.917304189435337,0.664962194367397,0.932016404990625
"R-HSA-168643",0.00434141285281454,5,0.886604161850855,0.664335177476253,0.87333834005843,170330,5,25,0.917304189435337,0.663607051000599,0.932016404990625
"R-HSA-9031628",0.00434486791048743,5,0.885899130403335,0.665008304761473,0.87333834005843,192379,4,19,0.965583357300355,0.62085454826009,0.932016404990625
"R-HSA-3371453",0.00436347206718758,5,0.882121999258967,0.668617680300227,0.87508823413502,162996,3,28,0.491412958626073,0.961234942658957,0.984058106312624
"R-HSA-5619102",0.00770265242119811,9,0.89948320236356,0.668699499669213,0.87508823413502,57838,5,41,0.559331822826425,0.961985336145537,0.984058106312624
"R-HSA-112040",0.0085608355924095,10,0.899238085364237,0.67339277445751,0.879184828605209,179723,6,33,0.83391289948667,0.756573947687579,0.939871619566263
"R-HSA-6803157",0.00523786743209483,6,0.881835537883117,0.674199686625827,0.879184828605209,49771,3,22,0.625434674615002,0.888220621086991,0.967509132910465
"R-HSA-114608",0.00859007069579546,10,0.896177654393968,0.67742157343563,0.881836504367083,109857,8,45,0.8153815017203,0.795758949562552,0.939871619566263
"R-HSA-9609736",0.0061150534205071,7,0.881228701452385,0.68040910067346,0.884174347985476,198789,5,19,1.20697919662544,0.401659934530528,0.922360785558411
"R-HSA-418885",0.00528039121883804,6,0.874733983319935,0.681606506386186,0.884181866675787,174137,4,11,1.66782579897334,0.203078312779333,0.827934659792664
"R-HSA-4791275",0.00613126561420294,7,0.878898570726163,0.683016906115374,0.884465173364062,84605,4,23,0.797655816900293,0.771632506985662,0.939871619566263
"R-HSA-2408557",0.00614136501355446,7,0.877453232819094,0.684634592506513,0.885015448849883,45374,5,31,0.739761443093014,0.837668102919736,0.950381853771321
"R-HSA-199992",0.00953064370382183,11,0.888507913118633,0.69245762011664,0.893118495643301,97044,7,26,1.23483256270142,0.332743349773908,0.919307919618497
"R-HSA-76005",0.00870993461967788,10,0.883844683500166,0.693627840693559,0.893118495643301,109857,8,46,0.797655816900293,0.816019315413446,0.940153944034704
"R-HSA-8957275",0.00706359963854781,8,0.871876074654649,0.69713319904012,0.893118495643301,102801,8,48,0.764420157862781,0.851856487221732,0.954799869363331
"R-HSA-5358351",0.0103961356508797,12,0.888587413526285,0.697193507240265,0.893118495643301,153107,12,61,0.902266415838036,0.705260254533792,0.932016404990625
"R-HSA-2500257",0.0104030457662255,12,0.887997178545083,0.69803206841789,0.893118495643301,53938,10,49,0.936024683097283,0.649010778586445,0.932016404990625
"R-HSA-190236",0.00707037686706001,8,0.87104034786054,0.698124969640316,0.893118495643301,49634,8,37,0.991680204794959,0.575188231266794,0.932016404990625
"R-HSA-168142",0.0120993461967788,14,0.890752359247324,0.703272111120139,0.895073595971086,140588,12,48,1.14663023679417,0.348024562772708,0.919307919618497
"R-HSA-168176",0.0120993461967788,14,0.890752359247324,0.703272111120139,0.895073595971086,140588,12,48,1.14663023679417,0.348024562772708,0.919307919618497
"R-HSA-975871",0.0120993461967788,14,0.890752359247324,0.703272111120139,0.895073595971086,140588,12,48,1.14663023679417,0.348024562772708,0.919307919618497
"R-HSA-381676",0.00457303460373146,5,0.841698136392277,0.707489889352539,0.897525507726004,41670,3,17,0.809386049501768,0.750984683904892,0.939871619566263
"R-HSA-6785807",0.0121538297985436,14,0.886759264262725,0.709322038333412,0.897525507726004,160653,13,54,1.10416245024624,0.393989108407927,0.919307919618497
"R-HSA-72312",0.00966711848190081,11,0.875964473158596,0.709576263195038,0.897525507726004,69673,8,66,0.555941932991113,0.985573374447019,0.991827314418977
"R-HSA-9820952",0.00630455004518152,7,0.854741503588188,0.71003702565386,0.897525507726004,105146,6,43,0.63997966704791,0.931128025037648,0.974466847077482
"R-HSA-427413",0.00459469515760378,5,0.837730158713195,0.711319326683191,0.897617245576407,114868,4,31,0.591809154474411,0.930429146527586,0.974466847077482
"R-HSA-4551638",0.00634561207675543,7,0.849210528453979,0.716208755499169,0.902252795552433,125080,5,21,1.09202879694683,0.496178188229511,0.924537093828172
"R-HSA-4086400",0.00721841279965981,8,0.853176965174299,0.719265661146582,0.904568000967397,65317,6,38,0.724187517975266,0.866035557910819,0.960535701001237
"R-HSA-5673001",0.0310119332376548,37,0.918467371527478,0.722321525700888,0.906705615558818,112126,27,123,1.00679728108756,0.51987591240616,0.932016404990625
"R-HSA-112314",0.0261838888002977,31,0.91141966514009,0.723409332090055,0.906705615558818,178934,21,90,1.07018822100789,0.402248221281911,0.922360785558411
"R-HSA-5684996",0.0310731940679317,37,0.916656612271798,0.726513421731179,0.908298134249971,112126,27,125,0.990688524590164,0.557666020502772,0.932016404990625
"R-HSA-9013148",0.0318881890182321,38,0.917370118785125,0.727128155989869,0.908298134249971,165444,20,86,1.06663277841318,0.412967568635422,0.922619280789563
"R-HSA-5693532",0.0115083984478818,13,0.869599560245434,0.729605287153067,0.909795737157067,104222,11,61,0.827077547851533,0.806441006364705,0.939871619566263
"R-HSA-72764",0.00644886514644129,7,0.835613780517514,0.731333164057788,0.909795737157067,45374,5,29,0.790779473651153,0.790074476121275,0.939871619566263
"R-HSA-936837",0.0081632381863605,9,0.848732611782539,0.732005465071117,0.909795737157067,203192,5,27,0.849355730958645,0.73223277367861,0.932016404990625
"R-HSA-9658195",0.0190223515654069,22,0.890326552828468,0.736671868017049,0.912538440849166,54676,15,81,0.849355730958645,0.801881849762782,0.939871619566263
"R-HSA-9824443",0.0190223515654069,22,0.890326552828468,0.736671868017049,0.912538440849166,54676,15,81,0.849355730958645,0.801881849762782,0.939871619566263
"R-HSA-5250941",0.00477170041992239,5,0.806654727850825,0.741284743237254,0.915783369685909,114868,4,33,0.555941932991113,0.949719180897697,0.982833517749081
"R-HSA-5620924",0.00477462393026099,5,0.806160811791468,0.741759845257724,0.915783369685909,97413,4,23,0.797655816900293,0.771632506985662,0.939871619566263
"R-HSA-168256",0.158008292138415,197,0.959792155652858,0.745678901024152,0.915997323038224,111880,163,758,0.986283528218733,0.598726400398082,0.932016404990625
"R-HSA-9833482",0.00480492212831553,5,0.801077437017187,0.74664586165979,0.915997323038224,62923,5,23,0.997069771125366,0.584453933174545,0.932016404990625
"R-HSA-2173789",0.00480864295965556,5,0.800457579386156,0.747241154364583,0.915997323038224,169206,5,27,0.849355730958645,0.73223277367861,0.932016404990625
"R-HSA-449147",0.0387141869983522,46,0.9146997010371,0.750875686545029,0.915997323038224,154347,39,176,1.01633134624938,0.484050072222274,0.924537093828172
"R-HSA-428157",0.00745747621325679,8,0.825826774323632,0.751270872505184,0.915997323038224,15768,7,45,0.713458814005262,0.88852424662009,0.967509132910465
"R-HSA-114452",0.00483495455270292,5,0.796101527255591,0.751421162654158,0.915997323038224,39315,5,18,1.27403359643797,0.353413118456461,0.919307919618497
"R-HSA-9856651",0.017564051453782,20,0.876589257039408,0.752697725331425,0.915997323038224,247126,13,51,1.16911318261366,0.310693559968186,0.900525865220288
"R-HSA-9619483",0.00485435603040451,5,0.792919736317203,0.754470268781097,0.915997323038224,49864,3,18,0.764420157862781,0.786239957927728,0.939871619566263
"R-HSA-5654736",0.00486605007175889,5,0.79101419978337,0.756294534823079,0.915997323038224,58979,6,23,1.19648372535044,0.386010953427164,0.919307919618497
"R-HSA-9755511",0.00836137245521714,9,0.828620720296902,0.756584336697912,0.915997323038224,55599,9,46,0.89736279401283,0.699522211770806,0.932016404990625
"R-HSA-157858",0.00486884069526391,5,0.790560822284108,0.756728366679774,0.915997323038224,76128,4,26,0.705618607257952,0.850284622160144,0.954799869363331
"R-HSA-975138",0.0126144155637059,14,0.854381331873974,0.757389330396025,0.915997323038224,140588,12,51,1.07918139933569,0.436225896829527,0.922619280789563
"R-HSA-163685",0.0143188220911072,16,0.860208121394831,0.759934458365681,0.915997323038224,52325,10,55,0.83391289948667,0.789942028602882,0.939871619566263
"R-HSA-1296071",0.0159909371179504,18,0.866541643608283,0.760166161161731,0.915997323038224,67743,14,53,1.21153383510328,0.252460946656634,0.892207889131184
"R-HSA-2555396",0.0176844469249987,20,0.870621449444839,0.762768149105897,0.915997323038224,100861,16,80,0.917304189435337,0.694958538535013,0.932016404990625
"R-HSA-68882",0.0176844469249987,20,0.870621449444839,0.762768149105897,0.915997323038224,100861,16,80,0.917304189435337,0.694958538535013,0.932016404990625
"R-HSA-1638091",0.00667836070802105,7,0.80689870174177,0.762919603285205,0.915997323038224,33191,5,25,0.917304189435337,0.663607051000599,0.932016404990625
"R-HSA-5693538",0.00759315367033434,8,0.811070576623519,0.768254971423498,0.918906160715216,110593,7,48,0.668867638129933,0.923713892373376,0.972192493817085
"R-HSA-2029482",0.00846635305373944,9,0.818346036662451,0.768950920217949,0.918906160715216,43989,6,39,0.705618607257952,0.882136315511164,0.965405820220182
"R-HSA-9010553",0.00934207728698241,10,0.824038291565339,0.770475163206751,0.918906160715216,59843,8,55,0.667130319589336,0.935506661515771,0.977670342034792
"R-HSA-9662360",0.0119075904959337,13,0.840446959678768,0.770893772291417,0.918906160715216,82204,9,42,0.982825917252147,0.584042869130104,0.932016404990625
"R-HSA-68877",0.0152863711263488,17,0.856121435501719,0.771534417959002,0.918906160715216,46289,13,70,0.851782461618527,0.786251121790995,0.939871619566263
"R-HSA-9705671",0.011931111465476,13,0.838790104204929,0.773184246481173,0.918950635676879,152441,10,44,1.04239112435834,0.499831132082436,0.924537093828172
"R-HSA-975155",0.0128061712645511,14,0.841588086516087,0.775746621501129,0.918950635676879,140588,12,52,1.05842791088693,0.465679065670085,0.922619280789563
"R-HSA-8939211",0.02285002391963,26,0.875946411663036,0.777881060307247,0.918950635676879,148914,18,93,0.887713731711616,0.754742772345576,0.939871619566263
"R-HSA-2408522",0.00767541062031574,8,0.802378378231408,0.778137075792016,0.918950635676879,40048,6,42,0.655217278168098,0.920945023777985,0.972035857245043
"R-HSA-5693567",0.00679862329240419,7,0.792625264454065,0.778357680404494,0.918950635676879,126182,6,45,0.611536126290225,0.948073250495382,0.982833517749081
"R-HSA-8948751",0.00592462658799766,6,0.779616668787029,0.780132472575213,0.918950635676879,120200,5,22,1.04239112435834,0.541314154968593,0.932016404990625
"R-HSA-69620",0.0170823366820815,19,0.856243273151945,0.781568883411202,0.918950635676879,77906,16,95,0.772466685840284,0.907061084486756,0.970802490103048
"R-HSA-73884",0.00594243342369638,6,0.777280503627195,0.782491588533346,0.918950635676879,64520,3,31,0.443856865855808,0.977825300195831,0.991349740703766
"R-HSA-8941326",0.00683370541646734,7,0.788556172187349,0.7827180616547,0.918950635676879,188783,7,19,1.68977087527562,0.0991451397136218,0.773483054426523
"R-HSA-597592",0.135984027002605,167,0.945408324305504,0.79328635466465,0.928836760072041,122563,130,583,1.02272336729497,0.39854120149927,0.922360785558411
"R-HSA-166058",0.013046829320151,14,0.82606439508524,0.797397595910903,0.928836760072041,140588,12,53,1.03845757294566,0.494893033205743,0.924537093828172
"R-HSA-168179",0.013046829320151,14,0.82606439508524,0.797397595910903,0.928836760072041,140588,12,53,1.03845757294566,0.494893033205743,0.924537093828172
"R-HSA-168188",0.013046829320151,14,0.82606439508524,0.797397595910903,0.928836760072041,140588,12,53,1.03845757294566,0.494893033205743,0.924537093828172
"R-HSA-181438",0.013046829320151,14,0.82606439508524,0.797397595910903,0.928836760072041,140588,12,53,1.03845757294566,0.494893033205743,0.924537093828172
"R-HSA-388841",0.00702054430447031,7,0.767570198457996,0.804865857789387,0.936066561880447,105924,8,26,1.4112372145159,0.188566406459334,0.799547113584116
"R-HSA-438066",0.00523893052676341,5,0.734713828319487,0.809230498970013,0.937508759328371,88506,4,10,1.83460837887067,0.15459264304406,0.775052304991164
"R-HSA-9620244",0.00523893052676341,5,0.734713828319487,0.809230498970013,0.937508759328371,88506,4,10,1.83460837887067,0.15459264304406,0.775052304991164
"R-HSA-177929",0.00524517620794132,5,0.733838969564172,0.81003293582146,0.937508759328371,237936,4,23,0.797655816900293,0.771632506985662,0.939871619566263
"R-HSA-71291",0.0241835432945304,27,0.859477833599311,0.811159869931016,0.937508759328371,126719,22,128,0.788308287795993,0.919920471080505,0.972035857245043
"R-HSA-111885",0.012363525221921,13,0.809453456823398,0.812474582106443,0.937567869242582,145242,9,50,0.825573770491803,0.792393717284968,0.939871619566263
"R-HSA-69481",0.00712113963748472,7,0.75672727391831,0.816052923775941,0.940234890437497,76546,6,48,0.573315118397086,0.966524733183811,0.984058106312624
"R-HSA-2467813",0.0142036092063998,15,0.812986610871519,0.821828466205191,0.945421274301166,74853,13,67,0.889921974825327,0.728736661137975,0.932016404990625
"R-HSA-5619115",0.0107675543507149,11,0.786441569937162,0.824893456600891,0.947478242721147,62964,7,62,0.51783301016511,0.989701828378003,0.993719562458022
"R-HSA-392499",0.17270903098921,212,0.944956164125585,0.826987399700824,0.948415225004655,119442,166,784,0.971125608713431,0.688446107980372,0.932016404990625
"R-HSA-9646399",0.00542497209376495,5,0.709517880846253,0.831996761410259,0.950390833237185,173770,5,23,0.997069771125366,0.584453933174545,0.932016404990625
"R-HSA-1280215",0.0687301334183809,81,0.907253559643726,0.832001310221532,0.950390833237185,129448,68,285,1.0943278049404,0.215065934471755,0.828804911454669
"R-HSA-8878166",0.0117364322542922,12,0.787111030722742,0.83255261671721,0.950390833237185,131400,13,54,1.10416245024624,0.393989108407927,0.919307919618497
"R-HSA-8856825",0.00910514006272259,9,0.760933540701734,0.834559327048269,0.950792681845674,155911,9,42,0.982825917252147,0.584042869130104,0.932016404990625
"R-HSA-453279",0.0091152394620741,9,0.760090450211409,0.835467423939864,0.950792681845674,53331,8,56,0.655217278168098,0.943212122926321,0.981575589356704
"R-HSA-202403",0.0118371604741402,12,0.78041311587056,0.840520213470005,0.955078098613697,118184,13,45,1.32499494029549,0.16433804303618,0.794742036173938
"R-HSA-1266738",0.160756258969861,196,0.938596713737412,0.842929763773063,0.956351505687481,158392,137,587,1.07044867080614,0.187207069506117,0.799547113584116
"R-HSA-5675221",0.00555559985116675,5,0.692835122531333,0.846620106089718,0.959071936974917,53608,4,21,0.873623037557464,0.703122337618131,0.932016404990625
"R-HSA-5610787",0.00749455163982353,7,0.719023744720281,0.853255069341524,0.963494681352723,76219,7,42,0.764420157862781,0.840598004470774,0.950798352617857
"R-HSA-112310",0.00659690107904109,6,0.700167789239186,0.856410305233522,0.963494681352723,175502,5,29,0.790779473651153,0.790074476121275,0.939871619566263
"R-HSA-204998",0.0190378993249349,20,0.808726769255848,0.857286040037976,0.963494681352723,136048,12,40,1.37595628415301,0.143529843545972,0.773483054426523
"R-HSA-8955332",0.00846768192207516,8,0.727304542431348,0.857874146652395,0.963494681352723,124322,8,26,1.4112372145159,0.188566406459334,0.799547113584116
"R-HSA-9754189",0.00566762345186839,5,0.679140866768287,0.858307512943537,0.963494681352723,216902,5,15,1.52884031572556,0.213543377549239,0.828804911454669
"R-HSA-425393",0.016463881358635,17,0.794890931684095,0.858315342822304,0.963494681352723,113322,15,50,1.37595628415301,0.110516090002275,0.773483054426523
"R-HSA-5689880",0.0121338967735077,12,0.761327993893351,0.862302774541698,0.966508547900211,102229,12,67,0.821466438300302,0.82122949287724,0.940501131886558
"R-HSA-163125",0.00854422473821294,8,0.720789037564239,0.864177560859361,0.967016185015686,77080,8,47,0.780684416540712,0.83469946516902,0.949918716496032
"R-HSA-162909",0.0103971987455483,10,0.740413797565661,0.866390964326465,0.967016185015686,81543,7,42,0.764420157862781,0.840598004470774,0.950798352617857
"R-HSA-193704",0.0226553447084463,24,0.815513990854403,0.867428465343547,0.967016185015686,138735,16,49,1.49763949295565,0.0519135907871282,0.753146348371321
"R-HSA-397014",0.026071865199596,28,0.826754901317752,0.86796870514885,0.967016185015686,84312,15,90,0.764420157862781,0.909315341864317,0.970802490103048
"R-HSA-532668",0.00693124435230957,6,0.666393710792019,0.885375809744622,0.984930810840345,98697,4,11,1.66782579897334,0.203078312779333,0.827934659792664
"R-HSA-156580",0.00599186732578536,5,0.642389841820081,0.888002339514601,0.984931011196321,92573,4,31,0.591809154474411,0.930429146527586,0.974466847077482
"R-HSA-500792",0.0467244724392707,52,0.856741463901133,0.888652079775506,0.984931011196321,116932,37,175,0.969721571688785,0.614589524260613,0.932016404990625
"R-HSA-112315",0.0359264870036677,39,0.83568133686872,0.890813806026778,0.984931011196321,169372,28,131,0.980325087946162,0.582381717754702,0.932016404990625
"R-HSA-442742",0.00603824483070217,5,0.637455885201422,0.891780096197743,0.984931011196321,88506,4,14,1.3104345563362,0.364900064093148,0.919307919618497
"R-HSA-437239",0.00797666507202466,7,0.675565607482331,0.89201299127214,0.984931011196321,40699,6,25,1.1007650273224,0.472020453220527,0.922619280789563
"R-HSA-9617324",0.00615040131823739,5,0.625831470900059,0.900464403808482,0.992192207537813,88506,4,12,1.52884031572556,0.255224673077277,0.892207889131184
"R-HSA-9793380",0.00714625524902993,6,0.646343781936533,0.901263541617906,0.992192207537813,162365,5,26,0.882023259072439,0.699274543083001,0.932016404990625
"R-HSA-166520",0.0226718226758093,23,0.780966219162243,0.906554700215765,0.996083161348203,177556,15,69,0.997069771125366,0.552683306625323,0.932016404990625
"R-HSA-9634815",0.0101202625843831,9,0.684607381354326,0.907870446927658,0.996083161348203,275417,6,20,1.37595628415301,0.258274367035768,0.892207889131184
"R-HSA-418594",0.0373217987561792,40,0.825065207336693,0.908825202469991,0.996083161348203,145983,26,124,0.961689876020918,0.625018227089928,0.932016404990625
"R-HSA-8986944",0.017719794822729,17,0.738552004875093,0.920329428822548,0.999890860858528,196448,11,36,1.40143695608176,0.142334340385786,0.773483054426523
"R-HSA-202433",0.00646401424546856,5,0.595468165361253,0.921604685152817,0.999890860858528,80580,6,17,1.61877209900354,0.145940198948401,0.773483054426523
"R-HSA-2682334",0.0150629883591134,14,0.715496879715125,0.922762198860715,0.999890860858528,142503,10,52,0.882023259072439,0.725366728064106,0.932016404990625
"R-HSA-9013423",0.0178217190240791,17,0.734328151769188,0.924180245936399,0.999890860858528,216676,12,52,1.05842791088693,0.465679065670085,0.922619280789563
"R-HSA-9730414",0.0258330675596662,26,0.774797511468015,0.925264024254152,0.999890860858528,219395,19,78,1.11722946149176,0.332697626001066,0.919307919618497
"R-HSA-6802957",0.016063493329081,15,0.718856345521648,0.926204296421229,0.999890860858528,123878,9,41,1.00679728108756,0.552176446804538,0.932016404990625
"R-HSA-6794361",0.0096434646255249,8,0.638627688796427,0.932045315053374,0.999890860858528,315364,6,31,0.887713731711616,0.69772684614409,0.932016404990625
"R-HSA-198725",0.00964771700419922,8,0.638346203885179,0.932236614080498,0.999890860858528,186791,6,33,0.83391289948667,0.756573947687579,0.939871619566263
"R-HSA-391251",0.00769521075851805,6,0.600235365773311,0.933494605482865,0.999890860858528,235272,6,45,0.611536126290225,0.948073250495382,0.982833517749081
"R-HSA-442755",0.0144511773773455,13,0.692517845991975,0.934663436769143,0.999890860858528,150264,8,42,0.873623037557464,0.725120666192436,0.932016404990625
"R-HSA-9013149",0.0315337798330941,32,0.781204607679254,0.938036784962037,0.999890860858528,169796,19,98,0.889223448942419,0.756244456145942,0.939871619566263
"R-HSA-983168",0.0271821346940945,27,0.764664719436249,0.938575710317888,0.999890860858528,176385,24,120,0.917304189435337,0.719058745042613,0.932016404990625
"R-HSA-2132295",0.013688141178972,12,0.674881648859308,0.940745025824974,0.999890860858528,81155,10,50,0.917304189435337,0.675721174464249,0.932016404990625
"R-HSA-3108214",0.00684779142082602,5,0.56209578637456,0.941998218916248,0.999890860858528,71613,3,29,0.474467684190692,0.967760716043607,0.984058106312624
"R-HSA-202424",0.00988252803912188,8,0.623178957996287,0.942095665107706,0.999890860858528,120035,9,35,1.17939110070258,0.348475952619901,0.919307919618497
"R-HSA-68886",0.026443682559932,26,0.756906547091222,0.94221228202787,0.999890860858528,84753,20,132,0.694927416238892,0.979399888604806,0.991349740703766
"R-HSA-373076",0.0334736618295859,34,0.781927597818697,0.942695612230077,0.999890860858528,150001,26,114,1.04604863707538,0.433427470112761,0.922619280789563
"R-HSA-2559583",0.0128032477542125,11,0.661398772446141,0.9428631812563,0.999890860858528,223781,8,65,0.564494885806361,0.983333435522873,0.991349740703766
"R-HSA-8878159",0.0118593525753468,10,0.649127290745987,0.943302643788947,0.999890860858528,166623,9,46,0.89736279401283,0.699522211770806,0.932016404990625
"R-HSA-425407",0.0293351671716366,29,0.7610273754489,0.947877629278609,0.999890860858528,125535,21,112,0.859972677595628,0.815934772995916,0.940153944034704
"R-HSA-68875",0.00699210652208579,5,0.550494288303541,0.948337010324665,0.999890860858528,56698,3,41,0.335599093695855,0.996877294073481,0.996877294073481
"R-HSA-390466",0.00700021261893372,5,0.549856827663682,0.948673707517338,0.999890860858528,281944,5,41,0.559331822826425,0.961985336145537,0.984058106312624
"R-HSA-1280218",0.0694877212565779,76,0.841969522629263,0.949346863807043,0.999890860858528,128452,62,291,0.977196902834895,0.606483492512811,0.932016404990625
"R-HSA-69278",0.037642056025089,38,0.777143302905673,0.956075341508656,0.999890860858528,86569,31,196,0.725419129400394,0.986480536443673,0.991827314418977
"R-HSA-416482",0.0216772976133525,20,0.710257297246728,0.956628101192027,0.999890860858528,144313,12,43,1.27995933409582,0.21177139161198,0.828804911454669
"R-HSA-193648",0.0180530750013289,16,0.682275293858331,0.958085641236229,0.999890860858528,160408,8,33,1.11188386598223,0.433367940649336,0.922619280789563
"R-HSA-372790",0.0868326423217988,96,0.851097010679312,0.958397474043864,0.999890860858528,129227,65,292,1.02097212865234,0.447074647408308,0.922619280789563
"R-HSA-8852135",0.00731143358316058,5,0.526451435253861,0.960185950230796,0.999890860858528,221599,5,29,0.790779473651153,0.790074476121275,0.939871619566263
"R-HSA-6794362",0.0136064157763249,11,0.622357311959727,0.965293607910588,0.999890860858528,274024,9,45,0.917304189435337,0.672651340690624,0.932016404990625
"R-HSA-9013404",0.0146909052251103,12,0.628815933880905,0.967603744668639,0.999890860858528,292816,10,47,0.97585552067589,0.592145301081899,0.932016404990625
"R-HSA-198933",0.0127730824429915,10,0.602691593168278,0.968590244130816,0.999890860858528,132830,8,45,0.8153815017203,0.795758949562552,0.939871619566263
"R-HSA-1445148",0.00880149364800936,6,0.524790203693037,0.971615353126013,0.999890860858528,47748,6,39,0.705618607257952,0.882136315511164,0.965405820220182
"R-HSA-186712",0.00778623823951523,5,0.494348436974851,0.973256796825877,0.999890860858528,145972,4,26,0.705618607257952,0.850284622160144,0.954799869363331
"R-HSA-6802952",0.0140106575240525,11,0.604400780864325,0.973283379964028,0.999890860858528,133795,6,29,0.948935368381383,0.630042193238743,0.932016404990625
"R-HSA-3928665",0.0110067506511455,8,0.559527849860771,0.97378893096598,0.999890860858528,199799,7,26,1.23483256270142,0.332743349773908,0.919307919618497
"R-HSA-5658442",0.00783646946260565,5,0.491179697947592,0.974377150944275,0.999890860858528,94336,5,19,1.20697919662544,0.401659934530528,0.922360785558411
"R-HSA-9662851",0.00794490511880083,5,0.484475855414512,0.976648412295043,0.999890860858528,75239,5,40,0.573315118397086,0.955580646147626,0.984058106312624
"R-HSA-9664433",0.00794490511880083,5,0.484475855414512,0.976648412295043,0.999890860858528,75239,5,40,0.573315118397086,0.955580646147626,0.984058106312624
"R-HSA-9758941",0.0256838356455642,23,0.689380195426593,0.976878281445367,0.999890860858528,170439,19,63,1.38323647613265,0.0758011924163051,0.773483054426523
"R-HSA-438064",0.0143166959017701,11,0.591480911940933,0.978183000604913,0.999890860858528,81012,7,40,0.80264116575592,0.800334182984382,0.939871619566263
"R-HSA-8980692",0.0286829585924627,26,0.697814920113372,0.979456216269963,0.999890860858528,162772,16,76,0.965583357300355,0.608230329028009,0.932016404990625
"R-HSA-9619665",0.00929290915856057,6,0.497038932107376,0.980951226645408,0.999890860858528,133393,4,22,0.83391289948667,0.739079711540251,0.93264820741984
"R-HSA-112316",0.0557621059905385,56,0.773107183000553,0.982679718434692,0.999890860858528,167019,42,205,0.939677462348394,0.704438740703917,0.932016404990625
"R-HSA-913531",0.0291431456971243,26,0.686796019442385,0.983666638137136,0.999890860858528,96364,22,95,1.06214169303039,0.413423972701493,0.922619280789563
"R-HSA-9009391",0.010638521235316,7,0.506532859771593,0.984517403027535,0.999890860858528,68023,5,42,0.546014398473415,0.967531324303314,0.984058106312624
"R-HSA-418555",0.0119992824110987,8,0.513245985450988,0.987602805168351,0.999890860858528,70399,8,64,0.573315118397086,0.980774739004873,0.991349740703766
"R-HSA-9824585",0.00984531972572157,6,0.469150598763645,0.987994897751067,0.999890860858528,221440,4,23,0.797655816900293,0.771632506985662,0.939871619566263
"R-HSA-8951664",0.0172285121990113,13,0.580880003670981,0.988051375839134,0.999890860858528,148228,12,83,0.663111462242412,0.966279555568176,0.984058106312624
"R-HSA-1640170",0.0470876521554244,45,0.735692495735802,0.988371342051822,0.999890860858528,87142,37,243,0.698359156565997,0.996521434553198,0.996877294073481
"R-HSA-352230",0.00990086642215489,6,0.46651852953052,0.988547858443075,0.999890860858528,30270,5,15,1.52884031572556,0.213543377549239,0.828804911454669
"R-HSA-909733",0.00880109498750864,5,0.437344979128302,0.988996067731248,0.999890860858528,129387,5,24,0.955525197328476,0.625289731444584,0.932016404990625
"R-HSA-6805567",0.00904055706160634,5,0.425760788565196,0.991135301162941,0.999890860858528,52671,4,23,0.797655816900293,0.771632506985662,0.939871619566263
"R-HSA-9856649",0.0126615903896242,8,0.486398891156347,0.992644662350963,0.999890860858528,165712,8,33,1.11188386598223,0.433367940649336,0.922619280789563
"R-HSA-375276",0.0230369956944666,18,0.601502605496157,0.992985107823665,0.999890860858528,177555,16,70,1.04834764506896,0.461760537267204,0.922619280789563
"R-HSA-1474165",0.0116719821400096,7,0.461683415929303,0.993347518697696,0.999890860858528,98460,7,47,0.683098864473123,0.913234687455428,0.970802490103048
"R-HSA-9834899",0.00935735927284325,5,0.411346256073441,0.993363691689776,0.999890860858528,252390,4,13,1.4112372145159,0.309606601725307,0.900525865220288
"R-HSA-388396",0.0784143943018126,79,0.775572047181665,0.993605940997179,0.999890860858528,143769,55,257,0.981551175465827,0.588188549296808,0.932016404990625
"R-HSA-2980736",0.0105793865943762,6,0.436597869180537,0.993626827318182,0.999890860858528,140217,6,31,0.887713731711616,0.69772684614409,0.932016404990625
"R-HSA-983169",0.0359542603518843,31,0.663746408043739,0.994598749639528,0.999890860858528,170241,26,142,0.839785525539393,0.869930433449954,0.960548186934324
"R-HSA-9823739",0.010428692925105,5,0.369088890742214,0.997573577255654,0.999890860858528,215680,3,11,1.25086934923,0.442336217723005,0.922619280789563
"R-HSA-381753",0.0106855631744007,5,0.360216363030772,0.998104420882651,0.999890860858528,89663,6,46,0.59824186267522,0.955053545236497,0.984058106312624
"R-HSA-69242",0.0119921065220858,6,0.385164827866992,0.998216871029709,0.999890860858528,120588,6,61,0.451133207919018,0.99580709091547,0.996877294073481
"R-HSA-416476",0.0314665390953064,23,0.562690659529335,0.999207677653022,0.999890860858528,130317,19,89,0.979144921307382,0.583440720086479,0.932016404990625
"R-HSA-9709957",0.0425750810609685,33,0.596690749866115,0.999615567333028,0.999890860858528,101270,27,147,0.842422214787554,0.869758189142225,0.960548186934324
"R-HSA-877300",0.0174754159357891,8,0.352414131281218,0.999890860858528,0.999890860858528,117999,8,42,0.873623037557464,0.725120666192436,0.932016404990625
