"id","description","genome_fraction","observed_region_hits","fold_enrichment","p_value","p_adjust","mean_tss_dist","observed_gene_hits","gene_set_size","fold_enrichment_hyper","p_value_hyper","p_adjust_hyper"
"GO:0140297","DNA-binding transcription factor binding",0.0624060172737191,473,1.54839577503113,0,0,138973,161,262,1.23974626087598,5.74057221504054e-05,0.0144146434995578
"GO:0008134","transcription factor binding",0.0734327518920083,540,1.50228129547326,0,0,130841,194,315,1.2425085861738,8.37630281746993e-06,0.00995942404997174
"GO:0060090","molecular adaptor activity",0.111827919844416,768,1.40300195891098,0,0,156902,338,627,1.08757040702679,0.0133768072032358,0.363670994732574
"GO:0098772","molecular function regulator activity",0.180233618208851,1138,1.28989323372269,0,0,125001,556,1034,1.08483196964286,0.00220710822109127,0.127039535202182
"GO:0140110","transcription regulator activity",0.202359494036923,1261,1.27303049036785,0,0,137988,545,1004,1.09514345469353,0.000834530120792265,0.0826880261351669
"GO:0046872","metal ion binding",0.345732209082784,1972,1.16523728684638,0,0,130505,1037,2042,1.02454547849945,0.109333764336048,0.671061606954088
"GO:0043167","ion binding",0.445235223050049,2517,1.15489102112519,0,0,130275,1431,2862,1.00873764083697,0.293983993085097,0.861329760792963
"GO:0036094","small molecule binding",0.454450420244197,2569,1.1548481919932,0,0,128700,1478,2956,1.00873764083697,0.28918097916403,0.861329760792963
"GO:0097159","organic cyclic compound binding",0.443430777582736,2492,1.14807301348387,0,0,133567,1364,2772,0.99272593225226,0.685094808549194,0.953930939408535
"GO:0005515","protein binding",0.838213476593912,4450,1.08455773436739,0,0,128731,3376,6686,1.01869526636722,0.00102639512498537,0.0938756772005849
"GO:0005488","binding",0.897035996713907,4696,1.06946240197737,0,0,129032,3737,7491,1.00644842178822,0.078264517899956,0.604263063526284
"GO:0003674","molecular_function",0.945868580549416,4803,1.03735902821981,0,0,130798,4032,8096,1.00475053553722,0.068808231959588,0.570753001522744
"GO:0043169","cation binding",0.354139838289658,2008,1.15834046397515,2.22044604925031e-16,2.03085411735279e-14,130975,1055,2087,1.01985453865166,0.1574636149789,0.767629941402538
"GO:0030234","enzyme regulator activity",0.116246094562322,757,1.33034662518068,5.55111512312578e-16,4.71448277242611e-14,119312,343,639,1.08293274118023,0.0170959011951901,0.383528802284548
"GO:0030674","protein-macromolecule adaptor activity",0.0980420708605449,653,1.36065496026082,1.22124532708767e-15,9.68040462604828e-14,146329,295,551,1.08013649381818,0.029872965365597,0.478657512627143
"GO:0061629","RNA polymerase II-specific DNA-binding transcription factor binding",0.0418250441703085,317,1.54835363420738,5.89528426075958e-14,4.38093311627696e-12,146409,109,189,1.16351749048921,0.0145484948959309,0.363670994732574
"GO:0000976","transcription cis-regulatory region binding",0.162486911336127,990,1.24469835353605,1.40443212615082e-13,9.27705443329627e-12,136412,411,753,1.10117176728817,0.00224375966294854,0.127039535202182
"GO:0001067","transcription regulatory region nucleic acid binding",0.162486911336127,990,1.24469835353605,1.40443212615082e-13,9.27705443329627e-12,136412,411,753,1.10117176728817,0.00224375966294854,0.127039535202182
"GO:0003690","double-stranded DNA binding",0.177051617320755,1063,1.2265370461358,4.66071625737641e-13,2.91662717369503e-11,137551,447,827,1.09046124656379,0.00374561825804132,0.181296076517135
"GO:0003677","DNA binding",0.234428178952491,1362,1.18690127804894,7.21755988308814e-13,4.22920534571772e-11,142903,607,1166,1.05026371867589,0.036255360391914,0.507148511835127
"GO:0003700","DNA-binding transcription factor activity",0.158783422848317,964,1.24027839360265,7.46958050967805e-13,4.22920534571772e-11,136262,400,739,1.09200285882216,0.00533409003184748,0.206164533974161
"GO:0001221","transcription coregulator binding",0.0151269151429064,142,1.91772035342847,9.66893232146049e-13,5.22561842282569e-11,103674,51,69,1.49117738210683,3.05499810777654e-05,0.0134307585203821
"GO:1990837","sequence-specific double-stranded DNA binding",0.168895981354102,1015,1.22770501492731,1.5762946503628e-12,8.1487579968755e-11,135445,425,785,1.09226368753048,0.00403462045038849,0.18246840046553
"GO:0003676","nucleic acid binding",0.318529750415737,1789,1.14738097143745,1.79301018476963e-12,8.88287129037953e-11,136524,878,1790,0.989577261066886,0.697228322996047,0.953930939408535
"GO:0000987","cis-regulatory region sequence-specific DNA binding",0.137935357499824,847,1.25445506505023,3.03301828097347e-12,1.44250349443098e-10,132318,348,619,1.13421873670846,0.00034282863476387,0.0452914718593601
"GO:0043565","sequence-specific DNA binding",0.177423373122261,1056,1.21590708869002,4.50972592602739e-12,2.06233235617175e-10,136328,446,824,1.09198298012935,0.00332140721658336,0.171702312196418
"GO:0000978","RNA polymerase II cis-regulatory region sequence-specific DNA binding",0.135451571200158,829,1.25031023789424,1.06302744384834e-11,4.68125789161362e-10,133878,343,607,1.14002309985859,0.000227164212946995,0.0385854641705682
"GO:0019901","protein kinase binding",0.0642906476077571,434,1.37907927819905,2.3644419755442e-11,1.00404339604359e-09,130462,209,359,1.17451903584918,0.000485121217080997,0.0524371933735732
"GO:0003712","transcription coregulator activity",0.0500775654181544,352,1.43597460777279,2.46012099580639e-11,1.00864960828062e-09,140390,150,274,1.10445727098939,0.0464045368690578,0.537153277821314
"GO:0000977","RNA polymerase II transcription regulatory region sequence-specific DNA binding",0.154142309035908,923,1.22328357497203,4.9101167576282e-11,1.94604294160664e-09,137931,384,706,1.09732366595297,0.00420416890800279,0.18246840046553
"GO:0000981","DNA-binding transcription factor activity, RNA polymerase II-specific",0.153971415753615,920,1.22066088472454,8.22852896931181e-11,3.15603901435863e-09,136946,379,704,1.08611240306026,0.0100854363645442,0.292477654571781
"GO:0019900","kinase binding",0.0722485094880088,475,1.34311135765524,9.35600485973964e-11,3.47634055569701e-09,128283,229,396,1.16667131187711,0.000452454192814367,0.0524371933735732
"GO:0019899","enzyme binding",0.184178690774439,1077,1.19460306772757,1.42991951612714e-10,5.15204334750052e-09,122606,541,1010,1.08064765087684,0.00381194441793808,0.181296076517135
"GO:0097367","carbohydrate derivative binding",0.172051902142892,1013,1.20281066671246,1.53037027494918e-10,5.35179487327815e-09,138890,550,1089,1.01892690993634,0.264589480315911,0.861329760792963
"GO:0030695","GTPase regulator activity",0.0554268454358339,377,1.38953180633336,2.27554863840851e-10,7.5156314751881e-09,130924,143,256,1.12694908312256,0.0237652554294174,0.470948145092955
"GO:0060589","nucleoside-triphosphatase regulator activity",0.0554268454358339,377,1.38953180633336,2.27554863840851e-10,7.5156314751881e-09,130924,143,256,1.12694908312256,0.0237652554294174,0.470948145092955
"GO:0001228","DNA-binding transcription activator activity, RNA polymerase II-specific",0.0592883015426836,398,1.37139122681427,3.29772986695787e-10,1.05972994913862e-08,129221,162,262,1.24744654821061,3.38875320110565e-05,0.0134307585203821
"GO:0001216","DNA-binding transcription activator activity",0.0594527891865503,398,1.36759700765644,4.5561232564495e-10,1.42558698734696e-08,129221,162,264,1.23799619557265,6.06166673656761e-05,0.0144146434995578
"GO:0042802","identical protein binding",0.182579111350357,1056,1.18157184292939,2.31947394624399e-09,7.0714218514977e-08,129036,553,1065,1.04757167208046,0.053774987779339,0.537153277821314
"GO:0017076","purine nucleotide binding",0.139115024447805,826,1.21297909125508,3.08498693257775e-09,9.17012365708736e-08,135003,463,934,1.00009748973773,0.512529090092225,0.890931415379614
"GO:0001217","DNA-binding transcription repressor activity",0.0412931474081529,288,1.42482591347298,3.52561446703703e-09,1.02242819544074e-07,136097,106,166,1.28826734853879,0.000126905582230497,0.0251484562120101
"GO:0008289","lipid binding",0.0825709670386436,519,1.28406583469381,5.4712343544594e-09,1.54888039225053e-07,135774,233,421,1.11655995399057,0.00862266418173607,0.265228061270344
"GO:0001227","DNA-binding transcription repressor activity, RNA polymerase II-specific",0.0402627547127769,279,1.41562434203077,1.10206649361899e-08,3.04734200212321e-07,136802,100,158,1.27688308966706,0.000315553844436378,0.0452914718593601
"GO:0030554","adenyl nucleotide binding",0.112269336963805,677,1.23189818321956,1.2247793668152e-08,3.30968787987107e-07,128794,383,770,1.00349744530016,0.47484896167354,0.861329760792963
"GO:0035639","purine ribonucleoside triphosphate binding",0.129803857063669,766,1.20555901772655,3.50888669231608e-08,9.27125839369738e-07,135471,428,867,0.99593935473639,0.563774951859213,0.947903888429838
"GO:0140677","molecular function activator activity",0.0959271807023737,584,1.24370812124247,4.28501817362203e-08,1.1075840453123e-06,136945,297,536,1.11789208704694,0.002982898970604,0.161212130729462
"GO:0005112","Notch binding",0.00660444198996648,67,2.07245913888567,5.7828737465293e-08,1.46294401800497e-06,115787,12,19,1.27419491474144,0.169561303886481,0.767629941402538
"GO:0000166","nucleotide binding",0.150025885642425,870,1.18467809217392,6.23143933120573e-08,1.54357945100075e-06,131912,496,1004,0.996681015647687,0.557346539996957,0.947903888429838
"GO:0032555","purine ribonucleotide binding",0.133642664663227,783,1.19691673601917,7.29465483573222e-08,1.77007032646645e-06,136095,440,891,0.99628408971553,0.560116436121536,0.947903888429838
"GO:1901265","nucleoside phosphate binding",0.150806000893587,873,1.18261375010673,7.82126663434468e-08,1.85989720564717e-06,132230,500,1012,0.996776324937721,0.556235731520026,0.947903888429838
"GO:0032553","ribonucleotide binding",0.134113936633137,785,1.19575732538636,8.1095993587077e-08,1.86925670198282e-06,136345,441,899,0.989662513034718,0.640373000946437,0.947903888429838
"GO:0003714","transcription corepressor activity",0.0226666947294636,170,1.53217379254897,8.17505033667842e-08,1.86925670198282e-06,135338,64,111,1.16322899123543,0.0524291611943646,0.537153277821314
"GO:0005085","guanyl-nucleotide exchange factor activity",0.0289970669039193,207,1.45835608717744,1.17518354825208e-07,2.60098352111715e-06,122600,67,126,1.07278447517583,0.233921484939936,0.852318136065969
"GO:0019904","protein domain specific binding",0.0602303879369017,385,1.30584723239132,1.1812709010961e-07,2.60098352111715e-06,136002,180,316,1.14919478070035,0.00435126743035619,0.18246840046553
"GO:0071889","14-3-3 protein binding",0.0067696159522359,67,2.02189256464771,1.38575803498853e-07,2.99575691563883e-06,182010,18,22,1.65066159409687,0.00189366202059316,0.127039535202182
"GO:0003713","transcription coactivator activity",0.0243675061179566,178,1.49230028660338,2.18577691613042e-07,4.64087277371263e-06,121086,81,141,1.15897516181269,0.0356509655318098,0.506190181394752
"GO:0043168","anion binding",0.176962167155592,1004,1.15904577568789,2.26129973968092e-07,4.71699191312389e-06,128685,580,1155,1.01310447045099,0.329150210219369,0.861329760792963
"GO:0035259","nuclear glucocorticoid receptor binding",0.00336273140082848,41,2.49080071250669,2.43682172662574e-07,4.99548453958276e-06,144443,7,8,1.7652908714647,0.0332416633109491,0.484299344159477
"GO:0032559","adenyl ribonucleotide binding",0.106924975561346,634,1.21131585585123,3.63329177632821e-07,7.32200664754956e-06,129725,360,728,0.997652611816788,0.541483151675699,0.934431737797396
"GO:0140678","molecular function inhibitor activity",0.0422195628655074,280,1.35485120778652,4.05319035001739e-07,8.03207221028446e-06,111805,125,230,1.09645395743149,0.0803031511130369,0.616002881763876
"GO:1901363","heterocyclic compound binding",0.159109080930437,908,1.16583794204701,4.1689282137547e-07,8.12599286254809e-06,129479,522,1071,0.983307280143605,0.729250060404236,0.953930939408535
"GO:0005524","ATP binding",0.10349887409466,615,1.21391085300478,4.28601311552868e-07,8.21946708768322e-06,128744,348,706,0.994449572269878,0.575975511019539,0.947903888429838
"GO:0001223","transcription coactivator binding",0.00550004129349057,56,2.08002895571896,5.98372107751821e-07,1.12930862875701e-05,117879,16,26,1.24152325026089,0.152376936186552,0.764456443568819
"GO:0008047","enzyme activator activity",0.052544422530552,336,1.30635122783489,7.51635613527313e-07,1.39639803825621e-05,129524,177,305,1.17079713067636,0.00155708280683442,0.123424763821742
"GO:0016787","hydrolase activity",0.177050015911148,997,1.15039369302833,8.91687268134156e-07,1.63110178740232e-05,129342,523,1084,0.973375989220918,0.831642854538364,0.965647806685659
"GO:0003707","nuclear steroid receptor activity",0.00257758314804643,33,2.61546287607341,1.23855540201667e-06,2.23127632272397e-05,161250,11,16,1.38701425615084,0.0986376743468491,0.662367662865506
"GO:0140096","catalytic activity, acting on a protein",0.193036773626339,1075,1.13766845922546,1.92144323651888e-06,3.40984478838948e-05,130433,570,1099,1.0463702552813,0.0551090654126555,0.537153277821314
"GO:0050839","cell adhesion molecule binding",0.0526203751004599,333,1.29281861794018,2.02245236180509e-06,3.5363174385092e-05,160599,148,292,1.02255596468406,0.371011032664726,0.861329760792963
"GO:0046332","SMAD binding",0.0110744337472825,91,1.67867710348993,2.77535348436331e-06,4.73711588367826e-05,121225,33,50,1.33153368590481,0.0138546910680206,0.363670994732574
"GO:0016922","nuclear receptor binding",0.0109192114018534,90,1.68383114833988,2.78888235372143e-06,4.73711588367826e-05,135349,36,64,1.1348298459416,0.171645564993011,0.767629941402538
"GO:0140947","histone H3K9me2 methyltransferase activity",0.0016419023922543,24,2.98614718479173,3.91999068005688e-06,6.56460411068681e-05,151675,3,5,1.21048516900437,0.491877971049976,0.861329760792963
"GO:0001222","transcription corepressor binding",0.00623566023487188,58,1.9001717357384,5.70955591072675e-06,9.42869719146403e-05,106120,22,30,1.47948187322756,0.00699972034122753,0.244784337815281
"GO:0030957","Tat protein binding",0.00317628156807283,36,2.31542549105988,6.16933762953575e-06,0.000100484143034493,155670,5,7,1.44105377262425,0.219424413208157,0.817854631048584
"GO:0140948","histone H3K9 monomethyltransferase activity",0.00165883157952291,23,2.83251908898058,1.40134461232844e-05,0.00022302840094644,150526,3,5,1.21048516900437,0.491877971049976,0.861329760792963
"GO:0042974","nuclear retinoic acid receptor binding",0.0037106948310387,39,2.14712175160491,1.40682338696241e-05,0.00022302840094644,108548,8,14,1.1528430180994,0.382527245919525,0.861329760792963
"GO:0045296","cadherin binding",0.0313053844652745,206,1.34429778316165,2.11905740834517e-05,0.000331520955068738,161496,86,170,1.02060514249388,0.424017607995036,0.861329760792963
"GO:0043425","bHLH transcription factor binding",0.00272308264943611,31,2.32567044968621,2.39676535118694e-05,0.000370097922410554,273090,12,17,1.42410019882867,0.0667625104128955,0.567004463435234
"GO:0008201","heparin binding",0.0211891655946755,147,1.41726409091521,2.96730504236731e-05,0.00044605810167509,174442,61,98,1.2557754304297,0.00752183789770311,0.248429590565805
"GO:0019902","phosphatase binding",0.0136116384959652,102,1.5308656179116,2.99548183477771e-05,0.00044605810167509,138903,53,94,1.13751265881616,0.110185119729755,0.671846704403481
"GO:0004860","protein kinase inhibitor activity",0.00455246435205023,44,1.97448312602287,3.00123197090052e-05,0.00044605810167509,121269,23,32,1.45006035870315,0.00869965886420809,0.265228061270344
"GO:0019210","kinase inhibitor activity",0.00507326563336093,47,1.89259443810644,4.51451033793848e-05,0.000662685529852945,121175,24,34,1.42410019882867,0.0105297026093307,0.298090866726053
"GO:0005215","transporter activity",0.0950744300869177,548,1.17750871896461,4.62393680156215e-05,0.000664431857003668,109473,321,605,1.07042903374767,0.0411129032997399,0.537153277821314
"GO:0016791","phosphatase activity",0.0282035684439034,186,1.34727480228816,4.63817023812485e-05,0.000664431857003668,157187,71,135,1.06104255554704,0.267042010884507,0.861329760792963
"GO:0005539","glycosaminoglycan binding",0.0289347263156667,190,1.34147173342319,4.85440582000951e-05,0.000685276039736514,166796,83,136,1.23125329690395,0.0044504487918422,0.18246840046553
"GO:0030291","protein serine/threonine kinase inhibitor activity",0.00230648737894773,27,2.39144273342656,4.8989456162829e-05,0.000685276039736514,111167,11,15,1.47948187322756,0.0552158765093319,0.537153277821314
"GO:0046965","nuclear retinoid X receptor binding",0.00358315399452181,36,2.052505507925,7.12245609072459e-05,0.00098472096417111,104572,7,11,1.28384790651979,0.264597461302703,0.861329760792963
"GO:0005160","transforming growth factor beta receptor binding",0.0030648692140213,32,2.13297288898015,8.79802908168026e-05,0.00120239730782964,136066,12,15,1.61398022533916,0.0161120613236668,0.368408479112305
"GO:0004857","enzyme inhibitor activity",0.0300364961249319,194,1.31947074218248,9.6601680452113e-05,0.0013052204324723,111489,87,167,1.05102005691996,0.280359743483464,0.861329760792963
"GO:0005261","monoatomic cation channel activity",0.0265320399739291,174,1.33975661241438,0.000104821816533374,0.00140037235795709,107217,91,177,1.03723305441994,0.337173549040306,0.861329760792963
"GO:1901681","sulfur compound binding",0.0299144458356373,193,1.31802500902837,0.000106298381184144,0.00140431972475498,164220,92,149,1.24568943566445,0.0017146512512336,0.127039535202182
"GO:0017075","syntaxin-1 binding",0.000845658658627285,14,3.38205167989431,0.000107583812798295,0.00140568300458432,316388,6,7,1.7292645271491,0.05963350098605,0.537153277821314
"GO:0015075","monoatomic ion transmembrane transporter activity",0.060325443035687,359,1.21574147345554,0.000113656069117396,0.00146888115413678,116287,195,386,1.01919088063839,0.370587285559012,0.861329760792963
"GO:0042826","histone deacetylase binding",0.0178912912829098,124,1.41588278894016,0.00012308601642208,0.00157364810242853,156328,33,64,1.04026069211313,0.422651433709405,0.861329760792963
"GO:0004407","histone deacetylase activity",0.00471500742710898,43,1.86308804149636,0.000128658907835644,0.00161026780438506,201031,5,9,1.12081960092997,0.489337938924126,0.861329760792963
"GO:0033558","protein lysine deacetylase activity",0.00471500742710898,43,1.86308804149636,0.000128658907835644,0.00161026780438506,201031,5,9,1.12081960092997,0.489337938924126,0.861329760792963
"GO:0005484","SNAP receptor activity",0.00355535809920916,35,2.01109227764129,0.00013002129884665,0.00161036796175694,370586,7,15,0.941488464781176,0.68452154621975,0.953930939408535
"GO:0005216","monoatomic ion channel activity",0.0358071756419193,225,1.28368880986415,0.00013387151548172,0.00164096115368831,109108,127,238,1.07655193601929,0.131072176578837,0.723876831839906
"GO:0022857","transmembrane transporter activity",0.0861617849219965,495,1.17364787181657,0.000146214943060441,0.00177397517651902,105841,290,552,1.05990549218378,0.0811316636384243,0.616432552727361
"GO:0001530","lipopolysaccharide binding",0.00359036033775101,35,1.99148624231065,0.000155765837999144,0.0018594026821786,86388,11,16,1.38701425615084,0.0986376743468491,0.662367662865506
"GO:0030169","low-density lipoprotein particle binding",0.00121512673212467,17,2.85808177122952,0.000156383741142019,0.0018594026821786,182807,9,11,1.65066159409687,0.0305954339442076,0.478657512627143
"GO:0008324","monoatomic cation transmembrane transporter activity",0.0502363337419978,303,1.23217387186051,0.000165545759215124,0.00194885057135429,117441,158,319,0.99925107995136,0.528053264437727,0.915241007895711
"GO:0070412","R-SMAD binding",0.00404298732438542,38,1.92012066091269,0.000171683611315698,0.00200129229268986,128553,12,15,1.61398022533916,0.0161120613236668,0.368408479112305
"GO:0016301","kinase activity",0.0567250166946951,337,1.21367546440988,0.00020542125471279,0.00237131914420881,102684,192,359,1.0789839946557,0.071974853963348,0.586151379194663
"GO:0034713","type I transforming growth factor beta receptor binding",0.00149949132367714,19,2.58855232130441,0.000230193510259324,0.00263173157402247,154864,6,7,1.7292645271491,0.05963350098605,0.537153277821314
"GO:0140993","histone modifying activity",0.0407779510604649,250,1.25245436944357,0.000245374244895902,0.00277857121124978,151437,103,213,0.975586638555947,0.665192573169898,0.953930939408535
"GO:0005126","cytokine receptor binding",0.0160259922505501,111,1.41496388178471,0.000274771228080173,0.0030821036810125,139796,61,105,1.17205706840106,0.0482565105534029,0.537153277821314
"GO:0045309","protein phosphorylated amino acid binding",0.00385264835401401,36,1.90893189144475,0.000277667064585208,0.00308547794197955,81671,15,30,1.00873764083697,0.553480779308575,0.947903888429838
"GO:0010485","histone H4 acetyltransferase activity",0.00140603763449839,18,2.61530812869146,0.000293786141841501,0.0032343678023106,246185,5,7,1.44105377262425,0.219424413208157,0.817854631048584
"GO:0001784","phosphotyrosine residue binding",0.00343376535551636,33,1.96331791363597,0.000300742673401411,0.00327488815840335,83809,12,24,1.00873764083697,0.563857703451708,0.947903888429838
"GO:0042834","peptidoglycan binding",0.000422886522513874,9,4.34776406787603,0.000302975355277013,0.00327488815840335,48929,5,7,1.44105377262425,0.219424413208157,0.817854631048584
"GO:0003824","catalytic activity",0.401382679931524,2083,1.06017594372511,0.000309343789932193,0.00328700876472549,122980,1261,2549,0.998052699172557,0.555353684471587,0.947903888429838
"GO:0019903","protein phosphatase binding",0.010835480556714,80,1.50830480188684,0.000309625720478768,0.00328700876472549,141245,42,72,1.17686058097647,0.0843104261123184,0.616432552727361
"GO:0022836","gated channel activity",0.0255822896908799,165,1.31762502793314,0.000326672052843646,0.00343728381266456,96190,93,179,1.0481854815401,0.284275947593535,0.861329760792963
"GO:0019208","phosphatase regulator activity",0.0109009095777792,80,1.49925171269725,0.000368252933422353,0.00384081348981735,158333,29,60,0.975113052809075,0.625734324552759,0.947903888429838
"GO:0019888","protein phosphatase regulator activity",0.0105762809732636,78,1.50663803381022,0.000376016194368001,0.00388768047916133,159418,28,57,0.991040489243343,0.579071107789222,0.947903888429838
"GO:0016773","phosphotransferase activity, alcohol group as acceptor",0.0540856648903984,320,1.20869050145261,0.000382393437151185,0.00391953273079965,101677,183,342,1.0795262472115,0.0760275394730761,0.603801892574094
"GO:0071813","lipoprotein particle binding",0.00210802697414341,23,2.22894306953152,0.00044479336228842,0.00448185854034688,140259,14,17,1.66145023196678,0.00572197613216763,0.206164533974161
"GO:0071814","protein-lipid complex binding",0.00210802697414341,23,2.22894306953152,0.00044479336228842,0.00448185854034688,140259,14,17,1.66145023196678,0.00572197613216763,0.206164533974161
"GO:0004697","diacylglycerol-dependent serine/threonine kinase activity",0.00146265890272786,18,2.51406643605814,0.000463267152945313,0.00461414022155696,195760,7,7,2.01747528167395,0.00733303966199716,0.248429590565805
"GO:0140416","transcription regulator inhibitor activity",0.00337794479209013,32,1.93528412811398,0.000465682780981358,0.00461414022155696,117964,11,16,1.38701425615084,0.0986376743468491,0.662367662865506
"GO:0003924","GTPase activity",0.0259847010477108,166,1.30508160160101,0.000474758957262122,0.00465509215377691,154461,81,159,1.02777042651314,0.393432778122855,0.861329760792963
"GO:0005007","fibroblast growth factor receptor activity",0.00185386039231333,21,2.31413969915394,0.000480633808768394,0.00465509215377691,159409,5,5,2.01747528167395,0.0298851196699221,0.478657512627143
"GO:0001664","G protein-coupled receptor binding",0.0247410921018707,159,1.31288160131379,0.000481561257287266,0.00465509215377691,144167,68,128,1.07178374338928,0.235169737586019,0.852490298749318
"GO:0005267","potassium channel activity",0.0103567734707739,76,1.49912007156809,0.000507318785760047,0.00479213750314201,109717,40,70,1.1528430180994,0.124426880698816,0.714703193965661
"GO:0005249","voltage-gated potassium channel activity",0.00725129708458806,57,1.60585549098384,0.000514284474561921,0.00479213750314201,94025,31,54,1.1581802542943,0.154001569631298,0.767629941402538
"GO:0015267","channel activity",0.0415263812786981,251,1.23480090235721,0.000519698191481233,0.00479213750314201,105831,146,269,1.09498658410556,0.0658916965295904,0.567004463435234
"GO:0022803","passive transmembrane transporter activity",0.0415263812786981,251,1.23480090235721,0.000519698191481233,0.00479213750314201,105831,146,269,1.09498658410556,0.0658916965295904,0.567004463435234
"GO:0005229","intracellularly calcium-gated chloride channel activity",0.00160495558490456,19,2.41845430689043,0.000519920721535172,0.00479213750314201,53722,9,11,1.65066159409687,0.0305954339442076,0.478657512627143
"GO:0141147","intracellularly calcium-gated channel activity",0.00160495558490456,19,2.41845430689043,0.000519920721535172,0.00479213750314201,53722,9,11,1.65066159409687,0.0305954339442076,0.478657512627143
"GO:0097001","ceramide binding",0.00227011250360031,24,2.15978820369347,0.000524108718083838,0.00479357896770525,280740,5,8,1.26092205104622,0.353783411869496,0.861329760792963
"GO:0019789","SUMO transferase activity",0.00904922252707469,68,1.53512925665312,0.000530103021064043,0.00479565067157994,170919,14,17,1.66145023196678,0.00572197613216763,0.206164533974161
"GO:0016788","hydrolase activity, acting on ester bonds",0.0575627826916904,337,1.19601168952054,0.0005324019248516,0.00479565067157994,125350,171,348,0.991345612546681,0.586224460986653,0.947903888429838
"GO:0022843","voltage-gated monoatomic cation channel activity",0.0119012186498333,85,1.45906552303695,0.000554336787027099,0.00495568751710692,99710,46,85,1.09181015243531,0.231459243636342,0.846784740564956
"GO:0004861","cyclin-dependent protein serine/threonine kinase inhibitor activity",0.000775882954344498,12,3.15960170208613,0.000585399257022057,0.0051943262432778,64633,4,5,1.61398022533916,0.182061937321712,0.767629941402538
"GO:0016810","hydrolase activity, acting on carbon-nitrogen (but not peptide) bonds",0.0126125876743163,89,1.44156129188642,0.000600689382159181,0.00520262567195808,151103,27,57,0.955646186056081,0.6790724280686,0.953930939408535
"GO:0042731","PH domain binding",0.00215709873994229,23,2.17823691952467,0.000603918898419264,0.00520262567195808,115938,3,6,1.00873764083697,0.648146224805264,0.947903888429838
"GO:0099094","ligand-gated monoatomic cation channel activity",0.00992427849062112,73,1.50269631439939,0.000605059878835523,0.00520262567195808,74445,39,75,1.04908714647045,0.379318126561941,0.861329760792963
"GO:0016817","hydrolase activity, acting on acid anhydrides",0.0556199296798165,326,1.19738680636132,0.000608212757276849,0.00520262567195808,140599,170,363,0.94482313466824,0.868248141198918,0.972078191982592
"GO:0016818","hydrolase activity, acting on acid anhydrides, in phosphorus-containing anhydrides",0.0556199296798165,326,1.19738680636132,0.000608212757276849,0.00520262567195808,140599,170,363,0.94482313466824,0.868248141198918,0.972078191982592
"GO:0015318","inorganic molecular entity transmembrane transporter activity",0.057912805077109,338,1.19231059487768,0.000634776282695704,0.00539106428660851,116916,185,371,1.00601867145466,0.474281649221055,0.861329760792963
"GO:0005522","profilin binding",0.00246479815718933,25,2.07207729499743,0.000726363498140481,0.0061251503495676,181138,7,10,1.41223269717176,0.164721577033508,0.767629941402538
"GO:0016891","RNA endonuclease activity, producing 5'-phosphomonoesters",0.00247131818201576,25,2.06661057869034,0.000753205451892613,0.00630676959366421,60423,12,13,1.86228487539134,0.00154096828376549,0.123424763821742
"GO:0000149","SNARE binding",0.00885030457666851,66,1.52346689886363,0.0007633752825007,0.00634722525100232,215547,28,50,1.12978615773741,0.22059091142933,0.819633105279605
"GO:0046974","histone H3K9 methyltransferase activity",0.00262848509625272,26,2.02076184406236,0.000822477072857986,0.0067450959762594,152947,5,10,1.00873764083697,0.612408767834033,0.947903888429838
"GO:0051219","phosphoprotein binding",0.00659757880593867,52,1.61014897932345,0.000826243725872255,0.0067450959762594,114703,26,50,1.04908714647045,0.419442723765866,0.861329760792963
"GO:0008301","DNA binding, bending",0.00167061337877066,19,2.32340516124475,0.000828245595066335,0.0067450959762594,176898,7,10,1.41223269717176,0.164721577033508,0.767629941402538
"GO:0005096","GTPase activator activity",0.0270762904673348,170,1.28264673737675,0.000856161176883363,0.00686210249011217,153600,80,141,1.14466682648167,0.0512226244275205,0.537153277821314
"GO:0051721","protein phosphatase 2A binding",0.00336090121842106,31,1.88431389031481,0.000859538393561676,0.00686210249011217,124467,10,13,1.55190406282611,0.0430809437238647,0.537153277821314
"GO:0003682","chromatin binding",0.0614067376792692,355,1.1810264699964,0.000859927057213383,0.00686210249011217,132288,170,309,1.10993785723162,0.0291506833513807,0.478657512627143
"GO:0000340","RNA 7-methylguanosine cap binding",0.00129142246123388,16,2.53103966285802,0.00086656249518724,0.00686895204518419,40747,6,8,1.51310646125546,0.138809014011353,0.723876831839906
"GO:0016462","pyrophosphatase activity",0.0555972811725247,324,1.19052565862169,0.000891751034125088,0.00702180118923662,141422,169,362,0.941860007190324,0.879766969905548,0.972471270222094
"GO:0005527","macrolide binding",0.00208938199086785,22,2.15105808421615,0.000916221833073605,0.00716702473371392,165677,2,5,0.806990112669579,0.807110618204361,0.953930939408535
"GO:0022834","ligand-gated channel activity",0.0140272042888495,96,1.39812955037105,0.000970732664515639,0.00751277968094329,80592,53,104,1.0281364416223,0.425579207636126,0.861329760792963
"GO:0022890","inorganic cation transmembrane transporter activity",0.0487362704863184,287,1.20303124960136,0.000973059773646145,0.00751277968094329,117279,149,302,0.99537687738218,0.555443988545189,0.947903888429838
"GO:0099186","structural constituent of postsynapse",0.00325143343317741,30,1.88492333731313,0.00102425062451772,0.0078569935003327,210847,8,15,1.07598681689277,0.48638319522183,0.861329760792963
"GO:0001098","basal transcription machinery binding",0.00572915725361913,46,1.64026641490222,0.00110686472505883,0.0083727989816316,171081,16,31,1.04127756473494,0.480578221717218,0.861329760792963
"GO:0001099","basal RNA polymerase II transcription machinery binding",0.00572915725361913,46,1.64026641490222,0.00110686472505883,0.0083727989816316,171081,16,31,1.04127756473494,0.480578221717218,0.861329760792963
"GO:0001046","core promoter sequence-specific DNA binding",0.00620912258996433,49,1.61217859038181,0.0011126175265751,0.0083727989816316,138219,15,24,1.26092205104622,0.143489459721645,0.729098152175367
"GO:0019213","deacetylase activity",0.00701897830524652,54,1.57169099041143,0.00112434154890528,0.00840781196005272,182425,9,18,1.00873764083697,0.578298630724077,0.947903888429838
"GO:0005543","phospholipid binding",0.0509876236202426,298,1.19398479616791,0.00120090815639706,0.00892424873722567,137801,139,250,1.12171625661072,0.0305652614812999,0.478657512627143
"GO:0097110","scaffold protein binding",0.0090265740197829,66,1.49371688947165,0.00122798990481332,0.00906881985604371,134005,27,44,1.23799619557265,0.0777920945588113,0.604263063526284
"GO:0015271","outward rectifier potassium channel activity",0.00299806755615057,28,1.90793651808154,0.00123808821084093,0.0090869560659868,140772,12,18,1.34498352111597,0.11150130679433,0.672969816134308
"GO:0015276","ligand-gated monoatomic ion channel activity",0.0139966631199257,95,1.38658468572933,0.00130964634121367,0.00955318711474263,77205,52,103,1.01853121016549,0.464683473933013,0.861329760792963
"GO:0008331","high voltage-gated calcium channel activity",0.000972856335942792,13,2.72986986565014,0.00131846696295246,0.00955888548140532,174210,6,7,1.7292645271491,0.05963350098605,0.537153277821314
"GO:0015079","potassium ion transmembrane transporter activity",0.0133193812427808,91,1.39574038964876,0.00135257920643805,0.00974676773608998,113916,47,86,1.10257370044972,0.200691165595144,0.814321438650177
"GO:0022840","leak channel activity",0.00232925027263999,23,2.01724656624251,0.00161522380521328,0.0114315541928488,166516,8,10,1.61398022533916,0.0516102182772589,0.537153277821314
"GO:0022841","potassium ion leak channel activity",0.00232925027263999,23,2.01724656624251,0.00161522380521328,0.0114315541928488,166516,8,10,1.61398022533916,0.0516102182772589,0.537153277821314
"GO:0022842","narrow pore channel activity",0.00232925027263999,23,2.01724656624251,0.00161522380521328,0.0114315541928488,166516,8,10,1.61398022533916,0.0516102182772589,0.537153277821314
"GO:0005244","voltage-gated monoatomic ion channel activity",0.0143015028771611,96,1.3713138397959,0.00170976662708533,0.0119213567867449,97357,54,106,1.02777042651314,0.425603841830991,0.861329760792963
"GO:0022832","voltage-gated channel activity",0.0143015028771611,96,1.3713138397959,0.00170976662708533,0.0119213567867449,97357,54,106,1.02777042651314,0.425603841830991,0.861329760792963
"GO:0008253","5'-nucleotidase activity",0.000341900950985656,7,4.18258749907304,0.00171450968085229,0.0119213567867449,38765,4,6,1.34498352111597,0.335609717294689,0.861329760792963
"GO:0042578","phosphoric ester hydrolase activity",0.0369786067690669,221,1.22092513107921,0.00182888085727462,0.0126426705773228,150592,93,176,1.06605227952089,0.211460059250215,0.817854631048584
"GO:0031490","chromatin DNA binding",0.0117415352347861,81,1.40931293186851,0.00185589254091889,0.0127552383303616,120136,36,60,1.21048516900437,0.0675359677112635,0.569505429848881
"GO:0005178","integrin binding",0.0147575614558094,98,1.35662176092865,0.00210615728695907,0.0143920747942203,109504,48,88,1.10044106273124,0.202841273400601,0.814321438650177
"GO:0004672","protein kinase activity",0.0468587321091091,273,1.19019855183397,0.00221392380134244,0.0150420308559781,108693,153,288,1.07178374338928,0.121370691394382,0.709259030614408
"GO:0019209","kinase activator activity",0.0125520772684711,85,1.38340909179339,0.00239381470905231,0.0160640347161183,119324,47,75,1.26428450984901,0.0149872823733357,0.363670994732574
"GO:0140934","histone deubiquitinase activity",0.000799560939240461,11,2.8105312565302,0.00240110023076168,0.0160640347161183,87932,2,5,0.806990112669579,0.807110618204361,0.953930939408535
"GO:0003684","damaged DNA binding",0.00329478587895311,29,1.79811765730529,0.00240487651763588,0.0160640347161183,64960,17,29,1.1826579237399,0.214759632988077,0.817854631048584
"GO:0003725","double-stranded RNA binding",0.00453233234556864,37,1.66773590838288,0.00242032790082813,0.016076926670864,129896,18,29,1.25222603690107,0.122286039761105,0.709259030614408
"GO:0016772","transferase activity, transferring phosphorus-containing groups",0.0672853979582943,380,1.15374564599772,0.00251364979028712,0.0166040533369521,101933,220,418,1.06182909561787,0.10858572719962,0.671061606954088
"GO:0140537","transcription regulator activator activity",0.00131086814931269,15,2.33765034306831,0.00260806321810358,0.017132525780802,39464,4,6,1.34498352111597,0.335609717294689,0.861329760792963
"GO:0019215","intermediate filament binding",0.000579023959146668,9,3.17536225976643,0.00262560857923311,0.0171530142896053,47048,4,6,1.34498352111597,0.335609717294689,0.861329760792963
"GO:0010484","histone H3 acetyltransferase activity",0.00144813182986899,16,2.25714358559771,0.00269423918050538,0.0175051933640486,271774,4,8,1.00873764083697,0.627263500283969,0.947903888429838
"GO:0070697","activin receptor binding",0.00118710206401109,14,2.4092800221101,0.00273028290459354,0.0176429694215311,170888,3,8,0.75655323062773,0.849823181992278,0.967213112891734
"GO:0005509","calcium ion binding",0.0647128478118682,366,1.15541466918514,0.0027531053385339,0.0176942824190098,134465,173,346,1.00873764083697,0.456336631881312,0.861329760792963
"GO:0046625","sphingolipid binding",0.00258090035365987,24,1.89970999824937,0.00277283543476448,0.017725275978145,280740,5,12,0.840614700697478,0.797833712355792,0.953930939408535
"GO:0019838","growth factor binding",0.0168554080403116,109,1.32109646750607,0.00279521890407108,0.0177728089675964,107489,50,75,1.34498352111597,0.00199195939728991,0.127039535202182
"GO:0060590","ATPase regulator activity",0.0037948832217799,32,1.72265720964957,0.00283783711957397,0.0179478102934758,274325,13,26,1.00873764083697,0.560059337921012,0.947903888429838
"GO:0051019","mitogen-activated protein kinase binding",0.00442366526512823,36,1.66252256188428,0.00287803027214384,0.0180919002310803,112816,10,17,1.18675016569056,0.301612494297354,0.861329760792963
"GO:0030295","protein kinase activator activity",0.0122959661178331,83,1.37899514911994,0.00289105218158558,0.0180919002310803,120055,45,72,1.26092205104622,0.0181943604672923,0.386305260635902
"GO:0016746","acyltransferase activity",0.0596428993841207,339,1.16114980793324,0.00295848307837421,0.0184169443988845,121225,168,325,1.04287953021915,0.234405408320918,0.852318136065969
"GO:0017111","ribonucleoside triphosphate phosphatase activity",0.0513298677304297,295,1.17408401354174,0.00307955207853206,0.0190707678196594,143859,152,333,0.920889618061382,0.935196779460223,0.986642218743845
"GO:0019200","carbohydrate kinase activity",0.00174553647107431,18,2.10664269448725,0.00313846593556533,0.0192791892876897,54368,10,16,1.26092205104622,0.216590718176811,0.817854631048584
"GO:0008168","methyltransferase activity",0.016389169072022,106,1.32128417551102,0.00314563727654482,0.0192791892876897,183212,47,93,1.0195842821363,0.466447925716906,0.861329760792963
"GO:0031683","G-protein beta/gamma-subunit complex binding",0.00203504845064764,20,2.00771723017727,0.00328027330366698,0.0200012561951797,56194,9,13,1.3967136565435,0.126558731022465,0.71656348183672
"GO:0044389","ubiquitin-like protein ligase binding",0.0276815089121876,168,1.23984337534506,0.0034280036598584,0.0207953895488349,102407,79,154,1.03493861852105,0.362271358420673,0.861329760792963
"GO:0016811","hydrolase activity, acting on carbon-nitrogen (but not peptide) bonds, in linear amides",0.00808849114958104,58,1.46489933818932,0.00345907939027934,0.0208773877920921,172765,14,32,0.882645435732352,0.79829228168671,0.953930939408535
"GO:0048038","quinone binding",0.00148896777483449,16,2.19523990118053,0.00350683344288394,0.0209944751434848,74897,5,6,1.68122940139496,0.105288047335223,0.662367662865506
"GO:0097371","MDM2/MDM4 family protein binding",0.000605904763255611,9,3.0344881553592,0.00352285061532753,0.0209944751434848,77346,3,5,1.21048516900437,0.491877971049976,0.861329760792963
"GO:0033130","acetylcholine receptor binding",0.00135525007269256,15,2.26109663500699,0.00353145082312611,0.0209944751434848,44643,5,7,1.44105377262425,0.219424413208157,0.817854631048584
"GO:0030332","cyclin binding",0.00149251375324886,16,2.19002435573781,0.00358599910141821,0.0212127011521704,57026,8,14,1.1528430180994,0.382527245919525,0.861329760792963
"GO:0086008","voltage-gated potassium channel activity involved in cardiac muscle cell action potential repolarization",0.00110016839965876,13,2.41396789429761,0.00372970156032149,0.0219535403723874,41820,7,11,1.28384790651979,0.264597461302703,0.861329760792963
"GO:0004540","RNA nuclease activity",0.00678871848111332,50,1.50462927943536,0.00383512162205235,0.0224628552148781,73813,25,51,0.988958471408798,0.586328582104657,0.947903888429838
"GO:0016893","endonuclease activity, active with either ribo- or deoxyribonucleic acids and producing 5'-phosphomonoesters",0.00281504931540883,25,1.81426743407577,0.00408989633825696,0.0238376801283702,60423,12,17,1.42410019882867,0.0667625104128955,0.567004463435234
"GO:0004713","protein tyrosine kinase activity",0.0137088669363593,90,1.34118365573921,0.00416252242192128,0.0241426300471434,111827,46,82,1.1317544263049,0.140625311990396,0.729066558867329
"GO:0004879","nuclear receptor activity",0.00850760292087961,60,1.44075900460164,0.00421367511426274,0.0242031870089778,110400,23,36,1.28894254106947,0.0594281020599904,0.537153277821314
"GO:0098531","ligand-activated transcription factor activity",0.00850760292087961,60,1.44075900460164,0.00421367511426274,0.0242031870089778,110400,23,36,1.28894254106947,0.0594281020599904,0.537153277821314
"GO:0000339","RNA cap binding",0.00152008087576058,16,2.15030760731936,0.00425290768932918,0.0243110925125596,40747,6,11,1.10044106273124,0.488270688468038,0.861329760792963
"GO:0004402","histone acetyltransferase activity",0.00267778563485253,24,1.83097636439558,0.00432947582890875,0.0246303672754665,212939,7,17,0.83072511598339,0.824931308119757,0.95966573223258
"GO:0019905","syntaxin binding",0.00406998251489483,33,1.65641326689633,0.00439429668201829,0.0248536764956395,171864,17,27,1.2702622143873,0.114518002813959,0.687686390635341
"GO:0019207","kinase regulator activity",0.0214593462725704,133,1.26614212202222,0.00441053468509667,0.0248536764956395,118906,76,128,1.19787594849391,0.0157475551801715,0.368408479112305
"GO:0031625","ubiquitin protein ligase binding",0.0269895855757834,163,1.23378274524364,0.00463256779850263,0.0259817127944322,104397,75,147,1.02932412330303,0.392674730958796,0.861329760792963
"GO:0005044","scavenger receptor activity",0.00269551552692439,24,1.81893302314876,0.00468147906473249,0.0261327634176851,108270,11,16,1.38701425615084,0.0986376743468491,0.662367662865506
"GO:0051287","NAD binding",0.00346339143323643,29,1.71058131319841,0.00473556736433267,0.0263111663373437,97248,14,24,1.17686058097647,0.256347573199433,0.861329760792963
"GO:0004721","phosphoprotein phosphatase activity",0.017732179799865,112,1.29033714717887,0.00493951805137582,0.0273166835492365,198696,44,86,1.03219665574016,0.424961105265914,0.861329760792963
"GO:0016755","aminoacyltransferase activity",0.0455794346063243,262,1.17430162414466,0.00503068048195643,0.0275057533718992,118288,127,230,1.1139972207504,0.0473869713560551,0.537153277821314
"GO:0001671","ATPase activator activity",0.00286412108120771,25,1.78318309647369,0.00504383109302364,0.0275057533718992,341934,8,16,1.00873764083697,0.584604078888113,0.947903888429838
"GO:0016667","oxidoreductase activity, acting on a sulfur group of donors",0.00301717008502799,26,1.7604385037991,0.00505446515651986,0.0275057533718992,99860,15,26,1.16392804711959,0.263528490205411,0.861329760792963
"GO:0000400","four-way junction DNA binding",0.00101220525770227,12,2.42192093403212,0.00506624052854998,0.0275057533718992,57268,6,10,1.21048516900437,0.366267110014219,0.861329760792963
"GO:0019787","ubiquitin-like protein transferase activity",0.0454340494913351,261,1.17356288050089,0.00525457669125462,0.0283985985722807,117685,126,228,1.11492055039876,0.0468000964167294,0.537153277821314
"GO:0005154","epidermal growth factor receptor binding",0.00258513265047703,23,1.81757485966355,0.00558042799847835,0.030023207647922,117834,6,14,0.864632263574549,0.778561605694839,0.953930939408535
"GO:0042393","histone binding",0.0207144620327516,128,1.2623611332877,0.0056177922288545,0.0300880854058919,228462,50,105,0.960702515082832,0.691214138087117,0.953930939408535
"GO:0031420","alkali metal ion binding",0.00414307542479106,33,1.62719051489338,0.0056574963942001,0.0301648574560714,252781,2,6,0.672491760557983,0.886592814903911,0.972471270222094
"GO:0030165","PDZ domain binding",0.0114106153782449,76,1.36066692917566,0.00569914561765905,0.0302512684794492,163044,26,45,1.16565238496717,0.169825589925764,0.767629941402538
"GO:0005525","GTP binding",0.0282726578297834,169,1.22114538166594,0.0057815162734457,0.0305521015516753,165412,89,178,1.00873764083697,0.483559058212688,0.861329760792963
"GO:0048406","nerve growth factor binding",0.000429406547340299,7,3.33024881052992,0.00587829321571864,0.0309260647499534,31774,4,5,1.61398022533916,0.182061937321712,0.767629941402538
"GO:0017166","vinculin binding",0.000542420310998321,8,3.01301537259247,0.00600228888053744,0.031439301669423,55885,5,8,1.26092205104622,0.353783411869496,0.861329760792963
"GO:0019212","phosphatase inhibitor activity",0.00629903030072871,46,1.49187157072697,0.00618017437697227,0.032229067255351,209658,14,29,0.973953584256389,0.627005573262303,0.947903888429838
"GO:0061133","endopeptidase activator activity",0.000786177730386221,10,2.59852300611696,0.00628614822079809,0.0326385599761089,132676,7,8,1.7652908714647,0.0332416633109491,0.484299344159477
"GO:0140938","histone H3 methyltransferase activity",0.00597417292341213,44,1.50460392763622,0.0063221483736301,0.0326827583315052,215136,16,28,1.1528430180994,0.269969143301715,0.861329760792963
"GO:0008191","metalloendopeptidase inhibitor activity",0.0013139565821252,14,2.17667868629395,0.00647606209868257,0.0331910662653558,119636,6,9,1.34498352111597,0.245339790225792,0.861329760792963
"GO:0035591","signaling adaptor activity",0.0146683400634478,94,1.30916440158922,0.00649614214583139,0.0331910662653558,137611,40,71,1.13660579249237,0.152295540357633,0.764456443568819
"GO:0048273","mitogen-activated protein kinase p38 binding",0.00277272634723731,24,1.76828204168731,0.00650422072315215,0.0331910662653558,144227,5,6,1.68122940139496,0.105288047335223,0.662367662865506
"GO:0140097","catalytic activity, acting on DNA",0.0164925743780411,104,1.28822639048179,0.00682115616872991,0.0346596354043584,139611,57,109,1.05501000968271,0.316865300404519,0.861329760792963
"GO:0008013","beta-catenin binding",0.0145223830164563,93,1.30825488681928,0.00687056768729577,0.0347621488518922,244152,39,66,1.19214448462551,0.0761734935963954,0.603801892574094
"GO:0005125","cytokine activity",0.0148953970683681,95,1.30292322147057,0.00704860374210348,0.0355118213955976,149176,46,84,1.10480789234526,0.198472424118093,0.810940592015164
"GO:0042054","histone methyltransferase activity",0.0075366911537447,53,1.43662180809134,0.00713461409387928,0.0357934858971412,207610,21,40,1.05917452287882,0.415509994075164,0.861329760792963
"GO:0004222","metalloendopeptidase activity",0.00788328194714936,55,1.42528900165023,0.00722424442907244,0.0360908681771728,137746,25,46,1.09645395743149,0.307823257104414,0.861329760792963
"GO:0030020","extracellular matrix structural constituent conferring tensile strength",0.00585955775014762,43,1.49917012982626,0.00728508175094211,0.036242519673097,90518,17,30,1.14323599294857,0.275783175561687,0.861329760792963
"GO:0004864","protein phosphatase inhibitor activity",0.00603216682844717,44,1.49013850256157,0.00739964781253777,0.0366590885379475,213915,13,27,0.971376987472642,0.632676648797419,0.947903888429838
"GO:0016741","transferase activity, transferring one-carbon groups",0.0170989366868986,107,1.27838591585152,0.00755329948763472,0.0371261916455229,181919,48,96,1.00873764083697,0.506774536024989,0.886110181373106
"GO:0008137","NADH dehydrogenase (ubiquinone) activity",0.00406952496929297,32,1.60639951618557,0.00755638215156984,0.0371261916455229,195701,11,15,1.47948187322756,0.0552158765093319,0.537153277821314
"GO:1902282","voltage-gated potassium channel activity involved in ventricular cardiac muscle cell action potential repolarization",0.00106951284433452,12,2.29214741660431,0.00765083948588319,0.0374355890893626,34287,6,10,1.21048516900437,0.366267110014219,0.861329760792963
"GO:0051015","actin filament binding",0.0224152734212446,136,1.23948755745362,0.00782842145666995,0.0381475127540188,97218,63,113,1.12478710394211,0.109491969511432,0.671061606954088
"GO:0061733","peptide-lysine-N-acetyltransferase activity",0.00297839309527083,25,1.71476770691315,0.00799826798415193,0.0388160842169659,208609,8,18,0.896655680743977,0.748165594086698,0.953930939408535
"GO:0019887","protein kinase regulator activity",0.0191432504359838,118,1.2592548443336,0.00809594832827654,0.0391304169200033,116009,68,115,1.19294190568546,0.0241791830003341,0.471295878481921
"GO:0046790","virion binding",0.00122496396256453,13,2.16804026588425,0.00874351037246268,0.0420892058010451,131845,5,5,2.01747528167395,0.0298851196699221,0.478657512627143
"GO:0035091","phosphatidylinositol binding",0.0296234468328579,174,1.19994395643678,0.00953288275382436,0.0457040225576498,134867,81,148,1.10415876902426,0.118166046270339,0.702497145077166
"GO:0046983","protein dimerization activity",0.0997614128459131,538,1.10170923128755,0.0102327817915675,0.0488625604424649,125286,281,527,1.07573160180338,0.0415410632235043,0.537153277821314
"GO:0008757","S-adenosylmethionine-dependent methyltransferase activity",0.0142391622889085,90,1.29123524970781,0.0105180803767777,0.0497644592312804,170910,40,80,1.00873764083697,0.513613941226583,0.8915138337495
"GO:0016782","transferase activity, transferring sulphur-containing groups",0.00804994293262481,55,1.39578070928214,0.0105360772477742,0.0497644592312804,149785,24,41,1.18096114049207,0.159918652425099,0.767629941402538
"GO:0140767","enzyme-substrate adaptor activity",0.00857040105473412,58,1.38252868871595,0.0105472192819871,0.0497644592312804,130442,27,56,0.972711296521368,0.631703381620473,0.947903888429838
"GO:0031005","filamin binding",0.00434062073839167,33,1.55313570109464,0.0106692484739224,0.0501412507331766,107328,7,11,1.28384790651979,0.264597461302703,0.861329760792963
"GO:0005102","signaling receptor binding",0.148905699622685,787,1.07971892786327,0.0109181326477246,0.051108896528128,121985,375,725,1.04352169741756,0.120162594751843,0.709259030614408
"GO:0004725","protein tyrosine phosphatase activity",0.00946169988714638,63,1.36024984359399,0.0109656070425577,0.0511298304847101,256128,22,47,0.94435013184738,0.700035580285549,0.953930939408535
"GO:0001091","RNA polymerase II general transcription initiation factor binding",0.0033852655217198,27,1.62936480070326,0.0111918128146498,0.0517808668860949,165857,9,14,1.29694839536182,0.202383355581854,0.814321438650177
"GO:0016504","peptidase activator activity",0.00260183306494471,22,1.72739061664874,0.0113220747613605,0.0517808668860949,102611,15,25,1.21048516900437,0.19940259365607,0.811950972113243
"GO:0004340","glucokinase activity",0.000269723132293134,5,3.78703321056868,0.0113229818253866,0.0517808668860949,26965,3,5,1.21048516900437,0.491877971049976,0.861329760792963
"GO:0004396","hexokinase activity",0.000269723132293134,5,3.78703321056868,0.0113229818253866,0.0517808668860949,26965,3,5,1.21048516900437,0.491877971049976,0.861329760792963
"GO:0008865","fructokinase activity",0.000269723132293134,5,3.78703321056868,0.0113229818253866,0.0517808668860949,26965,3,5,1.21048516900437,0.491877971049976,0.861329760792963
"GO:0008046","axon guidance receptor activity",0.000993903433628092,11,2.26097519658719,0.0113703252173631,0.0517981482124321,87123,3,7,0.864632263574549,0.766363301351662,0.953930939408535
"GO:0002039","p53 binding",0.00470356878706262,35,1.52015491667428,0.0117921347908816,0.0533499788414385,85091,21,33,1.28384790651978,0.0737398432183476,0.59240995666632
"GO:0043995","histone H4K5 acetyltransferase activity",0.00100053784485498,11,2.24598302082383,0.011890449447419,0.0533499788414385,339134,3,5,1.21048516900437,0.491877971049976,0.861329760792963
"GO:0043996","histone H4K8 acetyltransferase activity",0.00100053784485498,11,2.24598302082383,0.011890449447419,0.0533499788414385,339134,3,5,1.21048516900437,0.491877971049976,0.861329760792963
"GO:0043997","histone H4K12 acetyltransferase activity",0.00100053784485498,11,2.24598302082383,0.011890449447419,0.0533499788414385,339134,3,5,1.21048516900437,0.491877971049976,0.861329760792963
"GO:0030971","receptor tyrosine kinase binding",0.00707559957347599,49,1.41475141444146,0.012045973351519,0.053844595169008,157875,16,37,0.872421743426572,0.825186966458117,0.95966573223258
"GO:0070411","I-SMAD binding",0.00246594202119397,21,1.73973755005974,0.0122003555582403,0.0543304223174071,165047,8,10,1.61398022533916,0.0516102182772589,0.537153277821314
"GO:0005246","calcium channel regulator activity",0.005219108293952,38,1.487423340565,0.012340024556876,0.0547473477541998,137416,18,29,1.25222603690107,0.122286039761105,0.709259030614408
"GO:0098973","structural constituent of postsynaptic actin cytoskeleton",0.00101392105370922,11,2.21633726118525,0.0129945863145872,0.0574370376507217,68931,3,8,0.75655323062773,0.849823181992278,0.967213112891734
"GO:0046873","metal ion transmembrane transporter activity",0.0346200735779082,199,1.1742819726449,0.0130937268993585,0.0576608936419899,108556,111,228,0.982191913446527,0.63192225774519,0.947903888429838
"GO:0016671","oxidoreductase activity, acting on a sulfur group of donors, disulfide as acceptor",0.00101620878171849,11,2.2113477581209,0.0131908480162286,0.0578742372372539,158026,5,7,1.44105377262425,0.219424413208157,0.817854631048584
"GO:0019001","guanyl nucleotide binding",0.0304924403171798,177,1.18584625879659,0.0133815333194029,0.0582807440174729,160889,94,189,1.00340040464207,0.510559366254723,0.889386988982589
"GO:0032561","guanyl ribonucleotide binding",0.0304924403171798,177,1.18584625879659,0.0133815333194029,0.0582807440174729,160889,94,189,1.00340040464207,0.510559366254723,0.889386988982589
"GO:0070410","co-SMAD binding",0.00159237308085357,15,1.92439285479224,0.0139698489287149,0.0606209867746059,110982,6,7,1.7292645271491,0.05963350098605,0.537153277821314
"GO:0001965","G-protein alpha-subunit binding",0.00314047862472773,25,1.6262655819561,0.0144823499163982,0.0624562994071531,84842,11,15,1.47948187322756,0.0552158765093319,0.537153277821314
"GO:0008494","translation activator activity",0.000895645515629872,10,2.28092574981378,0.0145194181617685,0.0624562994071531,183477,3,5,1.21048516900437,0.491877971049976,0.861329760792963
"GO:0061135","endopeptidase regulator activity",0.00960605552453142,63,1.33980859872782,0.0145503742100769,0.0624562994071531,69624,35,62,1.13889733642884,0.168390548834426,0.767629941402538
"GO:0001968","fibronectin binding",0.00175377229190769,16,1.86377757589793,0.0149412140393199,0.0639032499739258,158740,11,18,1.23290156102297,0.228692024760875,0.839243263705804
"GO:0004693","cyclin-dependent protein serine/threonine kinase activity",0.00161307701933748,15,1.89969315923719,0.0154877283094081,0.0657675319995939,90916,10,18,1.12081960092997,0.392763081217954,0.861329760792963
"GO:0097472","cyclin-dependent protein kinase activity",0.00161307701933748,15,1.89969315923719,0.0154877283094081,0.0657675319995939,90916,10,18,1.12081960092997,0.392763081217954,0.861329760792963
"GO:0031435","mitogen-activated protein kinase kinase kinase binding",0.00176646918235915,16,1.85038125970776,0.0158593315561364,0.0671058548763209,109171,5,7,1.44105377262425,0.219424413208157,0.817854631048584
"GO:0050840","extracellular matrix binding",0.0107443145955446,69,1.31195119221962,0.0166337924640374,0.0701332597153917,146617,26,38,1.38037782430323,0.014506098196019,0.363670994732574
"GO:1990782","protein tyrosine kinase binding",0.0112857054289387,72,1.30332009032263,0.0167773616276217,0.0702516312089511,136698,29,57,1.0264347924306,0.473730447550821,0.861329760792963
"GO:0005001","transmembrane receptor protein tyrosine phosphatase activity",0.00254830022952775,21,1.68351118162258,0.0168391210214895,0.0702516312089511,514502,4,7,1.1528430180994,0.490523456076733,0.861329760792963
"GO:0019198","transmembrane receptor protein phosphatase activity",0.00254830022952775,21,1.68351118162258,0.0168391210214895,0.0702516312089511,514502,4,7,1.1528430180994,0.490523456076733,0.861329760792963
"GO:0004521","RNA endonuclease activity",0.00552486314239117,39,1.44208342902823,0.017595307859261,0.0730328543132302,72364,19,37,1.03600082031905,0.478803822322486,0.861329760792963
"GO:0015175","neutral L-amino acid transmembrane transporter activity",0.00303753086431051,24,1.61412753494636,0.0176286200066418,0.0730328543132302,55610,15,21,1.44105377262425,0.0357611229917234,0.506190181394752
"GO:0030023","extracellular matrix constituent conferring elasticity",0.00134735741106057,13,1.97109629063201,0.0177276643932758,0.073188170012517,69671,3,5,1.21048516900437,0.491877971049976,0.861329760792963
"GO:0019992","diacylglycerol binding",0.000793269687214963,9,2.31776261844812,0.0180384199639331,0.0742134302322368,299270,5,7,1.44105377262425,0.219424413208157,0.817854631048584
"GO:0030374","nuclear receptor coactivator activity",0.00470711476547699,34,1.47560947028122,0.0189034827944765,0.0775042794573537,134598,16,28,1.1528430180994,0.269969143301715,0.861329760792963
"GO:0001875","lipopolysaccharide immune receptor activity",0.00121810077853672,12,2.01254374544561,0.0191955370819086,0.0780180385875421,154684,3,5,1.21048516900437,0.491877971049976,0.861329760792963
"GO:0098918","structural constituent of synapse",0.00421113533306689,31,1.50386827991932,0.0192148858605024,0.0780180385875421,204082,9,21,0.864632263574549,0.79751481693204,0.953930939408535
"GO:0050699","WW domain binding",0.00165814526112013,15,1.84805966691245,0.0192285693537169,0.0780180385875421,166280,7,13,1.08633284397828,0.487292114170123,0.861329760792963
"GO:0016247","channel regulator activity",0.0153607209454539,94,1.2501541242538,0.0192912559669784,0.0780180385875421,141390,51,87,1.1826579237399,0.0557460377326611,0.537153277821314
"GO:0004714","transmembrane receptor protein tyrosine kinase activity",0.00852007103853014,56,1.34274058237007,0.0194179449687997,0.0782641917556027,130031,26,42,1.24891326960768,0.0733910479650233,0.59240995666632
"GO:0003723","RNA binding",0.110940281376819,589,1.08460932903521,0.0201934115425666,0.0802742783606477,116135,325,718,0.9132025996435,0.992795340999237,0.999999005069843
"GO:0015145","monosaccharide transmembrane transporter activity",0.00151985210295966,14,1.88180236843973,0.0202344152938714,0.0802742783606477,41046,10,14,1.44105377262425,0.0844339396005827,0.616432552727361
"GO:0015149","hexose transmembrane transporter activity",0.00151985210295966,14,1.88180236843973,0.0202344152938714,0.0802742783606477,41046,10,14,1.44105377262425,0.0844339396005827,0.616432552727361
"GO:0055056","D-glucose transmembrane transporter activity",0.00151985210295966,14,1.88180236843973,0.0202344152938714,0.0802742783606477,41046,10,14,1.44105377262425,0.0844339396005827,0.616432552727361
"GO:0015144","carbohydrate transmembrane transporter activity",0.00259828708653034,21,1.65112313907937,0.0202657222860875,0.0802742783606477,43543,13,21,1.24891326960768,0.180628735906937,0.767629941402538
"GO:0000287","magnesium ion binding",0.0224308299717077,132,1.20219769704663,0.0203217475076156,0.0802742783606477,129830,64,113,1.14264086749675,0.0779411113498011,0.604263063526284
"GO:0015108","chloride transmembrane transporter activity",0.00996808848199867,64,1.31164223784389,0.0204503838337555,0.0805149217825673,106997,36,68,1.0680751491215,0.331132155803098,0.861329760792963
"GO:0030548","acetylcholine receptor regulator activity",0.00108930169161472,11,2.06296476773559,0.0207208005375354,0.0813103361027381,28910,6,8,1.51310646125546,0.138809014011353,0.723876831839906
"GO:0032813","tumor necrosis factor receptor superfamily binding",0.0027655200040081,22,1.6251489831779,0.0208423961775577,0.0815184508391976,88741,12,23,1.05259579913423,0.483229944536386,0.861329760792963
"GO:0000175","3'-5'-RNA exonuclease activity",0.000956499080676499,10,2.13581064590312,0.0216498740650313,0.0843954237605619,86754,5,9,1.12081960092997,0.489337938924126,0.861329760792963
"GO:0017069","snRNA binding",0.00168456851962722,15,1.81907197199449,0.02171993243964,0.0843954237605619,75769,6,14,0.864632263574549,0.778561605694839,0.953930939408535
"GO:0008170","N-methyltransferase activity",0.0107292155906834,68,1.29475693109752,0.022092317358916,0.0855627535496781,198934,27,52,1.04753524240763,0.420031683357881,0.861329760792963
"GO:0015035","protein-disulfide reductase activity",0.00199489882408493,17,1.74090611558321,0.0221763163241089,0.0856092211343034,64468,10,16,1.26092205104622,0.216590718176811,0.817854631048584
"GO:0051119","sugar transmembrane transporter activity",0.00184436632107485,16,1.772230078992,0.0224792414708294,0.0862485781457231,37145,11,15,1.47948187322756,0.0552158765093319,0.537153277821314
"GO:0070696","transmembrane receptor protein serine/threonine kinase binding",0.00231026213016303,19,1.6801174619983,0.0224870136460674,0.0862485781457231,239070,7,18,0.78457372065098,0.873782217049885,0.972471270222094
"GO:0015194","L-serine transmembrane transporter activity",0.000693410359610253,8,2.35693152372707,0.0228311325217461,0.0872868699947141,80318,5,5,2.01747528167395,0.0298851196699221,0.478657512627143
"GO:0005109","frizzled binding",0.00495224482167046,35,1.44382062580604,0.0230240986766697,0.0877424786107699,92132,13,24,1.09279911090672,0.402602185621064,0.861329760792963
"GO:0003743","translation initiation factor activity",0.00216201735516222,18,1.70082892534127,0.0232448349488608,0.0877678419068394,72842,8,18,0.896655680743977,0.748165594086698,0.953930939408535
"GO:0008017","microtubule binding",0.0259265927562753,150,1.18193370326937,0.0232499416905945,0.0877678419068394,104234,76,142,1.07977550286775,0.193388005076879,0.792890820815203
"GO:0141108","transporter regulator activity",0.0154928372379894,94,1.23949334434259,0.0232522037011391,0.0877678419068394,141390,51,88,1.16921862915195,0.0700026282970938,0.574021552036169
"GO:0004712","protein serine/threonine/tyrosine kinase activity",0.00200919712414287,17,1.72851708828757,0.0235142250824105,0.0880596210299217,72634,8,16,1.00873764083697,0.584604078888113,0.947903888429838
"GO:0015296","monoatomic anion:monoatomic cation symporter activity",0.00232250147501263,19,1.67126341508962,0.0235516900651935,0.0880596210299217,61685,8,13,1.24152325026089,0.279587880012285,0.861329760792963
"GO:0015377","chloride:monoatomic cation symporter activity",0.00232250147501263,19,1.67126341508962,0.0235516900651935,0.0880596210299217,61685,8,13,1.24152325026089,0.279587880012285,0.861329760792963
"GO:0043184","vascular endothelial growth factor receptor 2 binding",0.0012583647914999,12,1.94814819973187,0.0238569581338703,0.0889213894080622,195846,5,6,1.68122940139496,0.105288047335223,0.662367662865506
"GO:0019205","nucleobase-containing compound kinase activity",0.00232867834063767,19,1.66683035563315,0.0241033693639423,0.0895590817928981,114779,10,15,1.34498352111597,0.142870065783085,0.729066558867329
"GO:0005078","MAP-kinase scaffold activity",0.00111789829173062,11,2.01019272312965,0.0243942021906447,0.090327636688303,120897,8,10,1.61398022533916,0.0516102182772589,0.537153277821314
"GO:0034212","peptide N-acetyltransferase activity",0.00330073397177721,25,1.54730806600377,0.0244621522402301,0.090327636688303,208609,8,21,0.768562012066266,0.898748036605878,0.980122017453745
"GO:0005123","death receptor binding",0.0020232666513999,17,1.71649721029914,0.0248894284474838,0.0915054797865849,103079,7,14,1.00873764083697,0.592056982420721,0.947903888429838
"GO:0005242","inward rectifier potassium channel activity",0.00218009040643547,18,1.68672897412642,0.0249350508417607,0.0915054797865849,55725,11,18,1.23290156102297,0.228692024760875,0.839243263705804
"GO:0010853","cyclase activator activity",0.00126865956754162,12,1.93233958572268,0.0251717223554726,0.092089778094329,103410,6,6,2.01747528167395,0.0148045341368619,0.363670994732574
"GO:0043495","protein-membrane adaptor activity",0.00298479873369679,23,1.574200652579,0.0253252735055651,0.0923673318960642,80854,13,20,1.31135893308807,0.12317188568822,0.710928990695597
"GO:0000993","RNA polymerase II complex binding",0.00234389173189932,19,1.65601153579521,0.0255040141349366,0.0927347792245861,178504,7,17,0.83072511598339,0.824931308119757,0.95966573223258
"GO:0003925","G protein activity",0.00348603994052822,26,1.52366079586261,0.0260283571665478,0.0943527947287359,108457,11,21,1.05677276659112,0.483960507081072,0.861329760792963
"GO:0015453","oxidoreduction-driven active transmembrane transporter activity",0.00518250464580365,36,1.41909053867506,0.0266426029079507,0.0962858810259982,188195,13,22,1.19214448462551,0.248282049129546,0.861329760792963
"GO:0061659","ubiquitin-like protein ligase activity",0.0313694408495341,178,1.15920575499121,0.0268283051358404,0.0966631963833766,98536,102,178,1.15608134118395,0.0221057876530349,0.453168646887216
"GO:0005092","GDP-dissociation inhibitor activity",0.00236082091916793,19,1.64413645912978,0.0271341342253778,0.0974697449969009,78154,6,8,1.51310646125546,0.138809014011353,0.723876831839906
"GO:0042301","phosphate ion binding",0.000718575367712242,8,2.27439014594612,0.0273674837441038,0.0980118619630706,23516,4,6,1.34498352111597,0.335609717294689,0.861329760792963
"GO:0008093","cytoskeletal anchor activity",0.00269048252530399,21,1.59454368879673,0.027974185945709,0.0998838050734174,108508,10,14,1.44105377262425,0.0844339396005827,0.616432552727361
"GO:0016655","oxidoreductase activity, acting on NAD(P)H, quinone or similar compound as acceptor",0.00520572508509776,36,1.41276060285104,0.0281570419531976,0.100235697252551,187779,13,23,1.14031211572875,0.323380937226014,0.861329760792963
"GO:0030507","spectrin binding",0.00269643061812809,21,1.59102626327527,0.0285385173460417,0.101290439177444,81048,9,13,1.3967136565435,0.126558731022465,0.71656348183672
"GO:0061575","cyclin-dependent protein serine/threonine kinase activator activity",0.000594122964007862,7,2.40696073059864,0.0290504516128989,0.102800556451598,112491,4,6,1.34498352111597,0.335609717294689,0.861329760792963
"GO:0008276","protein methyltransferase activity",0.0103576885619776,65,1.28202889052206,0.0292847549983866,0.103026081093485,234864,27,51,1.0680751491215,0.365882522335969,0.861329760792963
"GO:0050780","dopamine receptor binding",0.00115267175747155,11,1.9495498147411,0.0294720781355861,0.103026081093485,79282,2,5,0.806990112669579,0.807110618204361,0.953930939408535
"GO:0070739","protein-glutamic acid ligase activity",0.00144950446667455,13,1.83219248795411,0.0294979122790584,0.103026081093485,254617,5,6,1.68122940139496,0.105288047335223,0.662367662865506
"GO:0070740","tubulin-glutamic acid ligase activity",0.00144950446667455,13,1.83219248795411,0.0294979122790584,0.103026081093485,254617,5,6,1.68122940139496,0.105288047335223,0.662367662865506
"GO:0071723","lipopeptide binding",0.000468526696298845,6,2.61615946597293,0.0295903529690724,0.103026081093485,68080,4,5,1.61398022533916,0.182061937321712,0.767629941402538
"GO:0016812","hydrolase activity, acting on carbon-nitrogen (but not peptide) bonds, in cyclic amides",0.00130091653247235,12,1.88442612725317,0.0296340788342909,0.103026081093485,53906,3,6,1.00873764083697,0.648146224805264,0.947903888429838
"GO:0044877","protein-containing complex binding",0.128909927344046,676,1.0712914434935,0.0297674095456677,0.103187900728277,104644,344,636,1.09121304543371,0.00997099997016804,0.292477654571781
"GO:0036408","histone H3K14 acetyltransferase activity",0.00115976371430029,11,1.93762831473972,0.0305939316555063,0.105744723076735,339134,3,5,1.21048516900437,0.491877971049976,0.861329760792963
"GO:0019104","DNA N-glycosylase activity",0.000603617035246339,7,2.36910252695268,0.0312324525595582,0.107638800270477,51663,5,6,1.68122940139496,0.105288047335223,0.662367662865506
"GO:0019203","carbohydrate phosphatase activity",0.000476076198729442,6,2.57467303522949,0.0316039394043556,0.108291308218383,25961,2,6,0.672491760557983,0.886592814903911,0.972471270222094
"GO:0050308","sugar-phosphatase activity",0.000476076198729442,6,2.57467303522949,0.0316039394043556,0.108291308218383,25961,2,6,0.672491760557983,0.886592814903911,0.972471270222094
"GO:0031593","polyubiquitin modification-dependent protein binding",0.00355878969122306,26,1.49251370579548,0.0321318964019877,0.109783979373458,126162,11,20,1.10961140492067,0.396592841804526,0.861329760792963
"GO:0003777","microtubule motor activity",0.00475149668885687,33,1.41883147041186,0.0325954069988252,0.110677068672764,121201,15,36,0.840614700697478,0.868152318665295,0.972078191982592
"GO:0019199","transmembrane receptor protein kinase activity",0.00970088185051573,61,1.28459410183421,0.0326352297425259,0.110677068672764,125666,30,51,1.18675016569056,0.11778146703193,0.702497145077166
"GO:0015171","amino acid transmembrane transporter activity",0.00970156816891852,61,1.28450322574522,0.0326725408781666,0.110677068672764,72754,32,52,1.24152325026089,0.0552515213960632,0.537153277821314
"GO:0050998","nitric-oxide synthase binding",0.000480308495546594,6,2.55198599014649,0.0327708122045323,0.110694590088605,33050,5,5,2.01747528167395,0.0298851196699221,0.478657512627143
"GO:0008432","JUN kinase binding",0.0019425098526726,16,1.68268977703845,0.0335590961140095,0.112853023445928,175635,6,8,1.51310646125546,0.138809014011353,0.723876831839906
"GO:0043028","cysteine-type endopeptidase regulator activity involved in apoptotic process",0.00258318808166914,20,1.58168964451507,0.0335996386037497,0.112853023445928,73657,10,22,0.917034218942704,0.724994991528004,0.953930939408535
"GO:0140078","class I DNA-(apurinic or apyrimidinic site) endonuclease activity",0.000617000244100579,7,2.31771487481077,0.0344906601269661,0.115519422228064,31958,5,5,2.01747528167395,0.0298851196699221,0.478657512627143
"GO:0099106","ion channel regulator activity",0.0148749219026851,89,1.22231352209897,0.0351101813564079,0.117030924754891,138981,48,81,1.19554090765864,0.0501460102846388,0.537153277821314
"GO:0048407","platelet-derived growth factor binding",0.00308991983572283,23,1.52064531256789,0.0351388058347317,0.117030924754891,82935,7,9,1.56914744130196,0.0855436259041333,0.616432552727361
"GO:0070742","C2H2 zinc finger domain binding",0.000621461313718658,7,2.30107749580882,0.0356248859480783,0.118318406123646,100712,5,6,1.68122940139496,0.105288047335223,0.662367662865506
"GO:0030297","transmembrane receptor protein tyrosine kinase activator activity",0.00164602030267099,14,1.73756136688385,0.0357825013244972,0.11851084700509,146550,7,11,1.28384790651979,0.264597461302703,0.861329760792963
"GO:0008198","ferrous iron binding",0.00244112017229337,19,1.59005352982426,0.035953078617448,0.118666400640081,122943,11,14,1.58515914988667,0.0265397453731775,0.478657512627143
"GO:0005536","D-glucose binding",0.000491632749192489,6,2.49320362322595,0.0360290753835739,0.118666400640081,25994,4,9,0.896655680743977,0.737603949371844,0.953930939408535
"GO:0005351","carbohydrate:proton symporter activity",0.00119613858964771,11,1.87870455036302,0.036828797109829,0.120797224002585,53474,4,6,1.34498352111597,0.335609717294689,0.861329760792963
"GO:0043175","RNA polymerase core enzyme binding",0.00244866967472397,19,1.58515122997055,0.0368792197753898,0.120797224002585,178504,7,18,0.78457372065098,0.873782217049885,0.972471270222094
"GO:0099602","neurotransmitter receptor regulator activity",0.00134815811586382,12,1.81839286825473,0.0371591291581459,0.121368249763905,26540,7,9,1.56914744130196,0.0855436259041333,0.616432552727361
"GO:0033218","amide binding",0.0267675615724836,152,1.16006435212101,0.0372577049317286,0.121368249763905,156725,68,133,1.03149112145736,0.391468882834456,0.861329760792963
"GO:0005254","chloride channel activity",0.00692758357127611,45,1.32702175907218,0.03852376472932,0.125149607276397,126028,28,49,1.1528430180994,0.178742105227294,0.767629941402538
"GO:0043295","glutathione binding",0.000632899953765017,7,2.2594892526169,0.0386448502048552,0.125200890718182,84854,4,6,1.34498352111597,0.335609717294689,0.861329760792963
"GO:0003906","DNA-(apurinic or apyrimidinic site) endonuclease activity",0.000915091203708682,9,2.00921046986721,0.0392358120843017,0.126770055891942,34224,7,8,1.7652908714647,0.0332416633109491,0.484299344159477
"GO:0010851","cyclase regulator activity",0.00214566009989593,17,1.61858421237718,0.0395228607254799,0.127083609447877,89756,10,12,1.68122940139496,0.0178717730126705,0.386305260635902
"GO:0070530","K63-linked polyubiquitin modification-dependent protein binding",0.00214623203189825,17,1.61815288897144,0.0396032678987345,0.127083609447877,153742,6,10,1.21048516900437,0.366267110014219,0.861329760792963
"GO:0072341","modified amino acid binding",0.0069426825761373,45,1.32413574091257,0.0396535063962677,0.127083609447877,89269,22,41,1.08254771211773,0.356283133316052,0.861329760792963
"GO:0035254","glutamate receptor binding",0.0050098955675041,34,1.38642872531948,0.0398253301261837,0.127291176129119,198167,15,29,1.04352169741756,0.481206407020726,0.861329760792963
"GO:0052742","phosphatidylinositol kinase activity",0.00106585247951969,10,1.91668261655311,0.0403259321955255,0.128183602382014,82202,4,7,1.1528430180994,0.490523456076733,0.861329760792963
"GO:0004715","non-membrane spanning protein tyrosine kinase activity",0.00364217737716102,26,1.45834259020473,0.0403961198094815,0.128183602382014,67305,15,27,1.12081960092997,0.333633508415179,0.861329760792963
"GO:0004674","protein serine/threonine kinase activity",0.033546442823157,187,1.13878682733659,0.0405041118049061,0.128183602382014,112337,108,210,1.03755871628946,0.316924250061708,0.861329760792963
"GO:0043121","neurotrophin binding",0.00106756827552664,10,1.91360212375891,0.0406860039436088,0.128183602382014,30708,6,8,1.51310646125546,0.138809014011353,0.723876831839906
"GO:0005035","death receptor activity",0.00064033506979515,7,2.23325366822603,0.0406949516590468,0.128183602382014,13617,4,9,0.896655680743977,0.737603949371844,0.953930939408535
"GO:0140657","ATP-dependent activity",0.0360521913117123,200,1.13330194086801,0.0407669387049064,0.128183602382014,137246,110,254,0.873709767654072,0.981751583761048,0.998288097223011
"GO:0099604","ligand-gated calcium channel activity",0.001994670051284,16,1.63868779640251,0.0408591970586907,0.128183602382014,75957,12,17,1.42410019882867,0.0667625104128955,0.567004463435234
"GO:0030547","signaling receptor inhibitor activity",0.00415966145285828,29,1.42425356801929,0.0410498202830046,0.128442727148665,79034,10,13,1.55190406282611,0.0430809437238647,0.537153277821314
"GO:0061134","peptidase regulator activity",0.0124464986208432,75,1.23100940766847,0.0435014268979048,0.135365077190115,68255,44,84,1.05677276659112,0.341411681320604,0.861329760792963
"GO:0051117","ATPase binding",0.00645859932937541,42,1.32848988201789,0.0435666823213358,0.135365077190115,129882,27,44,1.23799619557265,0.0777920945588113,0.604263063526284
"GO:0004438","phosphatidylinositol-3-phosphate phosphatase activity",0.00123217030579374,11,1.82376656917435,0.0438314169202644,0.135365077190115,58269,5,8,1.26092205104622,0.353783411869496,0.861329760792963
"GO:0052629","phosphatidylinositol-3,5-bisphosphate 3-phosphatase activity",0.00123217030579374,11,1.82376656917435,0.0438314169202644,0.135365077190115,58269,5,8,1.26092205104622,0.353783411869496,0.861329760792963
"GO:0106018","phosphatidylinositol-3,5-bisphosphate phosphatase activity",0.00123217030579374,11,1.82376656917435,0.0438314169202644,0.135365077190115,58269,5,8,1.26092205104622,0.353783411869496,0.861329760792963
"GO:0000405","bubble DNA binding",0.000797387597631652,8,2.0495938741692,0.0455105641310599,0.140186685885571,74238,5,6,1.68122940139496,0.105288047335223,0.662367662865506
"GO:0008146","sulfotransferase activity",0.0072062288428054,46,1.30405853516393,0.0464469084821235,0.14270122528487,148913,19,33,1.16157667732742,0.227585216817184,0.839243263705804
"GO:0008509","monoatomic anion transmembrane transporter activity",0.0121311353147651,73,1.22933067054148,0.0468565477949612,0.143588750845899,108614,40,76,1.06182909561787,0.336742266417485,0.861329760792963
"GO:0016645","oxidoreductase activity, acting on the CH-NH group of donors",0.00252416469902993,19,1.53774107853263,0.0471226587947533,0.144033011071881,98471,7,13,1.08633284397828,0.487292114170123,0.861329760792963
"GO:0005201","extracellular matrix structural constituent",0.0205990461546838,118,1.17025956768987,0.0494165602207306,0.150615999130592,109905,46,94,0.987275137840443,0.589478048807736,0.947903888429838
"GO:0015103","inorganic anion transmembrane transporter activity",0.0123581923196853,74,1.22327492660715,0.0496438939436779,0.150615999130592,104726,43,86,1.00873764083697,0.510892610155684,0.889386988982589
"GO:0090079","translation regulator activity, nucleic acid binding",0.00617068875940857,40,1.32426119608808,0.0496564101422978,0.150615999130592,90625,20,39,1.03460270855074,0.478244086471051,0.861329760792963
"GO:0043027","cysteine-type endopeptidase inhibitor activity involved in apoptotic process",0.00141724750174382,12,1.7297480504641,0.0504479815197529,0.152627608211161,47568,5,13,0.775952031413057,0.859835374538741,0.967213112891734
"GO:0005402","carbohydrate:monoatomic cation symporter activity",0.00141827697934799,12,1.72849248691429,0.0506675377996407,0.152888356014707,49018,5,8,1.26092205104622,0.353783411869496,0.861329760792963
"GO:0030545","signaling receptor regulator activity",0.0466002188440614,253,1.10912340200337,0.0507913377845325,0.152888356014707,133904,129,242,1.07543103857826,0.132522402209241,0.723876831839906
"GO:0097493","structural molecule activity conferring elasticity",0.00157933303120072,13,1.68157769300749,0.0515630491067824,0.154819357040314,69671,3,7,0.864632263574549,0.766363301351662,0.953930939408535
"GO:0032356","oxidized DNA binding",0.000541848378996003,6,2.26214675377351,0.0529309155901776,0.1581277855194,49328,5,6,1.68122940139496,0.105288047335223,0.662367662865506
"GO:0032357","oxidized purine DNA binding",0.000541848378996003,6,2.26214675377351,0.0529309155901776,0.1581277855194,49328,5,6,1.68122940139496,0.105288047335223,0.662367662865506
"GO:0043178","alcohol binding",0.00638619273788196,41,1.31156294727336,0.0533037856910336,0.158842609490323,67849,26,50,1.04908714647045,0.419442723765866,0.861329760792963
"GO:0051082","unfolded protein binding",0.00819029504599363,51,1.27209027635141,0.0535306444026855,0.159119840486983,201576,23,49,0.946978193438792,0.695422286396855,0.953930939408535
"GO:0017134","fibroblast growth factor binding",0.00427221767091444,29,1.38673005973444,0.053728374795845,0.159309320778703,149673,10,13,1.55190406282611,0.0430809437238647,0.537153277821314
"GO:0070034","telomerase RNA binding",0.000975144063952064,9,1.88547610075515,0.0542076182672074,0.160330492835099,93956,4,7,1.1528430180994,0.490523456076733,0.861329760792963
"GO:0043394","proteoglycan binding",0.00516088561611604,34,1.34586651251258,0.0552428361852748,0.16264237275523,121762,15,23,1.31574474891779,0.0973277823055998,0.662367662865506
"GO:0031434","mitogen-activated protein kinase kinase binding",0.00112979447737883,10,1.80820579336255,0.0552628415417267,0.16264237275523,217275,4,5,1.61398022533916,0.182061937321712,0.767629941402538
"GO:0016278","lysine N-methyltransferase activity",0.00748842009274907,47,1.28219760667976,0.0555979068352399,0.16322447216568,171728,20,36,1.12081960092997,0.290291369356478,0.861329760792963
"GO:0042809","nuclear vitamin D receptor binding",0.00113196781898764,10,1.80473409670997,0.0558266031078881,0.163251041957648,210644,2,9,0.448327840371988,0.979268614473701,0.998288097223011
"GO:0016279","protein-lysine N-methyltransferase activity",0.00731192187683376,46,1.28520851112734,0.0559964549440553,0.163251041957648,173472,19,35,1.09520086719443,0.348379727191591,0.861329760792963
"GO:0015252","proton channel activity",0.00208469214844884,16,1.56792525616829,0.0560188604867286,0.163251041957648,159254,5,13,0.775952031413057,0.859835374538741,0.967213112891734
"GO:0015293","symporter activity",0.0100525056455408,61,1.23966064254746,0.0565276923165492,0.164197361146959,64460,35,68,1.03840639497924,0.4232601028881,0.861329760792963
"GO:0052744","phosphatidylinositol monophosphate phosphatase activity",0.00128890596042368,11,1.7434871745781,0.0566197797058481,0.164197361146959,58269,5,9,1.12081960092997,0.489337938924126,0.861329760792963
"GO:0140776","protein-containing complex destabilizing activity",0.00113700082060804,10,1.79674533410884,0.0571466102266498,0.165321945400211,132248,5,8,1.26092205104622,0.353783411869496,0.861329760792963
"GO:1990756","ubiquitin-like ligase-substrate adaptor activity",0.00750832332642973,47,1.2787987281977,0.057512143909152,0.165975580359179,107906,24,49,0.988151158370913,0.58899355246249,0.947903888429838
"GO:0050661","NADP binding",0.00309643986054925,22,1.45146756432553,0.0576583610489692,0.165994652027178,141303,12,24,1.00873764083697,0.563857703451708,0.947903888429838
"GO:0030550","acetylcholine receptor inhibitor activity",0.000991272546417429,9,1.85479849514628,0.0587834338811269,0.168824886194831,30361,4,5,1.61398022533916,0.182061937321712,0.767629941402538
"GO:0034481","chondroitin sulfotransferase activity",0.00129942950926633,11,1.72936738407976,0.0592372147824271,0.169718188858568,48198,4,6,1.34498352111597,0.335609717294689,0.861329760792963
"GO:0044183","protein folding chaperone",0.00501973279794397,33,1.34301432069634,0.0594513082077751,0.169922128507319,271075,11,24,0.924676170767226,0.715282450804964,0.953930939408535
"GO:0070063","RNA polymerase binding",0.00591217549436087,38,1.31305701272993,0.0599194741808335,0.170849531896909,196799,11,25,0.887689123936537,0.775273845405358,0.953930939408535
"GO:0005031","tumor necrosis factor receptor activity",0.000561294067074813,6,2.18377606941617,0.0605760694401543,0.172308484603692,15536,3,7,0.864632263574549,0.766363301351662,0.953930939408535
"GO:0030515","snoRNA binding",0.00194639899028837,15,1.574369589302,0.0609714477707931,0.173019215750532,46214,10,17,1.18675016569056,0.301612494297354,0.861329760792963
"GO:0016407","acetyltransferase activity",0.00593253627364338,38,1.308550531389,0.0622683616881262,0.175809149247277,169388,17,38,0.902554731275187,0.775900612809564,0.953930939408535
"GO:0004385","guanylate kinase activity",0.001311440081315,11,1.71352930511523,0.0623203636668733,0.175809149247277,102027,3,5,1.21048516900437,0.491877971049976,0.861329760792963
"GO:0030159","signaling receptor complex adaptor activity",0.00611280924077399,39,1.30338004532304,0.0623982009944078,0.175809149247277,228464,13,26,1.00873764083697,0.560059337921012,0.947903888429838
"GO:0140296","general transcription initiation factor binding",0.005760956672948,37,1.31206218524849,0.0631312250451636,0.17707275391008,137508,16,29,1.11308981057873,0.337919309841576,0.861329760792963
"GO:0016896","RNA exonuclease activity, producing 5'-phosphomonoesters",0.00115896300949705,10,1.7626972582947,0.0631445312513659,0.17707275391008,86754,5,10,1.00873764083697,0.612408767834033,0.947903888429838
"GO:0005227","calcium-activated cation channel activity",0.00382279350349302,26,1.38944004831565,0.0635281962666321,0.177504618950434,97016,11,20,1.10961140492067,0.396592841804526,0.861329760792963
"GO:0008443","phosphofructokinase activity",0.00116056441910354,10,1.76026499320342,0.0635971132656727,0.177504618950434,36427,4,6,1.34498352111597,0.335609717294689,0.861329760792963
"GO:0140035","ubiquitin-like protein reader activity",0.00147489824757747,12,1.6621357488173,0.0637584139506597,0.177538066012493,63988,5,8,1.26092205104622,0.353783411869496,0.861329760792963
"GO:0008172","S-methyltransferase activity",0.00116330969271466,10,1.75611097552034,0.0643778097641675,0.178403010658775,350130,4,5,1.61398022533916,0.182061937321712,0.767629941402538
"GO:0004936","alpha-adrenergic receptor activity",0.00279766258253837,20,1.46043410099288,0.0644301420686932,0.178403010658775,149875,4,6,1.34498352111597,0.335609717294689,0.861329760792963
"GO:0005496","steroid binding",0.00794150462498533,49,1.26049344265351,0.064519171222265,0.178403010658775,101981,27,60,0.907863876753277,0.799273584601254,0.953930939408535
"GO:0052745","inositol phosphate phosphatase activity",0.0041809373233445,28,1.36814358400365,0.0648925895035759,0.178937370176618,102604,5,9,1.12081960092997,0.489337938924126,0.861329760792963
"GO:0000979","RNA polymerase II core promoter sequence-specific DNA binding",0.00331354524862914,23,1.41801960191923,0.0650134095174928,0.178937370176618,155452,7,12,1.17686058097647,0.375451372700517,0.861329760792963
"GO:0015036","disulfide oxidoreductase activity",0.00229859471731574,17,1.51089338918991,0.0654646776460871,0.17976328342078,64468,10,18,1.12081960092997,0.392763081217954,0.861329760792963
"GO:0140658","ATP-dependent chromatin remodeler activity",0.00315088778716992,22,1.42638593502839,0.0665437728904943,0.182008811272264,151736,9,17,1.0680751491215,0.485530855971015,0.861329760792963
"GO:0019206","nucleoside kinase activity",0.000438099913775531,5,2.33154681736839,0.0665885894898528,0.182008811272264,23768,4,5,1.61398022533916,0.182061937321712,0.767629941402538
"GO:0035033","histone deacetylase regulator activity",0.00117200305914989,10,1.74308497179796,0.0668904506609492,0.182182741729879,104851,4,5,1.61398022533916,0.182061937321712,0.767629941402538
"GO:0046030","inositol trisphosphate phosphatase activity",0.00384532762438434,26,1.38129774860067,0.0669586695844888,0.182182741729879,104681,3,6,1.00873764083697,0.648146224805264,0.947903888429838
"GO:0004016","adenylate cyclase activity",0.0018178286761673,14,1.57333929457958,0.0686621333373785,0.186391042324527,195867,6,8,1.51310646125546,0.138809014011353,0.723876831839906
"GO:0140939","histone H4 methyltransferase activity",0.00198300263843671,15,1.54530877547086,0.0688830823203844,0.186449272808092,377914,8,11,1.46725475030833,0.107649643165396,0.670133118972018
"GO:0106310","protein serine kinase activity",0.0297637989462267,164,1.12564848113437,0.0691131613315576,0.186449272808092,112482,91,179,1.02564385828117,0.394265848848408,0.861329760792963
"GO:0030546","signaling receptor activator activity",0.0427665586325243,231,1.1034558950943,0.0691540196033379,0.186449272808092,133094,118,224,1.06277715731038,0.190552076601263,0.785205211565999
"GO:0030506","ankyrin binding",0.00232433165742005,17,1.49416351652417,0.0707537848583977,0.190330882797816,53345,6,10,1.21048516900437,0.366267110014219,0.861329760792963
"GO:0033764","steroid dehydrogenase activity, acting on the CH-OH group of donors, NAD or NADP as acceptor",0.000730357166959992,7,1.95798810254179,0.0711614523854813,0.190572653778158,96437,5,9,1.12081960092997,0.489337938924126,0.861329760792963
"GO:0016846","carbon-sulfur lyase activity",0.000879059487562652,8,1.85916966777274,0.0711642205866292,0.190572653778158,78650,4,8,1.00873764083697,0.627263500283969,0.947903888429838
"GO:0140640","catalytic activity, acting on a nucleic acid",0.0360075806155315,196,1.11201189677028,0.0717114375760334,0.191270591958269,124504,110,241,0.92083934018313,0.903392613900783,0.980122017453745
"GO:0140463","chromatin-protein adaptor activity",0.00335380926159232,23,1.40099562852648,0.0718505345036171,0.191270591958269,165196,11,22,1.00873764083697,0.568090551700735,0.947903888429838
"GO:0008094","ATP-dependent activity, acting on DNA",0.00691557299922743,43,1.27024527887922,0.0719074471028985,0.191270591958269,165522,22,51,0.870283454839742,0.855818479945573,0.967213112891734
"GO:0035197","siRNA binding",0.00118938979202036,10,1.71760421437218,0.0721009034305492,0.19135708522081,66413,2,6,0.672491760557983,0.886592814903911,0.972471270222094
"GO:0005172","vascular endothelial growth factor receptor binding",0.00166981267396742,13,1.59046055674438,0.0723566511299527,0.191608147424307,211478,6,8,1.51310646125546,0.138809014011353,0.723876831839906
"GO:0008270","zinc ion binding",0.0746926037067142,393,1.07488562647985,0.0731079931135682,0.193167564026739,155171,187,373,1.01144203129498,0.432083664119101,0.861329760792963
"GO:0016879","ligase activity, forming carbon-nitrogen bonds",0.00371080921743917,25,1.37631767062066,0.0734341416965238,0.19359910083629,156451,12,26,0.931142437695668,0.706532991494174,0.953930939408535
"GO:0016597","amino acid binding",0.00371275378624705,25,1.3755968190463,0.0737638846748564,0.193721511710239,92804,14,25,1.12978615773741,0.328823001709169,0.861329760792963
"GO:0016491","oxidoreductase activity",0.0546112704005286,291,1.08857414075488,0.0738064296086949,0.193721511710239,112484,163,326,1.00873764083697,0.458953548197598,0.861329760792963
"GO:0004549","tRNA-specific ribonuclease activity",0.000453885237039506,5,2.25045975567564,0.0748270728437503,0.195967818526914,34339,5,5,2.01747528167395,0.0298851196699221,0.478657512627143
"GO:0004497","monooxygenase activity",0.00657801873145939,41,1.27331558499438,0.0750855019142599,0.196111259023929,110922,22,44,1.00873764083697,0.537018401204197,0.929424860308283
"GO:0005159","insulin-like growth factor receptor binding",0.00089015496840762,8,1.83599574618781,0.0752117191883193,0.196111259023929,48489,6,10,1.21048516900437,0.366267110014219,0.861329760792963
"GO:0038024","cargo receptor activity",0.00604108896768332,38,1.28503710752957,0.0759143143891732,0.197108994458645,86758,19,35,1.09520086719443,0.348379727191591,0.861329760792963
"GO:0070628","proteasome binding",0.00136028307431296,11,1.65200247924202,0.0759259204895371,0.197108994458645,80837,5,6,1.68122940139496,0.105288047335223,0.662367662865506
"GO:0016651","oxidoreductase activity, acting on NAD(P)H",0.00677064542984007,42,1.26726232380558,0.0764804710020918,0.198116078478185,174945,16,36,0.896655680743977,0.782904533109819,0.953930939408535
"GO:0045505","dynein intermediate chain binding",0.00479862388584786,31,1.31975187064027,0.0779976898913436,0.20118083518567,236837,10,23,0.877163165945195,0.785853106856169,0.953930939408535
"GO:0015278","intracellularly gated calcium channel activity",0.0010516685658622,9,1.74827972144199,0.0780723176264111,0.20118083518567,95633,6,9,1.34498352111597,0.245339790225792,0.861329760792963
"GO:0005507","copper ion binding",0.00409000013497595,27,1.34861425430174,0.0781711907954413,0.20118083518567,76968,14,25,1.12978615773741,0.328823001709169,0.861329760792963
"GO:0035256","G protein-coupled glutamate receptor binding",0.00046040526186593,5,2.21858989081266,0.0783839282596173,0.201292636502559,58133,4,5,1.61398022533916,0.182061937321712,0.767629941402538
"GO:0004806","triacylglycerol lipase activity",0.00105475699867472,9,1.74316058550458,0.0791509387691358,0.202824280595911,60480,6,9,1.34498352111597,0.245339790225792,0.861329760792963
"GO:0005080","protein kinase C binding",0.00482172993874151,31,1.31342753126064,0.0816311403048422,0.208729948005285,123989,15,26,1.16392804711959,0.263528490205411,0.861329760792963
"GO:0046914","transition metal ion binding",0.0957890019306137,498,1.06208921411567,0.0832164388751784,0.212326922366067,147694,241,490,0.992268454864125,0.587439505896205,0.947903888429838
"GO:0008080","N-acetyltransferase activity",0.00429772583821782,28,1.33096497761411,0.0833989580306584,0.212336961666923,190824,11,30,0.739740936613781,0.945893234576153,0.988283880413924
"GO:0030368","interleukin-17 receptor activity",0.000760783949483305,7,1.87968035404139,0.0838653197156141,0.213068087909968,35527,5,6,1.68122940139496,0.105288047335223,0.662367662865506
"GO:0005217","intracellularly ligand-gated monoatomic ion channel activity",0.00171476652934961,13,1.54876547310749,0.0844607778970528,0.213762908353257,74070,8,16,1.00873764083697,0.584604078888113,0.947903888429838
"GO:0001727","lipid kinase activity",0.00272777249185512,19,1.42296022057196,0.0844983742018762,0.213762908353257,77242,8,15,1.07598681689277,0.48638319522183,0.861329760792963
"GO:0001540","amyloid-beta binding",0.00904304566144966,54,1.21990592298754,0.0847307157591468,0.213895586067146,118722,28,53,1.06583599786548,0.367421731334418,0.861329760792963
"GO:0070851","growth factor receptor binding",0.0110973110273752,65,1.19658320314971,0.0852588481614276,0.214397409334166,155103,34,66,1.03930544813506,0.422969132670963,0.861329760792963
"GO:0010854","adenylate cyclase regulator activity",0.00188417278843618,14,1.51794002364368,0.0854483513710527,0.214397409334166,90344,8,10,1.61398022533916,0.0516102182772589,0.537153277821314
"GO:0004518","nuclease activity",0.0120375672391859,70,1.18797313036692,0.0855415900940428,0.214397409334166,75526,42,92,0.921021324242455,0.804966204785136,0.953930939408535
"GO:1990380","K48-linked deubiquitinase activity",0.00139196810724137,11,1.61439834687699,0.0856796909414108,0.214397409334166,79100,5,9,1.12081960092997,0.489337938924126,0.861329760792963
"GO:0046982","protein heterodimerization activity",0.0273293131851602,150,1.12126907771032,0.0858310907006417,0.214397409334166,146101,74,138,1.08183457133241,0.190853074972728,0.785205211565999
"GO:0009975","cyclase activity",0.00222332846581071,16,1.47015680370772,0.0862701644315272,0.214924541464237,193593,7,9,1.56914744130196,0.0855436259041333,0.616432552727361
"GO:0042803","protein homodimerization activity",0.0686937233208019,361,1.07358750729694,0.086403642405303,0.214924541464237,121935,194,358,1.09326872805795,0.0415638762941228,0.537153277821314
"GO:0019894","kinesin binding",0.00468263607577779,30,1.30881466309514,0.0882330445265158,0.21901688923179,68831,12,24,1.00873764083697,0.563857703451708,0.947903888429838
"GO:0015643","toxic substance binding",0.00062374904172793,6,1.96511813178528,0.0893183034307865,0.221248880790011,44536,4,5,1.61398022533916,0.182061937321712,0.767629941402538
"GO:0031543","peptidyl-proline dioxygenase activity",0.000626265542538129,6,1.95722176668952,0.0906087923950183,0.223978906772717,62555,3,5,1.21048516900437,0.491877971049976,0.861329760792963
"GO:0016829","lyase activity",0.0145450315237481,83,1.16576424069967,0.0909184378412373,0.224278055172679,107077,49,92,1.07452487828286,0.271784475135228,0.861329760792963
"GO:0038187","pattern recognition receptor activity",0.00310547638618587,21,1.38146016811625,0.0913381318844074,0.224620247064027,126347,10,24,0.840614700697478,0.836260718321315,0.967213112891734
"GO:0008381","mechanosensitive monoatomic ion channel activity",0.00241435375458489,17,1.43845182431284,0.0914647837587799,0.224620247064027,110514,10,12,1.68122940139496,0.0178717730126705,0.386305260635902
"GO:0061630","ubiquitin protein ligase activity",0.0283805242054206,155,1.11572866026153,0.0916239022927277,0.224620247064027,94779,93,167,1.12350419877651,0.0642462999243449,0.567004463435234
"GO:0140299","molecular sensor activity",0.00579664522989264,36,1.26874131809438,0.0932831385970638,0.227230225204874,63600,19,37,1.03600082031905,0.478803822322486,0.861329760792963
"GO:0015373","monoatomic anion:sodium symporter activity",0.00174507892547246,13,1.5218630838591,0.0933009903913143,0.227230225204874,62768,6,10,1.21048516900437,0.366267110014219,0.861329760792963
"GO:0015378","sodium:chloride symporter activity",0.00174507892547246,13,1.5218630838591,0.0933009903913143,0.227230225204874,62768,6,10,1.21048516900437,0.366267110014219,0.861329760792963
"GO:0030331","nuclear estrogen receptor binding",0.00191288377495254,14,1.49515685400099,0.0934529689866976,0.227230225204874,150769,9,18,1.00873764083697,0.578298630724077,0.947903888429838
"GO:0019855","calcium channel inhibitor activity",0.00125847917790036,10,1.62330927295418,0.0952644887705635,0.231162198261633,132321,5,8,1.26092205104622,0.353783411869496,0.861329760792963
"GO:0015185","gamma-aminobutyric acid transmembrane transporter activity",0.00142456823137349,11,1.57745410977566,0.0964822930481229,0.23364042043629,92354,5,7,1.44105377262425,0.219424413208157,0.817854631048584
"GO:0004602","glutathione peroxidase activity",0.000945632372632459,8,1.72828340351198,0.097480289558082,0.235577366432031,93574,5,7,1.44105377262425,0.219424413208157,0.817854631048584
"GO:0061665","SUMO ligase activity",0.00295974811199527,20,1.38045593206121,0.0978747874941353,0.23582283061431,131111,7,8,1.7652908714647,0.0332416633109491,0.484299344159477
"GO:0008375","acetylglucosaminyltransferase activity",0.00366436833885095,24,1.33801019792416,0.0979785351753313,0.23582283061431,91242,14,23,1.22802843232327,0.190513673670724,0.785205211565999
"GO:0070888","E-box binding",0.00822735623974383,49,1.21669880492597,0.0991589021224588,0.237728486285282,65176,26,37,1.41768533306818,0.00860173201152892,0.265228061270344
"GO:0015078","proton transmembrane transporter activity",0.0153879449087643,87,1.15501050356856,0.0991701675336416,0.237728486285282,154153,39,83,0.947970313075711,0.71966849396682,0.953930939408535
"GO:0140036","ubiquitin-modified protein reader activity",0.00143474862101475,11,1.56626114032895,0.100015017828861,0.239254883431419,66494,4,6,1.34498352111597,0.335609717294689,0.861329760792963
"GO:0005310","dicarboxylic acid transmembrane transporter activity",0.00143623564422078,11,1.56463949371982,0.100537363144148,0.239254883431419,177621,6,13,0.931142437695668,0.698631052863074,0.953930939408535
"GO:0003756","protein disulfide isomerase activity",0.00111160703970512,9,1.65401150019939,0.100611809685206,0.239254883431419,27808,6,10,1.21048516900437,0.366267110014219,0.861329760792963
"GO:0016864","intramolecular oxidoreductase activity, transposing S-S bonds",0.00111160703970512,9,1.65401150019939,0.100611809685206,0.239254883431419,27808,6,10,1.21048516900437,0.366267110014219,0.861329760792963
"GO:0015101","organic cation transmembrane transporter activity",0.00712970434089527,43,1.23209512386459,0.101083566224279,0.23989692662808,70668,25,44,1.14629277367838,0.208140038638215,0.817854631048584
"GO:0099095","ligand-gated monoatomic anion channel activity",0.00403772554996409,26,1.31547880718176,0.101556134604693,0.240538334750956,88793,14,26,1.08633284397828,0.404999931796888,0.861329760792963
"GO:0008429","phosphatidylethanolamine binding",0.000799789712041388,7,1.78800830016152,0.101920711390836,0.24092192016641,70179,4,8,1.00873764083697,0.627263500283969,0.947903888429838
"GO:0005545","1-phosphatidylinositol binding",0.0017757344807967,13,1.49559026071595,0.102799068082613,0.242419052659115,175240,4,7,1.1528430180994,0.490523456076733,0.861329760792963
"GO:0016881","acid-amino acid ligase activity",0.00211569086297447,15,1.44839278392965,0.1031116186531,0.242419052659115,223120,7,14,1.00873764083697,0.592056982420721,0.947903888429838
"GO:0051011","microtubule minus-end binding",0.000502041911634675,5,2.03459200513122,0.103165719634577,0.242419052659115,49652,5,8,1.26092205104622,0.353783411869496,0.861329760792963
"GO:0061608","nuclear import signal receptor activity",0.000652688801045217,6,1.87798618517791,0.104761991709166,0.245684434205521,89512,3,6,1.00873764083697,0.648146224805264,0.947903888429838
"GO:0001786","phosphatidylserine binding",0.00495704905048993,31,1.2775731660797,0.10522009489327,0.246273017378145,91448,14,26,1.08633284397828,0.404999931796888,0.861329760792963
"GO:0004866","endopeptidase inhibitor activity",0.00846139081509232,50,1.20718978945019,0.105969878510382,0.246602222916377,61485,27,53,1.02777042651314,0.474665095074555,0.861329760792963
"GO:0005272","sodium channel activity",0.00246983115880973,17,1.40614128639177,0.105970465693751,0.246602222916377,54731,8,19,0.849463276494294,0.810457437040805,0.955986004604679
"GO:0140996","histone H3 kinase activity",0.000808025532874766,7,1.76978398000132,0.105982957031344,0.246602222916377,304588,4,6,1.34498352111597,0.335609717294689,0.861329760792963
"GO:0015605","organophosphate ester transmembrane transporter activity",0.00317079102085058,21,1.35300368341226,0.106313698075536,0.246888646507445,102828,13,21,1.24891326960768,0.180628735906937,0.767629941402538
"GO:0034185","apolipoprotein binding",0.00212861652622686,15,1.43959766411751,0.106917931359609,0.247807837010868,141939,8,10,1.61398022533916,0.0516102182772589,0.537153277821314
"GO:0001537","N-acetylgalactosamine 4-O-sulfotransferase activity",0.000658408121068396,6,1.86167289308984,0.107968331480478,0.24975553721846,56831,3,5,1.21048516900437,0.491877971049976,0.861329760792963
"GO:0043274","phospholipase binding",0.00371206746784427,24,1.32081710497043,0.108346220500508,0.250143021699232,166537,12,17,1.42410019882867,0.0667625104128955,0.567004463435234
"GO:0004683","calcium/calmodulin-dependent protein kinase activity",0.00196515835996439,14,1.45538463733752,0.109182687553956,0.250978053962452,95549,9,15,1.21048516900437,0.291653290280008,0.861329760792963
"GO:0031994","insulin-like growth factor I binding",0.000814659944101654,7,1.75537124890892,0.10931764863814,0.250978053962452,141841,5,6,1.68122940139496,0.105288047335223,0.662367662865506
"GO:0050145","nucleoside monophosphate kinase activity",0.00179586648727829,13,1.47882440811175,0.109341153870942,0.250978053962452,157924,5,8,1.26092205104622,0.353783411869496,0.861329760792963
"GO:0019957","C-C chemokine binding",0.000972970722343256,8,1.67972241909634,0.109685439155852,0.251283212247221,44599,6,9,1.34498352111597,0.245339790225792,0.861329760792963
"GO:0047372","monoacylglycerol lipase activity",0.000817977149715098,7,1.74825255694718,0.111005708404024,0.253818821716124,23206,4,8,1.00873764083697,0.627263500283969,0.947903888429838
"GO:0015556","C4-dicarboxylate transmembrane transporter activity",0.000515196347687988,5,1.98264305295758,0.111713586077515,0.254947128303581,147795,3,5,1.21048516900437,0.491877971049976,0.861329760792963
"GO:1901338","catecholamine binding",0.00426775660129636,27,1.29244307898186,0.112116344816396,0.255376118748458,152394,7,10,1.41223269717176,0.164721577033508,0.767629941402538
"GO:0005165","neurotrophin receptor binding",0.000821751900930396,7,1.74022188679417,0.112943309974643,0.256767869139294,142962,4,7,1.1528430180994,0.490523456076733,0.861329760792963
"GO:0005251","delayed rectifier potassium channel activity",0.00163847080024039,12,1.49620066638161,0.113218365201701,0.256901977528287,36488,6,14,0.864632263574549,0.778561605694839,0.953930939408535
"GO:0035255","ionotropic glutamate receptor binding",0.00373791879434904,24,1.31168237623173,0.114243727311939,0.258734841474087,243840,7,18,0.78457372065098,0.873782217049885,0.972471270222094
"GO:0022839","monoatomic ion-gated channel activity",0.00428251244695617,27,1.28798983083985,0.115297118530901,0.260624094930117,94351,12,23,1.05259579913423,0.483229944536386,0.861329760792963
"GO:0048018","receptor ligand activity",0.0422128140678801,224,1.08405425231437,0.116108745337933,0.261960717659966,133556,114,218,1.05501000968271,0.227599816594735,0.839243263705804
"GO:0032934","sterol binding",0.00519748926426438,32,1.25777709378349,0.116518474295765,0.262387246094063,70883,17,38,0.902554731275187,0.775900612809564,0.953930939408535
"GO:0016783","sulfurtransferase activity",0.000674193444332371,6,1.81808435232866,0.11707550297765,0.263133461457388,64558,3,5,1.21048516900437,0.491877971049976,0.861329760792963
"GO:0004708","MAP kinase kinase activity",0.000523775327722757,5,1.95016910035399,0.117466226972792,0.263133461457388,47396,3,7,0.864632263574549,0.766363301351662,0.953930939408535
"GO:0140313","molecular sequestering activity",0.00483740087560502,30,1.26694125947329,0.117513766218564,0.263133461457388,57023,16,32,1.00873764083697,0.550596738120549,0.947408859081523
"GO:0070840","dynein complex binding",0.00165860280672199,12,1.47803988587933,0.120514810651627,0.269019260277387,82407,9,18,1.00873764083697,0.578298630724077,0.947903888429838
"GO:0019003","GDP binding",0.00430653359105352,27,1.2808056329999,0.120594840814001,0.269019260277387,213278,15,33,0.917034218942704,0.741016814605683,0.953930939408535
"GO:0140142","nucleocytoplasmic carrier activity",0.00149136988924422,11,1.5067965549276,0.12103445832399,0.269350741540194,76715,7,12,1.17686058097647,0.375451372700517,0.861329760792963
"GO:0004364","glutathione transferase activity",0.00115987810070075,9,1.58517591311023,0.12119650691674,0.269350741540194,78492,5,9,1.12081960092997,0.489337938924126,0.861329760792963
"GO:0016709","oxidoreductase activity, acting on paired donors, with incorporation or reduction of molecular oxygen, NAD(P)H as one donor, and incorporation of one atom of oxygen",0.00305617584758607,20,1.33690011385896,0.122221118225105,0.271121099943376,202436,10,16,1.26092205104622,0.216590718176811,0.817854631048584
"GO:0140612","DNA damage sensor activity",0.000531324830153353,5,1.9224594855804,0.122642018081322,0.271548155491047,126917,3,8,0.75655323062773,0.849823181992278,0.967213112891734
"GO:0050700","CARD domain binding",0.00133077138299335,10,1.53512537571273,0.123688572113816,0.273356342459717,86141,4,6,1.34498352111597,0.335609717294689,0.861329760792963
"GO:0003950","NAD+-protein poly-ADP-ribosyltransferase activity",0.00133557561181282,10,1.52960334198714,0.12572617359883,0.27734400817998,175451,5,9,1.12081960092997,0.489337938924126,0.861329760792963
"GO:0005164","tumor necrosis factor receptor binding",0.000846688136231458,7,1.68896974260056,0.126183732628948,0.277837885362628,62891,5,10,1.00873764083697,0.612408767834033,0.947903888429838
"GO:0043560","insulin receptor substrate binding",0.00202006383218691,14,1.41582718400106,0.127301008629631,0.279779850759022,74903,6,9,1.34498352111597,0.245339790225792,0.861329760792963
"GO:0016849","phosphorus-oxygen lyase activity",0.00254841461592821,17,1.36278121350919,0.128800842227847,0.282553877138211,190499,8,12,1.34498352111597,0.18541609601855,0.773542940933528
"GO:0005375","copper ion transmembrane transporter activity",0.000694782996415817,6,1.76420631752142,0.129509052677481,0.283584279251426,401840,2,6,0.672491760557983,0.886592814903911,0.972471270222094
"GO:0001094","TFIID-class transcription factor complex binding",0.000542305924597857,5,1.88353180985466,0.130355548975855,0.284913139213771,118389,4,6,1.34498352111597,0.335609717294689,0.861329760792963
"GO:0005114","type II transforming growth factor beta receptor binding",0.00151653489734621,11,1.48179314249103,0.131111430744898,0.28603943331318,125346,5,8,1.26092205104622,0.353783411869496,0.861329760792963
"GO:0031690","adrenergic receptor binding",0.00344783488277339,22,1.3035374880994,0.131368550483642,0.286075469826099,237040,6,11,1.10044106273124,0.488270688468038,0.861329760792963
"GO:0019825","oxygen binding",0.00101952598733193,8,1.60302018364563,0.132282970467447,0.287211704148962,34196,5,12,0.840614700697478,0.797833712355792,0.953930939408535
"GO:0045182","translation regulator activity",0.00976402314357163,56,1.17167329285186,0.132373434712894,0.287211704148962,89536,27,55,0.99039695645812,0.581378002996874,0.947903888429838
"GO:0005253","monoatomic anion channel activity",0.00806973177990501,47,1.18983314224212,0.132841515785802,0.287702299215516,125158,30,55,1.10044106273124,0.27253244136136,0.861329760792963
"GO:0016668","oxidoreductase activity, acting on a sulfur group of donors, NAD(P) as acceptor",0.00054653822141501,5,1.86894606750124,0.133385791116928,0.287924338608357,47838,3,5,1.21048516900437,0.491877971049976,0.861329760792963
"GO:0019955","cytokine binding",0.010339272351503,59,1.16576051139129,0.133428352038019,0.287924338608357,105831,39,70,1.12402194264691,0.180707347907712,0.767629941402538
"GO:0005231","excitatory extracellular ligand-gated monoatomic ion channel activity",0.00152294053577217,11,1.47556057406835,0.13374729049208,0.288089725353412,50124,6,13,0.931142437695668,0.698631052863074,0.953930939408535
"GO:0030228","lipoprotein particle receptor activity",0.00169417697726616,12,1.44700414187092,0.13404221981994,0.288202892162583,167645,4,9,0.896655680743977,0.737603949371844,0.953930939408535
"GO:0015294","solute:monoatomic cation symporter activity",0.00884778807585831,51,1.17755924973903,0.137061285341189,0.294058254974996,62655,27,55,0.99039695645812,0.581378002996874,0.947903888429838
"GO:0008237","metallopeptidase activity",0.0161083504588839,89,1.12872005288355,0.13728449101074,0.294058254974996,123023,41,79,1.04704413352699,0.380796838800644,0.861329760792963
"GO:0016176","superoxide-generating NADPH oxidase activator activity",0.00222378601141256,15,1.37798842300102,0.137507476674599,0.294058254974996,114224,4,5,1.61398022533916,0.182061937321712,0.767629941402538
"GO:0005521","lamin binding",0.000708166205270056,6,1.73086563925458,0.137916559796842,0.294403571990026,27386,5,9,1.12081960092997,0.489337938924126,0.861329760792963
"GO:0008499","UDP-galactose:beta-N-acetylglucosamine beta-1,3-galactosyltransferase activity",0.00086910787072232,7,1.64540063631605,0.138724620906138,0.29559780332867,75809,4,5,1.61398022533916,0.182061937321712,0.767629941402538
"GO:0070577","lysine-acetylated histone binding",0.00119957018166162,9,1.53272468379305,0.139694930199862,0.296602271442207,223964,5,11,0.917034218942704,0.715857167305695,0.953930939408535
"GO:0140033","acetylation-dependent protein binding",0.00119957018166162,9,1.53272468379305,0.139694930199862,0.296602271442207,223964,5,11,0.917034218942704,0.715857167305695,0.953930939408535
"GO:0030296","protein tyrosine kinase activator activity",0.00294293331112712,19,1.31892616526662,0.140814755952633,0.29844696047715,125221,12,19,1.27419491474144,0.169561303886481,0.767629941402538
"GO:0042169","SH2 domain binding",0.00476236339690091,29,1.2440068453913,0.141435038839146,0.299228222739759,124484,12,21,1.1528430180994,0.31716769155312,0.861329760792963
"GO:0106222","lncRNA binding",0.00171533846135192,12,1.42915299714926,0.142466725120373,0.300875552696488,106133,8,10,1.61398022533916,0.0516102182772589,0.537153277821314
"GO:1990459","transferrin receptor binding",0.0012065477520899,9,1.52386080384316,0.14308861907155,0.301322040431128,67999,3,6,1.00873764083697,0.648146224805264,0.947903888429838
"GO:0016410","N-acyltransferase activity",0.00532354307757526,32,1.2279947483312,0.143184989775936,0.301322040431128,168627,15,41,0.738100712807542,0.966578682420702,0.991597975322014
"GO:0140311","protein sequestering activity",0.00349210241975279,22,1.28701323221501,0.143454315468872,0.301355443626305,71274,10,19,1.06182909561787,0.484725653723273,0.861329760792963
"GO:0004532","RNA exonuclease activity",0.00137801296638481,10,1.48249760280915,0.144504213921228,0.303025591450335,86754,5,11,0.917034218942704,0.715857167305695,0.953930939408535
"GO:0035325","Toll-like receptor binding",0.000718804140513169,6,1.70524970920196,0.144776422783639,0.303061913186173,101324,4,7,1.1528430180994,0.490523456076733,0.861329760792963
"GO:0005385","zinc ion transmembrane transporter activity",0.00121135198090937,9,1.51781716326135,0.145449359516883,0.303935480607336,270170,2,9,0.448327840371988,0.979268614473701,0.998288097223011
"GO:0015232","heme transmembrane transporter activity",0.000720863095721514,6,1.70037911339656,0.146121856488477,0.304805065552279,132004,3,5,1.21048516900437,0.491877971049976,0.861329760792963
"GO:0015295","solute:proton symporter activity",0.00260549342975954,17,1.33292662462776,0.147037473042363,0.305816051820551,71145,8,17,0.949400132552446,0.672669165925533,0.953930939408535
"GO:0015179","L-amino acid transmembrane transporter activity",0.00664539232133245,39,1.19892298302918,0.147120926527632,0.305816051820551,74684,21,32,1.32396815359853,0.0495292501054105,0.537153277821314
"GO:0005504","fatty acid binding",0.00296615375042123,19,1.30860099417607,0.147936722284027,0.306882642583167,53005,13,21,1.24891326960768,0.180628735906937,0.767629941402538
"GO:0140318","protein transporter activity",0.00296684006882401,19,1.3082982758214,0.148150241247046,0.306882642583167,75895,9,16,1.1348298459416,0.388162311555547,0.861329760792963
"GO:0008252","nucleotidase activity",0.000885808285190004,7,1.61437939498054,0.148443683224052,0.306955720614604,38765,4,7,1.1528430180994,0.490523456076733,0.861329760792963
"GO:0005245","voltage-gated calcium channel activity",0.00479301895222515,29,1.23605033175079,0.148787378176511,0.307132278909499,108274,16,31,1.04127756473494,0.480578221717218,0.861329760792963
"GO:0042577","lipid phosphatase activity",0.00139620040405852,10,1.46318602499114,0.152970385906888,0.314472661634138,75842,7,12,1.17686058097647,0.375451372700517,0.861329760792963
"GO:0004812","aminoacyl-tRNA ligase activity",0.00156812316395529,11,1.43304496922796,0.153136813360947,0.314472661634138,154820,7,18,0.78457372065098,0.873782217049885,0.972471270222094
"GO:0016875","ligase activity, forming carbon-oxygen bonds",0.00156812316395529,11,1.43304496922796,0.153136813360947,0.314472661634138,154820,7,18,0.78457372065098,0.873782217049885,0.972471270222094
"GO:0044390","ubiquitin-like protein conjugating enzyme binding",0.00262619736824345,17,1.32241833946475,0.153988308759723,0.315486239986387,176916,6,15,0.806990112669579,0.841254978678233,0.967213112891734
"GO:1904047","S-adenosyl-L-methionine binding",0.00139871690486872,10,1.46055353459616,0.154161064282667,0.315486239986387,162736,6,11,1.10044106273124,0.488270688468038,0.861329760792963
"GO:0016801","hydrolase activity, acting on ether bonds",0.000735962100582707,6,1.66549412070642,0.156159672931772,0.318480019066683,22907,4,7,1.1528430180994,0.490523456076733,0.861329760792963
"GO:0016803","ether hydrolase activity",0.000735962100582707,6,1.66549412070642,0.156159672931772,0.318480019066683,22907,4,7,1.1528430180994,0.490523456076733,0.861329760792963
"GO:0019239","deaminase activity",0.00263626337148425,17,1.31736897018142,0.157431143524246,0.320523338442344,163460,8,15,1.07598681689277,0.48638319522183,0.861329760792963
"GO:0004386","helicase activity",0.00954531634588526,54,1.15571496684913,0.159374223578651,0.32392470399148,157607,28,64,0.882645435732352,0.855381976077802,0.967213112891734
"GO:0050431","transforming growth factor beta binding",0.00141312959132713,10,1.44565716537493,0.16106910258479,0.326810858316238,69263,7,13,1.08633284397828,0.487292114170123,0.861329760792963
"GO:0001618","virus receptor activity",0.00955801323633672,54,1.15417971198346,0.161654849832853,0.326883701447724,137349,20,37,1.09052717928322,0.351247660467227,0.861329760792963
"GO:0140272","exogenous protein binding",0.00955801323633672,54,1.15417971198346,0.161654849832853,0.326883701447724,137349,20,37,1.09052717928322,0.351247660467227,0.861329760792963
"GO:0005342","organic acid transmembrane transporter activity",0.0141802532926697,78,1.12371950216287,0.163770964830134,0.33060047059937,78307,45,85,1.0680751491215,0.302891726121231,0.861329760792963
"GO:1990404","NAD+-protein ADP-ribosyltransferase activity",0.00141930645695217,10,1.43936562065134,0.164075385964713,0.330653616800075,175451,5,10,1.00873764083697,0.612408767834033,0.947903888429838
"GO:0022848","acetylcholine-gated monoatomic cation-selective channel activity",0.00091280347569941,7,1.56663584395104,0.164804821956683,0.331561646880705,63860,3,7,0.864632263574549,0.766363301351662,0.953930939408535
"GO:0005501","retinoid binding",0.00598412454025246,35,1.1948536781735,0.166430575333807,0.33370312659679,135385,14,22,1.28384790651979,0.133791826752822,0.723876831839906
"GO:0019840","isoprenoid binding",0.00598412454025246,35,1.1948536781735,0.166430575333807,0.33370312659679,135385,14,22,1.28384790651979,0.133791826752822,0.723876831839906
"GO:0035250","UDP-galactosyltransferase activity",0.00194902987749903,13,1.36261184384967,0.166803575772728,0.333887965646083,53562,9,14,1.29694839536182,0.202383355581854,0.814321438650177
"GO:0016740","transferase activity",0.19767319759633,995,1.0283065379758,0.16718809076371,0.334095193139582,119679,545,1053,1.04418236325955,0.0691239968202483,0.570753001522744
"GO:0004519","endonuclease activity",0.00901753749414628,51,1.15539244446956,0.167492015896947,0.334140951176963,73487,30,66,0.917034218942704,0.786336754644555,0.953930939408535
"GO:0038191","neuropilin binding",0.00302998136187991,19,1.2810348589973,0.168522317688616,0.335443188131454,112378,7,16,0.882645435732352,0.762235131922135,0.953930939408535
"GO:0005332","gamma-aminobutyric acid:sodium:chloride symporter activity",0.00108678519080452,8,1.50381211418098,0.168728808920535,0.335443188131454,79751,3,5,1.21048516900437,0.491877971049976,0.861329760792963
"GO:0016229","steroid dehydrogenase activity",0.00108724273640638,8,1.50317926321236,0.168991143558235,0.335443188131454,86654,6,10,1.21048516900437,0.366267110014219,0.861329760792963
"GO:0017162","aryl hydrocarbon receptor binding",0.00125825040509944,9,1.46124397808524,0.169496442285053,0.335885449794879,273334,2,5,0.806990112669579,0.807110618204361,0.953930939408535
"GO:0140101","catalytic activity, acting on a tRNA",0.0065654362274084,38,1.18240787427843,0.170324166433327,0.336725128872483,110681,24,53,0.913573712456127,0.777192784435343,0.953930939408535
"GO:0019956","chemokine binding",0.00143280405220687,10,1.42580621276081,0.170738362395206,0.336725128872483,65891,8,13,1.24152325026089,0.279587880012285,0.861329760792963
"GO:0017110","nucleoside diphosphate phosphatase activity",0.00109078871482075,8,1.49829266955049,0.171030516160668,0.336725128872483,69022,6,10,1.21048516900437,0.366267110014219,0.861329760792963
"GO:0070325","lipoprotein particle receptor binding",0.00303753086431051,19,1.27785096516587,0.171052967063902,0.336725128872483,53799,11,16,1.38701425615084,0.0986376743468491,0.662367662865506
"GO:0034483","heparan sulfate sulfotransferase activity",0.00267984459006087,17,1.2959451364082,0.172806616391921,0.339614986595032,208142,7,11,1.28384790651979,0.264597461302703,0.861329760792963
"GO:0004303","estradiol 17-beta-dehydrogenase [NAD(P)+] activity",0.000598698420026405,5,1.70611851557527,0.173165550926795,0.33975881196693,134735,3,5,1.21048516900437,0.491877971049976,0.861329760792963
"GO:0140326","ATPase-coupled intramembrane lipid transporter activity",0.00378424528653679,23,1.24164047481777,0.17549603954897,0.343323221155036,181101,9,16,1.1348298459416,0.388162311555547,0.861329760792963
"GO:1990226","histone methyltransferase binding",0.000601672466438458,5,1.69768523013706,0.17555972957297,0.343323221155036,76392,4,7,1.1528430180994,0.490523456076733,0.861329760792963
"GO:0031996","thioesterase binding",0.00076444431429814,6,1.60343994802112,0.175879768232477,0.343384309406265,58608,5,6,1.68122940139496,0.105288047335223,0.662367662865506
"GO:0008656","cysteine-type endopeptidase activator activity involved in apoptotic process",0.00110222735486711,8,1.48274376264358,0.17768404104108,0.344462763792402,112792,5,8,1.26092205104622,0.353783411869496,0.861329760792963
"GO:0050542","icosanoid binding",0.00110234174126757,8,1.48258990316836,0.177751146843239,0.344462763792402,74480,4,5,1.61398022533916,0.182061937321712,0.767629941402538
"GO:0050543","icosatetraenoic acid binding",0.00110234174126757,8,1.48258990316836,0.177751146843239,0.344462763792402,74480,4,5,1.61398022533916,0.182061937321712,0.767629941402538
"GO:0050544","arachidonate binding",0.00110234174126757,8,1.48258990316836,0.177751146843239,0.344462763792402,74480,4,5,1.61398022533916,0.182061937321712,0.767629941402538
"GO:0099508","voltage-gated monoatomic ion channel activity involved in regulation of presynaptic membrane potential",0.000604760899250975,5,1.68901537933061,0.178059252319295,0.344462763792402,29768,3,7,0.864632263574549,0.766363301351662,0.953930939408535
"GO:0031624","ubiquitin conjugating enzyme binding",0.00233348256945714,15,1.31320945742955,0.178170395065036,0.344462763792402,197074,5,13,0.775952031413057,0.859835374538741,0.967213112891734
"GO:0034236","protein kinase A catalytic subunit binding",0.00110554456048055,8,1.47829476428696,0.179634640901682,0.346729850701461,328603,3,5,1.21048516900437,0.491877971049976,0.861329760792963
"GO:0022853","active monoatomic ion transmembrane transporter activity",0.0222963115647625,119,1.09033823236285,0.181661723075281,0.350074211890614,122861,64,130,0.993218600208713,0.565626544892315,0.947903888429838
"GO:0017151","DEAD/H-box RNA helicase binding",0.000944259735826896,7,1.51444627919192,0.184824047448787,0.355591897114252,95284,3,6,1.00873764083697,0.648146224805264,0.947903888429838
"GO:0016892","RNA endonuclease activity, producing 3'-phosphomonoesters",0.000613568652086671,5,1.66476963283388,0.185260045730043,0.355854918211665,26901,4,5,1.61398022533916,0.182061937321712,0.767629941402538
"GO:0003774","cytoskeletal motor activity",0.00796403874587666,45,1.15432061925038,0.185868119193158,0.356447086646234,132069,22,56,0.792579574943337,0.95381479115065,0.991429153743903
"GO:0016641","oxidoreductase activity, acting on the CH-NH2 group of donors, oxygen as acceptor",0.00146334522113065,10,1.3960485125492,0.186275531321231,0.3566531509516,80349,4,7,1.1528430180994,0.490523456076733,0.861329760792963
"GO:0015485","cholesterol binding",0.00345298227079425,21,1.24243091742101,0.18746027284427,0.357303052573561,58552,14,28,1.00873764083697,0.556619768869818,0.947903888429838
"GO:0033293","monocarboxylic acid binding",0.0095031077641142,53,1.13935095140194,0.187489256478119,0.357303052573561,114414,27,42,1.29694839536182,0.0388566774064159,0.531041257887683
"GO:0008484","sulfuric ester hydrolase activity",0.000948377646243585,7,1.50787046613549,0.187516488482676,0.357303052573561,170392,6,8,1.51310646125546,0.138809014011353,0.723876831839906
"GO:0050811","GABA receptor binding",0.00112075795174221,8,1.45822809724776,0.18869885966389,0.358517422281304,63297,6,7,1.7292645271491,0.05963350098605,0.537153277821314
"GO:0004653","polypeptide N-acetylgalactosaminyltransferase activity",0.00364194860436009,22,1.23405970559038,0.188853235139533,0.358517422281304,117979,8,13,1.24152325026089,0.279587880012285,0.861329760792963
"GO:0035240","dopamine binding",0.00164476205226589,11,1.36627119293039,0.189058388368695,0.358517422281304,112740,5,6,1.68122940139496,0.105288047335223,0.662367662865506
"GO:0046966","nuclear thyroid hormone receptor binding",0.000954211352667228,7,1.49865188620586,0.191358025369306,0.360772678949289,176328,4,12,0.672491760557983,0.922864452067414,0.985601748766555
"GO:0016796","exonuclease activity, active with either ribo- or deoxyribonucleic acids and producing 5'-phosphomonoesters",0.00309632547414879,19,1.25358647825851,0.191430147062866,0.360772678949289,64789,10,21,0.960702515082832,0.653674791606518,0.948985747521551
"GO:0015291","secondary active transmembrane transporter activity",0.0196290494787526,105,1.09279156262385,0.191763922543695,0.360772678949289,92182,62,128,0.977214589560819,0.635357443758163,0.947903888429838
"GO:0016776","phosphotransferase activity, phosphate group as acceptor",0.00218661043126189,14,1.30798849494971,0.191800221795962,0.360772678949289,147322,6,11,1.10044106273124,0.488270688468038,0.861329760792963
"GO:0032266","phosphatidylinositol-3-phosphate binding",0.00703785206132301,40,1.16109341401608,0.191836551218308,0.360772678949289,156171,18,29,1.25222603690107,0.122286039761105,0.709259030614408
"GO:0050750","low-density lipoprotein particle receptor binding",0.00291467987021261,18,1.26162111054807,0.192093274502652,0.360772678949289,59348,9,13,1.3967136565435,0.126558731022465,0.71656348183672
"GO:0004659","prenyltransferase activity",0.000956041535074645,7,1.49578296658642,0.192569712107024,0.360772678949289,80448,5,5,2.01747528167395,0.0298851196699221,0.478657512627143
"GO:0003836","beta-galactoside (CMP) alpha-2,3-sialyltransferase activity",0.00147558456598025,10,1.38446888535208,0.192675064030949,0.360772678949289,68039,3,5,1.21048516900437,0.491877971049976,0.861329760792963
"GO:0015215","nucleotide transmembrane transporter activity",0.00255401954955093,16,1.27980283920042,0.193868041681352,0.362435694275358,123462,8,13,1.24152325026089,0.279587880012285,0.861329760792963
"GO:0016765","transferase activity, transferring alkyl or aryl (other than methyl) groups",0.00328963849093225,20,1.2420215321146,0.194664247961817,0.363352889837678,75566,14,20,1.41223269717176,0.0531120233328701,0.537153277821314
"GO:0022804","active transmembrane transporter activity",0.0330711673292308,173,1.06867065054415,0.197062886904938,0.367253561959202,110347,100,205,0.984134283743389,0.617252752902385,0.947903888429838
"GO:0015085","calcium ion transmembrane transporter activity",0.0118743378457243,65,1.11828180636334,0.198276973715617,0.368540524556465,97130,40,79,1.02150647173364,0.469080968881949,0.861329760792963
"GO:0005034","osmosensor activity",0.00113665766140665,8,1.43783022006979,0.19837336897909,0.368540524556465,64879,4,5,1.61398022533916,0.182061937321712,0.767629941402538
"GO:1901611","phosphatidylglycerol binding",0.00148896777483449,10,1.37202493823783,0.199781605624956,0.370167934962611,208349,5,9,1.12081960092997,0.489337938924126,0.861329760792963
"GO:0140713","histone chaperone activity",0.0006310697713576,5,1.61860147009624,0.199872005253151,0.370167934962611,91572,2,5,0.806990112669579,0.807110618204361,0.953930939408535
"GO:0008199","ferric iron binding",0.00149056918444098,10,1.3705508879627,0.200639427701455,0.371011321208445,76180,4,7,1.1528430180994,0.490523456076733,0.861329760792963
"GO:0000049","tRNA binding",0.00349347505655836,21,1.22802993039481,0.201178058379079,0.371429676106717,85760,14,30,0.941488464781176,0.691339767971815,0.953930939408535
"GO:0033612","receptor serine/threonine kinase binding",0.00368358525412883,22,1.22011076503096,0.202635718153488,0.372973333350919,218711,8,23,0.701730532756156,0.94946027357868,0.990011558114396
"GO:1901981","phosphatidylinositol phosphate binding",0.0199019754302587,106,1.08807036871896,0.202641525100668,0.372973333350919,143222,53,98,1.09108357070122,0.212665881432515,0.817854631048584
"GO:0008092","cytoskeletal protein binding",0.10615629895023,538,1.03534194904591,0.203026267353871,0.373103913267005,116188,290,544,1.07549233765707,0.03934472246757,0.531600852431145
"GO:0008157","protein phosphatase 1 binding",0.00149663166366555,10,1.36499913031503,0.20390111592958,0.374133374753504,48912,7,13,1.08633284397828,0.487292114170123,0.861329760792963
"GO:0008574","plus-end-directed microtubule motor activity",0.000803793236057613,6,1.52494509358547,0.204662621735449,0.374952014242603,31052,3,9,0.672491760557983,0.905932798302494,0.980122017453745
"GO:0016894","endonuclease activity, active with either ribo- or deoxyribonucleic acids and producing 3'-phosphomonoesters",0.000805966577666421,6,1.52083297936774,0.206299907432521,0.377370138365027,28352,5,11,0.917034218942704,0.715857167305695,0.953930939408535
"GO:1900750","oligopeptide binding",0.000977774951162726,7,1.46253556793745,0.207187969894793,0.37841243656668,84854,4,7,1.1528430180994,0.490523456076733,0.861329760792963
"GO:0046943","carboxylic acid transmembrane transporter activity",0.013892113949902,75,1.102910395786,0.211551151619245,0.385788833244298,79129,44,84,1.05677276659112,0.341411681320604,0.861329760792963
"GO:0070273","phosphatidylinositol-4-phosphate binding",0.00484380651403098,28,1.18091475319788,0.213599349932898,0.388927453400024,149902,11,17,1.30542518225961,0.157075474892431,0.767629941402538
"GO:0008514","organic anion transmembrane transporter activity",0.0192059341834378,102,1.08495578386832,0.215829902704874,0.392388003541429,83932,64,124,1.04127756473494,0.356250340860135,0.861329760792963
"GO:0071933","Arp2/3 complex binding",0.00169886681968517,11,1.3227587855606,0.216510722981421,0.392527911155443,112033,6,7,1.7292645271491,0.05963350098605,0.537153277821314
"GO:0000217","DNA secondary structure binding",0.00409937981981397,24,1.19602535550255,0.216567123396106,0.392527911155443,53532,14,23,1.22802843232327,0.190513673670724,0.785205211565999
"GO:0030414","peptidase inhibitor activity",0.00965592799513354,53,1.12131893255372,0.219115294120254,0.395970818317766,60491,29,59,0.991640392687195,0.576864333090724,0.947903888429838
"GO:0000774","adenyl-nucleotide exchange factor activity",0.000653489505848462,5,1.56307094530386,0.219132715267528,0.395970818317766,40459,4,7,1.1528430180994,0.490523456076733,0.861329760792963
"GO:0071837","HMG box domain binding",0.00170721702691901,11,1.31628901059605,0.220887848792108,0.398536649793348,14196,6,7,1.7292645271491,0.05963350098605,0.537153277821314
"GO:0001972","retinoic acid binding",0.00525193719088505,30,1.16694136566463,0.222287302199064,0.40045394290104,152947,10,13,1.55190406282611,0.0430809437238647,0.537153277821314
"GO:1904399","heparan sulfate binding",0.00100534207367445,7,1.42243190746721,0.226302012036638,0.407069731182394,50119,5,6,1.68122940139496,0.105288047335223,0.662367662865506
"GO:0008234","cysteine-type peptidase activity",0.010278075627255,56,1.1130726765401,0.227797390813402,0.409140630932228,89826,35,73,0.967282669295729,0.653635510273591,0.948985747521551
"GO:0140994","RNA polymerase II CTD heptapeptide repeat modifying activity",0.00338297779371053,20,1.20775307665541,0.228520602413711,0.409360460617373,151193,4,9,0.896655680743977,0.737603949371844,0.953930939408535
"GO:0035925","mRNA 3'-UTR AU-rich region binding",0.00394701713439647,23,1.19043620901861,0.228709301434324,0.409360460617373,90811,8,17,0.949400132552446,0.672669165925533,0.953930939408535
"GO:0005518","collagen binding",0.00642096620362289,36,1.14537953888465,0.22895265459256,0.409360460617373,100784,19,32,1.19787594849391,0.17507889614149,0.767629941402538
"GO:0140566","histone reader activity",0.00227114198120448,14,1.25930536738648,0.229475991252777,0.409680110509837,258482,6,14,0.864632263574549,0.778561605694839,0.953930939408535
"GO:0031406","carboxylic acid binding",0.019106303628634,101,1.07992103998924,0.230825693204356,0.411471887886025,111482,56,93,1.2148238255241,0.0247287807954533,0.474234199448289
"GO:0015172","acidic amino acid transmembrane transporter activity",0.00083845231539808,6,1.46190848194067,0.231303767725082,0.411706856025633,131600,4,6,1.34498352111597,0.335609717294689,0.861329760792963
"GO:0043177","organic acid binding",0.0193223795391097,102,1.07841735200049,0.233820758426284,0.415564845693351,110447,57,96,1.19787594849391,0.0333999547696191,0.484299344159477
"GO:0022884","macromolecule transmembrane transporter activity",0.00228292378045223,14,1.25280629669599,0.234956814188304,0.416697316257269,88964,8,14,1.1528430180994,0.382527245919525,0.861329760792963
"GO:0005416","amino acid:monoatomic cation symporter activity",0.00284021432351082,17,1.22277094868188,0.235477574429625,0.416697316257269,62587,11,17,1.30542518225961,0.157075474892431,0.767629941402538
"GO:0005262","calcium channel activity",0.0107032498777781,58,1.10703061848268,0.235509332653393,0.416697316257269,97338,34,70,0.979916565384489,0.612800453338409,0.947903888429838
"GO:0000295","adenine nucleotide transmembrane transporter activity",0.00137412382876905,9,1.33802412044766,0.235880312272338,0.416733568041323,73057,6,10,1.21048516900437,0.366267110014219,0.861329760792963
"GO:0032182","ubiquitin-like protein binding",0.00838109156196689,46,1.1212554068076,0.237384771995664,0.418572573219109,147902,20,53,0.761311427046773,0.969536181062577,0.993774585589142
"GO:0008083","growth factor activity",0.0122744614745459,66,1.0984714967232,0.237650429273298,0.418572573219109,149307,42,79,1.07258179532033,0.298312356687231,0.861329760792963
"GO:0005005","transmembrane-ephrin receptor activity",0.00137755542078296,9,1.33469100381447,0.237977341880671,0.418572573219109,85349,3,8,0.75655323062773,0.849823181992278,0.967213112891734
"GO:0004065","arylsulfatase activity",0.000849890955444438,6,1.44223272848252,0.240326955393172,0.422080871436458,185551,5,6,1.68122940139496,0.105288047335223,0.662367662865506
"GO:0015932","nucleobase-containing compound transmembrane transporter activity",0.00474371841362534,27,1.16276557779685,0.241714060832854,0.423890882493014,105356,15,27,1.12081960092997,0.333633508415179,0.861329760792963
"GO:0008401","retinoic acid 4-hydroxylase activity",0.00102924883137134,7,1.38939253553338,0.243346351377814,0.426124906904596,346516,3,6,1.00873764083697,0.648146224805264,0.947903888429838
"GO:0022858","alanine transmembrane transporter activity",0.00103107901377876,7,1.38692634066223,0.244667686421528,0.427808645816466,105365,4,8,1.00873764083697,0.627263500283969,0.947903888429838
"GO:0042056","chemoattractant activity",0.00193610421424664,12,1.26619274165487,0.245429201230447,0.428510015070487,154123,8,13,1.24152325026089,0.279587880012285,0.861329760792963
"GO:0001162","RNA polymerase II intronic transcription regulatory region sequence-specific DNA binding",0.00212518493421295,13,1.24966592428841,0.247897301091275,0.432184590905463,184919,4,7,1.1528430180994,0.490523456076733,0.861329760792963
"GO:0005499","vitamin D binding",0.000688034198788465,5,1.48459257032767,0.2498354632784,0.434925865062984,182258,3,5,1.21048516900437,0.491877971049976,0.861329760792963
"GO:0016538","cyclin-dependent protein serine/threonine kinase regulator activity",0.00381981945708096,22,1.17659540535103,0.250909882047548,0.435395343919964,74899,11,22,1.00873764083697,0.568090551700735,0.947903888429838
"GO:0001161","intronic transcription regulatory region sequence-specific DNA binding",0.0023175828597927,14,1.23407077979659,0.25137639886908,0.435395343919964,171896,5,10,1.00873764083697,0.612408767834033,0.947903888429838
"GO:0003727","single-stranded RNA binding",0.00980074117812044,53,1.10475061789104,0.25138542411468,0.435395343919964,127390,21,45,0.941488464781176,0.704899083992423,0.953930939408535
"GO:0009055","electron transfer activity",0.00902234172296575,49,1.10949183836788,0.251569891735084,0.435395343919964,159414,23,44,1.05458935178411,0.417311926586396,0.861329760792963
"GO:0050681","nuclear androgen receptor binding",0.00122496396256453,8,1.33417862515954,0.255412353356441,0.441403035088383,29162,5,11,0.917034218942704,0.715857167305695,0.953930939408535
"GO:0048019","receptor antagonist activity",0.00307928190047971,18,1.19418155712761,0.257109566381254,0.44351083108091,109347,4,6,1.34498352111597,0.335609717294689,0.861329760792963
"GO:0070403","NAD+ binding",0.000871166825930665,6,1.40701013296023,0.25737802644729,0.44351083108091,109744,3,5,1.21048516900437,0.491877971049976,0.861329760792963
"GO:1901505","carbohydrate derivative transmembrane transporter activity",0.00422120133630768,24,1.16150873074006,0.258555081547579,0.444894344370581,75928,15,28,1.08079032946819,0.407092391238407,0.861329760792963
"GO:0034046","poly(G) binding",0.00069935845243436,5,1.46055353459616,0.260130319044623,0.446958019283319,245378,3,5,1.21048516900437,0.491877971049976,0.861329760792963
"GO:0005343","organic acid:sodium symporter activity",0.00271324541899624,16,1.20469805200957,0.261586070687928,0.448435018543973,58303,10,15,1.34498352111597,0.142870065783085,0.729066558867329
"GO:0008376","acetylgalactosaminyltransferase activity",0.00557290543058587,31,1.13638979321079,0.261744241269569,0.448435018543973,116524,12,22,1.10044106273124,0.399830462461409,0.861329760792963
"GO:0005283","amino acid:sodium symporter activity",0.00252816822304616,15,1.21208365449112,0.262751805688957,0.448917357989679,56523,9,12,1.51310646125546,0.0687664167388188,0.570753001522744
"GO:0005003","ephrin receptor activity",0.00178442784723193,11,1.25933419763757,0.26293563060318,0.448917357989679,78099,5,11,0.917034218942704,0.715857167305695,0.953930939408535
"GO:0035035","histone acetyltransferase binding",0.00196973381598294,12,1.24457481679734,0.263158451235329,0.448917357989679,156441,5,10,1.00873764083697,0.612408767834033,0.947903888429838
"GO:0043395","heparan sulfate proteoglycan binding",0.00234629384630906,14,1.2189697771772,0.265292643615782,0.451704664661929,175898,7,11,1.28384790651979,0.264597461302703,0.861329760792963
"GO:0043531","ADP binding",0.00309929952056084,18,1.18646862955805,0.265552195625474,0.451704664661929,48924,12,25,0.968388135203495,0.638929766768099,0.947903888429838
"GO:0070679","inositol 1,4,5 trisphosphate binding",0.00124521035544659,8,1.31248566019047,0.269163574059027,0.457193556508833,94690,4,7,1.1528430180994,0.490523456076733,0.861329760792963
"GO:0043208","glycosphingolipid binding",0.000712284115686745,5,1.43404919070515,0.271998719401893,0.460904745015863,26620,2,5,0.806990112669579,0.807110618204361,0.953930939408535
"GO:0017080","sodium channel regulator activity",0.00330450872299251,19,1.1746108338807,0.272123743482873,0.460904745015863,136675,15,20,1.51310646125546,0.018740042887883,0.390910719187595
"GO:1901682","sulfur compound transmembrane transporter activity",0.00407146953810085,23,1.15404820555139,0.273688909036602,0.462896319835733,111151,14,30,0.941488464781176,0.691339767971815,0.953930939408535
"GO:0070300","phosphatidic acid binding",0.0029313802846803,17,1.18474275786363,0.274795460440695,0.464107673954527,166774,10,16,1.26092205104622,0.216590718176811,0.817854631048584
"GO:0048156","tau protein binding",0.00504341078283994,28,1.13417740897048,0.277574671575744,0.46670075937294,111624,15,26,1.16392804711959,0.263528490205411,0.861329760792963
"GO:0004301","epoxide hydrolase activity",0.000718689754112706,5,1.42126759677239,0.27792258361283,0.46670075937294,25836,3,6,1.00873764083697,0.648146224805264,0.947903888429838
"GO:0016638","oxidoreductase activity, acting on the CH-NH2 group of donors",0.00199741532489512,12,1.22732667193049,0.278067243115307,0.46670075937294,81501,6,10,1.21048516900437,0.366267110014219,0.861329760792963
"GO:0051427","hormone receptor binding",0.00162577390978894,10,1.25657135165284,0.278093859786597,0.46670075937294,55336,8,15,1.07598681689277,0.48638319522183,0.861329760792963
"GO:0070064","proline-rich region binding",0.00218569534005819,13,1.2150692488672,0.278707214289573,0.46670075937294,74778,5,7,1.44105377262425,0.219424413208157,0.817854631048584
"GO:0045125","bioactive lipid receptor activity",0.000897590084437753,6,1.36559056615587,0.278980622482742,0.46670075937294,59058,4,6,1.34498352111597,0.335609717294689,0.861329760792963
"GO:0031432","titin binding",0.001259623041905,8,1.29746811631252,0.279078418767166,0.46670075937294,119412,4,8,1.00873764083697,0.627263500283969,0.947903888429838
"GO:0008409","5'-3' exonuclease activity",0.0012608812923101,8,1.29617335542352,0.279948645145786,0.467498509941488,42900,4,6,1.34498352111597,0.335609717294689,0.861329760792963
"GO:0140852","histone ubiquitin ligase activity",0.000723265210131249,5,1.41227650016146,0.282169669712349,0.470546616112177,50730,2,5,0.806990112669579,0.807110618204361,0.953930939408535
"GO:0003735","structural constituent of ribosome",0.00777941909552843,42,1.1029337481014,0.282730638650925,0.470821749798249,110176,24,57,0.849463276494294,0.896988870256024,0.980122017453745
"GO:0036312","phosphatidylinositol 3-kinase regulatory subunit binding",0.0010840399171934,7,1.31916788379543,0.283788380154161,0.471724277785328,108441,2,6,0.672491760557983,0.886592814903911,0.972471270222094
"GO:0008391","arachidonate monooxygenase activity",0.000904224495664641,6,1.3555710528305,0.284469381763176,0.471724277785328,36310,4,9,0.896655680743977,0.737603949371844,0.953930939408535
"GO:0008392","arachidonate epoxygenase activity",0.000904224495664641,6,1.3555710528305,0.284469381763176,0.471724277785328,36310,4,9,0.896655680743977,0.737603949371844,0.953930939408535
"GO:0030145","manganese ion binding",0.00661702449401748,36,1.11144266069269,0.284859572287524,0.471724277785328,137535,16,30,1.07598681689277,0.408932034732878,0.861329760792963
"GO:0097602","cullin family protein binding",0.00164281748345801,10,1.24353492696295,0.288451199257789,0.477007616018792,248535,5,11,0.917034218942704,0.715857167305695,0.953930939408535
"GO:0016747","acyltransferase activity, transferring groups other than amino-acyl groups",0.013915563161997,73,1.07169049051906,0.29153161081858,0.481432062865682,126309,39,93,0.846038021347139,0.943700469073511,0.988283880413924
"GO:0051879","Hsp90 protein binding",0.00316564363282972,18,1.16160316234419,0.294226944471076,0.485209205237323,33065,12,21,1.1528430180994,0.31716769155312,0.861329760792963
"GO:0005248","voltage-gated sodium channel activity",0.00109993962685784,7,1.3000992132622,0.295821405024157,0.48591789448238,26227,4,8,1.00873764083697,0.627263500283969,0.947903888429838
"GO:0043130","ubiquitin binding",0.00645859932937541,35,1.10707490168157,0.295871783239966,0.48591789448238,162268,14,44,0.641923953259893,0.994466658548861,0.999999005069843
"GO:0035497","cAMP response element binding",0.000918065250120735,6,1.33513445958449,0.295993197594039,0.48591789448238,306448,4,7,1.1528430180994,0.490523456076733,0.861329760792963
"GO:0005247","voltage-gated chloride channel activity",0.00091886595492398,6,1.33397101613658,0.296662693306054,0.48591789448238,77047,3,8,0.75655323062773,0.849823181992278,0.967213112891734
"GO:0051959","dynein light intermediate chain binding",0.00222001126019726,13,1.19628726336328,0.296700076866449,0.48591789448238,91180,4,16,0.504368820418487,0.988424724445424,0.99943725244815
"GO:0008330","protein tyrosine/threonine phosphatase activity",0.00241206602657562,14,1.18573092756004,0.298120653066378,0.486186691277468,126603,6,9,1.34498352111597,0.245339790225792,0.861329760792963
"GO:0033550","MAP kinase tyrosine phosphatase activity",0.00241206602657562,14,1.18573092756004,0.298120653066378,0.486186691277468,126603,6,9,1.34498352111597,0.245339790225792,0.861329760792963
"GO:0016411","acylglycerol O-acyltransferase activity",0.00317490893126727,18,1.15821326984707,0.298309329220472,0.486186691277468,135648,8,15,1.07598681689277,0.48638319522183,0.861329760792963
"GO:0008297","single-stranded DNA exodeoxyribonuclease activity",0.000921153682933252,6,1.33065803708247,0.298577149006177,0.486186691277468,59368,4,6,1.34498352111597,0.335609717294689,0.861329760792963
"GO:0019841","retinol binding",0.000921611228535106,6,1.32999741499629,0.298960323021234,0.486186691277468,59800,5,10,1.00873764083697,0.612408767834033,0.947903888429838
"GO:0016888","endodeoxyribonuclease activity, producing 5'-phosphomonoesters",0.00147455508837608,9,1.24689192141321,0.299656763455005,0.486186691277468,61874,4,8,1.00873764083697,0.627263500283969,0.947903888429838
"GO:0140312","cargo adaptor activity",0.00260526465695862,15,1.17621500402014,0.299726530451122,0.486186691277468,155671,8,10,1.61398022533916,0.0516102182772589,0.537153277821314
"GO:0004935","adrenergic receptor activity",0.00376113923364314,21,1.14063629768523,0.302513798101679,0.489603839176241,142863,5,9,1.12081960092997,0.489337938924126,0.861329760792963
"GO:0048306","calcium-dependent protein binding",0.00628530393267308,34,1.10509582353393,0.302656704621141,0.489603839176241,108547,16,35,0.922274414479519,0.733978174460896,0.953930939408535
"GO:0140333","glycerophospholipid flippase activity",0.00223728360666726,13,1.18705164923332,0.305880213030512,0.494146159365868,223019,6,8,1.51310646125546,0.138809014011353,0.723876831839906
"GO:0004970","glutamate-gated receptor activity",0.000931334072574511,6,1.31611264709225,0.307124096758177,0.495482430183816,66340,4,9,0.896655680743977,0.737603949371844,0.953930939408535
"GO:0042975","peroxisome proliferator activated receptor binding",0.00130137407807421,8,1.25584239226804,0.308308770984763,0.495877796861798,142354,3,8,0.75655323062773,0.849823181992278,0.967213112891734
"GO:0017017","MAP kinase tyrosine/serine/threonine phosphatase activity",0.00243231241945768,14,1.17586098897003,0.308458967875446,0.495877796861798,126603,6,10,1.21048516900437,0.366267110014219,0.861329760792963
"GO:0016616","oxidoreductase activity, acting on the CH-OH group of donors, NAD or NADP as acceptor",0.00944694404148658,50,1.08124961380842,0.308620327735686,0.495877796861798,77623,26,54,0.971376987472642,0.634896486837454,0.947903888429838
"GO:0051010","microtubule plus-end binding",0.00111949970133711,7,1.27738367576676,0.310771184479538,0.498611777948301,57650,5,10,1.00873764083697,0.612408767834033,0.947903888429838
"GO:0008135","translation factor activity, RNA binding",0.0045572685808697,25,1.12068275275733,0.311160588088847,0.498611777948301,63936,13,28,0.936684952205762,0.698592611401339,0.953930939408535
"GO:0005021","vascular endothelial growth factor receptor activity",0.00149571657246184,9,1.22925082280037,0.313619176367326,0.501480304431701,127960,4,5,1.61398022533916,0.182061937321712,0.767629941402538
"GO:0043539","protein serine/threonine kinase activator activity",0.00671242275200411,36,1.0956466213788,0.313794235910164,0.501480304431701,117742,18,32,1.1348298459416,0.281061407189034,0.861329760792963
"GO:0004842","ubiquitin-protein transferase activity",0.0380284451525217,193,1.03680251938936,0.314379413741226,0.501741104615192,98876,113,211,1.08044884753155,0.135002225026024,0.723876831839906
"GO:0042379","chemokine receptor binding",0.00264221146430835,15,1.15976764931654,0.317966734821993,0.506786122926742,118493,8,15,1.07598681689277,0.48638319522183,0.861329760792963
"GO:0140328","floppase activity",0.00264667253392643,15,1.15781281578195,0.320188671563313,0.509644351390601,167714,6,11,1.10044106273124,0.488270688468038,0.861329760792963
"GO:0140098","catalytic activity, acting on RNA",0.0230440554645929,118,1.0460932488573,0.322856954504739,0.512322306420677,101129,63,147,0.864632263574549,0.957863176129439,0.991429153743903
"GO:0016628","oxidoreductase activity, acting on the CH-CH group of donors, NAD or NADP as acceptor",0.00169852366048378,10,1.2027509341398,0.322980091248697,0.512322306420677,40556,11,17,1.30542518225961,0.157075474892431,0.767629941402538
"GO:0061980","regulatory RNA binding",0.00654621931213052,35,1.09225690076092,0.323163776127424,0.512322306420677,84269,12,27,0.896655680743977,0.765618065651579,0.953930939408535
"GO:0008374","O-acyltransferase activity",0.0044002160530332,24,1.11425487913332,0.325412938465858,0.515201043722909,110514,13,24,1.09279911090672,0.402602185621064,0.861329760792963
"GO:0044548","S100 protein binding",0.000776798045548207,5,1.31494983220747,0.332613092468395,0.525900222001226,91670,4,8,1.00873764083697,0.627263500283969,0.947903888429838
"GO:0030544","Hsp70 protein binding",0.00697368129066294,37,1.08389430006651,0.333788749031655,0.527058197342148,295029,14,30,0.941488464781176,0.691339767971815,0.953930939408535
"GO:0036122","BMP binding",0.00152808792379303,9,1.20321010247307,0.335232268339979,0.528635500074583,111800,7,15,0.941488464781176,0.68452154621975,0.953930939408535
"GO:0003730","mRNA 3'-UTR binding",0.0107451153003478,56,1.06469263738287,0.336778182507993,0.530369879472852,101657,28,55,1.02707832521583,0.474193623829634,0.861329760792963
"GO:0004529","DNA exonuclease activity",0.00210448099572904,12,1.1648863107539,0.33788648807813,0.530709424471461,43250,6,12,1.00873764083697,0.601090004235558,0.947903888429838
"GO:0016895","DNA exonuclease activity, producing 5'-phosphomonoesters",0.00210448099572904,12,1.1648863107539,0.33788648807813,0.530709424471461,43250,6,12,1.00873764083697,0.601090004235558,0.947903888429838
"GO:0019783","ubiquitin-like protein peptidase activity",0.0069948427747487,37,1.08061519677282,0.340362978270515,0.53389390654834,94865,20,50,0.806990112669579,0.933490729189945,0.986642218743845
"GO:0005346","purine ribonucleotide transmembrane transporter activity",0.00115896300949705,7,1.23388808080629,0.341322944865181,0.53469431020382,76786,4,7,1.1528430180994,0.490523456076733,0.861329760792963
"GO:0016015","morphogen activity",0.00134873004786613,8,1.21174784978657,0.34217785852358,0.535328254979653,170855,3,5,1.21048516900437,0.491877971049976,0.861329760792963
"GO:0015459","potassium channel regulator activity",0.00799400798279812,42,1.07332690679644,0.34358224685531,0.535738112456183,158536,20,33,1.2227122919236,0.136390028275189,0.723876831839906
"GO:0015081","sodium ion transmembrane transporter activity",0.0105738788588538,55,1.06261431648345,0.343703645944806,0.535738112456183,77875,31,67,0.933458712416304,0.746659183691402,0.953930939408535
"GO:0016702","oxidoreductase activity, acting on single donors with incorporation of molecular oxygen, incorporation of two atoms of oxygen",0.00230728808375098,13,1.15103580424146,0.343791572585423,0.535738112456183,89776,8,15,1.07598681689277,0.48638319522183,0.861329760792963
"GO:0017124","SH3 domain binding",0.0113772145493096,59,1.05940829116503,0.345597717700832,0.537847756997762,176548,29,57,1.0264347924306,0.473730447550821,0.861329760792963
"GO:0016805","dipeptidase activity",0.0017361567862363,10,1.17667997239701,0.346773278707946,0.538971801808821,49961,6,11,1.10044106273124,0.488270688468038,0.861329760792963
"GO:0020037","heme binding",0.00980325767893064,51,1.06278902684053,0.350104539016509,0.543345696747372,134690,28,62,0.911117869143073,0.794816451550321,0.953930939408535
"GO:0140161","monocarboxylate:sodium symporter activity",0.00155073643108482,9,1.18563721759517,0.35050138722055,0.543345696747372,77352,4,9,0.896655680743977,0.737603949371844,0.953930939408535
"GO:0016860","intramolecular oxidoreductase activity",0.00251512817339331,14,1.13714335407762,0.351643832892619,0.544406923579849,60309,10,25,0.806990112669579,0.87691863359862,0.972471270222094
"GO:0140327","flippase activity",0.00232673377182979,13,1.14141601727321,0.354486585370806,0.548094343310648,223019,6,9,1.34498352111597,0.245339790225792,0.861329760792963
"GO:0101005","deubiquitinase activity",0.00685037275096319,36,1.07358293874818,0.357184385816451,0.551068708996845,94597,19,47,0.815575113868192,0.920115969324748,0.985601748766555
"GO:0016417","S-acyltransferase activity",0.00213833937026626,12,1.14644155051087,0.357337236868434,0.551068708996845,77928,7,16,0.882645435732352,0.762235131922135,0.953930939408535
"GO:0008504","monoamine transmembrane transporter activity",0.00137801296638481,8,1.18599808224732,0.363379607062162,0.55826021480739,49868,4,7,1.1528430180994,0.490523456076733,0.861329760792963
"GO:0003841","1-acylglycerol-3-phosphate O-acyltransferase activity",0.0031242357558619,17,1.11160995334717,0.364167459368339,0.55826021480739,142825,7,13,1.08633284397828,0.487292114170123,0.861329760792963
"GO:0042171","lysophosphatidic acid acyltransferase activity",0.0031242357558619,17,1.11160995334717,0.364167459368339,0.55826021480739,142825,7,13,1.08633284397828,0.487292114170123,0.861329760792963
"GO:0071617","lysophospholipid acyltransferase activity",0.0031242357558619,17,1.11160995334717,0.364167459368339,0.55826021480739,142825,7,13,1.08633284397828,0.487292114170123,0.861329760792963
"GO:0005158","insulin receptor binding",0.00273394935748015,15,1.12085155146491,0.364348130101375,0.55826021480739,162466,6,13,0.931142437695668,0.698631052863074,0.953930939408535
"GO:0016701","oxidoreductase activity, acting on single donors with incorporation of molecular oxygen",0.00235121246152899,13,1.12953262988832,0.368026939659575,0.563171211396699,89776,8,16,1.00873764083697,0.584604078888113,0.947903888429838
"GO:0015355","secondary active monocarboxylate transmembrane transporter activity",0.00177058709277584,10,1.1537986059204,0.368773192499933,0.563587822470977,77378,5,11,0.917034218942704,0.715857167305695,0.953930939408535
"GO:0004520","DNA endonuclease activity",0.00313819089671846,17,1.10666676346897,0.37085676643307,0.566044538239949,77849,11,22,1.00873764083697,0.568090551700735,0.947903888429838
"GO:0043023","ribosomal large subunit binding",0.000817977149715098,5,1.24875182639085,0.371944478479328,0.566976903733232,144852,4,7,1.1528430180994,0.490523456076733,0.861329760792963
"GO:0008173","RNA methyltransferase activity",0.00392894408312322,21,1.09191982369244,0.372905654999942,0.567714243015276,136727,7,22,0.641923953259893,0.971351672602514,0.994777897264763
"GO:0016209","antioxidant activity",0.00532091219036459,28,1.07502668140502,0.376251466534413,0.571510470797648,104117,19,34,1.12741265740603,0.285877384429708,0.861329760792963
"GO:0097157","pre-mRNA intronic binding",0.00139585724485713,8,1.17083658910379,0.376360553939914,0.571510470797648,346256,3,6,1.00873764083697,0.648146224805264,0.947903888429838
"GO:0022829","wide pore channel activity",0.00256522941679636,14,1.11493391908761,0.378292249191409,0.573711076898705,94575,12,18,1.34498352111597,0.11150130679433,0.672969816134308
"GO:0004843","cysteine-type deubiquitinase activity",0.00671928593603192,35,1.06412396877271,0.379072868753498,0.574162599933643,96891,18,45,0.806990112669579,0.925007939033292,0.986024184642401
"GO:0015399","primary active transmembrane transporter activity",0.0127178231627428,65,1.04411390263594,0.380002072326571,0.574335953922294,145307,35,73,0.967282669295729,0.653635510273591,0.948985747521551
"GO:0008408","3'-5' exonuclease activity",0.00217871776962991,12,1.12519443194468,0.380746091109572,0.574335953922294,80969,7,18,0.78457372065098,0.873782217049885,0.972471270222094
"GO:0003954","NADH dehydrogenase activity",0.00120940741210149,7,1.18242258911655,0.380849789010113,0.574335953922294,100847,3,5,1.21048516900437,0.491877971049976,0.861329760792963
"GO:0016835","carbon-oxygen lyase activity",0.00454171203040665,24,1.07954052866139,0.381300973892827,0.574335953922294,80996,19,37,1.03600082031905,0.478803822322486,0.861329760792963
"GO:0097718","disordered domain specific binding",0.00159649099127026,9,1.15165750225247,0.381602526155267,0.574335953922294,130067,7,14,1.00873764083697,0.592056982420721,0.947903888429838
"GO:0043548","phosphatidylinositol 3-kinase binding",0.00336090121842106,18,1.09411774276344,0.383245265009813,0.575908694058802,154566,7,16,0.882645435732352,0.762235131922135,0.953930939408535
"GO:0015280","ligand-gated sodium channel activity",0.000830445267365629,5,1.2300033485566,0.3838707319741,0.575908694058802,47569,3,8,0.75655323062773,0.849823181992278,0.967213112891734
"GO:0055106","ubiquitin-protein transferase regulator activity",0.00160015135608509,9,1.1490230723381,0.384100584010623,0.575908694058802,133951,8,14,1.1528430180994,0.382527245919525,0.861329760792963
"GO:0016614","oxidoreductase activity, acting on CH-OH group of donors",0.00974160340908077,50,1.04854449186522,0.387378593515341,0.580092125553829,77623,26,58,0.904385471095218,0.80388682381609,0.953930939408535
"GO:0050321","tau-protein kinase activity",0.00102924883137134,6,1.19090788760004,0.390740575955989,0.584390622404618,89815,5,12,0.840614700697478,0.797833712355792,0.953930939408535
"GO:0005049","nuclear export signal receptor activity",0.000838681088199007,5,1.21792475593575,0.391742995978219,0.58515379675641,61360,4,6,1.34498352111597,0.335609717294689,0.861329760792963
"GO:0048495","Roundabout binding",0.00142033593455634,8,1.15065788007035,0.394210477124735,0.58810069924882,278946,5,6,1.68122940139496,0.105288047335223,0.662367662865506
"GO:0031072","heat shock protein binding",0.0143916393607264,73,1.03623891185227,0.395671245995656,0.589540239960946,180666,35,72,0.980717150813725,0.610494457740132,0.947903888429838
"GO:0008188","neuropeptide receptor activity",0.00618041160344797,32,1.05774232546749,0.399053114387965,0.593834984990351,119014,11,21,1.05677276659112,0.483960507081072,0.861329760792963
"GO:0004527","exonuclease activity",0.00419043139458298,22,1.07253444795251,0.400004977879503,0.594507398373412,74822,13,29,0.904385471095218,0.756757079889306,0.953930939408535
"GO:1901612","cardiolipin binding",0.0014330328250078,8,1.14046287490689,0.403477395297892,0.598702003623701,238903,3,7,0.864632263574549,0.766363301351662,0.953930939408535
"GO:0046915","transition metal ion transmembrane transporter activity",0.00221829546419031,12,1.10511928764246,0.403834320358459,0.598702003623701,214912,5,18,0.560409800464986,0.983175241251594,0.998288097223011
"GO:0016874","ligase activity",0.0108089429118065,55,1.03950544913202,0.404695938558647,0.599232217865793,134709,29,77,0.75982835283824,0.986915353608289,0.99943725244815
"GO:0015173","aromatic amino acid transmembrane transporter activity",0.00163538236742788,9,1.12426969007048,0.408178608617953,0.603637270704908,108878,4,5,1.61398022533916,0.182061937321712,0.767629941402538
"GO:0016661","oxidoreductase activity, acting on other nitrogenous compounds as donors",0.00105464261227426,6,1.1622330989832,0.412538832368355,0.609327542467048,40582,2,7,0.576421509049699,0.93468462032481,0.986642218743845
"GO:0005095","GTPase inhibitor activity",0.00223511026505846,12,1.0968054424386,0.413666208978032,0.610234643269082,60135,6,6,2.01747528167395,0.0148045341368619,0.363670994732574
"GO:0016887","ATP hydrolysis activity",0.0270134923334803,135,1.02094027940407,0.415525762346451,0.612218254560013,129096,72,176,0.825330797048433,0.991870553429551,0.999999005069843
"GO:1903763","gap junction channel activity involved in cell communication by electrical coupling",0.000866362597111194,5,1.1790103393875,0.418126222937392,0.615044077965801,90046,4,6,1.34498352111597,0.335609717294689,0.861329760792963
"GO:0070097","delta-catenin binding",0.00145396553629263,8,1.12404365485277,0.418750534117203,0.615044077965801,58724,4,7,1.1528430180994,0.490523456076733,0.861329760792963
"GO:0034056","estrogen response element binding",0.000867277688314903,5,1.17776632953323,0.418995545123885,0.615044077965801,307319,4,7,1.1528430180994,0.490523456076733,0.861329760792963
"GO:0032183","SUMO binding",0.00204866043230281,11,1.09690750883004,0.420490982095029,0.616353016706679,102190,6,10,1.21048516900437,0.366267110014219,0.861329760792963
"GO:0046875","ephrin receptor binding",0.00224803592831084,12,1.09049907623519,0.42122747451031,0.616353016706679,89671,7,15,0.941488464781176,0.68452154621975,0.953930939408535
"GO:0051393","alpha-actinin binding",0.00364171983155916,19,1.06584578886137,0.421464330185568,0.616353016706679,191969,10,20,1.00873764083697,0.57285846564202,0.947903888429838
"GO:0008378","galactosyltransferase activity",0.00304691054914852,16,1.0727723765314,0.423152461288429,0.616353016706679,98578,10,16,1.26092205104622,0.216590718176811,0.817854631048584
"GO:0043014","alpha-tubulin binding",0.00364606651477678,19,1.06457513348956,0.423457915439957,0.616353016706679,181141,13,25,1.04908714647045,0.48252963485895,0.861329760792963
"GO:0120283","protein serine/threonine kinase binding",0.00146082872032045,8,1.11876273563805,0.423753667457125,0.616353016706679,59877,4,7,1.1528430180994,0.490523456076733,0.861329760792963
"GO:0030552","cAMP binding",0.00185672005232492,10,1.10027406487444,0.42428031364129,0.616353016706679,247704,7,12,1.17686058097647,0.375451372700517,0.861329760792963
"GO:0015370","solute:sodium symporter activity",0.00545051198208983,28,1.04946518654601,0.424532432928987,0.616353016706679,58579,17,34,1.00873764083697,0.547931290453371,0.944188846882693
"GO:0034235","GPI anchor binding",0.00126499920272679,7,1.13045971920873,0.42455266668021,0.616353016706679,139366,2,5,0.806990112669579,0.807110618204361,0.953930939408535
"GO:0005372","water transmembrane transporter activity",0.000873912099541791,5,1.16882517153415,0.425291183713644,0.616672216384784,20168,5,11,0.917034218942704,0.715857167305695,0.953930939408535
"GO:0008373","sialyltransferase activity",0.00305560391558375,16,1.069720278279,0.427517533201242,0.619145367815196,168503,8,15,1.07598681689277,0.48638319522183,0.861329760792963
"GO:0016840","carbon-nitrogen lyase activity",0.00107317320914936,6,1.14216469544075,0.428395949819895,0.61966275466649,49266,3,6,1.00873764083697,0.648146224805264,0.947903888429838
"GO:0004865","protein serine/threonine phosphatase inhibitor activity",0.00107534655075816,6,1.13985631024626,0.430251671298447,0.621590810660818,87071,4,9,0.896655680743977,0.737603949371844,0.953930939408535
"GO:0004033","aldo-keto reductase (NADPH) activity",0.00206696225637698,11,1.08719499076625,0.431707552074097,0.622897638123333,40324,7,16,0.882645435732352,0.762235131922135,0.953930939408535
"GO:0008309","double-stranded DNA exodeoxyribonuclease activity",0.00107763427876744,6,1.13743649003557,0.432203996174726,0.622897638123333,35600,2,5,0.806990112669579,0.807110618204361,0.953930939408535
"GO:0017147","Wnt-protein binding",0.00407421481171198,21,1.05298618968465,0.435858526822038,0.627404102168769,105313,11,21,1.05677276659112,0.483960507081072,0.861329760792963
"GO:0004623","phospholipase A2 activity",0.00108335359879062,6,1.13143165163395,0.437079742703238,0.628401226208162,57637,6,14,0.864632263574549,0.778561605694839,0.953930939408535
"GO:0004536","DNA nuclease activity",0.00448040091975817,23,1.04871688908056,0.437812886785168,0.628415653150198,70819,15,32,0.945691538284663,0.684677093753345,0.953930939408535
"GO:0015347","sodium-independent organic anion transmembrane transporter activity",0.00187822469561207,10,1.08767652990511,0.438146826292275,0.628415653150198,157474,5,12,0.840614700697478,0.797833712355792,0.953930939408535
"GO:0036002","pre-mRNA binding",0.00348020623410458,18,1.05661027174611,0.43941157901783,0.629470322231566,207157,8,15,1.07598681689277,0.48638319522183,0.861329760792963
"GO:0051861","glycolipid binding",0.00248378629966629,13,1.06924303248386,0.44213638257893,0.632611502871659,86999,5,15,0.672491760557983,0.936853713172246,0.986642218743845
"GO:0099529","neurotransmitter receptor activity involved in regulation of postsynaptic membrane potential",0.00349198803335233,18,1.0530453196369,0.444973512690081,0.635905656957339,102891,10,26,0.775952031413057,0.908940401510116,0.981729889459303
"GO:0042562","hormone binding",0.0103654668372092,52,1.02485348197287,0.448219144927336,0.639774985976714,158623,23,51,0.909841793696094,0.782281670387728,0.953930939408535
"GO:0036041","long-chain fatty acid binding",0.00209841851650447,11,1.07089743707528,0.450954292475954,0.642907258697733,64073,6,9,1.34498352111597,0.245339790225792,0.861329760792963
"GO:0140135","mechanosensitive monoatomic cation channel activity",0.00169898120608563,9,1.08218432363413,0.451580666913628,0.643029237078208,194129,6,7,1.7292645271491,0.05963350098605,0.537153277821314
"GO:0019107","myristoyltransferase activity",0.00130034460047004,7,1.09973205794593,0.452182180504325,0.643115565334501,56961,4,7,1.1528430180994,0.490523456076733,0.861329760792963
"GO:1990381","ubiquitin-specific protease binding",0.00110531578767962,6,1.10895055082533,0.455724590941075,0.645750005809718,382746,3,7,0.864632263574549,0.766363301351662,0.953930939408535
"GO:0042813","Wnt receptor activity",0.00271050014538511,14,1.05517842966993,0.456421138028332,0.645750005809718,65460,6,11,1.10044106273124,0.488270688468038,0.861329760792963
"GO:0035198","miRNA binding",0.00533349469441559,27,1.03418730085172,0.456498118760932,0.645750005809718,64789,10,19,1.06182909561787,0.484725653723273,0.861329760792963
"GO:0019706","protein-cysteine S-palmitoyltransferase activity",0.00210791258774295,11,1.06607409828229,0.456750004109312,0.645750005809718,84652,6,15,0.806990112669579,0.841254978678233,0.967213112891734
"GO:0019707","protein-cysteine S-acyltransferase activity",0.00210791258774295,11,1.06607409828229,0.456750004109312,0.645750005809718,84652,6,15,0.806990112669579,0.841254978678233,0.967213112891734
"GO:0098641","cadherin binding involved in cell-cell adhesion",0.00231220669897091,12,1.0602344090853,0.458711871264357,0.646418968726461,94802,5,10,1.00873764083697,0.612408767834033,0.947903888429838
"GO:0005127","ciliary neurotrophic factor receptor binding",0.00090960065648643,5,1.12296583381803,0.458895764269943,0.646418968726461,114663,4,5,1.61398022533916,0.182061937321712,0.767629941402538
"GO:0016505","peptidase activator activity involved in apoptotic process",0.00150932855411701,8,1.0828131032083,0.458965501337107,0.646418968726461,112792,5,10,1.00873764083697,0.612408767834033,0.947903888429838
"GO:0008175","tRNA methyltransferase activity",0.00191128236534605,10,1.06886400269567,0.459397837320319,0.646418968726461,66409,4,12,0.672491760557983,0.922864452067414,0.985601748766555
"GO:0140597","protein carrier chaperone",0.00211431822616891,11,1.06284426980881,0.460655766979428,0.647422821440354,60712,8,15,1.07598681689277,0.48638319522183,0.861329760792963
"GO:0140030","modification-dependent protein binding",0.0132633319065536,66,1.01657307246858,0.46329507115703,0.650363446996114,164345,35,83,0.850742588657689,0.928784200651096,0.986024184642401
"GO:0003678","DNA helicase activity",0.00333081759509914,17,1.04266639155779,0.464255987518535,0.65094383155606,202557,10,24,0.840614700697478,0.836260718321315,0.967213112891734
"GO:0015216","purine nucleotide transmembrane transporter activity",0.0019252375062026,10,1.06111631044156,0.468333158457717,0.655384883241378,76957,7,12,1.17686058097647,0.375451372700517,0.861329760792963
"GO:0050660","flavin adenine dinucleotide binding",0.003744324432775,19,1.03663873587034,0.468525778599808,0.655384883241378,52546,16,36,0.896655680743977,0.782904533109819,0.953930939408535
"GO:0048029","monosaccharide binding",0.00658499630188767,33,1.02377780102554,0.469649276182789,0.655500118616794,42055,20,40,1.00873764083697,0.540978178866939,0.934431737797396
"GO:0004722","protein serine/threonine phosphatase activity",0.0108502364023738,54,1.01672116211548,0.469710766241807,0.655500118616794,139410,23,49,0.946978193438792,0.695422286396855,0.953930939408535
"GO:0003779","actin binding",0.0489435386439584,241,1.00593282625955,0.471714405957092,0.657524535384505,108227,131,242,1.09210438801358,0.084487774424219,0.616432552727361
"GO:0016493","C-C chemokine receptor activity",0.001126134112564,6,1.08844989056629,0.473259431263103,0.658905695283173,54076,4,8,1.00873764083697,0.627263500283969,0.947903888429838
"GO:1904315","transmitter-gated monoatomic ion channel activity involved in regulation of postsynaptic membrane potential",0.00335403803439325,17,1.03544787721749,0.475506974329606,0.659657005551792,108461,9,24,0.75655323062773,0.918232321702978,0.985601748766555
"GO:0070573","metallodipeptidase activity",0.00112933693177698,6,1.08536302771449,0.475943157869182,0.659657005551792,36389,4,7,1.1528430180994,0.490523456076733,0.861329760792963
"GO:0046624","sphingolipid transporter activity",0.00193724807825128,10,1.05453758981116,0.476001653061404,0.659657005551792,171541,5,8,1.26092205104622,0.353783411869496,0.861329760792963
"GO:0016918","retinal binding",0.000928016866961067,5,1.10068092080869,0.476018259683295,0.659657005551792,70773,4,10,0.806990112669579,0.821067403730384,0.95966573223258
"GO:0004867","serine-type endopeptidase inhibitor activity",0.00356794060326015,18,1.0306286072671,0.480742107796804,0.665388857542181,31259,14,30,0.941488464781176,0.691339767971815,0.953930939408535
"GO:0034061","DNA polymerase activity",0.00295986249839573,15,1.03530193737683,0.481273690064151,0.665388857542181,65813,6,15,0.806990112669579,0.841254978678233,0.967213112891734
"GO:0004709","MAP kinase kinase kinase activity",0.00255699359596298,13,1.03863036625903,0.482965139200535,0.666951858895977,106675,8,13,1.24152325026089,0.279587880012285,0.861329760792963
"GO:0140999","histone H3K4 trimethyltransferase activity",0.000937739711000472,5,1.08926863997572,0.484985782023058,0.668965307222061,478431,2,6,0.672491760557983,0.886592814903911,0.972471270222094
"GO:0008467","[heparan sulfate]-glucosamine 3-sulfotransferase 1 activity",0.000939798666208816,5,1.08688221890469,0.48687789085738,0.670797001424594,254944,4,5,1.61398022533916,0.182061937321712,0.767629941402538
"GO:0016409","palmitoyltransferase activity",0.00317605279527191,16,1.02915212107135,0.487826152261636,0.671325572961904,73911,9,21,0.864632263574549,0.79751481693204,0.953930939408535
"GO:0042805","actinin binding",0.0044099388970726,22,1.01914836630851,0.493158268290192,0.677878821961894,172389,13,26,1.00873764083697,0.560059337921012,0.947903888429838
"GO:0004622","lysophospholipase activity",0.00155805716071449,8,1.04894786703131,0.493906142254981,0.67812286736856,63574,6,13,0.931142437695668,0.698631052863074,0.953930939408535
"GO:0048531","beta-1,3-galactosyltransferase activity",0.00196698854237181,10,1.03859319731576,0.494886475747732,0.678685143787836,141162,5,7,1.44105377262425,0.219424413208157,0.817854631048584
"GO:0016769","transferase activity, transferring nitrogenous groups",0.00278999869370731,14,1.02511205237418,0.498901874732422,0.683403604904204,139768,8,17,0.949400132552446,0.672669165925533,0.953930939408535
"GO:0008028","monocarboxylic acid transmembrane transporter activity",0.00503849216762,25,1.01364696586916,0.499809117150704,0.683858504363852,77738,16,34,0.949400132552446,0.678525551643578,0.953930939408535
"GO:0008009","chemokine activity",0.00197979981922373,10,1.03187246481638,0.502968699409578,0.687390555859756,167512,5,7,1.44105377262425,0.219424413208157,0.817854631048584
"GO:0003729","mRNA binding",0.0238610031367039,117,1.00171567049947,0.505259956227765,0.689525883840363,94273,68,159,0.862819617319676,0.965103874237963,0.991429153743903
"GO:0008179","adenylate cyclase binding",0.00177962361841246,9,1.03314589014897,0.505827226601863,0.689525883840363,211870,5,8,1.26092205104622,0.353783411869496,0.861329760792963
"GO:0046906","tetrapyrrole binding",0.0105773104508677,52,1.00432759629521,0.506270897050157,0.689525883840363,132868,29,66,0.886466411644613,0.851185157020691,0.967213112891734
"GO:0099507","ligand-gated monoatomic ion channel activity involved in regulation of presynaptic membrane potential",0.00117085919514526,6,1.04687272104583,0.510337032489379,0.694268571658892,39296,3,10,0.605242584502184,0.942303681690541,0.988283880413924
"GO:0016248","channel inhibitor activity",0.00383903637235885,19,1.01106407186638,0.511612760956386,0.694415037416829,174678,12,25,0.968388135203495,0.638929766768099,0.947903888429838
"GO:0141110","transporter inhibitor activity",0.00383903637235885,19,1.01106407186638,0.511612760956386,0.694415037416829,174678,12,25,0.968388135203495,0.638929766768099,0.947903888429838
"GO:0120013","lipid transfer activity",0.00302060167704189,15,1.01448377065031,0.512385777921994,0.694671254218075,48165,14,31,0.911117869143073,0.748585636965863,0.953930939408535
"GO:0016799","hydrolase activity, hydrolyzing N-glycosyl compounds",0.00487057293173946,24,1.00664999273134,0.514411413440982,0.696623201117685,50916,11,24,0.924676170767226,0.715282450804964,0.953930939408535
"GO:0016712","oxidoreductase activity, acting on paired donors, with incorporation or reduction of molecular oxygen, reduced flavin or flavoprotein as one donor, and incorporation of one atom of oxygen",0.00199993182570532,10,1.02148527917192,0.515595446062018,0.697432292796063,52662,7,19,0.743280366932507,0.910721672055182,0.981729889459303
"GO:0140103","catalytic activity, acting on a glycoprotein",0.00282317074984175,14,1.01306705844409,0.516420285544085,0.697754226718088,127359,8,14,1.1528430180994,0.382527245919525,0.861329760792963
"GO:0005179","hormone activity",0.00897864611798866,44,1.00112688782052,0.517333036378997,0.698032819541885,85492,27,53,1.02777042651314,0.474665095074555,0.861329760792963
"GO:0005230","extracellular ligand-gated monoatomic ion channel activity",0.00467382832294209,23,1.00531551219766,0.517800628121062,0.698032819541885,96272,14,35,0.806990112669579,0.904237598133414,0.980122017453745
"GO:0051864","histone H3K36 demethylase activity",0.00138922283363024,7,1.0293745602906,0.52020644017647,0.700399363760481,100197,3,7,0.864632263574549,0.766363301351662,0.953930939408535
"GO:0044325","transmembrane transporter binding",0.0161633703175069,79,0.998487131426566,0.520734262038911,0.700399363760481,115565,48,80,1.21048516900437,0.0387156887385356,0.531041257887683
"GO:0120015","sterol transfer activity",0.000982236020780806,5,1.03992364161185,0.52527692053897,0.705711026577215,42945,5,13,0.775952031413057,0.859835374538741,0.967213112891734
"GO:0008142","oxysterol binding",0.00161056051852728,8,1.0147527625592,0.530790693041229,0.712313921022597,48758,4,9,0.896655680743977,0.737603949371844,0.953930939408535
"GO:0070330","aromatase activity",0.000990471841614184,5,1.03127662669141,0.532584019028611,0.71391476733373,86319,4,9,0.896655680743977,0.737603949371844,0.953930939408535
"GO:0048020","CCR chemokine receptor binding",0.00140912606731091,7,1.01483513554098,0.535028770955569,0.713916357357683,35719,5,8,1.26092205104622,0.353783411869496,0.861329760792963
"GO:0030742","GTP-dependent protein binding",0.00182446308739418,9,1.007754467645,0.535301249045491,0.713916357357683,298525,6,12,1.00873764083697,0.601090004235558,0.947903888429838
"GO:0033549","MAP kinase phosphatase activity",0.00286046071639288,14,0.99986036187702,0.535911764260774,0.713916357357683,126603,6,12,1.00873764083697,0.601090004235558,0.947903888429838
"GO:0031681","G-protein beta-subunit binding",0.00327396755406874,16,0.998373202210433,0.536006394935803,0.713916357357683,71016,5,11,0.917034218942704,0.715857167305695,0.953930939408535
"GO:0008320","protein transmembrane transporter activity",0.0018262932698016,9,1.00674456713878,0.536490985624427,0.713916357357683,94408,5,10,1.00873764083697,0.612408767834033,0.947903888429838
"GO:0140517","protein-RNA adaptor activity",0.00224128713068349,11,1.00263414734848,0.536787252010224,0.713916357357683,96580,4,10,0.806990112669579,0.821067403730384,0.95966573223258
"GO:0031492","nucleosomal DNA binding",0.00182675081540346,9,1.00649240819898,0.536788245145306,0.713916357357683,153331,7,17,0.83072511598339,0.824931308119757,0.95966573223258
"GO:0005243","gap junction channel activity",0.00183155504422293,9,1.00385234567435,0.539905211542801,0.716981962848445,98842,8,11,1.46725475030833,0.107649643165396,0.670133118972018
"GO:0120014","phospholipid transfer activity",0.00120792038889546,6,1.0147527625592,0.540299275620022,0.716981962848445,82112,6,12,1.00873764083697,0.601090004235558,0.947903888429838
"GO:0008171","O-methyltransferase activity",0.00141839136574846,7,1.00820597054269,0.541866071324182,0.718259485846658,128835,6,11,1.10044106273124,0.488270688468038,0.861329760792963
"GO:0015662","P-type ion transporter activity",0.00142308120816746,7,1.00488337229558,0.545311016701492,0.721217796282619,109047,6,14,0.864632263574549,0.778561605694839,0.953930939408535
"GO:0140358","P-type transmembrane transporter activity",0.00142308120816746,7,1.00488337229558,0.545311016701492,0.721217796282619,109047,6,14,0.864632263574549,0.778561605694839,0.953930939408535
"GO:0002020","protease binding",0.0171063718029287,83,0.991214140881233,0.547253200655617,0.722593146287541,110002,38,63,1.21688985243825,0.0560345084215663,0.537153277821314
"GO:0051537","2 iron, 2 sulfur cluster binding",0.00163492482182602,8,0.999630511217624,0.547566379146404,0.722593146287541,172362,5,12,0.840614700697478,0.797833712355792,0.953930939408535
"GO:0035252","UDP-xylosyltransferase activity",0.00226565143398223,11,0.991852046405113,0.55099975114592,0.72551351507475,172651,4,5,1.61398022533916,0.182061937321712,0.767629941402538
"GO:0042285","xylosyltransferase activity",0.00226565143398223,11,0.991852046405113,0.55099975114592,0.72551351507475,172651,4,5,1.61398022533916,0.182061937321712,0.767629941402538
"GO:0072542","protein phosphatase activator activity",0.00164270309705755,8,0.994897214458151,0.552870663054658,0.727171701738925,123158,4,8,1.00873764083697,0.627263500283969,0.947903888429838
"GO:0008138","protein tyrosine/serine/threonine phosphatase activity",0.00332258177426576,16,0.983765545277206,0.559424784154273,0.734979081060145,122092,8,16,1.00873764083697,0.584604078888113,0.947903888429838
"GO:0015269","calcium-activated potassium channel activity",0.00186484148675783,9,0.985934107767754,0.561276783921862,0.736596163449263,130614,5,9,1.12081960092997,0.489337938924126,0.861329760792963
"GO:0090482","vitamin transmembrane transporter activity",0.00207691387321732,10,0.983623319989088,0.562868403380301,0.736596163449263,50847,7,15,0.941488464781176,0.68452154621975,0.953930939408535
"GO:0003887","DNA-directed DNA polymerase activity",0.0024956824853145,12,0.982288859897803,0.56308224383409,0.736596163449263,75131,4,12,0.672491760557983,0.922864452067414,0.985601748766555
"GO:0010314","phosphatidylinositol-5-phosphate binding",0.00478615576819733,23,0.981721519726503,0.563133652292162,0.736596163449263,89336,10,15,1.34498352111597,0.142870065783085,0.729066558867329
"GO:0051371","muscle alpha-actinin binding",0.00186941694277637,9,0.983521003422731,0.564182173437452,0.737156707930913,81620,5,10,1.00873764083697,0.612408767834033,0.947903888429838
"GO:0052689","carboxylic ester hydrolase activity",0.0107986481357648,52,0.983742098717417,0.565958457952263,0.738665868831219,77163,35,82,0.861117498275466,0.913880069276373,0.984242212291311
"GO:0016705","oxidoreductase activity, acting on paired donors, with incorporation or reduction of molecular oxygen",0.0136985721603176,66,0.984273828660341,0.56821693674624,0.740800370385175,100859,40,75,1.07598681689277,0.294932752354463,0.861329760792963
"GO:0035173","histone kinase activity",0.0227728453090938,110,0.986785349276752,0.569179846277802,0.741242976149295,110367,60,126,0.960702515082832,0.701870946909344,0.953930939408535
"GO:0016763","pentosyltransferase activity",0.00481418043631091,23,0.976006648808333,0.574230167969952,0.747001826823056,164149,11,21,1.05677276659112,0.483960507081072,0.861329760792963
"GO:0070566","adenylyltransferase activity",0.00188646051644545,9,0.974635202458022,0.574931901484527,0.747097301491915,52941,6,14,0.864632263574549,0.778561605694839,0.953930939408535
"GO:0004029","aldehyde dehydrogenase (NAD+) activity",0.00168250956441887,8,0.971358956885819,0.57959323725962,0.751511841986574,110714,5,9,1.12081960092997,0.489337938924126,0.861329760792963
"GO:0004030","aldehyde dehydrogenase [NAD(P)+] activity",0.00168250956441887,8,0.971358956885819,0.57959323725962,0.751511841986574,110714,5,9,1.12081960092997,0.489337938924126,0.861329760792963
"GO:0004197","cysteine-type endopeptidase activity",0.00442515228833426,21,0.969478935640489,0.585584542524701,0.758453181984607,60945,19,37,1.03600082031905,0.478803822322486,0.861329760792963
"GO:0140104","molecular carrier activity",0.00526600671814207,25,0.969852978095981,0.587577270334922,0.759406827803314,50595,20,38,1.06182909561787,0.414463659189131,0.861329760792963
"GO:0005542","folic acid binding",0.0010554433170775,5,0.967792815706182,0.588306772669205,0.759406827803314,79403,2,5,0.806990112669579,0.807110618204361,0.953930939408535
"GO:0071855","neuropeptide receptor binding",0.00317605279527191,15,0.964830113504387,0.589422840677645,0.759406827803314,40977,8,17,0.949400132552446,0.672669165925533,0.953930939408535
"GO:0001637","G protein-coupled chemoattractant receptor activity",0.00148473547801734,7,0.963155164462967,0.589514299463801,0.759406827803314,53067,5,10,1.00873764083697,0.612408767834033,0.947903888429838
"GO:0004950","chemokine receptor activity",0.00148473547801734,7,0.963155164462967,0.589514299463801,0.759406827803314,53067,5,10,1.00873764083697,0.612408767834033,0.947903888429838
"GO:0019211","phosphatase activator activity",0.00170046822929166,8,0.961100423572817,0.591401930525118,0.761013956054508,123158,4,9,0.896655680743977,0.737603949371844,0.953930939408535
"GO:0008233","peptidase activity",0.0490689061388665,237,0.986709417375587,0.592867985332989,0.761425184417489,113196,127,261,0.98168337460763,0.640734918064956,0.947903888429838
"GO:0016836","hydro-lyase activity",0.00297290254804858,14,0.962043403980709,0.593002288284773,0.761425184417489,111624,11,26,0.853547234554363,0.825683804940226,0.95966573223258
"GO:0019829","ATPase-coupled monoatomic cation transmembrane transporter activity",0.00381959068428004,18,0.962726626673317,0.595359247300625,0.763626909428741,111847,15,30,1.00873764083697,0.553480779308575,0.947903888429838
"GO:0005547","phosphatidylinositol-3,4,5-trisphosphate binding",0.00571119858874635,27,0.965792450816421,0.597540965671515,0.765599362266628,120805,14,22,1.28384790651979,0.133791826752822,0.723876831839906
"GO:0008308","voltage-gated monoatomic anion channel activity",0.0017113349373357,8,0.954997586848038,0.598468118714122,0.76596188713788,83639,5,13,0.775952031413057,0.859835374538741,0.967213112891734
"GO:0008970","phospholipase A1 activity",0.00107054232193869,5,0.954142997170738,0.60072462520541,0.768023203622831,32647,6,14,0.864632263574549,0.778561605694839,0.953930939408535
"GO:0019828","aspartic-type endopeptidase inhibitor activity",0.00277856005366095,13,0.955808456109442,0.601435642307771,0.768106314397358,30055,3,5,1.21048516900437,0.491877971049976,0.861329760792963
"GO:0051059","NF-kappaB binding",0.00214897730550938,10,0.950638666154356,0.605321541920953,0.771430177948847,95558,8,15,1.07598681689277,0.48638319522183,0.861329760792963
"GO:0016798","hydrolase activity, acting on glycosyl bonds",0.00970179694171944,46,0.968618935776182,0.605726902611522,0.771430177948847,86716,26,58,0.904385471095218,0.80388682381609,0.953930939408535
"GO:0051428","peptide hormone receptor binding",0.00150852784931376,7,0.947964364174197,0.605984681416504,0.771430177948847,69528,5,11,0.917034218942704,0.715857167305695,0.953930939408535
"GO:0042287","MHC protein binding",0.00129531159884964,6,0.946290107084522,0.607491492940041,0.772521267492736,16397,5,15,0.672491760557983,0.936853713172246,0.986642218743845
"GO:0016814","hydrolase activity, acting on carbon-nitrogen (but not peptide) bonds, in cyclic amidines",0.00236905674000131,11,0.948559387916859,0.609313838271418,0.774010847975124,206963,4,12,0.672491760557983,0.922864452067414,0.985601748766555
"GO:0019705","protein-cysteine S-myristoyltransferase activity",0.00108323921239015,5,0.942959272494291,0.611000468642748,0.774498461850989,67543,2,5,0.806990112669579,0.807110618204361,0.953930939408535
"GO:0140439","protein-cysteine S-stearoyltransferase activity",0.00108323921239015,5,0.942959272494291,0.611000468642748,0.774498461850989,67543,2,5,0.806990112669579,0.807110618204361,0.953930939408535
"GO:0048487","beta-tubulin binding",0.00386454453966223,18,0.951527823527464,0.614761260256249,0.778435717193482,131471,13,25,1.04908714647045,0.48252963485895,0.861329760792963
"GO:0051087","protein-folding chaperone binding",0.0186876494029373,89,0.972932324969687,0.617434805481732,0.780989344380616,159255,35,66,1.06987325543315,0.329550259583059,0.861329760792963
"GO:0070492","oligosaccharide binding",0.00109593610284161,5,0.932034684325325,0.621120607590162,0.784165772776346,49661,4,9,0.896655680743977,0.737603949371844,0.953930939408535
"GO:0031491","nucleosome binding",0.00367043081807552,17,0.946191805527649,0.622326764411213,0.784165772776346,111149,12,33,0.733627375154163,0.955744386175501,0.991429153743903
"GO:0004190","aspartic-type endopeptidase activity",0.00131635869653494,6,0.931159990669545,0.622843892722015,0.784165772776346,20376,4,11,0.733627375154163,0.881187538830207,0.972471270222094
"GO:0070001","aspartic-type peptidase activity",0.00131635869653494,6,0.931159990669545,0.622843892722015,0.784165772776346,20376,4,11,0.733627375154163,0.881187538830207,0.972471270222094
"GO:0060229","lipase activator activity",0.00175022631349332,8,0.933776805230606,0.623243612509375,0.784165772776346,64338,5,13,0.775952031413057,0.859835374538741,0.967213112891734
"GO:0061891","calcium ion sensor activity",0.00240348704654085,11,0.934971134739485,0.6279000196124,0.788355990833309,55248,7,15,0.941488464781176,0.68452154621975,0.953930939408535
"GO:0140784","metal ion sensor activity",0.00240348704654085,11,0.934971134739485,0.6279000196124,0.788355990833309,55248,7,15,0.941488464781176,0.68452154621975,0.953930939408535
"GO:0018455","alcohol dehydrogenase [NAD(P)+] activity",0.00240600354735105,11,0.933993224453079,0.629240581889179,0.788369342170171,40324,7,19,0.743280366932507,0.910721672055182,0.981729889459303
"GO:0044024","histone H2AS1 kinase activity",0.0218659899262185,104,0.971653679182437,0.629899810817209,0.788369342170171,104800,56,121,0.933707568378026,0.793674757455343,0.953930939408535
"GO:0140995","histone H2A kinase activity",0.0218659899262185,104,0.971653679182437,0.629899810817209,0.788369342170171,104800,56,121,0.933707568378026,0.793674757455343,0.953930939408535
"GO:0016251","RNA polymerase II general transcription initiation factor activity",0.00305160039156753,14,0.937233228482593,0.631075583962281,0.789010377845586,204073,6,17,0.712050099414335,0.923431747793055,0.985601748766555
"GO:0098632","cell-cell adhesion mediator activity",0.00496734382653165,23,0.945912398756421,0.63291290598827,0.790476308004257,126633,13,28,0.936684952205762,0.698592611401339,0.953930939408535
"GO:0008483","transaminase activity",0.00263980934989862,12,0.928658390902602,0.639119462236817,0.79672960501066,158624,6,15,0.806990112669579,0.841254978678233,0.967213112891734
"GO:0140303","intramembrane lipid transporter activity",0.0064639754901972,30,0.94813211578704,0.63925991857037,0.79672960501066,219102,12,23,1.05259579913423,0.483229944536386,0.861329760792963
"GO:0015631","tubulin binding",0.0434635149705489,208,0.977655377167392,0.640214420810809,0.797083713449269,144557,109,207,1.06234205653362,0.203409139847857,0.814321438650177
"GO:0050997","quaternary ammonium group binding",0.00156171752552933,7,0.915678168514562,0.641496011574453,0.797504521001459,165558,6,13,0.931142437695668,0.698631052863074,0.953930939408535
"GO:0070700","BMP receptor binding",0.00112316006615194,5,0.909443355791928,0.642281003977957,0.797504521001459,429981,4,10,0.806990112669579,0.821067403730384,0.95966573223258
"GO:0035374","chondroitin sulfate binding",0.00264667253392643,12,0.926250252625562,0.642564618266945,0.797504521001459,129516,3,9,0.672491760557983,0.905932798302494,0.980122017453745
"GO:0004175","endopeptidase activity",0.0323171321773749,154,0.973498328522136,0.64371752097573,0.79810232788336,111002,87,171,1.0264347924306,0.393988759663688,0.861329760792963
"GO:0072349","modified amino acid transmembrane transporter activity",0.00265204869474822,12,0.924372583362099,0.645251145413973,0.799170429059598,122459,5,14,0.720526886312124,0.904987468340908,0.980122017453745
"GO:0140223","general transcription initiation factor activity",0.00351292074463717,16,0.930462628819218,0.646418596227362,0.799783257975373,192925,8,22,0.733627375154163,0.927906429006915,0.986024184642401
"GO:0005540","hyaluronic acid binding",0.00222790392182925,10,0.916960960160285,0.649390724001846,0.802625333511638,78716,5,11,0.917034218942704,0.715857167305695,0.953930939408535
"GO:0004143","ATP-dependent diacylglycerol kinase activity",0.00157704530319145,7,0.906778416967383,0.651376262499745,0.804243381217235,81148,3,7,0.864632263574549,0.766363301351662,0.953930939408535
"GO:0008569","minus-end-directed microtubule motor activity",0.00180707635452372,8,0.904400487203032,0.657919739880411,0.806989028596247,99336,4,10,0.806990112669579,0.821067403730384,0.95966573223258
"GO:0019865","immunoglobulin binding",0.00136668871273892,6,0.896868862790854,0.658116192584421,0.806989028596247,45773,4,7,1.1528430180994,0.490523456076733,0.861329760792963
"GO:0120227","acyl-CoA binding",0.00136726064474123,6,0.896493698036069,0.658504981850454,0.806989028596247,172928,5,8,1.26092205104622,0.353783411869496,0.861329760792963
"GO:0042625","ATPase-coupled ion transmembrane transporter activity",0.00180982162813485,8,0.903028624499653,0.659545712004611,0.806989028596247,132858,7,13,1.08633284397828,0.487292114170123,0.861329760792963
"GO:0044769","ATPase activity, coupled to transmembrane movement of ions, rotational mechanism",0.00180982162813485,8,0.903028624499653,0.659545712004611,0.806989028596247,132858,7,13,1.08633284397828,0.487292114170123,0.861329760792963
"GO:0046961","proton-transporting ATPase activity, rotational mechanism",0.00180982162813485,8,0.903028624499653,0.659545712004611,0.806989028596247,132858,7,13,1.08633284397828,0.487292114170123,0.861329760792963
"GO:0008227","G protein-coupled amine receptor activity",0.00716390587463388,33,0.941047125923106,0.659917534789007,0.806989028596247,154667,11,25,0.887689123936537,0.775273845405358,0.953930939408535
"GO:0015026","coreceptor activity",0.0071641346474348,33,0.941017075400971,0.659986333571876,0.806989028596247,125791,13,36,0.728532740604481,0.96369899458732,0.991429153743903
"GO:0005024","transforming growth factor beta receptor activity",0.001148096301453,5,0.889690575921186,0.661001721795892,0.806989028596247,75900,4,8,1.00873764083697,0.627263500283969,0.947903888429838
"GO:0022824","transmitter-gated monoatomic ion channel activity",0.00419317666819411,19,0.925673314964798,0.662125159534026,0.806989028596247,110309,11,30,0.739740936613781,0.945893234576153,0.988283880413924
"GO:0022835","transmitter-gated channel activity",0.00419317666819411,19,0.925673314964798,0.662125159534026,0.806989028596247,110309,11,30,0.739740936613781,0.945893234576153,0.988283880413924
"GO:0016717","oxidoreductase activity, acting on paired donors, with oxidation of a pair of donors resulting in the reduction of molecular oxygen to two molecules of water",0.00115049841586274,5,0.8878329996541,0.662771103309219,0.806989028596247,36735,4,6,1.34498352111597,0.335609717294689,0.861329760792963
"GO:0008296","3'-5'-DNA exonuclease activity",0.00115084157506413,5,0.887568264637803,0.663023380883391,0.806989028596247,51928,3,8,0.75655323062773,0.849823181992278,0.967213112891734
"GO:0015247","aminophospholipid flippase activity",0.00159557590006655,7,0.89624733204741,0.663102002471433,0.806989028596247,194295,2,5,0.806990112669579,0.807110618204361,0.953930939408535
"GO:0032454","histone H3K9 demethylase activity",0.00160529874410595,7,0.890819013448006,0.669157024200647,0.81352525743821,68536,5,9,1.12081960092997,0.489337938924126,0.861329760792963
"GO:0042162","telomeric DNA binding",0.0020477453410991,9,0.897870838953061,0.670076558558273,0.813811060394061,55073,8,14,1.1528430180994,0.382527245919525,0.861329760792963
"GO:0016684","oxidoreductase activity, acting on peroxide as acceptor",0.00400764192664217,18,0.917552446565686,0.673515355149524,0.817152813543657,131010,11,25,0.887689123936537,0.775273845405358,0.953930939408535
"GO:0005104","fibroblast growth factor receptor binding",0.00183807506904935,8,0.889147980386676,0.676011136054198,0.818154111608593,182948,7,13,1.08633284397828,0.487292114170123,0.861329760792963
"GO:0008066","glutamate receptor activity",0.00205884082194407,9,0.893032043943424,0.676134411212702,0.818154111608593,108760,7,16,0.882645435732352,0.762235131922135,0.953930939408535
"GO:0000900","mRNA regulatory element binding translation repressor activity",0.00183876138745213,8,0.888816105557294,0.676404955181873,0.818154111608593,47816,6,8,1.51310646125546,0.138809014011353,0.723876831839906
"GO:1904680","peptide transmembrane transporter activity",0.00117451955996009,5,0.869675137370563,0.680132248527668,0.820505866254146,131799,3,7,0.864632263574549,0.766363301351662,0.953930939408535
"GO:0090556","phosphatidylserine floppase activity",0.00184825545869061,8,0.884250457781502,0.681822525771681,0.820505866254146,172841,3,6,1.00873764083697,0.648146224805264,0.947903888429838
"GO:0005337","nucleoside transmembrane transporter activity",0.00162668900099265,7,0.8791051286639,0.682238651780562,0.820505866254146,97646,3,7,0.864632263574549,0.766363301351662,0.953930939408535
"GO:0070402","NADPH binding",0.00117783676557354,5,0.867225824077007,0.682481934149397,0.820505866254146,151934,3,7,0.864632263574549,0.766363301351662,0.953930939408535
"GO:0004601","peroxidase activity",0.00381547277386335,17,0.910223127946133,0.682784389200561,0.820505866254146,133651,10,23,0.877163165945195,0.785853106856169,0.953930939408535
"GO:0008187","poly-pyrimidine tract binding",0.0029486526311503,13,0.900672791037103,0.683179821355429,0.820505866254146,165590,9,21,0.864632263574549,0.79751481693204,0.953930939408535
"GO:0008266","poly(U) RNA binding",0.0029486526311503,13,0.900672791037103,0.683179821355429,0.820505866254146,165590,9,21,0.864632263574549,0.79751481693204,0.953930939408535
"GO:0017018","myosin phosphatase activity",0.00957883156122109,44,0.938398800260139,0.684023013701109,0.820528224047376,150599,15,36,0.840614700697478,0.868152318665295,0.972078191982592
"GO:0004675","transmembrane receptor protein serine/threonine kinase activity",0.00118081081198559,5,0.865041587767213,0.68457863604289,0.820528224047376,75900,4,9,0.896655680743977,0.737603949371844,0.953930939408535
"GO:0051213","dioxygenase activity",0.0074697751094735,34,0.929862415379728,0.687317764884873,0.822981694308272,86892,21,39,1.08633284397828,0.353872253271307,0.861329760792963
"GO:0043236","laminin binding",0.00555128640089825,25,0.920012395223768,0.688161710538408,0.823163253350269,158193,12,17,1.42410019882867,0.0667625104128955,0.567004463435234
"GO:0008525","phosphatidylcholine transporter activity",0.00141495977373455,6,0.866272366420786,0.689948554279815,0.823827421491661,272751,4,9,0.896655680743977,0.737603949371844,0.953930939408535
"GO:0030551","cyclic nucleotide binding",0.00383400337073845,17,0.90582381573397,0.690102701266353,0.823827421491661,170596,10,19,1.06182909561787,0.484725653723273,0.861329760792963
"GO:0016004","phospholipase activator activity",0.00141678995614197,6,0.865153332199671,0.69111593754655,0.82420947817738,78362,4,11,0.733627375154163,0.881187538830207,0.972471270222094
"GO:0015386","potassium:proton antiporter activity",0.00165585753311086,7,0.863619372390807,0.699538919677315,0.833321795718049,234053,3,7,0.864632263574549,0.766363301351662,0.953930939408535
"GO:0005212","structural constituent of eye lens",0.00210413783652765,9,0.873807217120831,0.700158514652928,0.833321795718049,106076,8,15,1.07598681689277,0.48638319522183,0.861329760792963
"GO:0034452","dynactin binding",0.00166214878513636,7,0.86035056325988,0.703188002764161,0.836090535286587,97075,5,10,1.00873764083697,0.612408767834033,0.947903888429838
"GO:0016298","lipase activity",0.00731844190166018,33,0.921175999522323,0.704772826216267,0.837137752618523,50396,25,55,0.917034218942704,0.772310502015017,0.953930939408535
"GO:0005326","neurotransmitter transmembrane transporter activity",0.00211923684138884,9,0.86758157062329,0.707909928215086,0.840024854937862,58605,5,12,0.840614700697478,0.797833712355792,0.953930939408535
"GO:1902936","phosphatidylinositol bisphosphate binding",0.0132907846426649,61,0.937619255958719,0.710604713382467,0.842381858635846,124112,32,56,1.1528430180994,0.157820954841224,0.767629941402538
"GO:0035615","clathrin adaptor activity",0.00212781582142361,9,0.86408363396074,0.712256221109996,0.843498652290623,41750,7,8,1.7652908714647,0.0332416633109491,0.484299344159477
"GO:0008200","ion channel inhibitor activity",0.00367592136529777,16,0.889203316955035,0.713280417461486,0.843871061056424,170731,11,24,0.924676170767226,0.715282450804964,0.953930939408535
"GO:0016831","carboxy-lyase activity",0.0028000646969481,12,0.875508735865446,0.71475039805264,0.844105564463821,64631,6,15,0.806990112669579,0.841254978678233,0.967213112891734
"GO:0031210","phosphatidylcholine binding",0.00122542150816639,5,0.833550295017356,0.714898488995011,0.844105564463821,211578,4,9,0.896655680743977,0.737603949371844,0.953930939408535
"GO:0070006","metalloaminopeptidase activity",0.00213662357425931,9,0.860521642429343,0.716674534859286,0.844328061441419,195222,4,11,0.733627375154163,0.881187538830207,0.972471270222094
"GO:0016830","carbon-carbon lyase activity",0.00412191394070529,18,0.892115096930079,0.71670368056575,0.844328061441419,99975,10,22,0.917034218942704,0.724994991528004,0.953930939408535
"GO:0005184","neuropeptide hormone activity",0.00122896748658076,5,0.831145226221234,0.71721727675007,0.844328061441419,88651,4,8,1.00873764083697,0.627263500283969,0.947903888429838
"GO:0032452","histone demethylase activity",0.00215195135192143,9,0.85439237542857,0.724257094642774,0.850090508914371,74152,6,12,1.00873764083697,0.601090004235558,0.947903888429838
"GO:0140457","protein demethylase activity",0.00215195135192143,9,0.85439237542857,0.724257094642774,0.850090508914371,74152,6,12,1.00873764083697,0.601090004235558,0.947903888429838
"GO:0141052","histone H3 demethylase activity",0.00215195135192143,9,0.85439237542857,0.724257094642774,0.850090508914371,74152,6,12,1.00873764083697,0.601090004235558,0.947903888429838
"GO:0017116","single-stranded DNA helicase activity",0.00124704053785401,5,0.819099643232521,0.728826614121043,0.854610299990059,333240,3,11,0.550220531365622,0.965222235263167,0.991429153743903
"GO:0004620","phospholipase activity",0.00612950965524168,27,0.899881522726329,0.733622186881113,0.859385990346447,54986,21,43,0.985278625933789,0.597908836479402,0.947903888429838
"GO:0022821","solute:potassium antiporter activity",0.00172151532697696,7,0.83068133121125,0.736165978546757,0.861517075287494,234053,3,8,0.75655323062773,0.849823181992278,0.967213112891734
"GO:0031418","L-ascorbic acid binding",0.00218260690724567,9,0.842392105179901,0.739014330292458,0.864000038070533,52124,4,7,1.1528430180994,0.490523456076733,0.861329760792963
"GO:0004177","aminopeptidase activity",0.00288219413248096,12,0.850560715372872,0.74936290610686,0.874528225385659,150199,7,16,0.882645435732352,0.762235131922135,0.953930939408535
"GO:0098631","cell adhesion mediator activity",0.00640380824355335,28,0.893237641806896,0.749772491484503,0.874528225385659,123031,16,36,0.896655680743977,0.782904533109819,0.953930939408535
"GO:0160041","neuropeptide activity",0.00151642051094575,6,0.80831177284643,0.750226063829582,0.874528225385659,194480,5,9,1.12081960092997,0.489337938924126,0.861329760792963
"GO:0005452","solute:inorganic anion antiporter activity",0.00198014297842512,8,0.825354912878141,0.751087615743584,0.874675000116671,184212,6,16,0.75655323062773,0.888666886731891,0.972951131053608
"GO:0046975","histone H3K36 methyltransferase activity",0.00244066262669152,10,0.837027165067342,0.753269454315844,0.876357515833207,325479,5,10,1.00873764083697,0.612408767834033,0.947903888429838
"GO:0071714","icosanoid transmembrane transporter activity",0.00222298530660931,9,0.827090859264057,0.757617740118176,0.880554734115847,97751,5,11,0.917034218942704,0.715857167305695,0.953930939408535
"GO:0031369","translation initiation factor binding",0.002682589863672,11,0.837694588228981,0.759770060842615,0.882193947599482,155762,6,14,0.864632263574549,0.778561605694839,0.953930939408535
"GO:0045499","chemorepellent activity",0.00425254321003471,18,0.864711179435549,0.761599086002982,0.883454939763459,128729,9,20,0.907863876753277,0.73586909179253,0.953930939408535
"GO:0008106","alcohol dehydrogenase (NADP+) activity",0.00154021288224217,6,0.795825412003351,0.763049620326152,0.884274852405258,37436,5,13,0.775952031413057,0.859835374538741,0.967213112891734
"GO:0032451","demethylase activity",0.00224380363149369,9,0.81941699423622,0.766838101072982,0.8872339601052,74152,6,13,0.931142437695668,0.698631052863074,0.953930939408535
"GO:0030371","translation repressor activity",0.0040474483940035,17,0.858054562959846,0.767095467609878,0.8872339601052,58629,10,18,1.12081960092997,0.392763081217954,0.861329760792963
"GO:0048027","mRNA 5'-UTR binding",0.00247875329804589,10,0.824164680251125,0.769404546899769,0.889039850596525,55722,8,12,1.34498352111597,0.18541609601855,0.773542940933528
"GO:0035014","phosphatidylinositol 3-kinase regulator activity",0.00156823755035575,6,0.781603878382577,0.777521473553467,0.897546633063177,247139,2,5,0.806990112669579,0.807110618204361,0.953930939408535
"GO:0016627","oxidoreductase activity, acting on the CH-CH group of donors",0.00363600051153598,15,0.842780788736365,0.778886977815284,0.898250840564862,45997,16,28,1.1528430180994,0.269969143301715,0.861329760792963
"GO:0070717","poly-purine tract binding",0.00431110904707206,18,0.852964194270885,0.780117812133082,0.898798525800615,103644,10,21,0.960702515082832,0.653674791606518,0.948985747521551
"GO:0071949","FAD binding",0.00227697568762813,9,0.807479340848874,0.781009418933914,0.898954694203702,17532,9,17,1.0680751491215,0.485530855971015,0.861329760792963
"GO:0005068","transmembrane receptor protein tyrosine kinase adaptor activity",0.00228738485007031,9,0.803804758660684,0.785324986568911,0.903047784362123,230115,3,7,0.864632263574549,0.766363301351662,0.953930939408535
"GO:0015385","sodium:proton antiporter activity",0.00182595011060021,7,0.783170709436153,0.787765070819495,0.904978424352057,234053,3,7,0.864632263574549,0.766363301351662,0.953930939408535
"GO:0019843","rRNA binding",0.00300069844336123,12,0.816970165259416,0.794127755326151,0.911080277242859,47120,9,25,0.726291101402621,0.941471271261679,0.988283880413924
"GO:0016779","nucleotidyltransferase activity",0.0107201790650467,47,0.895659882402681,0.794609123213494,0.911080277242859,91814,27,55,0.99039695645812,0.581378002996874,0.947903888429838
"GO:0045504","dynein heavy chain binding",0.00136520168953289,5,0.748204801886966,0.796233520614226,0.911664900381907,53273,3,5,1.21048516900437,0.491877971049976,0.861329760792963
"GO:0043237","laminin-1 binding",0.00300790478659044,12,0.81501286679534,0.796652507566696,0.911664900381907,202470,3,5,1.21048516900437,0.491877971049976,0.861329760792963
"GO:0005506","iron ion binding",0.0113904833717634,50,0.896757781311415,0.798593951278373,0.913007892374986,128485,31,66,0.947602026240794,0.707614428861904,0.953930939408535
"GO:0015106","bicarbonate transmembrane transporter activity",0.00162062652176808,6,0.756337462777042,0.80276935147305,0.916199925700007,238652,4,13,0.620761625130446,0.950877375413491,0.990011558114396
"GO:0033691","sialic acid binding",0.00162096968096947,6,0.756177346173532,0.80292710057141,0.916199925700007,293700,6,11,1.10044106273124,0.488270688468038,0.861329760792963
"GO:1901618","organic hydroxy compound transmembrane transporter activity",0.00256866100881027,10,0.795317448389824,0.804486498587276,0.917099181994507,37324,8,24,0.672491760557983,0.965074249516532,0.991429153743903
"GO:0003724","RNA helicase activity",0.00417132886570556,17,0.832571987160205,0.805370990644983,0.917228072679008,97002,11,29,0.765249244772877,0.925957115589193,0.986024184642401
"GO:0032794","GTPase activating protein binding",0.00162931988820331,6,0.752301963818108,0.806735493967381,0.917803310918007,26204,4,7,1.1528430180994,0.490523456076733,0.861329760792963
"GO:0016405","CoA-ligase activity",0.00210802697414341,8,0.775284545924006,0.807419901783209,0.917803310918007,33771,4,11,0.733627375154163,0.881187538830207,0.972471270222094
"GO:0000146","microfilament motor activity",0.00212289720620368,8,0.769853919760413,0.81329016262249,0.923460762490693,153454,5,16,0.630461025523109,0.95875681609968,0.991429153743903
"GO:0015245","fatty acid transmembrane transporter activity",0.00140123340567892,5,0.728965249838444,0.813950276779013,0.923460762490693,5429,5,9,1.12081960092997,0.489337938924126,0.861329760792963
"GO:0043176","amine binding",0.00212873091262732,8,0.767744164257577,0.815555346956174,0.924328866953758,43897,4,10,0.806990112669579,0.821067403730384,0.95966573223258
"GO:0035613","RNA stem-loop binding",0.00140615202089885,5,0.726415383593992,0.816270235745539,0.924328866953758,45963,3,7,0.864632263574549,0.766363301351662,0.953930939408535
"GO:0017025","TBP-class protein binding",0.00260778115776882,10,0.783386640101846,0.818453303712263,0.925919103819106,131195,6,15,0.806990112669579,0.841254978678233,0.967213112891734
"GO:0019842","vitamin binding",0.0115141350706645,50,0.887127390276271,0.820267881122209,0.927089839025006,87884,31,73,0.856736078519074,0.909475787341969,0.981729889459303
"GO:0003697","single-stranded DNA binding",0.00626928983660818,26,0.847231908019064,0.825616364273349,0.932248677227931,96070,21,46,0.921021324242455,0.751541082078728,0.953930939408535
"GO:0016706","2-oxoglutarate-dependent dioxygenase activity",0.00516248702572253,21,0.831012631928298,0.82883666009563,0.934996953371635,85106,13,24,1.09279911090672,0.402602185621064,0.861329760792963
"GO:0034593","phosphatidylinositol bisphosphate phosphatase activity",0.00336032928641874,13,0.790330639866373,0.835351467841715,0.941452981292701,63084,7,11,1.28384790651979,0.264597461302703,0.861329760792963
"GO:0051536","iron-sulfur cluster binding",0.00678231284268736,28,0.84338819319173,0.839720532923195,0.943469922353581,193856,15,34,0.890062624267918,0.790352022207344,0.953930939408535
"GO:0051540","metal cluster binding",0.00678231284268736,28,0.84338819319173,0.839720532923195,0.943469922353581,193856,15,34,0.890062624267918,0.790352022207344,0.953930939408535
"GO:0008143","poly(A) binding",0.00360957725302889,14,0.792353532433091,0.840222409903557,0.943469922353581,47094,8,17,0.949400132552446,0.672669165925533,0.953930939408535
"GO:0015132","prostaglandin transmembrane transporter activity",0.00219724836650501,8,0.743803368047972,0.840599113077957,0.943469922353581,106754,4,10,0.806990112669579,0.821067403730384,0.95966573223258
"GO:0005516","calmodulin binding",0.021369667334607,95,0.908182538806862,0.841108593519592,0.943469922353581,122554,51,107,0.961600367900667,0.688987043081233,0.953930939408535
"GO:0005520","insulin-like growth factor binding",0.00246594202119397,9,0.745601807168461,0.849877296828563,0.950812290865563,132417,6,10,1.21048516900437,0.366267110014219,0.861329760792963
"GO:0015645","fatty acid ligase activity",0.0017348985358312,6,0.706520021930845,0.850053376947092,0.950812290865563,32191,3,9,0.672491760557983,0.905932798302494,0.980122017453745
"GO:0120515","fatty acid-CoA ligase activity",0.0017348985358312,6,0.706520021930845,0.850053376947092,0.950812290865563,32191,3,9,0.672491760557983,0.905932798302494,0.980122017453745
"GO:0008186","ATP-dependent activity, acting on RNA",0.00434862778642412,17,0.798626999915069,0.851990324292915,0.95127872499382,97002,11,31,0.715878325755272,0.96096160264395,0.991429153743903
"GO:0004707","MAP kinase activity",0.00174038908305345,6,0.704291105660541,0.852070514817846,0.95127872499382,101814,4,10,0.806990112669579,0.821067403730384,0.95966573223258
"GO:0008190","eukaryotic initiation factor 4E binding",0.00149422954925581,5,0.683596747341418,0.853992575766068,0.952530180662152,22884,3,6,1.00873764083697,0.648146224805264,0.947903888429838
"GO:0047555","3',5'-cyclic-GMP phosphodiesterase activity",0.00345424052119935,13,0.768843738239435,0.860745345641415,0.959162339238653,176728,9,15,1.21048516900437,0.291653290280008,0.861329760792963
"GO:0042910","xenobiotic transmembrane transporter activity",0.00322237928745966,12,0.760767397154885,0.86178285151378,0.959419298174049,65469,7,17,0.83072511598339,0.824931308119757,0.95966573223258
"GO:0030215","semaphorin receptor binding",0.00419157525858762,16,0.779812187361287,0.869053013827173,0.966608076183825,126597,7,16,0.882645435732352,0.762235131922135,0.953930939408535
"GO:0052866","phosphatidylinositol phosphate phosphatase activity",0.00349667787577134,13,0.759512683023797,0.871165153037138,0.968051744823512,63084,7,13,1.08633284397828,0.487292114170123,0.861329760792963
"GO:0042800","histone H3K4 methyltransferase activity",0.003039132273917,11,0.739418626336937,0.875785800704057,0.970753113975209,297068,5,12,0.840614700697478,0.797833712355792,0.953930939408535
"GO:0004114","3',5'-cyclic-nucleotide phosphodiesterase activity",0.00351749620065571,13,0.755017502109019,0.876045493099579,0.970753113975209,176728,9,16,1.1348298459416,0.388162311555547,0.861329760792963
"GO:0004115","3',5'-cyclic-AMP phosphodiesterase activity",0.00351749620065571,13,0.755017502109019,0.876045493099579,0.970753113975209,176728,9,16,1.1348298459416,0.388162311555547,0.861329760792963
"GO:0043021","ribonucleoprotein complex binding",0.0103660387692115,43,0.847428236435343,0.879551652949153,0.973702858333599,104820,30,72,0.840614700697478,0.928803268965088,0.986024184642401
"GO:0004112","cyclic-nucleotide phosphodiesterase activity",0.00400958649545005,15,0.764256210069404,0.880345309258721,0.973702858333599,153817,10,17,1.18675016569056,0.301612494297354,0.861329760792963
"GO:0005319","lipid transporter activity",0.0156850063907682,67,0.872644602006816,0.883127684706159,0.974471720764089,128602,40,85,0.949400132552446,0.716728740033953,0.953930939408535
"GO:0000030","mannosyltransferase activity",0.00355066825679015,13,0.74796376429092,0.883515417748487,0.974471720764089,57126,8,12,1.34498352111597,0.18541609601855,0.773542940933528
"GO:0004553","hydrolase activity, hydrolyzing O-glycosyl compounds",0.00611601205998697,24,0.801659996455834,0.883956707602924,0.974471720764089,115402,16,37,0.872421743426572,0.825186966458117,0.95966573223258
"GO:0005548","phospholipid transporter activity",0.00725793149581495,29,0.816267371688728,0.884318744074392,0.974471720764089,203663,18,34,1.0680751491215,0.412007718241497,0.861329760792963
"GO:0004180","carboxypeptidase activity",0.00498861969701788,19,0.778073291295505,0.88868071584026,0.978371639938953,90775,10,18,1.12081960092997,0.392763081217954,0.861329760792963
"GO:0015464","acetylcholine receptor activity",0.00212198211499997,7,0.673912675043357,0.892690121073379,0.981876553151015,63860,3,11,0.550220531365622,0.965222235263167,0.991429153743903
"GO:0017154","semaphorin receptor activity",0.00311760134463501,11,0.720807686044618,0.894030805863869,0.982442355057431,329253,6,9,1.34498352111597,0.245339790225792,0.861329760792963
"GO:0030276","clathrin binding",0.00551273818394203,21,0.778214344196123,0.898668472972838,0.985903914359635,67911,10,22,0.917034218942704,0.724994991528004,0.953930939408535
"GO:0022851","GABA-gated chloride ion channel activity",0.00189149351806584,6,0.648027889007325,0.899366570389697,0.985903914359635,194445,4,10,0.806990112669579,0.821067403730384,0.95966573223258
"GO:0004896","cytokine receptor activity",0.00713450856971474,28,0.801754250928578,0.899787293375077,0.985903914359635,75240,20,42,0.960702515082832,0.657884673845269,0.953930939408535
"GO:0003680","minor groove of adenine-thymine-rich DNA binding",0.00240852004816125,8,0.678558078307062,0.901173331473974,0.985903914359635,21667,5,7,1.44105377262425,0.219424413208157,0.817854631048584
"GO:0008081","phosphoric diester hydrolase activity",0.00897407066197011,36,0.819521439770448,0.902460050817944,0.985903914359635,116517,22,41,1.08254771211773,0.356283133316052,0.861329760792963
"GO:0016500","protein-hormone receptor activity",0.00216350437836825,7,0.660978853480454,0.903154359573465,0.985903914359635,86009,5,12,0.840614700697478,0.797833712355792,0.953930939408535
"GO:0016917","GABA receptor activity",0.00216510578797474,7,0.660489963795928,0.90353988400769,0.985903914359635,172828,5,13,0.775952031413057,0.859835374538741,0.967213112891734
"GO:0005537","D-mannose binding",0.00190865147813538,6,0.642202395578636,0.903814353786377,0.985903914359635,26913,4,13,0.620761625130446,0.950877375413491,0.990011558114396
"GO:0098960","postsynaptic neurotransmitter receptor activity",0.00601752536918783,23,0.780831292953339,0.904825012608988,0.986101686518869,130786,13,34,0.771387607698862,0.933328858029346,0.986642218743845
"GO:0015297","antiporter activity",0.00879837315085805,35,0.812667648322195,0.908636947698278,0.988487092260072,133259,22,55,0.806990112669579,0.940938046312419,0.988283880413924
"GO:0015095","magnesium ion transmembrane transporter activity",0.0021900420232758,7,0.652969499359099,0.909375885556447,0.988487092260072,164655,5,11,0.917034218942704,0.715857167305695,0.953930939408535
"GO:0004169","dolichyl-phosphate-mannose-protein mannosyltransferase activity",0.00193164314462856,6,0.634558487157288,0.90950788808454,0.988487092260072,88477,4,6,1.34498352111597,0.335609717294689,0.861329760792963
"GO:0030170","pyridoxal phosphate binding",0.00417773450413152,15,0.733495959575139,0.911878532430361,0.989142426884872,84006,9,29,0.626113018450536,0.986532750040607,0.99943725244815
"GO:0004629","phospholipase C activity",0.00321139819301515,11,0.699754709996298,0.912882434084731,0.989142426884872,73496,6,13,0.931142437695668,0.698631052863074,0.953930939408535
"GO:0004890","GABA-A receptor activity",0.00194674214948976,6,0.629636827817447,0.913086006625929,0.989142426884872,194445,4,11,0.733627375154163,0.881187538830207,0.972471270222094
"GO:0034237","protein kinase A regulatory subunit binding",0.00246456938438841,8,0.66312628315388,0.913522475212566,0.989142426884872,74613,7,12,1.17686058097647,0.375451372700517,0.861329760792963
"GO:0045236","CXCR chemokine receptor binding",0.0016865130884351,5,0.605658187094475,0.914270418121509,0.989142426884872,257671,2,5,0.806990112669579,0.807110618204361,0.953930939408535
"GO:0042923","neuropeptide binding",0.00443922181559128,16,0.736309562051767,0.915354270952033,0.989414752874515,169393,6,14,0.864632263574549,0.778561605694839,0.953930939408535
"GO:0051378","serotonin binding",0.00170721702691901,5,0.598313186634569,0.919232374656208,0.992704172085587,45934,3,7,0.864632263574549,0.766363301351662,0.953930939408535
"GO:0070279","vitamin B6 binding",0.00423344068115729,15,0.723844175400238,0.920672622744799,0.99335730348781,84006,9,30,0.605242584502184,0.99093571127744,0.999999005069843
"GO:0042626","ATPase-coupled transmembrane transporter activity",0.0075480154073906,29,0.784896737251602,0.922945149953175,0.994503635217631,92067,22,51,0.870283454839742,0.855818479945573,0.967213112891734
"GO:0016790","thiolester hydrolase activity",0.00302174554104653,10,0.676066495856527,0.923407916972468,0.994503635217631,30598,9,23,0.789446849350675,0.887492970434854,0.972561421057181
"GO:0015174","basic amino acid transmembrane transporter activity",0.00253320122466656,8,0.645160250015059,0.926823032755224,0.997278358322137,114809,4,8,1.00873764083697,0.627263500283969,0.947903888429838
"GO:0042887","amide transmembrane transporter activity",0.00331411718063145,11,0.67806625075574,0.93020703420564,1,81837,6,17,0.712050099414335,0.923431747793055,0.985601748766555
"GO:0017046","peptide hormone binding",0.00479496352103303,17,0.72428737936905,0.931582129115789,1,206499,12,25,0.968388135203495,0.638929766768099,0.947903888429838
"GO:0005546","phosphatidylinositol-4,5-bisphosphate binding",0.00904098670624131,35,0.790859830889138,0.934040020827934,1,122765,21,44,0.962885929889839,0.653504451295894,0.948985747521551
"GO:0140693","molecular condensate scaffold activity",0.0031157711622276,10,0.655664621353276,0.938187966274767,1,54409,7,21,0.672491760557983,0.957528186003915,0.991429153743903
"GO:0008519","ammonium channel activity",0.00207554123641175,6,0.590564297196204,0.938909401444522,1,29895,3,5,1.21048516900437,0.491877971049976,0.861329760792963
"GO:0016877","ligase activity, forming carbon-sulfur bonds",0.00364446510517029,12,0.672658684449649,0.94138139350878,1,123898,5,18,0.560409800464986,0.983175241251594,0.998288097223011
"GO:0005161","platelet-derived growth factor receptor binding",0.00235853319115866,7,0.606322034760624,0.941387991740823,1,146927,3,9,0.672491760557983,0.905932798302494,0.980122017453745
"GO:0004117","calmodulin-activated dual specificity 3',5'-cyclic-GMP, 3',5'-cyclic-AMP phosphodiesterase activity",0.00183944770585491,5,0.555302798987684,0.945329322784251,1,117596,4,8,1.00873764083697,0.627263500283969,0.947903888429838
"GO:0048101","calmodulin-activated 3',5'-cyclic-GMP phosphodiesterase activity",0.00183944770585491,5,0.555302798987684,0.945329322784251,1,117596,4,8,1.00873764083697,0.627263500283969,0.947903888429838
"GO:0004435","phosphatidylinositol phospholipase C activity",0.00317605279527191,10,0.643220075669592,0.946301761443106,1,80257,5,12,0.840614700697478,0.797833712355792,0.953930939408535
"GO:0170055","lipid transmembrane transporter activity",0.00443441758677181,15,0.691038071853969,0.946520877587306,1,64018,11,30,0.739740936613781,0.945893234576153,0.988283880413924
"GO:0016853","isomerase activity",0.0121828379677746,48,0.804896563395499,0.94706747518767,1,117831,30,77,0.786029330522317,0.976778675662653,0.998288097223011
"GO:0008327","methyl-CpG binding",0.00319584164255211,10,0.639237217546866,0.94875360540772,1,49442,4,9,0.896655680743977,0.737603949371844,0.953930939408535
"GO:0005544","calcium-dependent phospholipid binding",0.00664264704772132,24,0.738103676307007,0.949345194245438,1,129781,14,36,0.78457372065098,0.927200957794945,0.986024184642401
"GO:0004181","metallocarboxypeptidase activity",0.00398899694336661,13,0.665774186544159,0.952121749951288,1,118885,6,11,1.10044106273124,0.488270688468038,0.861329760792963
"GO:0008235","metalloexopeptidase activity",0.00717786101549044,26,0.739989584464134,0.954109305846217,1,121992,14,30,0.941488464781176,0.691339767971815,0.953930939408535
"GO:0140662","ATP-dependent protein folding chaperone",0.00190441918131823,5,0.536357998109252,0.955121820631813,1,85843,4,13,0.620761625130446,0.950877375413491,0.990011558114396
"GO:0008238","exopeptidase activity",0.00884836000786063,33,0.761900852555597,0.955463766129744,1,106778,21,43,0.985278625933789,0.597908836479402,0.947903888429838
"GO:0035673","oligopeptide transmembrane transporter activity",0.00191185429734836,5,0.534272125794001,0.95613390355246,1,101011,3,9,0.672491760557983,0.905932798302494,0.980122017453745
"GO:0051020","GTPase binding",0.0357793797466067,153,0.873586526282284,0.961489944920519,1,126766,70,156,0.9052773699819,0.897021160542606,0.980122017453745
"GO:0031267","small GTPase binding",0.0314469948290484,133,0.864012042310124,0.962795403197168,1,132981,64,140,0.922274414479519,0.842381554261316,0.967213112891734
"GO:0051018","protein kinase A binding",0.00786097659905897,28,0.727660552346627,0.967450561867433,1,180063,16,26,1.24152325026089,0.152376936186552,0.764456443568819
"GO:0061459","L-arginine transmembrane transporter activity",0.00203790811065923,5,0.501224983751737,0.970398419546137,1,105887,3,6,1.00873764083697,0.648146224805264,0.947903888429838
"GO:0003755","peptidyl-prolyl cis-trans isomerase activity",0.00421513885708311,13,0.63005544660392,0.971074832789479,1,212871,4,19,0.424731638247147,0.997539682127967,0.999999005069843
"GO:0016859","cis-trans isomerase activity",0.00421513885708311,13,0.63005544660392,0.971074832789479,1,212871,4,19,0.424731638247147,0.997539682127967,0.999999005069843
"GO:1990841","promoter-specific chromatin binding",0.0126584566209022,48,0.774654028238641,0.971697537354461,1,189241,20,33,1.2227122919236,0.136390028275189,0.723876831839906
"GO:0017128","phospholipid scramblase activity",0.00267973020366041,7,0.53364724611471,0.975970660692056,1,343961,3,7,0.864632263574549,0.766363301351662,0.953930939408535
"GO:0043024","ribosomal small subunit binding",0.00211958000059023,5,0.481911727497083,0.977200999213907,1,81159,5,10,1.00873764083697,0.612408767834033,0.947903888429838
"GO:0051139","metal cation:proton antiporter activity",0.00301362410661362,8,0.542310745344018,0.979383395890651,1,212095,4,12,0.672491760557983,0.922864452067414,0.985601748766555
"GO:0004252","serine-type endopeptidase activity",0.0182304469602844,71,0.795624844452097,0.980283734164948,1,95080,41,81,1.02119119195842,0.468691676738149,0.861329760792963
"GO:0070513","death domain binding",0.00219038518247719,5,0.46633371510371,0.981886885561497,1,260995,2,5,0.806990112669579,0.807110618204361,0.953930939408535
"GO:0140359","ABC-type transporter activity",0.00363943210354989,10,0.561324091556145,0.983151931377979,1,33160,7,23,0.614014216161636,0.980929159675442,0.998288097223011
"GO:0016620","oxidoreductase activity, acting on the aldehyde or oxo group of donors, NAD or NADP as acceptor",0.004479371442154,13,0.592889254528969,0.984496363773133,1,98421,10,21,0.960702515082832,0.653674791606518,0.948985747521551
"GO:0004993","G protein-coupled serotonin receptor activity",0.00225535665794051,5,0.452899746945323,0.985376287979781,1,45934,3,9,0.672491760557983,0.905932798302494,0.980122017453745
"GO:0016854","racemase and epimerase activity",0.00227228584520912,5,0.449525512737022,0.986175365544109,1,54304,5,9,1.12081960092997,0.489337938924126,0.861329760792963
"GO:0030594","neurotransmitter receptor activity",0.00934216609866193,32,0.699760941171197,0.98658705974582,1,158826,19,52,0.737154429842404,0.979083659655233,0.998288097223011
"GO:0080025","phosphatidylinositol-3,5-bisphosphate binding",0.00688011321508372,22,0.653242451391437,0.986962588392466,1,135636,10,15,1.34498352111597,0.142870065783085,0.729066558867329
"GO:0016018","cyclosporin A binding",0.00318600441211224,8,0.512968760881539,0.987382520356702,1,132591,2,10,0.40349505633479,0.98850984766949,0.99943725244815
"GO:0016878","acid-thiol ligase activity",0.00318657634411456,8,0.51287669239836,0.987403417031382,1,33771,4,15,0.537993408446386,0.981007747358988,0.998288097223011
"GO:0051539","4 iron, 4 sulfur cluster binding",0.0043059616590512,12,0.569322557253487,0.987741476172949,1,110298,8,19,0.849463276494294,0.810457437040805,0.955986004604679
"GO:0008236","serine-type peptidase activity",0.0201396703704221,77,0.781062290957547,0.989853793915685,1,118524,44,91,0.975482553776414,0.63228730289403,0.947903888429838
"GO:0008307","structural constituent of muscle",0.00909589217846383,30,0.673787973479617,0.991427514884102,1,156380,12,25,0.968388135203495,0.638929766768099,0.947903888429838
"GO:0016903","oxidoreductase activity, acting on the aldehyde or oxo group of donors",0.00472255692953958,13,0.562358746484388,0.991528092165171,1,98421,10,23,0.877163165945195,0.785853106856169,0.953930939408535
"GO:0001653","peptide receptor activity",0.0134765481570178,48,0.727628788797795,0.991529893987343,1,98572,25,64,0.788076281903886,0.965514441549202,0.991429153743903
"GO:0008528","G protein-coupled peptide receptor activity",0.0134765481570178,48,0.727628788797795,0.991529893987343,1,98572,25,64,0.788076281903886,0.965514441549202,0.991429153743903
"GO:0043022","ribosome binding",0.00686238332301187,21,0.625160637144133,0.992078057476618,1,106185,17,40,0.857426994711428,0.854214975055914,0.967213112891734
"GO:0030246","carbohydrate binding",0.0319544129015048,128,0.818326152563355,0.99208697662215,1,72648,67,138,0.979498868638801,0.627816233941306,0.947903888429838
"GO:0017171","serine hydrolase activity",0.0203419055264417,77,0.773297125886482,0.992185225362847,1,118524,44,93,0.954504434340362,0.705740325683973,0.953930939408535
"GO:0035064","methylated histone binding",0.00714331632255043,22,0.629173036658588,0.992471168030542,1,189117,13,39,0.672491760557983,0.986549073434472,0.99943725244815
"GO:0140034","methylation-dependent protein binding",0.00717465819627745,22,0.626424548671016,0.992959350623024,1,189117,13,40,0.655679466544033,0.990524946921546,0.999999005069843
"GO:1901474","azole transmembrane transporter activity",0.00247600802443477,5,0.412539236372583,0.993061245549042,1,151665,2,7,0.576421509049699,0.93468462032481,0.986642218743845
"GO:0140828","metal cation:monoatomic cation antiporter activity",0.00407890465413099,10,0.500845470177007,0.99497152732837,1,176721,6,19,0.63709745737072,0.96558028598439,0.991429153743903
"GO:0019911","structural constituent of myelin sheath",0.00764673087099067,23,0.614468090177955,0.995565505687059,1,82030,4,7,1.1528430180994,0.490523456076733,0.861329760792963
"GO:0034062","5'-3' RNA polymerase activity",0.00354563525516975,8,0.460938764939623,0.995698731085589,1,33133,4,7,1.1528430180994,0.490523456076733,0.861329760792963
"GO:0097747","RNA polymerase activity",0.00354563525516975,8,0.460938764939623,0.995698731085589,1,33133,4,7,1.1528430180994,0.490523456076733,0.861329760792963
"GO:0043325","phosphatidylinositol-3,4-bisphosphate binding",0.00554911305928945,15,0.552223633978455,0.995851408841782,1,112692,6,14,0.864632263574549,0.778561605694839,0.953930939408535
"GO:0061650","ubiquitin-like protein conjugating enzyme activity",0.00308282787889408,6,0.397602655657494,0.997405726292979,1,212922,5,15,0.672491760557983,0.936853713172246,0.986642218743845
"GO:0017022","myosin binding",0.00861924404773207,25,0.59254063001121,0.998364398900787,1,105822,14,34,0.83072511598339,0.875595522086921,0.972471270222094
"GO:0003899","DNA-directed 5'-3' RNA polymerase activity",0.00337291179046974,6,0.363407236159159,0.999052539163571,1,30115,3,6,1.00873764083697,0.648146224805264,0.947903888429838
"GO:0032036","myosin heavy chain binding",0.0040487066444086,8,0.403664893257056,0.999135726826232,1,44391,3,10,0.605242584502184,0.942303681690541,0.988283880413924
"GO:0030527","structural constituent of chromatin",0.00345309665719471,6,0.354968503134528,0.99928696009813,1,91830,6,25,0.484194067601747,0.99769778109206,0.999999005069843
"GO:0003785","actin monomer binding",0.0051091829631065,11,0.439833732215691,0.999430782995838,1,89383,6,13,0.931142437695668,0.698631052863074,0.953930939408535
"GO:0005200","structural constituent of cytoskeleton",0.017084981546042,54,0.645693700898663,0.999798067797853,1,106367,32,62,1.04127756473494,0.422304681001727,0.861329760792963
"GO:0005048","signal sequence binding",0.00717282801387004,16,0.455697733804312,0.99989376094072,1,108081,10,17,1.18675016569056,0.301612494297354,0.861329760792963
"GO:0005198","structural molecule activity",0.0830635148790398,331,0.814076078137074,0.999974971396971,1,118274,160,355,0.909284633993892,0.962882768317829,0.991429153743903
"GO:0043015","gamma-tubulin binding",0.00814408294020634,17,0.426436173147718,0.999985489039372,1,228922,12,19,1.27419491474144,0.169561303886481,0.767629941402538
"GO:0008139","nuclear localization sequence binding",0.00624572623811268,8,0.261670248284559,0.999999683588439,1,151149,4,9,0.896655680743977,0.737603949371844,0.953930939408535
"GO:0017056","structural constituent of nuclear pore",0.00629353975350646,8,0.259682277296138,0.999999736725914,1,150945,4,8,1.00873764083697,0.627263500283969,0.947903888429838
"GO:0038023","signaling receptor activity",0.138302309072512,550,0.812419917753419,0.999999971079219,1,118048,270,625,0.871549321683146,0.999595810191325,0.999999005069843
"GO:0060089","molecular transducer activity",0.138302309072512,550,0.812419917753419,0.999999971079219,1,118048,270,625,0.871549321683146,0.999595810191325,0.999999005069843
"GO:0004930","G protein-coupled receptor activity",0.0615321051741773,210,0.697211954376909,0.999999995375902,1,107308,105,282,0.751187604878598,0.999991256152905,0.999999005069843
"GO:0030247","polysaccharide binding",0.0103590611987832,16,0.315534526552715,0.999999996630876,1,102995,6,14,0.864632263574549,0.778561605694839,0.953930939408535
"GO:0004888","transmembrane signaling receptor activity",0.117394991568578,431,0.750023731384042,0.999999999985967,1,120584,219,513,0.861261377556715,0.999446257081274,0.999999005069843
"GO:0016757","glycosyltransferase activity",0.0462312083161658,127,0.561197568052889,0.999999999999918,1,116719,66,134,0.99368185515284,0.5634771949318,0.947903888429838
"GO:0008194","UDP-glycosyltransferase activity",0.0335377494567218,75,0.456851075071758,0.999999999999999,1,109763,37,73,1.02255596468406,0.470278546264966,0.861329760792963
"GO:0016758","hexosyltransferase activity",0.0381327655497445,87,0.466088355820188,1,1,97897,46,95,0.976882767968438,0.628256616331795,0.947903888429838
"GO:0042277","peptide binding",0.0564202913238602,116,0.420019998264721,1,1,118720,59,121,0.983727616683991,0.606352747028889,0.947903888429838
"GO:0140375","immune receptor activity",0.027154301992451,35,0.263315669817502,1,1,63183,27,62,0.878577945245106,0.859688097281404,0.967213112891734
"GO:0004984","olfactory receptor activity",0.0154789964835333,16,0.21116623899785,1,1,40301,17,73,0.469823010800782,0.999999005069843,0.999999005069843
"GO:0003823","antigen binding",0.0361227677207984,28,0.158352278492816,1,1,71711,16,38,0.849463276494294,0.861031587293429,0.967643248858116
"GO:0015020","glucuronosyltransferase activity",0.020969200546584,10,0.0974238819819107,1,1,173662,5,15,0.672491760557983,0.936853713172246,0.986642218743845
"GO:0023026","MHC class II protein complex binding",0.0188045523042111,7,0.0760470454376916,1,1,27647,6,17,0.712050099414335,0.923431747793055,0.985601748766555
"GO:0023023","MHC protein complex binding",0.0191981559082063,7,0.0744879169828244,1,1,27647,6,19,0.63709745737072,0.96558028598439,0.991429153743903
"GO:0042605","peptide antigen binding",0.0329657030680034,8,0.0495763955670221,1,1,37058,7,23,0.614014216161636,0.980929159675442,0.998288097223011
