"id","description","genome_fraction","observed_region_hits","fold_enrichment","p_value","p_adjust","mean_tss_dist","observed_gene_hits","gene_set_size","fold_enrichment_hyper","p_value_hyper","p_adjust_hyper"
"GO:0005488","binding",0.922751009459768,9308,1.025333217671,0,0,138230,6918,7079,1.00300911905073,8.31433408682303e-05,0.0391344484424061
"GO:0003674","molecular_function",0.950182487440031,9535,1.02001570218016,0,0,138975,7462,7635,1.0030958634368,1.24982778348937e-07,0.000166227095204086
"GO:0005515","protein binding",0.867548541982907,8778,1.02847792382627,5.97299987248334e-14,2.64802994346761e-11,135738,6183,6321,1.00394447110655,8.82731919753521e-05,0.0391344484424061
"GO:0032559","adenyl ribonucleotide binding",0.110491567065602,1276,1.17385572688186,1.58325286214733e-09,4.48710839595634e-07,134124,663,677,1.00512736242682,0.237250809103594,0.999997584339008
"GO:0030554","adenyl nucleotide binding",0.115265644146861,1326,1.16932927913945,1.68688285562268e-09,4.48710839595634e-07,132701,699,714,1.0047897592847,0.246861948792294,0.999997584339008
"GO:0003824","catalytic activity",0.395796075565332,4179,1.07323312652743,2.50803844359382e-09,5.55948521663296e-07,132979,2376,2435,1.00148328894323,0.325387762751424,0.999997584339008
"GO:0005524","ATP binding",0.107774800229993,1240,1.1694930369771,6.12786754672356e-09,1.16429483387748e-06,134665,643,655,1.00754838005684,0.130796269645108,0.999997584339008
"GO:1901363","heterocyclic compound binding",0.160191276146334,1763,1.11868195553455,2.17690372172896e-07,3.6191024373744e-05,127032,947,968,1.00408587542183,0.23798876728835,0.999997584339008
"GO:0097367","carbohydrate derivative binding",0.175219518619629,1910,1.1080109852088,5.83691724731494e-07,8.62566659880986e-05,140030,989,1007,1.00800586077692,0.0539394103460993,0.999997584339008
"GO:1901265","nucleoside phosphate binding",0.152430415320012,1674,1.11628991841327,7.65485634324214e-07,8.91728268819054e-05,129343,891,910,1.00492244858932,0.197172397639861,0.999997584339008
"GO:0032553","ribonucleotide binding",0.13868438207892,1532,1.12285684612156,7.95957116883628e-07,8.91728268819054e-05,132050,801,818,1.00502172225,0.210126122988702,0.999997584339008
"GO:0000166","nucleotide binding",0.151608219903066,1665,1.1163096295445,8.23610854849832e-07,8.91728268819054e-05,129719,887,906,1.00482783789309,0.203421673009196,0.999997584339008
"GO:0017076","purine nucleotide binding",0.143107207778214,1577,1.12011694437358,8.71614097341933e-07,8.91728268819054e-05,131066,831,849,1.00459166306136,0.228687831438821,0.999997584339008
"GO:0032555","purine ribonucleotide binding",0.138333130696955,1527,1.12203398928859,9.65371897310163e-07,9.17103302444655e-05,132178,795,812,1.00486411105022,0.220383481468991,0.999997584339008
"GO:0035639","purine ribonucleoside triphosphate binding",0.134283146937103,1483,1.12256842481155,1.30862118674635e-06,0.000116031078558176,132147,771,786,1.00676490542227,0.131547878972937,0.999997584339008
"GO:0098772","molecular function regulator activity",0.189866013048523,2050,1.09748807998518,1.96103540872627e-06,0.000163011068350372,129662,984,1002,1.00791431431729,0.0568620889029232,0.999997584339008
"GO:0140096","catalytic activity, acting on a protein",0.19650645888274,2112,1.0924718772969,3.81402516858032e-06,0.000298391380835989,146908,1053,1081,0.999767266572339,0.57031424498406,0.999997584339008
"GO:0016740","transferase activity",0.184145729785807,1977,1.09128503272702,1.10314476233775e-05,0.000815101407727337,139658,1004,1024,1.00630583825357,0.107938675552241,0.999997584339008
"GO:0043168","anion binding",0.187004859359783,1996,1.08492777298597,3.33637097659212e-05,0.00233545968361448,128571,1042,1064,1.00513021210578,0.158282643951768,0.999997584339008
"GO:0036094","small molecule binding",0.477213662990559,4883,1.04008069791641,7.6380945407184e-05,0.00493365627152261,140666,2708,2769,1.00374163836904,0.077423065771953,0.999997584339008
"GO:0030234","enzyme regulator activity",0.122278122274614,1328,1.103932440416,7.78998358661465e-05,0.00493365627152261,119573,611,623,1.00658255578822,0.17968062002547,0.999997584339008
"GO:0071889","14-3-3 protein binding",0.00519657730289946,80,1.56482500274903,0.000107956446067314,0.00652645787588764,202418,22,22,1.02635177128651,0.563848030616973,0.999997584339008
"GO:0043167","ion binding",0.467118458077952,4778,1.03971018542214,0.000118832220835641,0.00687160233527835,141933,2637,2696,1.00389080893269,0.0732352149270432,0.999997584339008
"GO:0140677","molecular function activator activity",0.0979311253120004,1072,1.11267216106831,0.000152258539012462,0.00843766070360727,142983,505,511,1.01430067416769,0.0198707272977634,0.999997584339008
"GO:0097159","organic cyclic compound binding",0.484580496142914,4944,1.03706436991148,0.000189946241123451,0.0101051400277676,139549,2573,2631,1.0037260005778,0.0869888935014789,0.999997584339008
"GO:0045296","cadherin binding",0.0364551165370581,426,1.18780265034825,0.000228686047523796,0.011528293231067,141711,181,184,1.00961777501554,0.299373463220501,0.999997584339008
"GO:0022836","gated channel activity",0.0204002430557008,252,1.25562045122652,0.000234033020480306,0.011528293231067,176551,134,136,1.01125836288524,0.316478963338082,0.999997584339008
"GO:0005261","monoatomic cation channel activity",0.0235547584441682,286,1.23418584184856,0.000268713679407839,0.0127638997718724,173161,149,151,1.01275770809067,0.250223033639335,0.999997584339008
"GO:0140993","histone modifying activity",0.0394432496919635,455,1.17255140007777,0.000386960112948476,0.0177467913869473,152793,200,205,1.00131880125514,0.568729927050337,0.999997584339008
"GO:0016881","acid-amino acid ligase activity",0.00118775054323867,25,2.13947862899998,0.000469353021720464,0.0208079839629406,144940,11,12,0.940822457012637,0.963441473133089,0.999997584339008
"GO:0005154","epidermal growth factor receptor binding",0.00205488130793438,37,1.83024051226934,0.000505284704334086,0.0216783437665914,113159,16,16,1.02635177128651,0.659316108991217,0.999997584339008
"GO:0016301","kinase activity",0.0616998758677886,686,1.13014197939148,0.000613988484403305,0.0254924399173163,139138,338,343,1.01139037520362,0.119462310615602,0.999997584339008
"GO:0019901","protein kinase binding",0.0710690982852104,783,1.1198868333595,0.000645820895613936,0.0254924399173163,133910,340,346,1.00855376369195,0.208239173578224,0.999997584339008
"GO:0140657","ATP-dependent activity",0.0375543457946384,432,1.16927517093543,0.000651686433976506,0.0254924399173163,123044,226,230,1.00850217526414,0.290810367691434,0.999997584339008
"GO:0016772","transferase activity, transferring phosphorus-containing groups",0.0722067857232978,794,1.11772681829803,0.000716284351268026,0.027218805348185,131878,399,407,1.00617778069611,0.274932167383816,0.999997584339008
"GO:0005216","monoatomic ion channel activity",0.0316607983081639,368,1.18146031759763,0.000823872698040629,0.0298364026508938,173711,195,199,1.005721584929,0.416740859655984,0.999997584339008
"GO:0030695","GTPase regulator activity",0.0547320632058172,611,1.13473009223784,0.000855452856596717,0.0298364026508938,126307,243,249,1.00162040330371,0.541712098788992,0.999997584339008
"GO:0060589","nucleoside-triphosphatase regulator activity",0.0547320632058172,611,1.13473009223784,0.000855452856596717,0.0298364026508938,126307,243,249,1.00162040330371,0.541712098788992,0.999997584339008
"GO:0016773","phosphotransferase activity, alcohol group as acceptor",0.0581978874449154,647,1.13003069971714,0.000874902032620195,0.0298364026508938,139303,320,324,1.01368076176446,0.0759939496428013,0.999997584339008
"GO:0030291","protein serine/threonine kinase inhibitor activity",0.00266306032388265,44,1.67944139704716,0.0009089130701182,0.0301683024207263,105460,20,21,0.977477877415727,0.899813738648131,0.999997584339008
"GO:0015276","ligand-gated monoatomic ion channel activity",0.0100103270335235,131,1.33019775792943,0.000952683234338725,0.0301683024207263,165435,75,76,1.01284714271695,0.414710982310685,0.999997584339008
"GO:0022834","ligand-gated channel activity",0.0100103270335235,131,1.33019775792943,0.000952683234338725,0.0301683024207263,165435,75,76,1.01284714271695,0.414710982310685,0.999997584339008
"GO:0019900","kinase binding",0.0787875876424825,858,1.10693639378343,0.00118078681494937,0.036522010787969,133739,376,383,1.00759338382175,0.225761973470885,0.999997584339008
"GO:0032813","tumor necrosis factor receptor superfamily binding",0.00142416714761882,27,1.92706330906334,0.00131178423831502,0.0396516599308857,84789,16,16,1.02635177128651,0.659316108991217,0.999997584339008
"GO:0004672","protein kinase activity",0.0495114664077239,553,1.13530493017717,0.00141559225409993,0.0418386155100646,140087,273,277,1.01153080708021,0.154957216263774,0.999997584339008
"GO:0008047","enzyme activator activity",0.0566625289262867,627,1.1247727052789,0.00152805129441869,0.0441806135125403,134217,287,291,1.01224384315886,0.126316787659802,0.999997584339008
"GO:0016278","lysine N-methyltransferase activity",0.00420503095073885,62,1.49870333782477,0.00159925515333326,0.0452555181687922,158252,31,32,0.99427827843381,0.802019414685863,0.999997584339008
"GO:0061629","RNA polymerase II-specific DNA-binding transcription factor binding",0.0398170362182951,450,1.14877973384024,0.00174550048708633,0.0480800307557749,138829,167,170,1.00823968120499,0.360004543785144,0.999997584339008
"GO:0090079","translation regulator activity, nucleic acid binding",0.00591014522753546,82,1.4102914774022,0.00177136955416013,0.0480800307557749,108471,44,44,1.02635177128651,0.317431296120953,0.999997584339008
"GO:0030331","nuclear estrogen receptor binding",0.00168446830620862,30,1.81030433957778,0.00187833900800449,0.0498901861294885,81118,19,19,1.02635177128651,0.609725197369245,0.999997584339008
"GO:0004860","protein kinase inhibitor activity",0.00482441006837865,69,1.45377788272498,0.0019130823252661,0.0498901861294885,112754,34,35,0.997027434964042,0.773592147472508,0.999997584339008
"GO:0016279","protein-lysine N-methyltransferase activity",0.00416522336038945,61,1.48862298822681,0.00200796685576199,0.0513576138108355,160832,30,31,0.99324364963211,0.81139629433357,0.999997584339008
"GO:0099094","ligand-gated monoatomic cation channel activity",0.00729180596512018,97,1.35216538043815,0.00251040681954351,0.0629970013206201,151658,58,58,1.02635177128651,0.2200474627217,0.999997584339008
"GO:0015267","channel activity",0.0373511246723802,421,1.14570179709602,0.00283273482995017,0.0675214328263664,168639,222,226,1.00818625321065,0.305449284075695,0.999997584339008
"GO:0022803","passive transmembrane transporter activity",0.0373511246723802,421,1.14570179709602,0.00283273482995017,0.0675214328263664,168639,222,226,1.00818625321065,0.305449284075695,0.999997584339008
"GO:0005245","voltage-gated calcium channel activity",0.00332643020238314,50,1.5278642564162,0.00292515167310148,0.0675214328263664,161429,24,24,1.02635177128651,0.535188843474866,0.999997584339008
"GO:0060090","molecular adaptor activity",0.128417127411412,1356,1.07332172618085,0.00295929562385056,0.0675214328263664,151641,577,588,1.00715131298013,0.165302827101549,0.999997584339008
"GO:0005244","voltage-gated monoatomic ion channel activity",0.0112534033802986,141,1.27358638567614,0.00299531168177114,0.0675214328263664,171518,74,75,1.01266708100269,0.421959008515937,0.999997584339008
"GO:0022832","voltage-gated channel activity",0.0112534033802986,141,1.27358638567614,0.00299531168177114,0.0675214328263664,171518,74,75,1.01266708100269,0.421959008515937,0.999997584339008
"GO:0003743","translation initiation factor activity",0.00252609522488387,40,1.6095462301246,0.00308619416995115,0.0684106374339172,93984,17,17,1.02635177128651,0.642355180086213,0.999997584339008
"GO:0051082","unfolded protein binding",0.00630700666217133,85,1.36989984882767,0.00317188662837353,0.0691575281268327,132608,44,44,1.02635177128651,0.317431296120953,0.999997584339008
"GO:0017069","snRNA binding",0.00198390235022664,33,1.69077894014721,0.00329158783062766,0.0706098679795934,38975,19,19,1.02635177128651,0.609725197369245,0.999997584339008
"GO:0004674","protein serine/threonine kinase activity",0.0351870761081995,397,1.14683386334596,0.00345069029742939,0.072847906279065,131007,202,206,1.00642261067901,0.385887011838331,0.999997584339008
"GO:0016747","acyltransferase activity, transferring groups other than amino-acyl groups",0.0132182790517481,162,1.24575683963337,0.00356969238687932,0.0741826699148359,120623,94,97,0.994608932999302,0.761729026248886,0.999997584339008
"GO:0016787","hydrolase activity",0.186932665933217,1944,1.05707120505823,0.0036287272992459,0.0742493431999546,136536,995,1022,0.999236802769159,0.613877516644307,0.999997584339008
"GO:0106310","protein serine kinase activity",0.0303140872854961,345,1.15682530510498,0.00384050033980232,0.0773919007869256,131754,173,176,1.0088571388214,0.333087742289631,0.999997584339008
"GO:0022843","voltage-gated monoatomic cation channel activity",0.00999831728592659,126,1.28096366909584,0.00398701578590488,0.0791452387351267,179239,62,62,1.02635177128651,0.198152300653795,0.999997584339008
"GO:0042054","histone methyltransferase activity",0.00524326688344486,72,1.39580167207841,0.0040495616305638,0.0792046613036744,177022,35,35,1.02635177128651,0.401610180377311,0.999997584339008
"GO:0019210","kinase inhibitor activity",0.00533583639863024,73,1.3906362198669,0.00416496662184618,0.0802812406819625,114030,36,37,0.998612534224716,0.754477978495295,0.999997584339008
"GO:0050839","cell adhesion molecule binding",0.0590840448883883,644,1.10792109048446,0.00433797153816373,0.0824214592251109,150797,299,306,1.00287313599565,0.46930524559588,0.999997584339008
"GO:0070851","growth factor receptor binding",0.0108588359423948,135,1.26369910674991,0.00462005128995058,0.0865446227554122,136783,63,63,1.02635177128651,0.193026213071292,0.999997584339008
"GO:0003723","RNA binding",0.1337516144002,1403,1.06623226406016,0.00543296775027957,0.0980836753421384,124589,690,702,1.00880729656367,0.0785870090606224,0.999997584339008
"GO:0140297","DNA-binding transcription factor binding",0.0596633465337102,648,1.1039784050728,0.00549670138833669,0.0980836753421384,139559,247,252,1.00598764884035,0.367271332470923,0.999997584339008
"GO:0045505","dynein intermediate chain binding",0.00361587861356775,52,1.46178224571997,0.00566502424973847,0.0980836753421384,145976,21,21,1.02635177128651,0.578745311585418,0.999997584339008
"GO:0019902","phosphatase binding",0.0174685152322058,206,1.19868317423198,0.00579578174229733,0.0980836753421384,137182,89,89,1.02635177128651,0.0975366153644444,0.999997584339008
"GO:0044183","protein folding chaperone",0.00396375647092622,56,1.43606548645419,0.00596981558248433,0.0980836753421384,166801,25,25,1.02635177128651,0.521407714504058,0.999997584339008
"GO:0015075","monoatomic ion transmembrane transporter activity",0.0564441944137941,614,1.10571263894437,0.00605353860169044,0.0980836753421384,155759,322,328,1.00757704376298,0.255875487962167,0.999997584339008
"GO:0070739","protein-glutamic acid ligase activity",0.00064852637023461,14,2.19428774443953,0.00607616151961965,0.0980836753421384,238037,5,5,1.02635177128651,0.878021102261231,0.999997584339008
"GO:0070740","tubulin-glutamic acid ligase activity",0.00064852637023461,14,2.19428774443953,0.00607616151961965,0.0980836753421384,238037,5,5,1.02635177128651,0.878021102261231,0.999997584339008
"GO:0061733","peptide-lysine-N-acetyltransferase activity",0.00321227012972012,47,1.48723288711702,0.00609293470738659,0.0980836753421384,195743,16,16,1.02635177128651,0.659316108991217,0.999997584339008
"GO:0004402","histone acetyltransferase activity",0.00296519318758538,44,1.5083178288307,0.0061426920091685,0.0980836753421384,203562,14,14,1.02635177128651,0.694586640240878,0.999997584339008
"GO:0043021","ribonucleoprotein complex binding",0.00897074169097516,113,1.28039294865912,0.00614957745009903,0.0980836753421384,100651,72,73,1.01229215798122,0.436730069545653,0.999997584339008
"GO:0015318","inorganic molecular entity transmembrane transporter activity",0.053457950432668,583,1.10853505826493,0.00618476574815596,0.0980836753421384,156178,304,308,1.01302252750357,0.0976560844877767,0.999997584339008
"GO:0008331","high voltage-gated calcium channel activity",0.00144913122970235,25,1.75357955977817,0.00619475844266137,0.0980836753421384,222806,8,8,1.02635177128651,0.812065907466339,0.999997584339008
"GO:0000287","magnesium ion binding",0.0210962686523862,244,1.17564813902268,0.00681529709613815,0.106639354563103,110107,114,116,1.00865605109192,0.423649875798964,0.999997584339008
"GO:0120013","lipid transfer activity",0.00233650314203335,36,1.56613542507302,0.00713697853172279,0.110374202874318,86017,23,23,1.02635177128651,0.549332452901029,0.999997584339008
"GO:0008170","N-methyltransferase activity",0.00767989623578076,98,1.29707146519134,0.0072708487913149,0.111152056235044,162396,46,47,1.00451449955701,0.659046494048809,0.999997584339008
"GO:0016407","acetyltransferase activity",0.00591284404722017,78,1.34088446721595,0.00736364758870556,0.111291491965664,145653,36,37,0.998612534224716,0.754477978495295,0.999997584339008
"GO:0032266","phosphatidylinositol-3-phosphate binding",0.00487190929482945,66,1.37701262896323,0.00751146874746556,0.112250038585721,152609,26,27,0.988338742720346,0.848155346014107,0.999997584339008
"GO:0030971","receptor tyrosine kinase binding",0.00513774303377289,69,1.36511705791836,0.00768611772628414,0.113583739732866,123172,34,35,0.997027434964042,0.773592147472508,0.999997584339008
"GO:0005123","death receptor binding",0.000952683348700862,18,1.92051238563309,0.00783273700526221,0.114478463923063,105648,8,8,1.02635177128651,0.812065907466339,0.999997584339008
"GO:0008276","protein methyltransferase activity",0.00762173667157537,97,1.29363267346653,0.0080524267848745,0.116410082868294,217916,45,46,1.00403977625855,0.668483263502008,0.999997584339008
"GO:0005272","sodium channel activity",0.0016430414240484,27,1.6703536599749,0.00838684883835894,0.119940956505563,118586,17,17,1.02635177128651,0.642355180086213,0.999997584339008
"GO:0030674","protein-macromolecule adaptor activity",0.112151745994648,1179,1.0685650064772,0.00860859970058703,0.121802527678519,146728,510,519,1.00855376369195,0.133817499746756,0.999997584339008
"GO:0008324","monoatomic cation transmembrane transporter activity",0.0473410756172842,517,1.11005782792715,0.00872792296704339,0.122190921538607,152177,271,275,1.01142301824962,0.159454090372687,0.999997584339008
"GO:0005096","GTPase activator activity",0.030184408999646,338,1.13822260162026,0.00942783322893725,0.129488242196772,140438,136,138,1.01147710793454,0.3069493267965,0.999997584339008
"GO:0005230","extracellular ligand-gated monoatomic ion channel activity",0.00406482726811843,56,1.40035811835161,0.0095027873379594,0.129488242196772,193231,30,30,1.02635177128651,0.457623727530149,0.999997584339008
"GO:0004708","MAP kinase kinase activity",0.000353815260664825,9,2.58558685022304,0.0095412388987095,0.129488242196772,8115,6,6,1.02635177128651,0.855464088969983,0.999997584339008
"GO:0017162","aryl hydrocarbon receptor binding",0.000906263650123937,17,1.90672272288138,0.0101827175907614,0.136798125209219,314870,5,5,1.02635177128651,0.878021102261231,0.999997584339008
"GO:0032934","sterol binding",0.00512910681078184,68,1.34759798020219,0.0104855060840199,0.13895939555534,89956,31,32,0.99427827843381,0.802019414685863,0.999997584339008
"GO:0034212","peptide N-acetyltransferase activity",0.00348984373429203,49,1.42719488628943,0.0105525556023228,0.13895939555534,189590,17,17,1.02635177128651,0.642355180086213,0.999997584339008
"GO:0010484","histone H3 acetyltransferase activity",0.0021644533871334,33,1.54974014825713,0.0110613632036244,0.144231500596279,241302,9,9,1.02635177128651,0.791195744733539,0.999997584339008
"GO:0016746","acyltransferase activity",0.0615622360638686,661,1.09139071667058,0.0114375151085981,0.147688301887724,130437,329,338,0.999022877968233,0.631274320523392,0.999997584339008
"GO:0003727","single-stranded RNA binding",0.00947042815559829,116,1.24503499103765,0.0120036416750737,0.153508109883154,172834,46,46,1.02635177128651,0.301254287292477,0.999997584339008
"GO:0005215","transporter activity",0.0917759272570937,968,1.0721110149194,0.0126301404533196,0.159981779075381,138652,512,519,1.01250887649074,0.0389064188038701,0.999997584339008
"GO:0140678","molecular function inhibitor activity",0.0428478107242188,467,1.10785118215952,0.0135696505655711,0.169416830075973,112686,222,228,0.999342514147395,0.63046826870311,0.999997584339008
"GO:0070840","dynein complex binding",0.00139569459994519,23,1.67506097080742,0.0136297750512249,0.169416830075973,63758,14,14,1.02635177128651,0.694586640240878,0.999997584339008
"GO:0140142","nucleocytoplasmic carrier activity",0.00147827848229716,24,1.650244021612,0.014035783613916,0.170655235093141,66456,14,15,0.957928319867412,0.944681647912226,0.999997584339008
"GO:0008168","methyltransferase activity",0.0143374795749953,168,1.1910490616218,0.0141824082880201,0.170655235093141,167238,81,84,0.989696350883424,0.830809740991454,0.999997584339008
"GO:0022857","transmembrane transporter activity",0.0826514877850746,874,1.07486504283311,0.0142084181504352,0.170655235093141,139174,465,472,1.01113045264455,0.0756651460670423,0.999997584339008
"GO:1904315","transmitter-gated monoatomic ion channel activity involved in regulation of postsynaptic membrane potential",0.00338378012068312,47,1.41185112768467,0.0142587338314623,0.170655235093141,214126,23,23,1.02635177128651,0.549332452901029,0.999997584339008
"GO:0019888","protein phosphatase regulator activity",0.0116512094018242,139,1.21265419735318,0.0143709671657382,0.170655235093141,136768,57,57,1.02635177128651,0.225887480510508,0.999997584339008
"GO:0005253","monoatomic anion channel activity",0.00557252288497887,72,1.31332985689361,0.0146804492127453,0.171773828086161,176138,40,42,0.977477877415727,0.907609176149695,0.999997584339008
"GO:0005126","cytokine receptor binding",0.0137963662282119,162,1.19355787346564,0.0147555424488639,0.171773828086161,140830,92,92,1.02635177128651,0.0901364741413162,0.999997584339008
"GO:0016410","N-acyltransferase activity",0.00584240485344937,75,1.30485663057496,0.0148526242330139,0.171773828086161,137964,39,39,1.02635177128651,0.361756628310045,0.999997584339008
"GO:0019887","protein kinase regulator activity",0.017930418221243,206,1.16780406509718,0.0151193131842675,0.173350745992033,118802,105,106,1.01666920740645,0.238804762150367,0.999997584339008
"GO:0070697","activin receptor binding",0.00102474183428249,18,1.78546450389381,0.015298851811109,0.173910024861325,190259,8,8,1.02635177128651,0.812065907466339,0.999997584339008
"GO:0004709","MAP kinase kinase kinase activity",0.000879950158198063,16,1.84822606520058,0.0160553454301576,0.179770645927642,90887,12,12,1.02635177128651,0.731734618562227,0.999997584339008
"GO:0001223","transcription coactivator binding",0.00559856649493627,72,1.30722046253895,0.0160847420040522,0.179770645927642,108360,25,25,1.02635177128651,0.521407714504058,0.999997584339008
"GO:0140938","histone H3 methyltransferase activity",0.00393406945439447,53,1.36938961007102,0.0164930374322659,0.181052829264016,198474,24,24,1.02635177128651,0.535188843474866,0.999997584339008
"GO:0001784","phosphotyrosine residue binding",0.00454589187691709,60,1.34160704529502,0.0165387874172249,0.181052829264016,111642,25,25,1.02635177128651,0.521407714504058,0.999997584339008
"GO:0016874","ligase activity",0.00959093045452037,116,1.22939213142461,0.016607853511436,0.181052829264016,118486,60,62,0.99324364963211,0.787282844564751,0.999997584339008
"GO:0019207","kinase regulator activity",0.0206394934207499,234,1.15241792688821,0.0169818420457242,0.182861103060846,131261,118,119,1.01772696648579,0.185080813114689,0.999997584339008
"GO:0004857","enzyme inhibitor activity",0.0320154232147342,353,1.12074972245687,0.0170487043455225,0.182861103060846,101112,168,172,1.00248312544264,0.546265010155824,0.999997584339008
"GO:0045309","protein phosphorylated amino acid binding",0.00642359567255059,81,1.28174019476847,0.0172321761133525,0.18335035384607,110089,34,34,1.02635177128651,0.41223823658003,0.999997584339008
"GO:0042974","nuclear retinoic acid receptor binding",0.00249667809032059,36,1.46565965220729,0.017771319404689,0.186495081884527,92468,15,16,0.962204785581106,0.937821743075676,0.999997584339008
"GO:0005085","guanyl-nucleotide exchange factor activity",0.0262885278437902,293,1.13290771891079,0.0178081769919811,0.186495081884527,112430,114,118,0.991560185819174,0.813646782767874,0.999997584339008
"GO:0099095","ligand-gated monoatomic anion channel activity",0.00216580279697576,32,1.50184201509944,0.0180267604444121,0.187309307742719,191063,17,18,0.969332228437263,0.923307615648192,0.999997584339008
"GO:0022824","transmitter-gated monoatomic ion channel activity",0.00361641837750469,49,1.3772430652693,0.0186560982828279,0.190866236278162,219134,25,25,1.02635177128651,0.521407714504058,0.999997584339008
"GO:0022835","transmitter-gated channel activity",0.00361641837750469,49,1.3772430652693,0.0186560982828279,0.190866236278162,219134,25,25,1.02635177128651,0.521407714504058,0.999997584339008
"GO:0019239","deaminase activity",0.00344666261933675,47,1.38609266611153,0.0189117846017126,0.192005141376166,265557,17,17,1.02635177128651,0.642355180086213,0.999997584339008
"GO:0005254","chloride channel activity",0.00476058298283537,62,1.32380717745104,0.019130436438243,0.192753639870175,191244,32,33,0.995250202459649,0.79258718763598,0.999997584339008
"GO:0140662","ATP-dependent protein folding chaperone",0.00112945603804904,19,1.7099265326485,0.0193028179035928,0.193028179035928,49089,15,15,1.02635177128651,0.676722711121495,0.999997584339008
"GO:0070742","C2H2 zinc finger domain binding",0.000901405774691468,16,1.80423385796003,0.0195331705879975,0.193874006582364,175329,6,6,1.02635177128651,0.855464088969983,0.999997584339008
"GO:0008504","monoamine transmembrane transporter activity",0.000337892224525065,8,2.40660586485084,0.0205217201088451,0.201592441783313,60807,5,5,1.02635177128651,0.878021102261231,0.999997584339008
"GO:0008080","N-acetyltransferase activity",0.00434064663989527,57,1.33479203018012,0.020693848743353,0.201592441783313,175413,24,24,1.02635177128651,0.535188843474866,0.999997584339008
"GO:0015280","ligand-gated sodium channel activity",0.000613036891380739,12,1.98970099678181,0.0207655372363262,0.201592441783313,164388,7,7,1.02635177128651,0.833483918461968,0.999997584339008
"GO:0008135","translation factor activity, RNA binding",0.00416792218007416,55,1.34133195076917,0.0209378516317896,0.201792338190436,87659,30,30,1.02635177128651,0.457623727530149,0.999997584339008
"GO:0005262","calcium channel activity",0.0105181099572008,125,1.20799597750095,0.0212313888350399,0.203149260076281,167189,65,66,1.01080098687308,0.491276575349508,0.999997584339008
"GO:0046975","histone H3K36 methyltransferase activity",0.000837443748163959,15,1.82065977045999,0.0216243310347344,0.205431144829977,227973,9,9,1.02635177128651,0.791195744733539,0.999997584339008
"GO:0016741","transferase activity, transferring one-carbon groups",0.0153156667697166,176,1.1680728806677,0.0227858648119297,0.214930497871393,160722,86,89,0.991755644164496,0.805099815710639,0.999997584339008
"GO:0061631","ubiquitin conjugating enzyme activity",0.00163251602727805,25,1.55659537877813,0.0231050056449813,0.216406038787501,188141,14,16,0.898057799875699,0.992700981768075,0.999997584339008
"GO:0015190","L-leucine transmembrane transporter activity",0.000774561249510333,14,1.83723813584954,0.0241652065610909,0.223192532821187,45825,5,5,1.02635177128651,0.878021102261231,0.999997584339008
"GO:0015658","branched-chain amino acid transmembrane transporter activity",0.000774561249510333,14,1.83723813584954,0.0241652065610909,0.223192532821187,45825,5,5,1.02635177128651,0.878021102261231,0.999997584339008
"GO:0046873","metal ion transmembrane transporter activity",0.0327799988314111,358,1.11011322026501,0.025125097733592,0.230082152179546,159200,194,197,1.01072204888114,0.249924523063005,0.999997584339008
"GO:0008509","monoatomic anion transmembrane transporter activity",0.00883350671000791,106,1.21973617341391,0.0252571385099352,0.230082152179546,149188,58,61,0.975875454665865,0.928997761281381,0.999997584339008
"GO:0042800","histone H3K4 methyltransferase activity",0.00116602504477679,19,1.6562996271575,0.0255397182673882,0.231073641466846,202100,11,11,1.02635177128651,0.751043523109799,0.999997584339008
"GO:0016298","lipase activity",0.00764953451432783,93,1.23577988498347,0.0259137415821938,0.232873488542688,78310,56,58,0.990960330897323,0.813731434068763,0.999997584339008
"GO:0030020","extracellular matrix structural constituent conferring tensile strength",0.0039644311758474,52,1.33326243426639,0.026433511247453,0.235648748247489,126214,22,23,0.981727781230578,0.883190740367739,0.999997584339008
"GO:0003725","double-stranded RNA binding",0.00720166538765104,88,1.24206097062811,0.0265769264940777,0.235648748247489,206327,34,34,1.02635177128651,0.41223823658003,0.999997584339008
"GO:0019903","protein phosphatase binding",0.0126724427705165,147,1.17909874719311,0.0268759609750194,0.236722040375999,144495,67,67,1.02635177128651,0.173808454196782,0.999997584339008
"GO:0042834","peptidoglycan binding",0.000228994850247219,6,2.6632915817265,0.0274940352279033,0.240572808244154,87256,5,5,1.02635177128651,0.878021102261231,0.999997584339008
"GO:0061608","nuclear import signal receptor activity",0.000789674639744681,14,1.80207568348879,0.0277642002567187,0.241348930336182,62710,8,8,1.02635177128651,0.812065907466339,0.999997584339008
"GO:0016887","ATP hydrolysis activity",0.0284335497291937,312,1.11536418287547,0.0285391580588337,0.246280349874983,125654,159,161,1.01360205984196,0.21252079773537,0.999997584339008
"GO:0008134","transcription factor binding",0.0738801888687992,777,1.06902091860747,0.0287018452861822,0.246280349874983,133620,296,301,1.00930273854089,0.208746629567933,0.999997584339008
"GO:0015085","calcium ion transmembrane transporter activity",0.0121477922238099,141,1.17981778693736,0.0290953319920978,0.248056356086475,155018,75,76,1.01284714271695,0.414710982310685,0.999997584339008
"GO:0004620","phospholipase activity",0.00578397540727551,72,1.26531670135731,0.029575914495229,0.250547555914997,91633,43,45,0.980736137007113,0.891853294096013,0.999997584339008
"GO:1901505","carbohydrate derivative transmembrane transporter activity",0.00277600592768756,38,1.39141406555201,0.030240276936552,0.254129850077538,104418,20,20,1.02635177128651,0.59403428430269,0.999997584339008
"GO:0005310","dicarboxylic acid transmembrane transporter activity",0.00176205937214389,26,1.49984366121582,0.0307051072907513,0.254129850077538,168278,13,13,1.02635177128651,0.712919853354805,0.999997584339008
"GO:0001221","transcription coregulator binding",0.0162302967608631,184,1.15235036597595,0.0307558632274711,0.254129850077538,114234,64,64,1.02635177128651,0.188032125059197,0.999997584339008
"GO:0030275","LRR domain binding",0.00103337805727354,17,1.67217939499495,0.0307630871146494,0.254129850077538,131468,9,9,1.02635177128651,0.791195744733539,0.999997584339008
"GO:0005248","voltage-gated sodium channel activity",0.000506568454819127,10,2.00657335028853,0.031201516243463,0.25491532627157,92699,5,5,1.02635177128651,0.878021102261231,0.999997584339008
"GO:0120015","sterol transfer activity",0.00103540217203707,17,1.66891044009792,0.0312415023926811,0.25491532627157,82619,11,11,1.02635177128651,0.751043523109799,0.999997584339008
"GO:0016879","ligase activity, forming carbon-nitrogen bonds",0.00374771595516559,49,1.32899269611556,0.0317416100033296,0.256061286206554,140925,24,26,0.947401635033705,0.971905990262652,0.999997584339008
"GO:0016814","hydrolase activity, acting on carbon-nitrogen (but not peptide) bonds, in cyclic amidines",0.00348485091787532,46,1.34173518846553,0.0318882406176653,0.256061286206554,277394,16,16,1.02635177128651,0.659316108991217,0.999997584339008
"GO:0035254","glutamate receptor binding",0.00410355533059394,53,1.31283080210492,0.0319595289551037,0.256061286206554,127472,23,23,1.02635177128651,0.549332452901029,0.999997584339008
"GO:0005231","excitatory extracellular ligand-gated monoatomic ion channel activity",0.00127964535350287,20,1.58866948370413,0.032442276455354,0.256696845961863,80069,14,14,1.02635177128651,0.694586640240878,0.999997584339008
"GO:0008757","S-adenosylmethionine-dependent methyltransferase activity",0.0117310944644914,136,1.17840223678577,0.0324771445090044,0.256696845961863,145424,70,71,1.011896112536,0.451865964029871,0.999997584339008
"GO:1990782","protein tyrosine kinase binding",0.00967864209427328,114,1.19724657329533,0.0326178699004172,0.256696845961863,122934,54,56,0.989696350883424,0.826607856039997,0.999997584339008
"GO:0008494","translation activator activity",0.000885617679535943,15,1.72162342457332,0.032822738460632,0.256789659721415,167013,5,5,1.02635177128651,0.878021102261231,0.999997584339008
"GO:0140776","protein-containing complex destabilizing activity",0.00194598393365653,28,1.46255417790394,0.0337044997380541,0.258295636896889,156788,9,9,1.02635177128651,0.791195744733539,0.999997584339008
"GO:0003756","protein disulfide isomerase activity",0.000586453517486395,11,1.906567876825,0.0337746417400703,0.258295636896889,132034,8,8,1.02635177128651,0.812065907466339,0.999997584339008
"GO:0016864","intramolecular oxidoreductase activity, transposing S-S bonds",0.000586453517486395,11,1.906567876825,0.0337746417400703,0.258295636896889,132034,8,8,1.02635177128651,0.812065907466339,0.999997584339008
"GO:0005229","intracellularly calcium-gated chloride channel activity",0.000813694134938555,14,1.74888008288165,0.0342722853252075,0.258295636896889,98289,8,9,0.912312685588012,0.979027209328735,0.999997584339008
"GO:0141147","intracellularly calcium-gated channel activity",0.000813694134938555,14,1.74888008288165,0.0342722853252075,0.258295636896889,98289,8,9,0.912312685588012,0.979027209328735,0.999997584339008
"GO:0022890","inorganic cation transmembrane transporter activity",0.0468583917166747,500,1.08461550247273,0.034331609183937,0.258295636896889,153902,255,259,1.01050077867977,0.199349978947142,0.999997584339008
"GO:0008142","oxysterol binding",0.00145196499037129,22,1.5401382886025,0.0345557717139652,0.258295636896889,138133,9,9,1.02635177128651,0.791195744733539,0.999997584339008
"GO:0120014","phospholipid transfer activity",0.000662965055547781,12,1.83985581688983,0.03456888975011,0.258295636896889,127674,7,7,1.02635177128651,0.833483918461968,0.999997584339008
"GO:0140463","chromatin-protein adaptor activity",0.00263985047459419,36,1.38616954890044,0.0356416415971167,0.264823370526063,203281,15,15,1.02635177128651,0.676722711121495,0.999997584339008
"GO:0008569","minus-end-directed microtubule motor activity",0.00187446521201185,27,1.46412973607764,0.0360495364825796,0.266366019565727,105592,12,12,1.02635177128651,0.731734618562227,0.999997584339008
"GO:0030545","signaling receptor regulator activity",0.0417344126632938,447,1.08869542761437,0.0364100275846099,0.267270910196183,149306,226,228,1.01734868557347,0.0638071913370126,0.999997584339008
"GO:0030546","signaling receptor activator activity",0.0385214678286525,414,1.092422648971,0.0366271222384225,0.267270910196183,150380,211,213,1.01671466545284,0.0847186685624275,0.999997584339008
"GO:0036002","pre-mRNA binding",0.00405349222544266,52,1.30396874251181,0.0367748695984221,0.267270910196183,200934,19,19,1.02635177128651,0.609725197369245,0.999997584339008
"GO:0140492","metal-dependent deubiquitinase activity",0.000312253437520368,7,2.27868342691797,0.0372422231135259,0.267861851371529,28056,5,5,1.02635177128651,0.878021102261231,0.999997584339008
"GO:0097718","disordered domain specific binding",0.000670926573617661,12,1.81802325590904,0.037258979326115,0.267861851371529,61821,8,9,0.912312685588012,0.979027209328735,0.999997584339008
"GO:0005496","steroid binding",0.00862259395164822,102,1.20241786007962,0.0374913382289515,0.267991137114242,116546,47,48,1.00496944271804,0.649651203802549,0.999997584339008
"GO:0019838","growth factor binding",0.0134047674919612,153,1.1601798733802,0.0376799568724535,0.267991137114242,134303,70,71,1.011896112536,0.451865964029871,0.999997584339008
"GO:0008568","microtubule severing ATPase activity",0.00155276590559502,23,1.5056188077745,0.0386166464251504,0.273192232688564,170168,6,6,1.02635177128651,0.855464088969983,0.999997584339008
"GO:0046966","nuclear thyroid hormone receptor binding",0.00106643859841118,17,1.62034035263461,0.039282005279103,0.275443504033976,79352,10,11,0.933047064805921,0.969019067091385,0.999997584339008
"GO:0099529","neurotransmitter receptor activity involved in regulation of postsynaptic membrane potential",0.00398332291364033,51,1.30142109897401,0.0393490720048537,0.275443504033976,201233,24,24,1.02635177128651,0.535188843474866,0.999997584339008
"GO:0000295","adenine nucleotide transmembrane transporter activity",0.00083231599076302,14,1.709751442895,0.0400260236942938,0.27871524352571,62455,5,5,1.02635177128651,0.878021102261231,0.999997584339008
"GO:0001055","RNA polymerase II activity",0.000388360152629048,8,2.0938641715033,0.0411352409480206,0.284060652745196,20169,5,5,1.02635177128651,0.878021102261231,0.999997584339008
"GO:0005484","SNAP receptor activity",0.00337433425178665,44,1.32543293492465,0.0412208315637765,0.284060652745196,217279,14,14,1.02635177128651,0.694586640240878,0.999997584339008
"GO:0019200","carbohydrate kinase activity",0.00190887516299184,27,1.43773689833553,0.0432012932045758,0.295313214816589,207628,10,10,1.02635177128651,0.770859481653579,0.999997584339008
"GO:0015173","aromatic amino acid transmembrane transporter activity",0.00132444576026898,20,1.53493150422478,0.0433775568114163,0.295313214816589,135439,6,6,1.02635177128651,0.855464088969983,0.999997584339008
"GO:0015101","organic cation transmembrane transporter activity",0.00527565271966132,65,1.2523633190196,0.0435198421834974,0.295313214816589,87867,38,38,1.02635177128651,0.37133479806173,0.999997584339008
"GO:0061650","ubiquitin-like protein conjugating enzyme activity",0.00208294903265531,29,1.41518278279678,0.0440020430487535,0.296204299688178,174785,17,19,0.918314742730038,0.988064100067685,0.999997584339008
"GO:0004386","helicase activity",0.0092530382299953,108,1.18640394124948,0.0443179836181855,0.296204299688178,104448,58,59,1.00895597855284,0.550051560980759,0.999997584339008
"GO:0001540","amyloid-beta binding",0.00860005880728093,101,1.19374931283389,0.0443192899533439,0.296204299688178,144539,41,41,1.02635177128651,0.343331772303089,0.999997584339008
"GO:0030159","signaling receptor complex adaptor activity",0.00628986915717346,76,1.22818888511696,0.0446493141406848,0.296392415151076,191002,26,26,1.02635177128651,0.50797981903821,0.999997584339008
"GO:0015108","chloride transmembrane transporter activity",0.007304895240591,87,1.2105937914389,0.0447931394326062,0.296392415151076,165923,48,50,0.985297700435053,0.863509167512509,0.999997584339008
"GO:0043560","insulin receptor substrate binding",0.00108816409687305,17,1.58798980739972,0.0457365048240714,0.299770301588846,175996,9,9,1.02635177128651,0.791195744733539,0.999997584339008
"GO:0019899","enzyme binding",0.200585185072235,2041,1.03427810959703,0.0459067607104261,0.299770301588846,128465,951,974,1.00211553849433,0.381531589084702,0.999997584339008
"GO:0015297","antiporter activity",0.00898909366483115,105,1.18731669666476,0.0459798056572365,0.299770301588846,103927,54,54,1.02635177128651,0.244349310959095,0.999997584339008
"GO:0106222","lncRNA binding",0.000851882433477131,14,1.67048105493052,0.0467772631794418,0.303481756237354,77860,11,11,1.02635177128651,0.751043523109799,0.999997584339008
"GO:0140097","catalytic activity, acting on DNA",0.0175264049144427,195,1.1309279881829,0.0470247515235667,0.303484924204767,133395,98,100,1.00582473586078,0.523902353411211,0.999997584339008
"GO:0047498","calcium-dependent phospholipase A2 activity",0.000197013836983464,5,2.57968368389833,0.0472341197822457,0.303484924204767,30099,5,5,1.02635177128651,0.878021102261231,0.999997584339008
"GO:0043548","phosphatidylinositol 3-kinase binding",0.00201520865856922,28,1.41231376721259,0.0480117487139645,0.306998200911408,192641,9,9,1.02635177128651,0.791195744733539,0.999997584339008
"GO:0016810","hydrolase activity, acting on carbon-nitrogen (but not peptide) bonds",0.013919162523866,157,1.1465149665985,0.0484725459794407,0.308461656232805,168109,63,65,0.99477171678539,0.766944027848387,0.999997584339008
"GO:1901681","sulfur compound binding",0.0281690654000926,305,1.10057738112864,0.0492914210782409,0.312179000162192,159937,139,141,1.01179359013351,0.29306014713351,0.999997584339008
"GO:0022848","acetylcholine-gated monoatomic cation-selective channel activity",0.000626665930788499,11,1.78422566595208,0.0497668920116635,0.312820554112438,96238,7,7,1.02635177128651,0.833483918461968,0.999997584339008
"GO:0005509","calcium ion binding",0.0568650753436238,598,1.06892872246448,0.0498631259186744,0.312820554112438,186603,286,298,0.985022169758197,0.956885214118808,0.999997584339008
"GO:0016798","hydrolase activity, acting on glycosyl bonds",0.00894496796298623,104,1.18181019358895,0.0513719438354771,0.320773170428096,114941,47,48,1.00496944271804,0.649651203802549,0.999997584339008
"GO:0005539","glycosaminoglycan binding",0.0262699059879657,285,1.10275623814842,0.0519161256798951,0.321435308285209,198025,132,132,1.02635177128651,0.0313893804193648,0.999997584339008
"GO:0046965","nuclear retinoid X receptor binding",0.00229210755821995,31,1.37473782565923,0.052262230554142,0.321435308285209,92713,11,12,0.940822457012637,0.963441473133089,0.999997584339008
"GO:0003774","cytoskeletal motor activity",0.0102703583101448,118,1.16785679953227,0.0525671080883874,0.321435308285209,156509,54,55,1.0076908299904,0.585360027996731,0.999997584339008
"GO:0015932","nucleobase-containing compound transmembrane transporter activity",0.00326246817585563,42,1.30856767586256,0.0528007457151747,0.321435308285209,79289,20,20,1.02635177128651,0.59403428430269,0.999997584339008
"GO:0004697","diacylglycerol-dependent serine/threonine kinase activity",0.00152415841693714,22,1.46718795797812,0.0528109827140419,0.321435308285209,256288,9,9,1.02635177128651,0.791195744733539,0.999997584339008
"GO:0140566","histone reader activity",0.00212167709513083,29,1.38935072411442,0.0529280695597449,0.321435308285209,256071,9,9,1.02635177128651,0.791195744733539,0.999997584339008
"GO:0005326","neurotransmitter transmembrane transporter activity",0.00094877006015804,15,1.60702809493311,0.0532266646338841,0.3217793816503,70955,7,7,1.02635177128651,0.833483918461968,0.999997584339008
"GO:0004864","protein phosphatase inhibitor activity",0.00608529862507282,73,1.21936618338604,0.0541758188325679,0.322597030619521,145737,29,29,1.02635177128651,0.469726550663431,0.999997584339008
"GO:0010485","histone H4 acetyltransferase activity",0.00178445957552694,25,1.42405406022821,0.0545595372650887,0.322597030619521,292525,6,6,1.02635177128651,0.855464088969983,0.999997584339008
"GO:0048018","receptor ligand activity",0.0378108686056697,403,1.08338189522032,0.054734863944251,0.322597030619521,152214,205,207,1.01643532905186,0.0946973741875275,0.999997584339008
"GO:0050699","WW domain binding",0.00153346934484938,22,1.45827947776864,0.0555873533890566,0.322597030619521,191803,8,8,1.02635177128651,0.812065907466339,0.999997584339008
"GO:0004301","epoxide hydrolase activity",0.000563243668197932,10,1.80466611331651,0.0558900907754183,0.322597030619521,37609,6,6,1.02635177128651,0.855464088969983,0.999997584339008
"GO:0016801","hydrolase activity, acting on ether bonds",0.000563243668197932,10,1.80466611331651,0.0558900907754183,0.322597030619521,37609,6,6,1.02635177128651,0.855464088969983,0.999997584339008
"GO:0016803","ether hydrolase activity",0.000563243668197932,10,1.80466611331651,0.0558900907754183,0.322597030619521,37609,6,6,1.02635177128651,0.855464088969983,0.999997584339008
"GO:0004623","phospholipase A2 activity",0.00111839087734175,17,1.54507116395648,0.0559218723744184,0.322597030619521,37731,14,15,0.957928319867412,0.944681647912226,0.999997584339008
"GO:0042288","MHC class I protein binding",0.000488216480963133,9,1.87380008880177,0.0559488648766633,0.322597030619521,88440,5,6,0.855293142738761,0.990806168717473,0.999997584339008
"GO:0015103","inorganic anion transmembrane transporter activity",0.00935991148950962,108,1.17285735414295,0.0560156043786171,0.322597030619521,149135,64,66,0.995250202459649,0.760086171585782,0.999997584339008
"GO:0015347","sodium-independent organic anion transmembrane transporter activity",0.00145075052151317,21,1.47136269646215,0.0560300105812852,0.322597030619521,161092,10,10,1.02635177128651,0.770859481653579,0.999997584339008
"GO:0016922","nuclear receptor binding",0.0111577302224759,127,1.15696719799828,0.0566954031851249,0.323563133733557,113072,58,59,1.00895597855284,0.550051560980759,0.999997584339008
"GO:0003735","structural constituent of ribosome",0.00861571196145222,100,1.17978266460706,0.0568147578703331,0.323563133733557,90555,54,55,1.0076908299904,0.585360027996731,0.999997584339008
"GO:0031420","alkali metal ion binding",0.00328311414644362,42,1.30033870527452,0.0569663500833102,0.323563133733557,208266,11,11,1.02635177128651,0.751043523109799,0.999997584339008
"GO:0050656","3'-phosphoadenosine 5'-phosphosulfate binding",0.000565672605914166,10,1.79691706989101,0.057170929644651,0.323563133733557,92912,5,5,1.02635177128651,0.878021102261231,0.999997584339008
"GO:0070300","phosphatidic acid binding",0.00170997215222908,24,1.42664324942862,0.0576443466849741,0.32486008936871,87554,14,14,1.02635177128651,0.694586640240878,0.999997584339008
"GO:0016417","S-acyltransferase activity",0.00249128045095118,33,1.34643223800478,0.0581307988634159,0.325062948053886,82424,19,19,1.02635177128651,0.609725197369245,0.999997584339008
"GO:0016491","oxidoreductase activity",0.0541804244622636,569,1.06748810673738,0.0581691591254323,0.325062948053886,110474,304,312,1.00003505920224,0.591105928713436,0.999997584339008
"GO:0051117","ATPase binding",0.0070537700689292,83,1.19605176215178,0.0603114381637022,0.33344045309109,116045,41,41,1.02635177128651,0.343331772303089,0.999997584339008
"GO:0008483","transaminase activity",0.00241274479812626,32,1.3481299967755,0.0604204129285359,0.33344045309109,181866,15,15,1.02635177128651,0.676722711121495,0.999997584339008
"GO:0016769","transferase activity, transferring nitrogenous groups",0.00241274479812626,32,1.3481299967755,0.0604204129285359,0.33344045309109,181866,15,15,1.02635177128651,0.676722711121495,0.999997584339008
"GO:1990247","N6-methyladenosine-containing RNA reader activity",0.000887102030362531,14,1.60415985697846,0.0608547875417224,0.334449865415251,84703,8,8,1.02635177128651,0.812065907466339,0.999997584339008
"GO:0046872","metal ion binding",0.364295182323487,3658,1.02066554654578,0.0617904510127076,0.336972333502907,146571,1895,1944,1.00048179351232,0.478499316269724,0.999997584339008
"GO:0042393","histone binding",0.0232064757638571,252,1.10378510944018,0.0618981061698098,0.336972333502907,181138,95,96,1.01566060700228,0.288829286692413,0.999997584339008
"GO:0030957","Tat protein binding",0.00207012963915296,28,1.37484478192769,0.0621865302575177,0.336972333502907,132955,6,6,1.02635177128651,0.855464088969983,0.999997584339008
"GO:0005267","potassium channel activity",0.00884592128055755,102,1.17206118377563,0.0623272135651993,0.336972333502907,228928,50,50,1.02635177128651,0.271320995365205,0.999997584339008
"GO:0051959","dynein light intermediate chain binding",0.00216054009859058,29,1.36435959248336,0.063134362353882,0.33863016494618,100563,15,16,0.962204785581106,0.937821743075676,0.999997584339008
"GO:0036408","histone H3K14 acetyltransferase activity",0.00155762378102749,22,1.43566559692999,0.0632673810363942,0.33863016494618,325191,6,6,1.02635177128651,0.855464088969983,0.999997584339008
"GO:0043169","cation binding",0.372152795835505,3735,1.02014640137714,0.0633976774974427,0.33863016494618,147469,1935,1984,1.00100336564486,0.412300209856979,0.999997584339008
"GO:0031683","G-protein beta/gamma-subunit complex binding",0.00198889516664334,27,1.37989186266738,0.0637883580454196,0.339299701396907,108918,14,14,1.02635177128651,0.694586640240878,0.999997584339008
"GO:0016835","carbon-oxygen lyase activity",0.00680237501529893,80,1.19542572616277,0.0645265682940309,0.339299701396907,88330,44,45,1.00354395414681,0.677957185590848,0.999997584339008
"GO:0030332","cyclin binding",0.00216553291500729,29,1.36121394785961,0.0645399180873351,0.339299701396907,145043,17,17,1.02635177128651,0.642355180086213,0.999997584339008
"GO:0050780","dopamine receptor binding",0.000814908603796673,13,1.62153986820302,0.0645434770326446,0.339299701396907,72679,5,5,1.02635177128651,0.878021102261231,0.999997584339008
"GO:0140311","protein sequestering activity",0.00341252255032523,43,1.28081412214905,0.065597547866673,0.342743543948981,62991,17,17,1.02635177128651,0.642355180086213,0.999997584339008
"GO:0140031","phosphorylation-dependent protein binding",0.00114402966434645,17,1.51044465756916,0.0657139877496166,0.342743543948981,119480,7,7,1.02635177128651,0.833483918461968,0.999997584339008
"GO:0019212","phosphatase inhibitor activity",0.00644073317754847,76,1.19942049681692,0.066202635935338,0.343250661330874,142214,31,31,1.02635177128651,0.445831308636702,0.999997584339008
"GO:0003777","microtubule motor activity",0.00718749658430634,84,1.18794084932897,0.066425311131993,0.343250661330874,156032,37,37,1.02635177128651,0.381165339668757,0.999997584339008
"GO:0030295","protein kinase activator activity",0.011337336672493,128,1.14760414403495,0.0666169962929317,0.343250661330874,129713,63,63,1.02635177128651,0.193026213071292,0.999997584339008
"GO:0001968","fibronectin binding",0.00165410658475569,23,1.41337539737814,0.06697980805435,0.343250661330874,125637,14,14,1.02635177128651,0.694586640240878,0.999997584339008
"GO:0022884","macromolecule transmembrane transporter activity",0.00217443901996681,29,1.35563866422062,0.0671016330421257,0.343250661330874,98031,19,19,1.02635177128651,0.609725197369245,0.999997584339008
"GO:0048407","platelet-derived growth factor binding",0.00182845033638763,25,1.38979268579024,0.0676964917657641,0.344519776329763,126153,8,8,1.02635177128651,0.812065907466339,0.999997584339008
"GO:1990226","histone methyltransferase binding",0.000584699284691337,10,1.73844365496957,0.0678678055627051,0.344519776329763,104394,5,5,1.02635177128651,0.878021102261231,0.999997584339008
"GO:0015645","fatty acid ligase activity",0.000904779299297349,14,1.57281832957142,0.0688941440960268,0.347080347150438,59465,9,9,1.02635177128651,0.791195744733539,0.999997584339008
"GO:0120515","fatty acid-CoA ligase activity",0.000904779299297349,14,1.57281832957142,0.0688941440960268,0.347080347150438,59465,9,9,1.02635177128651,0.791195744733539,0.999997584339008
"GO:0033218","amide binding",0.0269914354306716,290,1.09210701892028,0.0695498586807283,0.348470189330315,175072,109,114,0.981336342721315,0.927232511789167,0.999997584339008
"GO:0061665","SUMO ligase activity",0.00166206810282557,23,1.40660514906724,0.0696940378660631,0.348470189330315,123505,8,8,1.02635177128651,0.812065907466339,0.999997584339008
"GO:0050840","extracellular matrix binding",0.00739759969676062,86,1.1816825061574,0.0700692161717994,0.348752097077216,199991,39,40,1.00069297700435,0.725714258252545,0.999997584339008
"GO:0120020","cholesterol transfer activity",0.00090788294193476,14,1.56744157249946,0.0703745301169664,0.348752097077216,85961,8,8,1.02635177128651,0.812065907466339,0.999997584339008
"GO:0005161","platelet-derived growth factor receptor binding",0.00157867457456819,22,1.41652175274492,0.0705370782810308,0.348752097077216,153001,9,9,1.02635177128651,0.791195744733539,0.999997584339008
"GO:0051525","NFAT protein binding",0.00115657917588032,17,1.49405551357733,0.0709058618178535,0.349277023028686,64663,6,6,1.02635177128651,0.855464088969983,0.999997584339008
"GO:0051219","phosphoprotein binding",0.0113768743808739,128,1.14361590996779,0.0716501161479541,0.349500973908632,125890,51,52,1.00661423722331,0.612563008047149,0.999997584339008
"GO:0047372","monoacylglycerol lipase activity",0.00141121281313224,20,1.44055772747813,0.0717033307506628,0.349500973908632,33311,11,11,1.02635177128651,0.751043523109799,0.999997584339008
"GO:0097371","MDM2/MDM4 family protein binding",0.000911796230477582,14,1.56071435545011,0.0722706952671683,0.349500973908632,86308,5,5,1.02635177128651,0.878021102261231,0.999997584339008
"GO:0001222","transcription corepressor binding",0.00619716470100384,73,1.1973551966462,0.0722815525863125,0.349500973908632,134911,27,27,1.02635177128651,0.494896144923753,0.999997584339008
"GO:0008143","poly(A) binding",0.00201682795038004,27,1.36078055425227,0.0723778349243567,0.349500973908632,90863,15,15,1.02635177128651,0.676722711121495,0.999997584339008
"GO:0042826","histone deacetylase binding",0.0161790191868537,178,1.1183068730185,0.0733754570970147,0.349500973908632,194960,57,59,0.991560185819174,0.807201098989462,0.999997584339008
"GO:0005179","hormone activity",0.00864175557140962,99,1.16446488865153,0.0735488872477075,0.349500973908632,97436,50,50,1.02635177128651,0.271320995365205,0.999997584339008
"GO:0016597","amino acid binding",0.00390060409030413,48,1.25084226504944,0.0737052870387336,0.349500973908632,98549,26,26,1.02635177128651,0.50797981903821,0.999997584339008
"GO:0015459","potassium channel regulator activity",0.0076077028092149,88,1.17576983826052,0.0737270080872351,0.349500973908632,170694,29,29,1.02635177128651,0.469726550663431,0.999997584339008
"GO:0050321","tau-protein kinase activity",0.0010799326968347,16,1.50597053244696,0.0738165828838411,0.349500973908632,74682,10,10,1.02635177128651,0.770859481653579,0.999997584339008
"GO:0008083","growth factor activity",0.00902134456006338,103,1.16053738709615,0.0738473735184988,0.349500973908632,178932,60,62,0.99324364963211,0.787282844564751,0.999997584339008
"GO:0043178","alcohol binding",0.00723526569272561,84,1.18009775446041,0.0741806415151665,0.349500973908632,77433,38,39,1.00003505920224,0.735305248625702,0.999997584339008
"GO:0004029","aldehyde dehydrogenase (NAD+) activity",0.000916789046894286,14,1.55221473355555,0.074738036366357,0.349500973908632,73088,7,7,1.02635177128651,0.833483918461968,0.999997584339008
"GO:0004030","aldehyde dehydrogenase [NAD(P)+] activity",0.000916789046894286,14,1.55221473355555,0.074738036366357,0.349500973908632,73088,7,7,1.02635177128651,0.833483918461968,0.999997584339008
"GO:0005521","lamin binding",0.000999372929246259,15,1.52565683708813,0.0748930658375639,0.349500973908632,135839,9,9,1.02635177128651,0.791195744733539,0.999997584339008
"GO:0070717","poly-purine tract binding",0.00273471398651157,35,1.30091617731377,0.0755868043470502,0.351505069166352,109657,19,19,1.02635177128651,0.609725197369245,0.999997584339008
"GO:0003724","RNA helicase activity",0.00382773595881709,47,1.24809909320386,0.0780281989822721,0.35946384232919,60765,32,32,1.02635177128651,0.43434136973189,0.999997584339008
"GO:0001046","core promoter sequence-specific DNA binding",0.0066965812836585,78,1.1839534837478,0.0782433626345542,0.35946384232919,175763,20,20,1.02635177128651,0.59403428430269,0.999997584339008
"GO:0008046","axon guidance receptor activity",0.0013425278521565,19,1.43854508777444,0.0782766108139785,0.35946384232919,254334,7,7,1.02635177128651,0.833483918461968,0.999997584339008
"GO:0005125","cytokine activity",0.0126759512361066,141,1.13065923580125,0.0793391210151794,0.35946384232919,159311,80,82,1.00131880125513,0.647718007165212,0.999997584339008
"GO:0016667","oxidoreductase activity, acting on a sulfur group of donors",0.00502911554146352,60,1.21269843950465,0.0796984196672308,0.35946384232919,107464,25,25,1.02635177128651,0.521407714504058,0.999997584339008
"GO:0016462","pyrophosphatase activity",0.0583235175012384,607,1.05788428182473,0.0805543795068742,0.35946384232919,122712,300,306,1.00622722675148,0.323715348221162,0.999997584339008
"GO:0015175","neutral L-amino acid transmembrane transporter activity",0.00275198643249368,35,1.29275116453079,0.0805830798019099,0.35946384232919,53560,20,20,1.02635177128651,0.59403428430269,0.999997584339008
"GO:0016817","hydrolase activity, acting on acid anhydrides",0.0583320187832452,607,1.05773010624847,0.0810982179959969,0.35946384232919,122712,300,307,1.00294961363503,0.465551512862662,0.999997584339008
"GO:0016818","hydrolase activity, acting on acid anhydrides, in phosphorus-containing anhydrides",0.0583320187832452,607,1.05773010624847,0.0810982179959969,0.35946384232919,122712,300,307,1.00294961363503,0.465551512862662,0.999997584339008
"GO:0001098","basal transcription machinery binding",0.00643182707258894,75,1.18527762414765,0.0812138075468951,0.35946384232919,155900,28,28,1.02635177128651,0.482147908869823,0.999997584339008
"GO:0001099","basal RNA polymerase II transcription machinery binding",0.00643182707258894,75,1.18527762414765,0.0812138075468951,0.35946384232919,155900,28,28,1.02635177128651,0.482147908869823,0.999997584339008
"GO:0015485","cholesterol binding",0.00356797456416424,44,1.25349933704193,0.0814124229472238,0.35946384232919,63871,20,21,0.977477877415727,0.899813738648131,0.999997584339008
"GO:0015179","L-amino acid transmembrane transporter activity",0.00531532536902648,63,1.2047692574002,0.0814842707187305,0.35946384232919,97004,30,30,1.02635177128651,0.457623727530149,0.999997584339008
"GO:0004861","cyclin-dependent protein serine/threonine kinase inhibitor activity",0.000686444786804715,11,1.62884686311803,0.0818629070182897,0.35946384232919,60157,7,7,1.02635177128651,0.833483918461968,0.999997584339008
"GO:0015605","organophosphate ester transmembrane transporter activity",0.00248817680831377,32,1.30725984827518,0.0819004676692434,0.35946384232919,63358,16,16,1.02635177128651,0.659316108991217,0.999997584339008
"GO:0004407","histone deacetylase activity",0.00320808695920882,40,1.26738055976834,0.0822356275733275,0.35946384232919,199728,8,10,0.821081417029211,0.99824759683096,0.999997584339008
"GO:0033558","protein lysine deacetylase activity",0.00320808695920882,40,1.26738055976834,0.0822356275733275,0.35946384232919,199728,8,10,0.821081417029211,0.99824759683096,0.999997584339008
"GO:0043995","histone H4K5 acetyltransferase activity",0.0014390106558847,20,1.41272999943419,0.0829482686795286,0.35946384232919,335260,5,5,1.02635177128651,0.878021102261231,0.999997584339008
"GO:0043996","histone H4K8 acetyltransferase activity",0.0014390106558847,20,1.41272999943419,0.0829482686795286,0.35946384232919,335260,5,5,1.02635177128651,0.878021102261231,0.999997584339008
"GO:0043997","histone H4K12 acetyltransferase activity",0.0014390106558847,20,1.41272999943419,0.0829482686795286,0.35946384232919,335260,5,5,1.02635177128651,0.878021102261231,0.999997584339008
"GO:0008237","metallopeptidase activity",0.0168404998915749,184,1.11059579779076,0.0829739846579408,0.35946384232919,185792,84,86,1.00248312544264,0.619577925888717,0.999997584339008
"GO:0008201","heparin binding",0.0183977188496497,200,1.10499216760914,0.0841395908816105,0.3628668447724,176839,94,94,1.02635177128651,0.0855162669948016,0.999997584339008
"GO:0030297","transmembrane receptor protein tyrosine kinase activator activity",0.00110206301824928,16,1.47572941975915,0.0843055961749919,0.3628668447724,183944,10,10,1.02635177128651,0.770859481653579,0.999997584339008
"GO:0016836","hydro-lyase activity",0.00523813912604392,62,1.20311694093708,0.0848599506853811,0.3628668447724,90218,35,36,0.997841999861888,0.76404602790828,0.999997584339008
"GO:0050431","transforming growth factor beta binding",0.00144413841328564,20,1.40771376508748,0.0851426548264762,0.3628668447724,74276,10,10,1.02635177128651,0.770859481653579,0.999997584339008
"GO:0019209","kinase activator activity",0.0119534772065111,133,1.13096864576584,0.0853715185670508,0.3628668447724,139499,66,66,1.02635177128651,0.178426500604818,0.999997584339008
"GO:0015215","nucleotide transmembrane transporter activity",0.00187918814646009,25,1.35226848287073,0.0853964830178655,0.3628668447724,64283,9,9,1.02635177128651,0.791195744733539,0.999997584339008
"GO:0042802","identical protein binding",0.196841922169549,1991,1.02812718953069,0.0859272151697884,0.363959223489868,137534,956,977,1.00429098602856,0.223119646152504,0.999997584339008
"GO:0019783","ubiquitin-like protein peptidase activity",0.00786989314158399,90,1.16243012316058,0.0864851755597047,0.365159630140975,88983,52,54,0.988338742720346,0.839215259137951,0.999997584339008
"GO:0003729","mRNA binding",0.0330702568885011,350,1.07578047469482,0.0877497648305929,0.36932654185028,117972,163,164,1.02009352877867,0.0727650218860649,0.999997584339008
"GO:0016405","CoA-ligase activity",0.00127991523547134,18,1.42950104824139,0.0883699625632113,0.370344643950081,55944,10,10,1.02635177128651,0.770859481653579,0.999997584339008
"GO:0004715","non-membrane spanning protein tyrosine kinase activity",0.00332116750399796,41,1.25483394537749,0.0885485690046059,0.370344643950081,74392,21,21,1.02635177128651,0.578745311585418,0.999997584339008
"GO:0046974","histone H3K9 methyltransferase activity",0.00197796494692029,26,1.33612761141739,0.089487197776197,0.373097094176621,168231,8,8,1.02635177128651,0.812065907466339,0.999997584339008
"GO:0031681","G-protein beta-subunit binding",0.00269220757647747,34,1.28370004579934,0.0898738799267633,0.373205218554383,124770,10,11,0.933047064805921,0.969019067091385,0.999997584339008
"GO:0008233","peptidase activity",0.0469863157697297,491,1.06219262297672,0.0900743422225241,0.373205218554383,146929,259,264,1.00691329076972,0.322868225662286,0.999997584339008
"GO:0008187","poly-pyrimidine tract binding",0.00269517627813064,34,1.28228606687742,0.0908391799045261,0.375205308301303,112169,18,18,1.02635177128651,0.625828566229626,0.999997584339008
"GO:0050811","GABA receptor binding",0.000541518169736057,9,1.68936175461869,0.0915206063734327,0.376849555655311,97528,6,6,1.02635177128651,0.855464088969983,0.999997584339008
"GO:0016504","peptidase activator activity",0.00270205826832664,34,1.27902015649933,0.0931036360813432,0.380195132460382,117070,23,23,1.02635177128651,0.549332452901029,0.999997584339008
"GO:0035173","histone kinase activity",0.0233375034595495,250,1.08887692646594,0.0931403440392881,0.380195132460382,142091,118,120,1.00924590843174,0.400513684676614,0.999997584339008
"GO:0042809","nuclear vitamin D receptor binding",0.000785491469233388,12,1.55286233093622,0.0931906866030712,0.380195132460382,120610,5,5,1.02635177128651,0.878021102261231,0.999997584339008
"GO:0032051","clathrin light chain binding",0.00163777872566322,22,1.36540232226768,0.0939260189045761,0.382023257318306,119601,5,5,1.02635177128651,0.878021102261231,0.999997584339008
"GO:0030955","potassium ion binding",0.00288625271180775,36,1.26783088901488,0.0942687651801335,0.382248346614566,234985,6,6,1.02635177128651,0.855464088969983,0.999997584339008
"GO:0140326","ATPase-coupled intramembrane lipid transporter activity",0.00325288736597493,40,1.24992555496277,0.095306761146689,0.385282651444062,158947,14,14,1.02635177128651,0.694586640240878,0.999997584339008
"GO:0035259","nuclear glucocorticoid receptor binding",0.00244553545729543,31,1.28848958266555,0.0977432783998894,0.390696605178597,121210,9,9,1.02635177128651,0.791195744733539,0.999997584339008
"GO:0015216","purine nucleotide transmembrane transporter activity",0.00112797168722245,16,1.44183301485501,0.0977479281548252,0.390696605178597,79276,7,7,1.02635177128651,0.833483918461968,0.999997584339008
"GO:0019904","protein domain specific binding",0.0737966603995576,760,1.04681530923678,0.0988909217736499,0.390696605178597,143331,292,297,1.00907312193826,0.219407474392041,0.999997584339008
"GO:0004467","long-chain fatty acid-CoA ligase activity",0.000550964038632524,9,1.66039890308225,0.0989507357150942,0.390696605178597,63450,6,6,1.02635177128651,0.855464088969983,0.999997584339008
"GO:0019706","protein-cysteine S-palmitoyltransferase activity",0.00235984793230605,30,1.29220202830223,0.0992375207015055,0.390696605178597,87403,18,18,1.02635177128651,0.625828566229626,0.999997584339008
"GO:0019707","protein-cysteine S-acyltransferase activity",0.00235984793230605,30,1.29220202830223,0.0992375207015055,0.390696605178597,87403,18,18,1.02635177128651,0.625828566229626,0.999997584339008
"GO:0035925","mRNA 3'-UTR AU-rich region binding",0.00299272114836937,37,1.25669142938216,0.0994152996825095,0.390696605178597,108748,17,17,1.02635177128651,0.642355180086213,0.999997584339008
"GO:0005249","voltage-gated potassium channel activity",0.00652034835824726,75,1.16918610673372,0.0994918321644294,0.390696605178597,193344,37,37,1.02635177128651,0.381165339668757,0.999997584339008
"GO:0051378","serotonin binding",0.000878465807371475,13,1.50422108511184,0.0996754670765118,0.390696605178597,103515,6,6,1.02635177128651,0.855464088969983,0.999997584339008
"GO:0030374","nuclear receptor coactivator activity",0.00437141318430091,52,1.20913465214731,0.0997057716306237,0.390696605178597,149613,27,27,1.02635177128651,0.494896144923753,0.999997584339008
"GO:0140939","histone H4 methyltransferase activity",0.0014765242495021,20,1.37683720654051,0.0998773276396413,0.390696605178597,322215,9,9,1.02635177128651,0.791195744733539,0.999997584339008
"GO:0099507","ligand-gated monoatomic ion channel activity involved in regulation of presynaptic membrane potential",0.00156450577122348,21,1.3643798818065,0.100249709950347,0.391003267548274,195362,10,10,1.02635177128651,0.770859481653579,0.999997584339008
"GO:0003714","transcription corepressor activity",0.0247723309449229,264,1.08325383526631,0.10072637124116,0.391332965676428,166286,100,104,0.986876703160109,0.871126141855974,0.999997584339008
"GO:0140313","molecular sequestering activity",0.00456141009010414,54,1.20333852994435,0.100922712200763,0.391332965676428,66542,25,25,1.02635177128651,0.521407714504058,0.999997584339008
"GO:0005201","extracellular matrix structural constituent",0.014372294348928,157,1.11036747290941,0.101769735618565,0.393470198757823,124293,74,76,0.999342514147395,0.690135978110311,0.999997584339008
"GO:0031369","translation initiation factor binding",0.00236780945037593,30,1.28785713061773,0.102233330253529,0.394116896339691,92101,16,16,1.02635177128651,0.659316108991217,0.999997584339008
"GO:0047676","arachidonate-CoA ligase activity",0.000476476615334666,8,1.70663865352209,0.10278635966259,0.39510363685331,68451,5,5,1.02635177128651,0.878021102261231,0.999997584339008
"GO:0015079","potassium ion transmembrane transporter activity",0.0119735834131622,132,1.1205802631765,0.103501110675229,0.395884918975715,190348,66,66,1.02635177128651,0.178426500604818,0.999997584339008
"GO:0016209","antioxidant activity",0.0061618101631342,71,1.17123277346167,0.103584926168082,0.395884918975715,94563,30,33,0.933047064805921,0.990355039950449,0.999997584339008
"GO:0000339","RNA cap binding",0.00228644003688207,29,1.28923285146666,0.105516542940664,0.401161192013167,99463,10,10,1.02635177128651,0.770859481653579,0.999997584339008
"GO:0004712","protein serine/threonine/tyrosine kinase activity",0.00429989446265623,51,1.20560644659074,0.105610894955518,0.401161192013167,89232,21,21,1.02635177128651,0.578745311585418,0.999997584339008
"GO:0140996","histone H3 kinase activity",0.000721934265658586,11,1.5487745780713,0.105870359696708,0.401161192013167,281443,5,5,1.02635177128651,0.878021102261231,0.999997584339008
"GO:0031432","titin binding",0.000723283675500938,11,1.54588507326146,0.106856381408603,0.403177152682639,149358,6,6,1.02635177128651,0.855464088969983,0.999997584339008
"GO:0005217","intracellularly ligand-gated monoatomic ion channel activity",0.00123052683524124,17,1.4042712804991,0.107008672854866,0.403177152682639,99771,10,10,1.02635177128651,0.770859481653579,0.999997584339008
"GO:0015036","disulfide oxidoreductase activity",0.00329215519238739,40,1.23501682288529,0.107854266830007,0.404341889544219,97350,18,18,1.02635177128651,0.625828566229626,0.999997584339008
"GO:0008190","eukaryotic initiation factor 4E binding",0.000975623316020855,14,1.45860952970628,0.107925842697893,0.404341889544219,90589,5,5,1.02635177128651,0.878021102261231,0.999997584339008
"GO:0005542","folic acid binding",0.00114902248076315,16,1.41541775351415,0.109599271383116,0.409457952077373,81309,6,6,1.02635177128651,0.855464088969983,0.999997584339008
"GO:0017111","ribonucleoside triphosphate phosphatase activity",0.0542657071643002,562,1.05269856385387,0.10998910636949,0.409532858374914,123634,277,282,1.00815404484526,0.262988060689459,0.999997584339008
"GO:0035255","ionotropic glutamate receptor binding",0.00293307723333739,36,1.24759085779993,0.110235160374601,0.409532858374914,141910,12,12,1.02635177128651,0.731734618562227,0.999997584339008
"GO:0061133","endopeptidase activator activity",0.000811670020175027,12,1.50277832558267,0.110771369451013,0.410378611058072,149286,6,6,1.02635177128651,0.855464088969983,0.999997584339008
"GO:0015035","protein-disulfide reductase activity",0.00239236870950674,30,1.2746364189153,0.111841696384586,0.413192933865276,115003,15,15,1.02635177128651,0.676722711121495,0.999997584339008
"GO:0019208","phosphatase regulator activity",0.0137620912182162,150,1.10789858759778,0.112241430211675,0.41352105867459,133991,61,61,1.02635177128651,0.203413859739291,0.999997584339008
"GO:0015349","thyroid hormone transmembrane transporter activity",0.00132781928487486,18,1.37792860188716,0.1128900496242,0.414761784530901,70741,6,6,1.02635177128651,0.855464088969983,0.999997584339008
"GO:0001163","RNA polymerase I transcription regulatory region sequence-specific DNA binding",0.000903294948470761,13,1.46287410577802,0.116034203129792,0.423971126820395,88006,5,5,1.02635177128651,0.878021102261231,0.999997584339008
"GO:0001164","RNA polymerase I core promoter sequence-specific DNA binding",0.000903294948470761,13,1.46287410577802,0.116034203129792,0.423971126820395,88006,5,5,1.02635177128651,0.878021102261231,0.999997584339008
"GO:0008191","metalloendopeptidase inhibitor activity",0.00116076234639162,16,1.40110232168949,0.1165701819892,0.42415370179319,125046,9,9,1.02635177128651,0.791195744733539,0.999997584339008
"GO:0022804","active transmembrane transporter activity",0.0307023124971409,323,1.06936167758371,0.116721996132562,0.42415370179319,119383,174,176,1.01468868297644,0.164858017459635,0.999997584339008
"GO:0060590","ATPase regulator activity",0.00480997138306547,56,1.18341948657892,0.118314289669621,0.426022029191768,225878,28,28,1.02635177128651,0.482147908869823,0.999997584339008
"GO:0034987","immunoglobulin receptor binding",0.000493884002301014,8,1.64648663540615,0.118997102467369,0.426022029191768,21864,5,5,1.02635177128651,0.878021102261231,0.999997584339008
"GO:0044024","histone H2AS1 kinase activity",0.0230626286746623,245,1.07981774363016,0.11922317679128,0.426022029191768,140839,115,117,1.00880729656367,0.417788655185885,0.999997584339008
"GO:0140995","histone H2A kinase activity",0.0230626286746623,245,1.07981774363016,0.11922317679128,0.426022029191768,140839,115,117,1.00880729656367,0.417788655185885,0.999997584339008
"GO:0004713","protein tyrosine kinase activity",0.0152593963792905,165,1.09910648812562,0.119447072805595,0.426022029191768,154088,75,75,1.02635177128651,0.140900475760569,0.999997584339008
"GO:0008266","poly(U) RNA binding",0.00268397617643912,33,1.24976530809675,0.119531485155596,0.426022029191768,114696,17,17,1.02635177128651,0.642355180086213,0.999997584339008
"GO:0042799","histone H4K20 methyltransferase activity",0.000575253415794869,9,1.59029057501403,0.11959179768725,0.426022029191768,79041,5,5,1.02635177128651,0.878021102261231,0.999997584339008
"GO:0140030","modification-dependent protein binding",0.0132259706878495,144,1.10669543367265,0.119798675877986,0.426022029191768,137071,76,77,1.01302252750357,0.407554847717461,0.999997584339008
"GO:0019992","diacylglycerol binding",0.000909637174729818,13,1.45267456817654,0.120448603114124,0.426601055080617,246991,6,6,1.02635177128651,0.855464088969983,0.999997584339008
"GO:0005164","tumor necrosis factor receptor binding",0.000576737766621457,9,1.58619764185419,0.12092375771834,0.426601055080617,55793,9,9,1.02635177128651,0.791195744733539,0.999997584339008
"GO:0140664","ATP-dependent DNA damage sensor activity",0.000576737766621457,9,1.58619764185419,0.12092375771834,0.426601055080617,75863,6,6,1.02635177128651,0.855464088969983,0.999997584339008
"GO:0019855","calcium channel inhibitor activity",0.000743794705104696,11,1.50325544134279,0.122495636766509,0.431003166400679,155948,6,6,1.02635177128651,0.855464088969983,0.999997584339008
"GO:0004553","hydrolase activity, hydrolyzing O-glycosyl compounds",0.00482629924215794,56,1.17941585861168,0.123145568879727,0.432146719287696,119321,29,30,0.992140045576963,0.82070842152862,0.999997584339008
"GO:0045295","gamma-catenin binding",0.00134765560955744,18,1.35764668494739,0.124143588272542,0.434091793386859,135561,5,5,1.02635177128651,0.878021102261231,0.999997584339008
"GO:0140318","protein transporter activity",0.00260476581869302,32,1.24874705187515,0.12441527896812,0.434091793386859,54551,21,21,1.02635177128651,0.578745311585418,0.999997584339008
"GO:0042301","phosphate ion binding",0.000830696698952197,12,1.4683579643242,0.124678996296075,0.434091793386859,97204,7,7,1.02635177128651,0.833483918461968,0.999997584339008
"GO:0016251","RNA polymerase II general transcription initiation factor activity",0.0027953024884332,34,1.2363552794469,0.127508590227062,0.442784399483008,208415,12,13,0.947401635033705,0.957511801051287,0.999997584339008
"GO:0030515","snoRNA binding",0.00144373359033294,19,1.33770306367585,0.12880292184885,0.446114286611904,46255,11,12,0.940822457012637,0.963441473133089,0.999997584339008
"GO:0044548","S100 protein binding",0.00109437138214787,15,1.39322004136556,0.12938946860665,0.446981800641156,66508,9,9,1.02635177128651,0.791195744733539,0.999997584339008
"GO:0017081","chloride channel regulator activity",0.000753645396953869,11,1.48360680262873,0.130436026360805,0.449429831761322,227742,5,6,0.855293142738761,0.990806168717473,0.999997584339008
"GO:0004707","MAP kinase activity",0.0011851866645382,16,1.37222841525367,0.13189560967085,0.453215627307823,41134,9,9,1.02635177128651,0.791195744733539,0.999997584339008
"GO:0004970","glutamate-gated receptor activity",0.00153832722028185,20,1.32152216789178,0.132216288267245,0.453215627307823,198778,10,10,1.02635177128651,0.770859481653579,0.999997584339008
"GO:0005520","insulin-like growth factor binding",0.00127586700594429,17,1.35436803880183,0.133863800449497,0.457683430842752,82417,11,11,1.02635177128651,0.751043523109799,0.999997584339008
"GO:0099106","ion channel regulator activity",0.0156399299548339,168,1.09186176940274,0.134521620506251,0.458753218649523,147453,76,78,1.00003505920224,0.675993004105961,0.999997584339008
"GO:0019789","SUMO transferase activity",0.00676283730691801,76,1.14229383867893,0.135754543736406,0.460600074820651,165974,19,19,1.02635177128651,0.609725197369245,0.999997584339008
"GO:0008467","[heparan sulfate]-glucosamine 3-sulfotransferase 1 activity",0.000675919390034365,10,1.50382838031206,0.135755811526087,0.460600074820651,417577,6,6,1.02635177128651,0.855464088969983,0.999997584339008
"GO:0005543","phospholipid binding",0.0511874334319257,528,1.04848868971958,0.137205499696276,0.464334133832182,134299,232,237,1.0046987803311,0.427407352934154,0.999997584339008
"GO:0035091","phosphatidylinositol binding",0.0319679239882833,334,1.06200170670374,0.138427918090485,0.465765605396751,135090,140,142,1.011896112536,0.288537993016977,0.999997584339008
"GO:0010851","cyclase regulator activity",0.00154939238098914,20,1.31208436805141,0.138587119736724,0.465765605396751,159084,9,9,1.02635177128651,0.791195744733539,0.999997584339008
"GO:0015291","secondary active transmembrane transporter activity",0.0208467627725352,221,1.077573322778,0.138824502179348,0.465765605396751,111518,120,121,1.01786952524282,0.177842347318997,0.999997584339008
"GO:0048029","monosaccharide binding",0.00478298318621842,55,1.16884525217681,0.139029282212414,0.465765605396751,54196,31,32,0.99427827843381,0.802019414685863,0.999997584339008
"GO:0008375","acetylglucosaminyltransferase activity",0.00264052517951536,32,1.23183587195145,0.139785172796029,0.467121306077183,174689,18,18,1.02635177128651,0.625828566229626,0.999997584339008
"GO:0043138","3'-5' DNA helicase activity",0.00059738373720945,9,1.53137761944541,0.140268905808666,0.46756301936222,88686,5,5,1.02635177128651,0.878021102261231,0.999997584339008
"GO:0008320","protein transmembrane transporter activity",0.00182359246095516,23,1.28201536340545,0.141397491765603,0.469217388337649,61851,16,16,1.02635177128651,0.659316108991217,0.999997584339008
"GO:0048027","mRNA 5'-UTR binding",0.0018237274019394,23,1.28192050470301,0.141470806558945,0.469217388337649,57811,15,15,1.02635177128651,0.676722711121495,0.999997584339008
"GO:0043024","ribosomal small subunit binding",0.0005164191466683,8,1.57463838139182,0.141863702313061,0.469350059891471,122319,5,5,1.02635177128651,0.878021102261231,0.999997584339008
"GO:0008525","phosphatidylcholine transporter activity",0.000853501725287954,12,1.42912436812328,0.142573541901527,0.47052806632514,166804,7,7,1.02635177128651,0.833483918461968,0.999997584339008
"GO:0052739","phosphatidylserine 1-acylhydrolase activity",0.000436399143016797,7,1.63044942791843,0.143368037747634,0.471978936149388,24320,7,7,1.02635177128651,0.833483918461968,0.999997584339008
"GO:0070679","inositol 1,4,5 trisphosphate binding",0.000769568433093629,11,1.4529096953676,0.14384683866811,0.472085076478469,142021,6,6,1.02635177128651,0.855464088969983,0.999997584339008
"GO:1904399","heparan sulfate binding",0.000941888069962042,13,1.40293399198826,0.144351949531197,0.472085076478469,88376,7,7,1.02635177128651,0.833483918461968,0.999997584339008
"GO:0001091","RNA polymerase II general transcription initiation factor binding",0.00329903718258338,39,1.20162949084728,0.144465132426118,0.472085076478469,161643,12,12,1.02635177128651,0.731734618562227,0.999997584339008
"GO:0004806","triacylglycerol lipase activity",0.00129286956995793,17,1.33655670669777,0.144846413772339,0.472170907640224,32974,9,9,1.02635177128651,0.791195744733539,0.999997584339008
"GO:0008137","NADH dehydrogenase (ubiquinone) activity",0.00265536868778124,32,1.22494991067924,0.14648481515942,0.474416491436695,196277,14,14,1.02635177128651,0.694586640240878,0.999997584339008
"GO:0043121","neurotrophin binding",0.00129556838964263,17,1.33377250357997,0.146634551963182,0.474416491436695,230052,7,7,1.02635177128651,0.833483918461968,0.999997584339008
"GO:0099604","ligand-gated calcium channel activity",0.00201507371758498,25,1.26107887848777,0.146926367977883,0.474416491436695,159406,15,15,1.02635177128651,0.676722711121495,0.999997584339008
"GO:0031995","insulin-like growth factor II binding",0.00028121701114626,5,1.80726400119557,0.147135180659874,0.474416491436695,62452,5,5,1.02635177128651,0.878021102261231,0.999997584339008
"GO:0005049","nuclear export signal receptor activity",0.000688603842552479,10,1.47612705408253,0.147318805235605,0.474416491436695,71700,6,7,0.879730089674154,0.987345112018076,0.999997584339008
"GO:0008656","cysteine-type endopeptidase activator activity involved in apoptotic process",0.000947285709331452,13,1.39494006610799,0.148585527330237,0.475115700092108,165824,10,10,1.02635177128651,0.770859481653579,0.999997584339008
"GO:0070696","transmembrane receptor protein serine/threonine kinase binding",0.00275239125544639,33,1.21870039604081,0.14863588145544,0.475115700092108,238008,15,15,1.02635177128651,0.676722711121495,0.999997584339008
"GO:0048273","mitogen-activated protein kinase p38 binding",0.00202047135695439,25,1.25770993738448,0.149796842922516,0.475115700092108,102347,5,5,1.02635177128651,0.878021102261231,0.999997584339008
"GO:0042287","MHC protein binding",0.00130083108802781,17,1.3283765359825,0.150156425093323,0.475115700092108,152995,11,12,0.940822457012637,0.963441473133089,0.999997584339008
"GO:0031994","insulin-like growth factor I binding",0.000607504311027094,9,1.50586599761991,0.150295537346046,0.475115700092108,62049,8,8,1.02635177128651,0.812065907466339,0.999997584339008
"GO:0016799","hydrolase activity, hydrolyzing N-glycosyl compounds",0.00415672207838263,48,1.17377115028954,0.150458400789689,0.475115700092108,109128,18,18,1.02635177128651,0.625828566229626,0.999997584339008
"GO:0004862","cAMP-dependent protein kinase inhibitor activity",0.00028378088984673,5,1.79093589086617,0.151028172473336,0.475115700092108,59886,4,5,0.821081417029211,0.99376570721048,0.999997584339008
"GO:0008603","cAMP-dependent protein kinase regulator activity",0.00028378088984673,5,1.79093589086617,0.151028172473336,0.475115700092108,59886,4,5,0.821081417029211,0.99376570721048,0.999997584339008
"GO:0004812","aminoacyl-tRNA ligase activity",0.00166031387003051,21,1.28564859798964,0.151108226420272,0.475115700092108,135401,12,12,1.02635177128651,0.731734618562227,0.999997584339008
"GO:0016875","ligase activity, forming carbon-oxygen bonds",0.00166031387003051,21,1.28564859798964,0.151108226420272,0.475115700092108,135401,12,12,1.02635177128651,0.731734618562227,0.999997584339008
"GO:0098960","postsynaptic neurotransmitter receptor activity",0.00710869104951295,79,1.12961547494622,0.152130909337071,0.477203088250718,214921,31,31,1.02635177128651,0.445831308636702,0.999997584339008
"GO:0005007","fibroblast growth factor receptor activity",0.00148327129871386,19,1.30204558572307,0.152787003913523,0.478133447541142,222765,5,5,1.02635177128651,0.878021102261231,0.999997584339008
"GO:0016755","aminoacyltransferase activity",0.0476684424450389,491,1.04699284120738,0.154110929032212,0.479978172361152,131953,233,239,1.00058561803246,0.583877206599177,0.999997584339008
"GO:0141108","transporter regulator activity",0.0172171201785755,183,1.08039797266864,0.15468300954986,0.479978172361152,152373,81,83,1.00162040330371,0.640664966120607,0.999997584339008
"GO:0015464","acetylcholine receptor activity",0.0010424191032173,14,1.36514522974452,0.154742159777346,0.479978172361152,124852,8,8,1.02635177128651,0.812065907466339,0.999997584339008
"GO:0031005","filamin binding",0.00295142920719338,35,1.20539352822974,0.154820027024763,0.479978172361152,158309,9,9,1.02635177128651,0.791195744733539,0.999997584339008
"GO:0016638","oxidoreductase activity, acting on the CH-NH2 group of donors",0.000696970183575064,10,1.45840781354949,0.155211581514056,0.48007303119464,76996,8,8,1.02635177128651,0.812065907466339,0.999997584339008
"GO:0008373","sialyltransferase activity",0.00158069868933171,20,1.28609806334013,0.157546306588597,0.482254445531074,186532,14,14,1.02635177128651,0.694586640240878,0.999997584339008
"GO:0008970","phospholipase A1 activity",0.000958485811022978,13,1.37863990765565,0.157577568800279,0.482254445531074,41197,11,11,1.02635177128651,0.751043523109799,0.999997584339008
"GO:0008094","ATP-dependent activity, acting on DNA",0.00712771772829012,79,1.12660008746837,0.157584506529072,0.482254445531074,112046,41,43,0.978614479598769,0.902469622271176,0.999997584339008
"GO:0004931","extracellularly ATP-gated monoatomic cation channel activity",0.000448408890613735,7,1.5867810562408,0.157729837448133,0.482254445531074,28101,5,5,1.02635177128651,0.878021102261231,0.999997584339008
"GO:0035381","ATP-gated ion channel activity",0.000448408890613735,7,1.5867810562408,0.157729837448133,0.482254445531074,28101,5,5,1.02635177128651,0.878021102261231,0.999997584339008
"GO:0004683","calcium/calmodulin-dependent protein kinase activity",0.00149352681351574,19,1.29310490407191,0.159385905097506,0.485376278187339,92162,12,12,1.02635177128651,0.731734618562227,0.999997584339008
"GO:0008234","cysteine-type peptidase activity",0.0111940293472351,121,1.09873285419198,0.15996880609884,0.485376278187339,94894,72,75,0.985297700435053,0.873606124497197,0.999997584339008
"GO:0140640","catalytic activity, acting on a nucleic acid",0.0416552023055477,430,1.04928240236311,0.160097958883605,0.485376278187339,111577,233,239,1.00058561803246,0.583877206599177,0.999997584339008
"GO:0019842","vitamin binding",0.012848810636912,138,1.09171515602478,0.160210666258828,0.485376278187339,103380,63,66,0.979699418046217,0.910959009363095,0.999997584339008
"GO:0042975","peroxisome proliferator activated receptor binding",0.00113836214300857,15,1.33938057556599,0.16071605485214,0.485800802166695,119799,9,10,0.923716594157862,0.974222112453179,0.999997584339008
"GO:0003916","DNA topoisomerase activity",0.00045137759226691,7,1.57634482806822,0.16137767177443,0.486694565668915,139986,5,5,1.02635177128651,0.878021102261231,0.999997584339008
"GO:0000340","RNA 7-methylguanosine cap binding",0.00158798550248042,20,1.28019652565995,0.162153912180907,0.48719485525777,62742,8,8,1.02635177128651,0.812065907466339,0.999997584339008
"GO:0016765","transferase activity, transferring alkyl or aryl (other than methyl) groups",0.00390559690672083,45,1.17116551865474,0.162518002464171,0.48719485525777,95181,24,24,1.02635177128651,0.535188843474866,0.999997584339008
"GO:0003954","NADH dehydrogenase activity",0.000705876288534591,10,1.44000695029308,0.163839703117692,0.48719485525777,144624,6,6,1.02635177128651,0.855464088969983,0.999997584339008
"GO:0019787","ubiquitin-like protein transferase activity",0.0470576995503901,484,1.04546103461145,0.163891069850624,0.48719485525777,131181,228,234,1.00003505920224,0.605063400379007,0.999997584339008
"GO:0045182","translation regulator activity",0.0106288965052579,115,1.09977246950253,0.164124135551666,0.48719485525777,99955,58,58,1.02635177128651,0.2200474627217,0.999997584339008
"GO:0140767","enzyme-substrate adaptor activity",0.0106290314462421,115,1.09975850732919,0.164156936110671,0.48719485525777,119713,55,56,1.00802406108497,0.576424923254387,0.999997584339008
"GO:0070888","E-box binding",0.00743956634285778,82,1.12036469069255,0.164440315798817,0.48719485525777,142181,36,36,1.02635177128651,0.391254870447853,0.999997584339008
"GO:0101005","deubiquitinase activity",0.00753591420560175,83,1.11952895038069,0.164474052639653,0.48719485525777,90730,48,50,0.985297700435053,0.863509167512509,0.999997584339008
"GO:0005159","insulin-like growth factor receptor binding",0.00105699272951471,14,1.34632285200771,0.166194409187872,0.489208421383883,171977,7,7,1.02635177128651,0.833483918461968,0.999997584339008
"GO:0016247","channel regulator activity",0.0171802812898793,182,1.0767981471217,0.166195668225646,0.489208421383883,153192,80,82,1.00131880125513,0.647718007165212,0.999997584339008
"GO:0005178","integrin binding",0.014536382585758,155,1.08384838599791,0.166257298094372,0.489208421383883,134743,89,91,1.0037945895,0.584790313872683,0.999997584339008
"GO:0046625","sphingolipid binding",0.00251260112646035,30,1.21364280724755,0.166857258420711,0.489489948790666,289141,9,9,1.02635177128651,0.791195744733539,0.999997584339008
"GO:0016208","AMP binding",0.000455965585730909,7,1.56048341221906,0.167089050188693,0.489489948790666,138898,5,5,1.02635177128651,0.878021102261231,0.999997584339008
"GO:0017154","semaphorin receptor activity",0.00159932054515618,20,1.27112324620033,0.169464354498576,0.49510549028472,241929,8,8,1.02635177128651,0.812065907466339,0.999997584339008
"GO:0016860","intramolecular oxidoreductase activity",0.00270435226505864,32,1.20276255388184,0.16990170777809,0.49510549028472,105694,25,26,0.986876703160109,0.857105101150257,0.999997584339008
"GO:0140612","DNA damage sensor activity",0.000712218514793648,10,1.42718384937157,0.170122713579036,0.49510549028472,72082,7,8,0.898057799875699,0.983409995431369,0.999997584339008
"GO:0016493","C-C chemokine receptor activity",0.000715187216446823,10,1.42125968999682,0.173102552785726,0.502677718788244,54968,6,6,1.02635177128651,0.855464088969983,0.999997584339008
"GO:0016829","lyase activity",0.0181062463237016,191,1.07225511010201,0.174358911539203,0.505134072743198,96185,100,101,1.0161898725609,0.262809099821469,0.999997584339008
"GO:0043184","vascular endothelial growth factor receptor 2 binding",0.00133618562589744,17,1.29322862117464,0.174990695990834,0.505134072743198,157480,5,5,1.02635177128651,0.878021102261231,0.999997584339008
"GO:0005452","solute:inorganic anion antiporter activity",0.00188188696614479,23,1.2423028553751,0.175087825213996,0.505134072743198,180963,12,12,1.02635177128651,0.731734618562227,0.999997584339008
"GO:0043176","amine binding",0.0011595478775335,15,1.31490917438318,0.177101381714571,0.506964098229933,89977,8,8,1.02635177128651,0.812065907466339,0.999997584339008
"GO:0008514","organic anion transmembrane transporter activity",0.0176294998263984,186,1.07242303813271,0.177233605494609,0.506964098229933,119530,104,105,1.01657699251236,0.243449170750012,0.999997584339008
"GO:0140416","transcription regulator inhibitor activity",0.00300122243037619,35,1.18539486756175,0.178114542896596,0.506964098229933,121124,15,16,0.962204785581106,0.937821743075676,0.999997584339008
"GO:0005227","calcium-activated cation channel activity",0.001251037864845,16,1.29999807692514,0.178569669940267,0.506964098229933,222328,14,14,1.02635177128651,0.694586640240878,0.999997584339008
"GO:0022839","monoatomic ion-gated channel activity",0.001251037864845,16,1.29999807692514,0.178569669940267,0.506964098229933,222328,14,14,1.02635177128651,0.694586640240878,0.999997584339008
"GO:0008186","ATP-dependent activity, acting on RNA",0.00432431878080281,49,1.15178537568549,0.178758782401934,0.506964098229933,59435,34,34,1.02635177128651,0.41223823658003,0.999997584339008
"GO:0044325","transmembrane transporter binding",0.0153792239732914,163,1.07732407316684,0.178832341966257,0.506964098229933,119548,73,74,1.01248215275561,0.429298777591774,0.999997584339008
"GO:0070530","K63-linked polyubiquitin modification-dependent protein binding",0.00125144268779771,16,1.29957754703181,0.178879698841362,0.506964098229933,93050,8,8,1.02635177128651,0.812065907466339,0.999997584339008
"GO:0070182","DNA polymerase binding",0.000382827572275403,6,1.59309334303485,0.17945184145538,0.506964098229933,11601,5,5,1.02635177128651,0.878021102261231,0.999997584339008
"GO:0051019","mitogen-activated protein kinase binding",0.00413648093074734,47,1.15494156970773,0.17958193134821,0.506964098229933,98077,15,15,1.02635177128651,0.676722711121495,0.999997584339008
"GO:0005251","delayed rectifier potassium channel activity",0.00125279209764006,16,1.2981777435559,0.17991507846957,0.506964098229933,249057,9,9,1.02635177128651,0.791195744733539,0.999997584339008
"GO:0030594","neurotransmitter receptor activity",0.00923738507582401,100,1.10038366181917,0.180883235888333,0.508018956228969,225248,42,42,1.02635177128651,0.334472675938891,0.999997584339008
"GO:0004143","ATP-dependent diacylglycerol kinase activity",0.000897897309101351,12,1.35846282362184,0.181053372370324,0.508018956228969,112377,6,6,1.02635177128651,0.855464088969983,0.999997584339008
"GO:0016409","palmitoyltransferase activity",0.00320026038212318,37,1.17519406817497,0.183524382131009,0.512830581568431,87691,22,23,0.981727781230578,0.883190740367739,0.999997584339008
"GO:0034713","type I transforming growth factor beta receptor binding",0.000900596128786056,12,1.3543919131525,0.183539366035017,0.512830581568431,130172,5,5,1.02635177128651,0.878021102261231,0.999997584339008
"GO:0016782","transferase activity, transferring sulphur-containing groups",0.00731744475212488,80,1.11128055868599,0.185948929842435,0.515230288807926,207710,37,37,1.02635177128651,0.381165339668757,0.999997584339008
"GO:0000979","RNA polymerase II core promoter sequence-specific DNA binding",0.00282944255744471,33,1.18551278033405,0.185951160233389,0.515230288807926,175504,10,10,1.02635177128651,0.770859481653579,0.999997584339008
"GO:0001614","purinergic nucleotide receptor activity",0.00108128210667706,14,1.31607973290607,0.186205004978117,0.515230288807926,69202,8,8,1.02635177128651,0.812065907466339,0.999997584339008
"GO:0016502","nucleotide receptor activity",0.00108128210667706,14,1.31607973290607,0.186205004978117,0.515230288807926,69202,8,8,1.02635177128651,0.812065907466339,0.999997584339008
"GO:0010854","adenylate cyclase regulator activity",0.00126115843866264,16,1.28956582186743,0.186400859783619,0.515230288807926,156743,7,7,1.02635177128651,0.833483918461968,0.999997584339008
"GO:0004177","aminopeptidase activity",0.00339551998631159,39,1.16748550618902,0.186722555793549,0.515230288807926,166029,17,19,0.918314742730038,0.988064100067685,0.999997584339008
"GO:0043539","protein serine/threonine kinase activator activity",0.00501724073485082,56,1.13453074417325,0.188854623556948,0.516360191797226,151920,27,27,1.02635177128651,0.494896144923753,0.999997584339008
"GO:0035591","signaling adaptor activity",0.0159191228512166,168,1.07271246999107,0.189388344049213,0.516360191797226,156422,65,66,1.01080098687308,0.491276575349508,0.999997584339008
"GO:0000049","tRNA binding",0.00559384356048804,62,1.12661247197606,0.189440129538387,0.516360191797226,82155,29,30,0.992140045576963,0.82070842152862,0.999997584339008
"GO:0005001","transmembrane receptor protein tyrosine phosphatase activity",0.00246199825737213,29,1.19730125707049,0.189540478829003,0.516360191797226,377202,9,9,1.02635177128651,0.791195744733539,0.999997584339008
"GO:0019198","transmembrane receptor protein phosphatase activity",0.00246199825737213,29,1.19730125707049,0.189540478829003,0.516360191797226,377202,9,9,1.02635177128651,0.791195744733539,0.999997584339008
"GO:0015171","amino acid transmembrane transporter activity",0.00858831894165246,93,1.1006974643718,0.189583401551815,0.516360191797226,114364,48,49,1.00540581677046,0.640301474831928,0.999997584339008
"GO:0003857","3-hydroxyacyl-CoA dehydrogenase activity",0.000389979444439871,6,1.56387744435636,0.189849724653266,0.516360191797226,64551,5,5,1.02635177128651,0.878021102261231,0.999997584339008
"GO:0004364","glutathione transferase activity",0.00199901574046099,24,1.2203606896692,0.190550808338019,0.517209336917481,94432,9,9,1.02635177128651,0.791195744733539,0.999997584339008
"GO:0070403","NAD+ binding",0.00108735445096764,14,1.3087300694684,0.191381343890862,0.518405676934514,44924,7,8,0.898057799875699,0.983409995431369,0.999997584339008
"GO:0001161","intronic transcription regulatory region sequence-specific DNA binding",0.00108802915588882,14,1.30791850425107,0.191960657332865,0.518892816556584,220862,9,9,1.02635177128651,0.791195744733539,0.999997584339008
"GO:0061575","cyclin-dependent protein serine/threonine kinase activator activity",0.000734078954239758,10,1.38468315385719,0.192625806898251,0.518892816556584,143836,5,5,1.02635177128651,0.878021102261231,0.999997584339008
"GO:0017116","single-stranded DNA helicase activity",0.000822195416945376,11,1.35991202899745,0.1929414200005,0.518892816556584,101986,9,9,1.02635177128651,0.791195744733539,0.999997584339008
"GO:0008327","methyl-CpG binding",0.00108937856573117,14,1.30629838966634,0.193121762553014,0.518892816556584,98371,8,8,1.02635177128651,0.812065907466339,0.999997584339008
"GO:0016763","pentosyltransferase activity",0.00512883692881337,57,1.12966362962544,0.19500792836187,0.522904324034852,190795,23,24,0.983587114149575,0.874635469702756,0.999997584339008
"GO:0005337","nucleoside transmembrane transporter activity",0.000827593056314786,11,1.35104255546738,0.198361659547828,0.528144239490004,119944,5,5,1.02635177128651,0.878021102261231,0.999997584339008
"GO:0070577","lysine-acetylated histone binding",0.00173412658840719,21,1.23092524703638,0.198536075015684,0.528144239490004,97287,12,12,1.02635177128651,0.731734618562227,0.999997584339008
"GO:0140033","acetylation-dependent protein binding",0.00173412658840719,21,1.23092524703638,0.198536075015684,0.528144239490004,97287,12,12,1.02635177128651,0.731734618562227,0.999997584339008
"GO:0044877","protein-containing complex binding",0.125002040982387,1258,1.02295544613835,0.198654017584321,0.528144239490004,121277,601,613,1.00626005635105,0.197416552892715,0.999997584339008
"GO:0019957","C-C chemokine binding",0.000566077428866872,8,1.43650562230906,0.199069619048149,0.528144239490004,68507,5,5,1.02635177128651,0.878021102261231,0.999997584339008
"GO:1990404","NAD+-protein ADP-ribosyltransferase activity",0.00182764069048222,22,1.22355936099844,0.19934466783758,0.528144239490004,146495,10,11,0.933047064805921,0.969019067091385,0.999997584339008
"GO:0016004","phospholipase activator activity",0.00155236108264231,19,1.24409640805528,0.200099451987146,0.529090002272176,122270,9,9,1.02635177128651,0.791195744733539,0.999997584339008
"GO:0001671","ATPase activator activity",0.00380695504724486,43,1.14811102846404,0.201761719385345,0.532426759489106,278438,16,16,1.02635177128651,0.659316108991217,0.999997584339008
"GO:0140328","floppase activity",0.00230101366317948,27,1.19271793126052,0.204588563308117,0.533930916356262,148945,9,9,1.02635177128651,0.791195744733539,0.999997584339008
"GO:0030023","extracellular matrix constituent conferring elasticity",0.000484842956357252,7,1.46754062062015,0.204959980557702,0.533930916356262,55249,5,5,1.02635177128651,0.878021102261231,0.999997584339008
"GO:0000400","four-way junction DNA binding",0.00146761814454258,18,1.24667317419728,0.205329205943947,0.533930916356262,58213,9,9,1.02635177128651,0.791195744733539,0.999997584339008
"GO:0005112","Notch binding",0.00448395396515311,50,1.13344914938504,0.205625246643136,0.533930916356262,119675,17,18,0.969332228437263,0.923307615648192,0.999997584339008
"GO:0052816","long-chain fatty acyl-CoA hydrolase activity",0.00119436265146619,15,1.27658055987738,0.20573620894622,0.533930916356262,38511,6,6,1.02635177128651,0.855464088969983,0.999997584339008
"GO:0043425","bHLH transcription factor binding",0.0040065327629288,45,1.14166055728753,0.205885661421379,0.533930916356262,190865,19,19,1.02635177128651,0.609725197369245,0.999997584339008
"GO:0017171","serine hydrolase activity",0.014813416426393,156,1.07044054008523,0.206211775416298,0.533930916356262,131980,87,87,1.02635177128651,0.102802894016514,0.999997584339008
"GO:0004222","metalloendopeptidase activity",0.00942522292587948,101,1.08923835247798,0.206902916602198,0.533930916356262,213002,50,51,1.00622722675148,0.621753863754527,0.999997584339008
"GO:0005536","D-glucose binding",0.000748382698568694,10,1.35821787900886,0.208020791633355,0.533930916356262,55410,7,7,1.02635177128651,0.833483918461968,0.999997584339008
"GO:0016616","oxidoreductase activity, acting on the CH-OH group of donors, NAD or NADP as acceptor",0.0110948477238222,118,1.08107006826077,0.209177129090072,0.533930916356262,97225,58,58,1.02635177128651,0.2200474627217,0.999997584339008
"GO:0004784","superoxide dismutase activity",0.000487946598994663,7,1.45820615317704,0.20921300831192,0.533930916356262,108747,5,5,1.02635177128651,0.878021102261231,0.999997584339008
"GO:0016721","oxidoreductase activity, acting on superoxide radicals as acceptor",0.000487946598994663,7,1.45820615317704,0.20921300831192,0.533930916356262,108747,5,5,1.02635177128651,0.878021102261231,0.999997584339008
"GO:0004175","endopeptidase activity",0.0300751068024155,310,1.04772594207755,0.209727706145198,0.533930916356262,151994,171,174,1.00865605109192,0.34190601049432,0.999997584339008
"GO:0015929","hexosaminidase activity",0.000488351421947368,7,1.45699736111859,0.209770171656919,0.533930916356262,25463,6,7,0.879730089674154,0.987345112018076,0.999997584339008
"GO:0008146","sulfotransferase activity",0.0065181893024995,71,1.10719613561155,0.210044810316624,0.533930916356262,212899,33,33,1.02635177128651,0.423146187922387,0.999997584339008
"GO:0004435","phosphatidylinositol phospholipase C activity",0.00175085927045236,21,1.21916149130363,0.210205878233006,0.533930916356262,208987,11,11,1.02635177128651,0.751043523109799,0.999997584339008
"GO:0003712","transcription coregulator activity",0.0596304209335568,606,1.0329943137207,0.210396509033778,0.533930916356262,151637,248,253,1.00606813944291,0.363439805161369,0.999997584339008
"GO:0043175","RNA polymerase core enzyme binding",0.00335125934348242,38,1.1525737932972,0.211399148566823,0.533930916356262,138693,16,16,1.02635177128651,0.659316108991217,0.999997584339008
"GO:0000993","RNA polymerase II complex binding",0.00297301976467102,34,1.16245005508999,0.212025560654748,0.533930916356262,147511,15,15,1.02635177128651,0.676722711121495,0.999997584339008
"GO:0015556","C4-dicarboxylate transmembrane transporter activity",0.000841626918675252,11,1.32851434867427,0.212760108017356,0.533930916356262,112574,6,6,1.02635177128651,0.855464088969983,0.999997584339008
"GO:0016646","oxidoreductase activity, acting on the CH-NH group of donors, NAD or NADP as acceptor",0.000664449406374369,9,1.37680924477758,0.212765907309149,0.533930916356262,68857,6,6,1.02635177128651,0.855464088969983,0.999997584339008
"GO:0043022","ribosome binding",0.00613981478270386,67,1.10920728773158,0.213263530436973,0.533930916356262,116758,42,42,1.02635177128651,0.334472675938891,0.999997584339008
"GO:0001637","G protein-coupled chemoattractant receptor activity",0.000931902437128634,12,1.30889250338543,0.213508241100086,0.533930916356262,46333,7,7,1.02635177128651,0.833483918461968,0.999997584339008
"GO:0004950","chemokine receptor activity",0.000931902437128634,12,1.30889250338543,0.213508241100086,0.533930916356262,46333,7,7,1.02635177128651,0.833483918461968,0.999997584339008
"GO:0005212","structural constituent of eye lens",0.00250369502150082,29,1.17736129326566,0.213571557562842,0.533930916356262,76098,15,15,1.02635177128651,0.676722711121495,0.999997584339008
"GO:0004252","serine-type endopeptidase activity",0.012190298633844,129,1.07564397047845,0.213794479624407,0.533930916356262,125607,77,77,1.02635177128651,0.133693021918266,0.999997584339008
"GO:0019843","rRNA binding",0.00326125370699751,37,1.15321509933952,0.213979147579968,0.533930916356262,55469,21,22,0.979699418046217,0.891588211922751,0.999997584339008
"GO:0005158","insulin receptor binding",0.002316801758335,27,1.18459002643453,0.214247502193734,0.533930916356262,256830,8,8,1.02635177128651,0.812065907466339,0.999997584339008
"GO:0043531","ADP binding",0.00269423169124099,31,1.16955307556084,0.214728156895259,0.533930916356262,116028,18,19,0.972333257008276,0.915689205716487,0.999997584339008
"GO:0003950","NAD+-protein poly-ADP-ribosyltransferase activity",0.00175760631966413,21,1.21448140880342,0.215001137091381,0.533930916356262,151748,9,10,0.923716594157862,0.974222112453179,0.999997584339008
"GO:0019203","carbohydrate phosphatase activity",0.000666473521137898,9,1.37262780345916,0.215157463968665,0.533930916356262,23991,8,8,1.02635177128651,0.812065907466339,0.999997584339008
"GO:0042731","PH domain binding",0.00222504188905503,26,1.1877590228732,0.21553793289704,0.533930916356262,133077,5,5,1.02635177128651,0.878021102261231,0.999997584339008
"GO:0070097","delta-catenin binding",0.00129732262243769,16,1.25361786677481,0.215700706702981,0.533930916356262,149471,6,6,1.02635177128651,0.855464088969983,0.999997584339008
"GO:0090482","vitamin transmembrane transporter activity",0.00194544416971959,23,1.20171711320394,0.216192061823915,0.533930916356262,43540,10,10,1.02635177128651,0.770859481653579,0.999997584339008
"GO:0003684","damaged DNA binding",0.00479688210759465,53,1.12307822358531,0.216382529260169,0.533930916356262,87409,25,26,0.986876703160109,0.857105101150257,0.999997584339008
"GO:0008236","serine-type peptidase activity",0.0145678238350848,153,1.06755419529852,0.218232957273342,0.537499691062121,134085,85,85,1.02635177128651,0.108352100952005,0.999997584339008
"GO:0019205","nucleobase-containing compound kinase activity",0.0033656980287956,38,1.14762930625194,0.218802270856377,0.537905767539707,136057,16,17,0.965978137681424,0.930690971471281,0.999997584339008
"GO:0060229","lipase activator activity",0.00213894954111294,25,1.1880443437296,0.220485426500464,0.538054430312617,121331,12,12,1.02635177128651,0.731734618562227,0.999997584339008
"GO:0008649","rRNA methyltransferase activity",0.000849993259697837,11,1.31543800487084,0.221545250828996,0.538054430312617,41965,7,7,1.02635177128651,0.833483918461968,0.999997584339008
"GO:0140102","catalytic activity, acting on a rRNA",0.000849993259697837,11,1.31543800487084,0.221545250828996,0.538054430312617,41965,7,7,1.02635177128651,0.833483918461968,0.999997584339008
"GO:0046527","glucosyltransferase activity",0.000761067151086808,10,1.33558091435871,0.222084072476386,0.538054430312617,157668,7,8,0.898057799875699,0.983409995431369,0.999997584339008
"GO:0002162","dystroglycan binding",0.000761471974039514,10,1.33487087665836,0.222538962045231,0.538054430312617,83243,6,6,1.02635177128651,0.855464088969983,0.999997584339008
"GO:0016273","arginine N-methyltransferase activity",0.000761471974039514,10,1.33487087665836,0.222538962045231,0.538054430312617,316606,5,5,1.02635177128651,0.878021102261231,0.999997584339008
"GO:0016274","protein-arginine N-methyltransferase activity",0.000761471974039514,10,1.33487087665836,0.222538962045231,0.538054430312617,316606,5,5,1.02635177128651,0.878021102261231,0.999997584339008
"GO:0042805","actinin binding",0.00289785763645199,33,1.15752418989729,0.222864052865459,0.538054430312617,182707,21,21,1.02635177128651,0.578745311585418,0.999997584339008
"GO:0008271","secondary active sulfate transmembrane transporter activity",0.000584969166659807,8,1.39011328387232,0.222976122650516,0.538054430312617,10703,6,6,1.02635177128651,0.855464088969983,0.999997584339008
"GO:0071813","lipoprotein particle binding",0.00280380377044002,32,1.1601003148689,0.223312816189898,0.538054430312617,124191,16,16,1.02635177128651,0.659316108991217,0.999997584339008
"GO:0071814","protein-lipid complex binding",0.00280380377044002,32,1.1601003148689,0.223312816189898,0.538054430312617,124191,16,16,1.02635177128651,0.659316108991217,0.999997584339008
"GO:0015271","outward rectifier potassium channel activity",0.00103337805727354,13,1.27872541970202,0.224376099446868,0.539485086271873,265414,8,8,1.02635177128651,0.812065907466339,0.999997584339008
"GO:0031593","polyubiquitin modification-dependent protein binding",0.00233353444038017,27,1.17609588641962,0.224717847965878,0.539485086271873,67887,17,18,0.969332228437263,0.923307615648192,0.999997584339008
"GO:0140296","general transcription initiation factor binding",0.00549655111085442,60,1.10956860879137,0.226595184716353,0.542717410781633,129702,21,21,1.02635177128651,0.578745311585418,0.999997584339008
"GO:0005315","phosphate transmembrane transporter activity",0.000676459153971306,9,1.35236559371331,0.227107205845211,0.542717410781633,56601,8,8,1.02635177128651,0.812065907466339,0.999997584339008
"GO:0015144","carbohydrate transmembrane transporter activity",0.00482198113066241,53,1.1172324590589,0.227288419402534,0.542717410781633,95659,20,20,1.02635177128651,0.59403428430269,0.999997584339008
"GO:0016812","hydrolase activity, acting on carbon-nitrogen (but not peptide) bonds, in cyclic amides",0.00140392599998354,17,1.23082947009528,0.227889519039719,0.542993697219701,65131,7,7,1.02635177128651,0.833483918461968,0.999997584339008
"GO:0016614","oxidoreductase activity, acting on CH-OH group of donors",0.01165458292643,123,1.07275749341067,0.228514288144791,0.542993697219701,95469,62,62,1.02635177128651,0.198152300653795,0.999997584339008
"GO:0008297","single-stranded DNA exodeoxyribonuclease activity",0.000947555591299923,12,1.28727024044143,0.229224116303928,0.542993697219701,51996,6,6,1.02635177128651,0.855464088969983,0.999997584339008
"GO:0043236","laminin binding",0.00396038294632034,44,1.1292983055888,0.229317796635948,0.542993697219701,203881,18,19,0.972333257008276,0.915689205716487,0.999997584339008
"GO:0031404","chloride ion binding",0.000416023054397275,6,1.46597658585465,0.229512063171712,0.542993697219701,100199,6,6,1.02635177128651,0.855464088969983,0.999997584339008
"GO:0005160","transforming growth factor beta receptor binding",0.00215311834445764,25,1.18022630311217,0.229853722958415,0.542993697219701,164175,11,11,1.02635177128651,0.751043523109799,0.999997584339008
"GO:0070411","I-SMAD binding",0.00150000398075903,18,1.21975687680547,0.230760918653424,0.544170251434494,168388,7,7,1.02635177128651,0.833483918461968,0.999997584339008
"GO:0001162","RNA polymerase II intronic transcription regulatory region sequence-specific DNA binding",0.000859843951547011,11,1.30036785823626,0.232071831152853,0.546292983067777,251102,6,6,1.02635177128651,0.855464088969983,0.999997584339008
"GO:0022849","glutamate-gated calcium ion channel activity",0.00068118208841954,9,1.34298904938289,0.232843686920241,0.54714152580198,262171,6,6,1.02635177128651,0.855464088969983,0.999997584339008
"GO:0004518","nuclease activity",0.0145308500054044,152,1.06327536032748,0.233739818655803,0.548278586970402,89217,84,86,1.00248312544264,0.619577925888717,0.999997584339008
"GO:0031434","mitogen-activated protein kinase kinase binding",0.00131931800286804,16,1.23271782460601,0.234460179505373,0.549000068208004,170059,5,5,1.02635177128651,0.878021102261231,0.999997584339008
"GO:0016853","isomerase activity",0.0125662442159234,132,1.06773042300779,0.235797031361562,0.549177837372037,106892,67,72,0.95507734272495,0.989797702921294,0.999997584339008
"GO:0005092","GDP-dissociation inhibitor activity",0.00216256421335411,25,1.17507119009471,0.23619735061098,0.549177837372037,105362,6,6,1.02635177128651,0.855464088969983,0.999997584339008
"GO:0004983","neuropeptide Y receptor activity",0.000684555613025421,9,1.33637073157595,0.236973078184485,0.549177837372037,112782,6,6,1.02635177128651,0.855464088969983,0.999997584339008
"GO:0015187","glycine transmembrane transporter activity",0.000684555613025421,9,1.33637073157595,0.236973078184485,0.549177837372037,38598,7,7,1.02635177128651,0.833483918461968,0.999997584339008
"GO:0004622","lysophospholipase activity",0.00150810043981315,18,1.21320843258497,0.237322162904957,0.549177837372037,32135,9,10,0.923716594157862,0.974222112453179,0.999997584339008
"GO:0038187","pattern recognition receptor activity",0.00388090270660578,43,1.12623464308162,0.23752744326724,0.549177837372037,87025,23,23,1.02635177128651,0.549332452901029,0.999997584339008
"GO:0005172","vascular endothelial growth factor receptor binding",0.00169553346691591,20,1.19899345117121,0.238052305630214,0.549177837372037,154746,7,7,1.02635177128651,0.833483918461968,0.999997584339008
"GO:0004890","GABA-A receptor activity",0.00104849144750789,13,1.26029334158019,0.239115984240877,0.549177837372037,338117,5,5,1.02635177128651,0.878021102261231,0.999997584339008
"GO:0022851","GABA-gated chloride ion channel activity",0.00104849144750789,13,1.26029334158019,0.239115984240877,0.549177837372037,338117,5,5,1.02635177128651,0.878021102261231,0.999997584339008
"GO:0140223","general transcription initiation factor activity",0.00407724183866807,45,1.12186144651412,0.239483197779819,0.549177837372037,186172,18,19,0.972333257008276,0.915689205716487,0.999997584339008
"GO:0004629","phospholipase C activity",0.00197890953380994,23,1.1813948599428,0.239498619982883,0.549177837372037,193564,12,12,1.02635177128651,0.731734618562227,0.999997584339008
"GO:0045504","dynein heavy chain binding",0.00141809480332824,17,1.21853171632613,0.239749522517904,0.549177837372037,135653,9,9,1.02635177128651,0.791195744733539,0.999997584339008
"GO:0003682","chromatin binding",0.0619715120690542,627,1.02841553837426,0.239904002641469,0.549177837372037,151745,272,274,1.018860152518,0.0257112375555475,0.999997584339008
"GO:1990380","K48-linked deubiquitinase activity",0.00114214049056715,14,1.24595308362197,0.240953784841943,0.550168900302717,114001,7,8,0.898057799875699,0.983409995431369,0.999997584339008
"GO:0031490","chromatin DNA binding",0.0109113279852623,115,1.07130569014724,0.241164262313146,0.550168900302717,90855,49,50,1.00582473586078,0.631001154303571,0.999997584339008
"GO:0140035","ubiquitin-like protein reader activity",0.00114416460533068,14,1.24374889724925,0.242876543089249,0.551484641121661,86357,6,6,1.02635177128651,0.855464088969983,0.999997584339008
"GO:0140036","ubiquitin-modified protein reader activity",0.00114416460533068,14,1.24374889724925,0.242876543089249,0.551484641121661,86357,6,6,1.02635177128651,0.855464088969983,0.999997584339008
"GO:0033549","MAP kinase phosphatase activity",0.00207809115722284,24,1.17392358810127,0.242984962178416,0.551484641121661,41089,13,13,1.02635177128651,0.712919853354805,0.999997584339008
"GO:0016863","intramolecular oxidoreductase activity, transposing C=C bonds",0.000870504289301595,11,1.28444334098302,0.243674805645401,0.552108162705934,85827,8,8,1.02635177128651,0.812065907466339,0.999997584339008
"GO:0050308","sugar-phosphatase activity",0.000601162084768037,8,1.35266915501381,0.244254555366249,0.552480541899848,26520,7,7,1.02635177128651,0.833483918461968,0.999997584339008
"GO:0048495","Roundabout binding",0.000513855267967831,7,1.38468315385719,0.245911859444503,0.555284843906943,403759,5,5,1.02635177128651,0.878021102261231,0.999997584339008
"GO:0008013","beta-catenin binding",0.0192359722437191,199,1.05155529953465,0.246421124091264,0.555491686510816,251674,60,60,1.02635177128651,0.208814453134999,0.999997584339008
"GO:0034236","protein kinase A catalytic subunit binding",0.00133483621605509,16,1.21838679449788,0.248086306227601,0.558299132458054,318224,7,8,0.898057799875699,0.983409995431369,0.999997584339008
"GO:0001848","complement binding",0.000967661797950975,12,1.26052316669638,0.25005495907939,0.560360620266069,21134,12,12,1.02635177128651,0.731734618562227,0.999997584339008
"GO:0016866","intramolecular transferase activity",0.00115253094635327,14,1.23472039571202,0.250886408966851,0.560360620266069,20447,10,10,1.02635177128651,0.770859481653579,0.999997584339008
"GO:0051015","actin filament binding",0.024526333530662,252,1.04438612313197,0.251027444146011,0.560360620266069,121872,103,106,0.997304079646329,0.710594103412145,0.999997584339008
"GO:0016684","oxidoreductase activity, acting on peroxide as acceptor",0.004103015566657,45,1.11481430002052,0.252331440704255,0.560360620266069,116582,17,20,0.872399005593536,0.998518837173526,0.999997584339008
"GO:0051287","NAD binding",0.00304480836828417,34,1.13504252852963,0.252573946834751,0.560360620266069,63089,20,21,0.977477877415727,0.899813738648131,0.999997584339008
"GO:0008503","benzodiazepine receptor activity",0.00106198554593141,13,1.24427944905693,0.25258421022543,0.560360620266069,308208,5,5,1.02635177128651,0.878021102261231,0.999997584339008
"GO:0042577","lipid phosphatase activity",0.00143320819356259,17,1.20568212097461,0.252670771410237,0.560360620266069,140092,9,10,0.923716594157862,0.974222112453179,0.999997584339008
"GO:0048156","tau protein binding",0.00439583750244749,48,1.10992284238455,0.253685279918788,0.560360620266069,92832,23,23,1.02635177128651,0.549332452901029,0.999997584339008
"GO:0009982","pseudouridine synthase activity",0.000431271385615858,6,1.41414449755628,0.253855990757441,0.560360620266069,7185,5,5,1.02635177128651,0.878021102261231,0.999997584339008
"GO:0016411","acylglycerol O-acyltransferase activity",0.0020940141933626,24,1.1649969878051,0.254235556297472,0.560360620266069,126927,14,14,1.02635177128651,0.694586640240878,0.999997584339008
"GO:0030170","pyridoxal phosphate binding",0.00497986208221765,54,1.10222339929842,0.254781172987615,0.560360620266069,94899,28,30,0.957928319867412,0.959271178331454,0.999997584339008
"GO:0070279","vitamin B6 binding",0.00497986208221765,54,1.10222339929842,0.254781172987615,0.560360620266069,94899,28,30,0.957928319867412,0.959271178331454,0.999997584339008
"GO:0030280","structural constituent of skin epidermis",0.000345179037673769,5,1.47237614483642,0.255032064193697,0.560360620266069,7745,6,6,1.02635177128651,0.855464088969983,0.999997584339008
"GO:0004843","cysteine-type deubiquitinase activity",0.00732189780460465,78,1.08283957951471,0.25530952958436,0.560360620266069,95199,44,46,0.981727781230578,0.886383471545345,0.999997584339008
"GO:0042813","Wnt receptor activity",0.00285858981003953,32,1.13786651918174,0.255775269555612,0.560360620266069,143324,14,14,1.02635177128651,0.694586640240878,0.999997584339008
"GO:0003676","nucleic acid binding",0.367164837294234,3644,1.00881252854619,0.255956965063446,0.560360620266069,143515,1710,1746,1.00518987909504,0.0753448280341824,0.999997584339008
"GO:0015453","oxidoreduction-driven active transmembrane transporter activity",0.00362788836116469,40,1.12072551340645,0.256164854978775,0.560360620266069,206693,18,18,1.02635177128651,0.625828566229626,0.999997584339008
"GO:0034185","apolipoprotein binding",0.00181428153304293,21,1.17654297877758,0.257171816387016,0.561639599006128,99348,8,8,1.02635177128651,0.812065907466339,0.999997584339008
"GO:0097001","ceramide binding",0.00228900391558254,26,1.15456927006757,0.257797759221465,0.562083638958276,320487,6,6,1.02635177128651,0.855464088969983,0.999997584339008
"GO:0019956","chemokine binding",0.00162725332889288,19,1.18683846739099,0.258256737944964,0.562162784724716,62530,10,10,1.02635177128651,0.770859481653579,0.999997584339008
"GO:0098918","structural constituent of synapse",0.00440649784020208,48,1.10723768223914,0.258915380017338,0.562648423244709,178767,21,21,1.02635177128651,0.578745311585418,0.999997584339008
"GO:0005005","transmembrane-ephrin receptor activity",0.00134738572758897,16,1.20703877528022,0.259325927405268,0.562648423244709,314377,6,6,1.02635177128651,0.855464088969983,0.999997584339008
"GO:0070006","metalloaminopeptidase activity",0.00267372066163724,30,1.14050817961792,0.259840005946786,0.562672709297132,200953,10,12,0.855293142738761,0.996907036882869,0.999997584339008
"GO:0035035","histone acetyltransferase binding",0.00324991866432175,36,1.1259605914773,0.260183245276493,0.562672709297132,83752,15,15,1.02635177128651,0.676722711121495,0.999997584339008
"GO:1901981","phosphatidylinositol phosphate binding",0.0214952891427699,221,1.04506225902625,0.262904276864369,0.565370447328583,152894,94,96,1.00496944271804,0.550638850122329,0.999997584339008
"GO:0032182","ubiquitin-like protein binding",0.0106873259514318,112,1.06522695957337,0.263303980019031,0.565370447328583,157345,52,52,1.02635177128651,0.257483893486639,0.999997584339008
"GO:0008301","DNA binding, bending",0.00296708236136467,33,1.13051809978371,0.263449954615504,0.565370447328583,204094,13,13,1.02635177128651,0.712919853354805,0.999997584339008
"GO:0004601","peroxidase activity",0.00373800020430065,41,1.11490462667885,0.26352136182017,0.565370447328583,114701,15,18,0.855293142738761,0.999026090371896,0.999997584339008
"GO:0050700","CARD domain binding",0.000980751073421794,12,1.24370000390475,0.263971314697365,0.565370447328583,86008,6,6,1.02635177128651,0.855464088969983,0.999997584339008
"GO:0016877","ligase activity, forming carbon-sulfur bonds",0.0018241322248921,21,1.17018940299338,0.264819790940475,0.565370447328583,60407,13,13,1.02635177128651,0.712919853354805,0.999997584339008
"GO:0016878","acid-thiol ligase activity",0.0018241322248921,21,1.17018940299338,0.264819790940475,0.565370447328583,60407,13,13,1.02635177128651,0.712919853354805,0.999997584339008
"GO:0019107","myristoyltransferase activity",0.00135345807187955,16,1.20162334707607,0.264831420064442,0.565370447328583,102908,7,7,1.02635177128651,0.833483918461968,0.999997584339008
"GO:0031435","mitogen-activated protein kinase kinase kinase binding",0.00306693868969875,34,1.12685232373032,0.265710904561938,0.5659473295357,141825,6,6,1.02635177128651,0.855464088969983,0.999997584339008
"GO:0016641","oxidoreductase activity, acting on the CH-NH2 group of donors, oxygen as acceptor",0.000438693139748797,6,1.39022018277142,0.265952692450987,0.5659473295357,72529,6,6,1.02635177128651,0.855464088969983,0.999997584339008
"GO:1990756","ubiquitin-like ligase-substrate adaptor activity",0.00902282891088997,95,1.07022246902475,0.266893065227276,0.567041176920571,105907,47,48,1.00496944271804,0.649651203802549,0.999997584339008
"GO:0016936","galactoside binding",0.00126426208130005,15,1.20600005715388,0.26885099186925,0.569596616138963,109254,5,5,1.02635177128651,0.878021102261231,0.999997584339008
"GO:0019211","phosphatase activator activity",0.00192425843519466,22,1.16212398214326,0.268952387169375,0.569596616138963,126895,9,9,1.02635177128651,0.791195744733539,0.999997584339008
"GO:0003841","1-acylglycerol-3-phosphate O-acyltransferase activity",0.00192614760897395,22,1.16098416599151,0.270399700335989,0.569939146508503,136148,12,12,1.02635177128651,0.731734618562227,0.999997584339008
"GO:0042171","lysophosphatidic acid acyltransferase activity",0.00192614760897395,22,1.16098416599151,0.270399700335989,0.569939146508503,136148,12,12,1.02635177128651,0.731734618562227,0.999997584339008
"GO:0071617","lysophospholipid acyltransferase activity",0.00192614760897395,22,1.16098416599151,0.270399700335989,0.569939146508503,136148,12,12,1.02635177128651,0.731734618562227,0.999997584339008
"GO:0015269","calcium-activated potassium channel activity",0.000531532536902648,7,1.33863250822244,0.272011113810505,0.571322556484659,383092,5,5,1.02635177128651,0.878021102261231,0.999997584339008
"GO:0035256","G protein-coupled glutamate receptor binding",0.000442741369275854,6,1.37750862974394,0.272611334436859,0.571322556484659,54286,5,5,1.02635177128651,0.878021102261231,0.999997584339008
"GO:0072542","protein phosphatase activator activity",0.00174006399171354,20,1.16830963272325,0.273271269916368,0.571322556484659,104235,8,8,1.02635177128651,0.812065907466339,0.999997584339008
"GO:0004993","G protein-coupled serotonin receptor activity",0.00136330876372873,16,1.19294092558379,0.273850986680406,0.571322556484659,109726,7,7,1.02635177128651,0.833483918461968,0.999997584339008
"GO:0042887","amide transmembrane transporter activity",0.00240815680466227,27,1.13965180790398,0.274095463860719,0.571322556484659,145938,15,15,1.02635177128651,0.676722711121495,0.999997584339008
"GO:0032393","MHC class I receptor activity",0.000355569493459883,5,1.42935035236871,0.27417811961188,0.571322556484659,29390,5,5,1.02635177128651,0.878021102261231,0.999997584339008
"GO:0016423","tRNA (guanine) methyltransferase activity",0.000356379139365294,5,1.42610305887602,0.275682719877604,0.571322556484659,54347,5,5,1.02635177128651,0.878021102261231,0.999997584339008
"GO:0015278","intracellularly gated calcium channel activity",0.00099195117511332,12,1.22965741101615,0.276081442818128,0.571322556484659,127458,6,6,1.02635177128651,0.855464088969983,0.999997584339008
"GO:0005351","carbohydrate:proton symporter activity",0.0022203189546068,25,1.14450534170766,0.27656229039022,0.571322556484659,140932,5,5,1.02635177128651,0.878021102261231,0.999997584339008
"GO:0003906","DNA-(apurinic or apyrimidinic site) endonuclease activity",0.00108546527718835,13,1.21736440378892,0.276647000688673,0.571322556484659,90136,8,8,1.02635177128651,0.812065907466339,0.999997584339008
"GO:0016505","peptidase activator activity involved in apoptotic process",0.00164965353227593,19,1.17072270578879,0.276822097152117,0.571322556484659,150300,13,13,1.02635177128651,0.712919853354805,0.999997584339008
"GO:0140312","cargo adaptor activity",0.00270030403553158,30,1.12928034935532,0.276977148569496,0.571322556484659,91511,8,8,1.02635177128651,0.812065907466339,0.999997584339008
"GO:0004519","endonuclease activity",0.0092503394103106,97,1.06587738563604,0.277540230284563,0.571322556484659,77333,53,55,0.989029888694277,0.832946950620714,0.999997584339008
"GO:0022840","leak channel activity",0.00118032878910573,14,1.20564157994471,0.278174396711337,0.571322556484659,279559,7,7,1.02635177128651,0.833483918461968,0.999997584339008
"GO:0022842","narrow pore channel activity",0.00118032878910573,14,1.20564157994471,0.278174396711337,0.571322556484659,279559,7,7,1.02635177128651,0.833483918461968,0.999997584339008
"GO:0005345","purine nucleobase transmembrane transporter activity",0.000717346272194587,9,1.27528380761565,0.278358659099292,0.571322556484659,83484,5,5,1.02635177128651,0.878021102261231,0.999997584339008
"GO:0015205","nucleobase transmembrane transporter activity",0.000717346272194587,9,1.27528380761565,0.278358659099292,0.571322556484659,83484,5,5,1.02635177128651,0.878021102261231,0.999997584339008
"GO:0090556","phosphatidylserine floppase activity",0.00184207937579539,21,1.15878839276716,0.278971154520597,0.571515181788881,171293,6,6,1.02635177128651,0.855464088969983,0.999997584339008
"GO:0016917","GABA receptor activity",0.00127559712397581,15,1.19528345874058,0.279685777015189,0.571515181788881,299597,6,6,1.02635177128651,0.855464088969983,0.999997584339008
"GO:0005114","type II transforming growth factor beta receptor binding",0.00108843397884152,13,1.21404404464147,0.279741641612452,0.571515181788881,151955,5,5,1.02635177128651,0.878021102261231,0.999997584339008
"GO:0070566","adenylyltransferase activity",0.00241841231946414,27,1.13481900255856,0.281191668229545,0.57359650114309,55458,12,12,1.02635177128651,0.731734618562227,0.999997584339008
"GO:0004536","DNA nuclease activity",0.00406469232713419,44,1.10031790620562,0.282813596197085,0.575051424614609,84912,26,26,1.02635177128651,0.50797981903821,0.999997584339008
"GO:0043395","heparan sulfate proteoglycan binding",0.00232624762723147,26,1.13608437427671,0.28384869457881,0.575051424614609,207903,12,12,1.02635177128651,0.731734618562227,0.999997584339008
"GO:0097493","structural molecule activity conferring elasticity",0.000999237988262023,12,1.22069029417687,0.284053184793569,0.575051424614609,86379,7,7,1.02635177128651,0.833483918461968,0.999997584339008
"GO:0035374","chondroitin sulfate binding",0.00137437392443602,16,1.18333649201502,0.284106653500937,0.575051424614609,122783,8,8,1.02635177128651,0.812065907466339,0.999997584339008
"GO:0052689","carboxylic ester hydrolase activity",0.0134273026363285,139,1.05225065435974,0.284157458238886,0.575051424614609,97920,80,84,0.977477877415727,0.935586315618968,0.999997584339008
"GO:0032183","SUMO binding",0.00251934817567211,28,1.12969972145435,0.284556769053953,0.575051424614609,113141,11,11,1.02635177128651,0.751043523109799,0.999997584339008
"GO:0055105","ubiquitin-protein transferase inhibitor activity",0.0016595042241251,19,1.16377338414929,0.285132850457198,0.575051424614609,78003,8,8,1.02635177128651,0.812065907466339,0.999997584339008
"GO:0005021","vascular endothelial growth factor receptor activity",0.00156558529909737,18,1.16866207917339,0.285972275533232,0.575051424614609,193942,6,6,1.02635177128651,0.855464088969983,0.999997584339008
"GO:0140439","protein-cysteine S-stearoyltransferase activity",0.00118842524815984,14,1.19742783010973,0.286300857711219,0.575051424614609,127789,6,6,1.02635177128651,0.855464088969983,0.999997584339008
"GO:0016645","oxidoreductase activity, acting on the CH-NH group of donors",0.00233070067971123,26,1.13391376378857,0.287026470658196,0.575051424614609,55651,13,13,1.02635177128651,0.712919853354805,0.999997584339008
"GO:1990239","steroid hormone binding",0.000633143098031791,8,1.28434379488203,0.288049194249321,0.575051424614609,72307,5,5,1.02635177128651,0.878021102261231,0.999997584339008
"GO:0015078","proton transmembrane transporter activity",0.0147323168948676,152,1.04873489252348,0.28818945795455,0.575051424614609,142963,69,70,1.01168960312528,0.459569737078776,0.999997584339008
"GO:0043394","proteoglycan binding",0.00446519716834441,48,1.09268197381442,0.28852049957698,0.575051424614609,185814,24,24,1.02635177128651,0.535188843474866,0.999997584339008
"GO:0030506","ankyrin binding",0.00156868894173478,18,1.16634988753287,0.288691600202817,0.575051424614609,86324,10,10,1.02635177128651,0.770859481653579,0.999997584339008
"GO:0000774","adenyl-nucleotide exchange factor activity",0.000817607423481377,10,1.24322105248112,0.288753939062637,0.575051424614609,58344,9,9,1.02635177128651,0.791195744733539,0.999997584339008
"GO:0015174","basic amino acid transmembrane transporter activity",0.00128504299287228,15,1.18649737850201,0.288822820783879,0.575051424614609,174775,7,7,1.02635177128651,0.833483918461968,0.999997584339008
"GO:0140537","transcription regulator activator activity",0.0010045006866472,12,1.21429495276461,0.289853333702771,0.576240558781293,41499,5,5,1.02635177128651,0.878021102261231,0.999997584339008
"GO:0099186","structural constituent of postsynapse",0.00349551125562991,38,1.10500965706207,0.290572995276167,0.576809080175078,147487,15,15,1.02635177128651,0.676722711121495,0.999997584339008
"GO:0016805","dipeptidase activity",0.00128936110436781,15,1.18252376090787,0.293030712983051,0.579846960821694,84880,8,8,1.02635177128651,0.812065907466339,0.999997584339008
"GO:0015662","P-type ion transporter activity",0.00166921997499004,19,1.15699960212352,0.293411281678947,0.579846960821694,47694,11,11,1.02635177128651,0.751043523109799,0.999997584339008
"GO:0140358","P-type transmembrane transporter activity",0.00166921997499004,19,1.15699960212352,0.293411281678947,0.579846960821694,47694,11,11,1.02635177128651,0.751043523109799,0.999997584339008
"GO:0004869","cysteine-type endopeptidase inhibitor activity",0.00110246784120199,13,1.19858987320417,0.294514992475374,0.581164599395026,116376,9,9,1.02635177128651,0.791195744733539,0.999997584339008
"GO:0000900","mRNA regulatory element binding translation repressor activity",0.00129152016011557,15,1.1805469162548,0.295141677356834,0.581538416125318,111414,11,11,1.02635177128651,0.751043523109799,0.999997584339008
"GO:0050815","phosphoserine residue binding",0.00129435392078451,15,1.17796231604198,0.297919260068232,0.58225871628013,51706,7,7,1.02635177128651,0.833483918461968,0.999997584339008
"GO:0001851","complement component C3b binding",0.000368523827946467,5,1.37910588740079,0.298438410186416,0.58225871628013,23264,6,6,1.02635177128651,0.855464088969983,0.999997584339008
"GO:0004559","alpha-mannosidase activity",0.000825568941551257,10,1.23123183343954,0.298571547877179,0.58225871628013,63607,5,5,1.02635177128651,0.878021102261231,0.999997584339008
"GO:0015923","mannosidase activity",0.000825568941551257,10,1.23123183343954,0.298571547877179,0.58225871628013,63607,5,5,1.02635177128651,0.878021102261231,0.999997584339008
"GO:0015924","mannosyl-oligosaccharide mannosidase activity",0.000825568941551257,10,1.23123183343954,0.298571547877179,0.58225871628013,63607,5,5,1.02635177128651,0.878021102261231,0.999997584339008
"GO:0005342","organic acid transmembrane transporter activity",0.0132787326126855,137,1.04871413855808,0.299120731533817,0.58225871628013,121975,76,77,1.01302252750357,0.407554847717461,0.999997584339008
"GO:0005184","neuropeptide hormone activity",0.00177164018202459,20,1.14748668702614,0.299322086527161,0.58225871628013,104282,10,10,1.02635177128651,0.770859481653579,0.999997584339008
"GO:0031402","sodium ion binding",0.000641374498070142,8,1.26786052715895,0.299633087800151,0.58225871628013,52802,6,6,1.02635177128651,0.855464088969983,0.999997584339008
"GO:0005078","MAP-kinase scaffold activity",0.00101354173259096,12,1.20346313784846,0.299896501557305,0.58225871628013,154387,8,8,1.02635177128651,0.812065907466339,0.999997584339008
"GO:0046933","proton-transporting ATP synthase activity, rotational mechanism",0.000642454025944023,8,1.26573011669534,0.301160213440757,0.58225871628013,110531,5,5,1.02635177128651,0.878021102261231,0.999997584339008
"GO:0140852","histone ubiquitin ligase activity",0.000459878874273731,6,1.32617541496182,0.301205428461686,0.58225871628013,51876,5,5,1.02635177128651,0.878021102261231,0.999997584339008
"GO:0022858","alanine transmembrane transporter activity",0.000827997879267492,10,1.22762000602724,0.301583750101135,0.58225871628013,51810,10,10,1.02635177128651,0.770859481653579,0.999997584339008
"GO:0003707","nuclear steroid receptor activity",0.00351426805243861,38,1.09911185948377,0.301624682283729,0.58225871628013,127771,14,15,0.957928319867412,0.944681647912226,0.999997584339008
"GO:0015116","sulfate transmembrane transporter activity",0.000921377040358285,11,1.21352431058603,0.301636282343616,0.58225871628013,225796,7,7,1.02635177128651,0.833483918461968,0.999997584339008
"GO:0019894","kinesin binding",0.0063612529378339,67,1.07059526933639,0.304144685661273,0.584153288809618,76618,22,22,1.02635177128651,0.563848030616973,0.999997584339008
"GO:0004197","cysteine-type endopeptidase activity",0.0057716957777101,61,1.07428518137092,0.304553385423083,0.584153288809618,73866,37,39,0.973718347117974,0.922312793436573,0.999997584339008
"GO:0097157","pre-mRNA intronic binding",0.00168217430947662,19,1.14808961000064,0.304567596382175,0.584153288809618,256488,7,7,1.02635177128651,0.833483918461968,0.999997584339008
"GO:0016634","oxidoreductase activity, acting on the CH-CH group of donors, oxygen as acceptor",0.000552988153396053,7,1.2866943508756,0.304586044917001,0.584153288809618,52742,5,5,1.02635177128651,0.878021102261231,0.999997584339008
"GO:0008131","primary methylamine oxidase activity",0.000371897352552348,5,1.36659585576617,0.304813821378853,0.584153288809618,59526,5,5,1.02635177128651,0.878021102261231,0.999997584339008
"GO:0120283","protein serine/threonine kinase binding",0.000830966580920667,10,1.22323422490795,0.305275590236816,0.584196453258942,96742,6,6,1.02635177128651,0.855464088969983,0.999997584339008
"GO:0005165","neurotrophin receptor binding",0.000832720813715725,10,1.22065732571433,0.307462288713193,0.586633226754361,390600,6,6,1.02635177128651,0.855464088969983,0.999997584339008
"GO:0035014","phosphatidylinositol 3-kinase regulator activity",0.00168608759801944,19,1.14542497625194,0.307962940127428,0.586633226754361,275856,6,6,1.02635177128651,0.855464088969983,0.999997584339008
"GO:0034061","DNA polymerase activity",0.00284415112472636,31,1.10790419446068,0.308154061694112,0.586633226754361,79689,16,16,1.02635177128651,0.659316108991217,0.999997584339008
"GO:0051864","histone H3K36 demethylase activity",0.00159203373200748,18,1.14924711328781,0.309406084534112,0.586633226754361,159604,8,9,0.912312685588012,0.979027209328735,0.999997584339008
"GO:0120227","acyl-CoA binding",0.00149649551516892,17,1.15469340007857,0.309408822528373,0.586633226754361,103440,6,6,1.02635177128651,0.855464088969983,0.999997584339008
"GO:0072341","modified amino acid binding",0.0076566863864923,80,1.06204351096852,0.309511740882572,0.586633226754361,136387,34,36,0.969332228437263,0.935876180064393,0.999997584339008
"GO:0005402","carbohydrate:monoatomic cation symporter activity",0.00245862473276625,27,1.11625829658916,0.309636485098918,0.586633226754361,134733,7,7,1.02635177128651,0.833483918461968,0.999997584339008
"GO:0047184","1-acylglycerophosphocholine O-acyltransferase activity",0.00083514975143196,10,1.21710718322558,0.310496167058317,0.58742518092114,85590,5,5,1.02635177128651,0.878021102261231,0.999997584339008
"GO:0016780","phosphotransferase activity, for other substituted phosphate groups",0.000742445295262344,9,1.23217170506812,0.311305098349395,0.588119006824852,27818,7,8,0.898057799875699,0.983409995431369,0.999997584339008
"GO:0051427","hormone receptor binding",0.00246294284426178,27,1.11430123624011,0.312745150013859,0.590001488678628,148832,11,11,1.02635177128651,0.751043523109799,0.999997584339008
"GO:1901567","fatty acid derivative binding",0.00150108350863292,17,1.15116413222504,0.313663027139209,0.590530179330011,77820,6,6,1.02635177128651,0.855464088969983,0.999997584339008
"GO:0003887","DNA-directed DNA polymerase activity",0.0024645621360726,27,1.11356910664994,0.313913411117532,0.590530179330011,88318,13,13,1.02635177128651,0.712919853354805,0.999997584339008
"GO:0008296","3'-5'-DNA exonuclease activity",0.00102690089003025,12,1.18780704709327,0.314903906728615,0.591556773939347,53732,7,7,1.02635177128651,0.833483918461968,0.999997584339008
"GO:0001965","G-protein alpha-subunit binding",0.00324533067085775,35,1.09623148646324,0.315911158731119,0.592611905659222,245286,16,17,0.965978137681424,0.930690971471281,0.999997584339008
"GO:1990275","preribosome binding",0.000746358583805166,9,1.22571121339447,0.316520069729826,0.592681596335694,57330,6,6,1.02635177128651,0.855464088969983,0.999997584339008
"GO:0019213","deacetylase activity",0.00619244176655561,65,1.06695132535172,0.316839560146375,0.592681596335694,180007,14,17,0.845230870471246,0.999227089512105,0.999997584339008
"GO:0003697","single-stranded DNA binding",0.00847847698048497,88,1.05501347967487,0.321350903798782,0.599521854887126,126872,48,48,1.02635177128651,0.285898004182502,0.999997584339008
"GO:0005246","calcium channel regulator activity",0.00501939979059858,53,1.07329044525125,0.321397806416933,0.599521854887126,157306,25,26,0.986876703160109,0.857105101150257,0.999997584339008
"GO:0048019","receptor antagonist activity",0.00179889826084011,20,1.13009922091113,0.322412136387438,0.600571626604051,157003,6,6,1.02635177128651,0.855464088969983,0.999997584339008
"GO:0001786","phosphatidylserine binding",0.00423593243612872,45,1.07983318806104,0.322948875006086,0.600730075186146,150368,20,21,0.977477877415727,0.899813738648131,0.999997584339008
"GO:0140658","ATP-dependent chromatin remodeler activity",0.00296708236136467,32,1.09625997554784,0.325223503270129,0.604116284007362,144505,10,11,0.933047064805921,0.969019067091385,0.999997584339008
"GO:0019955","cytokine binding",0.0112760734656502,116,1.0456666914903,0.326883492665085,0.606352922237885,115090,62,63,1.01006047332958,0.515969730768923,0.999997584339008
"GO:0140333","glycerophospholipid flippase activity",0.00180470072316223,20,1.12646573306163,0.327390105554562,0.606446852907475,190798,7,7,1.02635177128651,0.833483918461968,0.999997584339008
"GO:0001056","RNA polymerase III activity",0.000476476615334666,6,1.27997899014157,0.329389950770533,0.608689305776477,25418,4,5,0.821081417029211,0.99376570721048,0.999997584339008
"GO:0051393","alpha-actinin binding",0.002486017752566,27,1.10395843043231,0.329516015157191,0.608689305776477,211154,15,15,1.02635177128651,0.676722711121495,0.999997584339008
"GO:0051428","peptide hormone receptor binding",0.00200346879294075,22,1.11617754329918,0.331864674424349,0.612177554763362,176243,9,9,1.02635177128651,0.791195744733539,0.999997584339008
"GO:0070273","phosphatidylinositol-4-phosphate binding",0.00346825317681439,37,1.0843865271511,0.3330177799206,0.613361310926266,130328,14,14,1.02635177128651,0.694586640240878,0.999997584339008
"GO:0008188","neuropeptide receptor activity",0.00445156812893665,47,1.0731934547219,0.333428742706534,0.613361310926266,160268,22,22,1.02635177128651,0.563848030616973,0.999997584339008
"GO:1902282","voltage-gated potassium channel activity involved in ventricular cardiac muscle cell action potential repolarization",0.000572554596110164,7,1.24272294364558,0.334925579975869,0.614425183693537,72260,6,6,1.02635177128651,0.855464088969983,0.999997584339008
"GO:0140327","flippase activity",0.00191076433677113,21,1.11713420548479,0.335348410798988,0.614425183693537,186130,8,8,1.02635177128651,0.812065907466339,0.999997584339008
"GO:0015250","water channel activity",0.000479985080924783,6,1.27062294466963,0.335392995008652,0.614425183693537,118153,6,6,1.02635177128651,0.855464088969983,0.999997584339008
"GO:0003678","DNA helicase activity",0.00279017473103226,30,1.09290656627893,0.337763958671958,0.617917558505783,89782,20,20,1.02635177128651,0.59403428430269,0.999997584339008
"GO:0008157","protein phosphatase 1 binding",0.00181832976256999,20,1.11802246485835,0.33915975265084,0.618360301755854,62572,14,14,1.02635177128651,0.694586640240878,0.999997584339008
"GO:0008429","phosphatidylethanolamine binding",0.00172171201785755,19,1.12172467107673,0.339349537559013,0.618360301755854,105893,9,9,1.02635177128651,0.791195744733539,0.999997584339008
"GO:0005035","death receptor activity",0.000953492994606274,11,1.17264987159375,0.339922578078733,0.618360301755854,38554,6,6,1.02635177128651,0.855464088969983,0.999997584339008
"GO:0140693","molecular condensate scaffold activity",0.0031854168738573,34,1.08494025306035,0.340210472110004,0.618360301755854,128468,21,22,0.979699418046217,0.891588211922751,0.999997584339008
"GO:0140597","protein carrier chaperone",0.00181967917241234,20,1.1171933788629,0.340330632244575,0.618360301755854,65175,14,14,1.02635177128651,0.694586640240878,0.999997584339008
"GO:0051721","protein phosphatase 2A binding",0.00417021617680615,44,1.07247527733386,0.341321727439745,0.619028410875507,149868,14,14,1.02635177128651,0.694586640240878,0.999997584339008
"GO:0051861","glycolipid binding",0.00201534359955345,22,1.1096008025017,0.341629213220016,0.619028410875507,56482,12,12,1.02635177128651,0.731734618562227,0.999997584339008
"GO:0051119","sugar transmembrane transporter activity",0.00368186475485879,39,1.07668820935438,0.343603253454407,0.621145335786319,101445,13,13,1.02635177128651,0.712919853354805,0.999997584339008
"GO:0004016","adenylate cyclase activity",0.00182359246095516,20,1.11479596817865,0.343731554239647,0.621145335786319,157973,9,9,1.02635177128651,0.791195744733539,0.999997584339008
"GO:0046875","ephrin receptor binding",0.0028002953048499,30,1.08895668229324,0.344837389138073,0.622298137793266,159640,14,14,1.02635177128651,0.694586640240878,0.999997584339008
"GO:0005102","signaling receptor binding",0.138649567304987,1378,1.01023841950891,0.346121966647355,0.623769939892929,138982,671,683,1.00831923650549,0.0971372808251787,0.999997584339008
"GO:0008198","ferrous iron binding",0.0023141029386503,25,1.09812180841203,0.346833300819741,0.62420607590021,85441,12,12,1.02635177128651,0.731734618562227,0.999997584339008
"GO:0019705","protein-cysteine S-myristoyltransferase activity",0.00115118153651091,13,1.1478700344717,0.347328928520216,0.62425334450255,119786,5,5,1.02635177128651,0.878021102261231,0.999997584339008
"GO:0140104","molecular carrier activity",0.00556604571773558,58,1.05919130310566,0.348026648063327,0.624663214472638,64792,34,39,0.894768210865166,0.999571177709552,0.999997584339008
"GO:0035615","clathrin adaptor activity",0.00202708346518192,22,1.10317454302775,0.35134964376206,0.629777663347089,43089,6,6,1.02635177128651,0.855464088969983,0.999997584339008
"GO:0004089","carbonate dehydratase activity",0.00163926307648981,18,1.11613577894054,0.352500040321787,0.630561145388455,89621,8,8,1.02635177128651,0.812065907466339,0.999997584339008
"GO:0016725","oxidoreductase activity, acting on CH or CH2 groups",0.00077321183966798,9,1.18314288329578,0.352734956518053,0.630561145388455,108142,5,5,1.02635177128651,0.878021102261231,0.999997584339008
"GO:0004300","enoyl-CoA hydratase activity",0.000774426308526098,9,1.18128745796913,0.354387251552119,0.632664489348078,42458,8,8,1.02635177128651,0.812065907466339,0.999997584339008
"GO:0022829","wide pore channel activity",0.0019339741860596,21,1.10372734786942,0.355034120752927,0.632969679090338,144259,13,13,1.02635177128651,0.712919853354805,0.999997584339008
"GO:0015295","solute:proton symporter activity",0.00380088270295428,40,1.06971652742331,0.356071361985211,0.633958049013638,141521,14,14,1.02635177128651,0.694586640240878,0.999997584339008
"GO:0008200","ion channel inhibitor activity",0.00340766467489276,36,1.07383815329423,0.356830304007674,0.633958049013638,182555,20,21,0.977477877415727,0.899813738648131,0.999997584339008
"GO:0016779","nucleotidyltransferase activity",0.0106681643316704,109,1.03855615233267,0.358648912878969,0.633958049013638,88458,56,58,0.990960330897323,0.813731434068763,0.999997584339008
"GO:0016538","cyclin-dependent protein serine/threonine kinase regulator activity",0.00311538250303921,33,1.07670255893119,0.358921539631076,0.633958049013638,97009,19,19,1.02635177128651,0.609725197369245,0.999997584339008
"GO:0008330","protein tyrosine/threonine phosphatase activity",0.0017441122212406,19,1.10731799445013,0.359458077267701,0.633958049013638,43231,9,9,1.02635177128651,0.791195744733539,0.999997584339008
"GO:0017017","MAP kinase tyrosine/serine/threonine phosphatase activity",0.0017441122212406,19,1.10731799445013,0.359458077267701,0.633958049013638,43231,9,9,1.02635177128651,0.791195744733539,0.999997584339008
"GO:0033550","MAP kinase tyrosine phosphatase activity",0.0017441122212406,19,1.10731799445013,0.359458077267701,0.633958049013638,43231,9,9,1.02635177128651,0.791195744733539,0.999997584339008
"GO:0004521","RNA endonuclease activity",0.0061851549534069,64,1.05177434079527,0.359622489528842,0.633958049013638,73416,33,34,0.996164954483969,0.783108582220176,0.999997584339008
"GO:0004090","carbonyl reductase (NADPH) activity",0.000683341144167304,8,1.18999626492624,0.360032203152958,0.633958049013638,76005,5,5,1.02635177128651,0.878021102261231,0.999997584339008
"GO:0043422","protein kinase B binding",0.000874417577844418,10,1.16245005508999,0.360355101544594,0.633958049013638,31285,5,5,1.02635177128651,0.878021102261231,0.999997584339008
"GO:0005388","P-type calcium transporter activity",0.000874957341781359,10,1.1617329359937,0.361048819261747,0.634339405043757,53016,5,5,1.02635177128651,0.878021102261231,0.999997584339008
"GO:0046943","carboxylic acid transmembrane transporter activity",0.0131798208712411,134,1.0334476270702,0.362473070872848,0.63544576958762,123586,75,76,1.01284714271695,0.414710982310685,0.999997584339008
"GO:0097110","scaffold protein binding",0.00728789267657736,75,1.04605007919889,0.363413233370713,0.63544576958762,124898,38,38,1.02635177128651,0.37133479806173,0.999997584339008
"GO:0030145","manganese ion binding",0.005896111365175,61,1.05161637244466,0.364026411933803,0.63544576958762,169401,28,30,0.957928319867412,0.959271178331454,0.999997584339008
"GO:0008238","exopeptidase activity",0.00938420086667197,96,1.03984143662249,0.36410787330561,0.63544576958762,149280,42,44,0.979699418046217,0.897216510278283,0.999997584339008
"GO:0048306","calcium-dependent protein binding",0.00729086137823054,75,1.04562414727695,0.364722494904489,0.63544576958762,86254,32,33,0.995250202459649,0.79258718763598,0.999997584339008
"GO:0003836","beta-galactoside (CMP) alpha-2,3-sialyltransferase activity",0.000687254432710126,8,1.18322031918054,0.365742555649383,0.63544576958762,58662,5,5,1.02635177128651,0.878021102261231,0.999997584339008
"GO:0005385","zinc ion transmembrane transporter activity",0.00155627437118513,17,1.11033987747085,0.36593172354164,0.63544576958762,295066,8,8,1.02635177128651,0.812065907466339,0.999997584339008
"GO:0022841","potassium ion leak channel activity",0.000975083552083914,11,1.14668474850283,0.366143082099329,0.63544576958762,310164,6,6,1.02635177128651,0.855464088969983,0.999997584339008
"GO:0005243","gap junction channel activity",0.00145938674450422,16,1.1144042691792,0.36634979182712,0.63544576958762,136149,9,9,1.02635177128651,0.791195744733539,0.999997584339008
"GO:0002039","p53 binding",0.00789296804988822,81,1.04312860718668,0.366456319754665,0.63544576958762,106841,35,36,0.997841999861888,0.76404602790828,0.999997584339008
"GO:0008474","palmitoyl-(protein) hydrolase activity",0.000976432961926266,11,1.14510005426775,0.367791105353404,0.636007277080334,57181,8,9,0.912312685588012,0.979027209328735,0.999997584339008
"GO:0098599","palmitoyl hydrolase activity",0.000976432961926266,11,1.14510005426775,0.367791105353404,0.636007277080334,57181,8,9,0.912312685588012,0.979027209328735,0.999997584339008
"GO:0042056","chemoattractant activity",0.00263647694998831,28,1.07951140339609,0.368214739362299,0.636007277080334,153419,17,17,1.02635177128651,0.642355180086213,0.999997584339008
"GO:1901611","phosphatidylglycerol binding",0.0011714226841462,13,1.12803585578598,0.369790013160079,0.63789976329819,67028,7,8,0.898057799875699,0.983409995431369,0.999997584339008
"GO:1990948","ubiquitin ligase inhibitor activity",0.00117236727103585,13,1.12712698711764,0.370843359893923,0.638441105578669,57016,6,6,1.02635177128651,0.855464088969983,0.999997584339008
"GO:0070063","RNA polymerase binding",0.00640821240034777,66,1.04688799418999,0.371063890685948,0.638441105578669,154271,23,23,1.02635177128651,0.549332452901029,0.999997584339008
"GO:0030169","low-density lipoprotein particle binding",0.00166031387003051,18,1.10198451256255,0.372098184734634,0.639393521572433,181256,8,8,1.02635177128651,0.812065907466339,0.999997584339008
"GO:0046624","sphingolipid transporter activity",0.00107790858207117,12,1.13159885182521,0.373603431870682,0.640038488140165,149171,7,7,1.02635177128651,0.833483918461968,0.999997584339008
"GO:0160041","neuropeptide activity",0.00234864783061452,25,1.08197017480367,0.373773433594361,0.640038488140165,219905,11,11,1.02635177128651,0.751043523109799,0.999997584339008
"GO:0015180","L-alanine transmembrane transporter activity",0.000692921954048007,8,1.17354256778705,0.374026207074309,0.640038488140165,42546,8,8,1.02635177128651,0.812065907466339,0.999997584339008
"GO:0032451","demethylase activity",0.00264484329101089,28,1.07609662242616,0.374398453964698,0.640038488140165,115583,16,17,0.965978137681424,0.930690971471281,0.999997584339008
"GO:0016722","oxidoreductase activity, acting on metal ions",0.00069454124585883,8,1.17080650584544,0.376395424123962,0.642626333870178,51939,5,5,1.02635177128651,0.878021102261231,0.999997584339008
"GO:0008199","ferric iron binding",0.00137248475065672,15,1.11090497841655,0.37695605691831,0.642639155279363,67759,5,5,1.02635177128651,0.878021102261231,0.999997584339008
"GO:0030507","spectrin binding",0.00255024966106198,27,1.07615356176805,0.377369308476077,0.642639155279363,120244,14,14,1.02635177128651,0.694586640240878,0.999997584339008
"GO:0035312","5'-3' DNA exonuclease activity",0.000600487379846861,7,1.18491538199735,0.378853897979131,0.644342307304659,62195,5,5,1.02635177128651,0.878021102261231,0.999997584339008
"GO:0070008","serine-type exopeptidase activity",0.00137504862935719,15,1.10883361486503,0.379608305729196,0.644800825823538,47440,5,5,1.02635177128651,0.878021102261231,0.999997584339008
"GO:0140078","class I DNA-(apurinic or apyrimidinic site) endonuclease activity",0.000794397574192915,9,1.1515897267343,0.381676997861838,0.647487764229903,103352,5,5,1.02635177128651,0.878021102261231,0.999997584339008
"GO:0015145","monosaccharide transmembrane transporter activity",0.0036478596268315,38,1.05886028766825,0.383915100563532,0.64754430537153,103309,12,12,1.02635177128651,0.731734618562227,0.999997584339008
"GO:0015149","hexose transmembrane transporter activity",0.0036478596268315,38,1.05886028766825,0.383915100563532,0.64754430537153,103309,12,12,1.02635177128651,0.731734618562227,0.999997584339008
"GO:0055056","D-glucose transmembrane transporter activity",0.0036478596268315,38,1.05886028766825,0.383915100563532,0.64754430537153,103309,12,12,1.02635177128651,0.731734618562227,0.999997584339008
"GO:0015106","bicarbonate transmembrane transporter activity",0.0016736730274698,18,1.09318853846405,0.384625358000644,0.64754430537153,239727,11,11,1.02635177128651,0.751043523109799,0.999997584339008
"GO:0097153","cysteine-type endopeptidase activity involved in apoptotic process",0.00041359411668104,5,1.22882159167751,0.384631579882337,0.64754430537153,27538,5,5,1.02635177128651,0.878021102261231,0.999997584339008
"GO:0097199","cysteine-type endopeptidase activity involved in apoptotic signaling pathway",0.00041359411668104,5,1.22882159167751,0.384631579882337,0.64754430537153,27538,5,5,1.02635177128651,0.878021102261231,0.999997584339008
"GO:0005523","tropomyosin binding",0.00138139085561625,15,1.10374275036385,0.386178945405625,0.648681834179507,245609,7,7,1.02635177128651,0.833483918461968,0.999997584339008
"GO:0004126","cytidine deaminase activity",0.000797771098798796,9,1.14672001374912,0.386303173189636,0.648681834179507,24762,6,6,1.02635177128651,0.855464088969983,0.999997584339008
"GO:0016811","hydrolase activity, acting on carbon-nitrogen (but not peptide) bonds, in linear amides",0.00694068952414006,71,1.03979784455293,0.386770446995751,0.648681834179507,168455,28,30,0.957928319867412,0.959271178331454,0.999997584339008
"GO:0008138","protein tyrosine/serine/threonine phosphatase activity",0.00246483201804107,26,1.07220839418352,0.38751248258011,0.64887753408184,46514,15,16,0.962204785581106,0.937821743075676,0.999997584339008
"GO:0089720","caspase binding",0.000895738253353587,10,1.13478101189863,0.387862886913581,0.64887753408184,130464,5,5,1.02635177128651,0.878021102261231,0.999997584339008
"GO:0140034","methylation-dependent protein binding",0.00714579982017764,73,1.03840123512372,0.389150781264094,0.649800171019045,171918,37,37,1.02635177128651,0.381165339668757,0.999997584339008
"GO:0061134","peptidase regulator activity",0.0149691383222005,151,1.02535281382522,0.38939153105427,0.649800171019045,94627,87,89,1.0032876865385,0.598640646504084,0.999997584339008
"GO:0005507","copper ion binding",0.00346029165874451,36,1.05750633253283,0.390957567146437,0.651595945244061,70760,23,23,1.02635177128651,0.549332452901029,0.999997584339008
"GO:0019905","syntaxin binding",0.0048540970849104,50,1.04701939800166,0.391454731080604,0.651608000422032,131840,24,25,0.985297700435053,0.865935938774287,0.999997584339008
"GO:0034046","poly(G) binding",0.000802628974231265,9,1.13977954291944,0.39296993755792,0.653312521190043,156149,5,5,1.02635177128651,0.878021102261231,0.999997584339008
"GO:0019763","immunoglobulin receptor activity",0.000706685934440002,8,1.15068571426131,0.394187959293132,0.654118631404184,44466,5,5,1.02635177128651,0.878021102261231,0.999997584339008
"GO:0015081","sodium ion transmembrane transporter activity",0.00966271905813352,98,1.030907988024,0.394724077764712,0.654118631404184,88702,64,65,1.01056174403595,0.499422320690001,0.999997584339008
"GO:0004842","ubiquitin-protein transferase activity",0.0421195342323012,420,1.01358205314174,0.395683697233329,0.654118631404184,124328,212,218,0.998103557397894,0.672481651650073,0.999997584339008
"GO:0055106","ubiquitin-protein transferase regulator activity",0.00346933270468827,36,1.05475048172459,0.396878809576135,0.654118631404184,120922,17,17,1.02635177128651,0.642355180086213,0.999997584339008
"GO:0008374","O-acyltransferase activity",0.00337028602225959,35,1.05558805450997,0.397121256640289,0.654118631404184,130173,21,21,1.02635177128651,0.578745311585418,0.999997584339008
"GO:0048038","quinone binding",0.00119611688426125,13,1.10474720939509,0.397436805611475,0.654118631404184,153774,8,8,1.02635177128651,0.812065907466339,0.999997584339008
"GO:0004550","nucleoside diphosphate kinase activity",0.00109882443462764,12,1.11005914630723,0.398079447884573,0.654118631404184,278898,6,7,0.879730089674154,0.987345112018076,0.999997584339008
"GO:0032356","oxidized DNA binding",0.00119679158918243,13,1.10412439554381,0.398194710952812,0.654118631404184,83852,5,5,1.02635177128651,0.878021102261231,0.999997584339008
"GO:0032357","oxidized purine DNA binding",0.00119679158918243,13,1.10412439554381,0.398194710952812,0.654118631404184,83852,5,5,1.02635177128651,0.878021102261231,0.999997584339008
"GO:0000062","fatty-acyl-CoA binding",0.00139313072124472,15,1.09444154741134,0.398373001080743,0.654118631404184,80188,5,5,1.02635177128651,0.878021102261231,0.999997584339008
"GO:0017147","Wnt-protein binding",0.00516850957817853,53,1.04232637178243,0.399676286346724,0.654800791093761,171587,23,23,1.02635177128651,0.549332452901029,0.999997584339008
"GO:0004714","transmembrane receptor protein tyrosine kinase activity",0.00907356672096242,92,1.03063045588621,0.399773114562507,0.654800791093761,211956,38,38,1.02635177128651,0.37133479806173,0.999997584339008
"GO:0016651","oxidoreductase activity, acting on NAD(P)H",0.00567224427232872,58,1.03936060117764,0.401809685929162,0.656678186024228,159582,32,32,1.02635177128651,0.43434136973189,0.999997584339008
"GO:0005372","water transmembrane transporter activity",0.000809376023443027,9,1.13027821295179,0.402235922656651,0.656678186024228,88680,9,9,1.02635177128651,0.791195744733539,0.999997584339008
"GO:0015166","polyol transmembrane transporter activity",0.000519117966353005,6,1.17483904709901,0.40282660516997,0.656678186024228,101958,5,5,1.02635177128651,0.878021102261231,0.999997584339008
"GO:0016706","2-oxoglutarate-dependent dioxygenase activity",0.0043755963548122,45,1.04536617548955,0.402894285560729,0.656678186024228,114368,25,26,0.986876703160109,0.857105101150257,0.999997584339008
"GO:0046332","SMAD binding",0.011293750734585,114,1.02602947008875,0.404030515418736,0.657200615477083,142732,39,39,1.02635177128651,0.361756628310045,0.999997584339008
"GO:0015399","primary active transmembrane transporter activity",0.0097882141734723,99,1.02807527102214,0.40458194725609,0.657200615477083,139896,52,53,1.00698664352639,0.603431784016404,0.999997584339008
"GO:0005003","ephrin receptor activity",0.00189308706783632,20,1.0738721729251,0.405158114145162,0.657200615477083,264462,8,8,1.02635177128651,0.812065907466339,0.999997584339008
"GO:0008097","5S rRNA binding",0.00100706456534767,11,1.11026986368504,0.405383538860638,0.657200615477083,49024,4,5,0.821081417029211,0.99376570721048,0.999997584339008
"GO:0030547","signaling receptor inhibitor activity",0.00298502951226796,31,1.05561668580298,0.405685492711793,0.657200615477083,127537,11,11,1.02635177128651,0.751043523109799,0.999997584339008
"GO:0050664","oxidoreductase activity, acting on NAD(P)H, oxygen as acceptor",0.00052181678603771,6,1.16876281722004,0.407480009671613,0.657399228862157,146792,5,5,1.02635177128651,0.878021102261231,0.999997584339008
"GO:0098882","structural constituent of presynaptic active zone",0.00091098658457217,10,1.11578675114548,0.407620583235063,0.657399228862157,297629,6,6,1.02635177128651,0.855464088969983,0.999997584339008
"GO:0086080","protein binding involved in heterotypic cell-cell adhesion",0.00110705583466599,12,1.10180541545341,0.407741867728203,0.657399228862157,81843,6,6,1.02635177128651,0.855464088969983,0.999997584339008
"GO:0070034","telomerase RNA binding",0.00140217176718848,15,1.0873847113343,0.40778523594833,0.657399228862157,109638,7,7,1.02635177128651,0.833483918461968,0.999997584339008
"GO:0033612","receptor serine/threonine kinase binding",0.00418505968507203,43,1.04438345053935,0.408287848501769,0.657412637418103,220613,19,19,1.02635177128651,0.609725197369245,0.999997584339008
"GO:0004602","glutathione peroxidase activity",0.00170079616530109,18,1.07575511286652,0.410210768974303,0.659710184686605,128125,7,7,1.02635177128651,0.833483918461968,0.999997584339008
"GO:0050145","nucleoside monophosphate kinase activity",0.00279314343268543,29,1.05535346805406,0.410808669650594,0.659873829269675,171893,9,9,1.02635177128651,0.791195744733539,0.999997584339008
"GO:0010181","FMN binding",0.000427762920025741,5,1.1881192992087,0.411801174265533,0.660670158954354,88271,5,5,1.02635177128651,0.878021102261231,0.999997584339008
"GO:0005095","GTPase inhibitor activity",0.00120947604170054,13,1.09254482473257,0.41245824859109,0.660927073043554,112225,7,7,1.02635177128651,0.833483918461968,0.999997584339008
"GO:0042162","telomeric DNA binding",0.00220102239386116,23,1.06217617687825,0.414272698279418,0.663035726488118,87328,13,13,1.02635177128651,0.712919853354805,0.999997584339008
"GO:0016868","intramolecular phosphotransferase activity",0.000721259560737409,8,1.12743518907138,0.415555458389718,0.664289374589332,30392,5,5,1.02635177128651,0.878021102261231,0.999997584339008
"GO:0035064","methylated histone binding",0.00710882599049719,72,1.02950342192211,0.418161637547353,0.666331523680428,174263,36,36,1.02635177128651,0.391254870447853,0.999997584339008
"GO:0009055","electron transfer activity",0.00751189471040788,76,1.02838866697334,0.418764931167121,0.666331523680428,155772,34,35,0.997027434964042,0.773592147472508,0.999997584339008
"GO:0016813","hydrolase activity, acting on carbon-nitrogen (but not peptide) bonds, in linear amidines",0.00131392036349863,14,1.0830591455044,0.418853435465119,0.666331523680428,29729,6,6,1.02635177128651,0.855464088969983,0.999997584339008
"GO:0030552","cAMP binding",0.00180928871662623,19,1.06742877970375,0.419005192982422,0.666331523680428,139791,10,11,0.933047064805921,0.969019067091385,0.999997584339008
"GO:0031492","nucleosomal DNA binding",0.00310445228331615,32,1.04775121022107,0.41965755373233,0.666331523680428,122768,11,11,1.02635177128651,0.751043523109799,0.999997584339008
"GO:0016595","glutamate binding",0.00101880443097613,11,1.09747602552072,0.419838960033232,0.666331523680428,216979,7,7,1.02635177128651,0.833483918461968,0.999997584339008
"GO:0043130","ubiquitin binding",0.00852314244626684,86,1.02563276447951,0.421429198533041,0.668058205064297,174032,41,41,1.02635177128651,0.343331772303089,0.999997584339008
"GO:0019199","transmembrane receptor protein kinase activity",0.0109402053558886,110,1.02202234904919,0.422099673369963,0.668324482835775,205811,47,48,1.00496944271804,0.649651203802549,0.999997584339008
"GO:0005068","transmembrane receptor protein tyrosine kinase adaptor activity",0.00221316708244233,23,1.05634751667954,0.424388229926756,0.671149043760505,231686,6,6,1.02635177128651,0.855464088969983,0.999997584339008
"GO:0097602","cullin family protein binding",0.00371290118123289,38,1.04031147216194,0.425482523867712,0.672080471192466,262946,12,12,1.02635177128651,0.731734618562227,0.999997584339008
"GO:0034481","chondroitin sulfotransferase activity",0.000926369856774989,10,1.09725802723716,0.427566076414721,0.674570440844103,61143,5,5,1.02635177128651,0.878021102261231,0.999997584339008
"GO:0019865","immunoglobulin binding",0.00112567769049045,12,1.08357847379283,0.429621256115184,0.67700979932843,84433,9,10,0.923716594157862,0.974222112453179,0.999997584339008
"GO:0004520","DNA endonuclease activity",0.00252164217240411,26,1.04805257816429,0.431787915923208,0.679143863714287,102325,15,15,1.02635177128651,0.676722711121495,0.999997584339008
"GO:0061578","K63-linked deubiquitinase activity",0.000930283145317811,10,1.09264234943184,0.432635952954927,0.679143863714287,165401,7,9,0.79827359988951,0.998749746790585,0.999997584339008
"GO:0030276","clathrin binding",0.00533057370024507,54,1.02970539775989,0.432984040843763,0.679143863714287,86451,20,20,1.02635177128651,0.59403428430269,0.999997584339008
"GO:0016776","phosphotransferase activity, phosphate group as acceptor",0.00322360517239588,33,1.04055556858991,0.433018042428358,0.679143863714287,152269,13,14,0.953040930480334,0.951251623835863,0.999997584339008
"GO:0004540","RNA nuclease activity",0.0100643034272176,101,1.02007201648539,0.433944985780872,0.679796031906431,81496,52,54,0.988338742720346,0.839215259137951,0.999997584339008
"GO:0019206","nucleoside kinase activity",0.000834070223558078,9,1.09681422444343,0.436136264591682,0.682370812567624,16935,5,5,1.02635177128651,0.878021102261231,0.999997584339008
"GO:0035613","RNA stem-loop binding",0.00103243347038389,11,1.08298836657711,0.436614707891013,0.682370812567624,27025,10,10,1.02635177128651,0.770859481653579,0.999997584339008
"GO:0005044","scavenger receptor activity",0.00323021728062341,33,1.0384255985481,0.437596343707486,0.682527593840103,96523,12,12,1.02635177128651,0.731734618562227,0.999997584339008
"GO:0000146","microfilament motor activity",0.00272945128812639,28,1.04273959556794,0.437741381613239,0.682527593840103,128970,13,14,0.953040930480334,0.951251623835863,0.999997584339008
"GO:0016303","1-phosphatidylinositol-3-kinase activity",0.00143199372470447,15,1.0647394021367,0.438891290842891,0.683519223443847,154087,5,5,1.02635177128651,0.878021102261231,0.999997584339008
"GO:0004022","alcohol dehydrogenase (NAD+) activity",0.000935815725671456,10,1.08618260374667,0.439798016176261,0.684130247385295,92241,5,5,1.02635177128651,0.878021102261231,0.999997584339008
"GO:0016627","oxidoreductase activity, acting on the CH-CH group of donors",0.00383839629657168,39,1.03278037589152,0.441614594562097,0.684777735519694,68543,26,28,0.953040930480334,0.965894105259654,0.999997584339008
"GO:0008195","phosphatidate phosphatase activity",0.0011362030872608,12,1.07354057344178,0.44198041045091,0.684777735519694,176126,6,7,0.879730089674154,0.987345112018076,0.999997584339008
"GO:0005041","low-density lipoprotein particle receptor activity",0.000838928098990547,9,1.09046304025813,0.442788610937547,0.684777735519694,116878,7,7,1.02635177128651,0.833483918461968,0.999997584339008
"GO:0031386","protein tag activity",0.000838928098990547,9,1.09046304025813,0.442788610937547,0.684777735519694,36014,5,5,1.02635177128651,0.878021102261231,0.999997584339008
"GO:0141047","molecular tag activity",0.000838928098990547,9,1.09046304025813,0.442788610937547,0.684777735519694,36014,5,5,1.02635177128651,0.878021102261231,0.999997584339008
"GO:0000149","SNARE binding",0.00998927623998283,100,1.01755796628029,0.444119336311024,0.686037999179631,149419,46,48,0.983587114149575,0.875138169712789,0.999997584339008
"GO:0030548","acetylcholine receptor regulator activity",0.00133928926853485,14,1.06254376823943,0.446302223798325,0.688388799399772,112370,6,6,1.02635177128651,0.855464088969983,0.999997584339008
"GO:0043028","cysteine-type endopeptidase regulator activity involved in apoptotic process",0.00354476471487577,36,1.03230556492974,0.446676341264664,0.688388799399772,94309,23,23,1.02635177128651,0.549332452901029,0.999997584339008
"GO:0030983","mismatched DNA binding",0.000842571505564899,9,1.08574771321025,0.447771583874975,0.68927801684458,79263,6,6,1.02635177128651,0.855464088969983,0.999997584339008
"GO:0038024","cargo receptor activity",0.00596533609008768,60,1.02237333774965,0.449170555591204,0.690632183741389,97488,29,29,1.02635177128651,0.469726550663431,0.999997584339008
"GO:0071855","neuropeptide receptor binding",0.00254512190366104,26,1.03838388887949,0.450176632187255,0.690781977323017,61091,16,16,1.02635177128651,0.659316108991217,0.999997584339008
"GO:0001664","G protein-coupled receptor binding",0.0293325265661689,291,1.00840896518063,0.450516189733732,0.690781977323017,170387,131,133,1.01091791006416,0.331180386868552,0.999997584339008
"GO:0004693","cyclin-dependent protein serine/threonine kinase activity",0.00214515682638776,22,1.04245379539302,0.451345517514061,0.690781977323017,70134,13,14,0.953040930480334,0.951251623835863,0.999997584339008
"GO:0097472","cyclin-dependent protein kinase activity",0.00214515682638776,22,1.04245379539302,0.451345517514061,0.690781977323017,70134,13,14,0.953040930480334,0.951251623835863,0.999997584339008
"GO:0001530","lipopolysaccharide binding",0.00527497801474014,53,1.02128839610167,0.457406258658617,0.698193394346388,92390,19,19,1.02635177128651,0.609725197369245,0.999997584339008
"GO:0004532","RNA exonuclease activity",0.00255443283157328,26,1.03459897137645,0.457469194183367,0.698193394346388,91406,15,15,1.02635177128651,0.676722711121495,0.999997584339008
"GO:1990817","poly(A) RNA polymerase activity",0.00135008454727367,14,1.05404766614457,0.45796254781835,0.698193394346388,63526,7,7,1.02635177128651,0.833483918461968,0.999997584339008
"GO:0051213","dioxygenase activity",0.0076004159960662,76,1.01641112692763,0.458852429017691,0.698193394346388,106300,41,42,1.00191482435112,0.706554723235229,0.999997584339008
"GO:0016712","oxidoreductase activity, acting on paired donors, with incorporation or reduction of molecular oxygen, reduced flavin or flavoprotein as one donor, and incorporation of one atom of oxygen",0.00195421533369489,20,1.04028122593331,0.459958238512901,0.698193394346388,58951,17,17,1.02635177128651,0.642355180086213,0.999997584339008
"GO:0046030","inositol trisphosphate phosphatase activity",0.00255767141519492,26,1.03328893785777,0.460005062276234,0.698193394346388,120364,6,6,1.02635177128651,0.855464088969983,0.999997584339008
"GO:0019864","IgG binding",0.000751756223174576,8,1.08169827420329,0.460066848873584,0.698193394346388,44676,5,5,1.02635177128651,0.878021102261231,0.999997584339008
"GO:0005522","profilin binding",0.00185476382831351,19,1.04125755389363,0.460897570130089,0.698193394346388,233878,7,7,1.02635177128651,0.833483918461968,0.999997584339008
"GO:0009975","cyclase activity",0.00235768887655828,24,1.03470829079439,0.46102240647274,0.698193394346388,165368,13,13,1.02635177128651,0.712919853354805,0.999997584339008
"GO:0043495","protein-membrane adaptor activity",0.00356702997727459,36,1.0258619537391,0.461437589195846,0.698193394346388,88489,17,18,0.969332228437263,0.923307615648192,0.999997584339008
"GO:0061135","endopeptidase regulator activity",0.0121606116173122,121,1.0114004296533,0.462424223142661,0.69847076531075,96147,67,69,0.996602444582557,0.739321747797921,0.999997584339008
"GO:0016788","hydrolase activity, acting on ester bonds",0.067331772785831,665,1.0039099944273,0.4642052367487,0.69847076531075,136015,332,343,0.993436699904147,0.828434403014623,0.999997584339008
"GO:0031418","L-ascorbic acid binding",0.00105523849671965,11,1.05958363077768,0.464593451954666,0.69847076531075,51366,7,7,1.02635177128651,0.833483918461968,0.999997584339008
"GO:0004169","dolichyl-phosphate-mannose-protein mannosyltransferase activity",0.0020610885932092,21,1.03565669436065,0.465523575543418,0.69847076531075,201176,6,6,1.02635177128651,0.855464088969983,0.999997584339008
"GO:0033300","dehydroascorbic acid transmembrane transporter activity",0.000955921932322508,10,1.06333658342506,0.465736341076979,0.69847076531075,40576,5,5,1.02635177128651,0.878021102261231,0.999997584339008
"GO:0019104","DNA N-glycosylase activity",0.00135750630140661,14,1.04828498009706,0.465964419744576,0.69847076531075,110289,6,6,1.02635177128651,0.855464088969983,0.999997584339008
"GO:0030742","GTP-dependent protein binding",0.00206270788502003,21,1.03484367065711,0.466937404088022,0.69847076531075,270988,7,7,1.02635177128651,0.833483918461968,0.999997584339008
"GO:0015385","sodium:proton antiporter activity",0.00166031387003051,17,1.04076315075352,0.467182198451907,0.69847076531075,48847,7,7,1.02635177128651,0.833483918461968,0.999997584339008
"GO:0070051","fibrinogen binding",0.000957136401180626,10,1.06198736176274,0.467297087234232,0.69847076531075,225747,5,5,1.02635177128651,0.878021102261231,0.999997584339008
"GO:0030527","structural constituent of chromatin",0.00377780779465005,38,1.0224378538554,0.467313495743789,0.69847076531075,87436,25,26,0.986876703160109,0.857105101150257,0.999997584339008
"GO:0015026","coreceptor activity",0.00630430784248663,63,1.01577219223429,0.467397730170352,0.69847076531075,138839,32,33,0.995250202459649,0.79258718763598,0.999997584339008
"GO:0097027","ubiquitin-protein transferase activator activity",0.00125926926488335,13,1.04934411316739,0.468424735712493,0.699219863633687,147467,7,7,1.02635177128651,0.833483918461968,0.999997584339008
"GO:0004549","tRNA-specific ribonuclease activity",0.000458124641478673,5,1.10937796126408,0.469252321909526,0.699459507402785,51302,4,5,0.821081417029211,0.99376570721048,0.999997584339008
"GO:0005242","inward rectifier potassium channel activity",0.00277276734406591,28,1.026449961045,0.470391693299222,0.699459507402785,186292,12,12,1.02635177128651,0.731734618562227,0.999997584339008
"GO:0016846","carbon-sulfur lyase activity",0.0013616894719179,14,1.04506460209854,0.47046794119501,0.699459507402785,131628,5,5,1.02635177128651,0.878021102261231,0.999997584339008
"GO:0030021","extracellular matrix structural constituent conferring compression resistance",0.00126129337964688,13,1.04766013309918,0.470688916635709,0.699459507402785,147945,6,6,1.02635177128651,0.855464088969983,0.999997584339008
"GO:0140101","catalytic activity, acting on a tRNA",0.00843785974423016,84,1.01190598750453,0.47136398556738,0.69968091607658,127433,47,49,0.984459862254411,0.869369834612149,0.999997584339008
"GO:0046983","protein dimerization activity",0.104146911868829,1027,1.00234500031377,0.473235681802518,0.700168365412638,135723,467,483,0.992352540767705,0.885072780620544,0.999997584339008
"GO:0044389","ubiquitin-like protein ligase binding",0.0324748972660552,321,1.00473244851308,0.473533316229693,0.700168365412638,124213,151,157,0.987128136715054,0.890811163023378,0.999997584339008
"GO:0017169","CDP-alcohol phosphatidyltransferase activity",0.000661345763736958,7,1.0758770556801,0.474497728958139,0.700168365412638,30444,5,6,0.855293142738761,0.990806168717473,0.999997584339008
"GO:0080025","phosphatidylinositol-3,5-bisphosphate binding",0.00530641926406696,53,1.01523712470783,0.474535107572202,0.700168365412638,149157,17,17,1.02635177128651,0.642355180086213,0.999997584339008
"GO:0015252","proton channel activity",0.00207309834080614,21,1.02965699080027,0.476001029797786,0.700168365412638,113825,10,11,0.933047064805921,0.969019067091385,0.999997584339008
"GO:0001846","opsonin binding",0.00106481930660035,11,1.05004992937289,0.476286951242002,0.700168365412638,23813,10,10,1.02635177128651,0.770859481653579,0.999997584339008
"GO:0032452","histone demethylase activity",0.0025793969136568,26,1.02458585028282,0.476998230654844,0.700168365412638,121336,14,15,0.957928319867412,0.944681647912226,0.999997584339008
"GO:0140457","protein demethylase activity",0.0025793969136568,26,1.02458585028282,0.476998230654844,0.700168365412638,121336,14,15,0.957928319867412,0.944681647912226,0.999997584339008
"GO:0141052","histone H3 demethylase activity",0.0025793969136568,26,1.02458585028282,0.476998230654844,0.700168365412638,121336,14,15,0.957928319867412,0.944681647912226,0.999997584339008
"GO:0035325","Toll-like receptor binding",0.000763900911755748,8,1.06450116332565,0.47762406345935,0.700168365412638,133440,6,6,1.02635177128651,0.855464088969983,0.999997584339008
"GO:0016671","oxidoreductase activity, acting on a sulfur group of donors, disulfide as acceptor",0.00157017329256136,16,1.0357753670654,0.477672180315932,0.700168365412638,128587,5,5,1.02635177128651,0.878021102261231,0.999997584339008
"GO:1900750","oligopeptide binding",0.00136870640309814,14,1.03970688157117,0.478009681048628,0.700168365412638,189042,5,5,1.02635177128651,0.878021102261231,0.999997584339008
"GO:0008308","voltage-gated monoatomic anion channel activity",0.000765385262582336,8,1.06243672171835,0.479760732992357,0.701960148382657,108246,7,8,0.898057799875699,0.983409995431369,0.999997584339008
"GO:0042500","aspartic endopeptidase activity, intramembrane cleaving",0.000665528934248251,7,1.06911464920685,0.480967227220119,0.702320351042831,48369,5,5,1.02635177128651,0.878021102261231,0.999997584339008
"GO:0050997","quaternary ammonium group binding",0.00187756885464926,19,1.02861039803564,0.481839936766669,0.702320351042831,189977,12,12,1.02635177128651,0.731734618562227,0.999997584339008
"GO:0099602","neurotransmitter receptor regulator activity",0.00147342060686469,15,1.03480305297872,0.481970094503282,0.702320351042831,105828,7,7,1.02635177128651,0.833483918461968,0.999997584339008
"GO:0046906","tetrapyrrole binding",0.010186694899919,101,1.00781601808888,0.482119158272259,0.702320351042831,134974,64,68,0.965978137681424,0.969953255617715,0.999997584339008
"GO:0031624","ubiquitin conjugating enzyme binding",0.00512141517468043,51,1.01221641031312,0.484184125886306,0.704556769615741,225478,16,16,1.02635177128651,0.659316108991217,0.999997584339008
"GO:0016896","RNA exonuclease activity, producing 5'-phosphomonoesters",0.00248993104110883,25,1.02057722157261,0.486227148250592,0.706203712715928,94409,14,14,1.02635177128651,0.694586640240878,0.999997584339008
"GO:0008378","galactosyltransferase activity",0.0019837674092424,20,1.02478421290839,0.486377895374278,0.706203712715928,98961,7,7,1.02635177128651,0.833483918461968,0.999997584339008
"GO:2001069","glycogen binding",0.000670251868696485,7,1.06158112540531,0.488244731216538,0.708039049818321,128010,6,6,1.02635177128651,0.855464088969983,0.999997584339008
"GO:0004659","prenyltransferase activity",0.00117628055957867,12,1.03696359164618,0.488757763530468,0.708039049818321,69842,8,8,1.02635177128651,0.812065907466339,0.999997584339008
"GO:0099589","serotonin receptor activity",0.00107547964435494,11,1.03964165529253,0.489239012618825,0.708039049818321,138800,5,5,1.02635177128651,0.878021102261231,0.999997584339008
"GO:0016893","endonuclease activity, active with either ribo- or deoxyribonucleic acids and producing 5'-phosphomonoesters",0.0038189647948418,38,1.01141903666075,0.493807202383337,0.713143047995139,80975,15,16,0.962204785581106,0.937821743075676,0.999997584339008
"GO:0001094","TFIID-class transcription factor complex binding",0.000673895275270837,7,1.05584170001766,0.493838155792123,0.713143047995139,68430,5,5,1.02635177128651,0.878021102261231,0.999997584339008
"GO:0008519","ammonium channel activity",0.00158798550248042,16,1.02415722052796,0.495469068550539,0.714722192160756,58354,5,5,1.02635177128651,0.878021102261231,0.999997584339008
"GO:0019003","GDP binding",0.0049405942558052,49,1.00811499055574,0.496565081659973,0.715527149087502,175750,27,27,1.02635177128651,0.494896144923753,0.999997584339008
"GO:0043237","laminin-1 binding",0.00209779254092119,21,1.01753636624627,0.497461901071769,0.71584905609548,273877,6,6,1.02635177128651,0.855464088969983,0.999997584339008
"GO:0061459","L-arginine transmembrane transporter activity",0.000879545335245357,9,1.04010566451132,0.497864945028811,0.71584905609548,131893,5,5,1.02635177128651,0.878021102261231,0.999997584339008
"GO:0001875","lipopolysaccharide immune receptor activity",0.00179660426410811,18,1.01838797075031,0.500742629634741,0.71789395422941,91230,6,6,1.02635177128651,0.855464088969983,0.999997584339008
"GO:0005504","fatty acid binding",0.00372814951245148,37,1.00879189665693,0.500764373320381,0.71789395422941,48386,15,15,1.02635177128651,0.676722711121495,0.999997584339008
"GO:0098973","structural constituent of postsynaptic actin cytoskeleton",0.00139043190156001,14,1.02346146154662,0.50123523840824,0.71789395422941,122189,8,8,1.02635177128651,0.812065907466339,0.999997584339008
"GO:0015386","potassium:proton antiporter activity",0.00149231234465763,15,1.02170309571161,0.501446228179791,0.71789395422941,54077,6,6,1.02635177128651,0.855464088969983,0.999997584339008
"GO:0022853","active monoatomic ion transmembrane transporter activity",0.021630769890942,213,1.00092332033925,0.50398124795722,0.719456388660505,132115,111,112,1.01718791618574,0.212516259431045,0.999997584339008
"GO:0015293","symporter activity",0.0109543741592333,108,1.0021422369753,0.504095085193578,0.719456388660505,107713,62,63,1.01006047332958,0.515969730768923,0.999997584339008
"GO:0051010","microtubule plus-end binding",0.00118963971701796,12,1.02531892336431,0.50417872410743,0.719456388660505,73405,5,5,1.02635177128651,0.878021102261231,0.999997584339008
"GO:1901682","sulfur compound transmembrane transporter activity",0.00322549434617517,32,1.00843259600661,0.50470136136861,0.719456388660505,154306,24,24,1.02635177128651,0.535188843474866,0.999997584339008
"GO:0033130","acetylcholine receptor binding",0.00159837595826653,16,1.01749955012014,0.505795564491481,0.720244219243757,94332,7,7,1.02635177128651,0.833483918461968,0.999997584339008
"GO:0017025","TBP-class protein binding",0.00261758521219537,26,1.00963803114528,0.506720479270544,0.720789558748475,84248,12,12,1.02635177128651,0.731734618562227,0.999997584339008
"GO:0042562","hormone binding",0.0109651694379722,108,1.00115562159783,0.508197597936199,0.721854624295294,194268,53,53,1.02635177128651,0.25083104943799,0.999997584339008
"GO:0005547","phosphatidylinositol-3,4,5-trisphosphate binding",0.00536903188075211,53,1.00339762471123,0.508554724033602,0.721854624295294,162091,23,24,0.983587114149575,0.874635469702756,0.999997584339008
"GO:0005024","transforming growth factor beta receptor activity",0.00180605013300458,18,1.01306167383216,0.509565851236337,0.722518744290328,173724,9,9,1.02635177128651,0.791195744733539,0.999997584339008
"GO:0003755","peptidyl-prolyl cis-trans isomerase activity",0.00343978062914075,34,1.00471145163951,0.512002802334814,0.724429496920535,139309,12,16,0.769763828464885,0.999963094997466,0.999997584339008
"GO:0016859","cis-trans isomerase activity",0.00343978062914075,34,1.00471145163951,0.512002802334814,0.724429496920535,139309,12,16,0.769763828464885,0.999963094997466,0.999997584339008
"GO:0008235","metalloexopeptidase activity",0.00731272181767665,72,1.00079845309785,0.513137105980628,0.725262859675064,180005,29,31,0.960135527977706,0.955734265856847,0.999997584339008
"GO:0001618","virus receptor activity",0.00721610407296421,71,1.00011223978196,0.515576270167049,0.727164834912169,112521,31,31,1.02635177128651,0.445831308636702,0.999997584339008
"GO:0140272","exogenous protein binding",0.00721610407296421,71,1.00011223978196,0.515576270167049,0.727164834912169,112521,31,31,1.02635177128651,0.445831308636702,0.999997584339008
"GO:1901474","azole transmembrane transporter activity",0.00150971973162397,15,1.0099226434997,0.519245195887475,0.731198335521378,173832,6,6,1.02635177128651,0.855464088969983,0.999997584339008
"GO:0008408","3'-5' exonuclease activity",0.00334896534675043,33,1.00160496325426,0.519596950711457,0.731198335521378,80256,20,20,1.02635177128651,0.59403428430269,0.999997584339008
"GO:0032454","histone H3K9 demethylase activity",0.00202182076679675,20,1.00549641019597,0.520085432634002,0.731198335521378,138042,11,11,1.02635177128651,0.751043523109799,0.999997584339008
"GO:0044390","ubiquitin-like protein conjugating enzyme binding",0.00549398723215395,54,0.999077769998253,0.520955536010085,0.731648218472453,213976,18,18,1.02635177128651,0.625828566229626,0.999997584339008
"GO:0051537","2 iron, 2 sulfur cluster binding",0.00222801059070821,22,1.00368772244945,0.521583787885106,0.731757845872565,176874,13,13,1.02635177128651,0.712919853354805,0.999997584339008
"GO:0001216","DNA-binding transcription activator activity",0.0690270363707784,678,0.998397875029971,0.522911294184838,0.732847229995611,146370,239,241,1.01783432920115,0.0496359225689784,0.999997584339008
"GO:0016891","RNA endonuclease activity, producing 5'-phosphomonoesters",0.0033592208615523,33,0.998547118905934,0.526598223717345,0.736868755699365,83387,12,13,0.947401635033705,0.957511801051287,0.999997584339008
"GO:1903135","cupric ion binding",0.000901405774691468,9,1.01488154510252,0.526888862157967,0.736868755699365,23323,5,5,1.02635177128651,0.878021102261231,0.999997584339008
"GO:0030215","semaphorin receptor binding",0.00397644092344434,39,0.99692676096899,0.529090272443868,0.739170233561286,189584,13,13,1.02635177128651,0.712919853354805,0.999997584339008
"GO:0017134","fibroblast growth factor binding",0.00295507261376773,29,0.997523240113752,0.530127330074696,0.73961093888318,214425,9,9,1.02635177128651,0.791195744733539,0.999997584339008
"GO:1990825","sequence-specific mRNA binding",0.00121271462532219,12,1.00580968380769,0.530517921574853,0.73961093888318,98530,8,8,1.02635177128651,0.812065907466339,0.999997584339008
"GO:0010314","phosphatidylinositol-5-phosphate binding",0.00285602593133906,28,0.996526992655457,0.532575229447493,0.740543120331091,65046,12,12,1.02635177128651,0.731734618562227,0.999997584339008
"GO:0016849","phosphorus-oxygen lyase activity",0.00275387560627297,27,0.996581054677305,0.532789160704218,0.740543120331091,158574,15,15,1.02635177128651,0.676722711121495,0.999997584339008
"GO:0045499","chemorepellent activity",0.0046990498940241,46,0.995040956899819,0.533202778159651,0.740543120331091,212432,15,15,1.02635177128651,0.676722711121495,0.999997584339008
"GO:0000175","3'-5'-RNA exonuclease activity",0.00224217939405291,22,0.997345208555782,0.533413766373823,0.740543120331091,96679,12,12,1.02635177128651,0.731734618562227,0.999997584339008
"GO:0004181","metallocarboxypeptidase activity",0.00408722747150148,40,0.994773859418683,0.534374908958452,0.741103888336539,188591,16,16,1.02635177128651,0.659316108991217,0.999997584339008
"GO:0020037","heme binding",0.00981344813752429,96,0.994358025232908,0.535966511254296,0.742536937466889,134781,61,65,0.963191662284266,0.974693184750573,0.999997584339008
"GO:0008253","5'-nucleotidase activity",0.00111569205765704,11,1.00217029422852,0.537329658016348,0.743650827431574,163143,7,7,1.02635177128651,0.833483918461968,0.999997584339008
"GO:0071949","FAD binding",0.00235067194537805,23,0.994555431748633,0.538250019181989,0.744150234420005,69521,15,15,1.02635177128651,0.676722711121495,0.999997584339008
"GO:0038191","neuropilin binding",0.0033844548256043,33,0.99110210829091,0.543725671184682,0.750939919704701,123587,11,11,1.02635177128651,0.751043523109799,0.999997584339008
"GO:0035250","UDP-galactosyltransferase activity",0.00174073869663472,17,0.992678279602428,0.544382109763623,0.751066603719521,71381,6,6,1.02635177128651,0.855464088969983,0.999997584339008
"GO:0140098","catalytic activity, acting on RNA",0.0276085205515794,270,0.994062775302396,0.547937644177079,0.755188670212969,93681,149,153,0.999519045239807,0.643221999701484,0.999997584339008
"GO:0005416","amino acid:monoatomic cation symporter activity",0.00226174583676702,22,0.988717140108757,0.549618816641418,0.756721559143981,67963,15,16,0.962204785581106,0.937821743075676,0.999997584339008
"GO:0030296","protein tyrosine kinase activator activity",0.00278072886213579,27,0.986957158434243,0.552849664018347,0.758496361120476,134130,19,19,1.02635177128651,0.609725197369245,0.999997584339008
"GO:0008395","steroid hydroxylase activity",0.00133632056688168,13,0.988839671218627,0.553014368611496,0.758496361120476,97636,10,10,1.02635177128651,0.770859481653579,0.999997584339008
"GO:0001228","DNA-binding transcription activator activity, RNA polymerase II-specific",0.0688209814878512,674,0.995479260052122,0.554167763026505,0.758496361120476,147070,236,238,1.01772696648579,0.0526202628547389,0.999997584339008
"GO:0015296","monoatomic anion:monoatomic cation symporter activity",0.00154453450555667,15,0.987158355362108,0.554290735226619,0.758496361120476,79492,10,11,0.933047064805921,0.969019067091385,0.999997584339008
"GO:0015377","chloride:monoatomic cation symporter activity",0.00154453450555667,15,0.987158355362108,0.554290735226619,0.758496361120476,79492,10,11,0.933047064805921,0.969019067091385,0.999997584339008
"GO:0052745","inositol phosphate phosphatase activity",0.00319445791980106,31,0.986410539713923,0.554329671435415,0.758496361120476,111639,10,10,1.02635177128651,0.770859481653579,0.999997584339008
"GO:0016655","oxidoreductase activity, acting on NAD(P)H, quinone or similar compound as acceptor",0.00484046804550264,47,0.986969386909222,0.555385251221421,0.759159695914173,167940,23,23,1.02635177128651,0.549332452901029,0.999997584339008
"GO:0016884","carbon-nitrogen ligase activity, with glutamine as amido-N-donor",0.000819901420213377,8,0.991794122051761,0.556300122576243,0.759184600265637,231893,5,5,1.02635177128651,0.878021102261231,0.999997584339008
"GO:0005537","D-mannose binding",0.00123592447461065,12,0.986921239041353,0.556545101698493,0.759184600265637,27912,7,7,1.02635177128651,0.833483918461968,0.999997584339008
"GO:0005109","frizzled binding",0.00566495745918002,55,0.986868344332131,0.557179824707409,0.759271687357432,136297,24,24,1.02635177128651,0.535188843474866,0.999997584339008
"GO:0032977","membrane insertase activity",0.000717076390226117,7,0.99226071695299,0.558447908606954,0.759836244857975,77527,6,6,1.02635177128651,0.855464088969983,0.999997584339008
"GO:0008092","cytoskeletal protein binding",0.108272192697885,1061,0.996074067697089,0.55873672742188,0.759836244857975,133834,476,484,1.00938727919913,0.118362942538639,0.999997584339008
"GO:0050681","nuclear androgen receptor binding",0.00217120043634517,21,0.983133645100346,0.560094465890919,0.760904637012179,133390,11,11,1.02635177128651,0.751043523109799,0.999997584339008
"GO:0005545","1-phosphatidylinositol binding",0.00289461905283034,28,0.983240585499639,0.560818683414962,0.761111070348877,134989,9,9,1.02635177128651,0.791195744733539,0.999997584339008
"GO:0043014","alpha-tubulin binding",0.00495638235096072,48,0.984395494514539,0.562751197109321,0.76295524174862,157830,22,23,0.981727781230578,0.883190740367739,0.999997584339008
"GO:0034338","short-chain carboxylesterase activity",0.000720584855816233,7,0.987429484997788,0.56353859485677,0.763244736414974,31804,5,5,1.02635177128651,0.878021102261231,0.999997584339008
"GO:0005048","signal sequence binding",0.00393137063470976,38,0.982500520235322,0.565019365272629,0.763864975003263,99439,19,19,1.02635177128651,0.609725197369245,0.999997584339008
"GO:0004675","transmembrane receptor protein serine/threonine kinase activity",0.00186663863492621,18,0.980179096549529,0.565156797879966,0.763864975003263,173724,9,10,0.923716594157862,0.974222112453179,0.999997584339008
"GO:0004065","arylsulfatase activity",0.00145250475430823,14,0.979723792249756,0.566015630905872,0.763864975003263,579313,5,5,1.02635177128651,0.878021102261231,0.999997584339008
"GO:0008289","lipid binding",0.0917281581486745,898,0.995100272678183,0.566428662414114,0.763864975003263,131385,385,391,1.01060212773736,0.118499494772917,0.999997584339008
"GO:0043274","phospholipase binding",0.00444927413220465,43,0.982364076641618,0.566868218291895,0.763864975003263,246032,14,14,1.02635177128651,0.694586640240878,0.999997584339008
"GO:0015294","solute:monoatomic cation symporter activity",0.00928029630881082,90,0.985766030460328,0.568499680847305,0.764553388910612,115710,48,49,1.00540581677046,0.640301474831928,0.999997584339008
"GO:0046982","protein heterodimerization activity",0.0346448832335422,338,0.991678231626541,0.569716497672695,0.764553388910612,152799,136,140,0.997027434964042,0.709231363781969,0.999997584339008
"GO:0004190","aspartic-type endopeptidase activity",0.0016644970405418,16,0.977080030091042,0.570121152743133,0.764553388910612,31780,11,11,1.02635177128651,0.751043523109799,0.999997584339008
"GO:0070001","aspartic-type peptidase activity",0.0016644970405418,16,0.977080030091042,0.570121152743133,0.764553388910612,31780,11,11,1.02635177128651,0.751043523109799,0.999997584339008
"GO:0098634","cell-matrix adhesion mediator activity",0.000620188763545207,6,0.983378114488659,0.57052350823367,0.764553388910612,160367,5,6,0.855293142738761,0.990806168717473,0.999997584339008
"GO:0015370","solute:sodium symporter activity",0.00466207606434364,45,0.98112951478839,0.570828206908449,0.764553388910612,88439,31,32,0.99427827843381,0.802019414685863,0.999997584339008
"GO:0005283","amino acid:sodium symporter activity",0.001770155831198,17,0.976181567835898,0.571772428635899,0.764598434312177,65720,11,12,0.940822457012637,0.963441473133089,0.999997584339008
"GO:0019841","retinol binding",0.0021855041806741,21,0.97669920657351,0.572011610632042,0.764598434312177,34155,8,8,1.02635177128651,0.812065907466339,0.999997584339008
"GO:0016628","oxidoreductase activity, acting on the CH-CH group of donors, NAD or NADP as acceptor",0.00260463087770879,25,0.975634177414663,0.575680819073241,0.76790229079162,69407,16,17,0.965978137681424,0.930690971471281,0.999997584339008
"GO:0003746","translation elongation factor activity",0.000834609987495019,8,0.974315454419806,0.576137881817795,0.76790229079162,80351,7,7,1.02635177128651,0.833483918461968,0.999997584339008
"GO:0043325","phosphatidylinositol-3,4-bisphosphate binding",0.00394945272659729,38,0.978002260370913,0.576215403165441,0.76790229079162,129274,13,14,0.953040930480334,0.951251623835863,0.999997584339008
"GO:0034452","dynactin binding",0.00115212612340056,11,0.970478331304924,0.57948519323392,0.770546145327926,91135,5,5,1.02635177128651,0.878021102261231,0.999997584339008
"GO:0004865","protein serine/threonine phosphatase inhibitor activity",0.00209077560974096,20,0.972334627208355,0.579598058393058,0.770546145327926,48764,9,9,1.02635177128651,0.791195744733539,0.999997584339008
"GO:0019534","toxin transmembrane transporter activity",0.00104768180160248,10,0.970205610121474,0.579937362009965,0.770546145327926,58618,5,5,1.02635177128651,0.878021102261231,0.999997584339008
"GO:0005540","hyaluronic acid binding",0.00157273717126183,15,0.969456416600145,0.582008302254286,0.772525990018164,93804,11,11,1.02635177128651,0.751043523109799,0.999997584339008
"GO:0031625","ubiquitin protein ligase binding",0.0319466033127742,311,0.989529809297663,0.582689382100303,0.772658901488936,126314,144,150,0.985297700435053,0.908842295060868,0.999997584339008
"GO:0008432","JUN kinase binding",0.00199199880928076,19,0.96952208903048,0.58408024333437,0.773050717454922,139968,8,8,1.02635177128651,0.812065907466339,0.999997584339008
"GO:0005338","nucleotide-sugar transmembrane transporter activity",0.000522896313911592,5,0.971958239610726,0.584494314384147,0.773050717454922,80560,5,5,1.02635177128651,0.878021102261231,0.999997584339008
"GO:0042910","xenobiotic transmembrane transporter activity",0.00313521882772179,30,0.972627574715907,0.584728587789212,0.773050717454922,73748,15,15,1.02635177128651,0.676722711121495,0.999997584339008
"GO:0010340","carboxyl-O-methyltransferase activity",0.000630984042284027,6,0.966553852478588,0.587125818937419,0.774679899986872,112106,5,5,1.02635177128651,0.878021102261231,0.999997584339008
"GO:0051998","protein carboxyl O-methyltransferase activity",0.000630984042284027,6,0.966553852478588,0.587125818937419,0.774679899986872,112106,5,5,1.02635177128651,0.878021102261231,0.999997584339008
"GO:0016176","superoxide-generating NADPH oxidase activator activity",0.00116143705131279,11,0.962698268000632,0.589992621018829,0.777101105759148,69862,5,5,1.02635177128651,0.878021102261231,0.999997584339008
"GO:0003924","GTPase activity",0.0264566643101473,257,0.987395669584805,0.590223390116255,0.777101105759148,121446,120,123,1.00131880125514,0.61119910531717,0.999997584339008
"GO:0015373","monoatomic anion:sodium symporter activity",0.00116265152017091,11,0.961692663960241,0.591354460819848,0.777101105759148,85289,8,9,0.912312685588012,0.979027209328735,0.999997584339008
"GO:0015378","sodium:chloride symporter activity",0.00116265152017091,11,0.961692663960241,0.591354460819848,0.777101105759148,85289,8,9,0.912312685588012,0.979027209328735,0.999997584339008
"GO:0016701","oxidoreductase activity, acting on single donors with incorporation of molecular oxygen",0.00304197460761523,29,0.969026368950498,0.591982989450595,0.777101105759148,97313,14,14,1.02635177128651,0.694586640240878,0.999997584339008
"GO:0015095","magnesium ion transmembrane transporter activity",0.00179431026737611,17,0.963040520934896,0.59379151910753,0.777101105759148,102652,12,13,0.947401635033705,0.957511801051287,0.999997584339008
"GO:0016790","thiolester hydrolase activity",0.0033565220418676,32,0.969066669709174,0.594093322854352,0.777101105759148,43403,17,19,0.918314742730038,0.988064100067685,0.999997584339008
"GO:0031701","angiotensin receptor binding",0.00148070742001339,14,0.961063237015983,0.594382217537791,0.777101105759148,234491,5,5,1.02635177128651,0.878021102261231,0.999997584339008
"GO:0001727","lipid kinase activity",0.0044973131225924,43,0.971870749370723,0.59463741256398,0.777101105759148,149723,19,19,1.02635177128651,0.609725197369245,0.999997584339008
"GO:0050660","flavin adenine dinucleotide binding",0.0040838539468956,39,0.970705716106073,0.595058019638491,0.777101105759148,62931,30,31,0.99324364963211,0.81139629433357,0.999997584339008
"GO:0005525","GTP binding",0.0293442664317974,285,0.987221908277472,0.595387990051558,0.777101105759148,119074,144,147,1.00540581677046,0.475291847594088,0.999997584339008
"GO:0061809","NAD+ nucleotidase, cyclic ADP-ribose generating",0.000638945560353907,6,0.954510203630386,0.599153486655207,0.780642262729336,131320,5,5,1.02635177128651,0.878021102261231,0.999997584339008
"GO:0042626","ATPase-coupled transmembrane transporter activity",0.00616032581230762,59,0.973512453040402,0.599275000185453,0.780642262729336,94610,34,35,0.997027434964042,0.773592147472508,0.999997584339008
"GO:0031072","heat shock protein binding",0.013475746449669,130,0.980581517271295,0.600875084828008,0.781960726830969,181990,60,60,1.02635177128651,0.208814453134999,0.999997584339008
"GO:0051139","metal cation:proton antiporter activity",0.00223097929236138,21,0.956790682251531,0.60908279170722,0.791867168104206,125613,10,10,1.02635177128651,0.770859481653579,0.999997584339008
"GO:0004457","lactate dehydrogenase activity",0.00107386035254412,10,0.946553952875487,0.610539155241266,0.792985426241098,68045,5,5,1.02635177128651,0.878021102261231,0.999997584339008
"GO:1901612","cardiolipin binding",0.000968336502872151,9,0.944733656812265,0.611523434271631,0.793488943981727,65273,5,6,0.855293142738761,0.990806168717473,0.999997584339008
"GO:1990381","ubiquitin-specific protease binding",0.0032814948546328,31,0.960247417824151,0.613233460049953,0.794171031115786,303849,9,9,1.02635177128651,0.791195744733539,0.999997584339008
"GO:0004535","poly(A)-specific ribonuclease activity",0.000863487358121362,8,0.941731690199484,0.613837693195316,0.794171031115786,152293,5,5,1.02635177128651,0.878021102261231,0.999997584339008
"GO:0031210","phosphatidylcholine binding",0.00150054374469598,14,0.948358534152552,0.61384046615566,0.794171031115786,235728,8,8,1.02635177128651,0.812065907466339,0.999997584339008
"GO:0008175","tRNA methyltransferase activity",0.0023428453682924,22,0.95449187797275,0.614678118906501,0.794225465805472,117671,13,14,0.953040930480334,0.951251623835863,0.999997584339008
"GO:0003713","transcription coactivator activity",0.0331200501116839,321,0.985161040979944,0.615076864495967,0.794225465805472,130702,128,128,1.02635177128651,0.0348897007155027,0.999997584339008
"GO:0004180","carboxypeptidase activity",0.00474398524177444,45,0.96418943015201,0.616620418902664,0.795446321183844,162468,19,19,1.02635177128651,0.609725197369245,0.999997584339008
"GO:0008484","sulfuric ester hydrolase activity",0.00192655243192666,18,0.949696535866753,0.617771619449457,0.796159160724591,473862,6,6,1.02635177128651,0.855464088969983,0.999997584339008
"GO:0072349","modified amino acid transmembrane transporter activity",0.00213881460012871,20,0.950495439366956,0.619350418027806,0.797288761445031,105711,11,11,1.02635177128651,0.751043523109799,0.999997584339008
"GO:0035252","UDP-xylosyltransferase activity",0.00297895716797737,28,0.955403777838048,0.620460975686772,0.797288761445031,269792,7,7,1.02635177128651,0.833483918461968,0.999997584339008
"GO:0042285","xylosyltransferase activity",0.00297895716797737,28,0.955403777838048,0.620460975686772,0.797288761445031,269792,7,7,1.02635177128651,0.833483918461968,0.999997584339008
"GO:0008574","plus-end-directed microtubule motor activity",0.00256090999881657,24,0.952598970216013,0.621045982599287,0.797288761445031,112768,7,7,1.02635177128651,0.833483918461968,0.999997584339008
"GO:0008353","RNA polymerase II CTD heptapeptide repeat kinase activity",0.000763900911755748,7,0.931438517909943,0.624006969589142,0.799958526467563,69684,4,5,0.821081417029211,0.99376570721048,0.999997584339008
"GO:0140359","ABC-type transporter activity",0.00246037896556131,23,0.950208721607042,0.624328534190474,0.799958526467563,122301,13,14,0.953040930480334,0.951251623835863,0.999997584339008
"GO:0008420","RNA polymerase II CTD heptapeptide repeat phosphatase activity",0.0022513553809809,21,0.948131164568722,0.625239537586353,0.800354749749614,128514,5,5,1.02635177128651,0.878021102261231,0.999997584339008
"GO:0030414","peptidase inhibitor activity",0.0121109533351137,116,0.973582682351023,0.626590820872177,0.800645066299765,90422,64,66,0.995250202459649,0.760086171585782,0.999997584339008
"GO:0004866","endopeptidase inhibitor activity",0.0111830991275121,107,0.972556374975499,0.626839500873861,0.800645066299765,92151,60,62,0.99324364963211,0.787282844564751,0.999997584339008
"GO:0016918","retinal binding",0.00225405420066561,21,0.946995950051758,0.62735658144902,0.800645066299765,49826,8,8,1.02635177128651,0.812065907466339,0.999997584339008
"GO:0005104","fibroblast growth factor receptor binding",0.00278032403918308,26,0.950541570964673,0.628021951965151,0.800645066299765,182908,13,13,1.02635177128651,0.712919853354805,0.999997584339008
"GO:0016830","carbon-carbon lyase activity",0.00466275076926482,44,0.959187821112628,0.629079981264892,0.800645066299765,82484,25,25,1.02635177128651,0.521407714504058,0.999997584339008
"GO:0019829","ATPase-coupled monoatomic cation transmembrane transporter activity",0.00393352969045753,37,0.956120155088767,0.629480434507574,0.800645066299765,75840,21,21,1.02635177128651,0.578745311585418,0.999997584339008
"GO:0016702","oxidoreductase activity, acting on single donors with incorporation of molecular oxygen, incorporation of two atoms of oxygen",0.0029924512664009,28,0.951095499619082,0.629680255150041,0.800645066299765,100355,13,13,1.02635177128651,0.712919853354805,0.999997584339008
"GO:0061659","ubiquitin-like protein ligase activity",0.038635358019347,374,0.983965435558878,0.632272327405231,0.803173061555833,123774,180,184,1.00403977625855,0.486928644155765,0.999997584339008
"GO:0017080","sodium channel regulator activity",0.00561152082942286,53,0.960038107298559,0.635249364102809,0.806184784596123,129678,26,26,1.02635177128651,0.50797981903821,0.999997584339008
"GO:1904047","S-adenosyl-L-methionine binding",0.00184221431677963,17,0.937998081370591,0.635979326251726,0.806341757783409,140165,9,10,0.923716594157862,0.974222112453179,0.999997584339008
"GO:0034483","heparan sulfate sulfotransferase activity",0.00289934198727857,27,0.946580385546609,0.637764639710772,0.807835210300311,348501,13,13,1.02635177128651,0.712919853354805,0.999997584339008
"GO:0035497","cAMP response element binding",0.00247994540827542,23,0.942711699916269,0.638917554030215,0.808525544110548,176516,7,7,1.02635177128651,0.833483918461968,0.999997584339008
"GO:0016413","O-acetyltransferase activity",0.00109990396250152,10,0.924141376148095,0.639847681267579,0.808932905024601,124908,5,5,1.02635177128651,0.878021102261231,0.999997584339008
"GO:0019001","guanyl nucleotide binding",0.032533866476166,314,0.981040981883931,0.642671339185265,0.810858953040533,120574,155,159,1.00053160093968,0.612448749984242,0.999997584339008
"GO:0032561","guanyl ribonucleotide binding",0.032533866476166,314,0.981040981883931,0.642671339185265,0.810858953040533,120574,155,159,1.00053160093968,0.612448749984242,0.999997584339008
"GO:0016408","C-acyltransferase activity",0.000779014301990096,7,0.91336799755555,0.643971121855426,0.810858953040533,100872,7,8,0.898057799875699,0.983409995431369,0.999997584339008
"GO:0048020","CCR chemokine receptor binding",0.00142619126238235,13,0.926528457193497,0.64471502702992,0.810858953040533,83851,11,11,1.02635177128651,0.751043523109799,0.999997584339008
"GO:0033691","sialic acid binding",0.00185260477256574,17,0.932737257401946,0.644841872186268,0.810858953040533,99899,13,13,1.02635177128651,0.712919853354805,0.999997584339008
"GO:0140994","RNA polymerase II CTD heptapeptide repeat modifying activity",0.00301525629273665,28,0.94390216153738,0.645029152117958,0.810858953040533,113806,9,10,0.923716594157862,0.974222112453179,0.999997584339008
"GO:0017075","syntaxin-1 binding",0.00174856527372036,16,0.930103578574857,0.64683407742414,0.812360078351375,253684,7,7,1.02635177128651,0.833483918461968,0.999997584339008
"GO:0016717","oxidoreductase activity, acting on paired donors, with oxidation of a pair of donors resulting in the reduction of molecular oxygen to two molecules of water",0.0012227002581556,11,0.914462420558596,0.655925189230827,0.821870433749641,33430,6,6,1.02635177128651,0.855464088969983,0.999997584339008
"GO:0004653","polypeptide N-acetylgalactosaminyltransferase activity",0.00355906845920471,33,0.942477041821585,0.656305542393029,0.821870433749641,197518,12,12,1.02635177128651,0.731734618562227,0.999997584339008
"GO:0016831","carboxy-lyase activity",0.00303252873871877,28,0.938525955571252,0.656451169832647,0.821870433749641,52414,16,16,1.02635177128651,0.659316108991217,0.999997584339008
"GO:0016661","oxidoreductase activity, acting on other nitrogenous compounds as donors",0.00154642367933596,14,0.920222242563384,0.657076759562436,0.821870433749641,79107,7,8,0.898057799875699,0.983409995431369,0.999997584339008
"GO:0018455","alcohol dehydrogenase [NAD(P)+] activity",0.00461093343131848,43,0.947922397864426,0.657496346999713,0.821870433749641,106927,23,23,1.02635177128651,0.549332452901029,0.999997584339008
"GO:0000217","DNA secondary structure binding",0.00587263163391806,55,0.95196966827682,0.660670017094799,0.824049273689895,109201,22,22,1.02635177128651,0.563848030616973,0.999997584339008
"GO:0005319","lipid transporter activity",0.0149027473579567,142,0.968534704852094,0.660707099182988,0.824049273689895,146774,68,69,1.01147710793454,0.467363366095493,0.999997584339008
"GO:0016791","phosphatase activity",0.032009620752412,308,0.978055207135728,0.661697383739668,0.824049273689895,157949,130,135,0.988338742720346,0.866348989318895,0.999997584339008
"GO:0032036","myosin heavy chain binding",0.00122836777949348,11,0.910243215718053,0.661717762632186,0.824049273689895,61619,7,7,1.02635177128651,0.833483918461968,0.999997584339008
"GO:0030165","PDZ domain binding",0.0119223058391528,113,0.963410481187855,0.667459194126885,0.830421635349632,213188,43,43,1.02635177128651,0.325841123011435,0.999997584339008
"GO:0042379","chemokine receptor binding",0.00262757084502878,24,0.928431761337279,0.668857383790409,0.831383477047892,90326,18,18,1.02635177128651,0.625828566229626,0.999997584339008
"GO:0140829","bicarbonate:monoatomic anion antiporter activity",0.00123740882543724,11,0.903592583716624,0.670843169736132,0.831709431206586,319932,5,5,1.02635177128651,0.878021102261231,0.999997584339008
"GO:0140900","chloride:bicarbonate antiporter activity",0.00123740882543724,11,0.903592583716624,0.670843169736132,0.831709431206586,319932,5,5,1.02635177128651,0.878021102261231,0.999997584339008
"GO:0140135","mechanosensitive monoatomic cation channel activity",0.00252474581504152,23,0.925983731750999,0.671267996074343,0.831709431206586,220534,7,7,1.02635177128651,0.833483918461968,0.999997584339008
"GO:0015132","prostaglandin transmembrane transporter activity",0.0016709742077851,15,0.912461805335919,0.6723214259991,0.831709431206586,174432,6,6,1.02635177128651,0.855464088969983,0.999997584339008
"GO:0071714","icosanoid transmembrane transporter activity",0.0016709742077851,15,0.912461805335919,0.6723214259991,0.831709431206586,174432,6,6,1.02635177128651,0.855464088969983,0.999997584339008
"GO:0000995","RNA polymerase III general transcription initiation factor activity",0.00113067050690716,10,0.898994672035222,0.672871690209238,0.831709431206586,134027,6,6,1.02635177128651,0.855464088969983,0.999997584339008
"GO:0030228","lipoprotein particle receptor activity",0.00221438155130045,20,0.918059275683501,0.678175224288641,0.837486581526363,102036,9,9,1.02635177128651,0.791195744733539,0.999997584339008
"GO:0016248","channel inhibitor activity",0.00455277386711309,42,0.937705346908004,0.682185464502951,0.840877356616241,209545,21,22,0.979699418046217,0.891588211922751,0.999997584339008
"GO:0141110","transporter inhibitor activity",0.00455277386711309,42,0.937705346908004,0.682185464502951,0.840877356616241,209545,21,22,0.979699418046217,0.891588211922751,0.999997584339008
"GO:0005324","long-chain fatty acid transmembrane transporter activity",0.00103094911955731,9,0.887357162471834,0.683113337507407,0.841241424893381,54277,5,5,1.02635177128651,0.878021102261231,0.999997584339008
"GO:0004198","calcium-dependent cysteine-type endopeptidase activity",0.00092178186331099,8,0.882175535878569,0.68417304819537,0.841562644211329,44516,5,6,0.855293142738761,0.990806168717473,0.999997584339008
"GO:0051059","NF-kappaB binding",0.00168541289309827,15,0.904644878740968,0.684639684989968,0.841562644211329,95921,11,11,1.02635177128651,0.751043523109799,0.999997584339008
"GO:0016796","exonuclease activity, active with either ribo- or deoxyribonucleic acids and producing 5'-phosphomonoesters",0.00467017252339776,43,0.93589841760893,0.688355661425361,0.845349057890794,77981,26,26,1.02635177128651,0.50797981903821,0.999997584339008
"GO:0035673","oligopeptide transmembrane transporter activity",0.00125616562224594,11,0.890100332224883,0.689313391310363,0.845744290076367,173027,8,8,1.02635177128651,0.812065907466339,0.999997584339008
"GO:0016832","aldehyde-lyase activity",0.000815988131670555,7,0.871981718188885,0.690096547474016,0.845924800129439,56432,5,5,1.02635177128651,0.878021102261231,0.999997584339008
"GO:0022821","solute:potassium antiporter activity",0.00212559038367365,19,0.908588438183592,0.69190438189077,0.846592205210569,56606,9,9,1.02635177128651,0.791195744733539,0.999997584339008
"GO:0003689","DNA clamp loader activity",0.000592930684729687,5,0.857154797107775,0.692080862636623,0.846592205210569,81458,4,5,0.821081417029211,0.99376570721048,0.999997584339008
"GO:0004527","exonuclease activity",0.00625775320292547,58,0.942112452462633,0.69289334644539,0.846592205210569,91382,33,33,1.02635177128651,0.423146187922387,0.999997584339008
"GO:0008242","omega peptidase activity",0.00115050683158974,10,0.883494763896684,0.693187151484443,0.846592205210569,141587,7,7,1.02635177128651,0.833483918461968,0.999997584339008
"GO:0008171","O-methyltransferase activity",0.001594057846771,14,0.892723855055987,0.699057225038828,0.851246715023684,68962,10,11,0.933047064805921,0.969019067091385,0.999997584339008
"GO:0030368","interleukin-17 receptor activity",0.000598058442130626,5,0.84980554568853,0.69915301016018,0.851246715023684,54879,5,5,1.02635177128651,0.878021102261231,0.999997584339008
"GO:0016289","acyl-CoA hydrolase activity",0.00224393362684797,20,0.905968651991476,0.699770373487813,0.851246715023684,36391,9,9,1.02635177128651,0.791195744733539,0.999997584339008
"GO:0047617","fatty acyl-CoA hydrolase activity",0.00224393362684797,20,0.905968651991476,0.699770373487813,0.851246715023684,36391,9,9,1.02635177128651,0.791195744733539,0.999997584339008
"GO:0042169","SH2 domain binding",0.00679981113659846,63,0.941752714750525,0.700198425741286,0.851246715023684,126071,22,23,0.981727781230578,0.883190740367739,0.999997584339008
"GO:0008252","nucleotidase activity",0.00181509117894834,16,0.896013840693852,0.702175720752199,0.851486914124223,226245,8,8,1.02635177128651,0.812065907466339,0.999997584339008
"GO:0016620","oxidoreductase activity, acting on the aldehyde or oxo group of donors, NAD or NADP as acceptor",0.00353113567546801,32,0.921146604339117,0.702203359525842,0.851486914124223,117564,16,16,1.02635177128651,0.659316108991217,0.999997584339008
"GO:0070330","aromatase activity",0.00115968281851774,10,0.876504114147443,0.702316650221257,0.851486914124223,18452,8,8,1.02635177128651,0.812065907466339,0.999997584339008
"GO:0008081","phosphoric diester hydrolase activity",0.0104733095504347,98,0.951120007968081,0.704345832973719,0.852028488573748,147116,47,47,1.02635177128651,0.293476195841253,0.999997584339008
"GO:0008391","arachidonate monooxygenase activity",0.000828402702220197,7,0.85891406579055,0.704685216113627,0.852028488573748,26214,7,7,1.02635177128651,0.833483918461968,0.999997584339008
"GO:0008392","arachidonate epoxygenase activity",0.000828402702220197,7,0.85891406579055,0.704685216113627,0.852028488573748,26214,7,7,1.02635177128651,0.833483918461968,0.999997584339008
"GO:0004771","sterol ester esterase activity",0.000717886036131528,6,0.849549965073285,0.707303421590042,0.853484170067891,28015,5,5,1.02635177128651,0.878021102261231,0.999997584339008
"GO:0016705","oxidoreductase activity, acting on paired donors, with incorporation or reduction of molecular oxygen",0.0137127028179861,129,0.956224414535351,0.707314558131118,0.853484170067891,102406,79,80,1.01352237414543,0.38663828444308,0.999997584339008
"GO:0008417","fucosyltransferase activity",0.00171456014569308,15,0.889266058198858,0.708678599777214,0.853484170067891,124178,5,5,1.02635177128651,0.878021102261231,0.999997584339008
"GO:0052744","phosphatidylinositol monophosphate phosphatase activity",0.00182440210686058,16,0.891440988992086,0.709493965420429,0.853484170067891,93669,8,8,1.02635177128651,0.812065907466339,0.999997584339008
"GO:0001217","DNA-binding transcription repressor activity",0.0503740091789556,484,0.976634420413345,0.709540862256946,0.853484170067891,171599,158,159,1.01989672869981,0.0809820503686627,0.999997584339008
"GO:0008227","G protein-coupled amine receptor activity",0.00587654492246089,54,0.934038722535739,0.710270364448433,0.853484170067891,185171,20,20,1.02635177128651,0.59403428430269,0.999997584339008
"GO:0036122","BMP binding",0.00204260167836897,18,0.895740070196844,0.710381185161771,0.853484170067891,163610,11,12,0.940822457012637,0.963441473133089,0.999997584339008
"GO:0015172","acidic amino acid transmembrane transporter activity",0.00139407530813436,12,0.87495998725968,0.715349470948468,0.85762705020352,118821,7,7,1.02635177128651,0.833483918461968,0.999997584339008
"GO:0004529","DNA exonuclease activity",0.00237469144057192,21,0.898887393434741,0.715763929117224,0.85762705020352,54723,13,13,1.02635177128651,0.712919853354805,0.999997584339008
"GO:0016895","DNA exonuclease activity, producing 5'-phosphomonoesters",0.00237469144057192,21,0.898887393434741,0.715763929117224,0.85762705020352,54723,13,13,1.02635177128651,0.712919853354805,0.999997584339008
"GO:0070700","BMP receptor binding",0.0017276494211639,15,0.882528667927415,0.71910372920002,0.860853249177342,298490,7,7,1.02635177128651,0.833483918461968,0.999997584339008
"GO:0140299","molecular sensor activity",0.00747964381517565,69,0.93769447154348,0.719888981427472,0.861018296131779,97171,36,37,0.998612534224716,0.754477978495295,0.999997584339008
"GO:0042803","protein homodimerization activity",0.0678286254897852,653,0.978573265329627,0.722263821788793,0.863082554338809,132042,307,319,0.987742927225579,0.933109959457156,0.999997584339008
"GO:0019871","sodium channel inhibitor activity",0.00140554529179436,12,0.867819856795291,0.725336293226176,0.86597600537775,120352,5,5,1.02635177128651,0.878021102261231,0.999997584339008
"GO:0004438","phosphatidylinositol-3-phosphate phosphatase activity",0.0016288726207037,14,0.873643186130095,0.727706542766051,0.866472427823498,94298,7,7,1.02635177128651,0.833483918461968,0.999997584339008
"GO:0052629","phosphatidylinositol-3,5-bisphosphate 3-phosphatase activity",0.0016288726207037,14,0.873643186130095,0.727706542766051,0.866472427823498,94298,7,7,1.02635177128651,0.833483918461968,0.999997584339008
"GO:0106018","phosphatidylinositol-3,5-bisphosphate phosphatase activity",0.0016288726207037,14,0.873643186130095,0.727706542766051,0.866472427823498,94298,7,7,1.02635177128651,0.833483918461968,0.999997584339008
"GO:0008270","zinc ion binding",0.0876998998872838,846,0.980538040938976,0.730157072306327,0.867955567624533,158498,378,385,1.0076908299904,0.220879244659801,0.999997584339008
"GO:0050661","NADP binding",0.00368969133194443,33,0.909111362251557,0.730761394703668,0.867955567624533,142806,18,18,1.02635177128651,0.625828566229626,0.999997584339008
"GO:0042578","phosphoric ester hydrolase activity",0.0424829303028467,406,0.97141487708612,0.731556004874089,0.867955567624533,155313,177,182,0.998155294053367,0.674602840055371,0.999997584339008
"GO:0043426","MRF binding",0.00141283210494306,12,0.863343995069699,0.731562549854963,0.867955567624533,74256,5,5,1.02635177128651,0.878021102261231,0.999997584339008
"GO:0003925","G protein activity",0.00497405961989554,45,0.919590993364913,0.732828918484088,0.868546494228791,154245,21,21,1.02635177128651,0.578745311585418,0.999997584339008
"GO:0170055","lipid transmembrane transporter activity",0.00380182728984392,34,0.909033137422539,0.733422269542291,0.868546494228791,118348,19,19,1.02635177128651,0.609725197369245,0.999997584339008
"GO:0051879","Hsp90 protein binding",0.0030514204765117,27,0.899404155302456,0.734195434304571,0.868546494228791,73445,16,16,1.02635177128651,0.659316108991217,0.999997584339008
"GO:0008381","mechanosensitive monoatomic ion channel activity",0.00326759593325657,29,0.902116928980015,0.734672786471722,0.868546494228791,196928,13,13,1.02635177128651,0.712919853354805,0.999997584339008
"GO:0004497","monooxygenase activity",0.00731083264389735,67,0.931539215027999,0.735800992921532,0.869107744747458,97277,47,47,1.02635177128651,0.293476195841253,0.999997584339008
"GO:0030246","carbohydrate binding",0.0249476192834445,236,0.961559309516556,0.737671005324841,0.870543422433042,89129,126,128,1.01031502486016,0.356769339975266,0.999997584339008
"GO:0016500","protein-hormone receptor activity",0.00208227432773414,18,0.878673931862461,0.738728427640618,0.871018447484061,86241,11,11,1.02635177128651,0.751043523109799,0.999997584339008
"GO:0016894","endonuclease activity, active with either ribo- or deoxyribonucleic acids and producing 3'-phosphomonoesters",0.000977782371768619,8,0.831650715648151,0.743656527476647,0.874801760835584,21462,6,6,1.02635177128651,0.855464088969983,0.999997584339008
"GO:0015651","quaternary ammonium group transmembrane transporter activity",0.000864027122058303,7,0.823500460704074,0.743969150029465,0.874801760835584,24928,6,6,1.02635177128651,0.855464088969983,0.999997584339008
"GO:0016903","oxidoreductase activity, acting on the aldehyde or oxo group of donors",0.00382274314240039,34,0.904059430750914,0.744184039529472,0.874801760835584,115654,18,18,1.02635177128651,0.625828566229626,0.999997584339008
"GO:0003779","actin binding",0.0504016720807239,482,0.972064931250885,0.744570355327144,0.874801760835584,137886,210,215,1.00248312544264,0.523180575674091,0.999997584339008
"GO:0017018","myosin phosphatase activity",0.00944478936859359,87,0.936311068490016,0.745225860922344,0.874801760835584,122166,39,41,0.976285831223757,0.912631770526774,0.999997584339008
"GO:0001227","DNA-binding transcription repressor activity, RNA polymerase II-specific",0.049485152915798,473,0.971581878356613,0.746175566487736,0.875144182917715,172131,152,153,1.01964358977484,0.0919878713710922,0.999997584339008
"GO:0008179","adenylate cyclase binding",0.00231761140424041,20,0.877167552487118,0.749809100949536,0.876434106611205,196733,9,9,1.02635177128651,0.791195744733539,0.999997584339008
"GO:0071933","Arp2/3 complex binding",0.00220817426602562,19,0.874607985716692,0.749812351561068,0.876434106611205,91976,5,6,0.855293142738761,0.990806168717473,0.999997584339008
"GO:0061630","ubiquitin protein ligase activity",0.0369168845851111,351,0.966440796153593,0.749837364126655,0.876434106611205,122371,171,175,1.00289230222854,0.531224119322246,0.999997584339008
"GO:0048487","beta-tubulin binding",0.00490550959990403,44,0.911720517446311,0.749961319882637,0.876434106611205,109039,18,18,1.02635177128651,0.625828566229626,0.999997584339008
"GO:0043027","cysteine-type endopeptidase inhibitor activity involved in apoptotic process",0.00253716038559116,22,0.881389638621576,0.750570261225686,0.876434106611205,55549,12,12,1.02635177128651,0.731734618562227,0.999997584339008
"GO:0005432","calcium:sodium antiporter activity",0.000873877813907477,7,0.814217642045736,0.754152342674429,0.878822583616452,57770,6,6,1.02635177128651,0.855464088969983,0.999997584339008
"GO:0039706","co-receptor binding",0.00132862893078027,11,0.841554336043209,0.754541552108288,0.878822583616452,360351,6,6,1.02635177128651,0.855464088969983,0.999997584339008
"GO:0046915","transition metal ion transmembrane transporter activity",0.00362802330214892,32,0.896547063242803,0.754598037962397,0.878822583616452,168404,14,14,1.02635177128651,0.694586640240878,0.999997584339008
"GO:0008139","nuclear localization sequence binding",0.0035234440393666,31,0.894308785823894,0.756303002234972,0.879379320875463,114559,13,13,1.02635177128651,0.712919853354805,0.999997584339008
"GO:0051371","muscle alpha-actinin binding",0.00144305888541176,12,0.845260111125842,0.756398453444759,0.879379320875463,148852,7,7,1.02635177128651,0.833483918461968,0.999997584339008
"GO:0005506","iron ion binding",0.0121129774498772,112,0.93985378709086,0.757784663789708,0.880221487196779,101973,71,75,0.971613010151233,0.95683142270988,0.999997584339008
"GO:0004033","aldo-keto reductase (NADPH) activity",0.00449933723735593,40,0.903659101698483,0.759824570756457,0.881086429409162,111585,21,21,1.02635177128651,0.578745311585418,0.999997584339008
"GO:1902936","phosphatidylinositol bisphosphate binding",0.0148462070855622,138,0.944836699930623,0.760142005393242,0.881086429409162,142964,55,56,1.00802406108497,0.576424923254387,0.999997584339008
"GO:0015245","fatty acid transmembrane transporter activity",0.00122297014012407,10,0.831146017541998,0.760516707490014,0.881086429409162,60812,6,6,1.02635177128651,0.855464088969983,0.999997584339008
"GO:0033764","steroid dehydrogenase activity, acting on the CH-OH group of donors, NAD or NADP as acceptor",0.00201223995691604,17,0.858741269237615,0.765771657507786,0.886402353773156,66464,11,11,1.02635177128651,0.751043523109799,0.999997584339008
"GO:0050750","low-density lipoprotein particle receptor binding",0.00355124188211906,31,0.887308458663514,0.770348013170452,0.890924223927566,122922,15,15,1.02635177128651,0.676722711121495,0.999997584339008
"GO:0008376","acetylgalactosaminyltransferase activity",0.00506204114161692,45,0.903607912095116,0.771249156426698,0.890984556265375,179133,16,17,0.965978137681424,0.930690971471281,0.999997584339008
"GO:0005343","organic acid:sodium symporter activity",0.00202209064876522,17,0.854557878336424,0.772225292642268,0.890984556265375,81840,12,13,0.947401635033705,0.957511801051287,0.999997584339008
"GO:0017046","peptide hormone binding",0.00592228991611664,53,0.909660606361889,0.772830513417111,0.890984556265375,260510,26,26,1.02635177128651,0.50797981903821,0.999997584339008
"GO:0008066","glutamate receptor activity",0.00355677446247271,31,0.885928245946115,0.773079833030258,0.890984556265375,220147,17,17,1.02635177128651,0.642355180086213,0.999997584339008
"GO:0005200","structural constituent of cytoskeleton",0.01207101080378,111,0.934700601007364,0.775133878345322,0.891712288068337,117869,54,56,0.989696350883424,0.826607856039997,0.999997584339008
"GO:0005518","collagen binding",0.00688900712717796,62,0.914804384026001,0.775337053259194,0.891712288068337,112922,34,35,0.997027434964042,0.773592147472508,0.999997584339008
"GO:0046914","transition metal ion binding",0.107218033729039,1032,0.97837431019962,0.775722644582756,0.891712288068337,151831,487,500,0.999666625233064,0.59183185794621,0.999997584339008
"GO:0052742","phosphatidylinositol kinase activity",0.00335139428446666,29,0.87956037345994,0.779021915574686,0.894731561065917,171948,11,11,1.02635177128651,0.751043523109799,0.999997584339008
"GO:0070325","lipoprotein particle receptor binding",0.00367984064009526,32,0.883922418127833,0.780103566172899,0.895112181744067,123949,16,16,1.02635177128651,0.659316108991217,0.999997584339008
"GO:0140103","catalytic activity, acting on a glycoprotein",0.00258843795960056,22,0.863929099435037,0.780699346483547,0.895112181744067,198941,10,11,0.933047064805921,0.969019067091385,0.999997584339008
"GO:1904680","peptide transmembrane transporter activity",0.00102042372278696,8,0.796897789683483,0.783403654953149,0.89626822713479,227780,5,6,0.855293142738761,0.990806168717473,0.999997584339008
"GO:0003730","mRNA 3'-UTR binding",0.0171474906307101,159,0.942518171113144,0.784449579614513,0.89626822713479,145552,57,57,1.02635177128651,0.225887480510508,0.999997584339008
"GO:0016888","endodeoxyribonuclease activity, producing 5'-phosphomonoesters",0.00193060066145372,16,0.842404569174041,0.785018073532832,0.89626822713479,118572,6,6,1.02635177128651,0.855464088969983,0.999997584339008
"GO:0003688","DNA replication origin binding",0.00148084236099763,12,0.82369342339892,0.785180276652825,0.89626822713479,31093,10,10,1.02635177128651,0.770859481653579,0.999997584339008
"GO:0061891","calcium ion sensor activity",0.00292740971199951,25,0.868059873350134,0.785750941984335,0.89626822713479,146744,16,16,1.02635177128651,0.659316108991217,0.999997584339008
"GO:0140784","metal ion sensor activity",0.00292740971199951,25,0.868059873350134,0.785750941984335,0.89626822713479,146744,16,16,1.02635177128651,0.659316108991217,0.999997584339008
"GO:0008173","RNA methyltransferase activity",0.00478338800917113,42,0.892497198694683,0.789403483344127,0.898929053426357,122254,21,22,0.979699418046217,0.891588211922751,0.999997584339008
"GO:0004721","phosphoprotein phosphatase activity",0.0219814815089695,205,0.94796015468765,0.789435439399989,0.898929053426357,172347,80,84,0.977477877415727,0.935586315618968,0.999997584339008
"GO:1901618","organic hydroxy compound transmembrane transporter activity",0.0037060191910369,32,0.877678573490606,0.792303642162154,0.901423305453948,100065,22,22,1.02635177128651,0.563848030616973,0.999997584339008
"GO:0015562","efflux transmembrane transporter activity",0.00137909685888425,11,0.81075772922519,0.794043989705103,0.902631201972467,105837,7,7,1.02635177128651,0.833483918461968,0.999997584339008
"GO:0016018","cyclosporin A binding",0.0025070685461067,21,0.851424745662553,0.796829452354427,0.905024057755242,129132,6,10,0.615811062771908,0.999997584339008,0.999997584339008
"GO:0005080","protein kinase C binding",0.00728600350279807,65,0.90681179983684,0.801225772087676,0.908710523451463,114168,26,26,1.02635177128651,0.50797981903821,0.999997584339008
"GO:0032052","bile acid binding",0.00127532724200734,10,0.797024268012182,0.802287380508734,0.908710523451463,49543,6,6,1.02635177128651,0.855464088969983,0.999997584339008
"GO:0004722","protein serine/threonine phosphatase activity",0.0106986609941075,97,0.921585195786493,0.803383819618718,0.908710523451463,117070,47,49,0.984459862254411,0.869369834612149,0.999997584339008
"GO:0015631","tubulin binding",0.0494955433715842,469,0.963163304586522,0.8037735883105,0.908710523451463,152331,189,191,1.01560463232016,0.126650877115946,0.999997584339008
"GO:0005313","L-glutamate transmembrane transporter activity",0.00116197681524973,9,0.787296332747046,0.804248950471735,0.908710523451463,127908,5,5,1.02635177128651,0.878021102261231,0.999997584339008
"GO:0008009","chemokine activity",0.00196298649767018,16,0.828506370466282,0.805083993334568,0.908710523451463,108006,11,11,1.02635177128651,0.751043523109799,0.999997584339008
"GO:0008093","cytoskeletal anchor activity",0.00384406381790956,33,0.872602660092123,0.80516256824405,0.908710523451463,100892,15,15,1.02635177128651,0.676722711121495,0.999997584339008
"GO:0043139","5'-3' DNA helicase activity",0.0011641358709975,9,0.785836179585582,0.805910510577095,0.908710523451463,85810,6,6,1.02635177128651,0.855464088969983,0.999997584339008
"GO:0008307","structural constituent of muscle",0.00558277839978075,49,0.892152038799607,0.80622437419002,0.908710523451463,191193,21,21,1.02635177128651,0.578745311585418,0.999997584339008
"GO:0045125","bioactive lipid receptor activity",0.0018543590053608,15,0.822224897065543,0.807661094553222,0.909559064992198,83100,8,8,1.02635177128651,0.812065907466339,0.999997584339008
"GO:0001758","retinal dehydrogenase activity",0.00252919886752128,21,0.843974835920854,0.808651270096994,0.909903713391711,123547,7,7,1.02635177128651,0.833483918461968,0.999997584339008
"GO:1901338","catecholamine binding",0.00407616231079419,35,0.872789990712118,0.810914626618706,0.910099164440815,264880,7,7,1.02635177128651,0.833483918461968,0.999997584339008
"GO:0042625","ATPase-coupled ion transmembrane transporter activity",0.0020867273802139,17,0.828087804376055,0.811562112050231,0.910099164440815,109969,9,9,1.02635177128651,0.791195744733539,0.999997584339008
"GO:0044769","ATPase activity, coupled to transmembrane movement of ions, rotational mechanism",0.0020867273802139,17,0.828087804376055,0.811562112050231,0.910099164440815,109969,9,9,1.02635177128651,0.791195744733539,0.999997584339008
"GO:0046961","proton-transporting ATPase activity, rotational mechanism",0.0020867273802139,17,0.828087804376055,0.811562112050231,0.910099164440815,109969,9,9,1.02635177128651,0.791195744733539,0.999997584339008
"GO:0005544","calcium-dependent phospholipid binding",0.00560396413430568,49,0.888779266276995,0.813723403842822,0.911754108770811,127578,30,32,0.962204785581106,0.952049489049177,0.999997584339008
"GO:0008017","microtubule binding",0.0335140777856508,314,0.952347742235175,0.817716148497268,0.915456630893406,114881,132,132,1.02635177128651,0.0313893804193648,0.999997584339008
"GO:0004867","serine-type endopeptidase inhibitor activity",0.00670292350991755,59,0.894707195180489,0.820422566751205,0.917714057005133,88792,35,36,0.997841999861888,0.76404602790828,0.999997584339008
"GO:0070513","death domain binding",0.00210588899997531,17,0.820552980063521,0.822226610167109,0.91895915253971,311707,5,5,1.02635177128651,0.878021102261231,0.999997584339008
"GO:0008559","ABC-type xenobiotic transporter activity",0.00106900247711165,8,0.760684307698372,0.822924670567449,0.918967096435522,145344,5,5,1.02635177128651,0.878021102261231,0.999997584339008
"GO:0086008","voltage-gated potassium channel activity involved in cardiac muscle cell action potential repolarization",0.00153792239732914,12,0.793122017055344,0.823925298290516,0.919220229289399,93083,7,7,1.02635177128651,0.833483918461968,0.999997584339008
"GO:0030283","testosterone dehydrogenase [NAD(P)+] activity",0.00130717331428686,10,0.777606726229289,0.824912155763841,0.919220229289399,89592,7,7,1.02635177128651,0.833483918461968,0.999997584339008
"GO:0030544","Hsp70 protein binding",0.00832990695684196,74,0.902993763837277,0.825224777271837,0.919220229289399,252250,26,26,1.02635177128651,0.50797981903821,0.999997584339008
"GO:0034450","ubiquitin-ubiquitin ligase activity",0.00222828047267668,18,0.821099584725345,0.827196334421182,0.920645292703073,90628,5,5,1.02635177128651,0.878021102261231,0.999997584339008
"GO:0004725","protein tyrosine phosphatase activity",0.0127138696526768,115,0.919418562326795,0.829166657792254,0.922066601056604,171839,47,50,0.964770665009323,0.961186952506511,0.999997584339008
"GO:0001517","N-acetylglucosamine 6-O-sulfotransferase activity",0.000961049689723448,7,0.740364146291518,0.831697261173104,0.924108067970116,167555,5,5,1.02635177128651,0.878021102261231,0.999997584339008
"GO:0070628","proteasome binding",0.00155586954823243,12,0.783973254846466,0.834955808090891,0.926954277763677,77087,6,7,0.879730089674154,0.987345112018076,0.999997584339008
"GO:0031491","nucleosome binding",0.0077294195769951,68,0.894242304949114,0.837258649206631,0.928735615883919,134854,26,27,0.988338742720346,0.848155346014107,0.999997584339008
"GO:0051087","protein-folding chaperone binding",0.0183631739576855,168,0.92993954275932,0.838400801376264,0.929227554858692,155682,61,62,1.00979771045931,0.524368963954581,0.999997584339008
"GO:0008430","selenium binding",0.00156666482697125,12,0.778571199688178,0.841332255608064,0.931700166493526,197406,5,5,1.02635177128651,0.878021102261231,0.999997584339008
"GO:0003680","minor groove of adenine-thymine-rich DNA binding",0.0030537144732437,25,0.832156027063978,0.844948356823048,0.933844032525624,147496,8,8,1.02635177128651,0.812065907466339,0.999997584339008
"GO:0004114","3',5'-cyclic-nucleotide phosphodiesterase activity",0.00427816896419435,36,0.855337966349333,0.846076736235622,0.933844032525624,168048,16,16,1.02635177128651,0.659316108991217,0.999997584339008
"GO:0004115","3',5'-cyclic-AMP phosphodiesterase activity",0.00427816896419435,36,0.855337966349333,0.846076736235622,0.933844032525624,168048,16,16,1.02635177128651,0.659316108991217,0.999997584339008
"GO:0047555","3',5'-cyclic-GMP phosphodiesterase activity",0.00427816896419435,36,0.855337966349333,0.846076736235622,0.933844032525624,168048,16,16,1.02635177128651,0.659316108991217,0.999997584339008
"GO:0070412","R-SMAD binding",0.00373651585347406,31,0.843311545924438,0.850284573378717,0.937710184571886,124748,9,9,1.02635177128651,0.791195744733539,0.999997584339008
"GO:0000030","mannosyltransferase activity",0.0041830355703085,35,0.850490894849542,0.85141182348618,0.938175414446247,154686,13,13,1.02635177128651,0.712919853354805,0.999997584339008
"GO:0001653","peptide receptor activity",0.011986132924696,107,0.907398108862589,0.855477056198973,0.941874573464101,167578,61,61,1.02635177128651,0.203413859739291,0.999997584339008
"GO:0042923","neuropeptide binding",0.00386943272294578,32,0.840612531555223,0.858068482146254,0.94333468392049,195181,13,13,1.02635177128651,0.712919853354805,0.999997584339008
"GO:0043015","gamma-tubulin binding",0.00442444499110536,37,0.850033625742271,0.858221780108115,0.94333468392049,246261,17,17,1.02635177128651,0.642355180086213,0.999997584339008
"GO:0004726","non-membrane spanning protein tyrosine phosphatase activity",0.000999237988262023,7,0.712069338269843,0.858932581317506,0.943336360984545,61943,4,6,0.684234514191009,0.999684784196493,0.999997584339008
"GO:0008106","alcohol dehydrogenase (NADP+) activity",0.00399114949072598,33,0.840444669102489,0.861655238021385,0.945545764495414,122886,18,18,1.02635177128651,0.625828566229626,0.999997584339008
"GO:0070003","threonine-type peptidase activity",0.00124887880909724,9,0.732513097923805,0.86302032081819,0.946263006338164,100196,7,7,1.02635177128651,0.833483918461968,0.999997584339008
"GO:0016229","steroid dehydrogenase activity",0.00276817935060191,22,0.807833088883829,0.86634306996833,0.949123791645699,80264,13,13,1.02635177128651,0.712919853354805,0.999997584339008
"GO:0015368","calcium:monoatomic cation antiporter activity",0.00137950168183696,10,0.736836188690514,0.86888683464816,0.95104622341142,228099,8,8,1.02635177128651,0.812065907466339,0.999997584339008
"GO:0047045","testosterone 17-beta-dehydrogenase (NADP+) activity",0.00161888698787029,12,0.753455999698237,0.869527975690441,0.95104622341142,62668,7,7,1.02635177128651,0.833483918461968,0.999997584339008
"GO:0004896","cytokine receptor activity",0.00580300208605268,49,0.858294906269587,0.874523824560058,0.955724475484698,100759,35,35,1.02635177128651,0.401610180377311,0.999997584339008
"GO:0005546","phosphatidylinositol-4,5-bisphosphate binding",0.0106955573514701,94,0.893341716047506,0.875916102311984,0.956460111719982,156121,40,41,1.00131880125513,0.716128744802584,0.999997584339008
"GO:1990841","promoter-specific chromatin binding",0.0089827514385721,78,0.882629425316494,0.878754304483255,0.958434490996652,180680,27,27,1.02635177128651,0.494896144923753,0.999997584339008
"GO:0004303","estradiol 17-beta-dehydrogenase [NAD(P)+] activity",0.0017578762016326,13,0.751706399330472,0.879363926019057,0.958434490996652,77055,8,8,1.02635177128651,0.812065907466339,0.999997584339008
"GO:0008409","5'-3' exonuclease activity",0.00211142158032895,16,0.770261530719819,0.879886100381137,0.958434490996652,65206,10,10,1.02635177128651,0.770859481653579,0.999997584339008
"GO:0008528","G protein-coupled peptide receptor activity",0.0119128599702563,105,0.895914249205079,0.882324670456553,0.960304264899521,169349,59,59,1.02635177128651,0.214357736889647,0.999997584339008
"GO:0052650","all-trans-retinol dehydrogenase (NADP+) activity",0.00213975918701835,16,0.760060678008009,0.89117564143561,0.969144401561211,114713,8,8,1.02635177128651,0.812065907466339,0.999997584339008
"GO:0180030","inositol phosphate kinase activity",0.00118019384812149,8,0.6890168174693,0.892198773355916,0.969464353401444,55658,5,5,1.02635177128651,0.878021102261231,0.999997584339008
"GO:0034593","phosphatidylinositol bisphosphate phosphatase activity",0.00261906956302196,20,0.776204478023919,0.895723662998672,0.971987554359698,129111,10,10,1.02635177128651,0.770859481653579,0.999997584339008
"GO:0005548","phospholipid transporter activity",0.00754225643186081,64,0.862525337424937,0.89598251251503,0.971987554359698,201829,29,30,0.992140045576963,0.82070842152862,0.999997584339008
"GO:0140110","transcription regulator activity",0.240225448601182,2310,0.977431089346579,0.89827851889921,0.973684132140138,152459,928,948,1.0046987803311,0.203147672328935,0.999997584339008
"GO:0017056","structural constituent of nuclear pore",0.00334316288442831,26,0.790512957745959,0.905546655772637,0.980763071805869,139711,12,12,1.02635177128651,0.731734618562227,0.999997584339008
"GO:0004936","alpha-adrenergic receptor activity",0.00300486583695054,23,0.77802926266666,0.907631958988355,0.982221729417829,243153,5,5,1.02635177128651,0.878021102261231,0.999997584339008
"GO:0045159","myosin II binding",0.00108883880179423,7,0.653472976811028,0.908869608029476,0.982761446080653,65569,6,6,1.02635177128651,0.855464088969983,0.999997584339008
"GO:0140828","metal cation:monoatomic cation antiporter activity",0.00438733622044067,35,0.810886945204716,0.910425502921974,0.983644125821466,119320,19,19,1.02635177128651,0.609725197369245,0.999997584339008
"GO:0038036","sphingosine-1-phosphate receptor activity",0.00122755813358807,8,0.662431690182093,0.913925354540422,0.986623962287956,111726,5,5,1.02635177128651,0.878021102261231,0.999997584339008
"GO:0098809","nitrite reductase activity",0.00110921489041375,7,0.641468789524111,0.91783225031941,0.989344425549342,36856,4,5,0.821081417029211,0.99376570721048,0.999997584339008
"GO:0017124","SH3 domain binding",0.0196694026850827,175,0.904357321454723,0.917933098592397,0.989344425549342,163982,52,53,1.00698664352639,0.603431784016404,0.999997584339008
"GO:0003677","DNA binding",0.273572739330318,2630,0.977183468420891,0.919510499481715,0.989707337491205,152590,1107,1130,1.00546142549927,0.130668825402576,0.999997584339008
"GO:0031690","adrenergic receptor binding",0.00408938652724924,32,0.795398922367464,0.920277557685762,0.989707337491205,251148,11,11,1.02635177128651,0.751043523109799,0.999997584339008
"GO:0016530","metallochaperone activity",0.00137221486868825,9,0.666674080173548,0.921140466413024,0.989707337491205,88384,4,5,0.821081417029211,0.99376570721048,0.999997584339008
"GO:0000976","transcription cis-regulatory region binding",0.187673491936669,1792,0.97057310431928,0.92199051966286,0.989707337491205,149908,710,726,1.00373244850334,0.307808506166462,0.999997584339008
"GO:0001067","transcription regulatory region nucleic acid binding",0.187673491936669,1792,0.97057310431928,0.92199051966286,0.989707337491205,149908,710,726,1.00373244850334,0.307808506166462,0.999997584339008
"GO:0016709","oxidoreductase activity, acting on paired donors, with incorporation or reduction of molecular oxygen, NAD(P)H as one donor, and incorporation of one atom of oxygen",0.00388157741152696,30,0.785608519761842,0.924982434956905,0.992118256848938,138446,18,18,1.02635177128651,0.625828566229626,0.999997584339008
"GO:0004118","3',5'-cGMP-stimulated cyclic-nucleotide phosphodiesterase activity",0.00188404602189256,13,0.70136651368558,0.926520280163263,0.992966940062159,180204,5,5,1.02635177128651,0.878021102261231,0.999997584339008
"GO:0019825","oxygen binding",0.0022513553809809,16,0.722385649195217,0.927576469192393,0.993298473450791,63638,10,14,0.733108408061795,0.999982358938745,0.999997584339008
"GO:0003785","actin monomer binding",0.0042530699411266,33,0.788686844915424,0.930540507909182,0.995670857215778,142186,12,12,1.02635177128651,0.731734618562227,0.999997584339008
"GO:0030553","cGMP binding",0.00226552418432561,16,0.717867780759605,0.931366212899099,0.995753266202413,178298,6,6,1.02635177128651,0.855464088969983,0.999997584339008
"GO:0045294","alpha-catenin binding",0.00153400910878632,10,0.662621072922513,0.933206339078106,0.996919221665768,190144,4,5,0.821081417029211,0.99376570721048,0.999997584339008
"GO:0015355","secondary active monocarboxylate transmembrane transporter activity",0.00128868639944663,8,0.631009537757749,0.936331962922661,0.998326168183121,117549,6,7,0.879730089674154,0.987345112018076,0.999997584339008
"GO:0004935","adrenergic receptor activity",0.00370696377792654,28,0.767773062485995,0.936634873985359,0.998326168183121,207471,7,7,1.02635177128651,0.833483918461968,0.999997584339008
"GO:0140303","intramembrane lipid transporter activity",0.00722811382056115,59,0.829698319914131,0.936775231498146,0.998326168183121,219719,22,23,0.981727781230578,0.883190740367739,0.999997584339008
"GO:0004117","calmodulin-activated dual specificity 3',5'-cyclic-GMP, 3',5'-cyclic-AMP phosphodiesterase activity",0.00217268478717175,15,0.701758557572492,0.9385610921678,0.998629002066539,179224,6,6,1.02635177128651,0.855464088969983,0.999997584339008
"GO:0048101","calmodulin-activated 3',5'-cyclic-GMP phosphodiesterase activity",0.00217268478717175,15,0.701758557572492,0.9385610921678,0.998629002066539,179224,6,6,1.02635177128651,0.855464088969983,0.999997584339008
"GO:1990837","sequence-specific double-stranded DNA binding",0.194010860320293,1848,0.968208981816317,0.941044817893484,1,148979,738,754,1.0045724233547,0.25015580840677,0.999997584339008
"GO:0016757","glycosyltransferase activity",0.0296550355184912,266,0.911751255196512,0.942257996182811,1,150222,118,121,1.00090503315544,0.622909668592084,0.999997584339008
"GO:0043177","organic acid binding",0.0220898391193104,195,0.897294984490965,0.943202582029342,1,98191,90,94,0.982677227827513,0.906219434614991,0.999997584339008
"GO:0051536","iron-sulfur cluster binding",0.00739625028691827,60,0.824580068634011,0.944286277659255,1,205251,38,38,1.02635177128651,0.37133479806173,0.999997584339008
"GO:0051540","metal cluster binding",0.00739625028691827,60,0.824580068634011,0.944286277659255,1,205251,38,38,1.02635177128651,0.37133479806173,0.999997584339008
"GO:0045236","CXCR chemokine receptor binding",0.00131729388810451,8,0.617305991147972,0.944934931950679,1,169656,6,6,1.02635177128651,0.855464088969983,0.999997584339008
"GO:0000099","sulfur amino acid transmembrane transporter activity",0.000923266214137578,5,0.550473279522298,0.94785138621279,1,157131,5,5,1.02635177128651,0.878021102261231,0.999997584339008
"GO:0031406","carboxylic acid binding",0.0219768935155055,193,0.892656120111838,0.950505591262883,1,97826,88,89,1.01481972891251,0.328819870196207,0.999997584339008
"GO:0098641","cadherin binding involved in cell-cell adhesion",0.00319648203456459,23,0.731389548339294,0.950821892050126,1,88202,9,10,0.923716594157862,0.974222112453179,0.999997584339008
"GO:0034237","protein kinase A regulatory subunit binding",0.00309662570623051,22,0.722149554878982,0.954102276030038,1,141108,11,12,0.940822457012637,0.963441473133089,0.999997584339008
"GO:0043565","sequence-specific DNA binding",0.202962575332491,1929,0.966071887781564,0.956880832501828,1,150366,773,790,1.00426572051199,0.260785854005738,0.999997584339008
"GO:0071837","HMG box domain binding",0.00419801401955862,31,0.750604201435156,0.959015265200585,1,120598,9,9,1.02635177128651,0.791195744733539,0.999997584339008
"GO:0015125","bile acid transmembrane transporter activity",0.00151295831524562,9,0.604656503860579,0.96035275097731,1,153909,8,8,1.02635177128651,0.812065907466339,0.999997584339008
"GO:0030371","translation repressor activity",0.0053823910381914,41,0.774286686480077,0.961340807477769,1,83322,21,21,1.02635177128651,0.578745311585418,0.999997584339008
"GO:0070064","proline-rich region binding",0.00340564056012923,24,0.716317586843629,0.964043386766679,1,98539,10,10,1.02635177128651,0.770859481653579,0.999997584339008
"GO:0030551","cyclic nucleotide binding",0.00471011505473139,35,0.755317783969086,0.964121552550938,1,142460,15,17,0.905604504076335,0.99130253010864,0.999997584339008
"GO:0003690","double-stranded DNA binding",0.204168542908602,1937,0.964348419716337,0.964794827903078,1,151119,772,789,1.0042377280522,0.262725334454833,0.999997584339008
"GO:0034062","5'-3' RNA polymerase activity",0.00293685558089597,20,0.692214331647043,0.966167009359823,1,40613,10,11,0.933047064805921,0.969019067091385,0.999997584339008
"GO:0097747","RNA polymerase activity",0.00293685558089597,20,0.692214331647043,0.966167009359823,1,40613,10,11,0.933047064805921,0.969019067091385,0.999997584339008
"GO:0005516","calmodulin binding",0.0231614054751225,201,0.882113217560844,0.968618689674316,1,159763,94,95,1.01554806843087,0.294283652597203,0.999997584339008
"GO:0140517","protein-RNA adaptor activity",0.00742364330671802,58,0.794152813293019,0.969605708002573,1,156471,11,11,1.02635177128651,0.751043523109799,0.999997584339008
"GO:0005198","structural molecule activity",0.0706715621456534,648,0.932016275681576,0.970883996682015,1,118590,321,327,1.0075196286941,0.258730059630976,0.999997584339008
"GO:0003700","DNA-binding transcription factor activity",0.186441480750601,1761,0.960085684719979,0.972283441226729,1,151947,686,702,1.00295913832272,0.362608692925142,0.999997584339008
"GO:0003899","DNA-directed 5'-3' RNA polymerase activity",0.00275967806859509,18,0.66299043775706,0.974418141366113,1,40439,9,10,0.923716594157862,0.974222112453179,0.999997584339008
"GO:0004032","aldose reductase (NADPH) activity",0.00250949748382294,16,0.648076688238587,0.974562332298832,1,128645,9,9,1.02635177128651,0.791195744733539,0.999997584339008
"GO:0051539","4 iron, 4 sulfur cluster binding",0.00434577439729621,31,0.725082959374249,0.974612948709856,1,193133,22,22,1.02635177128651,0.563848030616973,0.999997584339008
"GO:0140161","monocarboxylate:sodium symporter activity",0.00105321438195612,5,0.482554539204556,0.976941132753947,1,117354,5,6,0.855293142738761,0.990806168717473,0.999997584339008
"GO:0004953","icosanoid receptor activity",0.0014925822266261,8,0.544809789855031,0.978500942396112,1,117802,6,6,1.02635177128651,0.855464088969983,0.999997584339008
"GO:0042609","CD4 receptor binding",0.00216418350516493,13,0.610579826915954,0.97874110707933,1,19154,5,5,1.02635177128651,0.878021102261231,0.999997584339008
"GO:0031267","small GTPase binding",0.0328550260186459,288,0.891012617541345,0.979791675198456,1,116084,133,137,0.996385296212455,0.724165123506587,0.999997584339008
"GO:0051020","GTPase binding",0.0371672001108675,328,0.897030437562117,0.980322939150546,1,108538,144,148,0.998612534224716,0.668787119664946,0.999997584339008
"GO:0008028","monocarboxylic acid transmembrane transporter activity",0.00466302065123329,33,0.719349229599616,0.980447783488369,1,107408,26,27,0.988338742720346,0.848155346014107,0.999997584339008
"GO:0000977","RNA polymerase II transcription regulatory region sequence-specific DNA binding",0.179645447961561,1688,0.955101235763799,0.982435965253107,1,150938,668,683,1.00381110281024,0.312369558467085,0.999997584339008
"GO:0052866","phosphatidylinositol phosphate phosphatase activity",0.00339767904205935,22,0.658163071820282,0.985400865366151,1,125489,11,12,0.940822457012637,0.963441473133089,0.999997584339008
"GO:0098631","cell adhesion mediator activity",0.00979374675382595,76,0.788783657762294,0.986143472113754,1,127102,38,42,0.928603983544941,0.995820724565866,0.999997584339008
"GO:0030247","polysaccharide binding",0.00530898314276743,37,0.708408167166651,0.988799525590844,1,62341,16,16,1.02635177128651,0.659316108991217,0.999997584339008
"GO:0004112","cyclic-nucleotide phosphodiesterase activity",0.00543461319909044,38,0.710735714270643,0.988991749958041,1,160012,17,17,1.02635177128651,0.642355180086213,0.999997584339008
"GO:0004954","prostanoid receptor activity",0.00146653861666869,7,0.48517422247775,0.989111499526259,1,134622,5,5,1.02635177128651,0.878021102261231,0.999997584339008
"GO:0004955","prostaglandin receptor activity",0.00146653861666869,7,0.48517422247775,0.989111499526259,1,134622,5,5,1.02635177128651,0.878021102261231,0.999997584339008
"GO:0032794","GTPase activating protein binding",0.00151336313819832,7,0.470162590270904,0.991844661406377,1,79378,5,5,1.02635177128651,0.878021102261231,0.999997584339008
"GO:0000981","DNA-binding transcription factor activity, RNA polymerase II-specific",0.181472683829091,1694,0.94884511415788,0.992148772765774,1,153444,652,666,1.00477680912734,0.259486925386452,0.999997584339008
"GO:0008527","taste receptor activity",0.00209684795403154,11,0.533235342858706,0.992368750781439,1,102760,8,8,1.02635177128651,0.812065907466339,0.999997584339008
"GO:0016758","hexosyltransferase activity",0.0230938000420206,192,0.845082307199229,0.992872532380829,1,139747,81,83,1.00162040330371,0.640664966120607,0.999997584339008
"GO:0001640","adenylate cyclase inhibiting G protein-coupled glutamate receptor activity",0.00173561093923378,8,0.468522864685624,0.994842239834226,1,277156,6,6,1.02635177128651,0.855464088969983,0.999997584339008
"GO:0098988","G protein-coupled glutamate receptor activity",0.00173561093923378,8,0.468522864685624,0.994842239834226,1,277156,6,6,1.02635177128651,0.855464088969983,0.999997584339008
"GO:0098632","cell-cell adhesion mediator activity",0.00891811470712341,65,0.740855457343738,0.995291947058807,1,130017,29,31,0.960135527977706,0.955734265856847,0.999997584339008
"GO:0061980","regulatory RNA binding",0.0155905415546038,122,0.795411400387707,0.996295992295381,1,153692,30,30,1.02635177128651,0.457623727530149,0.999997584339008
"GO:0000978","RNA polymerase II cis-regulatory region sequence-specific DNA binding",0.162937864939458,1502,0.937003241324968,0.997377340624011,1,151426,580,592,1.00554734349017,0.238614277729887,0.999997584339008
"GO:0000987","cis-regulatory region sequence-specific DNA binding",0.165498370115322,1526,0.937246860512557,0.99749605166161,1,150337,588,600,1.00582473586078,0.22228545788916,0.999997584339008
"GO:0033038","bitter taste receptor activity",0.00159122408610206,6,0.383277290891272,0.998243376778167,1,135387,5,5,1.02635177128651,0.878021102261231,0.999997584339008
"GO:0008194","UDP-glycosyltransferase activity",0.018108810202402,141,0.791447984571023,0.998373034401344,1,151759,57,59,0.991560185819174,0.807201098989462,0.999997584339008
"GO:0017022","myosin binding",0.00627988352434005,40,0.647443066481854,0.998749292642512,1,127593,26,26,1.02635177128651,0.50797981903821,0.999997584339008
"GO:0005549","odorant binding",0.00430718127580493,24,0.566384387253971,0.99917328824908,1,54502,21,23,0.937103791174643,0.979761663250371,0.999997584339008
"GO:0035198","miRNA binding",0.0141150968329756,104,0.748932468907139,0.999183854210387,1,155501,24,24,1.02635177128651,0.535188843474866,0.999997584339008
"GO:0051018","protein kinase A binding",0.00905939791761772,61,0.684421558889375,0.999349154288711,1,221125,27,29,0.955568890508133,0.962658344748685,0.999997584339008
"GO:0004879","nuclear receptor activity",0.0123902811724806,88,0.721929339375425,0.999490473258922,1,127879,30,32,0.962204785581106,0.952049489049177,0.999997584339008
"GO:0098531","ligand-activated transcription factor activity",0.0123902811724806,88,0.721929339375425,0.999490473258922,1,127879,30,32,0.962204785581106,0.952049489049177,0.999997584339008
"GO:0004888","transmembrane signaling receptor activity",0.101182528327149,895,0.899105573478171,0.999690101747009,1,146828,465,478,0.998438438594621,0.655989207143521,0.999997584339008
"GO:0002020","protease binding",0.0211600957379295,161,0.7733951237002,0.999736302326967,1,156550,62,66,0.964148633632785,0.97317066710498,0.999997584339008
"GO:0033293","monocarboxylic acid binding",0.0131217962480199,91,0.704922356295662,0.999839234874455,1,108601,30,31,0.99324364963211,0.81139629433357,0.999997584339008
"GO:0004930","G protein-coupled receptor activity",0.0575327633336199,485,0.856879368867919,0.99984526520013,1,143459,256,267,0.984067615915159,0.957877777581171,0.999997584339008
"GO:0017128","phospholipid scramblase activity",0.00397522645458622,19,0.485830648639395,0.999870383750794,1,347659,8,9,0.912312685588012,0.979027209328735,0.999997584339008
"GO:0004984","olfactory receptor activity",0.0118086855304267,79,0.68001534933341,0.999899965599947,1,83702,64,73,0.899815251538861,0.999984762359442,0.999997584339008
"GO:0038023","signaling receptor activity",0.122966186353229,1089,0.900192431872237,0.999919730289647,1,140118,559,575,0.997792417650715,0.692658421740492,0.999997584339008
"GO:0060089","molecular transducer activity",0.122966186353229,1089,0.900192431872237,0.999919730289647,1,140118,559,575,0.997792417650715,0.692658421740492,0.999997584339008
"GO:0140375","immune receptor activity",0.0147925005738365,101,0.694021557766959,0.999963639987702,1,60134,58,58,1.02635177128651,0.2200474627217,0.999997584339008
"GO:0015020","glucuronosyltransferase activity",0.00764737545858007,44,0.584835120883783,0.999963749740694,1,126602,15,15,1.02635177128651,0.676722711121495,0.999997584339008
"GO:0005501","retinoid binding",0.009093403045645,55,0.614793731278673,0.999966186082506,1,123824,14,14,1.02635177128651,0.694586640240878,0.999997584339008
"GO:0019840","isoprenoid binding",0.009093403045645,55,0.614793731278673,0.999966186082506,1,123824,14,14,1.02635177128651,0.694586640240878,0.999997584339008
"GO:0001972","retinoic acid binding",0.00709209330845201,38,0.54463097506585,0.999988351406217,1,156284,9,9,1.02635177128651,0.791195744733539,0.999997584339008
"GO:0023023","MHC protein complex binding",0.00886859136590908,50,0.573071144896924,0.999994591879024,1,32478,20,20,1.02635177128651,0.59403428430269,0.999997584339008
"GO:0023026","MHC class II protein complex binding",0.00835622044876783,44,0.535224480754554,0.999998641227935,1,31427,16,16,1.02635177128651,0.659316108991217,0.999997584339008
"GO:0032395","MHC class II receptor activity",0.00763374641917231,34,0.452724887552679,0.999999964875897,1,29782,8,8,1.02635177128651,0.812065907466339,0.999997584339008
"GO:0042277","peptide binding",0.0396126006271787,285,0.731315345247123,0.999999993866151,1,94729,106,108,1.00734525700343,0.472319687097071,0.999997584339008
"GO:0030881","beta-2-microglobulin binding",0.00837376277671842,24,0.291329034836186,0.999999999999991,1,35686,5,5,1.02635177128651,0.878021102261231,0.999997584339008
"GO:0003823","antigen binding",0.0229728929201458,117,0.517682346377567,1,1,44539,37,38,0.999342514147395,0.744895379128823,0.999997584339008
"GO:0042605","peptide antigen binding",0.0208456832446614,89,0.433977340608168,1,1,36009,21,22,0.979699418046217,0.891588211922751,0.999997584339008
"GO:0046977","TAP binding",0.0124161898414538,40,0.327464954874717,1,1,35801,4,5,0.821081417029211,0.99376570721048,0.999997584339008
"GO:0042608","T cell receptor binding",0.0105692525902259,32,0.307750582091874,1,1,31366,6,6,1.02635177128651,0.855464088969983,0.999997584339008
"GO:0019911","structural constituent of myelin sheath",0.0109215835000642,33,0.307129484753933,1,1,67220,5,5,1.02635177128651,0.878021102261231,0.999997584339008
