cpg_id	reason
chr1:134100	encode_blacklist
chr1:134115	encode_blacklist
chr1:134139	encode_blacklist
chr1:134166	encode_blacklist
chr1:134177	encode_blacklist
chr1:134201	encode_blacklist
chr1:533832	encode_blacklist
chr1:533904	encode_blacklist
chr1:533906	encode_blacklist
chr1:533908	encode_blacklist
chr1:533928	encode_blacklist
chr1:533950	encode_blacklist
chr1:533960	encode_blacklist
chr1:533984	encode_blacklist
chr1:533990	encode_blacklist
chr1:143356812	encode_blacklist
chr1:143356818	encode_blacklist
chr1:143356835	encode_blacklist
chr1:143356842	encode_blacklist
chr1:143356852	encode_blacklist
chr1:143356894	encode_blacklist
chr1:143498220	encode_blacklist
chr1:143498222	encode_blacklist
chr1:143498225	encode_blacklist
chr1:143498228	encode_blacklist
chr1:143498230	encode_blacklist
chr1:143498242	encode_blacklist
chr1:143498245	encode_blacklist
chr1:143498247	encode_blacklist
chr1:143498264	encode_blacklist
chr1:143498267	encode_blacklist
chr1:143498270	encode_blacklist
chr1:143498272	encode_blacklist
chr1:143498284	encode_blacklist
chr1:143498287	encode_blacklist
chr1:143498289	encode_blacklist
chr1:143498308	encode_blacklist
chr1:143498311	encode_blacklist
chr1:143498314	encode_blacklist
chr1:143498316	encode_blacklist
chr1:143498332	encode_blacklist
chr1:143498335	encode_blacklist
chr1:143498356	encode_blacklist
chr1:143498359	encode_blacklist
chr1:143542957	encode_blacklist
chr1:143543124	encode_blacklist
chr1:143543342	encode_blacklist
chr1:143543798	encode_blacklist
chr1:143543860	encode_blacklist
chr1:143543941	encode_blacklist
chr1:143544001	encode_blacklist
chr1:143544111	encode_blacklist
chr1:143544215	encode_blacklist
chr1:143544328	encode_blacklist
chr1:143544364	encode_blacklist
chr1:161426361	encode_blacklist
chr1:161427124	encode_blacklist
chr1:161427140	encode_blacklist
chr1:161427146	encode_blacklist
chr1:161427187	encode_blacklist
chr1:161427204	encode_blacklist
chr1:161427246	encode_blacklist
chr1:161427262	encode_blacklist
chr1:161427291	encode_blacklist
chr1:161427322	encode_blacklist
chr1:161427336	encode_blacklist
chr1:161427347	encode_blacklist
chr1:161427380	encode_blacklist
chr1:161427390	encode_blacklist
chr1:161427392	encode_blacklist
chr1:161427396	encode_blacklist
chr1:161439646	encode_blacklist
chr1:161439656	encode_blacklist
chr1:161439678	encode_blacklist
chr1:161439680	encode_blacklist
chr1:161439740	encode_blacklist
chr1:161439760	encode_blacklist
chr1:161439777	encode_blacklist
chr1:161439804	encode_blacklist
chr1:161439817	encode_blacklist
chr1:161439824	encode_blacklist
chr1:161439852	encode_blacklist
chr1:161439870	encode_blacklist
chr1:161439906	encode_blacklist
chr1:161439914	encode_blacklist
chr1:161439949	encode_blacklist
chr1:161439968	encode_blacklist
chr1:161442957	encode_blacklist
chr1:161443671	encode_blacklist
chr1:161443685	encode_blacklist
chr1:161443705	encode_blacklist
chr1:161443721	encode_blacklist
chr1:161443749	encode_blacklist
chr1:161443754	encode_blacklist
chr1:161443817	encode_blacklist
chr1:161458558	encode_blacklist
chr1:161458604	encode_blacklist
chr1:161459233	encode_blacklist
chr1:161459268	encode_blacklist
chr1:161459270	encode_blacklist
chr1:161459274	encode_blacklist
chr1:161460004	encode_blacklist
chr2:1597626	encode_blacklist
chr2:1597670	encode_blacklist
chr2:1597683	encode_blacklist
chr2:1597702	encode_blacklist
chr2:1597794	encode_blacklist
chr2:1597819	encode_blacklist
chr2:1597888	encode_blacklist
chr2:1598000	encode_blacklist
chr2:1598064	encode_blacklist
chr2:1598119	encode_blacklist
chr2:1598166	encode_blacklist
chr2:1598169	encode_blacklist
chr2:1598200	encode_blacklist
chr2:1598289	encode_blacklist
chr2:1598303	encode_blacklist
chr2:1598348	encode_blacklist
chr2:1598379	encode_blacklist
chr2:1598419	encode_blacklist
chr2:1598430	encode_blacklist
chr2:1598440	encode_blacklist
chr2:1598484	encode_blacklist
chr2:1598486	encode_blacklist
chr2:1598505	encode_blacklist
chr2:1598575	encode_blacklist
chr2:1598609	encode_blacklist
chr2:1598612	encode_blacklist
chr2:1605141	encode_blacklist
chr2:1605183	encode_blacklist
chr2:1605193	encode_blacklist
chr2:86910400	encode_blacklist
chr2:86910416	encode_blacklist
chr2:86910438	encode_blacklist
chr2:86910480	encode_blacklist
chr2:86910534	encode_blacklist
chr2:86910579	encode_blacklist
chr2:87413638	encode_blacklist
chr2:87414297	encode_blacklist
chr2:87414570	encode_blacklist
chr2:87414781	encode_blacklist
chr2:87414851	encode_blacklist
chr2:87415028	encode_blacklist
chr2:87415054	encode_blacklist
chr2:87415173	encode_blacklist
chr2:87415199	encode_blacklist
chr2:87415228	encode_blacklist
chr2:87415379	encode_blacklist
chr2:87415493	encode_blacklist
chr2:87415562	encode_blacklist
chr2:87425772	encode_blacklist
chr2:87426327	encode_blacklist
chr2:87426411	encode_blacklist
chr2:87426724	encode_blacklist
chr2:87426756	encode_blacklist
chr2:87426833	encode_blacklist
chr2:87426862	encode_blacklist
chr2:87825849	encode_blacklist
chr2:87825864	encode_blacklist
chr2:87825886	encode_blacklist
chr2:87825889	encode_blacklist
chr2:87825892	encode_blacklist
chr2:87825895	encode_blacklist
chr2:87825899	encode_blacklist
chr2:87825910	encode_blacklist
chr2:87825914	encode_blacklist
chr2:87825955	encode_blacklist
chr2:87825958	encode_blacklist
chr2:87825962	encode_blacklist
chr2:87825965	encode_blacklist
chr2:87825974	encode_blacklist
chr2:87826002	encode_blacklist
chr2:87826007	encode_blacklist
chr2:87826649	encode_blacklist
chr2:87826926	encode_blacklist
chr2:87827090	encode_blacklist
chr2:87827187	encode_blacklist
chr2:87827235	encode_blacklist
chr2:87827623	encode_blacklist
chr2:87827654	encode_blacklist
chr2:89585605	encode_blacklist
chr2:89585611	encode_blacklist
chr2:89585615	encode_blacklist
chr2:89585617	encode_blacklist
chr2:89585627	encode_blacklist
chr2:89585632	encode_blacklist
chr2:89585634	encode_blacklist
chr2:89585640	encode_blacklist
chr2:89585644	encode_blacklist
chr2:89585646	encode_blacklist
chr2:89585659	encode_blacklist
chr2:89585665	encode_blacklist
chr2:89585673	encode_blacklist
chr2:89585693	encode_blacklist
chr2:89585703	encode_blacklist
chr2:89585705	encode_blacklist
chr2:89585711	encode_blacklist
chr2:89585751	encode_blacklist
chr2:89585757	encode_blacklist
chr2:89585785	encode_blacklist
chr2:89585789	encode_blacklist
chr2:89585803	encode_blacklist
chr2:89585805	encode_blacklist
chr2:89585811	encode_blacklist
chr2:89585819	encode_blacklist
chr2:89585849	encode_blacklist
chr2:89585851	encode_blacklist
chr2:89767488	encode_blacklist
chr2:89767579	encode_blacklist
chr2:89767582	encode_blacklist
chr2:89767597	encode_blacklist
chr2:89767613	encode_blacklist
chr2:89767615	encode_blacklist
chr2:89767618	encode_blacklist
chr2:89767621	encode_blacklist
chr2:89767637	encode_blacklist
chr2:89767640	encode_blacklist
chr2:89767652	encode_blacklist
chr2:89767660	encode_blacklist
chr2:89767773	encode_blacklist
chr2:89767781	encode_blacklist
chr2:89767814	encode_blacklist
chr2:89767829	encode_blacklist
chr2:89767834	encode_blacklist
chr2:89767837	encode_blacklist
chr2:89767853	encode_blacklist
chr2:89767855	encode_blacklist
chr2:89767858	encode_blacklist
chr2:89767870	encode_blacklist
chr2:89767875	encode_blacklist
chr2:89767878	encode_blacklist
chr2:89767894	encode_blacklist
chr2:89767896	encode_blacklist
chr2:89767899	encode_blacklist
chr2:89815005	encode_blacklist
chr2:89815031	encode_blacklist
chr2:89815065	encode_blacklist
chr2:89815170	encode_blacklist
chr2:89815185	encode_blacklist
chr2:89815200	encode_blacklist
chr2:89815226	encode_blacklist
chr2:89815235	encode_blacklist
chr2:89815275	encode_blacklist
chr2:89815335	encode_blacklist
chr2:90324798	encode_blacklist
chr2:90324800	encode_blacklist
chr2:90324803	encode_blacklist
chr2:90324806	encode_blacklist
chr2:90324822	encode_blacklist
chr2:90324824	encode_blacklist
chr2:90324827	encode_blacklist
chr2:90324839	encode_blacklist
chr2:90324841	encode_blacklist
chr2:90324847	encode_blacklist
chr2:90324852	encode_blacklist
chr2:90324871	encode_blacklist
chr2:90324873	encode_blacklist
chr2:90324876	encode_blacklist
chr2:90360551	encode_blacklist
chr2:90360553	encode_blacklist
chr2:90360556	encode_blacklist
chr2:90360569	encode_blacklist
chr2:90360572	encode_blacklist
chr2:90360575	encode_blacklist
chr2:90360581	encode_blacklist
chr2:91441995	encode_blacklist
chr2:91441998	encode_blacklist
chr2:91442001	encode_blacklist
chr2:91442003	encode_blacklist
chr2:91442014	encode_blacklist
chr2:91442033	encode_blacklist
chr2:91442041	encode_blacklist
chr2:91442051	encode_blacklist
chr2:91571293	encode_blacklist
chr2:91571301	encode_blacklist
chr2:91571307	encode_blacklist
chr2:91571322	encode_blacklist
chr2:91571328	encode_blacklist
chr2:91571331	encode_blacklist
chr2:91571334	encode_blacklist
chr2:91571339	encode_blacklist
chr2:91571347	encode_blacklist
chr2:91571354	encode_blacklist
chr2:91571357	encode_blacklist
chr2:91571365	encode_blacklist
chr2:91571372	encode_blacklist
chr2:91571375	encode_blacklist
chr2:91571378	encode_blacklist
chr2:91571380	encode_blacklist
chr2:91571383	encode_blacklist
chr2:91571391	encode_blacklist
chr2:91571398	encode_blacklist
chr2:91571401	encode_blacklist
chr2:91571409	encode_blacklist
chr2:91571416	encode_blacklist
chr2:91571419	encode_blacklist
chr2:91571424	encode_blacklist
chr2:91571427	encode_blacklist
chr2:91571434	encode_blacklist
chr2:91571437	encode_blacklist
chr2:91571440	encode_blacklist
chr2:91571442	encode_blacklist
chr2:91571445	encode_blacklist
chr2:91571453	encode_blacklist
chr2:91571460	encode_blacklist
chr2:91571463	encode_blacklist
chr2:91571466	encode_blacklist
chr2:91571468	encode_blacklist
chr2:91571471	encode_blacklist
chr2:91571474	encode_blacklist
chr2:91571476	encode_blacklist
chr2:91571479	encode_blacklist
chr2:91571487	encode_blacklist
chr2:91571494	encode_blacklist
chr2:91571497	encode_blacklist
chr2:91571512	encode_blacklist
chr2:91571518	encode_blacklist
chr2:91571523	encode_blacklist
chr2:91571531	encode_blacklist
chr2:91571538	encode_blacklist
chr2:91571541	encode_blacklist
chr2:91571549	encode_blacklist
chr2:91571556	encode_blacklist
chr2:91571559	encode_blacklist
chr2:91571562	encode_blacklist
chr2:91571564	encode_blacklist
chr2:91571567	encode_blacklist
chr2:91571575	encode_blacklist
chr2:91571585	encode_blacklist
chr2:91571600	encode_blacklist
chr2:91571603	encode_blacklist
chr2:91571606	encode_blacklist
chr2:91571611	encode_blacklist
chr2:91571613	encode_blacklist
chr2:91571621	encode_blacklist
chr2:91571627	encode_blacklist
chr2:91571630	encode_blacklist
chr2:91571639	encode_blacklist
chr2:91571641	encode_blacklist
chr2:91571649	encode_blacklist
chr2:91571760	encode_blacklist
chr2:91571803	encode_blacklist
chr2:91571849	encode_blacklist
chr2:91571851	encode_blacklist
chr2:91571866	encode_blacklist
chr2:91571873	encode_blacklist
chr2:91571888	encode_blacklist
chr2:91589561	encode_blacklist
chr2:91589568	encode_blacklist
chr2:91589570	encode_blacklist
chr2:91589579	encode_blacklist
chr2:91589588	encode_blacklist
chr2:91589591	encode_blacklist
chr2:91589594	encode_blacklist
chr2:91589600	encode_blacklist
chr2:91589609	encode_blacklist
chr2:91589618	encode_blacklist
chr2:91589626	encode_blacklist
chr2:91589634	encode_blacklist
chr2:91589641	encode_blacklist
chr2:91589643	encode_blacklist
chr2:91589649	encode_blacklist
chr2:91589667	encode_blacklist
chr2:91589675	encode_blacklist
chr2:91589697	encode_blacklist
chr2:91589814	encode_blacklist
chr2:91589821	encode_blacklist
chr2:91589829	encode_blacklist
chr2:91589831	encode_blacklist
chr2:91589836	encode_blacklist
chr2:91589839	encode_blacklist
chr2:91589848	encode_blacklist
chr2:91589861	encode_blacklist
chr2:91589865	encode_blacklist
chr2:91589868	encode_blacklist
chr2:91589871	encode_blacklist
chr2:91589874	encode_blacklist
chr2:91589887	encode_blacklist
chr2:91589907	encode_blacklist
chr2:91589915	encode_blacklist
chr2:91589954	encode_blacklist
chr2:91589980	encode_blacklist
chr2:91590088	encode_blacklist
chr2:91590091	encode_blacklist
chr2:91590093	encode_blacklist
chr2:91590108	encode_blacklist
chr2:91590118	encode_blacklist
chr2:91590214	encode_blacklist
chr2:91839694	encode_blacklist
chr2:91839722	encode_blacklist
chr2:91839806	encode_blacklist
chr2:91839814	encode_blacklist
chr2:91839828	encode_blacklist
chr2:91839831	encode_blacklist
chr2:91839834	encode_blacklist
chr2:91839848	encode_blacklist
chr2:91839853	encode_blacklist
chr2:91839882	encode_blacklist
chr2:91839917	encode_blacklist
chr2:91839920	encode_blacklist
chr2:91839922	encode_blacklist
chr2:91839924	encode_blacklist
chr2:91839935	encode_blacklist
chr2:91839942	encode_blacklist
chr2:91840095	encode_blacklist
chr2:91840097	encode_blacklist
chr2:91840108	encode_blacklist
chr2:91840113	encode_blacklist
chr2:91840125	encode_blacklist
chr2:91840152	encode_blacklist
chr2:91840160	encode_blacklist
chr2:91840176	encode_blacklist
chr2:91840179	encode_blacklist
chr2:91840182	encode_blacklist
chr2:91840196	encode_blacklist
chr2:91840198	encode_blacklist
chr2:91840201	encode_blacklist
chr2:91840213	encode_blacklist
chr2:91840218	encode_blacklist
chr2:91840234	encode_blacklist
chr2:91840497	encode_blacklist
chr2:91840588	encode_blacklist
chr2:91974494	encode_blacklist
chr2:91974496	encode_blacklist
chr2:91974499	encode_blacklist
chr2:91974510	encode_blacklist
chr2:91974536	encode_blacklist
chr2:91974574	encode_blacklist
chr2:91974577	encode_blacklist
chr2:91974582	encode_blacklist
chr2:91974588	encode_blacklist
chr2:91974806	encode_blacklist
chr2:91974812	encode_blacklist
chr2:91974815	encode_blacklist
chr2:91974817	encode_blacklist
chr2:91974829	encode_blacklist
chr2:91974846	encode_blacklist
chr2:91974849	encode_blacklist
chr2:91974852	encode_blacklist
chr2:91974855	encode_blacklist
chr2:91974858	encode_blacklist
chr2:91974862	encode_blacklist
chr2:91974867	encode_blacklist
chr2:91974879	encode_blacklist
chr2:91974886	encode_blacklist
chr2:91974902	encode_blacklist
chr2:91974905	encode_blacklist
chr2:91974913	encode_blacklist
chr2:91974918	encode_blacklist
chr2:91974924	encode_blacklist
chr2:91974927	encode_blacklist
chr2:91974933	encode_blacklist
chr2:91974936	encode_blacklist
chr2:91974956	encode_blacklist
chr2:91974961	encode_blacklist
chr2:91974985	encode_blacklist
chr2:91974988	encode_blacklist
chr2:92074491	encode_blacklist
chr2:92074551	encode_blacklist
chr2:92074568	encode_blacklist
chr2:92074573	encode_blacklist
chr2:92074587	encode_blacklist
chr2:92074609	encode_blacklist
chr2:92074615	encode_blacklist
chr2:92074617	encode_blacklist
chr2:92074631	encode_blacklist
chr2:92074652	encode_blacklist
chr2:92074654	encode_blacklist
chr2:92074671	encode_blacklist
chr2:92074674	encode_blacklist
chr2:92074687	encode_blacklist
chr2:92074690	encode_blacklist
chr2:92074692	encode_blacklist
chr2:92074708	encode_blacklist
chr2:92074714	encode_blacklist
chr2:92074733	encode_blacklist
chr2:92074739	encode_blacklist
chr2:92074741	encode_blacklist
chr2:92074755	encode_blacklist
chr2:92074761	encode_blacklist
chr2:92074780	encode_blacklist
chr2:92074809	encode_blacklist
chr2:92074812	encode_blacklist
chr2:92074839	encode_blacklist
chr2:92074861	encode_blacklist
chr2:92074863	encode_blacklist
chr2:92074894	encode_blacklist
chr2:92074918	encode_blacklist
chr2:92074938	encode_blacklist
chr2:92074940	encode_blacklist
chr2:92074957	encode_blacklist
chr2:92074976	encode_blacklist
chr2:92075001	encode_blacklist
chr2:92075004	encode_blacklist
chr2:92075006	encode_blacklist
chr2:92075017	encode_blacklist
chr2:92075020	encode_blacklist
chr2:92075036	encode_blacklist
chr2:96061543	encode_blacklist
chr2:96061655	encode_blacklist
chr2:96061734	encode_blacklist
chr2:96062016	encode_blacklist
chr2:96062071	encode_blacklist
chr2:96062118	encode_blacklist
chr2:96062121	encode_blacklist
chr2:96062152	encode_blacklist
chr2:96062206	encode_blacklist
chr2:96062231	encode_blacklist
chr2:97526730	encode_blacklist
chr2:97526738	encode_blacklist
chr2:97526747	encode_blacklist
chr2:97526774	encode_blacklist
chr2:97526779	encode_blacklist
chr2:97526834	encode_blacklist
chr2:97526947	encode_blacklist
chr2:97527054	encode_blacklist
chr2:97527428	encode_blacklist
chr2:97527471	encode_blacklist
chr2:97527500	encode_blacklist
chr2:111492038	encode_blacklist
chr2:111492042	encode_blacklist
chr2:111492052	encode_blacklist
chr2:111492056	encode_blacklist
chr2:111492068	encode_blacklist
chr2:111492085	encode_blacklist
chr2:111492126	encode_blacklist
chr2:113390995	encode_blacklist
chr2:113391037	encode_blacklist
chr2:113391043	encode_blacklist
chr2:113391081	encode_blacklist
chr2:113391091	encode_blacklist
chr2:113391098	encode_blacklist
chr2:113391145	encode_blacklist
chr2:113391245	encode_blacklist
chr2:113391276	encode_blacklist
chr2:113391588	encode_blacklist
chr2:113391590	encode_blacklist
chr2:113391607	encode_blacklist
chr2:113392328	encode_blacklist
chr2:113393110	encode_blacklist
chr2:113393366	encode_blacklist
chr2:113393658	encode_blacklist
chr2:113583051	encode_blacklist
chr2:113583061	encode_blacklist
chr2:113583141	encode_blacklist
chr2:113583155	encode_blacklist
chr2:113583448	encode_blacklist
chr2:113583470	encode_blacklist
chr2:113602137	encode_blacklist
chr2:113602140	encode_blacklist
chr2:113602153	encode_blacklist
chr2:113602159	encode_blacklist
chr2:113602185	encode_blacklist
chr2:113602195	encode_blacklist
chr2:113602201	encode_blacklist
chr2:113602204	encode_blacklist
chr2:113602207	encode_blacklist
chr2:113602209	encode_blacklist
chr2:113602212	encode_blacklist
chr2:113602214	encode_blacklist
chr2:113602227	encode_blacklist
chr2:113602230	encode_blacklist
chr2:113604260	encode_blacklist
chr2:113604348	encode_blacklist
chr2:113604362	encode_blacklist
chr2:113604370	encode_blacklist
chr2:113604380	encode_blacklist
chr2:113604406	encode_blacklist
chr2:113604425	encode_blacklist
chr2:113604433	encode_blacklist
chr2:113604440	encode_blacklist
chr2:113604481	encode_blacklist
chr2:113605111	encode_blacklist
chr2:130527520	encode_blacklist
chr2:130527524	encode_blacklist
chr2:130527537	encode_blacklist
chr2:130527556	encode_blacklist
chr2:130527558	encode_blacklist
chr2:130527585	encode_blacklist
chr2:130527622	encode_blacklist
chr2:130527646	encode_blacklist
chr2:130527651	encode_blacklist
chr2:130527676	encode_blacklist
chr2:130527699	encode_blacklist
chr2:130527721	encode_blacklist
chr2:130527727	encode_blacklist
chr2:130527732	encode_blacklist
chr2:130527736	encode_blacklist
chr2:130527739	encode_blacklist
chr2:130527745	encode_blacklist
chr2:130527747	encode_blacklist
chr2:130527775	encode_blacklist
chr2:130527788	encode_blacklist
chr2:130527797	encode_blacklist
chr2:130527801	encode_blacklist
chr2:130527807	encode_blacklist
chr2:130527811	encode_blacklist
chr2:130527813	encode_blacklist
chr2:130527821	encode_blacklist
chr2:130527838	encode_blacklist
chr2:130527848	encode_blacklist
chr2:130527854	encode_blacklist
chr2:130527857	encode_blacklist
chr2:130527865	encode_blacklist
chr2:130527873	encode_blacklist
chr2:130527887	encode_blacklist
chr2:130527933	encode_blacklist
chr2:130527990	encode_blacklist
chr2:130528023	encode_blacklist
chr2:130528048	encode_blacklist
chr2:130549496	encode_blacklist
chr2:130549542	encode_blacklist
chr2:130549572	encode_blacklist
chr2:130549584	encode_blacklist
chr2:130549592	encode_blacklist
chr2:130549597	encode_blacklist
chr2:130549621	encode_blacklist
chr2:130549639	encode_blacklist
chr2:130549675	encode_blacklist
chr2:130549688	encode_blacklist
chr2:130549692	encode_blacklist
chr2:130549702	encode_blacklist
chr2:130549708	encode_blacklist
chr2:130549719	encode_blacklist
chr2:130549733	encode_blacklist
chr2:130549757	encode_blacklist
chr2:130549777	encode_blacklist
chr2:130549791	encode_blacklist
chr2:130549793	encode_blacklist
chr2:130549798	encode_blacklist
chr2:130549827	encode_blacklist
chr2:130549836	encode_blacklist
chr2:130549847	encode_blacklist
chr2:130549850	encode_blacklist
chr2:130549865	encode_blacklist
chr2:130549893	encode_blacklist
chr2:130549905	encode_blacklist
chr2:130549911	encode_blacklist
chr2:130549914	encode_blacklist
chr2:130549919	encode_blacklist
chr2:130549926	encode_blacklist
chr2:130549928	encode_blacklist
chr2:130549933	encode_blacklist
chr2:130549943	encode_blacklist
chr2:130549945	encode_blacklist
chr2:130549961	encode_blacklist
chr2:130549967	encode_blacklist
chr2:130549995	encode_blacklist
chr2:130549997	encode_blacklist
chr2:130549999	encode_blacklist
chr2:130550002	encode_blacklist
chr2:130550008	encode_blacklist
chr2:130550022	encode_blacklist
chr2:130550039	encode_blacklist
chr2:130693381	encode_blacklist
chr2:130693387	encode_blacklist
chr2:130693389	encode_blacklist
chr2:130693411	encode_blacklist
chr2:130693485	encode_blacklist
chr2:130693487	encode_blacklist
chr2:130693519	encode_blacklist
chr2:132256399	encode_blacklist
chr2:132256411	encode_blacklist
chr2:132256424	encode_blacklist
chr2:132256428	encode_blacklist
chr2:132256433	encode_blacklist
chr2:132256439	encode_blacklist
chr2:132256446	encode_blacklist
chr2:132256448	encode_blacklist
chr2:132256456	encode_blacklist
chr2:132256459	encode_blacklist
chr2:132256471	encode_blacklist
chr2:132256473	encode_blacklist
chr2:132256480	encode_blacklist
chr2:132256482	encode_blacklist
chr2:132256487	encode_blacklist
chr2:132256493	encode_blacklist
chr2:132256496	encode_blacklist
chr2:132256507	encode_blacklist
chr2:132256518	encode_blacklist
chr2:132256523	encode_blacklist
chr2:132256525	encode_blacklist
chr2:132256543	encode_blacklist
chr2:132256555	encode_blacklist
chr2:132256568	encode_blacklist
chr2:132256576	encode_blacklist
chr2:132256578	encode_blacklist
chr2:132256590	encode_blacklist
chr2:132256594	encode_blacklist
chr2:132256605	encode_blacklist
chr2:132256608	encode_blacklist
chr2:132256616	encode_blacklist
chr2:132256628	encode_blacklist
chr2:132256631	encode_blacklist
chr2:132256640	encode_blacklist
chr2:132256642	encode_blacklist
chr2:132256684	encode_blacklist
chr2:132256699	encode_blacklist
chr2:132256720	encode_blacklist
chr2:132256728	encode_blacklist
chr2:132256731	encode_blacklist
chr2:132256742	encode_blacklist
chr2:132256748	encode_blacklist
chr2:132256752	encode_blacklist
chr2:132256756	encode_blacklist
chr2:132256764	encode_blacklist
chr2:132257956	encode_blacklist
chr2:132257960	encode_blacklist
chr2:132257962	encode_blacklist
chr2:132257982	encode_blacklist
chr2:132257996	encode_blacklist
chr2:132258001	encode_blacklist
chr2:132258005	encode_blacklist
chr2:132258011	encode_blacklist
chr2:132258026	encode_blacklist
chr2:132258035	encode_blacklist
chr2:132258039	encode_blacklist
chr2:132258051	encode_blacklist
chr2:132258064	encode_blacklist
chr2:132258066	encode_blacklist
chr2:132258077	encode_blacklist
chr2:132258079	encode_blacklist
chr2:132258092	encode_blacklist
chr2:132258097	encode_blacklist
chr2:132258112	encode_blacklist
chr2:132258260	encode_blacklist
chr2:234894310	encode_blacklist
chr2:241589984	encode_blacklist
chr2:241589991	encode_blacklist
chr2:241590023	encode_blacklist
chr2:241590030	encode_blacklist
chr2:241590050	encode_blacklist
chr2:241590062	encode_blacklist
chr2:241590069	encode_blacklist
chr2:241590089	encode_blacklist
chr2:241590101	encode_blacklist
chr2:241590108	encode_blacklist
chr2:241590140	encode_blacklist
chr2:241590177	encode_blacklist
chr2:241590216	encode_blacklist
chr2:241590255	encode_blacklist
chr2:241591071	encode_blacklist
chr2:241591188	encode_blacklist
chr2:241591227	encode_blacklist
chr3:40237463	encode_blacklist
chr3:40238267	encode_blacklist
chr3:40238302	encode_blacklist
chr3:40238304	encode_blacklist
chr3:40238326	encode_blacklist
chr3:40238453	encode_blacklist
chr3:40238502	encode_blacklist
chr3:40238517	encode_blacklist
chr3:40238552	encode_blacklist
chr3:40238641	encode_blacklist
chr3:49686070	encode_blacklist
chr3:49686074	encode_blacklist
chr3:49686077	encode_blacklist
chr3:49686088	encode_blacklist
chr3:49686091	encode_blacklist
chr3:49686111	encode_blacklist
chr3:49686113	encode_blacklist
chr3:49686115	encode_blacklist
chr3:49686122	encode_blacklist
chr3:49686127	encode_blacklist
chr3:75736928	encode_blacklist
chr3:75737234	encode_blacklist
chr3:75737298	encode_blacklist
chr3:75737363	encode_blacklist
chr3:75737446	encode_blacklist
chr3:75737529	encode_blacklist
chr3:75737602	encode_blacklist
chr3:75737613	encode_blacklist
chr3:75737650	encode_blacklist
chr3:75737737	encode_blacklist
chr3:75738008	encode_blacklist
chr3:75738017	encode_blacklist
chr3:75738073	encode_blacklist
chr3:75738101	encode_blacklist
chr3:75738154	encode_blacklist
chr3:75738162	encode_blacklist
chr3:75738273	encode_blacklist
chr3:75738577	encode_blacklist
chr3:75738963	encode_blacklist
chr3:75740069	encode_blacklist
chr3:75740078	encode_blacklist
chr3:75740116	encode_blacklist
chr3:75740139	encode_blacklist
chr3:75740417	encode_blacklist
chr3:75740559	encode_blacklist
chr3:75740629	encode_blacklist
chr3:75740891	encode_blacklist
chr3:75741176	encode_blacklist
chr3:75741431	encode_blacklist
chr3:75741646	encode_blacklist
chr3:75741775	encode_blacklist
chr3:75741808	encode_blacklist
chr3:75742760	encode_blacklist
chr3:75743028	encode_blacklist
chr3:75743456	encode_blacklist
chr3:75743844	encode_blacklist
chr3:75744147	encode_blacklist
chr3:75744170	encode_blacklist
chr3:101687482	encode_blacklist
chr3:101687487	encode_blacklist
chr3:101687503	encode_blacklist
chr3:101687508	encode_blacklist
chr3:101687517	encode_blacklist
chr3:101687519	encode_blacklist
chr3:101687525	encode_blacklist
chr3:101687559	encode_blacklist
chr3:101687573	encode_blacklist
chr3:101687657	encode_blacklist
chr3:101687688	encode_blacklist
chr3:101687699	encode_blacklist
chr3:101687756	encode_blacklist
chr3:122417110	encode_blacklist
chr3:122417143	encode_blacklist
chr3:122417147	encode_blacklist
chr3:122417162	encode_blacklist
chr3:122417170	encode_blacklist
chr3:122417193	encode_blacklist
chr3:122417229	encode_blacklist
chr3:122417231	encode_blacklist
chr3:122417239	encode_blacklist
chr3:122417243	encode_blacklist
chr3:122417362	encode_blacklist
chr3:122417410	encode_blacklist
chr3:122417443	encode_blacklist
chr3:122417463	encode_blacklist
chr3:157089896	encode_blacklist
chr3:157089902	encode_blacklist
chr3:157089919	encode_blacklist
chr3:157089926	encode_blacklist
chr3:157089972	encode_blacklist
chr3:157089981	encode_blacklist
chr3:157090068	encode_blacklist
chr3:157090111	encode_blacklist
chr3:177663868	encode_blacklist
chr3:177663975	encode_blacklist
chr3:195617898	encode_blacklist
chr3:195617905	encode_blacklist
chr3:195617942	encode_blacklist
chr3:195617969	encode_blacklist
chr3:195618007	encode_blacklist
chr3:195618030	encode_blacklist
chr3:195618184	encode_blacklist
chr3:195618273	encode_blacklist
chr3:195618284	encode_blacklist
chr3:195694240	encode_blacklist
chr3:195694299	encode_blacklist
chr3:195694307	encode_blacklist
chr3:195694309	encode_blacklist
chr3:195694311	encode_blacklist
chr3:195694368	encode_blacklist
chr3:195694493	encode_blacklist
chr3:195694622	encode_blacklist
chr3:195747900	encode_blacklist
chr3:195747922	encode_blacklist
chr3:195747934	encode_blacklist
chr3:195747952	encode_blacklist
chr3:195747966	encode_blacklist
chr3:195747976	encode_blacklist
chr3:195747982	encode_blacklist
chr3:195747987	encode_blacklist
chr3:195747992	encode_blacklist
chr3:195748024	encode_blacklist
chr3:195748031	encode_blacklist
chr3:195748035	encode_blacklist
chr3:195748047	encode_blacklist
chr3:195748050	encode_blacklist
chr3:195748072	encode_blacklist
chr3:195748081	encode_blacklist
chr3:195748096	encode_blacklist
chr3:195748104	encode_blacklist
chr3:195748106	encode_blacklist
chr3:195748116	encode_blacklist
chr3:195748129	encode_blacklist
chr3:195748137	encode_blacklist
chr3:195748168	encode_blacklist
chr3:195748173	encode_blacklist
chr3:195955308	encode_blacklist
chr3:195955325	encode_blacklist
chr3:195955373	encode_blacklist
chr3:195955408	encode_blacklist
chr3:195955431	encode_blacklist
chr3:195955438	encode_blacklist
chr3:195955455	encode_blacklist
chr3:195955486	encode_blacklist
chr3:195955492	encode_blacklist
chr3:195955494	encode_blacklist
chr3:195955507	encode_blacklist
chr3:195955510	encode_blacklist
chr3:195955516	encode_blacklist
chr3:195955522	encode_blacklist
chr3:195955543	encode_blacklist
chr3:195955554	encode_blacklist
chr3:195955566	encode_blacklist
chr3:195955595	encode_blacklist
chr3:195955614	encode_blacklist
chr3:195955634	encode_blacklist
chr3:195955722	encode_blacklist
chr3:195955724	encode_blacklist
chr3:195955737	encode_blacklist
chr3:195994446	encode_blacklist
chr3:195994461	encode_blacklist
chr3:195994501	encode_blacklist
chr3:195994516	encode_blacklist
chr3:195994520	encode_blacklist
chr3:195994532	encode_blacklist
chr3:195994544	encode_blacklist
chr3:197406298	encode_blacklist
chr3:197406335	encode_blacklist
chr3:197406376	encode_blacklist
chr3:197406457	encode_blacklist
chr3:197406465	encode_blacklist
chr3:197406508	encode_blacklist
chr3:197406538	encode_blacklist
chr3:197458246	encode_blacklist
chr3:197458267	encode_blacklist
chr3:197458356	encode_blacklist
chr3:197458451	encode_blacklist
chr3:197458483	encode_blacklist
chr3:197458493	encode_blacklist
chr3:197458535	encode_blacklist
chr3:197458633	encode_blacklist
chr3:197458916	encode_blacklist
chr3:197459066	encode_blacklist
chr3:197459086	encode_blacklist
chr3:197459182	encode_blacklist
chr3:197459240	encode_blacklist
chr3:197459253	encode_blacklist
chr3:197459261	encode_blacklist
chr3:197459285	encode_blacklist
chr3:197459371	encode_blacklist
chr3:197599668	encode_blacklist
chr3:197599717	encode_blacklist
chr3:197599730	encode_blacklist
chr3:197599736	encode_blacklist
chr3:197599764	encode_blacklist
chr3:197599805	encode_blacklist
chr3:197599883	encode_blacklist
chr3:197599891	encode_blacklist
chr3:197599915	encode_blacklist
chr3:197599923	encode_blacklist
chr3:197599929	encode_blacklist
chr3:197655714	encode_blacklist
chr3:197655737	encode_blacklist
chr3:197655744	encode_blacklist
chr3:197655756	encode_blacklist
chr3:197655798	encode_blacklist
chr3:197655800	encode_blacklist
chr3:197655813	encode_blacklist
chr3:197655815	encode_blacklist
chr3:197655822	encode_blacklist
chr3:197655828	encode_blacklist
chr3:197655849	encode_blacklist
chr3:198105836	encode_blacklist
chr3:198105838	encode_blacklist
chr3:198105875	encode_blacklist
chr3:198105886	encode_blacklist
chr3:198105888	encode_blacklist
chr3:198105910	encode_blacklist
chr3:198105912	encode_blacklist
chr3:198105922	encode_blacklist
chr3:198105944	encode_blacklist
chr3:198106075	encode_blacklist
chr3:198106155	encode_blacklist
chr3:198106328	encode_blacklist
chr3:198106378	encode_blacklist
chr3:198106419	encode_blacklist
chr3:198106459	encode_blacklist
chr3:198118139	encode_blacklist
chr3:198118319	encode_blacklist
chr3:198118793	encode_blacklist
chr3:198118824	encode_blacklist
chr3:198118833	encode_blacklist
chr3:198119575	encode_blacklist
chr3:198139689	encode_blacklist
chr3:198139939	encode_blacklist
chr3:198139953	encode_blacklist
chr3:198139958	encode_blacklist
chr3:198140689	encode_blacklist
chr3:198140739	encode_blacklist
chr3:198140747	encode_blacklist
chr3:198140759	encode_blacklist
chr3:198140791	encode_blacklist
chr3:198140834	encode_blacklist
chr3:198143645	encode_blacklist
chr3:198143653	encode_blacklist
chr3:198143658	encode_blacklist
chr3:198143661	encode_blacklist
chr3:198143708	encode_blacklist
chr3:198143755	encode_blacklist
chr3:198143794	encode_blacklist
chr3:198143937	encode_blacklist
chr3:198166881	encode_blacklist
chr3:198166911	encode_blacklist
chr3:198167393	encode_blacklist
chr3:198167840	encode_blacklist
chr3:198167847	encode_blacklist
chr3:198168010	encode_blacklist
chr3:198168102	encode_blacklist
chr3:198168163	encode_blacklist
chr3:198168226	encode_blacklist
chr4:1463087	encode_blacklist
chr4:1463164	encode_blacklist
chr4:1463176	encode_blacklist
chr4:1463180	encode_blacklist
chr4:1463206	encode_blacklist
chr4:1463250	encode_blacklist
chr4:1463292	encode_blacklist
chr4:1463306	encode_blacklist
chr4:1463339	encode_blacklist
chr4:1463342	encode_blacklist
chr4:1463352	encode_blacklist
chr4:1463356	encode_blacklist
chr4:1463367	encode_blacklist
chr4:1463391	encode_blacklist
chr4:1463423	encode_blacklist
chr4:1463463	encode_blacklist
chr4:1463505	encode_blacklist
chr4:1463509	encode_blacklist
chr4:1463519	encode_blacklist
chr4:1463533	encode_blacklist
chr4:1463555	encode_blacklist
chr4:1463601	encode_blacklist
chr5:12008	encode_blacklist
chr5:12062	encode_blacklist
chr5:12096	encode_blacklist
chr5:12155	encode_blacklist
chr5:12177	encode_blacklist
chr5:12182	encode_blacklist
chr5:12188	encode_blacklist
chr5:12203	encode_blacklist
chr5:12246	encode_blacklist
chr5:561427	encode_blacklist
chr5:561455	encode_blacklist
chr5:561494	encode_blacklist
chr5:561509	encode_blacklist
chr5:561593	encode_blacklist
chr5:561601	encode_blacklist
chr5:561633	encode_blacklist
chr5:561654	encode_blacklist
chr5:561658	encode_blacklist
chr5:561683	encode_blacklist
chr5:1330077	encode_blacklist
chr5:1330083	encode_blacklist
chr5:1330164	encode_blacklist
chr5:1330205	encode_blacklist
chr5:1330230	encode_blacklist
chr5:1330270	encode_blacklist
chr5:1330288	encode_blacklist
chr5:1330301	encode_blacklist
chr5:1330304	encode_blacklist
chr5:1330325	encode_blacklist
chr5:1330333	encode_blacklist
chr5:1330360	encode_blacklist
chr5:1330374	encode_blacklist
chr5:1330400	encode_blacklist
chr5:1330484	encode_blacklist
chr5:1330516	encode_blacklist
chr5:1330524	encode_blacklist
chr5:1330617	encode_blacklist
chr5:1330651	encode_blacklist
chr5:1330664	encode_blacklist
chr5:1330671	encode_blacklist
chr5:1330694	encode_blacklist
chr5:1330698	encode_blacklist
chr5:1330727	encode_blacklist
chr5:1330797	encode_blacklist
chr5:69560776	encode_blacklist
chr5:69560781	encode_blacklist
chr5:69560789	encode_blacklist
chr5:69560797	encode_blacklist
chr5:69560815	encode_blacklist
chr5:69560818	encode_blacklist
chr5:69560820	encode_blacklist
chr5:69560826	encode_blacklist
chr5:69560850	encode_blacklist
chr5:69560860	encode_blacklist
chr5:69560882	encode_blacklist
chr5:70049356	encode_blacklist
chr5:70049374	encode_blacklist
chr5:70049390	encode_blacklist
chr5:70049396	encode_blacklist
chr5:70049398	encode_blacklist
chr5:70049401	encode_blacklist
chr5:70049420	encode_blacklist
chr5:139011351	encode_blacklist
chr5:139011386	encode_blacklist
chr5:139011426	encode_blacklist
chr5:139011429	encode_blacklist
chr5:139011435	encode_blacklist
chr5:139011452	encode_blacklist
chr5:139011468	encode_blacklist
chr5:175907845	encode_blacklist
chr5:175908283	encode_blacklist
chr5:175908285	encode_blacklist
chr5:175908311	encode_blacklist
chr5:175908356	encode_blacklist
chr5:175908371	encode_blacklist
chr5:175908378	encode_blacklist
chr5:175908381	encode_blacklist
chr5:175908385	encode_blacklist
chr5:175908723	encode_blacklist
chr5:176061462	encode_blacklist
chr5:176061464	encode_blacklist
chr5:176061481	encode_blacklist
chr5:176061483	encode_blacklist
chr5:176061500	encode_blacklist
chr5:176061502	encode_blacklist
chr5:176061519	encode_blacklist
chr5:176061521	encode_blacklist
chr5:176062299	encode_blacklist
chr5:176062340	encode_blacklist
chr5:176062344	encode_blacklist
chr5:176062352	encode_blacklist
chr5:176062356	encode_blacklist
chr5:176062376	encode_blacklist
chr5:176062400	encode_blacklist
chr5:176062408	encode_blacklist
chr5:176062415	encode_blacklist
chr5:176062432	encode_blacklist
chr5:176062516	encode_blacklist
chr5:176062535	encode_blacklist
chr5:176062560	encode_blacklist
chr5:177980464	encode_blacklist
chr5:177980466	encode_blacklist
chr5:177980474	encode_blacklist
chr5:177980652	encode_blacklist
chr5:177980660	encode_blacklist
chr5:177980672	encode_blacklist
chr5:177980704	encode_blacklist
chr5:177980829	encode_blacklist
chr5:177980871	encode_blacklist
chr5:177980909	encode_blacklist
chr5:177981038	encode_blacklist
chr5:177981054	encode_blacklist
chr5:177981059	encode_blacklist
chr5:177981074	encode_blacklist
chr5:181182370	encode_blacklist
chr5:181182374	encode_blacklist
chr5:181182376	encode_blacklist
chr5:181182383	encode_blacklist
chr5:181182396	encode_blacklist
chr5:181182404	encode_blacklist
chr5:181182414	encode_blacklist
chr5:181182458	encode_blacklist
chr5:181182512	encode_blacklist
chr5:181182539	encode_blacklist
chr5:181182656	encode_blacklist
chr5:181182659	encode_blacklist
chr5:181182771	encode_blacklist
chr5:181182788	encode_blacklist
chr5:181182791	encode_blacklist
chr5:181182824	encode_blacklist
chr5:181182828	encode_blacklist
chr5:181182964	encode_blacklist
chr5:181182970	encode_blacklist
chr5:181182980	encode_blacklist
chr5:181182985	encode_blacklist
chr5:181183007	encode_blacklist
chr5:181183054	encode_blacklist
chr5:181183057	encode_blacklist
chr5:181183059	encode_blacklist
chr5:181183541	encode_blacklist
chr5:181183545	encode_blacklist
chr5:181183552	encode_blacklist
chr5:181183566	encode_blacklist
chr5:181183586	encode_blacklist
chr5:181183597	encode_blacklist
chr5:181183629	encode_blacklist
chr5:181183645	encode_blacklist
chr5:181183664	encode_blacklist
chr5:181183666	encode_blacklist
chr5:181183676	encode_blacklist
chr5:181183696	encode_blacklist
chr5:181183718	encode_blacklist
chr5:181183735	encode_blacklist
chr5:181183751	encode_blacklist
chr5:181183760	encode_blacklist
chr5:181184701	encode_blacklist
chr5:181184712	encode_blacklist
chr5:181184717	encode_blacklist
chr5:181184732	encode_blacklist
chr5:181184743	encode_blacklist
chr5:181184773	encode_blacklist
chr5:181184777	encode_blacklist
chr5:181184785	encode_blacklist
chr5:181184789	encode_blacklist
chr5:181184809	encode_blacklist
chr5:181184833	encode_blacklist
chr5:181184848	encode_blacklist
chr5:181184871	encode_blacklist
chr5:181184903	encode_blacklist
chr5:181184911	encode_blacklist
chr5:181184981	encode_blacklist
chr5:181215921	encode_blacklist
chr5:181215943	encode_blacklist
chr5:181215956	encode_blacklist
chr5:181215964	encode_blacklist
chr5:181216002	encode_blacklist
chr5:181216007	encode_blacklist
chr5:181216015	encode_blacklist
chr5:181216024	encode_blacklist
chr5:181216046	encode_blacklist
chr5:181216054	encode_blacklist
chr5:181216059	encode_blacklist
chr5:181216077	encode_blacklist
chr5:181216095	encode_blacklist
chr5:181216130	encode_blacklist
chr5:181216140	encode_blacklist
chr5:181216142	encode_blacklist
chr5:181216184	encode_blacklist
chr5:181216202	encode_blacklist
chr5:181216206	encode_blacklist
chr5:181216234	encode_blacklist
chr5:181216262	encode_blacklist
chr5:181216272	encode_blacklist
chr5:181216274	encode_blacklist
chr5:181216278	encode_blacklist
chr5:181216283	encode_blacklist
chr5:181216301	encode_blacklist
chr5:181216366	encode_blacklist
chr5:181216420	encode_blacklist
chr5:181216432	encode_blacklist
chr5:181216555	encode_blacklist
chr5:181232613	encode_blacklist
chr5:181232617	encode_blacklist
chr5:181232684	encode_blacklist
chr5:181232693	encode_blacklist
chr5:181232704	encode_blacklist
chr5:181232713	encode_blacklist
chr5:181232746	encode_blacklist
chr5:181232749	encode_blacklist
chr5:181232782	encode_blacklist
chr5:181232786	encode_blacklist
chr5:181232793	encode_blacklist
chr5:181232795	encode_blacklist
chr5:181232803	encode_blacklist
chr5:181273429	encode_blacklist
chr5:181273445	encode_blacklist
chr5:181273469	encode_blacklist
chr5:181273486	encode_blacklist
chr5:181273488	encode_blacklist
chr5:181273497	encode_blacklist
chr5:181273499	encode_blacklist
chr5:181273506	encode_blacklist
chr5:181273509	encode_blacklist
chr5:181273524	encode_blacklist
chr5:181273534	encode_blacklist
chr5:181273537	encode_blacklist
chr5:181273539	encode_blacklist
chr5:181273542	encode_blacklist
chr5:181273562	encode_blacklist
chr5:181273571	encode_blacklist
chr5:181273574	encode_blacklist
chr5:181273583	encode_blacklist
chr5:181273585	encode_blacklist
chr5:181273597	encode_blacklist
chr5:181273605	encode_blacklist
chr5:181273627	encode_blacklist
chr5:181273635	encode_blacklist
chr5:181273641	encode_blacklist
chr5:181273643	encode_blacklist
chr5:181273650	encode_blacklist
chr6:291533	encode_blacklist
chr6:291687	encode_blacklist
chr6:291697	encode_blacklist
chr6:291709	encode_blacklist
chr6:291733	encode_blacklist
chr6:291743	encode_blacklist
chr6:291767	encode_blacklist
chr6:291795	encode_blacklist
chr6:291859	encode_blacklist
chr6:291882	encode_blacklist
chr6:291903	encode_blacklist
chr6:291909	encode_blacklist
chr6:291949	encode_blacklist
chr6:291953	encode_blacklist
chr6:291960	encode_blacklist
chr6:291967	encode_blacklist
chr6:291972	encode_blacklist
chr6:291976	encode_blacklist
chr6:291982	encode_blacklist
chr6:291986	encode_blacklist
chr6:291998	encode_blacklist
chr6:292004	encode_blacklist
chr6:292010	encode_blacklist
chr6:292020	encode_blacklist
chr6:292025	encode_blacklist
chr6:292033	encode_blacklist
chr6:292042	encode_blacklist
chr6:292045	encode_blacklist
chr6:292050	encode_blacklist
chr6:292055	encode_blacklist
chr6:292060	encode_blacklist
chr6:292062	encode_blacklist
chr6:292066	encode_blacklist
chr6:292068	encode_blacklist
chr6:292080	encode_blacklist
chr6:292086	encode_blacklist
chr6:292090	encode_blacklist
chr6:292102	encode_blacklist
chr6:292120	encode_blacklist
chr6:292124	encode_blacklist
chr6:292127	encode_blacklist
chr6:292131	encode_blacklist
chr6:292133	encode_blacklist
chr6:292138	encode_blacklist
chr6:292145	encode_blacklist
chr6:292147	encode_blacklist
chr6:292153	encode_blacklist
chr6:292163	encode_blacklist
chr6:292165	encode_blacklist
chr6:292180	encode_blacklist
chr6:292186	encode_blacklist
chr6:292200	encode_blacklist
chr6:292204	encode_blacklist
chr6:292208	encode_blacklist
chr6:292213	encode_blacklist
chr6:292223	encode_blacklist
chr6:292236	encode_blacklist
chr6:292241	encode_blacklist
chr6:292245	encode_blacklist
chr6:292251	encode_blacklist
chr6:292258	encode_blacklist
chr6:292266	encode_blacklist
chr6:292279	encode_blacklist
chr6:292291	encode_blacklist
chr6:292304	encode_blacklist
chr6:292311	encode_blacklist
chr6:292314	encode_blacklist
chr6:292329	encode_blacklist
chr6:292332	encode_blacklist
chr6:292355	encode_blacklist
chr6:292358	encode_blacklist
chr6:292371	encode_blacklist
chr6:292385	encode_blacklist
chr6:292389	encode_blacklist
chr6:292399	encode_blacklist
chr6:292418	encode_blacklist
chr6:292436	encode_blacklist
chr6:292438	encode_blacklist
chr6:292440	encode_blacklist
chr6:292493	encode_blacklist
chr6:292499	encode_blacklist
chr6:292507	encode_blacklist
chr6:292511	encode_blacklist
chr6:292516	encode_blacklist
chr6:292522	encode_blacklist
chr6:292526	encode_blacklist
chr6:292565	encode_blacklist
chr6:292575	encode_blacklist
chr6:292579	encode_blacklist
chr6:292581	encode_blacklist
chr6:292596	encode_blacklist
chr6:292601	encode_blacklist
chr6:292604	encode_blacklist
chr6:292612	encode_blacklist
chr6:292617	encode_blacklist
chr6:292620	encode_blacklist
chr6:292623	encode_blacklist
chr6:292626	encode_blacklist
chr6:292634	encode_blacklist
chr6:292637	encode_blacklist
chr6:292642	encode_blacklist
chr6:292648	encode_blacklist
chr6:292663	encode_blacklist
chr6:292665	encode_blacklist
chr6:292697	encode_blacklist
chr6:292705	encode_blacklist
chr6:292708	encode_blacklist
chr6:292714	encode_blacklist
chr6:292720	encode_blacklist
chr6:292727	encode_blacklist
chr6:292754	encode_blacklist
chr6:292761	encode_blacklist
chr6:292780	encode_blacklist
chr6:292796	encode_blacklist
chr6:292801	encode_blacklist
chr6:292807	encode_blacklist
chr6:292823	encode_blacklist
chr6:292825	encode_blacklist
chr6:292838	encode_blacklist
chr6:292856	encode_blacklist
chr6:292875	encode_blacklist
chr6:292909	encode_blacklist
chr6:292922	encode_blacklist
chr6:292940	encode_blacklist
chr6:292964	encode_blacklist
chr6:293166	encode_blacklist
chr6:293210	encode_blacklist
chr6:293214	encode_blacklist
chr6:293249	encode_blacklist
chr6:293263	encode_blacklist
chr6:293267	encode_blacklist
chr6:293285	encode_blacklist
chr6:293331	encode_blacklist
chr6:293392	encode_blacklist
chr6:293423	encode_blacklist
chr6:293448	encode_blacklist
chr6:293480	encode_blacklist
chr6:293506	encode_blacklist
chr6:293534	encode_blacklist
chr6:26733232	encode_blacklist
chr6:26733240	encode_blacklist
chr6:26733244	encode_blacklist
chr6:26733264	encode_blacklist
chr6:26733286	encode_blacklist
chr6:26733320	encode_blacklist
chr6:26733326	encode_blacklist
chr6:26746411	encode_blacklist
chr6:26746433	encode_blacklist
chr6:26746453	encode_blacklist
chr6:26746496	encode_blacklist
chr6:26746504	encode_blacklist
chr6:26747498	encode_blacklist
chr6:26757851	encode_blacklist
chr6:26757868	encode_blacklist
chr6:26758026	encode_blacklist
chr6:26758060	encode_blacklist
chr6:26758106	encode_blacklist
chr6:26758114	encode_blacklist
chr6:26758124	encode_blacklist
chr6:26758195	encode_blacklist
chr6:26758204	encode_blacklist
chr6:26758217	encode_blacklist
chr6:26758225	encode_blacklist
chr6:26758289	encode_blacklist
chr6:26758338	encode_blacklist
chr6:26758436	encode_blacklist
chr6:26758472	encode_blacklist
chr6:26758499	encode_blacklist
chr6:26758506	encode_blacklist
chr6:26758521	encode_blacklist
chr6:44074089	encode_blacklist
chr6:44074096	encode_blacklist
chr6:44074154	encode_blacklist
chr6:44074178	encode_blacklist
chr6:44074193	encode_blacklist
chr6:44074253	encode_blacklist
chr6:44074416	encode_blacklist
chr6:44075272	encode_blacklist
chr6:44075306	encode_blacklist
chr6:44075375	encode_blacklist
chr6:44075384	encode_blacklist
chr6:44075455	encode_blacklist
chr6:44075877	encode_blacklist
chr7:229623	encode_blacklist
chr7:229641	encode_blacklist
chr7:229667	encode_blacklist
chr7:229669	encode_blacklist
chr7:229675	encode_blacklist
chr7:229690	encode_blacklist
chr7:229695	encode_blacklist
chr7:229719	encode_blacklist
chr7:229739	encode_blacklist
chr7:229776	encode_blacklist
chr7:229854	encode_blacklist
chr7:230015	encode_blacklist
chr7:230021	encode_blacklist
chr7:230023	encode_blacklist
chr7:230043	encode_blacklist
chr7:230052	encode_blacklist
chr7:230059	encode_blacklist
chr7:230063	encode_blacklist
chr7:230098	encode_blacklist
chr7:235716	encode_blacklist
chr7:235757	encode_blacklist
chr7:235780	encode_blacklist
chr7:235896	encode_blacklist
chr7:235920	encode_blacklist
chr7:235925	encode_blacklist
chr7:235937	encode_blacklist
chr7:235947	encode_blacklist
chr7:102480122	encode_blacklist
chr7:102480155	encode_blacklist
chr7:102480161	encode_blacklist
chr7:102480198	encode_blacklist
chr7:102480214	encode_blacklist
chr7:102480237	encode_blacklist
chr7:158154190	encode_blacklist
chr7:158154195	encode_blacklist
chr7:158154229	encode_blacklist
chr7:158154270	encode_blacklist
chr7:158154340	encode_blacklist
chr7:158154441	encode_blacklist
chr7:158154488	encode_blacklist
chr7:158154519	encode_blacklist
chr7:158154984	encode_blacklist
chr7:158155025	encode_blacklist
chr7:158155301	encode_blacklist
chr7:158155641	encode_blacklist
chr8:7365743	encode_blacklist
chr8:7365760	encode_blacklist
chr8:7365948	encode_blacklist
chr8:7366659	encode_blacklist
chr8:7366925	encode_blacklist
chr8:7367343	encode_blacklist
chr8:7367421	encode_blacklist
chr8:7367461	encode_blacklist
chr8:7367469	encode_blacklist
chr8:7367477	encode_blacklist
chr8:7367530	encode_blacklist
chr8:7367594	encode_blacklist
chr8:7367601	encode_blacklist
chr8:7367621	encode_blacklist
chr8:7367679	encode_blacklist
chr8:7367793	encode_blacklist
chr8:7367797	encode_blacklist
chr8:7912716	encode_blacklist
chr8:7913307	encode_blacklist
chr8:7913394	encode_blacklist
chr8:7913492	encode_blacklist
chr8:7913713	encode_blacklist
chr8:7913715	encode_blacklist
chr8:7913739	encode_blacklist
chr8:12610186	encode_blacklist
chr8:12610340	encode_blacklist
chr8:12610890	encode_blacklist
chr8:12610904	encode_blacklist
chr8:12610950	encode_blacklist
chr8:12611269	encode_blacklist
chr8:12611300	encode_blacklist
chr8:12611357	encode_blacklist
chr8:12611433	encode_blacklist
chr8:12611495	encode_blacklist
chr8:12611625	encode_blacklist
chr8:12611670	encode_blacklist
chr8:12611701	encode_blacklist
chr8:12611743	encode_blacklist
chr8:12611797	encode_blacklist
chr8:81842174	encode_blacklist
chr8:81842189	encode_blacklist
chr8:81842199	encode_blacklist
chr8:81842217	encode_blacklist
chr8:81842229	encode_blacklist
chr8:81842461	encode_blacklist
chr8:81842539	encode_blacklist
chr8:81842543	encode_blacklist
chr8:81842555	encode_blacklist
chr8:81842561	encode_blacklist
chr8:81842581	encode_blacklist
chr8:81842601	encode_blacklist
chr8:81842615	encode_blacklist
chr8:81842624	encode_blacklist
chr8:81842628	encode_blacklist
chr8:81842635	encode_blacklist
chr8:81842643	encode_blacklist
chr8:81842657	encode_blacklist
chr8:81842665	encode_blacklist
chr8:81842676	encode_blacklist
chr8:81842707	encode_blacklist
chr8:81842815	encode_blacklist
chr8:81842830	encode_blacklist
chr8:81842876	encode_blacklist
chr8:81842919	encode_blacklist
chr8:81842938	encode_blacklist
chr9:39078440	encode_blacklist
chr9:39078453	encode_blacklist
chr9:39078504	encode_blacklist
chr9:39078607	encode_blacklist
chr9:39079001	encode_blacklist
chr9:39079008	encode_blacklist
chr9:39079036	encode_blacklist
chr9:39079045	encode_blacklist
chr9:39079071	encode_blacklist
chr9:39079140	encode_blacklist
chr9:39079193	encode_blacklist
chr9:39079270	encode_blacklist
chr9:39079288	encode_blacklist
chr9:39079443	encode_blacklist
chr9:41268853	encode_blacklist
chr9:41269011	encode_blacklist
chr9:41269094	encode_blacklist
chr9:41269098	encode_blacklist
chr9:41269172	encode_blacklist
chr9:41269179	encode_blacklist
chr9:41273906	encode_blacklist
chr9:41273921	encode_blacklist
chr9:41273929	encode_blacklist
chr9:41273932	encode_blacklist
chr9:41273952	encode_blacklist
chr9:41273962	encode_blacklist
chr9:41273966	encode_blacklist
chr9:41273970	encode_blacklist
chr9:41274014	encode_blacklist
chr9:41274025	encode_blacklist
chr9:41274031	encode_blacklist
chr9:41274040	encode_blacklist
chr9:41274042	encode_blacklist
chr9:41274048	encode_blacklist
chr9:41274051	encode_blacklist
chr9:41274061	encode_blacklist
chr9:41274077	encode_blacklist
chr9:41274084	encode_blacklist
chr9:41274103	encode_blacklist
chr9:41274130	encode_blacklist
chr9:41780990	encode_blacklist
chr9:41781007	encode_blacklist
chr9:41781223	encode_blacklist
chr9:41781262	encode_blacklist
chr9:41781706	encode_blacklist
chr9:41781863	encode_blacklist
chr9:42385728	encode_blacklist
chr9:42385815	encode_blacklist
chr9:42385831	encode_blacklist
chr9:42385834	encode_blacklist
chr9:42385853	encode_blacklist
chr9:42385954	encode_blacklist
chr9:42385975	encode_blacklist
chr9:61856465	encode_blacklist
chr9:61856467	encode_blacklist
chr9:61856470	encode_blacklist
chr9:61856476	encode_blacklist
chr9:61856492	encode_blacklist
chr9:61856512	encode_blacklist
chr9:61856517	encode_blacklist
chr9:61856519	encode_blacklist
chr9:61856524	encode_blacklist
chr9:62838116	encode_blacklist
chr9:62838130	encode_blacklist
chr9:62838133	encode_blacklist
chr9:62838136	encode_blacklist
chr9:62838139	encode_blacklist
chr9:62838161	encode_blacklist
chr9:63813121	encode_blacklist
chr9:63813127	encode_blacklist
chr9:63813137	encode_blacklist
chr9:63813141	encode_blacklist
chr9:63813156	encode_blacklist
chr9:63813180	encode_blacklist
chr9:63813189	encode_blacklist
chr9:63813212	encode_blacklist
chr9:63813214	encode_blacklist
chr9:63813217	encode_blacklist
chr9:63813222	encode_blacklist
chr9:63813252	encode_blacklist
chr9:63813281	encode_blacklist
chr9:63813294	encode_blacklist
chr9:63813300	encode_blacklist
chr9:63813318	encode_blacklist
chr9:63813798	encode_blacklist
chr9:63813825	encode_blacklist
chr9:63813830	encode_blacklist
chr9:63813842	encode_blacklist
chr9:63813845	encode_blacklist
chr9:63813850	encode_blacklist
chr9:63813857	encode_blacklist
chr9:63813888	encode_blacklist
chr9:63813898	encode_blacklist
chr9:63813925	encode_blacklist
chr9:63813983	encode_blacklist
chr9:63814040	encode_blacklist
chr9:63814066	encode_blacklist
chr9:63814124	encode_blacklist
chr9:63814130	encode_blacklist
chr9:63814180	encode_blacklist
chr9:63814256	encode_blacklist
chr9:63814355	encode_blacklist
chr9:63814405	encode_blacklist
chr9:63814477	encode_blacklist
chr9:63814479	encode_blacklist
chr9:63814490	encode_blacklist
chr9:63814517	encode_blacklist
chr9:63814622	encode_blacklist
chr9:63814638	encode_blacklist
chr9:63814670	encode_blacklist
chr9:63814786	encode_blacklist
chr9:63814804	encode_blacklist
chr9:63814818	encode_blacklist
chr9:63814849	encode_blacklist
chr9:63814851	encode_blacklist
chr9:63814859	encode_blacklist
chr9:63814869	encode_blacklist
chr9:63814895	encode_blacklist
chr9:63814925	encode_blacklist
chr9:63814956	encode_blacklist
chr9:63815021	encode_blacklist
chr9:63815033	encode_blacklist
chr9:63815067	encode_blacklist
chr9:63815570	encode_blacklist
chr9:63815620	encode_blacklist
chr9:63815640	encode_blacklist
chr9:63815658	encode_blacklist
chr9:63815663	encode_blacklist
chr9:63815671	encode_blacklist
chr9:63815678	encode_blacklist
chr9:63815705	encode_blacklist
chr9:63815769	encode_blacklist
chr9:63815774	encode_blacklist
chr9:63815830	encode_blacklist
chr9:63815842	encode_blacklist
chr9:63816064	encode_blacklist
chr9:63816081	encode_blacklist
chr9:63816162	encode_blacklist
chr9:63816164	encode_blacklist
chr9:63816170	encode_blacklist
chr9:63816174	encode_blacklist
chr9:63816199	encode_blacklist
chr9:63816284	encode_blacklist
chr9:63816304	encode_blacklist
chr9:63816321	encode_blacklist
chr9:63816338	encode_blacklist
chr9:63816350	encode_blacklist
chr9:63816359	encode_blacklist
chr9:63816365	encode_blacklist
chr9:63858836	encode_blacklist
chr9:63859118	encode_blacklist
chr9:63859169	encode_blacklist
chr9:63859177	encode_blacklist
chr9:63859185	encode_blacklist
chr9:63859194	encode_blacklist
chr9:63859219	encode_blacklist
chr9:63859223	encode_blacklist
chr9:63859225	encode_blacklist
chr9:63859253	encode_blacklist
chr9:63859270	encode_blacklist
chr9:63859277	encode_blacklist
chr9:63859301	encode_blacklist
chr9:63859318	encode_blacklist
chr9:63859324	encode_blacklist
chr9:63859427	encode_blacklist
chr9:63859484	encode_blacklist
chr9:63859522	encode_blacklist
chr9:63859551	encode_blacklist
chr9:63859573	encode_blacklist
chr9:63859595	encode_blacklist
chr9:63859620	encode_blacklist
chr9:63859660	encode_blacklist
chr9:63859671	encode_blacklist
chr9:63859695	encode_blacklist
chr9:63859698	encode_blacklist
chr9:63859712	encode_blacklist
chr9:63859723	encode_blacklist
chr9:63859727	encode_blacklist
chr9:65282685	encode_blacklist
chr9:65282774	encode_blacklist
chr9:65282798	encode_blacklist
chr9:65282805	encode_blacklist
chr9:65282814	encode_blacklist
chr9:65282837	encode_blacklist
chr9:66265622	encode_blacklist
chr9:66265648	encode_blacklist
chr9:66265652	encode_blacklist
chr9:66265672	encode_blacklist
chr9:66265680	encode_blacklist
chr9:66265682	encode_blacklist
chr9:66265685	encode_blacklist
chr9:66265769	encode_blacklist
chr9:66265774	encode_blacklist
chr9:66265779	encode_blacklist
chr9:66265792	encode_blacklist
chr9:67723597	encode_blacklist
chr9:67723611	encode_blacklist
chr9:67723650	encode_blacklist
chr9:67723679	encode_blacklist
chr9:67723701	encode_blacklist
chr9:67723718	encode_blacklist
chr9:67723726	encode_blacklist
chr9:67723739	encode_blacklist
chr9:67723838	encode_blacklist
chr9:67723896	encode_blacklist
chr9:67723919	encode_blacklist
chr9:67723926	encode_blacklist
chr9:67723951	encode_blacklist
chr9:67723958	encode_blacklist
chr9:67723963	encode_blacklist
chr9:67723969	encode_blacklist
chr9:67723981	encode_blacklist
chr9:67723984	encode_blacklist
chr9:67724021	encode_blacklist
chr9:67724025	encode_blacklist
chr9:68343039	encode_blacklist
chr9:68343062	encode_blacklist
chr9:68343082	encode_blacklist
chr9:68343118	encode_blacklist
chr9:68343306	encode_blacklist
chr9:68343433	encode_blacklist
chr9:134176250	encode_blacklist
chr9:134176253	encode_blacklist
chr9:134176269	encode_blacklist
chr9:134176273	encode_blacklist
chr9:134176286	encode_blacklist
chr9:134176353	encode_blacklist
chr9:134176362	encode_blacklist
chr9:134176378	encode_blacklist
chr9:134176410	encode_blacklist
chr9:134176443	encode_blacklist
chr9:134176453	encode_blacklist
chr9:134176459	encode_blacklist
chr9:134176473	encode_blacklist
chr9:134176482	encode_blacklist
chr9:134176502	encode_blacklist
chr9:134176549	encode_blacklist
chr9:134176561	encode_blacklist
chr9:134176587	encode_blacklist
chr9:134176632	encode_blacklist
chr9:134176786	encode_blacklist
chr9:134176818	encode_blacklist
chr9:134176857	encode_blacklist
chr10:133763746	encode_blacklist
chr10:133763784	encode_blacklist
chr10:133764119	encode_blacklist
chr10:133764215	encode_blacklist
chr10:133764305	encode_blacklist
chr10:133764498	encode_blacklist
chr11:519179	encode_blacklist
chr11:519197	encode_blacklist
chr11:519199	encode_blacklist
chr11:519201	encode_blacklist
chr11:519218	encode_blacklist
chr11:519238	encode_blacklist
chr11:61126424	encode_blacklist
chr11:61126435	encode_blacklist
chr11:61126474	encode_blacklist
chr11:61126478	encode_blacklist
chr11:61126579	encode_blacklist
chr11:61126589	encode_blacklist
chr11:61126606	encode_blacklist
chr12:124433101	encode_blacklist
chr12:124433110	encode_blacklist
chr12:124433121	encode_blacklist
chr12:124433130	encode_blacklist
chr12:124433196	encode_blacklist
chr12:124433198	encode_blacklist
chr12:124433234	encode_blacklist
chr12:124433242	encode_blacklist
chr12:124433248	encode_blacklist
chr12:124433297	encode_blacklist
chr12:124433322	encode_blacklist
chr12:124433392	encode_blacklist
chr12:124433414	encode_blacklist
chr12:132226898	encode_blacklist
chr12:132227122	encode_blacklist
chr12:132227143	encode_blacklist
chr12:132227209	encode_blacklist
chr12:132227229	encode_blacklist
chr12:132227238	encode_blacklist
chr12:132227256	encode_blacklist
chr12:132227270	encode_blacklist
chr12:132227281	encode_blacklist
chr12:132227301	encode_blacklist
chr12:132227307	encode_blacklist
chr12:132227313	encode_blacklist
chr12:132227334	encode_blacklist
chr12:132227348	encode_blacklist
chr12:132227373	encode_blacklist
chr12:132227386	encode_blacklist
chr12:132227398	encode_blacklist
chr12:132227403	encode_blacklist
chr12:132227432	encode_blacklist
chr12:132227434	encode_blacklist
chr12:132227451	encode_blacklist
chr12:132227455	encode_blacklist
chr12:132227480	encode_blacklist
chr12:132227486	encode_blacklist
chr12:132227496	encode_blacklist
chr12:132227505	encode_blacklist
chr12:132227510	encode_blacklist
chr12:132243381	encode_blacklist
chr12:132243388	encode_blacklist
chr13:109423806	encode_blacklist
chr13:109423817	encode_blacklist
chr13:109424737	encode_blacklist
chr13:109424781	encode_blacklist
chr13:109424922	encode_blacklist
chr13:109425053	encode_blacklist
chr14:32483514	encode_blacklist
chr14:32483553	encode_blacklist
chr14:32483570	encode_blacklist
chr14:32483578	encode_blacklist
chr14:32483672	encode_blacklist
chr14:32483827	encode_blacklist
chr14:32483887	encode_blacklist
chr14:32485311	encode_blacklist
chr14:32485382	encode_blacklist
chr14:32485586	encode_blacklist
chr14:32485639	encode_blacklist
chr14:104289196	encode_blacklist
chr14:104289212	encode_blacklist
chr14:104289340	encode_blacklist
chr14:104289342	encode_blacklist
chr14:104289360	encode_blacklist
chr14:104289402	encode_blacklist
chr14:104289492	encode_blacklist
chr14:104289626	encode_blacklist
chr14:104289715	encode_blacklist
chr14:104289782	encode_blacklist
chr14:105223376	encode_blacklist
chr14:105223392	encode_blacklist
chr14:105223412	encode_blacklist
chr14:105223429	encode_blacklist
chr14:105223452	encode_blacklist
chr14:105223468	encode_blacklist
chr14:105223477	encode_blacklist
chr14:105223508	encode_blacklist
chr14:105223541	encode_blacklist
chr14:105223578	encode_blacklist
chr14:105580550	encode_blacklist
chr14:105580793	encode_blacklist
chr14:105580983	encode_blacklist
chr14:105581578	encode_blacklist
chr14:105581612	encode_blacklist
chr14:105581638	encode_blacklist
chr14:106331751	encode_blacklist
chr14:106331981	encode_blacklist
chr14:106332076	encode_blacklist
chr14:106332546	encode_blacklist
chr14:106333456	encode_blacklist
chr14:106333646	encode_blacklist
chr14:106345265	encode_blacklist
chr14:106345434	encode_blacklist
chr14:106345466	encode_blacklist
chr14:106346122	encode_blacklist
chr14:106346159	encode_blacklist
chr14:106346192	encode_blacklist
chr14:106346212	encode_blacklist
chr14:106346336	encode_blacklist
chr14:106346382	encode_blacklist
chr14:106346405	encode_blacklist
chr14:106346422	encode_blacklist
chr14:106346738	encode_blacklist
chr14:106346746	encode_blacklist
chr14:106347132	encode_blacklist
chr14:106347146	encode_blacklist
chr15:20581551	encode_blacklist
chr15:20581566	encode_blacklist
chr15:20581572	encode_blacklist
chr15:20581575	encode_blacklist
chr15:20581586	encode_blacklist
chr15:20581610	encode_blacklist
chr15:20581613	encode_blacklist
chr15:20581621	encode_blacklist
chr15:20581627	encode_blacklist
chr15:20581629	encode_blacklist
chr15:20581640	encode_blacklist
chr15:20581644	encode_blacklist
chr15:20581653	encode_blacklist
chr15:20581685	encode_blacklist
chr15:20581702	encode_blacklist
chr15:20581711	encode_blacklist
chr15:20581751	encode_blacklist
chr15:20581754	encode_blacklist
chr15:20581762	encode_blacklist
chr15:20581766	encode_blacklist
chr15:20581769	encode_blacklist
chr15:20581787	encode_blacklist
chr15:20581790	encode_blacklist
chr15:20581801	encode_blacklist
chr15:20581810	encode_blacklist
chr15:20581828	encode_blacklist
chr15:20581900	encode_blacklist
chr15:20581913	encode_blacklist
chr15:20581943	encode_blacklist
chr15:20581947	encode_blacklist
chr15:20581949	encode_blacklist
chr15:20581951	encode_blacklist
chr15:20581953	encode_blacklist
chr15:20581966	encode_blacklist
chr15:20581975	encode_blacklist
chr15:20581978	encode_blacklist
chr15:20582003	encode_blacklist
chr15:20582028	encode_blacklist
chr15:20582032	encode_blacklist
chr15:20582042	encode_blacklist
chr15:20582054	encode_blacklist
chr15:20582079	encode_blacklist
chr15:20582097	encode_blacklist
chr15:20582111	encode_blacklist
chr15:20582114	encode_blacklist
chr15:20582117	encode_blacklist
chr15:20582126	encode_blacklist
chr15:20582139	encode_blacklist
chr15:20582147	encode_blacklist
chr15:20582171	encode_blacklist
chr15:20582183	encode_blacklist
chr15:20582185	encode_blacklist
chr15:20582189	encode_blacklist
chr15:20582226	encode_blacklist
chr15:20582233	encode_blacklist
chr15:20582275	encode_blacklist
chr15:20582287	encode_blacklist
chr15:20582289	encode_blacklist
chr15:20582298	encode_blacklist
chr15:20582312	encode_blacklist
chr15:20582563	encode_blacklist
chr15:20582583	encode_blacklist
chr15:20582594	encode_blacklist
chr15:20582599	encode_blacklist
chr15:20582607	encode_blacklist
chr15:20582631	encode_blacklist
chr15:20582633	encode_blacklist
chr15:20582640	encode_blacklist
chr15:20582644	encode_blacklist
chr15:20582690	encode_blacklist
chr15:20582715	encode_blacklist
chr15:20582747	encode_blacklist
chr15:20582750	encode_blacklist
chr15:20628682	encode_blacklist
chr15:20628691	encode_blacklist
chr15:20628694	encode_blacklist
chr15:20628697	encode_blacklist
chr15:20628701	encode_blacklist
chr15:20628708	encode_blacklist
chr15:20628718	encode_blacklist
chr15:20628727	encode_blacklist
chr15:20628731	encode_blacklist
chr15:20628739	encode_blacklist
chr15:20628748	encode_blacklist
chr15:20629001	encode_blacklist
chr15:20629017	encode_blacklist
chr15:21649295	encode_blacklist
chr15:21649382	encode_blacklist
chr15:21649532	encode_blacklist
chr15:21649548	encode_blacklist
chr15:21650186	encode_blacklist
chr15:21650328	encode_blacklist
chr15:21650338	encode_blacklist
chr15:21650484	encode_blacklist
chr15:21650538	encode_blacklist
chr15:21650592	encode_blacklist
chr15:21650824	encode_blacklist
chr15:21650864	encode_blacklist
chr15:21650905	encode_blacklist
chr15:21651071	encode_blacklist
chr15:22257874	encode_blacklist
chr15:22257888	encode_blacklist
chr15:22257891	encode_blacklist
chr15:22257894	encode_blacklist
chr15:22257896	encode_blacklist
chr15:22257900	encode_blacklist
chr15:22257902	encode_blacklist
chr15:22257915	encode_blacklist
chr15:22257919	encode_blacklist
chr15:22257931	encode_blacklist
chr15:22257948	encode_blacklist
chr15:22257951	encode_blacklist
chr15:22257953	encode_blacklist
chr15:22257969	encode_blacklist
chr15:22257973	encode_blacklist
chr15:22257980	encode_blacklist
chr15:22257987	encode_blacklist
chr15:22257990	encode_blacklist
chr15:22257993	encode_blacklist
chr15:22257999	encode_blacklist
chr15:22258013	encode_blacklist
chr15:22258016	encode_blacklist
chr15:22258019	encode_blacklist
chr15:22258025	encode_blacklist
chr15:22258032	encode_blacklist
chr15:22258036	encode_blacklist
chr15:22258048	encode_blacklist
chr15:22258060	encode_blacklist
chr15:22258068	encode_blacklist
chr15:22258076	encode_blacklist
chr15:22258082	encode_blacklist
chr15:22258085	encode_blacklist
chr15:28589767	encode_blacklist
chr15:28589787	encode_blacklist
chr15:28589814	encode_blacklist
chr15:28589822	encode_blacklist
chr15:28589896	encode_blacklist
chr15:28589914	encode_blacklist
chr15:28589920	encode_blacklist
chr15:32613844	encode_blacklist
chr15:32613881	encode_blacklist
chr15:32613884	encode_blacklist
chr15:32613944	encode_blacklist
chr15:32613953	encode_blacklist
chr15:32613956	encode_blacklist
chr15:32613998	encode_blacklist
chr15:72636064	encode_blacklist
chr15:72636180	encode_blacklist
chr15:72636183	encode_blacklist
chr15:72636755	encode_blacklist
chr15:72636793	encode_blacklist
chr15:72636809	encode_blacklist
chr15:72636824	encode_blacklist
chr15:72636827	encode_blacklist
chr15:72636834	encode_blacklist
chr15:72636867	encode_blacklist
chr15:72637448	encode_blacklist
chr15:72637585	encode_blacklist
chr15:72637587	encode_blacklist
chr15:101931064	encode_blacklist
chr15:101931068	encode_blacklist
chr15:101931072	encode_blacklist
chr15:101931074	encode_blacklist
chr15:101931084	encode_blacklist
chr15:101931112	encode_blacklist
chr15:101931117	encode_blacklist
chr15:101931128	encode_blacklist
chr15:101931142	encode_blacklist
chr15:101931324	encode_blacklist
chr15:101931332	encode_blacklist
chr15:101931340	encode_blacklist
chr15:101980247	encode_blacklist
chr15:101980249	encode_blacklist
chr15:101980257	encode_blacklist
chr15:101980260	encode_blacklist
chr15:101980263	encode_blacklist
chr15:101980271	encode_blacklist
chr15:101980291	encode_blacklist
chr15:101980301	encode_blacklist
chr15:101980309	encode_blacklist
chr15:101980317	encode_blacklist
chr15:101980338	encode_blacklist
chr15:101980355	encode_blacklist
chr16:34856515	encode_blacklist
chr16:34856529	encode_blacklist
chr16:34856545	encode_blacklist
chr16:34856594	encode_blacklist
chr16:34856604	encode_blacklist
chr16:34856612	encode_blacklist
chr16:34856627	encode_blacklist
chr16:34856666	encode_blacklist
chr16:90106086	encode_blacklist
chr16:90106091	encode_blacklist
chr16:90106111	encode_blacklist
chr16:90106115	encode_blacklist
chr16:90106127	encode_blacklist
chr16:90106750	encode_blacklist
chr16:90106758	encode_blacklist
chr16:90106760	encode_blacklist
chr16:90106806	encode_blacklist
chr17:299000	encode_blacklist
chr17:299009	encode_blacklist
chr17:299023	encode_blacklist
chr17:299093	encode_blacklist
chr17:299140	encode_blacklist
chr17:299151	encode_blacklist
chr17:299250	encode_blacklist
chr17:299257	encode_blacklist
chr17:301970	encode_blacklist
chr17:302005	encode_blacklist
chr17:302029	encode_blacklist
chr17:302044	encode_blacklist
chr17:302053	encode_blacklist
chr17:302088	encode_blacklist
chr17:302114	encode_blacklist
chr17:302123	encode_blacklist
chr17:302150	encode_blacklist
chr17:302159	encode_blacklist
chr17:302166	encode_blacklist
chr17:302192	encode_blacklist
chr17:302212	encode_blacklist
chr17:302224	encode_blacklist
chr17:302237	encode_blacklist
chr17:304214	encode_blacklist
chr17:304228	encode_blacklist
chr17:304275	encode_blacklist
chr17:304281	encode_blacklist
chr17:304302	encode_blacklist
chr17:304356	encode_blacklist
chr17:304364	encode_blacklist
chr17:304384	encode_blacklist
chr17:304429	encode_blacklist
chr17:304432	encode_blacklist
chr17:304616	encode_blacklist
chr17:304619	encode_blacklist
chr17:304629	encode_blacklist
chr17:304644	encode_blacklist
chr17:304653	encode_blacklist
chr17:304708	encode_blacklist
chr17:304711	encode_blacklist
chr17:304742	encode_blacklist
chr17:304783	encode_blacklist
chr17:305212	encode_blacklist
chr17:305241	encode_blacklist
chr17:305254	encode_blacklist
chr17:305258	encode_blacklist
chr17:305295	encode_blacklist
chr17:305298	encode_blacklist
chr17:305308	encode_blacklist
chr17:305341	encode_blacklist
chr17:305363	encode_blacklist
chr17:305396	encode_blacklist
chr17:305497	encode_blacklist
chr17:307832	encode_blacklist
chr17:307881	encode_blacklist
chr17:307921	encode_blacklist
chr17:307925	encode_blacklist
chr17:307945	encode_blacklist
chr17:308006	encode_blacklist
chr17:489282	encode_blacklist
chr17:489299	encode_blacklist
chr17:489312	encode_blacklist
chr17:489321	encode_blacklist
chr17:489352	encode_blacklist
chr17:489372	encode_blacklist
chr17:489379	encode_blacklist
chr17:489413	encode_blacklist
chr17:489437	encode_blacklist
chr17:489462	encode_blacklist
chr17:489465	encode_blacklist
chr17:489547	encode_blacklist
chr17:489579	encode_blacklist
chr17:489581	encode_blacklist
chr17:489592	encode_blacklist
chr17:489604	encode_blacklist
chr17:489625	encode_blacklist
chr17:489649	encode_blacklist
chr17:489652	encode_blacklist
chr17:489668	encode_blacklist
chr17:489672	encode_blacklist
chr17:489680	encode_blacklist
chr17:491717	encode_blacklist
chr17:491728	encode_blacklist
chr17:491753	encode_blacklist
chr17:491759	encode_blacklist
chr17:491767	encode_blacklist
chr17:491794	encode_blacklist
chr17:491802	encode_blacklist
chr17:502897	encode_blacklist
chr17:502900	encode_blacklist
chr17:502918	encode_blacklist
chr17:502958	encode_blacklist
chr17:502968	encode_blacklist
chr17:502985	encode_blacklist
chr17:503009	encode_blacklist
chr17:503016	encode_blacklist
chr17:503023	encode_blacklist
chr17:503048	encode_blacklist
chr17:503055	encode_blacklist
chr17:503062	encode_blacklist
chr17:503069	encode_blacklist
chr17:503072	encode_blacklist
chr17:503094	encode_blacklist
chr17:503101	encode_blacklist
chr17:503108	encode_blacklist
chr17:503115	encode_blacklist
chr17:503118	encode_blacklist
chr17:503140	encode_blacklist
chr17:503147	encode_blacklist
chr17:503154	encode_blacklist
chr17:503186	encode_blacklist
chr17:503193	encode_blacklist
chr17:503200	encode_blacklist
chr17:503207	encode_blacklist
chr17:503232	encode_blacklist
chr17:503239	encode_blacklist
chr17:503246	encode_blacklist
chr17:503253	encode_blacklist
chr17:503256	encode_blacklist
chr17:503261	encode_blacklist
chr17:503469	encode_blacklist
chr17:503475	encode_blacklist
chr17:503513	encode_blacklist
chr17:503518	encode_blacklist
chr17:21795221	encode_blacklist
chr17:21795293	encode_blacklist
chr17:21795561	encode_blacklist
chr17:21795563	encode_blacklist
chr17:21795569	encode_blacklist
chr17:21795586	encode_blacklist
chr17:21795592	encode_blacklist
chr17:21795601	encode_blacklist
chr17:21795625	encode_blacklist
chr17:21795650	encode_blacklist
chr17:21795658	encode_blacklist
chr17:21795662	encode_blacklist
chr17:21795702	encode_blacklist
chr17:21842141	encode_blacklist
chr17:21842145	encode_blacklist
chr17:21842164	encode_blacklist
chr17:21842167	encode_blacklist
chr17:21842169	encode_blacklist
chr17:21842183	encode_blacklist
chr17:21842186	encode_blacklist
chr17:21842202	encode_blacklist
chr17:21842207	encode_blacklist
chr17:21842220	encode_blacklist
chr17:21842223	encode_blacklist
chr17:21842226	encode_blacklist
chr17:21842228	encode_blacklist
chr17:21842738	encode_blacklist
chr17:21842740	encode_blacklist
chr17:21842751	encode_blacklist
chr17:21842770	encode_blacklist
chr17:21842776	encode_blacklist
chr17:21842778	encode_blacklist
chr17:21842791	encode_blacklist
chr17:21842793	encode_blacklist
chr17:21842808	encode_blacklist
chr17:21842811	encode_blacklist
chr17:21842814	encode_blacklist
chr17:21842830	encode_blacklist
chr17:21842833	encode_blacklist
chr17:21842836	encode_blacklist
chr17:21842838	encode_blacklist
chr17:21842848	encode_blacklist
chr17:21842853	encode_blacklist
chr17:21842855	encode_blacklist
chr17:21842858	encode_blacklist
chr17:21842872	encode_blacklist
chr17:21842881	encode_blacklist
chr17:21842884	encode_blacklist
chr17:21842887	encode_blacklist
chr17:21842903	encode_blacklist
chr17:21842906	encode_blacklist
chr17:21842908	encode_blacklist
chr17:21842922	encode_blacklist
chr17:21842924	encode_blacklist
chr17:21842938	encode_blacklist
chr17:21842941	encode_blacklist
chr17:21842944	encode_blacklist
chr17:21842946	encode_blacklist
chr17:21842966	encode_blacklist
chr17:21842979	encode_blacklist
chr17:21842982	encode_blacklist
chr17:21842998	encode_blacklist
chr17:21843004	encode_blacklist
chr17:21843030	encode_blacklist
chr17:21843041	encode_blacklist
chr17:21843044	encode_blacklist
chr17:21843047	encode_blacklist
chr17:21843050	encode_blacklist
chr17:21843053	encode_blacklist
chr17:21843066	encode_blacklist
chr17:21843069	encode_blacklist
chr17:21843084	encode_blacklist
chr17:21843087	encode_blacklist
chr17:21843090	encode_blacklist
chr17:21843092	encode_blacklist
chr17:26843500	encode_blacklist
chr17:26843515	encode_blacklist
chr17:26843530	encode_blacklist
chr17:26843550	encode_blacklist
chr17:26843564	encode_blacklist
chr17:26843658	encode_blacklist
chr17:26843684	encode_blacklist
chr17:26843714	encode_blacklist
chr17:26843759	encode_blacklist
chr17:26843804	encode_blacklist
chr17:26843898	encode_blacklist
chr17:26843909	encode_blacklist
chr17:26843924	encode_blacklist
chr17:26843948	encode_blacklist
chr17:26843954	encode_blacklist
chr17:26843984	encode_blacklist
chr17:26844029	encode_blacklist
chr17:26844033	encode_blacklist
chr17:26844069	encode_blacklist
chr17:26844084	encode_blacklist
chr17:26844209	encode_blacklist
chr17:26844239	encode_blacklist
chr17:26844254	encode_blacklist
chr17:26844299	encode_blacklist
chr17:26844308	encode_blacklist
chr17:26844329	encode_blacklist
chr17:26844344	encode_blacklist
chr17:26844348	encode_blacklist
chr17:26844359	encode_blacklist
chr17:26844409	encode_blacklist
chr17:43263550	encode_blacklist
chr17:43263558	encode_blacklist
chr17:43263580	encode_blacklist
chr17:43263582	encode_blacklist
chr17:43263588	encode_blacklist
chr17:43263612	encode_blacklist
chr17:43263622	encode_blacklist
chr17:43263664	encode_blacklist
chr17:43263676	encode_blacklist
chr17:43263680	encode_blacklist
chr17:43263867	encode_blacklist
chr17:43263889	encode_blacklist
chr17:43263897	encode_blacklist
chr17:43263921	encode_blacklist
chr17:43263931	encode_blacklist
chr17:43263973	encode_blacklist
chr17:43263985	encode_blacklist
chr17:43263989	encode_blacklist
chr17:43264018	encode_blacklist
chr17:45583428	encode_blacklist
chr17:45583440	encode_blacklist
chr17:45583478	encode_blacklist
chr17:45583505	encode_blacklist
chr17:45583510	encode_blacklist
chr17:45583515	encode_blacklist
chr17:45583520	encode_blacklist
chr17:45583525	encode_blacklist
chr17:45583611	encode_blacklist
chr17:45583618	encode_blacklist
chr17:45583660	encode_blacklist
chr17:45583685	encode_blacklist
chr17:45583773	encode_blacklist
chr17:45583802	encode_blacklist
chr17:45583820	encode_blacklist
chr17:45583822	encode_blacklist
chr17:45583832	encode_blacklist
chr18:79014067	encode_blacklist
chr18:79014093	encode_blacklist
chr18:79014161	encode_blacklist
chr18:79014206	encode_blacklist
chr18:79014240	encode_blacklist
chr18:79014243	encode_blacklist
chr18:79014331	encode_blacklist
chr19:36277129	encode_blacklist
chr19:36277155	encode_blacklist
chr19:36277157	encode_blacklist
chr19:36277159	encode_blacklist
chr19:36277179	encode_blacklist
chr19:36277199	encode_blacklist
chr19:36277271	encode_blacklist
chr19:36277280	encode_blacklist
chr19:36277306	encode_blacklist
chr19:36277318	encode_blacklist
chr19:36277322	encode_blacklist
chr19:36277327	encode_blacklist
chr19:36277347	encode_blacklist
chr19:36277350	encode_blacklist
chr19:36294887	encode_blacklist
chr19:36294913	encode_blacklist
chr19:36294915	encode_blacklist
chr19:36294917	encode_blacklist
chr19:36294937	encode_blacklist
chr19:36294957	encode_blacklist
chr19:36294997	encode_blacklist
chr19:36295006	encode_blacklist
chr19:36295032	encode_blacklist
chr19:36295044	encode_blacklist
chr19:36310112	encode_blacklist
chr19:36310114	encode_blacklist
chr19:36310145	encode_blacklist
chr19:36310147	encode_blacklist
chr19:36310205	encode_blacklist
chr19:36310223	encode_blacklist
chr19:36310386	encode_blacklist
chr19:37303615	encode_blacklist
chr19:37303621	encode_blacklist
chr19:37303624	encode_blacklist
chr19:37303660	encode_blacklist
chr19:37303663	encode_blacklist
chr19:37303668	encode_blacklist
chr19:37303671	encode_blacklist
chr19:37303690	encode_blacklist
chr19:37303772	encode_blacklist
chr19:37303775	encode_blacklist
chr19:37303804	encode_blacklist
chr19:37303839	encode_blacklist
chr19:37303851	encode_blacklist
chr19:37303867	encode_blacklist
chr19:37303877	encode_blacklist
chr19:37303900	encode_blacklist
chr19:37303906	encode_blacklist
chr19:37303908	encode_blacklist
chr19:37303910	encode_blacklist
chr19:37303938	encode_blacklist
chr19:37303942	encode_blacklist
chr19:37304001	encode_blacklist
chr19:37304015	encode_blacklist
chr19:37304031	encode_blacklist
chr19:37304074	encode_blacklist
chr19:37304110	encode_blacklist
chr19:37304118	encode_blacklist
chr19:37304122	encode_blacklist
chr19:37304124	encode_blacklist
chr19:37304146	encode_blacklist
chr19:37304148	encode_blacklist
chr19:37304159	encode_blacklist
chr19:37304162	encode_blacklist
chr19:37304215	encode_blacklist
chr19:37304217	encode_blacklist
chr19:37304224	encode_blacklist
chr19:37304231	encode_blacklist
chr19:37304238	encode_blacklist
chr19:37304240	encode_blacklist
chr19:37304277	encode_blacklist
chr19:37304286	encode_blacklist
chr19:58562002	encode_blacklist
chr19:58562047	encode_blacklist
chr19:58562058	encode_blacklist
chr19:58562063	encode_blacklist
chr19:58562077	encode_blacklist
chr19:58562080	encode_blacklist
chr19:58562089	encode_blacklist
chr19:58562091	encode_blacklist
chr20:28578341	encode_blacklist
chr20:28578427	encode_blacklist
chr20:28578513	encode_blacklist
chr20:28578844	encode_blacklist
chr20:28579494	encode_blacklist
chr20:28579534	encode_blacklist
chr20:28579568	encode_blacklist
chr20:28579597	encode_blacklist
chr20:28603035	encode_blacklist
chr20:28603043	encode_blacklist
chr20:28603054	encode_blacklist
chr20:28603062	encode_blacklist
chr20:28603065	encode_blacklist
chr20:28603072	encode_blacklist
chr20:28603080	encode_blacklist
chr21:5032739	encode_blacklist
chr21:5032744	encode_blacklist
chr21:5032763	encode_blacklist
chr21:5032796	encode_blacklist
chr21:5032823	encode_blacklist
chr21:5032878	encode_blacklist
chr21:5032880	encode_blacklist
chr21:5095541	encode_blacklist
chr21:5095546	encode_blacklist
chr21:5095550	encode_blacklist
chr21:5095554	encode_blacklist
chr21:5095572	encode_blacklist
chr21:5096007	encode_blacklist
chr21:5096009	encode_blacklist
chr21:5100483	encode_blacklist
chr21:5100701	encode_blacklist
chr21:5100708	encode_blacklist
chr21:5100710	encode_blacklist
chr21:5100795	encode_blacklist
chr21:5100799	encode_blacklist
chr21:5100802	encode_blacklist
chr21:5100812	encode_blacklist
chr21:5100832	encode_blacklist
chr21:5100839	encode_blacklist
chr21:5100843	encode_blacklist
chr21:5100861	encode_blacklist
chr21:5100863	encode_blacklist
chr21:5100935	encode_blacklist
chr21:5100954	encode_blacklist
chr21:5100961	encode_blacklist
chr21:5100970	encode_blacklist
chr21:5100972	encode_blacklist
chr21:5101000	encode_blacklist
chr21:5101004	encode_blacklist
chr21:5101024	encode_blacklist
chr21:5101127	encode_blacklist
chr21:5101148	encode_blacklist
chr21:5106303	encode_blacklist
chr21:5106313	encode_blacklist
chr21:5106335	encode_blacklist
chr21:5106346	encode_blacklist
chr21:5106356	encode_blacklist
chr21:5106369	encode_blacklist
chr21:5106375	encode_blacklist
chr21:5149501	encode_blacklist
chr21:5149521	encode_blacklist
chr21:5149533	encode_blacklist
chr21:5149536	encode_blacklist
chr21:5149560	encode_blacklist
chr21:5149626	encode_blacklist
chr21:5149727	encode_blacklist
chr21:5149772	encode_blacklist
chr21:5149781	encode_blacklist
chr21:5149815	encode_blacklist
chr21:5149820	encode_blacklist
chr21:5158199	encode_blacklist
chr21:5158211	encode_blacklist
chr21:5158222	encode_blacklist
chr21:5158247	encode_blacklist
chr21:5158287	encode_blacklist
chr21:5158290	encode_blacklist
chr21:5158293	encode_blacklist
chr21:5158311	encode_blacklist
chr21:6081207	encode_blacklist
chr21:6081320	encode_blacklist
chr21:6081335	encode_blacklist
chr21:6081342	encode_blacklist
chr21:6081348	encode_blacklist
chr21:6081356	encode_blacklist
chr21:6081367	encode_blacklist
chr21:6081406	encode_blacklist
chr21:6081414	encode_blacklist
chr21:6081421	encode_blacklist
chr21:6081426	encode_blacklist
chr21:6081435	encode_blacklist
chr21:6081443	encode_blacklist
chr21:6081446	encode_blacklist
chr21:6081459	encode_blacklist
chr21:6081472	encode_blacklist
chr21:6081476	encode_blacklist
chr21:6081490	encode_blacklist
chr21:6081511	encode_blacklist
chr21:6081516	encode_blacklist
chr21:6081526	encode_blacklist
chr21:6081542	encode_blacklist
chr21:6086867	encode_blacklist
chr21:6086878	encode_blacklist
chr21:6086920	encode_blacklist
chr21:6086927	encode_blacklist
chr21:6086982	encode_blacklist
chr21:6086984	encode_blacklist
chr21:6086994	encode_blacklist
chr21:6086997	encode_blacklist
chr21:6087000	encode_blacklist
chr21:6087013	encode_blacklist
chr21:6087019	encode_blacklist
chr21:6087027	encode_blacklist
chr21:6087048	encode_blacklist
chr21:6087058	encode_blacklist
chr21:6087077	encode_blacklist
chr21:6087109	encode_blacklist
chr21:6093778	encode_blacklist
chr21:6093784	encode_blacklist
chr21:6093802	encode_blacklist
chr21:6093804	encode_blacklist
chr21:6093841	encode_blacklist
chr21:6093865	encode_blacklist
chr21:6093869	encode_blacklist
chr21:6093886	encode_blacklist
chr21:6093889	encode_blacklist
chr21:6093903	encode_blacklist
chr21:6093931	encode_blacklist
chr21:6093941	encode_blacklist
chr21:6150068	encode_blacklist
chr21:6150093	encode_blacklist
chr21:6150111	encode_blacklist
chr21:6150136	encode_blacklist
chr21:6150143	encode_blacklist
chr21:6150154	encode_blacklist
chr21:6150167	encode_blacklist
chr21:6150180	encode_blacklist
chr21:6556841	encode_blacklist
chr21:6556941	encode_blacklist
chr21:6556948	encode_blacklist
chr21:6556965	encode_blacklist
chr21:6556983	encode_blacklist
chr21:6557062	encode_blacklist
chr21:6557079	encode_blacklist
chr21:6565346	encode_blacklist
chr21:6565358	encode_blacklist
chr21:6565373	encode_blacklist
chr21:6565380	encode_blacklist
chr21:6565430	encode_blacklist
chr21:6565847	encode_blacklist
chr21:6565901	encode_blacklist
chr21:6566241	encode_blacklist
chr21:8207891	encode_blacklist
chr21:8207896	encode_blacklist
chr21:8207907	encode_blacklist
chr21:8207916	encode_blacklist
chr21:8207920	encode_blacklist
chr21:8207923	encode_blacklist
chr21:8207935	encode_blacklist
chr21:8207940	encode_blacklist
chr21:8207946	encode_blacklist
chr21:8207954	encode_blacklist
chr21:8207958	encode_blacklist
chr21:8207963	encode_blacklist
chr21:8207972	encode_blacklist
chr21:8207978	encode_blacklist
chr21:8207986	encode_blacklist
chr21:8207993	encode_blacklist
chr21:8207995	encode_blacklist
chr21:8208000	encode_blacklist
chr21:8208007	encode_blacklist
chr21:8208017	encode_blacklist
chr21:8208024	encode_blacklist
chr21:8208028	encode_blacklist
chr21:8208031	encode_blacklist
chr21:8208040	encode_blacklist
chr21:8208503	encode_blacklist
chr21:8208505	encode_blacklist
chr21:8208512	encode_blacklist
chr21:8208515	encode_blacklist
chr21:8208522	encode_blacklist
chr21:8208526	encode_blacklist
chr21:8208530	encode_blacklist
chr21:8208535	encode_blacklist
chr21:8208542	encode_blacklist
chr21:8208544	encode_blacklist
chr21:8208546	encode_blacklist
chr21:8208552	encode_blacklist
chr21:8208555	encode_blacklist
chr21:8208558	encode_blacklist
chr21:8208561	encode_blacklist
chr21:8208572	encode_blacklist
chr21:8208574	encode_blacklist
chr21:8208576	encode_blacklist
chr21:8208585	encode_blacklist
chr21:8208591	encode_blacklist
chr21:8208595	encode_blacklist
chr21:8208599	encode_blacklist
chr21:8208601	encode_blacklist
chr21:8208605	encode_blacklist
chr21:8208616	encode_blacklist
chr21:8208621	encode_blacklist
chr21:8208633	encode_blacklist
chr21:8208636	encode_blacklist
chr21:8208640	encode_blacklist
chr21:8208649	encode_blacklist
chr21:8208651	encode_blacklist
chr21:8208674	encode_blacklist
chr21:8208751	encode_blacklist
chr21:8208760	encode_blacklist
chr21:8208762	encode_blacklist
chr21:8208773	encode_blacklist
chr21:8208778	encode_blacklist
chr21:8208782	encode_blacklist
chr21:8208787	encode_blacklist
chr21:8208791	encode_blacklist
chr21:8208794	encode_blacklist
chr21:8208797	encode_blacklist
chr21:8208800	encode_blacklist
chr21:8208811	encode_blacklist
chr21:8208820	encode_blacklist
chr21:8208822	encode_blacklist
chr21:8208827	encode_blacklist
chr21:8208830	encode_blacklist
chr21:8208835	encode_blacklist
chr21:8208839	encode_blacklist
chr21:8208842	encode_blacklist
chr21:8208844	encode_blacklist
chr21:8208846	encode_blacklist
chr21:8208848	encode_blacklist
chr21:8208852	encode_blacklist
chr21:8208856	encode_blacklist
chr21:8208860	encode_blacklist
chr21:8208862	encode_blacklist
chr21:8208867	encode_blacklist
chr21:8208880	encode_blacklist
chr21:8208888	encode_blacklist
chr21:8208892	encode_blacklist
chr21:8208896	encode_blacklist
chr21:8208899	encode_blacklist
chr21:8208906	encode_blacklist
chr21:8208913	encode_blacklist
chr21:8208920	encode_blacklist
chr21:8208928	encode_blacklist
chr21:8208932	encode_blacklist
chr21:8208936	encode_blacklist
chr21:8208947	encode_blacklist
chr21:8208952	encode_blacklist
chr21:8208966	encode_blacklist
chr21:8208971	encode_blacklist
chr21:8208979	encode_blacklist
chr21:8208985	encode_blacklist
chr21:8208989	encode_blacklist
chr21:8208991	encode_blacklist
chr21:8208999	encode_blacklist
chr21:8209004	encode_blacklist
chr21:8209008	encode_blacklist
chr21:8209014	encode_blacklist
chr21:8209018	encode_blacklist
chr21:8209020	encode_blacklist
chr21:8209023	encode_blacklist
chr21:8209027	encode_blacklist
chr21:8209033	encode_blacklist
chr21:8209037	encode_blacklist
chr21:8209051	encode_blacklist
chr21:8209054	encode_blacklist
chr21:8209061	encode_blacklist
chr21:8209076	encode_blacklist
chr21:8209080	encode_blacklist
chr21:8209082	encode_blacklist
chr21:8209086	encode_blacklist
chr21:8209089	encode_blacklist
chr21:8209092	encode_blacklist
chr21:8211458	encode_blacklist
chr21:8211472	encode_blacklist
chr21:8211486	encode_blacklist
chr21:8211501	encode_blacklist
chr21:8211508	encode_blacklist
chr21:8211515	encode_blacklist
chr21:8211522	encode_blacklist
chr21:8211524	encode_blacklist
chr21:8211527	encode_blacklist
chr21:8211530	encode_blacklist
chr21:8211533	encode_blacklist
chr21:8211536	encode_blacklist
chr21:8211539	encode_blacklist
chr21:8211541	encode_blacklist
chr21:8211543	encode_blacklist
chr21:8211553	encode_blacklist
chr21:8211572	encode_blacklist
chr21:8211574	encode_blacklist
chr21:8211577	encode_blacklist
chr21:8211579	encode_blacklist
chr21:8211582	encode_blacklist
chr21:8211584	encode_blacklist
chr21:8211588	encode_blacklist
chr21:8211590	encode_blacklist
chr21:8211594	encode_blacklist
chr21:8211601	encode_blacklist
chr21:8211603	encode_blacklist
chr21:8211609	encode_blacklist
chr21:8211613	encode_blacklist
chr21:8211617	encode_blacklist
chr21:8211621	encode_blacklist
chr21:8211625	encode_blacklist
chr21:8211629	encode_blacklist
chr21:8211633	encode_blacklist
chr21:8211636	encode_blacklist
chr21:8211640	encode_blacklist
chr21:8211646	encode_blacklist
chr21:8211649	encode_blacklist
chr21:8211653	encode_blacklist
chr21:8211655	encode_blacklist
chr21:8211662	encode_blacklist
chr21:8211671	encode_blacklist
chr21:8211682	encode_blacklist
chr21:8211894	encode_blacklist
chr21:8211896	encode_blacklist
chr21:8211899	encode_blacklist
chr21:8211907	encode_blacklist
chr21:8211913	encode_blacklist
chr21:8211919	encode_blacklist
chr21:8211923	encode_blacklist
chr21:8211931	encode_blacklist
chr21:8211934	encode_blacklist
chr21:8211940	encode_blacklist
chr21:8211943	encode_blacklist
chr21:8211945	encode_blacklist
chr21:8211948	encode_blacklist
chr21:8211953	encode_blacklist
chr21:8211955	encode_blacklist
chr21:8211958	encode_blacklist
chr21:8211961	encode_blacklist
chr21:8211967	encode_blacklist
chr21:8211973	encode_blacklist
chr21:8211977	encode_blacklist
chr21:8211986	encode_blacklist
chr21:8211995	encode_blacklist
chr21:8212003	encode_blacklist
chr21:8212008	encode_blacklist
chr21:8212015	encode_blacklist
chr21:8212022	encode_blacklist
chr21:8212026	encode_blacklist
chr21:8212029	encode_blacklist
chr21:8212363	encode_blacklist
chr21:8212365	encode_blacklist
chr21:8212369	encode_blacklist
chr21:8212375	encode_blacklist
chr21:8212377	encode_blacklist
chr21:8212383	encode_blacklist
chr21:8212386	encode_blacklist
chr21:8212388	encode_blacklist
chr21:8212390	encode_blacklist
chr21:8212398	encode_blacklist
chr21:8212571	encode_blacklist
chr21:8213005	encode_blacklist
chr21:8213010	encode_blacklist
chr21:8213015	encode_blacklist
chr21:8213023	encode_blacklist
chr21:8213029	encode_blacklist
chr21:8213032	encode_blacklist
chr21:8213038	encode_blacklist
chr21:8213043	encode_blacklist
chr21:8213056	encode_blacklist
chr21:8213069	encode_blacklist
chr21:8213071	encode_blacklist
chr21:8213074	encode_blacklist
chr21:8213076	encode_blacklist
chr21:8213078	encode_blacklist
chr21:8213080	encode_blacklist
chr21:8213085	encode_blacklist
chr21:8213092	encode_blacklist
chr21:8213099	encode_blacklist
chr21:8213102	encode_blacklist
chr21:8213108	encode_blacklist
chr21:8213112	encode_blacklist
chr21:8213126	encode_blacklist
chr21:8213132	encode_blacklist
chr21:8213135	encode_blacklist
chr21:8213138	encode_blacklist
chr21:8213141	encode_blacklist
chr21:8213144	encode_blacklist
chr21:8213147	encode_blacklist
chr21:8213149	encode_blacklist
chr21:8213151	encode_blacklist
chr21:8213154	encode_blacklist
chr21:8213157	encode_blacklist
chr21:8213160	encode_blacklist
chr21:8213169	encode_blacklist
chr21:8213176	encode_blacklist
chr21:8213180	encode_blacklist
chr21:8213207	encode_blacklist
chr21:8213213	encode_blacklist
chr21:8213230	encode_blacklist
chr21:8213233	encode_blacklist
chr21:8213247	encode_blacklist
chr21:8213255	encode_blacklist
chr21:8213257	encode_blacklist
chr21:8213262	encode_blacklist
chr21:8213266	encode_blacklist
chr21:8213269	encode_blacklist
chr21:8213271	encode_blacklist
chr21:8213276	encode_blacklist
chr21:8213279	encode_blacklist
chr21:8213283	encode_blacklist
chr21:8213289	encode_blacklist
chr21:8213295	encode_blacklist
chr21:8213300	encode_blacklist
chr21:8213303	encode_blacklist
chr21:8213307	encode_blacklist
chr21:8213311	encode_blacklist
chr21:8213315	encode_blacklist
chr21:8213318	encode_blacklist
chr21:8213324	encode_blacklist
chr21:8213326	encode_blacklist
chr21:8213343	encode_blacklist
chr21:8213346	encode_blacklist
chr21:8213357	encode_blacklist
chr21:8213365	encode_blacklist
chr21:8213369	encode_blacklist
chr21:8213378	encode_blacklist
chr21:8213387	encode_blacklist
chr21:8213389	encode_blacklist
chr21:8213391	encode_blacklist
chr21:8213395	encode_blacklist
chr21:8213397	encode_blacklist
chr21:8213399	encode_blacklist
chr21:8213401	encode_blacklist
chr21:8213403	encode_blacklist
chr21:8213407	encode_blacklist
chr21:8213411	encode_blacklist
chr21:8213415	encode_blacklist
chr21:8213420	encode_blacklist
chr21:8213425	encode_blacklist
chr21:8213427	encode_blacklist
chr21:8213430	encode_blacklist
chr21:8213432	encode_blacklist
chr21:8213435	encode_blacklist
chr21:8213439	encode_blacklist
chr21:8213445	encode_blacklist
chr21:8213453	encode_blacklist
chr21:8213458	encode_blacklist
chr21:8213460	encode_blacklist
chr21:8213465	encode_blacklist
chr21:8213469	encode_blacklist
chr21:8213473	encode_blacklist
chr21:8213475	encode_blacklist
chr21:8213479	encode_blacklist
chr21:8213485	encode_blacklist
chr21:8213487	encode_blacklist
chr21:8213490	encode_blacklist
chr21:8213493	encode_blacklist
chr21:8213500	encode_blacklist
chr21:8213502	encode_blacklist
chr21:8213510	encode_blacklist
chr21:8214002	encode_blacklist
chr21:8214005	encode_blacklist
chr21:8214018	encode_blacklist
chr21:8216781	encode_blacklist
chr21:8216785	encode_blacklist
chr21:8216795	encode_blacklist
chr21:8216797	encode_blacklist
chr21:8216802	encode_blacklist
chr21:8216812	encode_blacklist
chr21:8216814	encode_blacklist
chr21:8216816	encode_blacklist
chr21:8216819	encode_blacklist
chr21:8216821	encode_blacklist
chr21:8216829	encode_blacklist
chr21:8216834	encode_blacklist
chr21:8216837	encode_blacklist
chr21:8216840	encode_blacklist
chr21:8216851	encode_blacklist
chr21:8216855	encode_blacklist
chr21:8216869	encode_blacklist
chr21:8216871	encode_blacklist
chr21:8216882	encode_blacklist
chr21:8216892	encode_blacklist
chr21:8216894	encode_blacklist
chr21:8216896	encode_blacklist
chr21:8216898	encode_blacklist
chr21:8216901	encode_blacklist
chr21:8216905	encode_blacklist
chr21:8216921	encode_blacklist
chr21:8216923	encode_blacklist
chr21:8216947	encode_blacklist
chr21:8218584	encode_blacklist
chr21:8218592	encode_blacklist
chr21:8218597	encode_blacklist
chr21:8218602	encode_blacklist
chr21:8218608	encode_blacklist
chr21:8218611	encode_blacklist
chr21:8218613	encode_blacklist
chr21:8218621	encode_blacklist
chr21:8218631	encode_blacklist
chr21:8218639	encode_blacklist
chr21:8218647	encode_blacklist
chr21:8218657	encode_blacklist
chr21:8218660	encode_blacklist
chr21:8218663	encode_blacklist
chr21:8218668	encode_blacklist
chr21:8218682	encode_blacklist
chr21:8218684	encode_blacklist
chr21:8218689	encode_blacklist
chr21:8218691	encode_blacklist
chr21:8218693	encode_blacklist
chr21:8218695	encode_blacklist
chr21:8218697	encode_blacklist
chr21:8218705	encode_blacklist
chr21:8218707	encode_blacklist
chr21:8218714	encode_blacklist
chr21:8218717	encode_blacklist
chr21:8218719	encode_blacklist
chr21:8218721	encode_blacklist
chr21:8218724	encode_blacklist
chr21:8218730	encode_blacklist
chr21:8218737	encode_blacklist
chr21:8218742	encode_blacklist
chr21:8218754	encode_blacklist
chr21:8218766	encode_blacklist
chr21:8218771	encode_blacklist
chr21:8218773	encode_blacklist
chr21:8218785	encode_blacklist
chr21:8218789	encode_blacklist
chr21:8218797	encode_blacklist
chr21:8218801	encode_blacklist
chr21:8218806	encode_blacklist
chr21:8218811	encode_blacklist
chr21:8218815	encode_blacklist
chr21:8218819	encode_blacklist
chr21:8218833	encode_blacklist
chr21:8218845	encode_blacklist
chr21:8218851	encode_blacklist
chr21:8218867	encode_blacklist
chr21:8218875	encode_blacklist
chr21:8218879	encode_blacklist
chr21:8218898	encode_blacklist
chr21:8218903	encode_blacklist
chr21:8218925	encode_blacklist
chr21:8218942	encode_blacklist
chr21:8218944	encode_blacklist
chr21:8218946	encode_blacklist
chr21:8218948	encode_blacklist
chr21:8218950	encode_blacklist
chr21:8218952	encode_blacklist
chr21:8218954	encode_blacklist
chr21:8218956	encode_blacklist
chr21:8218958	encode_blacklist
chr21:8218962	encode_blacklist
chr21:8218966	encode_blacklist
chr21:8218975	encode_blacklist
chr21:8218978	encode_blacklist
chr21:8218983	encode_blacklist
chr21:8218987	encode_blacklist
chr21:8218989	encode_blacklist
chr21:8218993	encode_blacklist
chr21:8218996	encode_blacklist
chr21:8218999	encode_blacklist
chr21:8219003	encode_blacklist
chr21:8219011	encode_blacklist
chr21:8219015	encode_blacklist
chr21:8219030	encode_blacklist
chr21:8219040	encode_blacklist
chr21:8219043	encode_blacklist
chr21:8219047	encode_blacklist
chr21:8219049	encode_blacklist
chr21:8219053	encode_blacklist
chr21:8219079	encode_blacklist
chr21:8219081	encode_blacklist
chr21:8219083	encode_blacklist
chr21:8219089	encode_blacklist
chr21:8219093	encode_blacklist
chr21:8219096	encode_blacklist
chr21:8219098	encode_blacklist
chr21:8219103	encode_blacklist
chr21:8219111	encode_blacklist
chr21:8219118	encode_blacklist
chr21:8219129	encode_blacklist
chr21:8219136	encode_blacklist
chr21:8219139	encode_blacklist
chr21:8219144	encode_blacklist
chr21:8219149	encode_blacklist
chr21:8219153	encode_blacklist
chr21:8219158	encode_blacklist
chr21:8219163	encode_blacklist
chr21:8219168	encode_blacklist
chr21:8219175	encode_blacklist
chr21:8219182	encode_blacklist
chr21:8219196	encode_blacklist
chr21:8219198	encode_blacklist
chr21:8219204	encode_blacklist
chr21:8219208	encode_blacklist
chr21:8219210	encode_blacklist
chr21:8219213	encode_blacklist
chr21:8219218	encode_blacklist
chr21:8219224	encode_blacklist
chr21:8219231	encode_blacklist
chr21:8219234	encode_blacklist
chr21:8219241	encode_blacklist
chr21:8219246	encode_blacklist
chr21:8219257	encode_blacklist
chr21:8219259	encode_blacklist
chr21:8219261	encode_blacklist
chr21:8219268	encode_blacklist
chr21:8219276	encode_blacklist
chr21:8219284	encode_blacklist
chr21:8219292	encode_blacklist
chr21:8219299	encode_blacklist
chr21:8219301	encode_blacklist
chr21:8219303	encode_blacklist
chr21:8219316	encode_blacklist
chr21:8219324	encode_blacklist
chr21:8219328	encode_blacklist
chr21:8219333	encode_blacklist
chr21:8219345	encode_blacklist
chr21:8219347	encode_blacklist
chr21:8219358	encode_blacklist
chr21:8219361	encode_blacklist
chr21:8219365	encode_blacklist
chr21:8219368	encode_blacklist
chr21:8220336	encode_blacklist
chr21:8220339	encode_blacklist
chr21:8220344	encode_blacklist
chr21:8220349	encode_blacklist
chr21:8220355	encode_blacklist
chr21:8220358	encode_blacklist
chr21:8220360	encode_blacklist
chr21:8220366	encode_blacklist
chr21:8220371	encode_blacklist
chr21:8220375	encode_blacklist
chr21:8220384	encode_blacklist
chr21:8220390	encode_blacklist
chr21:8220401	encode_blacklist
chr21:8220405	encode_blacklist
chr21:8220407	encode_blacklist
chr21:8220414	encode_blacklist
chr21:8220424	encode_blacklist
chr21:8220427	encode_blacklist
chr21:8220435	encode_blacklist
chr21:8220442	encode_blacklist
chr21:8220447	encode_blacklist
chr21:8220458	encode_blacklist
chr21:8220462	encode_blacklist
chr21:8220465	encode_blacklist
chr21:8220469	encode_blacklist
chr21:8220474	encode_blacklist
chr21:8220477	encode_blacklist
chr21:8220482	encode_blacklist
chr21:8220485	encode_blacklist
chr21:8220487	encode_blacklist
chr21:8220493	encode_blacklist
chr21:8220503	encode_blacklist
chr21:8220509	encode_blacklist
chr21:8220511	encode_blacklist
chr21:8220515	encode_blacklist
chr21:8220517	encode_blacklist
chr21:8220527	encode_blacklist
chr21:8220533	encode_blacklist
chr21:8220538	encode_blacklist
chr21:8220541	encode_blacklist
chr21:8220557	encode_blacklist
chr21:8220559	encode_blacklist
chr21:8220594	encode_blacklist
chr21:8220596	encode_blacklist
chr21:8220604	encode_blacklist
chr21:8220608	encode_blacklist
chr21:8220610	encode_blacklist
chr21:8220639	encode_blacklist
chr21:8220761	encode_blacklist
chr21:8220767	encode_blacklist
chr21:8220775	encode_blacklist
chr21:8220787	encode_blacklist
chr21:8220791	encode_blacklist
chr21:8220845	encode_blacklist
chr21:8220851	encode_blacklist
chr21:8220985	encode_blacklist
chr21:8221003	encode_blacklist
chr21:8221011	encode_blacklist
chr21:8221014	encode_blacklist
chr21:8221021	encode_blacklist
chr21:8221026	encode_blacklist
chr21:8221030	encode_blacklist
chr21:8221033	encode_blacklist
chr21:8226175	encode_blacklist
chr21:8226183	encode_blacklist
chr21:8226192	encode_blacklist
chr21:8226197	encode_blacklist
chr21:8226202	encode_blacklist
chr21:8226207	encode_blacklist
chr21:8226217	encode_blacklist
chr21:8226222	encode_blacklist
chr21:8226234	encode_blacklist
chr21:8226236	encode_blacklist
chr21:8226242	encode_blacklist
chr21:8226261	encode_blacklist
chr21:8226310	encode_blacklist
chr21:8226334	encode_blacklist
chr21:8226350	encode_blacklist
chr21:8226375	encode_blacklist
chr21:8226438	encode_blacklist
chr21:8226450	encode_blacklist
chr21:8226454	encode_blacklist
chr21:8226460	encode_blacklist
chr21:8226468	encode_blacklist
chr21:8249543	encode_blacklist
chr21:8249548	encode_blacklist
chr21:8249552	encode_blacklist
chr21:8249559	encode_blacklist
chr21:8249561	encode_blacklist
chr21:8249564	encode_blacklist
chr21:8249573	encode_blacklist
chr21:8249580	encode_blacklist
chr21:8249585	encode_blacklist
chr21:8249587	encode_blacklist
chr21:8249592	encode_blacklist
chr21:8249594	encode_blacklist
chr21:8249602	encode_blacklist
chr21:8249605	encode_blacklist
chr21:8249607	encode_blacklist
chr21:8249609	encode_blacklist
chr21:8249614	encode_blacklist
chr21:8249616	encode_blacklist
chr21:8249630	encode_blacklist
chr21:8249639	encode_blacklist
chr21:8249644	encode_blacklist
chr21:8249648	encode_blacklist
chr21:8249650	encode_blacklist
chr21:8249656	encode_blacklist
chr21:8249658	encode_blacklist
chr21:8249671	encode_blacklist
chr21:8249680	encode_blacklist
chr21:8249683	encode_blacklist
chr21:8249687	encode_blacklist
chr21:8249693	encode_blacklist
chr21:8249699	encode_blacklist
chr21:8249707	encode_blacklist
chr21:8249717	encode_blacklist
chr21:8249724	encode_blacklist
chr21:8249729	encode_blacklist
chr21:8249735	encode_blacklist
chr21:8249742	encode_blacklist
chr21:8249749	encode_blacklist
chr21:8249756	encode_blacklist
chr21:8249763	encode_blacklist
chr21:8249768	encode_blacklist
chr21:8249773	encode_blacklist
chr21:8249775	encode_blacklist
chr21:8249787	encode_blacklist
chr21:8249789	encode_blacklist
chr21:8249802	encode_blacklist
chr21:8249810	encode_blacklist
chr21:8249814	encode_blacklist
chr21:8249820	encode_blacklist
chr21:8249827	encode_blacklist
chr21:8249838	encode_blacklist
chr21:8249840	encode_blacklist
chr21:8249842	encode_blacklist
chr21:8249846	encode_blacklist
chr21:8249851	encode_blacklist
chr21:8249859	encode_blacklist
chr21:8249861	encode_blacklist
chr21:8249869	encode_blacklist
chr21:8249876	encode_blacklist
chr21:8249884	encode_blacklist
chr21:8249893	encode_blacklist
chr21:8249897	encode_blacklist
chr21:8249909	encode_blacklist
chr21:8249913	encode_blacklist
chr21:8249925	encode_blacklist
chr21:8249932	encode_blacklist
chr21:8249945	encode_blacklist
chr21:8249950	encode_blacklist
chr21:8249960	encode_blacklist
chr21:8249969	encode_blacklist
chr21:8249973	encode_blacklist
chr21:8249977	encode_blacklist
chr21:8249985	encode_blacklist
chr21:8249991	encode_blacklist
chr21:8249996	encode_blacklist
chr21:8249999	encode_blacklist
chr21:8250008	encode_blacklist
chr21:8250010	encode_blacklist
chr21:8252265	encode_blacklist
chr21:8252271	encode_blacklist
chr21:8252282	encode_blacklist
chr21:8252293	encode_blacklist
chr21:8252295	encode_blacklist
chr21:8252299	encode_blacklist
chr21:8252317	encode_blacklist
chr21:8252321	encode_blacklist
chr21:8252340	encode_blacklist
chr21:8252345	encode_blacklist
chr21:8252348	encode_blacklist
chr21:8252356	encode_blacklist
chr21:8252364	encode_blacklist
chr21:8252380	encode_blacklist
chr21:8252382	encode_blacklist
chr21:8252389	encode_blacklist
chr21:8252396	encode_blacklist
chr21:8252400	encode_blacklist
chr21:8252418	encode_blacklist
chr21:8253324	encode_blacklist
chr21:8253332	encode_blacklist
chr21:8253336	encode_blacklist
chr21:8253341	encode_blacklist
chr21:8253346	encode_blacklist
chr21:8253348	encode_blacklist
chr21:8253352	encode_blacklist
chr21:8253357	encode_blacklist
chr21:8253361	encode_blacklist
chr21:8253365	encode_blacklist
chr21:8253368	encode_blacklist
chr21:8253370	encode_blacklist
chr21:8253380	encode_blacklist
chr21:8253385	encode_blacklist
chr21:8253392	encode_blacklist
chr21:8253394	encode_blacklist
chr21:8253399	encode_blacklist
chr21:8253406	encode_blacklist
chr21:8253410	encode_blacklist
chr21:8253413	encode_blacklist
chr21:8253417	encode_blacklist
chr21:8253421	encode_blacklist
chr21:8253424	encode_blacklist
chr21:8253430	encode_blacklist
chr21:8253435	encode_blacklist
chr21:8253674	encode_blacklist
chr21:8253680	encode_blacklist
chr21:8253684	encode_blacklist
chr21:8253687	encode_blacklist
chr21:8253693	encode_blacklist
chr21:8253695	encode_blacklist
chr21:8253699	encode_blacklist
chr21:8253703	encode_blacklist
chr21:8253713	encode_blacklist
chr21:8253717	encode_blacklist
chr21:8253721	encode_blacklist
chr21:8253725	encode_blacklist
chr21:8253727	encode_blacklist
chr21:8253732	encode_blacklist
chr21:8253736	encode_blacklist
chr21:8253740	encode_blacklist
chr21:8253744	encode_blacklist
chr21:8253747	encode_blacklist
chr21:8253756	encode_blacklist
chr21:8253762	encode_blacklist
chr21:8253767	encode_blacklist
chr21:8253770	encode_blacklist
chr21:8253776	encode_blacklist
chr21:8253782	encode_blacklist
chr21:8253784	encode_blacklist
chr21:8253794	encode_blacklist
chr21:8255790	encode_blacklist
chr21:8255794	encode_blacklist
chr21:8255796	encode_blacklist
chr21:8255800	encode_blacklist
chr21:8255807	encode_blacklist
chr21:8255809	encode_blacklist
chr21:8255815	encode_blacklist
chr21:8255819	encode_blacklist
chr21:8255823	encode_blacklist
chr21:8255827	encode_blacklist
chr21:8255831	encode_blacklist
chr21:8255835	encode_blacklist
chr21:8255839	encode_blacklist
chr21:8255842	encode_blacklist
chr21:8255846	encode_blacklist
chr21:8255852	encode_blacklist
chr21:8255855	encode_blacklist
chr21:8255859	encode_blacklist
chr21:8255861	encode_blacklist
chr21:8255868	encode_blacklist
chr21:8255877	encode_blacklist
chr21:8255888	encode_blacklist
chr21:8255927	encode_blacklist
chr21:8255932	encode_blacklist
chr21:8255942	encode_blacklist
chr21:8255944	encode_blacklist
chr21:8255949	encode_blacklist
chr21:8255957	encode_blacklist
chr21:8255960	encode_blacklist
chr21:8255964	encode_blacklist
chr21:8255967	encode_blacklist
chr21:8255974	encode_blacklist
chr21:8255981	encode_blacklist
chr21:8255985	encode_blacklist
chr21:8255987	encode_blacklist
chr21:8255993	encode_blacklist
chr21:8255996	encode_blacklist
chr21:8255999	encode_blacklist
chr21:8256008	encode_blacklist
chr21:8256011	encode_blacklist
chr21:8256015	encode_blacklist
chr21:8256017	encode_blacklist
chr21:8256023	encode_blacklist
chr21:8256030	encode_blacklist
chr21:8256033	encode_blacklist
chr21:8256036	encode_blacklist
chr21:8256039	encode_blacklist
chr21:8256041	encode_blacklist
chr21:8256044	encode_blacklist
chr21:8256061	encode_blacklist
chr21:8256076	encode_blacklist
chr21:8256079	encode_blacklist
chr21:8256086	encode_blacklist
chr21:8256089	encode_blacklist
chr21:8256093	encode_blacklist
chr21:8256099	encode_blacklist
chr21:8256102	encode_blacklist
chr21:8256104	encode_blacklist
chr21:8256107	encode_blacklist
chr21:8256115	encode_blacklist
chr21:8256121	encode_blacklist
chr21:8256127	encode_blacklist
chr21:8256131	encode_blacklist
chr21:8256139	encode_blacklist
chr21:8256142	encode_blacklist
chr21:8256571	encode_blacklist
chr21:8256573	encode_blacklist
chr21:8256577	encode_blacklist
chr21:8256583	encode_blacklist
chr21:8256585	encode_blacklist
chr21:8256591	encode_blacklist
chr21:8256594	encode_blacklist
chr21:8256596	encode_blacklist
chr21:8256598	encode_blacklist
chr21:8256606	encode_blacklist
chr21:8256623	encode_blacklist
chr21:8256634	encode_blacklist
chr21:8256641	encode_blacklist
chr21:8256647	encode_blacklist
chr21:8256659	encode_blacklist
chr21:8256667	encode_blacklist
chr21:8256697	encode_blacklist
chr21:8256712	encode_blacklist
chr21:8256717	encode_blacklist
chr21:8256719	encode_blacklist
chr21:8256739	encode_blacklist
chr21:8256744	encode_blacklist
chr21:8256747	encode_blacklist
chr21:8256750	encode_blacklist
chr21:8256756	encode_blacklist
chr21:8256762	encode_blacklist
chr21:8256770	encode_blacklist
chr21:8256776	encode_blacklist
chr21:8256780	encode_blacklist
chr21:8256790	encode_blacklist
chr21:8256802	encode_blacklist
chr21:8256807	encode_blacklist
chr21:8256811	encode_blacklist
chr21:8256814	encode_blacklist
chr21:8257809	encode_blacklist
chr21:8257814	encode_blacklist
chr21:8257822	encode_blacklist
chr21:8257824	encode_blacklist
chr21:8257827	encode_blacklist
chr21:8257832	encode_blacklist
chr21:8257837	encode_blacklist
chr21:8257843	encode_blacklist
chr21:8257846	encode_blacklist
chr21:8257849	encode_blacklist
chr21:8257851	encode_blacklist
chr21:8257857	encode_blacklist
chr21:8257863	encode_blacklist
chr21:8257871	encode_blacklist
chr21:8257878	encode_blacklist
chr21:8257880	encode_blacklist
chr21:8257889	encode_blacklist
chr21:8257894	encode_blacklist
chr21:8257899	encode_blacklist
chr21:8257903	encode_blacklist
chr21:8257906	encode_blacklist
chr21:8257910	encode_blacklist
chr21:8257915	encode_blacklist
chr21:8257921	encode_blacklist
chr21:8257926	encode_blacklist
chr21:8257940	encode_blacklist
chr21:8257944	encode_blacklist
chr21:8257949	encode_blacklist
chr21:8257954	encode_blacklist
chr21:8257957	encode_blacklist
chr21:8257962	encode_blacklist
chr21:8257965	encode_blacklist
chr21:8257967	encode_blacklist
chr21:8257976	encode_blacklist
chr21:8257979	encode_blacklist
chr21:8257983	encode_blacklist
chr21:8257985	encode_blacklist
chr21:8257987	encode_blacklist
chr21:8257999	encode_blacklist
chr21:8258002	encode_blacklist
chr21:8258015	encode_blacklist
chr21:8258018	encode_blacklist
chr21:8258024	encode_blacklist
chr21:8258031	encode_blacklist
chr21:8258034	encode_blacklist
chr21:8258039	encode_blacklist
chr21:8258042	encode_blacklist
chr21:8258046	encode_blacklist
chr21:8258050	encode_blacklist
chr21:8258054	encode_blacklist
chr21:8258059	encode_blacklist
chr21:8258062	encode_blacklist
chr21:8258064	encode_blacklist
chr21:8258070	encode_blacklist
chr21:8258074	encode_blacklist
chr21:8258078	encode_blacklist
chr21:8258082	encode_blacklist
chr21:8258085	encode_blacklist
chr21:8258089	encode_blacklist
chr21:8258094	encode_blacklist
chr21:8258104	encode_blacklist
chr21:8258109	encode_blacklist
chr21:8258111	encode_blacklist
chr21:8258126	encode_blacklist
chr21:8258131	encode_blacklist
chr21:8258136	encode_blacklist
chr21:8258161	encode_blacklist
chr21:8258938	encode_blacklist
chr21:8258946	encode_blacklist
chr21:8258948	encode_blacklist
chr21:8258950	encode_blacklist
chr21:8258955	encode_blacklist
chr21:8258960	encode_blacklist
chr21:8258963	encode_blacklist
chr21:8258966	encode_blacklist
chr21:8258969	encode_blacklist
chr21:8258972	encode_blacklist
chr21:8258975	encode_blacklist
chr21:8258981	encode_blacklist
chr21:8258984	encode_blacklist
chr21:8258987	encode_blacklist
chr21:8258990	encode_blacklist
chr21:8258993	encode_blacklist
chr21:8258996	encode_blacklist
chr21:8258999	encode_blacklist
chr21:8259005	encode_blacklist
chr21:8259017	encode_blacklist
chr21:8259035	encode_blacklist
chr21:8259048	encode_blacklist
chr21:8392537	encode_blacklist
chr21:8392541	encode_blacklist
chr21:8392545	encode_blacklist
chr21:8392547	encode_blacklist
chr21:8392552	encode_blacklist
chr21:8392556	encode_blacklist
chr21:8392564	encode_blacklist
chr21:8392568	encode_blacklist
chr21:8392571	encode_blacklist
chr21:8396551	encode_blacklist
chr21:8396553	encode_blacklist
chr21:8396558	encode_blacklist
chr21:8396561	encode_blacklist
chr21:8396563	encode_blacklist
chr21:8396569	encode_blacklist
chr21:8396573	encode_blacklist
chr21:8396576	encode_blacklist
chr21:8396579	encode_blacklist
chr21:8396581	encode_blacklist
chr21:8396583	encode_blacklist
chr21:8396587	encode_blacklist
chr21:8396593	encode_blacklist
chr21:8396598	encode_blacklist
chr21:8396600	encode_blacklist
chr21:8396604	encode_blacklist
chr21:8396606	encode_blacklist
chr21:8396609	encode_blacklist
chr21:8396611	encode_blacklist
chr21:8396614	encode_blacklist
chr21:8396616	encode_blacklist
chr21:8396619	encode_blacklist
chr21:8396627	encode_blacklist
chr21:8396632	encode_blacklist
chr21:8396640	encode_blacklist
chr21:8396642	encode_blacklist
chr21:8396645	encode_blacklist
chr21:8396650	encode_blacklist
chr21:8396655	encode_blacklist
chr21:8396661	encode_blacklist
chr21:8396664	encode_blacklist
chr21:8396667	encode_blacklist
chr21:8396669	encode_blacklist
chr21:8396675	encode_blacklist
chr21:8399846	encode_blacklist
chr21:8399848	encode_blacklist
chr21:8399850	encode_blacklist
chr21:8399853	encode_blacklist
chr21:8399868	encode_blacklist
chr21:8399871	encode_blacklist
chr21:8399874	encode_blacklist
chr21:8399885	encode_blacklist
chr21:8399889	encode_blacklist
chr21:8399903	encode_blacklist
chr21:8399905	encode_blacklist
chr21:8399916	encode_blacklist
chr21:8399926	encode_blacklist
chr21:8399928	encode_blacklist
chr21:8399930	encode_blacklist
chr21:8399932	encode_blacklist
chr21:8399935	encode_blacklist
chr21:8399939	encode_blacklist
chr21:8399950	encode_blacklist
chr21:8399955	encode_blacklist
chr21:8399957	encode_blacklist
chr21:8399981	encode_blacklist
chr21:8400046	encode_blacklist
chr21:8400051	encode_blacklist
chr21:8400061	encode_blacklist
chr21:8400064	encode_blacklist
chr21:8400067	encode_blacklist
chr21:8400072	encode_blacklist
chr21:8400075	encode_blacklist
chr21:8400077	encode_blacklist
chr21:8400085	encode_blacklist
chr21:8400088	encode_blacklist
chr21:8400091	encode_blacklist
chr21:8400099	encode_blacklist
chr21:8400107	encode_blacklist
chr21:8400109	encode_blacklist
chr21:8400120	encode_blacklist
chr21:8400128	encode_blacklist
chr21:8400136	encode_blacklist
chr21:8400139	encode_blacklist
chr21:8400142	encode_blacklist
chr21:8400145	encode_blacklist
chr21:8400148	encode_blacklist
chr21:8400158	encode_blacklist
chr21:8400160	encode_blacklist
chr21:8400165	encode_blacklist
chr21:8400176	encode_blacklist
chr21:8400183	encode_blacklist
chr21:8400323	encode_blacklist
chr21:8400328	encode_blacklist
chr21:8400333	encode_blacklist
chr21:8400338	encode_blacklist
chr21:8400346	encode_blacklist
chr21:8400359	encode_blacklist
chr21:8400365	encode_blacklist
chr21:8400369	encode_blacklist
chr21:8400376	encode_blacklist
chr21:8400393	encode_blacklist
chr21:8400396	encode_blacklist
chr21:8400398	encode_blacklist
chr21:8400400	encode_blacklist
chr21:8400403	encode_blacklist
chr21:8400406	encode_blacklist
chr21:8400409	encode_blacklist
chr21:8400412	encode_blacklist
chr21:8400419	encode_blacklist
chr21:8400422	encode_blacklist
chr21:8400431	encode_blacklist
chr21:8400433	encode_blacklist
chr21:8400438	encode_blacklist
chr21:8400448	encode_blacklist
chr21:8400451	encode_blacklist
chr21:8400457	encode_blacklist
chr21:8400463	encode_blacklist
chr21:8400469	encode_blacklist
chr21:8400471	encode_blacklist
chr21:8400477	encode_blacklist
chr21:8400479	encode_blacklist
chr21:8400481	encode_blacklist
chr21:8400484	encode_blacklist
chr21:8400489	encode_blacklist
chr21:8400494	encode_blacklist
chr21:8400498	encode_blacklist
chr21:8400501	encode_blacklist
chr21:8400512	encode_blacklist
chr21:8400528	encode_blacklist
chr21:8400543	encode_blacklist
chr21:8401659	encode_blacklist
chr21:8401669	encode_blacklist
chr21:8401677	encode_blacklist
chr21:8401685	encode_blacklist
chr21:8401695	encode_blacklist
chr21:8401698	encode_blacklist
chr21:8401701	encode_blacklist
chr21:8401706	encode_blacklist
chr21:8401721	encode_blacklist
chr21:8401723	encode_blacklist
chr21:8401728	encode_blacklist
chr21:8401730	encode_blacklist
chr21:8401732	encode_blacklist
chr21:8401734	encode_blacklist
chr21:8401736	encode_blacklist
chr21:8401744	encode_blacklist
chr21:8401746	encode_blacklist
chr21:8401753	encode_blacklist
chr21:8401756	encode_blacklist
chr21:8401758	encode_blacklist
chr21:8401760	encode_blacklist
chr21:8401763	encode_blacklist
chr21:8401769	encode_blacklist
chr21:8401776	encode_blacklist
chr21:8401781	encode_blacklist
chr21:8401793	encode_blacklist
chr21:8401805	encode_blacklist
chr21:8401810	encode_blacklist
chr21:8401812	encode_blacklist
chr21:8401816	encode_blacklist
chr21:8401824	encode_blacklist
chr21:8401828	encode_blacklist
chr21:8401836	encode_blacklist
chr21:8401840	encode_blacklist
chr21:8401845	encode_blacklist
chr21:8401850	encode_blacklist
chr21:8401854	encode_blacklist
chr21:8401858	encode_blacklist
chr21:8401872	encode_blacklist
chr21:8401884	encode_blacklist
chr21:8401890	encode_blacklist
chr21:8401906	encode_blacklist
chr21:8401914	encode_blacklist
chr21:8401918	encode_blacklist
chr21:8401937	encode_blacklist
chr21:8401942	encode_blacklist
chr21:8401964	encode_blacklist
chr21:8401981	encode_blacklist
chr21:8401983	encode_blacklist
chr21:8401985	encode_blacklist
chr21:8401987	encode_blacklist
chr21:8401989	encode_blacklist
chr21:8401991	encode_blacklist
chr21:8401993	encode_blacklist
chr21:8401995	encode_blacklist
chr21:8401997	encode_blacklist
chr21:8402001	encode_blacklist
chr21:8402005	encode_blacklist
chr21:8402014	encode_blacklist
chr21:8402017	encode_blacklist
chr21:8402022	encode_blacklist
chr21:8402026	encode_blacklist
chr21:8402028	encode_blacklist
chr21:8402032	encode_blacklist
chr21:8402035	encode_blacklist
chr21:8402038	encode_blacklist
chr21:8402042	encode_blacklist
chr21:8402054	encode_blacklist
chr21:8402861	encode_blacklist
chr21:8402863	encode_blacklist
chr21:8402871	encode_blacklist
chr21:8402875	encode_blacklist
chr21:8402877	encode_blacklist
chr21:8402906	encode_blacklist
chr21:8403028	encode_blacklist
chr21:8403034	encode_blacklist
chr21:8403042	encode_blacklist
chr21:8403058	encode_blacklist
chr21:8403112	encode_blacklist
chr21:8403118	encode_blacklist
chr21:8403252	encode_blacklist
chr21:8403270	encode_blacklist
chr21:8403495	encode_blacklist
chr21:8403508	encode_blacklist
chr21:8403510	encode_blacklist
chr21:8403516	encode_blacklist
chr21:8403526	encode_blacklist
chr21:8403532	encode_blacklist
chr21:8403537	encode_blacklist
chr21:8403539	encode_blacklist
chr21:8403556	encode_blacklist
chr21:8403558	encode_blacklist
chr21:8433809	encode_blacklist
chr21:8433818	encode_blacklist
chr21:8433825	encode_blacklist
chr21:8433830	encode_blacklist
chr21:8433836	encode_blacklist
chr21:8433839	encode_blacklist
chr21:8433844	encode_blacklist
chr21:8433848	encode_blacklist
chr21:8433851	encode_blacklist
chr21:8433860	encode_blacklist
chr21:8433863	encode_blacklist
chr21:8433865	encode_blacklist
chr21:8433870	encode_blacklist
chr21:8433875	encode_blacklist
chr21:8433878	encode_blacklist
chr21:8433891	encode_blacklist
chr21:8433893	encode_blacklist
chr21:8433907	encode_blacklist
chr21:8433913	encode_blacklist
chr21:8433929	encode_blacklist
chr21:8433936	encode_blacklist
chr21:8433940	encode_blacklist
chr21:8433951	encode_blacklist
chr21:8433953	encode_blacklist
chr21:8433956	encode_blacklist
chr21:8433968	encode_blacklist
chr21:8433973	encode_blacklist
chr21:8433976	encode_blacklist
chr21:8434056	encode_blacklist
chr21:8434076	encode_blacklist
chr21:8434082	encode_blacklist
chr21:8434086	encode_blacklist
chr21:8434097	encode_blacklist
chr21:8434103	encode_blacklist
chr21:8434109	encode_blacklist
chr21:8434112	encode_blacklist
chr21:8434124	encode_blacklist
chr21:8434128	encode_blacklist
chr21:8434131	encode_blacklist
chr21:8434134	encode_blacklist
chr21:8434136	encode_blacklist
chr21:8434143	encode_blacklist
chr21:8434145	encode_blacklist
chr21:8434147	encode_blacklist
chr21:8434166	encode_blacklist
chr21:8434169	encode_blacklist
chr21:8434181	encode_blacklist
chr21:8434186	encode_blacklist
chr21:8434200	encode_blacklist
chr21:8434205	encode_blacklist
chr21:8434210	encode_blacklist
chr21:8434212	encode_blacklist
chr21:8434223	encode_blacklist
chr21:8434225	encode_blacklist
chr21:8434235	encode_blacklist
chr21:8434239	encode_blacklist
chr21:8434249	encode_blacklist
chr21:8434256	encode_blacklist
chr21:8434260	encode_blacklist
chr21:8434265	encode_blacklist
chr21:8434802	encode_blacklist
chr21:8434805	encode_blacklist
chr21:8434812	encode_blacklist
chr21:8434814	encode_blacklist
chr21:8434824	encode_blacklist
chr21:8434830	encode_blacklist
chr21:8434835	encode_blacklist
chr21:8434838	encode_blacklist
chr21:8434852	encode_blacklist
chr21:8434854	encode_blacklist
chr21:8434867	encode_blacklist
chr21:8434872	encode_blacklist
chr21:8434885	encode_blacklist
chr21:8434888	encode_blacklist
chr21:8434893	encode_blacklist
chr21:8434899	encode_blacklist
chr21:8434902	encode_blacklist
chr21:8434911	encode_blacklist
chr21:8434921	encode_blacklist
chr21:8434923	encode_blacklist
chr21:8434926	encode_blacklist
chr21:8434930	encode_blacklist
chr21:8434933	encode_blacklist
chr21:8434937	encode_blacklist
chr21:8434948	encode_blacklist
chr21:8434950	encode_blacklist
chr21:8434954	encode_blacklist
chr21:8434957	encode_blacklist
chr21:8434966	encode_blacklist
chr21:8434969	encode_blacklist
chr21:8434971	encode_blacklist
chr21:8434983	encode_blacklist
chr21:8434986	encode_blacklist
chr21:8434988	encode_blacklist
chr21:8434993	encode_blacklist
chr21:8435001	encode_blacklist
chr21:8435005	encode_blacklist
chr21:8435011	encode_blacklist
chr21:8435016	encode_blacklist
chr21:8435021	encode_blacklist
chr21:8435027	encode_blacklist
chr21:8435033	encode_blacklist
chr21:8435036	encode_blacklist
chr21:8435040	encode_blacklist
chr21:8435042	encode_blacklist
chr21:8435048	encode_blacklist
chr21:8435055	encode_blacklist
chr21:8435061	encode_blacklist
chr21:8435067	encode_blacklist
chr21:8435085	encode_blacklist
chr21:8435092	encode_blacklist
chr21:8435101	encode_blacklist
chr21:8435103	encode_blacklist
chr21:8435106	encode_blacklist
chr21:8435114	encode_blacklist
chr21:8435119	encode_blacklist
chr21:8435125	encode_blacklist
chr21:8435130	encode_blacklist
chr21:8435141	encode_blacklist
chr21:8435150	encode_blacklist
chr21:8435154	encode_blacklist
chr21:8435157	encode_blacklist
chr21:8435165	encode_blacklist
chr21:8435169	encode_blacklist
chr21:8435174	encode_blacklist
chr21:8435180	encode_blacklist
chr21:8435188	encode_blacklist
chr21:8435192	encode_blacklist
chr21:8435197	encode_blacklist
chr21:8435206	encode_blacklist
chr21:8435212	encode_blacklist
chr21:8435220	encode_blacklist
chr21:8435227	encode_blacklist
chr21:8435229	encode_blacklist
chr21:8435234	encode_blacklist
chr21:8435241	encode_blacklist
chr21:8435251	encode_blacklist
chr21:8435258	encode_blacklist
chr21:8435262	encode_blacklist
chr21:8435265	encode_blacklist
chr21:8435274	encode_blacklist
chr21:8435279	encode_blacklist
chr21:8435282	encode_blacklist
chr21:8435284	encode_blacklist
chr21:8435290	encode_blacklist
chr21:8435296	encode_blacklist
chr21:8435307	encode_blacklist
chr21:8435318	encode_blacklist
chr21:8435320	encode_blacklist
chr21:8435324	encode_blacklist
chr21:8435342	encode_blacklist
chr21:8435346	encode_blacklist
chr21:8435365	encode_blacklist
chr21:8435370	encode_blacklist
chr21:8435373	encode_blacklist
chr21:8435381	encode_blacklist
chr21:8435389	encode_blacklist
chr21:8436200	encode_blacklist
chr21:8436205	encode_blacklist
chr21:8436213	encode_blacklist
chr21:8436219	encode_blacklist
chr21:8436223	encode_blacklist
chr21:8436225	encode_blacklist
chr21:8436233	encode_blacklist
chr21:8436238	encode_blacklist
chr21:8436242	encode_blacklist
chr21:8436248	encode_blacklist
chr21:8436252	encode_blacklist
chr21:8436254	encode_blacklist
chr21:8436257	encode_blacklist
chr21:8436261	encode_blacklist
chr21:8436267	encode_blacklist
chr21:8436271	encode_blacklist
chr21:8436286	encode_blacklist
chr21:8436289	encode_blacklist
chr21:8436296	encode_blacklist
chr21:8436311	encode_blacklist
chr21:8436315	encode_blacklist
chr21:8436317	encode_blacklist
chr21:8436321	encode_blacklist
chr21:8436324	encode_blacklist
chr21:8436327	encode_blacklist
chr21:8436334	encode_blacklist
chr21:8436340	encode_blacklist
chr21:8436347	encode_blacklist
chr21:8436351	encode_blacklist
chr21:8436358	encode_blacklist
chr21:8436366	encode_blacklist
chr21:8436370	encode_blacklist
chr21:8436375	encode_blacklist
chr21:8436380	encode_blacklist
chr21:8436382	encode_blacklist
chr21:8436386	encode_blacklist
chr21:8436391	encode_blacklist
chr21:8436395	encode_blacklist
chr21:8436399	encode_blacklist
chr21:8436402	encode_blacklist
chr21:8436404	encode_blacklist
chr21:8436414	encode_blacklist
chr21:8436419	encode_blacklist
chr21:8436426	encode_blacklist
chr21:8436428	encode_blacklist
chr21:8436433	encode_blacklist
chr21:8436440	encode_blacklist
chr21:8436444	encode_blacklist
chr21:8436447	encode_blacklist
chr21:8436451	encode_blacklist
chr21:8436455	encode_blacklist
chr21:8438644	encode_blacklist
chr21:8438653	encode_blacklist
chr21:8438658	encode_blacklist
chr21:8438669	encode_blacklist
chr21:8438673	encode_blacklist
chr21:8438703	encode_blacklist
chr21:8438717	encode_blacklist
chr21:8438731	encode_blacklist
chr21:8438746	encode_blacklist
chr21:8438753	encode_blacklist
chr21:8438760	encode_blacklist
chr21:8438767	encode_blacklist
chr21:8438769	encode_blacklist
chr21:8438772	encode_blacklist
chr21:8438775	encode_blacklist
chr21:8438778	encode_blacklist
chr21:8438781	encode_blacklist
chr21:8438784	encode_blacklist
chr21:8438787	encode_blacklist
chr21:8438789	encode_blacklist
chr21:8438791	encode_blacklist
chr21:8438801	encode_blacklist
chr21:8438820	encode_blacklist
chr21:8438822	encode_blacklist
chr21:8438825	encode_blacklist
chr21:8438827	encode_blacklist
chr21:8438830	encode_blacklist
chr21:8438832	encode_blacklist
chr21:8438836	encode_blacklist
chr21:8438838	encode_blacklist
chr21:8438842	encode_blacklist
chr21:8438849	encode_blacklist
chr21:8438851	encode_blacklist
chr21:8438857	encode_blacklist
chr21:8438861	encode_blacklist
chr21:8438865	encode_blacklist
chr21:8438869	encode_blacklist
chr21:8438873	encode_blacklist
chr21:8438877	encode_blacklist
chr21:8438881	encode_blacklist
chr21:8438884	encode_blacklist
chr21:8438888	encode_blacklist
chr21:8438894	encode_blacklist
chr21:8438897	encode_blacklist
chr21:8438901	encode_blacklist
chr21:8438903	encode_blacklist
chr21:8438910	encode_blacklist
chr21:8438969	encode_blacklist
chr21:8438974	encode_blacklist
chr21:8438984	encode_blacklist
chr21:8438986	encode_blacklist
chr21:8438991	encode_blacklist
chr21:8438999	encode_blacklist
chr21:8439002	encode_blacklist
chr21:8439006	encode_blacklist
chr21:8439009	encode_blacklist
chr21:8439016	encode_blacklist
chr21:8439023	encode_blacklist
chr21:8439027	encode_blacklist
chr21:8439029	encode_blacklist
chr21:8439035	encode_blacklist
chr21:8439038	encode_blacklist
chr21:8439041	encode_blacklist
chr21:8440261	encode_blacklist
chr21:8440266	encode_blacklist
chr21:8440274	encode_blacklist
chr21:8440280	encode_blacklist
chr21:8440283	encode_blacklist
chr21:8440289	encode_blacklist
chr21:8440294	encode_blacklist
chr21:8440307	encode_blacklist
chr21:8440320	encode_blacklist
chr21:8440322	encode_blacklist
chr21:8440325	encode_blacklist
chr21:8440327	encode_blacklist
chr21:8440329	encode_blacklist
chr21:8440331	encode_blacklist
chr21:8440336	encode_blacklist
chr21:8440343	encode_blacklist
chr21:8440350	encode_blacklist
chr21:8440353	encode_blacklist
chr21:8440359	encode_blacklist
chr21:8440363	encode_blacklist
chr21:8440377	encode_blacklist
chr21:8440383	encode_blacklist
chr21:8440386	encode_blacklist
chr21:8440389	encode_blacklist
chr21:8440392	encode_blacklist
chr21:8440395	encode_blacklist
chr21:8440398	encode_blacklist
chr21:8440401	encode_blacklist
chr21:8440403	encode_blacklist
chr21:8440405	encode_blacklist
chr21:8440408	encode_blacklist
chr21:8440411	encode_blacklist
chr21:8440414	encode_blacklist
chr21:8440423	encode_blacklist
chr21:8440430	encode_blacklist
chr21:8440434	encode_blacklist
chr21:8440509	encode_blacklist
chr21:8440511	encode_blacklist
chr21:8440516	encode_blacklist
chr21:8440520	encode_blacklist
chr21:8440523	encode_blacklist
chr21:8440525	encode_blacklist
chr21:8440530	encode_blacklist
chr21:8440533	encode_blacklist
chr21:8440537	encode_blacklist
chr21:8440543	encode_blacklist
chr21:8440549	encode_blacklist
chr21:8440554	encode_blacklist
chr21:8440557	encode_blacklist
chr21:8440561	encode_blacklist
chr21:8440565	encode_blacklist
chr21:8440569	encode_blacklist
chr21:8440572	encode_blacklist
chr21:8440578	encode_blacklist
chr21:8440580	encode_blacklist
chr21:8440596	encode_blacklist
chr21:8440599	encode_blacklist
chr21:8440610	encode_blacklist
chr21:8440618	encode_blacklist
chr21:8440622	encode_blacklist
chr21:8440631	encode_blacklist
chr21:8440640	encode_blacklist
chr21:8440642	encode_blacklist
chr21:8441173	encode_blacklist
chr21:8441198	encode_blacklist
chr21:8441234	encode_blacklist
chr21:8441237	encode_blacklist
chr21:8441260	encode_blacklist
chr21:8441263	encode_blacklist
chr21:8441271	encode_blacklist
chr21:8441276	encode_blacklist
chr21:8441278	encode_blacklist
chr21:8441281	encode_blacklist
chr21:8442294	encode_blacklist
chr21:8442296	encode_blacklist
chr21:8442298	encode_blacklist
chr21:8442300	encode_blacklist
chr21:8442305	encode_blacklist
chr21:8442312	encode_blacklist
chr21:8442317	encode_blacklist
chr21:8442333	encode_blacklist
chr21:8442338	encode_blacklist
chr21:8442342	encode_blacklist
chr21:8442347	encode_blacklist
chr21:8442349	encode_blacklist
chr21:8442352	encode_blacklist
chr21:8442355	encode_blacklist
chr21:8442361	encode_blacklist
chr21:8442376	encode_blacklist
chr21:8442384	encode_blacklist
chr21:8442386	encode_blacklist
chr21:8442388	encode_blacklist
chr21:8442390	encode_blacklist
chr21:8442397	encode_blacklist
chr21:8442409	encode_blacklist
chr21:8442412	encode_blacklist
chr21:8442417	encode_blacklist
chr21:8442421	encode_blacklist
chr21:8442425	encode_blacklist
chr21:8442431	encode_blacklist
chr21:8442434	encode_blacklist
chr21:8442437	encode_blacklist
chr21:8442440	encode_blacklist
chr21:8442443	encode_blacklist
chr21:8442455	encode_blacklist
chr21:8442460	encode_blacklist
chr21:8442472	encode_blacklist
chr21:8442491	encode_blacklist
chr21:8442495	encode_blacklist
chr21:8442497	encode_blacklist
chr21:8442502	encode_blacklist
chr21:8442510	encode_blacklist
chr21:8442514	encode_blacklist
chr21:8442521	encode_blacklist
chr21:8442524	encode_blacklist
chr21:8442529	encode_blacklist
chr21:8442547	encode_blacklist
chr21:8442550	encode_blacklist
chr21:8442552	encode_blacklist
chr21:8442556	encode_blacklist
chr21:8443029	encode_blacklist
chr21:8443039	encode_blacklist
chr21:8443043	encode_blacklist
chr21:8443046	encode_blacklist
chr21:8443056	encode_blacklist
chr21:8443060	encode_blacklist
chr21:8443066	encode_blacklist
chr21:8443069	encode_blacklist
chr21:8443116	encode_blacklist
chr21:8443132	encode_blacklist
chr21:8443139	encode_blacklist
chr21:8443168	encode_blacklist
chr21:8443196	encode_blacklist
chr21:8443204	encode_blacklist
chr21:8443207	encode_blacklist
chr21:8443219	encode_blacklist
chr21:8443223	encode_blacklist
chr21:8443226	encode_blacklist
chr21:8443229	encode_blacklist
chr21:8443236	encode_blacklist
chr21:8443246	encode_blacklist
chr21:8443252	encode_blacklist
chr21:8443255	encode_blacklist
chr21:8443261	encode_blacklist
chr21:8443264	encode_blacklist
chr21:8443266	encode_blacklist
chr21:8443268	encode_blacklist
chr21:8443270	encode_blacklist
chr21:8443272	encode_blacklist
chr21:8443274	encode_blacklist
chr21:8443276	encode_blacklist
chr21:8443278	encode_blacklist
chr21:8443289	encode_blacklist
chr21:8443292	encode_blacklist
chr21:8443299	encode_blacklist
chr21:8443302	encode_blacklist
chr21:8443305	encode_blacklist
chr21:8443308	encode_blacklist
chr21:8443311	encode_blacklist
chr21:8443314	encode_blacklist
chr21:8443317	encode_blacklist
chr21:8443339	encode_blacklist
chr21:8443353	encode_blacklist
chr21:8443371	encode_blacklist
chr21:8443377	encode_blacklist
chr21:8443382	encode_blacklist
chr21:8443389	encode_blacklist
chr21:8443395	encode_blacklist
chr21:8443403	encode_blacklist
chr21:8443405	encode_blacklist
chr21:8443409	encode_blacklist
chr21:8443414	encode_blacklist
chr21:8443417	encode_blacklist
chr21:8443419	encode_blacklist
chr21:8443422	encode_blacklist
chr21:8443435	encode_blacklist
chr21:8443440	encode_blacklist
chr21:8443462	encode_blacklist
chr21:8443464	encode_blacklist
chr21:8443470	encode_blacklist
chr21:8443480	encode_blacklist
chr21:8443483	encode_blacklist
chr21:8443522	encode_blacklist
chr21:8443538	encode_blacklist
chr21:8443586	encode_blacklist
chr21:8443603	encode_blacklist
chr21:8443607	encode_blacklist
chr21:8443610	encode_blacklist
chr21:8443615	encode_blacklist
chr21:8443623	encode_blacklist
chr21:8443627	encode_blacklist
chr21:8443637	encode_blacklist
chr21:8443646	encode_blacklist
chr21:8443650	encode_blacklist
chr21:8446818	encode_blacklist
chr21:8446834	encode_blacklist
chr21:8446840	encode_blacklist
chr21:8446845	encode_blacklist
chr21:8446849	encode_blacklist
chr21:8446858	encode_blacklist
chr21:8446864	encode_blacklist
chr21:8446888	encode_blacklist
chr21:8446898	encode_blacklist
chr21:8446901	encode_blacklist
chr21:8446909	encode_blacklist
chr21:8446916	encode_blacklist
chr21:8446921	encode_blacklist
chr21:8447078	encode_blacklist
chr21:8447082	encode_blacklist
chr21:8447084	encode_blacklist
chr21:8447113	encode_blacklist
chr21:8447249	encode_blacklist
chr21:8447265	encode_blacklist
chr21:8447319	encode_blacklist
chr21:8447325	encode_blacklist
chr21:8453321	encode_blacklist
chr21:8453329	encode_blacklist
chr21:8453338	encode_blacklist
chr21:8453343	encode_blacklist
chr21:8453348	encode_blacklist
chr21:8453353	encode_blacklist
chr21:8453363	encode_blacklist
chr21:8453368	encode_blacklist
chr21:8453380	encode_blacklist
chr21:8453382	encode_blacklist
chr21:8453388	encode_blacklist
chr21:8453407	encode_blacklist
chr21:8453456	encode_blacklist
chr21:8453480	encode_blacklist
chr21:8453496	encode_blacklist
chr21:8453521	encode_blacklist
chr21:8453584	encode_blacklist
chr21:8453596	encode_blacklist
chr21:8453600	encode_blacklist
chr21:8453606	encode_blacklist
chr21:8453614	encode_blacklist
chr21:8453631	encode_blacklist
chr21:8453640	encode_blacklist
chr21:8453823	encode_blacklist
chr21:8463116	encode_blacklist
chr21:8463135	encode_blacklist
chr21:8463161	encode_blacklist
chr21:8463185	encode_blacklist
chr21:8463199	encode_blacklist
chr21:8463240	encode_blacklist
chr21:8463251	encode_blacklist
chr21:10325594	encode_blacklist
chr21:10325626	encode_blacklist
chr21:10325636	encode_blacklist
chr21:10325705	encode_blacklist
chr21:10325806	encode_blacklist
chr21:10326018	encode_blacklist
chr21:10326048	encode_blacklist
chr21:10326199	encode_blacklist
chr21:10326289	encode_blacklist
chr22:18888442	encode_blacklist
chr22:18888481	encode_blacklist
chr22:18888510	encode_blacklist
chr22:18888512	encode_blacklist
chr22:18888531	encode_blacklist
chr22:18888566	encode_blacklist
chr22:18888913	encode_blacklist
chr22:18888960	encode_blacklist
chr22:18889072	encode_blacklist
chr22:18889133	encode_blacklist
chr22:18889209	encode_blacklist
chr22:18889222	encode_blacklist
chr22:18889329	encode_blacklist
chr22:18890015	encode_blacklist
chr22:18890089	encode_blacklist
chr22:18890327	encode_blacklist
chr22:18890389	encode_blacklist
chr22:18890530	encode_blacklist
chr22:18890736	encode_blacklist
chr22:18890827	encode_blacklist
chr22:18890861	encode_blacklist
chr22:18891007	encode_blacklist
chr22:18892412	encode_blacklist
chr22:18892444	encode_blacklist
chr22:18892556	encode_blacklist
chr22:18892835	encode_blacklist
chr22:18892985	encode_blacklist
chr22:18893016	encode_blacklist
chr22:21151028	encode_blacklist
chr22:21151035	encode_blacklist
chr22:21151041	encode_blacklist
chr22:21151056	encode_blacklist
chr22:21151063	encode_blacklist
chr22:21151153	encode_blacklist
chr22:21326686	encode_blacklist
chr22:21326787	encode_blacklist
chr22:21326803	encode_blacklist
chr22:21327757	encode_blacklist
chr22:21327782	encode_blacklist
chr22:21327790	encode_blacklist
chr22:21327807	encode_blacklist
chr22:21327815	encode_blacklist
chr22:21327840	encode_blacklist
chr22:21327863	encode_blacklist
chr22:21445219	encode_blacklist
chr22:21445231	encode_blacklist
chr22:21445261	encode_blacklist
chr22:21445282	encode_blacklist
chr22:21445301	encode_blacklist
chr22:21445304	encode_blacklist
chr22:21445316	encode_blacklist
chr22:21445321	encode_blacklist
chr22:21445347	encode_blacklist
chr22:21445367	encode_blacklist
chr22:21445376	encode_blacklist
chr22:21445385	encode_blacklist
chr22:21445395	encode_blacklist
