"id","description","genome_fraction","observed_region_hits","fold_enrichment","p_value","p_adjust","mean_tss_dist","observed_gene_hits","gene_set_size","fold_enrichment_hyper","p_value_hyper","p_adjust_hyper"
"GO:0005524","ATP binding",0.0982693527339379,1397,1.24200850277983,0,0,129270,679,696,1.00994141761998,0.084448907895585,0.999998977793546
"GO:0032559","adenyl ribonucleotide binding",0.101594727923345,1441,1.23919333140234,0,0,128928,702,721,1.0079465337534,0.138730622237233,0.999998977793546
"GO:0030554","adenyl nucleotide binding",0.106492472968321,1505,1.23470681717596,0,0,127869,739,761,1.00529941516439,0.242839905627653,0.999998977793546
"GO:0035639","purine ribonucleoside triphosphate binding",0.124392098526028,1730,1.21506515623911,0,0,130794,839,866,1.00295100315754,0.356618374399516,0.999998977793546
"GO:0032553","ribonucleotide binding",0.128434592136823,1783,1.2128737330022,0,0,130653,872,902,1.00079608014031,0.494593793505961,0.999998977793546
"GO:0032555","purine ribonucleotide binding",0.127979904303043,1774,1.21103889836849,0,0,130801,864,894,1.00048797224051,0.5157288180061,0.999998977793546
"GO:0017076","purine nucleotide binding",0.133002611023856,1839,1.20800246591396,0,0,129823,902,935,0.998689709545305,0.633871347877987,0.999998977793546
"GO:0000166","nucleotide binding",0.143044925327374,1971,1.20381687617217,0,0,126507,972,1006,1.00023934202872,0.528511372607874,0.999998977793546
"GO:1901265","nucleoside phosphate binding",0.144101952789058,1983,1.20226196102753,0,0,126536,980,1014,1.00051537986631,0.508444031151671,0.999998977793546
"GO:1901363","heterocyclic compound binding",0.153209655586141,2087,1.19009757760676,0,0,127649,1040,1076,1.00059128574446,0.500209432094435,0.999998977793546
"GO:0097367","carbohydrate derivative binding",0.164550730123733,2236,1.18718457170507,0,0,134838,1050,1085,1.00183271413868,0.407314144742749,0.999998977793546
"GO:0043167","ion binding",0.428316935572239,5553,1.13268378983389,0,0,133305,2740,2828,1.00301356363672,0.164743275475345,0.999998977793546
"GO:0036094","small molecule binding",0.437250422534276,5667,1.13232014334527,0,0,132491,2827,2919,1.00259921855626,0.196891786099304,0.999998977793546
"GO:0046872","metal ion binding",0.33127561631342,4276,1.12770234711213,0,0,135208,1949,2012,1.00281197408126,0.245141820406461,0.999998977793546
"GO:0097159","organic cyclic compound binding",0.430535697090241,5556,1.1274552921202,0,0,134628,2685,2768,1.00418528373474,0.0864533663427858,0.999998977793546
"GO:0043169","cation binding",0.339775113256895,4377,1.12546304444155,0,0,136482,1992,2056,1.0030021686688,0.225101294836042,0.999998977793546
"GO:0005515","protein binding",0.838215029270253,10098,1.05250987998662,0,0,132046,6454,6655,1.00396032280783,0.00039242851841137,0.486079099057197
"GO:0005488","binding",0.895783290554159,10762,1.04963013062191,0,0,133314,7218,7451,1.00285458081798,0.000701919276616891,0.486079099057197
"GO:0003674","molecular_function",0.943275479065875,11055,1.02392102418975,0,0,134165,7791,8052,1.00167096767465,0.00458476314226219,0.999998977793546
"GO:0098772","molecular function regulator activity",0.178067067562318,2381,1.16821303308563,1.11022302462516e-16,7.68829444552921e-15,129702,985,1016,1.00364048314385,0.290993842057726,0.999998977793546
"GO:0060090","molecular adaptor activity",0.112310219297226,1562,1.21508878577336,9.99200722162641e-16,6.58996666759646e-14,144852,602,631,0.987649345549714,0.961689235410797,0.999998977793546
"GO:0003676","nucleic acid binding",0.311792773916768,3955,1.10822182930343,6.21724893790088e-15,3.91404080863305e-13,136893,1736,1782,1.00850410295711,0.0169412955281961,0.999998977793546
"GO:0043168","anion binding",0.171913728849766,2280,1.15869876762314,1.7874590696465e-14,1.07636122237409e-12,128034,1122,1161,1.00045206612609,0.507449189330389,0.999998977793546
"GO:0030234","enzyme regulator activity",0.114055476785795,1563,1.1972617064058,9.05941988094128e-14,5.22804022295986e-12,125564,602,624,0.998728745259406,0.624743130481584,0.999998977793546
"GO:0140110","transcription regulator activity",0.198166749125877,2581,1.13789837710296,2.87880830285303e-13,1.59485979978058e-11,137254,948,977,1.00449879915072,0.245158177139312,0.999998977793546
"GO:0003712","transcription coregulator activity",0.0470222263544064,690,1.28201220985279,6.83983980565017e-11,3.64353005031750e-09,130213,258,271,0.98556679553274,0.921308291929371,0.999998977793546
"GO:0030674","protein-macromolecule adaptor activity",0.0982253006994091,1333,1.18564054093298,9.0635055016719e-11,4.64924263696873e-09,134856,525,553,0.982810573996808,0.987023878522245,0.999998977793546
"GO:0003723","RNA binding",0.109481038255539,1469,1.17227403788213,1.48530299171057e-10,7.34694515542549e-09,117723,711,726,1.01383814748993,0.0193930648317702,0.999998977793546
"GO:0008134","transcription factor binding",0.0718662456266181,1002,1.21811705134177,1.67464264677619e-10,7.99786229581044e-09,123520,309,313,1.02199739816128,0.0162442409156791,0.999998977793546
"GO:0045296","cadherin binding",0.0306354229272024,472,1.34605986997639,2.15156892302559e-10,9.93307652796815e-09,158334,167,173,0.999323306569548,0.625040094553223,0.999998977793546
"GO:0019899","enzyme binding",0.180181454536197,2323,1.12638116504543,2.31641594794496e-10,1.03491486706573e-08,123855,964,994,1.0039828581261,0.272993253081925,0.999998977793546
"GO:0050839","cell adhesion molecule binding",0.0519856067171605,748,1.25708527527513,2.98446378721451e-10,1.29171323290378e-08,157498,289,298,1.00396188881079,0.435627137568141,0.999998977793546
"GO:0140297","DNA-binding transcription factor binding",0.0611630401216633,864,1.23415849505494,3.44295925103211e-10,1.44499956444832e-08,132066,255,259,1.01923907403684,0.0559292577250153,0.999998977793546
"GO:0030695","GTPase regulator activity",0.0533484526999581,761,1.24626123756929,8.66731131310416e-10,3.42977890532836e-08,134613,244,254,0.994470164008529,0.752416332461521,0.999998977793546
"GO:0060589","nucleoside-triphosphatase regulator activity",0.0533484526999581,761,1.24626123756929,8.66731131310416e-10,3.42977890532836e-08,134613,244,254,0.994470164008529,0.752416332461521,0.999998977793546
"GO:0019901","protein kinase binding",0.0621922860238833,867,1.21794824871842,3.21581405948734e-09,1.23719513121944e-07,133230,342,353,1.0029679353445,0.455861274707635,0.999998977793546
"GO:0061629","RNA polymerase II-specific DNA-binding transcription factor binding",0.0411268908893088,597,1.26822032943688,6.03226868456375e-09,2.22419695731399e-07,137957,184,187,1.01861921594421,0.114696967029661,0.999998977793546
"GO:0019900","kinase binding",0.0697086920862402,958,1.20067324488215,6.10248984678208e-09,2.22419695731399e-07,132040,378,390,1.00337399523736,0.428163072685489,0.999998977793546
"GO:0042802","identical protein binding",0.177041142165213,2250,1.11033639063292,3.51190454495054e-08,1.24717635762987e-06,130027,1013,1041,1.00738241185069,0.10096701406096,0.999998977793546
"GO:0003677","DNA binding",0.229338876363206,2868,1.09256610981258,4.71159095072338e-08,1.63138836668797e-06,144658,1126,1156,1.00836138176831,0.0581562668955242,0.999998977793546
"GO:0003713","transcription coactivator activity",0.0231978235195805,354,1.33322141301063,9.32190473701411e-08,3.1489848928694e-06,124559,139,143,1.00626973548335,0.460339195714313,0.999998977793546
"GO:0019904","protein domain specific binding",0.0598485628300444,818,1.1941141265346,1.88914704102316e-07,6.22968726623115e-06,140146,300,310,1.00183271413868,0.512376565132618,0.999998977793546
"GO:0005085","guanyl-nucleotide exchange factor activity",0.0279804577205618,413,1.28955982733222,2.61147232949455e-07,8.41137017755802e-06,124969,118,124,0.98513550223637,0.870299154233998,0.999998977793546
"GO:0016301","kinase activity",0.0552275265446713,758,1.1991123363753,3.04685604413102e-07,9.59067186618514e-06,125343,356,363,1.01526408018682,0.0676555253600911,0.999998977793546
"GO:0140993","histone modifying activity",0.0381468482318864,539,1.23445812394576,7.59462875254968e-07,2.33745796050696e-05,160374,208,218,0.98773965455141,0.875667883272756,0.999998977793546
"GO:0000976","transcription cis-regulatory region binding",0.159701575136943,2017,1.10342534962578,1.0177126279487e-06,2.99900423342329e-05,138924,712,729,1.01108603870457,0.0540563077275907,0.999998977793546
"GO:0001067","transcription regulatory region nucleic acid binding",0.159701575136943,2017,1.10342534962578,1.0177126279487e-06,2.99900423342329e-05,138924,712,729,1.01108603870457,0.0540563077275907,0.999998977793546
"GO:0016773","phosphotransferase activity, alcohol group as acceptor",0.052726522091874,720,1.19302523275995,1.1718025124674e-06,3.38113849951531e-05,126877,338,344,1.0171708506536,0.0478180852690397,0.999998977793546
"GO:0003700","DNA-binding transcription factor activity",0.157249935526859,1986,1.10340520054127,1.26869763406035e-06,3.58601270035424e-05,139162,698,715,1.01061334585234,0.0655829787334999,0.999998977793546
"GO:0019208","phosphatase regulator activity",0.00990971546591667,166,1.46350146511759,1.9816864161859e-06,5.48927137283495e-05,150921,52,53,1.01569455043494,0.456951821291369,0.999998977793546
"GO:0019888","protein phosphatase regulator activity",0.00977921961488782,163,1.45622895967491,3.18176346103538e-06,8.64067135987059e-05,152567,50,51,1.01492856661108,0.477779379616044,0.999998977793546
"GO:0043565","sequence-specific DNA binding",0.175165610192623,2190,1.09229897714461,3.5905013036075e-06,9.56316212595458e-05,140167,787,805,1.0120792019396,0.0296385770088231,0.999998977793546
"GO:0003725","double-stranded RNA binding",0.00417708475146573,82,1.71508964079256,4.18601793139572e-06,0.000108546183108094,152171,29,29,1.0352271379433,0.365807797677137,0.999998977793546
"GO:0016746","acyltransferase activity",0.0543226889007689,733,1.17887830188473,4.23212555078489e-06,0.000108546183108094,123032,309,325,0.984262109613788,0.94848881460351,0.999998977793546
"GO:0003690","double-stranded DNA binding",0.174460888323665,2180,1.09170342428925,4.32213249212943e-06,0.000108839154574532,138251,786,806,1.00953911963206,0.0744974280471036,0.999998977793546
"GO:0071889","14-3-3 protein binding",0.00621842061281029,112,1.57356318681044,4.40585173533403e-06,0.000108966154525672,187015,24,24,1.0352271379433,0.435170820341084,0.999998977793546
"GO:1990837","sequence-specific double-stranded DNA binding",0.166655155582267,2087,1.09408220430975,4.54924883086516e-06,0.000110538765451724,139431,744,762,1.01077295358244,0.0548722804361068,0.999998977793546
"GO:0004674","protein serine/threonine kinase activity",0.0316671038665068,448,1.23599275736368,5.65582626255168e-06,0.000134856905714065,128503,213,217,1.01614461005495,0.133043103711471,0.999998977793546
"GO:0005112","Notch binding",0.00591094183913924,107,1.5815151260854,5.74480681381218e-06,0.000134856905714065,109292,18,18,1.0352271379433,0.535907429923871,0.999998977793546
"GO:0001221","transcription coregulator binding",0.0148065750428622,229,1.35122331014014,6.78888760918817e-06,0.000156710155645427,100180,68,69,1.02022384608905,0.313530696815547,0.999998977793546
"GO:0016788","hydrolase activity, acting on ester bonds",0.0565391260651904,757,1.1697499806642,7.73554331789938e-06,0.000175634876971978,140245,334,347,0.996443412314305,0.706469177448612,0.999998977793546
"GO:0001217","DNA-binding transcription repressor activity",0.0408628000491435,562,1.20158487069956,8.38668751179661e-06,0.000187347777481263,153235,159,161,1.0223671734968,0.0840107749569963,0.999998977793546
"GO:0140678","molecular function inhibitor activity",0.0412852789833056,567,1.1998697201953,8.87540820948551e-06,0.000195118101113293,114491,217,225,0.998419061927543,0.641942156268718,0.999998977793546
"GO:0004672","protein kinase activity",0.046243567904883,627,1.18457473254436,1.24707072790553e-05,0.000269873899710806,130970,290,294,1.02114241497809,0.0254407448471162,0.999998977793546
"GO:0001227","DNA-binding transcription repressor activity, RNA polymerase II-specific",0.0397860709237756,546,1.19896870826841,1.39323375520917e-05,0.000296865961686876,155599,151,153,1.02169475705516,0.102176995731181,0.999998977793546
"GO:0003714","transcription corepressor activity",0.0208773438615482,306,1.28053791114842,1.44221193107974e-05,0.000302645988567491,111358,101,107,0.977177018058633,0.927985272580246,0.999998977793546
"GO:0016817","hydrolase activity, acting on acid anhydrides",0.0556710353445633,741,1.16288071471859,1.92546542727712e-05,0.000389973925451377,129351,360,374,0.996475319945427,0.707880026677217,0.999998977793546
"GO:0016818","hydrolase activity, acting on acid anhydrides, in phosphorus-containing anhydrides",0.0556710353445633,741,1.16288071471859,1.92546542727712e-05,0.000389973925451377,129351,360,374,0.996475319945427,0.707880026677217,0.999998977793546
"GO:0001216","DNA-binding transcription activator activity",0.0586882676592763,778,1.15817601050135,1.94283038672527e-05,0.000389973925451377,126584,258,263,1.0155460136478,0.110913772783997,0.999998977793546
"GO:0016772","transferase activity, transferring phosphorus-containing groups",0.0653468765668633,859,1.14845660058956,2.1029590450361e-05,0.000416085468196429,124077,413,426,1.00363569946147,0.406491037102656,0.999998977793546
"GO:0000981","DNA-binding transcription factor activity, RNA polymerase II-specific",0.152914462681396,1910,1.09126710140518,2.16452458512428e-05,0.000422234725408047,139844,666,682,1.01094028426722,0.0646985537455275,0.999998977793546
"GO:0016810","hydrolase activity, acting on carbon-nitrogen (but not peptide) bonds",0.0120087174327625,188,1.36775238823322,2.22072572786391e-05,0.000427181268484934,159636,60,62,1.00183271413868,0.646431267031101,0.999998977793546
"GO:0106310","protein serine kinase activity",0.0278453131623716,393,1.23306707713942,2.48858924710715e-05,0.000472150151677179,128522,184,188,1.01320102862536,0.227549737819263,0.999998977793546
"GO:0016462","pyrophosphatase activity",0.0556500054788334,739,1.16018029618707,2.5773668130169e-05,0.000482385545409244,129687,359,373,0.996371427671974,0.711372845285888,0.999998977793546
"GO:0001228","DNA-binding transcription activator activity, RNA polymerase II-specific",0.0585278872622103,774,1.15537873997014,2.70871116899718e-05,0.000500208662541479,127073,256,261,1.01539520043481,0.115128187979062,0.999998977793546
"GO:0017111","ribonucleoside triphosphate phosphatase activity",0.0508453452605877,679,1.16671513575674,3.00321535144921e-05,0.000547296481810151,130306,328,341,0.995761000719659,0.728038797536994,0.999998977793546
"GO:0051219","phosphoprotein binding",0.00568348723874542,100,1.53720351629785,3.29056187107213e-05,0.000591873791095441,102766,50,50,1.0352271379433,0.176222775259607,0.999998977793546
"GO:0019902","phosphatase binding",0.0128695030421361,198,1.34415599020916,3.59095640554141e-05,0.000637624951496776,145985,84,86,1.01115208822369,0.435154297905289,0.999998977793546
"GO:0140677","molecular function activator activity",0.0979935294423654,1250,1.1144455937486,3.76033438052037e-05,0.000659248495825407,139894,514,526,1.0116097887887,0.0848733690564846,0.999998977793546
"GO:0016791","phosphatase activity",0.0271901775031351,382,1.22743238755259,4.56553456531505e-05,0.000790408171620169,161091,133,139,0.99054107443496,0.805019325570224,0.999998977793546
"GO:0000977","RNA polymerase II transcription regulatory region sequence-specific DNA binding",0.151464508781076,1885,1.08729335100697,5.00030172834176e-05,0.000854989863426338,139788,667,682,1.01245821262197,0.0390784676460731,0.999998977793546
"GO:0035259","nuclear glucocorticoid receptor binding",0.00329626542789689,64,1.69630544808308,5.90513997352771e-05,0.000997392544309253,120244,8,8,1.0352271379433,0.757993890325376,0.999998977793546
"GO:0016922","nuclear receptor binding",0.0113348762613769,175,1.34886201153389,8.21155259691508e-05,0.00137024100562981,125464,63,66,0.988171358945882,0.813516419864805,0.999998977793546
"GO:0008047","enzyme activator activity",0.0533877453438217,704,1.1520659403063,8.39958827201226e-05,0.00138493211389726,137580,289,298,1.00396188881079,0.435627137568141,0.999998977793546
"GO:0000339","RNA cap binding",0.00131768711323033,32,2.12169981307695,9.82891483880532e-05,0.00160153494726416,56786,11,11,1.0352271379433,0.68314262304912,0.999998977793546
"GO:0042974","nuclear retinoic acid receptor binding",0.0039034751299701,72,1.61148897320533,0.000100173453107644,0.00161325851807077,95124,16,16,1.0352271379433,0.57440608333713,0.999998977793546
"GO:0003824","catalytic activity",0.405189838811613,4831,1.04165703229195,0.000125262357941969,0.00199411914654743,128521,2466,2558,0.997994574733459,0.761669581487678,0.999998977793546
"GO:0140947","histone H3K9me2 methyltransferase activity",0.0015329665282016,35,1.99471856862328,0.000153899646988309,0.00240486775358156,144980,4,5,0.828181710354644,0.989219168638288,0.999998977793546
"GO:0001784","phosphotyrosine residue binding",0.0028130212501259,55,1.708189055562,0.000155945986666017,0.00240486775358156,95645,22,22,1.0352271379433,0.46645542622721,0.999998977793546
"GO:0030971","receptor tyrosine kinase binding",0.00680581796769591,112,1.43775190621711,0.000156272994817575,0.00240486775358156,143497,34,36,0.977714519168676,0.877395501625658,0.999998977793546
"GO:0008289","lipid binding",0.081075002462708,1035,1.11532037908736,0.000164353480672563,0.00250142385419231,131374,416,427,1.00855852314851,0.206721748329863,0.999998977793546
"GO:0045309","protein phosphorylated amino acid binding",0.0034343984406908,64,1.62807929837772,0.000178156674768282,0.00265572501112487,103819,29,29,1.0352271379433,0.365807797677137,0.999998977793546
"GO:0140948","histone H3K9 monomethyltransferase activity",0.00160679242526373,36,1.9574423647459,0.000178326661396833,0.00265572501112487,145317,4,5,0.828181710354644,0.989219168638288,0.999998977793546
"GO:0042826","histone deacetylase binding",0.0173066940276288,250,1.2620371854795,0.000189740424381357,0.00278165998496058,154342,58,59,1.0176809152663,0.39832310422679,0.999998977793546
"GO:0140657","ATP-dependent activity",0.0362324663494477,488,1.17670658248273,0.000190799782361917,0.00278165998496058,124683,248,252,1.01879496115055,0.0650366775207323,0.999998977793546
"GO:0016755","aminoacyltransferase activity",0.0405722558515601,541,1.16496899770796,0.000212190867046713,0.00306129532145519,121386,219,229,0.990020712705606,0.84236616781735,0.999998977793546
"GO:0005096","GTPase activator activity",0.0266957542914762,368,1.20434768091062,0.000240087171765602,0.00342804879273565,153392,135,139,1.00543642893774,0.485707983871356,0.999998977793546
"GO:0004860","protein kinase inhibitor activity",0.00417653133394652,74,1.54796891093444,0.000258266722459322,0.00364999398577715,107421,28,30,0.966211995413751,0.919374799876572,0.999998977793546
"GO:0019787","ubiquitin-like protein transferase activity",0.0404339014717586,538,1.16247302946825,0.000264251403400584,0.00369685044151322,121394,216,226,0.98942062741484,0.851865986003324,0.999998977793546
"GO:0016787","hydrolase activity",0.185682092626597,2271,1.06854636361504,0.0002674979984576,0.00370484727863776,132904,1056,1095,0.998356034400118,0.661425151721507,0.999998977793546
"GO:0000340","RNA 7-methylguanosine cap binding",0.00110517478585509,27,2.13441593457809,0.000297805974970755,0.00408377500331184,59539,8,8,1.0352271379433,0.757993890325376,0.999998977793546
"GO:0000987","cis-regulatory region sequence-specific DNA binding",0.135923438006723,1683,1.08177271557902,0.000311658868100251,0.00423183855214556,136245,582,595,1.0126087298874,0.0506583146668504,0.999998977793546
"GO:0042578","phosphoric ester hydrolase activity",0.0359915083615853,482,1.17001990124513,0.000326286389741415,0.00438744320186271,158944,180,188,0.991174919307419,0.808962392409615,0.999998977793546
"GO:0043425","bHLH transcription factor binding",0.00237261158834149,47,1.73068276630145,0.000336890803271372,0.00448647848587357,198261,15,15,1.0352271379433,0.594676830337026,0.999998977793546
"GO:0017166","vinculin binding",0.000359610703980289,13,3.15832632705115,0.000356269419988786,0.00469936330175685,48569,7,7,1.0352271379433,0.78471803389454,0.999998977793546
"GO:0008201","heparin binding",0.0208242157797044,292,1.22506873003617,0.000371916928493699,0.00485948062229974,163129,96,98,1.01410005349548,0.346434035661827,0.999998977793546
"GO:0046965","nuclear retinoid X receptor binding",0.00361304161589061,65,1.57176151649499,0.000397374374075055,0.00514358418779393,98011,10,10,1.0352271379433,0.70723636002164,0.999998977793546
"GO:0019903","protein phosphatase binding",0.010329980730002,156,1.31938440183727,0.000483065839676722,0.00619487211066907,148702,67,68,1.02000320944414,0.321296510865703,0.999998977793546
"GO:0019210","kinase inhibitor activity",0.00471854845225722,80,1.48124816886075,0.000540584714918579,0.00686889752442415,108526,30,32,0.970525441821848,0.90618038224628,0.999998977793546
"GO:0004697","diacylglycerol-dependent serine/threonine kinase activity",0.00140069974111128,31,1.93358337740793,0.00058014261162731,0.00730452288276204,165477,6,6,1.0352271379433,0.812381090994443,0.999998977793546
"GO:0008757","S-adenosylmethionine-dependent methyltransferase activity",0.0129899266943154,190,1.27788908053714,0.000586627274838603,0.00731962860947265,161526,80,83,0.997809289583908,0.687449812073851,0.999998977793546
"GO:0005496","steroid binding",0.00729968776183566,115,1.37638463195608,0.000610757497385483,0.00750499801170454,109570,56,57,1.01706525833026,0.417217485942091,0.999998977793546
"GO:0005261","monoatomic cation channel activity",0.0257113352083119,351,1.19269320344693,0.000612321137417049,0.00750499801170454,145363,167,173,0.999323306569548,0.625040094553223,0.999998977793546
"GO:0140767","enzyme-substrate adaptor activity",0.00828919828617663,128,1.34909862465082,0.000661088922306208,0.008031650503457,126923,54,59,0.947496024558279,0.985349269991917,0.999998977793546
"GO:0001223","transcription coactivator binding",0.00533239916456091,88,1.44180417534037,0.00066785456351659,0.00804329191713458,103274,27,27,1.0352271379433,0.392121786670984,0.999998977793546
"GO:0005126","cytokine receptor binding",0.0147717097391522,212,1.25386665807298,0.000746379734790636,0.00884812644297579,128986,104,105,1.02536783186765,0.122418855477568,0.999998977793546
"GO:0051082","unfolded protein binding",0.00771718593832494,120,1.35852783199309,0.000747459056915645,0.00884812644297579,162610,47,47,1.0352271379433,0.195624305896609,0.999998977793546
"GO:0003743","translation initiation factor activity",0.0018169803990583,37,1.77908926916423,0.000833319427756551,0.0097809102325663,85913,17,18,0.977714519168676,0.876406731132929,0.999998977793546
"GO:1990782","protein tyrosine kinase binding",0.010021727171804,150,1.30766030921505,0.000862596680775818,0.0100026632880397,126791,54,57,0.980741499104183,0.871730641511802,0.999998977793546
"GO:0022836","gated channel activity",0.0258561092313363,351,1.18601505277268,0.000866656746978167,0.0100026632880397,144022,171,176,1.00581727606992,0.443093227988761,0.999998977793546
"GO:0000400","four-way junction DNA binding",0.000890227421395343,22,2.15907620773881,0.000881442214399009,0.0100892352639887,45378,11,11,1.0352271379433,0.68314262304912,0.999998977793546
"GO:0070697","activin receptor binding",0.00107064153265661,25,2.04005642919411,0.000907084647407075,0.0102976412840885,130453,10,10,1.0352271379433,0.70723636002164,0.999998977793546
"GO:0031005","filamin binding",0.00402732997076849,69,1.49684949478594,0.000950401789207245,0.0107016786833499,147777,10,11,0.941115579948459,0.948173729746837,0.999998977793546
"GO:0140664","ATP-dependent DNA damage sensor activity",0.000257339146430955,10,3.39500487562918,0.000961242592357636,0.0107364596001236,54634,8,8,1.0352271379433,0.757993890325376,0.999998977793546
"GO:0004721","phosphoprotein phosphatase activity",0.0169032526561274,238,1.23013544525456,0.000985470400324484,0.0109190120355953,190110,85,89,0.98870007556383,0.814223992549228,0.999998977793546
"GO:0000978","RNA polymerase II cis-regulatory region sequence-specific DNA binding",0.133368752054563,1640,1.07432583353866,0.00104333654711841,0.0114684215695159,137376,570,583,1.01214317088796,0.0608390336139342,0.999998977793546
"GO:0030957","Tat protein binding",0.00305962409668425,55,1.57051061198525,0.00106135540424945,0.0115746238967362,141397,6,6,1.0352271379433,0.812381090994443,0.999998977793546
"GO:0004857","enzyme inhibitor activity",0.0299975538945651,401,1.16789766131443,0.0011029759630794,0.0119296474172487,111098,157,163,0.997120617528214,0.680704109557941,0.999998977793546
"GO:0005216","monoatomic ion channel activity",0.0349573923851963,462,1.15464692848004,0.00111113683525277,0.0119296474172487,149593,224,232,0.999529650428018,0.607804697906345,0.999998977793546
"GO:0032182","ubiquitin-like protein binding",0.00835151309883926,127,1.32857113559441,0.00118093928993179,0.0125815455119656,117328,54,57,0.980741499104183,0.871730641511802,0.999998977793546
"GO:0004725","protein tyrosine phosphatase activity",0.00903697603812825,136,1.31480708620519,0.00119009404913073,0.0125822920461531,221488,44,47,0.969148809989477,0.925168446411121,0.999998977793546
"GO:0061659","ubiquitin-like protein ligase activity",0.0282255109980664,378,1.17002797328221,0.00133997165451127,0.0139581422652406,108492,171,177,1.00013469258929,0.602579003259726,0.999998977793546
"GO:0019213","deacetylase activity",0.00635267970296975,100,1.3752742113142,0.00134038478070542,0.0139581422652406,186709,18,19,0.980741499104183,0.864835227900107,0.999998977793546
"GO:0019212","phosphatase inhibitor activity",0.00577590796445289,92,1.3915980815903,0.00145074725538152,0.0149788811492457,172119,26,26,1.0352271379433,0.405977845045913,0.999998977793546
"GO:0016887","ATP hydrolysis activity",0.0260016580388875,350,1.17601608109316,0.00146003534667738,0.0149788811492457,125310,173,176,1.01758122081927,0.14488730961843,0.999998977793546
"GO:0070696","transmembrane receptor protein serine/threonine kinase binding",0.00195057538819472,38,1.70202962470543,0.00154371787449903,0.0157209504130967,172941,19,19,1.0352271379433,0.517633663369636,0.999998977793546
"GO:0005215","transporter activity",0.0943973117190587,1174,1.08656254127576,0.00163382906860376,0.0165171770804103,124486,583,597,1.01095045464145,0.0818481017917584,0.999998977793546
"GO:0005539","glycosaminoglycan binding",0.027766949241652,371,1.1673255778321,0.00169334653514741,0.0169948184868055,168509,131,133,1.0196598125607,0.163761298237207,0.999998977793546
"GO:0140097","catalytic activity, acting on DNA",0.0159178374214285,223,1.22395952611835,0.00174185500623114,0.017355893407411,140994,102,104,1.01531892375209,0.307197685615554,0.999998977793546
"GO:0070530","K63-linked polyubiquitin modification-dependent protein binding",0.00151293281400633,31,1.79014541232697,0.0018907798628065,0.0187052150713358,124103,9,10,0.931704424148974,0.956641725643139,0.999998977793546
"GO:0140640","catalytic activity, acting on a nucleic acid",0.0347620360009165,456,1.14605615016607,0.00196914104306334,0.0193422719478207,119644,224,232,0.999529650428018,0.607804697906345,0.999998977793546
"GO:0046332","SMAD binding",0.01072323921915,156,1.27099798558112,0.00205705623040431,0.0198312158912751,134811,49,50,1.01452259518444,0.488428479459698,0.999998977793546
"GO:0016504","peptidase activator activity",0.00259918072070457,47,1.57982011576195,0.00207035094980457,0.0198312158912751,87503,24,25,0.993818052425572,0.791546924131439,0.999998977793546
"GO:0019239","deaminase activity",0.00246149044192603,45,1.59720484335043,0.00207505127740215,0.0198312158912751,182688,17,18,0.977714519168676,0.876406731132929,0.999998977793546
"GO:0044183","protein folding chaperone",0.00518419395291745,83,1.39875969485149,0.00207812773930016,0.0198312158912751,208077,24,24,1.0352271379433,0.435170820341084,0.999998977793546
"GO:0005525","GTP binding",0.0282725514871989,376,1.16190093106494,0.00209349891078725,0.0198312158912751,137455,176,186,0.9795697649356,0.947404001544924,0.999998977793546
"GO:0005178","integrin binding",0.0146416566221387,206,1.22920200869538,0.00210482941228696,0.0198312158912751,105148,90,92,1.01272220016193,0.38911376095146,0.999998977793546
"GO:0005509","calcium ion binding",0.0643501716147727,813,1.10379162506277,0.002157885328539,0.0200680835381324,156703,332,343,1.00202743381101,0.496719408465261,0.999998977793546
"GO:0004713","protein tyrosine kinase activity",0.0140230465191698,198,1.23358498322419,0.00217801607626511,0.0200680835381324,144738,83,83,1.0352271379433,0.0557234100337156,0.999998977793546
"GO:0003729","mRNA binding",0.0233565436640888,315,1.1782792687879,0.00218526150980991,0.0200680835381324,123211,153,159,0.996161962926576,0.702568013535676,0.999998977793546
"GO:0051015","actin filament binding",0.020944418064876,285,1.18883838845931,0.00218792824134151,0.0200680835381324,106489,110,114,0.998903378717224,0.653051505144772,0.999998977793546
"GO:0004864","protein phosphatase inhibitor activity",0.00564541211342403,89,1.37733826858067,0.00225640022769147,0.0205599626010045,175848,24,24,1.0352271379433,0.435170820341084,0.999998977793546
"GO:0010484","histone H3 acetyltransferase activity",0.00153274516119392,31,1.7670058955154,0.00228770689459012,0.0207089807124662,287312,7,8,0.905823745700391,0.971787038878688,0.999998977793546
"GO:0046914","transition metal ion binding",0.0915785349267331,1137,1.08470847082548,0.00232221908279229,0.0208848924004371,138984,479,492,1.00787357535537,0.206300481189382,0.999998977793546
"GO:0050840","extracellular matrix binding",0.00953250608482562,140,1.2831197889291,0.00241859206023332,0.0214915408459025,119907,36,36,1.0352271379433,0.286819916005668,0.999998977793546
"GO:0019001","guanyl nucleotide binding",0.0308712894738881,407,1.15182340092358,0.00244180502482005,0.0214915408459025,136032,189,200,0.978289645356423,0.959721388723569,0.999998977793546
"GO:0032561","guanyl ribonucleotide binding",0.0308712894738881,407,1.15182340092358,0.00244180502482005,0.0214915408459025,136032,189,200,0.978289645356423,0.959721388723569,0.999998977793546
"GO:1901681","sulfur compound binding",0.0292436885499022,387,1.15617899094253,0.00245174256581415,0.0214915408459025,158132,140,144,1.00647082855599,0.45409195633535,0.999998977793546
"GO:0008170","N-methyltransferase activity",0.00962027810337175,141,1.28049457914233,0.00251179650409095,0.021879485271484,184697,54,56,0.998254740159615,0.702798790365486,0.999998977793546
"GO:0030547","signaling receptor inhibitor activity",0.00361824374057115,61,1.47291699751027,0.00253232640701562,0.0219204504607289,104759,13,13,1.0352271379433,0.63738188522569,0.999998977793546
"GO:0001664","G protein-coupled receptor binding",0.0222304496960078,300,1.17901482260196,0.00264235095152054,0.0227307830301612,129182,122,125,1.01038168663267,0.379971824756245,0.999998977793546
"GO:0019865","immunoglobulin binding",0.00122858689263811,26,1.84890130388995,0.00274487503582832,0.0232449654302504,47146,6,7,0.887337546808547,0.978359433593858,0.999998977793546
"GO:0015075","monoatomic ion transmembrane transporter activity",0.0597682066062556,756,1.1050904587278,0.0027453818233113,0.0232449654302504,132449,370,382,1.00270691371472,0.458901319128274,0.999998977793546
"GO:0016247","channel regulator activity",0.0143399333906674,201,1.22460261311799,0.00275247244083832,0.0232449654302504,152806,80,83,0.997809289583908,0.687449812073851,0.999998977793546
"GO:0050660","flavin adenine dinucleotide binding",0.00377895618814867,63,1.45651496443613,0.00279071643436501,0.0234251046157306,68443,39,40,1.00934645949472,0.602883987246119,0.999998977793546
"GO:0140096","catalytic activity, acting on a protein",0.199331028902783,2401,1.05235800747104,0.00282164722157097,0.023542056637806,138439,1067,1108,0.996919996557316,0.753169009250247,0.999998977793546
"GO:0003707","nuclear steroid receptor activity",0.00307013902954918,53,1.50821788088329,0.00291252105144069,0.0240529633301608,144664,15,15,1.0352271379433,0.594676830337026,0.999998977793546
"GO:0042054","histone methyltransferase activity",0.00728430275480173,110,1.31932245934201,0.00292129554596121,0.0240529633301608,191095,40,42,0.985930607565052,0.829229635741119,0.999998977793546
"GO:0005244","voltage-gated monoatomic ion channel activity",0.0133384690479116,188,1.23139708832256,0.00295234928962262,0.0240529633301608,129929,93,96,1.00287628988258,0.586398921143174,0.999998977793546
"GO:0022832","voltage-gated channel activity",0.0133384690479116,188,1.23139708832256,0.00295234928962262,0.0240529633301608,129929,93,96,1.00287628988258,0.586398921143174,0.999998977793546
"GO:0033130","acetylcholine receptor binding",0.00123888045849535,26,1.83353921854538,0.00305574163489875,0.0247497202592676,88520,7,7,1.0352271379433,0.78471803389454,0.999998977793546
"GO:0141108","transporter regulator activity",0.0144590288408006,202,1.22055823127153,0.00308403605905139,0.0248336624522452,152065,81,84,0.998254740159615,0.679693478332847,0.999998977793546
"GO:0046974","histone H3K9 methyltransferase activity",0.00251738561136587,45,1.56174105308083,0.00310612217600592,0.0248669318714925,146188,9,10,0.931704424148974,0.956641725643139,0.999998977793546
"GO:0008324","monoatomic cation transmembrane transporter activity",0.0497230145316372,634,1.11398172384252,0.00319531128152595,0.025433943246629,127591,308,318,1.00267282542936,0.477889370803291,0.999998977793546
"GO:0033612","receptor serine/threonine kinase binding",0.00323240104618048,55,1.486564335266,0.00329677369786441,0.0260916089802412,154265,24,24,1.0352271379433,0.435170820341084,0.999998977793546
"GO:0001098","basal transcription machinery binding",0.00581741427839336,90,1.3516329652874,0.0035260643622812,0.0275909556031608,146775,31,32,1.00287628988258,0.702519665139935,0.999998977793546
"GO:0001099","basal RNA polymerase II transcription machinery binding",0.00581741427839336,90,1.3516329652874,0.0035260643622812,0.0275909556031608,146775,31,32,1.00287628988258,0.702519665139935,0.999998977793546
"GO:0140693","molecular condensate scaffold activity",0.00296100509476168,51,1.50479479339014,0.00358646588648237,0.0279059283863937,102806,19,22,0.894059800951036,0.994082090839855,0.999998977793546
"GO:0031683","G-protein beta/gamma-subunit complex binding",0.00178355398089824,34,1.66547806515134,0.00362645074193724,0.0280594093719725,57788,13,13,1.0352271379433,0.63738188522569,0.999998977793546
"GO:0004407","histone deacetylase activity",0.00428411569968024,69,1.40712979169331,0.00403173029838699,0.0307162234214072,217660,8,9,0.920201900394048,0.964529840258071,0.999998977793546
"GO:0033558","protein lysine deacetylase activity",0.00428411569968024,69,1.40712979169331,0.00403173029838699,0.0307162234214072,217660,8,9,0.920201900394048,0.964529840258071,0.999998977793546
"GO:0031432","titin binding",0.000948668311423534,21,1.93397635109783,0.00403635571313798,0.0307162234214072,119707,7,7,1.0352271379433,0.78471803389454,0.999998977793546
"GO:0042393","histone binding",0.0198449988212207,268,1.17985863409718,0.00412343123326764,0.0312073893883917,183948,101,104,1.00536481665648,0.525590895401664,0.999998977793546
"GO:0030291","protein serine/threonine kinase inhibitor activity",0.00221422349434463,40,1.57828269649345,0.00425605284349606,0.0320360499360981,102180,13,14,0.961282342375926,0.91976071010881,0.999998977793546
"GO:0016410","N-acyltransferase activity",0.0050542515194078,79,1.36557796192009,0.00464235547116798,0.0347549315003657,144391,37,40,0.957585102597557,0.954022443674753,0.999998977793546
"GO:0005543","phospholipid binding",0.0495658439561826,629,1.10870089618102,0.0046933317838358,0.0349476587129709,137818,242,248,1.01018132008984,0.254353366794895,0.999998977793546
"GO:0004712","protein serine/threonine/tyrosine kinase activity",0.00209645624625751,38,1.58359474558808,0.00494933863392855,0.0366130650039765,96548,20,20,1.0352271379433,0.499980982462438,0.999998977793546
"GO:0061133","endopeptidase activator activity",0.000842412147735914,19,1.9704945523705,0.00496986008718237,0.0366130650039765,111714,8,8,1.0352271379433,0.757993890325376,0.999998977793546
"GO:0005484","SNAP receptor activity",0.0030876270231561,52,1.47137972993823,0.00503545231839364,0.0369000077300275,288885,14,14,1.0352271379433,0.615660437157757,0.999998977793546
"GO:0003684","damaged DNA binding",0.00338281992790077,56,1.4462900723323,0.00522783371686386,0.0379104414215859,71843,29,30,1.00071956667853,0.72799914856726,0.999998977793546
"GO:0016407","acetyltransferase activity",0.00575764518631908,88,1.33531593754922,0.00524083851016277,0.0379104414215859,149576,34,37,0.951289802434388,0.964064023880758,0.999998977793546
"GO:0120013","lipid transfer activity",0.00252446935561171,44,1.52275078383403,0.00525545469526678,0.0379104414215859,68250,30,30,1.0352271379433,0.353318440749891,0.999998977793546
"GO:0005522","profilin binding",0.00217703383705396,39,1.56511295489184,0.00536747596939047,0.0382654667699368,209601,9,9,1.0352271379433,0.73217689658379,0.999998977793546
"GO:0016208","AMP binding",0.00038141535423702,11,2.51965321225236,0.005369811169329,0.0382654667699368,37029,6,6,1.0352271379433,0.812381090994443,0.999998977793546
"GO:0140031","phosphorylation-dependent protein binding",0.000666757427139816,16,2.09651695506981,0.0053875566932402,0.0382654667699368,92866,7,7,1.0352271379433,0.78471803389454,0.999998977793546
"GO:0004386","helicase activity",0.00909010411997206,131,1.25906657980294,0.00583935511622469,0.0412150046381841,131542,64,66,1.00385661861169,0.609100380079094,0.999998977793546
"GO:0005310","dicarboxylic acid transmembrane transporter activity",0.00130529056080011,26,1.74025307158301,0.00586235084023268,0.0412150046381841,98375,14,14,1.0352271379433,0.615660437157757,0.999998977793546
"GO:0099106","ion channel regulator activity",0.0139824256732601,193,1.2059270809454,0.00592271588840509,0.041374100239304,156007,76,79,0.995914714983432,0.718258845404907,0.999998977793546
"GO:0008094","ATP-dependent activity, acting on DNA",0.00647177515310296,97,1.30946704276696,0.0059447263159722,0.041374100239304,137892,49,50,1.01452259518444,0.488428479459698,0.999998977793546
"GO:0032934","sterol binding",0.00475474195801332,74,1.35972482157456,0.00654572487343996,0.0453291447485717,95949,35,36,1.00647082855599,0.652074625621272,0.999998977793546
"GO:0016747","acyltransferase activity, transferring groups other than amino-acyl groups",0.0135441189980486,187,1.20624938284656,0.00658041754600491,0.0453426781155065,126168,88,94,0.969148809989477,0.959278219277352,0.999998977793546
"GO:0042809","nuclear vitamin D receptor binding",0.00105913044825712,22,1.81476120167659,0.00674813297453292,0.0462681394540995,120965,8,9,0.920201900394048,0.964529840258071,0.999998977793546
"GO:0022857","transmembrane transporter activity",0.086633970759632,1067,1.07602523774067,0.00684260375251688,0.046684759592295,121312,530,544,1.00858526306976,0.163601455609039,0.999998977793546
"GO:0004402","histone acetyltransferase activity",0.00263836268106438,45,1.49013040698369,0.0069210919333702,0.046988785920185,223224,15,17,0.913435709949974,0.981384607125682,0.999998977793546
"GO:0043130","ubiquitin binding",0.00659009581870928,98,1.29921374019501,0.00700060033273486,0.047296738833355,125380,45,48,0.970525441821848,0.920444304344118,0.999998977793546
"GO:0002039","p53 binding",0.00469652243499281,73,1.35797794710634,0.00706661274972875,0.0473535793253534,90402,32,33,1.00385661861169,0.689826000389286,0.999998977793546
"GO:0003735","structural constituent of ribosome",0.00720903797218966,106,1.28462038874718,0.00710863243687343,0.0473535793253534,136656,59,61,1.00128526456811,0.655816573670387,0.999998977793546
"GO:0019789","SUMO transferase activity",0.00837055066149996,121,1.26292511389784,0.00711158447629856,0.0473535793253534,185118,18,19,0.980741499104183,0.864835227900107,0.999998977793546
"GO:0005246","calcium channel regulator activity",0.00455030952641849,71,1.3632128380348,0.00718044483806324,0.04738178375404,146088,26,26,1.0352271379433,0.405977845045913,0.999998977793546
"GO:1990756","ubiquitin-like ligase-substrate adaptor activity",0.00736620854764427,108,1.28093178908295,0.00718424158003494,0.04738178375404,106593,47,52,0.935686066987217,0.991939244376572,0.999998977793546
"GO:0016860","intramolecular oxidoreductase activity",0.0024351477680118,42,1.50685071635466,0.00739258614365457,0.0484015641120276,79002,26,26,1.0352271379433,0.405977845045913,0.999998977793546
"GO:0008080","N-acetyltransferase activity",0.00403563123355658,64,1.3855262485769,0.00740875927202156,0.0484015641120276,173949,25,28,0.924309944592236,0.985878798215691,0.999998977793546
"GO:0032813","tumor necrosis factor receptor superfamily binding",0.00272325692851063,46,1.47575911009812,0.00751158114220851,0.048842910243938,74899,24,25,0.993818052425572,0.791546924131439,0.999998977793546
"GO:0005229","intracellularly calcium-gated chloride channel activity",0.00194847240162173,35,1.56935083932245,0.00766716761555075,0.0493908239420362,89855,12,13,0.955594281178435,0.929688745762142,0.999998977793546
"GO:0141147","intracellularly calcium-gated channel activity",0.00194847240162173,35,1.56935083932245,0.00766716761555075,0.0493908239420362,89855,12,13,0.955594281178435,0.929688745762142,0.999998977793546
"GO:0099094","ligand-gated monoatomic cation channel activity",0.0104325843380628,147,1.23103865151095,0.00773690625708301,0.0496093294724999,129957,77,79,1.00901885597006,0.492835969345908,0.999998977793546
"GO:0140612","DNA damage sensor activity",0.000518773582504037,13,2.18933267262411,0.00813256526141926,0.0519060040878602,67988,9,10,0.931704424148974,0.956641725643139,0.999998977793546
"GO:0140938","histone H3 methyltransferase activity",0.00580158653734406,87,1.31014310748224,0.00860976609487651,0.0546996607403852,193385,27,28,0.998254740159615,0.75350836376725,0.999998977793546
"GO:0008574","plus-end-directed microtubule motor activity",0.000582084546701244,14,2.10130079295931,0.00865418187715195,0.0547307849308468,83741,9,9,1.0352271379433,0.73217689658379,0.999998977793546
"GO:0003777","microtubule motor activity",0.00481871702323357,74,1.34167261312937,0.00873148408413649,0.0549686611660411,157214,38,38,1.0352271379433,0.267552801072738,0.999998977793546
"GO:0005164","tumor necrosis factor receptor binding",0.00089432271103747,19,1.85611807402128,0.00899921502500312,0.056232694320553,59718,12,13,0.955594281178435,0.929688745762142,0.999998977793546
"GO:0043027","cysteine-type endopeptidase inhibitor activity involved in apoptotic process",0.00115376484404141,23,1.74163359290359,0.00901347158062293,0.056232694320553,31331,12,12,1.0352271379433,0.659867028343879,0.999998977793546
"GO:0090079","translation regulator activity, nucleic acid binding",0.0053605127745366,81,1.32015505193547,0.00918548656460372,0.05704887395505,103960,35,37,0.979268914270694,0.869748279073737,0.999998977793546
"GO:0001530","lipopolysaccharide binding",0.00334164566447181,54,1.41182094708769,0.00927834006917139,0.0573683080169749,88444,16,16,1.0352271379433,0.57440608333713,0.999998977793546
"GO:0061630","ubiquitin protein ligase activity",0.0257692226808209,336,1.13915866352897,0.00937471807522727,0.0577065979297323,106870,159,164,1.00366533495723,0.512541677149312,0.999998977793546
"GO:0030955","potassium ion binding",0.0036417086433855,58,1.39145464554919,0.00953070464709849,0.0584034619620122,256505,5,5,1.0352271379433,0.841015933627406,0.999998977793546
"GO:0034212","peptide N-acetyltransferase activity",0.00305508607302676,50,1.4298576798489,0.00959755484184865,0.0584034619620122,208985,18,20,0.931704424148974,0.971040873543599,0.999998977793546
"GO:0061733","peptide-lysine-N-acetyltransferase activity",0.00291053341701006,48,1.44083717721409,0.00965600554899226,0.0584034619620122,216570,16,18,0.920201900394048,0.978212582807557,0.999998977793546
"GO:0005031","tumor necrosis factor receptor activity",0.000472065143883021,12,2.22088243915719,0.00965660129191392,0.0584034619620122,22868,7,7,1.0352271379433,0.78471803389454,0.999998977793546
"GO:0016279","protein-lysine N-methyltransferase activity",0.00645417647599219,95,1.28596464176258,0.010013003191667,0.0598365777181569,172415,35,37,0.979268914270694,0.869748279073737,0.999998977793546
"GO:0042834","peptidoglycan binding",0.000306593305640321,9,2.56463815965851,0.0100191340335243,0.0598365777181569,37091,7,7,1.0352271379433,0.78471803389454,0.999998977793546
"GO:0016874","ligase activity",0.00996738157141798,140,1.22713744907699,0.0100231668091064,0.0598365777181569,118836,64,68,0.97433142394664,0.918860890061428,0.999998977793546
"GO:0017124","SH3 domain binding",0.0106818435887134,149,1.21867053927119,0.0101113122654948,0.06010372312322,141367,52,54,0.996885392093553,0.721509885205322,0.999998977793546
"GO:0022834","ligand-gated channel activity",0.0154917059316397,209,1.17867290459698,0.0104884941646028,0.062079335119551,144363,105,108,1.00647082855599,0.496065959592717,0.999998977793546
"GO:0015276","ligand-gated monoatomic ion channel activity",0.0153353101407119,207,1.17929929882746,0.010605414626466,0.0623393481117882,143486,104,107,1.00620207800097,0.503381399554774,0.999998977793546
"GO:0016278","lysine N-methyltransferase activity",0.00662496112241928,97,1.27918883063449,0.0106389535111111,0.0623393481117882,169812,36,38,0.980741499104183,0.861937545712678,0.999998977793546
"GO:0005536","D-glucose binding",0.000420929365108354,11,2.28312515630335,0.0106674552364576,0.0623393481117882,37495,8,9,0.920201900394048,0.964529840258071,0.999998977793546
"GO:0031593","polyubiquitin modification-dependent protein binding",0.00314861363377264,51,1.41513236238524,0.0107227727162688,0.0623993286219842,95150,20,21,0.985930607565052,0.841033696728272,0.999998977793546
"GO:0050681","nuclear androgen receptor binding",0.00124031934404528,24,1.69053428574075,0.0108291130564675,0.0626200497554882,63914,11,11,1.0352271379433,0.68314262304912,0.999998977793546
"GO:0005125","cytokine activity",0.0141410351342646,192,1.18622285085501,0.010914930306855,0.0626200497554882,142952,80,81,1.02244655599339,0.231905573113832,0.999998977793546
"GO:0043028","cysteine-type endopeptidase regulator activity involved in apoptotic process",0.0024262930877045,41,1.47634158920374,0.0109571012495162,0.0626200497554882,66823,21,21,1.0352271379433,0.482928346749147,0.999998977793546
"GO:0005035","death receptor activity",0.000539582081226196,13,2.10490302289009,0.0109711261712595,0.0626200497554882,21384,8,8,1.0352271379433,0.757993890325376,0.999998977793546
"GO:0016811","hydrolase activity, acting on carbon-nitrogen (but not peptide) bonds, in linear amides",0.00772094917745554,111,1.25602575121923,0.010986766852407,0.0626200497554882,180507,32,33,1.00385661861169,0.689826000389286,0.999998977793546
"GO:0005154","epidermal growth factor receptor binding",0.00242806402376596,41,1.4752648027048,0.0110766487159638,0.0628704934908388,120270,13,13,1.0352271379433,0.63738188522569,0.999998977793546
"GO:0005044","scavenger receptor activity",0.00235700521429987,40,1.48267411802542,0.0111214952384516,0.0628704934908388,106614,14,14,1.0352271379433,0.615660437157757,0.999998977793546
"GO:0008270","zinc ion binding",0.0714021496950116,881,1.07798043749254,0.0114853031226032,0.0646631903447376,147924,356,363,1.01526408018682,0.0676555253600911,0.999998977793546
"GO:0015267","channel activity",0.0415541292141361,525,1.10380250652978,0.011909906154967,0.0665129839702795,141163,254,262,1.00361714899847,0.462912890732843,0.999998977793546
"GO:0022803","passive transmembrane transporter activity",0.0415541292141361,525,1.10380250652978,0.011909906154967,0.0665129839702795,141163,254,262,1.00361714899847,0.462912890732843,0.999998977793546
"GO:0031420","alkali metal ion binding",0.00383684366065766,60,1.36622870373654,0.0119651567405892,0.0665531810671326,249654,7,7,1.0352271379433,0.78471803389454,0.999998977793546
"GO:0046966","nuclear thyroid hormone receptor binding",0.000859346723823628,18,1.82999683211078,0.0122674814042991,0.0679618469798171,83136,9,11,0.847004021953613,0.9947477071765,0.999998977793546
"GO:0030374","nuclear receptor coactivator activity",0.00452020361337367,69,1.33363612520584,0.0123380253134302,0.0680803388808798,150198,28,29,0.999529650428018,0.740757525321214,0.999998977793546
"GO:0044024","histone H2AS1 kinase activity",0.0201925450232823,266,1.15089799946988,0.0124656514744159,0.0682408193362294,132657,122,126,1.0023627843578,0.571525251716763,0.999998977793546
"GO:0140995","histone H2A kinase activity",0.0201925450232823,266,1.15089799946988,0.0124656514744159,0.0682408193362294,132657,122,126,1.0023627843578,0.571525251716763,0.999998977793546
"GO:0022843","voltage-gated monoatomic cation channel activity",0.0113189378368237,156,1.20410727958099,0.0126655469836149,0.0690621361114434,133583,76,78,1.00868285235501,0.501396331727896,0.999998977793546
"GO:0046983","protein dimerization activity",0.0977643039059102,1191,1.06433344043244,0.0127647990797588,0.0693303793155527,130868,499,516,1.00112081750719,0.507923978841649,0.999998977793546
"GO:0051427","hormone receptor binding",0.00160380397066002,29,1.57976676148584,0.0130011738722633,0.0700932976646483,60921,15,15,1.0352271379433,0.594676830337026,0.999998977793546
"GO:0003924","GTPase activity",0.0263614901098755,341,1.1301359283372,0.0130064819493246,0.0700932976646483,136790,156,166,0.97286405734431,0.973887520866515,0.999998977793546
"GO:0035255","ionotropic glutamate receptor binding",0.00297074524309971,48,1.411633919971,0.0134528981831665,0.0720165925304276,206731,15,15,1.0352271379433,0.594676830337026,0.999998977793546
"GO:0015175","neutral L-amino acid transmembrane transporter activity",0.00311983592277391,50,1.40018205836695,0.0135849358382765,0.0720165925304276,52467,22,22,1.0352271379433,0.46645542622721,0.999998977793546
"GO:0008253","5'-nucleotidase activity",0.000322863780704988,9,2.43539516703945,0.0135912350684532,0.0720165925304276,115417,5,5,1.0352271379433,0.841015933627406,0.999998977793546
"GO:0001222","transcription corepressor binding",0.00615267461152857,90,1.27798224477478,0.013660441390368,0.0720165925304276,115583,28,29,0.999529650428018,0.740757525321214,0.999998977793546
"GO:0004812","aminoacyl-tRNA ligase activity",0.00133572852435646,25,1.6351894132909,0.013720320321895,0.0720165925304276,117642,14,14,1.0352271379433,0.615660437157757,0.999998977793546
"GO:0016875","ligase activity, forming carbon-oxygen bonds",0.00133572852435646,25,1.6351894132909,0.013720320321895,0.0720165925304276,117642,14,14,1.0352271379433,0.615660437157757,0.999998977793546
"GO:0038187","pattern recognition receptor activity",0.00304811301228476,49,1.40446614058628,0.0137273504895544,0.0720165925304276,97715,24,24,1.0352271379433,0.435170820341084,0.999998977793546
"GO:0004601","peroxidase activity",0.00334895077572534,53,1.38265352083619,0.0140832145748029,0.0736047252305736,122201,21,24,0.905823745700391,0.991849880076834,0.999998977793546
"GO:0071813","lipoprotein particle binding",0.00182605644637329,32,1.53102414078562,0.0142189020879643,0.0737572261866312,112537,16,16,1.0352271379433,0.57440608333713,0.999998977793546
"GO:0071814","protein-lipid complex binding",0.00182605644637329,32,1.53102414078562,0.0142189020879643,0.0737572261866312,112537,16,16,1.0352271379433,0.57440608333713,0.999998977793546
"GO:0001046","core promoter sequence-specific DNA binding",0.00609323756996581,89,1.27611012313958,0.0145797657205542,0.0753469235931625,159782,21,22,0.988171358945881,0.828859677709802,0.999998977793546
"GO:0019763","immunoglobulin receptor activity",0.000943687553750677,19,1.75902346212666,0.0149405270558249,0.0765799774830909,44541,5,5,1.0352271379433,0.841015933627406,0.999998977793546
"GO:0045182","translation regulator activity",0.00860187918452822,121,1.22896153512324,0.0149476018465372,0.0765799774830909,97846,52,54,0.996885392093553,0.721509885205322,0.999998977793546
"GO:0030331","nuclear estrogen receptor binding",0.00204698072004047,35,1.49382784554085,0.0150067121689559,0.0765799774830909,136221,20,21,0.985930607565052,0.841033696728272,0.999998977793546
"GO:0001091","RNA polymerase II general transcription initiation factor binding",0.00328785348160496,52,1.38177441327577,0.0150395334840439,0.0765799774830909,137118,15,15,1.0352271379433,0.594676830337026,0.999998977793546
"GO:0035173","histone kinase activity",0.0210289802618108,275,1.14251191753095,0.0152120043180108,0.0771744541408242,135773,127,131,1.00361714899847,0.538019689417126,0.999998977793546
"GO:0030548","acetylcholine receptor regulator activity",0.000949111045438899,19,1.74897189948594,0.0157465046355355,0.0795945581029806,66167,7,7,1.0352271379433,0.78471803389454,0.999998977793546
"GO:0048306","calcium-dependent protein binding",0.00557712039155396,82,1.28454727224479,0.0159586360119564,0.0803734940965802,98960,31,32,1.00287628988258,0.702519665139935,0.999998977793546
"GO:0000287","magnesium ion binding",0.0217130043155498,283,1.13870905788905,0.0160635304275305,0.0806086581236585,123884,120,125,0.993818052425572,0.747466780980268,0.999998977793546
"GO:0030159","signaling receptor complex adaptor activity",0.00627675081933464,91,1.26663872852853,0.0161455076707078,0.0807275383535389,199065,26,26,1.0352271379433,0.405977845045913,0.999998977793546
"GO:0020037","heme binding",0.00879457916471587,123,1.22190180765452,0.0165850974585136,0.0826271941728103,105448,60,65,0.955594281178435,0.977295489228523,0.999998977793546
"GO:0030169","low-density lipoprotein particle binding",0.0010917820818903,21,1.68046546079273,0.017207875071845,0.0854226056433881,150251,10,10,1.0352271379433,0.70723636002164,0.999998977793546
"GO:0015318","inorganic molecular entity transmembrane transporter activity",0.0586174302168179,725,1.08058140531584,0.0173690512762356,0.0857053925305854,133270,356,366,1.00694224346398,0.292269177547767,0.999998977793546
"GO:0019205","nucleobase-containing compound kinase activity",0.00221433417784847,37,1.45983852057383,0.0173886031054834,0.0857053925305854,104378,17,17,1.0352271379433,0.554824057768819,0.999998977793546
"GO:0043560","insulin receptor substrate binding",0.0018582653459911,32,1.50448724013825,0.0176583110040962,0.086726101917281,96564,8,8,1.0352271379433,0.757993890325376,0.999998977793546
"GO:0046625","sphingolipid binding",0.0020744302289931,35,1.47406104873719,0.0178419423160239,0.0873183396031557,237274,10,10,1.0352271379433,0.70723636002164,0.999998977793546
"GO:0015485","cholesterol binding",0.00303261732174698,48,1.38283347611306,0.0185511744946778,0.0904696361800308,73447,26,27,0.996885392093553,0.766235362794079,0.999998977793546
"GO:0005007","fibroblast growth factor receptor activity",0.00186723070980224,32,1.49726356103622,0.018725179223232,0.0909978007865837,151777,5,5,1.0352271379433,0.841015933627406,0.999998977793546
"GO:0019200","carbohydrate kinase activity",0.0015165853696331,27,1.55540381745455,0.0190665524945844,0.092332780437061,100094,13,13,1.0352271379433,0.63738188522569,0.999998977793546
"GO:0030275","LRR domain binding",0.000773899058858167,16,1.80626689607273,0.0193636248540264,0.0934446704628105,109466,8,8,1.0352271379433,0.757993890325376,0.999998977793546
"GO:0015280","ligand-gated sodium channel activity",0.000907161997483057,18,1.73354019088679,0.0198166587919685,0.0952988625933206,112250,8,8,1.0352271379433,0.757993890325376,0.999998977793546
"GO:0010485","histone H4 acetyltransferase activity",0.00145261030441284,26,1.5637613893004,0.019902323590969,0.0953796476591421,312029,6,7,0.887337546808547,0.978359433593858,0.999998977793546
"GO:0048019","receptor antagonist activity",0.00268097583004327,43,1.40126997127003,0.0204102421266863,0.0971463804730672,129028,7,7,1.0352271379433,0.78471803389454,0.999998977793546
"GO:0016701","oxidoreductase activity, acting on single donors with incorporation of molecular oxygen",0.00224266915483183,37,1.44139420800513,0.020559014951062,0.0971463804730672,83241,16,16,1.0352271379433,0.57440608333713,0.999998977793546
"GO:0050699","WW domain binding",0.00145725901157417,26,1.55877293583309,0.0205929254845632,0.0971463804730672,123607,12,13,0.955594281178435,0.929688745762142,0.999998977793546
"GO:0017069","snRNA binding",0.00174016604739246,30,1.50617981220669,0.0207147785759069,0.0971463804730672,71020,14,15,0.966211995413751,0.909430932647998,0.999998977793546
"GO:0019215","intermediate filament binding",0.000526742794780609,12,1.99034746858698,0.0207252832741016,0.0971463804730672,99746,7,7,1.0352271379433,0.78471803389454,0.999998977793546
"GO:0140035","ubiquitin-like protein reader activity",0.001250280859391,23,1.60718737362137,0.0207601607138558,0.0971463804730672,84299,6,7,0.887337546808547,0.978359433593858,0.999998977793546
"GO:0004540","RNA nuclease activity",0.00666259351372531,95,1.24573752289159,0.0207619701227638,0.0971463804730672,84069,48,50,0.993818052425572,0.758512669708899,0.999998977793546
"GO:0005507","copper ion binding",0.00388654055388239,59,1.32627952900391,0.0211120982604389,0.0981569924086141,62735,26,27,0.996885392093553,0.766235362794079,0.999998977793546
"GO:0070182","DNA polymerase binding",0.000407425977639719,10,2.14435923277312,0.0211723043118114,0.0981569924086141,14362,6,6,1.0352271379433,0.812381090994443,0.999998977793546
"GO:0004715","non-membrane spanning protein tyrosine kinase activity",0.00358470663890724,55,1.34046453351987,0.0211905709243145,0.0981569924086141,95941,27,27,1.0352271379433,0.392121786670984,0.999998977793546
"GO:0008046","axon guidance receptor activity",0.000917123512828771,18,1.71471100706108,0.0217629272025623,0.100275269355656,137295,6,6,1.0352271379433,0.812381090994443,0.999998977793546
"GO:0004518","nuclease activity",0.0116902809922112,158,1.1808055757604,0.0217926758671858,0.100275269355656,101269,86,89,1.0003318411587,0.640759372686838,0.999998977793546
"GO:0010181","FMN binding",0.000531944919461148,12,1.97088298023417,0.0221320886990846,0.101499810755735,105940,7,7,1.0352271379433,0.78471803389454,0.999998977793546
"GO:0008013","beta-catenin binding",0.0138043359155795,184,1.16452431930513,0.0225195593884537,0.102935939778906,239265,64,66,1.00385661861169,0.609100380079094,0.999998977793546
"GO:0046915","transition metal ion transmembrane transporter activity",0.00175400148537262,30,1.49429917381924,0.0226883479474125,0.103366322063047,95835,18,19,0.980741499104183,0.864835227900107,0.999998977793546
"GO:0035591","signaling adaptor activity",0.0150278313670409,199,1.15691918189311,0.0228051516905148,0.103557819971682,146138,71,74,0.993258470188846,0.756009163955012,0.999998977793546
"GO:0004842","ubiquitin-protein transferase activity",0.0336804368013796,425,1.10244637366078,0.0229299565223433,0.103784280338057,105629,198,207,0.990217262380552,0.831996380093954,0.999998977793546
"GO:0099604","ligand-gated calcium channel activity",0.00219009449050723,36,1.43610404856806,0.0231135630493802,0.104274543398669,145902,17,18,0.977714519168676,0.876406731132929,0.999998977793546
"GO:0022884","macromolecule transmembrane transporter activity",0.00211848226352193,35,1.44340920456805,0.0232712646370306,0.104645134812621,105157,16,16,1.0352271379433,0.57440608333713,0.999998977793546
"GO:0031490","chromatin DNA binding",0.0115639911143283,156,1.17859096497895,0.0237164344677239,0.106301817921675,92181,61,62,1.01852992604099,0.37120105203597,0.999998977793546
"GO:0019992","diacylglycerol binding",0.000860564242365882,17,1.72588511523143,0.0238787838036232,0.1066842437678,220474,7,7,1.0352271379433,0.78471803389454,0.999998977793546
"GO:0005527","macrolide binding",0.00190751950520046,32,1.46563979776495,0.0241663990905397,0.107622066689381,134618,5,5,1.0352271379433,0.841015933627406,0.999998977793546
"GO:0036408","histone H3K14 acetyltransferase activity",0.00120124806718931,22,1.60005988563929,0.0242870819403367,0.107812847715918,369937,4,5,0.828181710354644,0.989219168638288,0.999998977793546
"GO:0140566","histone reader activity",0.00234826121749641,38,1.41378526000112,0.02470485834139,0.109317024929154,234146,13,13,1.0352271379433,0.63738188522569,0.999998977793546
"GO:0010853","cyclase activator activity",0.00106698897702985,20,1.63763201988337,0.0248654223153462,0.109677101613868,129818,6,6,1.0352271379433,0.812381090994443,0.999998977793546
"GO:0061575","cyclin-dependent protein serine/threonine kinase activator activity",0.000542681219333752,12,1.93189141403333,0.0252564830116073,0.111048345939924,94580,6,6,1.0352271379433,0.812381090994443,0.999998977793546
"GO:0004683","calcium/calmodulin-dependent protein kinase activity",0.00213674504165574,35,1.43107237375978,0.0258714075400881,0.113392086845006,83836,16,16,1.0352271379433,0.57440608333713,0.999998977793546
"GO:0140036","ubiquitin-modified protein reader activity",0.00121021343100046,22,1.5882065062048,0.026050787724859,0.113818110406718,86475,5,5,1.0352271379433,0.841015933627406,0.999998977793546
"GO:0005249","voltage-gated potassium channel activity",0.00736820085071341,103,1.22129907254213,0.0263416781603951,0.114727120289771,138049,52,54,0.996885392093553,0.721509885205322,0.999998977793546
"GO:0005102","signaling receptor binding",0.142489626188602,1704,1.04479864748642,0.0266954785925555,0.115903566930061,120330,696,711,1.0133869029656,0.0247802417182122,0.999998977793546
"GO:0008374","O-acyltransferase activity",0.00417409629686201,62,1.29770352360508,0.0269571853070592,0.116674067657115,120895,25,25,1.0352271379433,0.420321816016486,0.999998977793546
"GO:0016812","hydrolase activity, acting on carbon-nitrogen (but not peptide) bonds, in cyclic amides",0.00128481411258947,23,1.56398936702507,0.0270748359008937,0.11681821720479,63044,7,7,1.0352271379433,0.78471803389454,0.999998977793546
"GO:0140537","transcription regulator activator activity",0.00114878408636855,21,1.5970817328509,0.0276743748678365,0.119034190037123,33008,6,6,1.0352271379433,0.812381090994443,0.999998977793546
"GO:0042288","MHC class I protein binding",0.000308474925205622,8,2.26577289869762,0.0279234930187638,0.119733863253833,21560,7,7,1.0352271379433,0.78471803389454,0.999998977793546
"GO:0033218","amide binding",0.0258427165273715,329,1.11225404183202,0.0285397370018174,0.121998567121967,154890,125,131,0.987812154526054,0.841348190200489,0.999998977793546
"GO:0097001","ceramide binding",0.00186302473665627,31,1.45374867164314,0.0286381944333742,0.122042767046841,259728,7,7,1.0352271379433,0.78471803389454,0.999998977793546
"GO:0001637","G protein-coupled chemoattractant receptor activity",0.00143600777883665,25,1.52100091256317,0.0292081153837458,0.123710213475498,79502,11,11,1.0352271379433,0.68314262304912,0.999998977793546
"GO:0004950","chemokine receptor activity",0.00143600777883665,25,1.52100091256317,0.0292081153837458,0.123710213475498,79502,11,11,1.0352271379433,0.68314262304912,0.999998977793546
"GO:0140776","protein-containing complex destabilizing activity",0.00122670527307281,22,1.56685463672681,0.0295481363873649,0.124695967328746,116605,10,10,1.0352271379433,0.70723636002164,0.999998977793546
"GO:0016702","oxidoreductase activity, acting on single donors with incorporation of molecular oxygen, incorporation of two atoms of oxygen",0.0022342572085399,36,1.40771776523414,0.0296209193149151,0.124695967328746,85214,15,15,1.0352271379433,0.594676830337026,0.999998977793546
"GO:0140030","modification-dependent protein binding",0.0123105513477377,164,1.16389178414303,0.0299742654591448,0.125801083820956,108838,78,82,0.984728253165582,0.853379418797671,0.999998977793546
"GO:0046873","metal ion transmembrane transporter activity",0.0351314975367386,440,1.09421401293888,0.0301620944377816,0.126206951046307,128407,217,226,0.994001278467686,0.7590671010024,0.999998977793546
"GO:0016491","oxidoreductase activity",0.0542459852326069,667,1.07424784452231,0.0309669195090096,0.128623657366297,114449,322,333,1.00103044569893,0.538393968490463,0.999998977793546
"GO:0043014","alpha-tubulin binding",0.0029138539221253,45,1.34924555615248,0.0310303559833506,0.128623657366297,137041,18,19,0.980741499104183,0.864835227900107,0.999998977793546
"GO:0140296","general transcription initiation factor binding",0.00568780389539523,81,1.24418987546288,0.0310854806661092,0.128623657366297,111032,28,29,0.999529650428018,0.740757525321214,0.999998977793546
"GO:0047498","calcium-dependent phospholipase A2 activity",0.00031522661893994,8,2.21724335276344,0.0311111373413065,0.128623657366297,33455,6,6,1.0352271379433,0.812381090994443,0.999998977793546
"GO:0035091","phosphatidylinositol binding",0.0295712010377685,373,1.10201149956302,0.0316708907679066,0.130548165814139,134274,145,149,1.00743580538107,0.423476178325668,0.999998977793546
"GO:0030550","acetylcholine receptor inhibitor activity",0.000892551774976009,17,1.66403233766423,0.0319795688766726,0.131429385442705,49454,5,5,1.0352271379433,0.841015933627406,0.999998977793546
"GO:0019104","DNA N-glycosylase activity",0.00049984670334718,11,1.92265831918105,0.0321145137705501,0.131593495775775,60757,5,5,1.0352271379433,0.841015933627406,0.999998977793546
"GO:0008097","5S rRNA binding",0.00020465379860251,6,2.56140173147794,0.0323012343007112,0.131968169635649,43200,5,5,1.0352271379433,0.841015933627406,0.999998977793546
"GO:0019855","calcium channel inhibitor activity",0.00110262906526674,20,1.58469912383815,0.0331616520710794,0.13508496505425,152880,7,7,1.0352271379433,0.78471803389454,0.999998977793546
"GO:0061676","importin-alpha family protein binding",0.000261987853592288,7,2.33433478457393,0.0334239047671285,0.135753982705199,37556,5,5,1.0352271379433,0.841015933627406,0.999998977793546
"GO:0015103","inorganic anion transmembrane transporter activity",0.0126876500453249,168,1.15684280242586,0.0336623047810155,0.136322491583937,142396,82,85,0.998689709545305,0.671922521788416,0.999998977793546
"GO:0034713","type I transforming growth factor beta receptor binding",0.00117501607677893,21,1.56142721413522,0.0338628566816159,0.136521883013072,156948,5,5,1.0352271379433,0.841015933627406,0.999998977793546
"GO:0042731","PH domain binding",0.00225982509792723,36,1.39179070426685,0.0339889196490089,0.136521883013072,112969,6,6,1.0352271379433,0.812381090994443,0.999998977793546
"GO:0061665","SUMO ligase activity",0.00240847304358606,38,1.37844062850109,0.0340072560574077,0.136521883013072,126498,9,10,0.931704424148974,0.956641725643139,0.999998977793546
"GO:0070568","guanylyltransferase activity",0.000207642253206224,6,2.52453720762404,0.0342700509426934,0.137179250160781,104036,5,5,1.0352271379433,0.841015933627406,0.999998977793546
"GO:0038191","neuropilin binding",0.00278557174117327,43,1.34865344475316,0.0344660885132204,0.137566376342393,73871,15,15,1.0352271379433,0.594676830337026,0.999998977793546
"GO:0008301","DNA binding, bending",0.00167729781721062,28,1.45845860765118,0.0347200128568173,0.138181660364057,141428,9,10,0.931704424148974,0.956641725643139,0.999998977793546
"GO:0043175","RNA polymerase core enzyme binding",0.00263858404807206,41,1.35756046717292,0.03501823511697,0.138969213859609,151717,17,18,0.977714519168676,0.876406731132929,0.999998977793546
"GO:0003756","protein disulfide isomerase activity",0.00090483764390239,17,1.64143813711613,0.0355759475337625,0.140378026593336,40027,9,9,1.0352271379433,0.73217689658379,0.999998977793546
"GO:0016864","intramolecular oxidoreductase activity, transposing S-S bonds",0.00090483764390239,17,1.64143813711613,0.0355759475337625,0.140378026593336,40027,9,9,1.0352271379433,0.73217689658379,0.999998977793546
"GO:0016209","antioxidant activity",0.00486896733397751,70,1.25605147421834,0.0358120088376663,0.140521380838516,111859,32,37,0.895331578761777,0.998591515346985,0.999998977793546
"GO:0005078","MAP-kinase scaffold activity",0.00118254255504014,21,1.55148926481276,0.0358151967046905,0.140521380838516,120181,10,10,1.0352271379433,0.70723636002164,0.999998977793546
"GO:0004623","phospholipase A2 activity",0.00104407749173471,19,1.58989017683578,0.0360889242181115,0.141195367350521,36616,13,14,0.961282342375926,0.91976071010881,0.999998977793546
"GO:0042577","lipid phosphatase activity",0.00154270667653964,26,1.47243539052794,0.0369248587611499,0.14405895601181,93212,10,11,0.941115579948459,0.948173729746837,0.999998977793546
"GO:0072341","modified amino acid binding",0.00653586090182705,91,1.21642363515875,0.03751396025875,0.145919956581874,106534,37,40,0.957585102597557,0.954022443674753,0.999998977793546
"GO:0044877","protein-containing complex binding",0.12470278712131,1491,1.04459451660564,0.0376125808662304,0.145919956581874,103599,623,638,1.01088794191015,0.0742865571669172,0.999998977793546
"GO:1990239","steroid hormone binding",0.000513571457823497,11,1.87127693306501,0.0377573695354727,0.146072505046452,75772,5,5,1.0352271379433,0.841015933627406,0.999998977793546
"GO:0001968","fibronectin binding",0.00228185111519164,36,1.37835617040242,0.038132964133118,0.147114638786541,100584,17,19,0.926255860265062,0.974764508611918,0.999998977793546
"GO:0042803","protein homodimerization activity",0.0640229911774179,780,1.06440008470359,0.0382645759896807,0.14721232707141,128230,335,347,0.999426775824228,0.598876630760793,0.999998977793546
"GO:0016879","ligase activity, forming carbon-nitrogen bonds",0.00341934548416838,51,1.30308711723604,0.0386834401905167,0.148411536465002,144777,19,21,0.936634077186799,0.967043187448459,0.999998977793546
"GO:0015271","outward rectifier potassium channel activity",0.00281523492020273,43,1.33444313914302,0.039570510078915,0.151395459832313,131712,17,17,1.0352271379433,0.554824057768819,0.999998977793546
"GO:0008429","phosphatidylethanolamine binding",0.000851266828043215,16,1.6421035154519,0.0403311222649587,0.153473818521106,54523,9,9,1.0352271379433,0.73217689658379,0.999998977793546
"GO:0070840","dynein complex binding",0.00148448715351913,25,1.47132909630142,0.0403353573586156,0.153473818521106,71716,16,16,1.0352271379433,0.57440608333713,0.999998977793546
"GO:0015085","calcium ion transmembrane transporter activity",0.0107402844787416,143,1.16323245602128,0.0404908557570569,0.153643384174038,141961,69,71,1.00606581011392,0.563246527440954,0.999998977793546
"GO:0045505","dynein intermediate chain binding",0.00443885123805033,64,1.25966668036511,0.0409390023274525,0.154919448698147,199602,21,22,0.988171358945881,0.828859677709802,0.999998977793546
"GO:0051019","mitogen-activated protein kinase binding",0.00397431257242852,58,1.2750060085181,0.0411765356991515,0.15539373826519,118880,17,17,1.0352271379433,0.554824057768819,0.999998977793546
"GO:0005504","fatty acid binding",0.00237316500586069,37,1.36213466921319,0.0414748695536833,0.156027795794051,42708,19,21,0.936634077186799,0.967043187448459,0.999998977793546
"GO:0120015","sterol transfer activity",0.000923653839555407,17,1.60799961305265,0.0416433288845306,0.156027795794051,69963,13,13,1.0352271379433,0.63738188522569,0.999998977793546
"GO:0070063","RNA polymerase binding",0.00585781375729543,82,1.22299463294291,0.041682515843898,0.156027795794051,162295,24,26,0.955594281178435,0.94305693033899,0.999998977793546
"GO:0035254","glutamate receptor binding",0.00444471746375392,64,1.25800414745529,0.0418083255916205,0.156076902815079,176086,26,26,1.0352271379433,0.405977845045913,0.999998977793546
"GO:0050431","transforming growth factor beta binding",0.00134779302627516,23,1.49090815245356,0.0422230669838651,0.156879085266262,68407,11,11,1.0352271379433,0.68314262304912,0.999998977793546
"GO:0022890","inorganic cation transmembrane transporter activity",0.0488741827406785,600,1.07255111942303,0.0422497464291088,0.156879085266262,127183,289,299,1.00060415674119,0.560549049888384,0.999998977793546
"GO:0004497","monooxygenase activity",0.0064997780795748,90,1.20973498097099,0.0426444459618189,0.157632405560452,85708,49,50,1.01452259518444,0.488428479459698,0.999998977793546
"GO:0004693","cyclin-dependent protein serine/threonine kinase activity",0.00156628226285783,26,1.45027238168175,0.0427940682243538,0.157632405560452,95560,17,17,1.0352271379433,0.554824057768819,0.999998977793546
"GO:0097472","cyclin-dependent protein kinase activity",0.00156628226285783,26,1.45027238168175,0.0427940682243538,0.157632405560452,95560,17,17,1.0352271379433,0.554824057768819,0.999998977793546
"GO:0016273","arginine N-methyltransferase activity",0.000858903989808263,16,1.62750233728615,0.0430478704044071,0.157728308227788,297058,6,6,1.0352271379433,0.812381090994443,0.999998977793546
"GO:0016274","protein-arginine N-methyltransferase activity",0.000858903989808263,16,1.62750233728615,0.0430478704044071,0.157728308227788,297058,6,6,1.0352271379433,0.812381090994443,0.999998977793546
"GO:0005267","potassium channel activity",0.0105262225823126,140,1.16198827260972,0.0432919378651087,0.158204047343471,156367,68,71,0.991485146199221,0.778070638164086,0.999998977793546
"GO:0035197","siRNA binding",0.00135199899942113,23,1.4862700427693,0.0434194097717318,0.158252322457496,65151,7,7,1.0352271379433,0.78471803389454,0.999998977793546
"GO:0019955","cytokine binding",0.0106951256091743,142,1.15997522425071,0.0439413355488039,0.159552270843498,119613,68,70,1.00564921971635,0.572323602541931,0.999998977793546
"GO:0031491","nucleosome binding",0.0036049617201102,53,1.28446262142894,0.0440064747019612,0.159552270843498,95316,32,33,1.00385661861169,0.689826000389286,0.999998977793546
"GO:0004653","polypeptide N-acetylgalactosaminyltransferase activity",0.00314462902763435,47,1.30579408603843,0.0441531038939,0.159665924002746,161800,13,13,1.0352271379433,0.63738188522569,0.999998977793546
"GO:0016782","transferase activity, transferring sulphur-containing groups",0.00811254741404596,110,1.1846271873145,0.0442838940990244,0.159721857622783,163103,38,38,1.0352271379433,0.267552801072738,0.999998977793546
"GO:0000049","tRNA binding",0.00360861427573696,53,1.28316251817135,0.0446434984414816,0.160600637250525,79919,30,30,1.0352271379433,0.353318440749891,0.999998977793546
"GO:0003682","chromatin binding",0.0599471818319669,730,1.06389886895558,0.044944573293718,0.160910955604427,128554,299,306,1.01154547138905,0.175889857816688,0.999998977793546
"GO:0005262","calcium channel activity",0.00973206844225144,130,1.16703654583793,0.0449621226129339,0.160910955604427,148835,61,63,1.0023627843578,0.637062133241169,0.999998977793546
"GO:0097602","cullin family protein binding",0.00157635446170738,26,1.44100579084247,0.0455008343752579,0.162419215489,183194,11,11,1.0352271379433,0.68314262304912,0.999998977793546
"GO:0008526","phosphatidylinositol transfer activity",0.000403441371501433,9,1.94898428045379,0.0459323888022782,0.163538196635361,142702,6,6,1.0352271379433,0.812381090994443,0.999998977793546
"GO:0044389","ubiquitin-like protein ligase binding",0.0288544146668925,361,1.09305292709718,0.0471975736565475,0.167258684141323,99070,152,159,0.989651100423788,0.825552023956658,0.999998977793546
"GO:0070412","R-SMAD binding",0.00416723391962385,60,1.25791017304189,0.0473014545646261,0.167258684141323,127038,16,17,0.97433142394664,0.88771849243011,0.999998977793546
"GO:0005346","purine ribonucleotide transmembrane transporter activity",0.00100943355503239,18,1.55790519786273,0.0473396420096741,0.167258684141323,59027,8,8,1.0352271379433,0.757993890325376,0.999998977793546
"GO:0008509","monoatomic anion transmembrane transporter activity",0.0125266055472358,164,1.14381741469177,0.0477184316172584,0.168168009643519,145369,74,78,0.982138566766725,0.873970350465632,0.999998977793546
"GO:0140658","ATP-dependent chromatin remodeler activity",0.00293709745793197,44,1.30882197308134,0.0484842325389132,0.170433152452779,159274,17,17,1.0352271379433,0.554824057768819,0.999998977793546
"GO:0008172","S-methyltransferase activity",0.00136992972704341,23,1.46681656075196,0.0487981650940033,0.170976336972851,396101,6,6,1.0352271379433,0.812381090994443,0.999998977793546
"GO:0017075","syntaxin-1 binding",0.00129831750005811,22,1.4804305148204,0.0489443217401055,0.170976336972851,309739,8,8,1.0352271379433,0.757993890325376,0.999998977793546
"GO:0005201","extracellular matrix structural constituent",0.0204592922675397,260,1.11027100939589,0.0490531369523158,0.170976336972851,132977,91,91,1.0352271379433,0.0421237623937554,0.999998977793546
"GO:0044548","S100 protein binding",0.000874842414361406,16,1.59785148498742,0.0491325502636784,0.170976336972851,93247,8,8,1.0352271379433,0.757993890325376,0.999998977793546
"GO:0004385","guanylate kinase activity",0.00115653193163744,20,1.51084052748356,0.0493840533997023,0.171420836988942,99668,6,6,1.0352271379433,0.812381090994443,0.999998977793546
"GO:0051959","dynein light intermediate chain binding",0.00218588851736126,34,1.35893025175192,0.0500179631058473,0.172903367331797,103857,16,17,0.97433142394664,0.88771849243011,0.999998977793546
"GO:0016494","C-X-C chemokine receptor activity",0.000672070235324198,13,1.68995425503775,0.0500608305415527,0.172903367331797,130534,5,5,1.0352271379433,0.841015933627406,0.999998977793546
"GO:0005001","transmembrane receptor protein tyrosine phosphatase activity",0.00294595213823927,44,1.30488803267533,0.0503553177016698,0.173057357361818,460359,8,8,1.0352271379433,0.757993890325376,0.999998977793546
"GO:0019198","transmembrane receptor protein phosphatase activity",0.00294595213823927,44,1.30488803267533,0.0503553177016698,0.173057357361818,460359,8,8,1.0352271379433,0.757993890325376,0.999998977793546
"GO:0016814","hydrolase activity, acting on carbon-nitrogen (but not peptide) bonds, in cyclic amidines",0.00218931970598034,34,1.35680048239882,0.0508782384932646,0.174421683943494,213796,12,13,0.955594281178435,0.929688745762142,0.999998977793546
"GO:0030545","signaling receptor regulator activity",0.0458390196983432,562,1.07114250340844,0.051046981325421,0.17456807194002,134207,228,233,1.01301196330933,0.189415671454778,0.999998977793546
"GO:0034511","U3 snoRNA binding",0.000676054841462483,13,1.67999381738527,0.0519486005582681,0.177104464225286,42227,6,6,1.0352271379433,0.812381090994443,0.999998977793546
"GO:0010851","cyclase regulator activity",0.00174658569061526,28,1.40060087074436,0.0521079660729045,0.177104464225286,138096,11,11,1.0352271379433,0.68314262304912,0.999998977793546
"GO:0140463","chromatin-protein adaptor activity",0.00357219940297318,52,1.27178561524313,0.0523206085972832,0.177104464225286,187347,21,22,0.988171358945881,0.828859677709802,0.999998977793546
"GO:0001161","intronic transcription regulatory region sequence-specific DNA binding",0.00174758184214983,28,1.39980250429704,0.052396896546866,0.177104464225286,151943,9,9,1.0352271379433,0.73217689658379,0.999998977793546
"GO:0008430","selenium binding",0.000677050992997055,13,1.67752202657989,0.0524280363410593,0.177104464225286,165109,5,5,1.0352271379433,0.841015933627406,0.999998977793546
"GO:0043531","ADP binding",0.00272757358516044,41,1.31326883808526,0.0528058320436734,0.177946660293157,68596,25,26,0.99541070956087,0.77892109028081,0.999998977793546
"GO:0140101","catalytic activity, acting on a tRNA",0.00665717002203709,91,1.19425756752111,0.053174535754574,0.178754203932245,94168,49,49,1.0352271379433,0.182466889343609,0.999998977793546
"GO:0046906","tetrapyrrole binding",0.00972830520312083,129,1.1585073183565,0.0537714377473907,0.179782592469649,110800,64,69,0.960210678672051,0.970526457352892,0.999998977793546
"GO:0071949","FAD binding",0.00227620625649574,35,1.34339179068478,0.0538367999707998,0.179782592469649,36436,19,19,1.0352271379433,0.517633663369636,0.999998977793546
"GO:0015108","chloride transmembrane transporter activity",0.0105429357913926,139,1.15185946970852,0.0538698742779091,0.179782592469649,151458,65,68,0.989555352445806,0.799560598694088,0.999998977793546
"GO:0032183","SUMO binding",0.00190264943103145,30,1.37755433435215,0.0542825308296597,0.180724291343939,84951,10,10,1.0352271379433,0.70723636002164,0.999998977793546
"GO:0003774","cytoskeletal motor activity",0.00771087697860599,104,1.17835411668122,0.0545483725684256,0.181173851336378,163485,56,57,1.01706525833026,0.417217485942091,0.999998977793546
"GO:0003697","single-stranded DNA binding",0.00651350283405112,89,1.19377274315112,0.055643032329076,0.184367463578398,113523,47,48,1.01365990590282,0.510187108109576,0.999998977793546
"GO:0015556","C4-dicarboxylate transmembrane transporter activity",0.000419601163062258,9,1.87392447962386,0.0559368190199192,0.184898554516917,87302,6,6,1.0352271379433,0.812381090994443,0.999998977793546
"GO:0120014","phospholipid transfer activity",0.000822267750036802,15,1.59376490829947,0.0562950051708861,0.185639481337327,105767,11,11,1.0352271379433,0.68314262304912,0.999998977793546
"GO:0004521","RNA endonuclease activity",0.00556516657313911,77,1.20881214769195,0.0571717847747195,0.188082949912082,91550,36,36,1.0352271379433,0.286819916005668,0.999998977793546
"GO:0070325","lipoprotein particle receptor binding",0.00282342549948698,42,1.29962846879607,0.0573819817305701,0.188327120134691,90020,16,16,1.0352271379433,0.57440608333713,0.999998977793546
"GO:0070851","growth factor receptor binding",0.0101715926360051,134,1.15096494918526,0.0582953481476645,0.190486158092738,141403,61,62,1.01852992604099,0.37120105203597,0.999998977793546
"GO:0140318","protein transporter activity",0.00298181359348384,44,1.2891945017701,0.0584838476623792,0.190486158092738,101665,19,19,1.0352271379433,0.517633663369636,0.999998977793546
"GO:0140934","histone deubiquitinase activity",0.000689226178419595,13,1.64788858785759,0.0585328801556029,0.190486158092738,71588,5,5,1.0352271379433,0.841015933627406,0.999998977793546
"GO:0051428","peptide hormone receptor binding",0.00147242265160043,24,1.42404925250025,0.0585899663158891,0.190486158092738,70024,11,11,1.0352271379433,0.68314262304912,0.999998977793546
"GO:0016684","oxidoreductase activity, acting on peroxide as acceptor",0.00391719988444642,56,1.24898882429691,0.0591311215047228,0.191795323850213,123881,23,26,0.915777852796,0.989127408756842,0.999998977793546
"GO:0016801","hydrolase activity, acting on ether bonds",0.000556959391329276,11,1.72550178247648,0.0600454507636278,0.193070054012162,43606,6,6,1.0352271379433,0.812381090994443,0.999998977793546
"GO:0016803","ether hydrolase activity",0.000556959391329276,11,1.72550178247648,0.0600454507636278,0.193070054012162,43606,6,6,1.0352271379433,0.812381090994443,0.999998977793546
"GO:0051721","protein phosphatase 2A binding",0.00345365737035918,50,1.26484413931959,0.0601606068511813,0.193070054012162,137197,12,12,1.0352271379433,0.659867028343879,0.999998977793546
"GO:0005092","GDP-dissociation inhibitor activity",0.00207299134344316,32,1.34864842088105,0.0602162564705502,0.193070054012162,95646,8,9,0.920201900394048,0.964529840258071,0.999998977793546
"GO:0016894","endonuclease activity, active with either ribo- or deoxyribonucleic acids and producing 3'-phosphomonoesters",0.000692768050542515,13,1.63946353037054,0.0603948163905241,0.193070054012162,24441,10,10,1.0352271379433,0.70723636002164,0.999998977793546
"GO:0050750","low-density lipoprotein particle receptor binding",0.00268219334858552,40,1.30291525371813,0.0604370521554716,0.193070054012162,85265,13,13,1.0352271379433,0.63738188522569,0.999998977793546
"GO:0000993","RNA polymerase II complex binding",0.00252956079678841,38,1.31245594102493,0.0605479051165282,0.193070054012162,159990,16,17,0.97433142394664,0.88771849243011,0.999998977793546
"GO:0052744","phosphatidylinositol monophosphate phosphatase activity",0.0012591355396983,21,1.45711245651015,0.0606393310435309,0.193070054012162,69974,8,9,0.920201900394048,0.964529840258071,0.999998977793546
"GO:0015250","water channel activity",0.000492652275597497,10,1.77339616621834,0.0612554504815941,0.194584401185798,64300,8,8,1.0352271379433,0.757993890325376,0.999998977793546
"GO:0017162","aryl hydrocarbon receptor binding",0.00133484305632573,22,1.43992122212631,0.0617705378872961,0.195771613212598,297889,5,5,1.0352271379433,0.841015933627406,0.999998977793546
"GO:0120020","cholesterol transfer activity",0.000628239567803054,12,1.66879203717502,0.0623845802477068,0.197266309687383,62373,8,8,1.0352271379433,0.757993890325376,0.999998977793546
"GO:0000295","adenine nucleotide transmembrane transporter activity",0.00119350022192043,20,1.46404272203243,0.0633635309867375,0.199652082629187,54999,10,10,1.0352271379433,0.70723636002164,0.999998977793546
"GO:0050321","tau-protein kinase activity",0.000768143516658421,14,1.59232577380014,0.0637876004293469,0.199652082629187,73601,11,11,1.0352271379433,0.68314262304912,0.999998977793546
"GO:0030515","snoRNA binding",0.0022366922456244,34,1.32806381343273,0.0638864578585449,0.199652082629187,45698,18,19,0.980741499104183,0.864835227900107,0.999998977793546
"GO:0016411","acylglycerol O-acyltransferase activity",0.00308231421497171,45,1.27550411201057,0.0641965161201459,0.199652082629187,129415,16,16,1.0352271379433,0.57440608333713,0.999998977793546
"GO:0043995","histone H4K5 acetyltransferase activity",0.0011234375639889,19,1.4775797081864,0.0642726287701326,0.199652082629187,390100,4,5,0.828181710354644,0.989219168638288,0.999998977793546
"GO:0043996","histone H4K8 acetyltransferase activity",0.0011234375639889,19,1.4775797081864,0.0642726287701326,0.199652082629187,390100,4,5,0.828181710354644,0.989219168638288,0.999998977793546
"GO:0043997","histone H4K12 acetyltransferase activity",0.0011234375639889,19,1.4775797081864,0.0642726287701326,0.199652082629187,390100,4,5,0.828181710354644,0.989219168638288,0.999998977793546
"GO:0031543","peptidyl-proline dioxygenase activity",0.000563932452071276,11,1.7041658428698,0.0642922952004457,0.199652082629187,102543,5,5,1.0352271379433,0.841015933627406,0.999998977793546
"GO:0017147","Wnt-protein binding",0.00370856147970563,53,1.24858077896319,0.0649115048394207,0.200491909539053,139210,19,19,1.0352271379433,0.517633663369636,0.999998977793546
"GO:0008432","JUN kinase binding",0.00178787063754805,28,1.36825863556899,0.0650740848155148,0.200491909539053,182107,8,8,1.0352271379433,0.757993890325376,0.999998977793546
"GO:0019783","ubiquitin-like protein peptidase activity",0.00681345512946096,92,1.17968670667839,0.0652032013948317,0.200491909539053,78840,49,50,1.01452259518444,0.488428479459698,0.999998977793546
"GO:0005315","phosphate transmembrane transporter activity",0.000499071918820291,10,1.75058468304233,0.0654965306076924,0.200491909539053,46481,8,8,1.0352271379433,0.757993890325376,0.999998977793546
"GO:0004438","phosphatidylinositol-3-phosphate phosphatase activity",0.00119881303010481,20,1.45755448912157,0.0655760541669248,0.200491909539053,68845,7,8,0.905823745700391,0.971787038878688,0.999998977793546
"GO:0052629","phosphatidylinositol-3,5-bisphosphate 3-phosphatase activity",0.00119881303010481,20,1.45755448912157,0.0655760541669248,0.200491909539053,68845,7,8,0.905823745700391,0.971787038878688,0.999998977793546
"GO:0106018","phosphatidylinositol-3,5-bisphosphate phosphatase activity",0.00119881303010481,20,1.45755448912157,0.0655760541669248,0.200491909539053,68845,7,8,0.905823745700391,0.971787038878688,0.999998977793546
"GO:0097110","scaffold protein binding",0.00754352352079798,101,1.16975088757758,0.0658109314130533,0.200766828209425,130358,38,38,1.0352271379433,0.267552801072738,0.999998977793546
"GO:0070051","fibrinogen binding",0.000369682902829845,8,1.89063145768571,0.0660831998196181,0.201154355494881,185620,5,5,1.0352271379433,0.841015933627406,0.999998977793546
"GO:0052816","long-chain fatty acyl-CoA hydrolase activity",0.000843186932262802,15,1.55422414068742,0.0664653146324252,0.20169598150255,74771,9,9,1.0352271379433,0.73217689658379,0.999998977793546
"GO:0031492","nucleosomal DNA binding",0.00171736524560116,27,1.37355910716436,0.066552392452466,0.20169598150255,87600,17,17,1.0352271379433,0.554824057768819,0.999998977793546
"GO:0005231","excitatory extracellular ligand-gated monoatomic ion channel activity",0.00171891481465494,27,1.37232086972068,0.0671000312273966,0.20286672642999,53260,15,15,1.0352271379433,0.594676830337026,0.999998977793546
"GO:0017110","nucleoside diphosphate phosphatase activity",0.00105813429672255,18,1.48620244817031,0.0672316443547764,0.20286672642999,65078,10,10,1.0352271379433,0.70723636002164,0.999998977793546
"GO:0016705","oxidoreductase activity, acting on paired donors, with incorporation or reduction of molecular oxygen",0.013610086366338,175,1.12337156303603,0.0675235763057227,0.203304680833535,106386,79,80,1.02228679871901,0.237931260785076,0.999998977793546
"GO:0015193","L-proline transmembrane transporter activity",0.000247598998092923,6,2.1171353605287,0.0680927794256243,0.204573751636637,50682,5,5,1.0352271379433,0.841015933627406,0.999998977793546
"GO:0050780","dopamine receptor binding",0.00106045865030322,18,1.48294493314979,0.0683038845982884,0.204735168142158,79543,5,5,1.0352271379433,0.841015933627406,0.999998977793546
"GO:0140078","class I DNA-(apurinic or apyrimidinic site) endonuclease activity",0.000570462778797911,11,1.68465754160296,0.06844215368218,0.204735168142158,48200,5,5,1.0352271379433,0.841015933627406,0.999998977793546
"GO:0004970","glutamate-gated receptor activity",0.00106123343483011,18,1.48186226580185,0.0686638523905686,0.204955680088227,230260,7,8,0.905823745700391,0.971787038878688,0.999998977793546
"GO:0097718","disordered domain specific binding",0.00157535831017281,25,1.38645864115749,0.0691459823374927,0.205950936639629,141504,13,14,0.961282342375926,0.91976071010881,0.999998977793546
"GO:0035033","histone deacetylase regulator activity",0.00106300437089157,18,1.47939352400126,0.0694914419459243,0.206190096099476,88576,5,5,1.0352271379433,0.841015933627406,0.999998977793546
"GO:0015459","potassium channel regulator activity",0.00780927461352088,104,1.16350673790254,0.0695605585550474,0.206190096099476,164462,33,35,0.976071301489401,0.884870721870967,0.999998977793546
"GO:0005347","ATP transmembrane transporter activity",0.000310688595282448,7,1.96842552015906,0.0696728988985956,0.206190096099476,52502,5,5,1.0352271379433,0.841015933627406,0.999998977793546
"GO:0019838","growth factor binding",0.0158642666055694,202,1.11244264274,0.0699484927973055,0.206389112767867,131892,67,69,1.0052205542348,0.58145128154591,0.999998977793546
"GO:0008234","cysteine-type peptidase activity",0.0105044179320558,137,1.13944884675179,0.070179974398797,0.206389112767867,80456,74,76,1.00798431852374,0.518736597016197,0.999998977793546
"GO:0004519","endonuclease activity",0.00911456517432098,120,1.15024816668352,0.0701872000820689,0.206389112767867,110409,62,63,1.01879496115055,0.362484295275143,0.999998977793546
"GO:0050145","nucleoside monophosphate kinase activity",0.00172865496299297,27,1.36458849447831,0.0706144330784593,0.20720548689336,136275,10,10,1.0352271379433,0.70723636002164,0.999998977793546
"GO:0140313","molecular sequestering activity",0.0044462670328077,62,1.21826679152111,0.0714199868388723,0.208646956393904,78417,31,31,1.0352271379433,0.341254106776252,0.999998977793546
"GO:0008135","translation factor activity, RNA binding",0.00405101624059052,57,1.22929787197475,0.0714796436153955,0.208646956393904,92910,26,27,0.996885392093553,0.766235362794079,0.999998977793546
"GO:0015171","amino acid transmembrane transporter activity",0.00936825176512518,123,1.14707764568532,0.0715576204239021,0.208646956393904,102059,49,52,0.975502495369652,0.900124127604564,0.999998977793546
"GO:0035242","protein-arginine omega-N asymmetric methyltransferase activity",0.000853259131112358,15,1.53587748135384,0.0717737443904881,0.208652543851592,308747,5,5,1.0352271379433,0.841015933627406,0.999998977793546
"GO:0005342","organic acid transmembrane transporter activity",0.014306064238492,183,1.11757628466741,0.0718608400124254,0.208652543851592,103655,82,86,0.987077038504081,0.831457301593159,0.999998977793546
"GO:0048156","tau protein binding",0.00437089156669179,61,1.21928732966855,0.072308241965492,0.209512374732649,108113,23,23,1.0352271379433,0.450542577434483,0.999998977793546
"GO:0015658","branched-chain amino acid transmembrane transporter activity",0.000714351333791563,13,1.58992907291435,0.0725955154020661,0.209905613427686,48940,5,5,1.0352271379433,0.841015933627406,0.999998977793546
"GO:0015179","L-amino acid transmembrane transporter activity",0.0061345225168986,83,1.18207106285101,0.0735393355201432,0.211738058245292,80228,33,33,1.0352271379433,0.318343328421408,0.999998977793546
"GO:0003906","DNA-(apurinic or apyrimidinic site) endonuclease activity",0.000856690319731438,15,1.5297260340771,0.0736441437586255,0.211738058245292,41154,8,8,1.0352271379433,0.757993890325376,0.999998977793546
"GO:0015172","acidic amino acid transmembrane transporter activity",0.00064705576345607,12,1.62026404430472,0.0738069330356441,0.211738058245292,78291,7,7,1.0352271379433,0.78471803389454,0.999998977793546
"GO:0001162","RNA polymerase II intronic transcription regulatory region sequence-specific DNA binding",0.00158775486260303,25,1.37563372879712,0.07396258385471,0.211738058245292,156975,6,6,1.0352271379433,0.812381090994443,0.999998977793546
"GO:0005123","death receptor binding",0.00188859262604361,29,1.3415472293225,0.0740261959570158,0.211738058245292,88378,13,13,1.0352271379433,0.63738188522569,0.999998977793546
"GO:0008186","ATP-dependent activity, acting on RNA",0.00429950070671417,60,1.21921271759627,0.0741465402519614,0.211738058245292,84070,32,33,1.00385661861169,0.689826000389286,0.999998977793546
"GO:0008142","oxysterol binding",0.00136594512090513,22,1.40713474911622,0.0744026585450454,0.212032267664378,114334,8,8,1.0352271379433,0.757993890325376,0.999998977793546
"GO:0031624","ubiquitin conjugating enzyme binding",0.00242485420215456,36,1.29706914410335,0.0748156158246445,0.212771309891443,176464,14,15,0.966211995413751,0.909430932647998,0.999998977793546
"GO:0008198","ferrous iron binding",0.0022742139534266,34,1.3061524087141,0.075752227322096,0.214943715182067,138489,13,13,1.0352271379433,0.63738188522569,0.999998977793546
"GO:0015293","symporter activity",0.010132632042653,132,1.13814584616542,0.0758898748909971,0.214943715182067,78145,70,72,1.00647082855599,0.55422355011686,0.999998977793546
"GO:0019894","kinesin binding",0.00431034769009062,60,1.21614457065524,0.0767522787575942,0.216942665467894,72759,24,24,1.0352271379433,0.435170820341084,0.999998977793546
"GO:0001614","purinergic nucleotide receptor activity",0.000515674444396482,10,1.69422329595146,0.0773175955159299,0.217306433093824,48841,6,6,1.0352271379433,0.812381090994443,0.999998977793546
"GO:0016502","nucleotide receptor activity",0.000515674444396482,10,1.69422329595146,0.0773175955159299,0.217306433093824,48841,6,6,1.0352271379433,0.812381090994443,0.999998977793546
"GO:0016248","channel inhibitor activity",0.00336632808582842,48,1.24575045742164,0.077508576135992,0.217306433093824,174153,22,23,0.990217262380552,0.816538099667205,0.999998977793546
"GO:0141110","transporter inhibitor activity",0.00336632808582842,48,1.24575045742164,0.077508576135992,0.217306433093824,174153,22,23,0.990217262380552,0.816538099667205,0.999998977793546
"GO:0042287","MHC protein binding",0.00137435706719706,22,1.39852218239859,0.0780992848434131,0.21852022122854,45258,14,14,1.0352271379433,0.615660437157757,0.999998977793546
"GO:0008320","protein transmembrane transporter activity",0.00175079166376122,27,1.3473348784146,0.0790705225801971,0.220695151093826,92123,12,12,1.0352271379433,0.659867028343879,0.999998977793546
"GO:0044390","ubiquitin-like protein conjugating enzyme binding",0.00267012884666682,39,1.2760821882676,0.079195299706593,0.220695151093826,165299,16,17,0.97433142394664,0.88771849243011,0.999998977793546
"GO:0043295","glutathione binding",0.000519216316519402,10,1.68266602767807,0.0799996977630001,0.2220121514342,62816,6,6,1.0352271379433,0.812381090994443,0.999998977793546
"GO:0019199","transmembrane receptor protein kinase activity",0.0102409911929136,133,1.13463429631606,0.0800632733618536,0.2220121514342,172920,48,48,1.0352271379433,0.18893148031761,0.999998977793546
"GO:0015144","carbohydrate transmembrane transporter activity",0.0025182710793966,37,1.28364668787799,0.08014879113148,0.2220121514342,54518,23,23,1.0352271379433,0.450542577434483,0.999998977793546
"GO:0019003","GDP binding",0.00432672884865912,60,1.21154020145371,0.0808098307443657,0.223396438285322,168986,34,35,1.00564921971635,0.66459245206596,0.999998977793546
"GO:0000182","rDNA binding",0.000520987252580863,10,1.67694632161416,0.0813619556626792,0.224075640036256,289654,5,5,1.0352271379433,0.841015933627406,0.999998977793546
"GO:0004016","adenylate cyclase activity",0.00190818360622351,29,1.32777380359221,0.0813790952622648,0.224075640036256,193409,8,8,1.0352271379433,0.757993890325376,0.999998977793546
"GO:0008330","protein tyrosine/threonine phosphatase activity",0.00213973349625945,32,1.30658164052768,0.0823451816531067,0.225391455710579,101060,10,10,1.0352271379433,0.70723636002164,0.999998977793546
"GO:0017017","MAP kinase tyrosine/serine/threonine phosphatase activity",0.00213973349625945,32,1.30658164052768,0.0823451816531067,0.225391455710579,101060,10,10,1.0352271379433,0.70723636002164,0.999998977793546
"GO:0033550","MAP kinase tyrosine phosphatase activity",0.00213973349625945,32,1.30658164052768,0.0823451816531067,0.225391455710579,101060,10,10,1.0352271379433,0.70723636002164,0.999998977793546
"GO:0016776","phosphotransferase activity, phosphate group as acceptor",0.00206513281467043,31,1.31147484409354,0.0830742541267935,0.226938544310866,119691,12,12,1.0352271379433,0.659867028343879,0.999998977793546
"GO:0097371","MDM2/MDM4 family protein binding",0.000523643656673053,10,1.66843930159329,0.0834318646963612,0.227031224547665,75975,5,5,1.0352271379433,0.841015933627406,0.999998977793546
"GO:0015026","coreceptor activity",0.00650608703929375,87,1.16827650298207,0.0834360240395389,0.227031224547665,153727,33,34,1.00477928094497,0.677179781769103,0.999998977793546
"GO:0019956","chemokine binding",0.00123976592652608,20,1.40940743430727,0.0844170778428495,0.229250299632052,96375,12,12,1.0352271379433,0.659867028343879,0.999998977793546
"GO:0042169","SH2 domain binding",0.00458119022399021,63,1.2014576930606,0.0847147860600864,0.229263283224038,118491,22,23,0.990217262380552,0.816538099667205,0.999998977793546
"GO:0015145","monosaccharide transmembrane transporter activity",0.00146423207231617,23,1.37234776418679,0.0850839910304373,0.229263283224038,48957,16,16,1.0352271379433,0.57440608333713,0.999998977793546
"GO:0015149","hexose transmembrane transporter activity",0.00146423207231617,23,1.37234776418679,0.0850839910304373,0.229263283224038,48957,16,16,1.0352271379433,0.57440608333713,0.999998977793546
"GO:0055056","D-glucose transmembrane transporter activity",0.00146423207231617,23,1.37234776418679,0.0850839910304373,0.229263283224038,48957,16,16,1.0352271379433,0.57440608333713,0.999998977793546
"GO:0005109","frizzled binding",0.00442413033203944,61,1.20461476191766,0.085360627753069,0.229562076578642,86504,22,22,1.0352271379433,0.46645542622721,0.999998977793546
"GO:0038024","cargo receptor activity",0.00530594580714285,72,1.18553927193526,0.0856365977204001,0.22985792217588,109396,32,32,1.0352271379433,0.329600379087101,0.999998977793546
"GO:0016881","acid-amino acid ligase activity",0.00207343407745853,31,1.30622418411879,0.086248577570918,0.231052765833117,186974,10,11,0.941115579948459,0.948173729746837,0.999998977793546
"GO:0030983","mismatched DNA binding",0.000459668591452798,9,1.71058215801928,0.086450177259172,0.231145744216126,74489,6,6,1.0352271379433,0.812381090994443,0.999998977793546
"GO:0140311","protein sequestering activity",0.00316278112226432,45,1.24305296627368,0.0869146949503221,0.23154517567915,96007,19,19,1.0352271379433,0.517633663369636,0.999998977793546
"GO:0004190","aspartic-type endopeptidase activity",0.00109798035810541,18,1.43226768190606,0.0872253824181519,0.23154517567915,89833,10,10,1.0352271379433,0.70723636002164,0.999998977793546
"GO:0070001","aspartic-type peptidase activity",0.00109798035810541,18,1.43226768190606,0.0872253824181519,0.23154517567915,89833,10,10,1.0352271379433,0.70723636002164,0.999998977793546
"GO:0052689","carboxylic ester hydrolase activity",0.0111906556558717,144,1.12422494669962,0.087268290039362,0.23154517567915,103065,78,80,1.00934645949472,0.484351804990268,0.999998977793546
"GO:0015605","organophosphate ester transmembrane transporter activity",0.00332227605129959,47,1.23597134123261,0.0876035796211081,0.231962958931412,104840,19,19,1.0352271379433,0.517633663369636,0.999998977793546
"GO:0030332","cyclin binding",0.0019242327142805,29,1.31669947506067,0.0877607151480578,0.231962958931412,123465,12,14,0.887337546808547,0.989256959682135,0.999998977793546
"GO:0015215","nucleotide transmembrane transporter activity",0.0026196571689152,38,1.2673173937884,0.0882616827043274,0.232842724848559,111374,13,13,1.0352271379433,0.63738188522569,0.999998977793546
"GO:0008331","high voltage-gated calcium channel activity",0.000810535298629628,14,1.50904559199413,0.0886057296761786,0.233305961219596,207051,5,5,1.0352271379433,0.841015933627406,0.999998977793546
"GO:0004659","prenyltransferase activity",0.000810867349141151,14,1.50842763720625,0.0888210906338802,0.233429241988471,97314,6,6,1.0352271379433,0.812381090994443,0.999998977793546
"GO:0070628","proteasome binding",0.00147474700518109,23,1.36256293698792,0.0900125277073436,0.23607018852457,75910,7,8,0.905823745700391,0.971787038878688,0.999998977793546
"GO:0016645","oxidoreductase activity, acting on the CH-NH group of donors",0.00262508066060342,38,1.26469907982392,0.0901668806711172,0.23607018852457,80648,13,13,1.0352271379433,0.63738188522569,0.999998977793546
"GO:0140996","histone H3 kinase activity",0.000671738184812674,12,1.56072888499018,0.0907015827540286,0.237022060593075,242692,5,5,1.0352271379433,0.841015933627406,0.999998977793546
"GO:0016175","superoxide-generating NAD(P)H oxidase activity",0.000268075446303558,6,1.95542188336198,0.0909423599235986,0.237203707145356,30755,5,5,1.0352271379433,0.841015933627406,0.999998977793546
"GO:0015295","solute:proton symporter activity",0.00224410804038177,33,1.28474352198594,0.0927651293487612,0.240909109083254,85075,18,18,1.0352271379433,0.535907429923871,0.999998977793546
"GO:0001875","lipopolysaccharide immune receptor activity",0.00103478007741204,17,1.43531466155999,0.0929354272088931,0.240909109083254,140878,5,5,1.0352271379433,0.841015933627406,0.999998977793546
"GO:0044325","transmembrane transporter binding",0.0145421521521854,184,1.10544056459578,0.0930425958761902,0.240909109083254,146149,79,80,1.02228679871901,0.237931260785076,0.999998977793546
"GO:0005272","sodium channel activity",0.00263327123988768,38,1.26076533463006,0.0930965586266682,0.240909109083254,107943,21,22,0.988171358945881,0.828859677709802,0.999998977793546
"GO:0030506","ankyrin binding",0.00216806847324282,32,1.289505629706,0.0932326949231943,0.240909109083254,57182,9,9,1.0352271379433,0.73217689658379,0.999998977793546
"GO:0070008","serine-type exopeptidase activity",0.0010359975959543,17,1.43362786014149,0.0936542043140045,0.241547621927181,43494,7,7,1.0352271379433,0.78471803389454,0.999998977793546
"GO:0016853","isomerase activity",0.0115628842792899,148,1.11825743548647,0.0942864120309954,0.242726172235927,98935,77,82,0.972103531971152,0.939932093215013,0.999998977793546
"GO:0015194","L-serine transmembrane transporter activity",0.000606877651561689,11,1.58357194408565,0.0946901084953946,0.243313173035476,51059,5,5,1.0352271379433,0.841015933627406,0.999998977793546
"GO:0015278","intracellularly gated calcium channel activity",0.00126145989327897,20,1.38516913851678,0.095707790872866,0.245219736806489,144857,11,11,1.0352271379433,0.68314262304912,0.999998977793546
"GO:0099508","voltage-gated monoatomic ion channel activity involved in regulation of presynaptic membrane potential",0.000402666586974544,8,1.73576390012927,0.0957861932218849,0.245219736806489,66056,6,6,1.0352271379433,0.812381090994443,0.999998977793546
"GO:0051864","histone H3K36 demethylase activity",0.00133749946041792,21,1.37174042579109,0.0964155597939844,0.246375554086104,106589,6,6,1.0352271379433,0.812381090994443,0.999998977793546
"GO:0101005","deubiquitinase activity",0.00664842602523362,88,1.15640534328954,0.0969245601023998,0.247220102655292,79980,45,46,1.01272220016193,0.532542006991207,0.999998977793546
"GO:0000405","bubble DNA binding",0.000751762358089913,13,1.51080716086413,0.0972972810723449,0.247577649380488,73633,6,6,1.0352271379433,0.812381090994443,0.999998977793546
"GO:0031434","mitogen-activated protein kinase kinase binding",0.00111602176923154,18,1.40911389512131,0.097422251922286,0.247577649380488,200604,5,5,1.0352271379433,0.841015933627406,0.999998977793546
"GO:0003841","1-acylglycerol-3-phosphate O-acyltransferase activity",0.00303981174949667,43,1.23585643912404,0.0982630293661393,0.247580581615571,125052,14,14,1.0352271379433,0.615660437157757,0.999998977793546
"GO:0042171","lysophosphatidic acid acyltransferase activity",0.00303981174949667,43,1.23585643912404,0.0982630293661393,0.247580581615571,125052,14,14,1.0352271379433,0.615660437157757,0.999998977793546
"GO:0071617","lysophospholipid acyltransferase activity",0.00303981174949667,43,1.23585643912404,0.0982630293661393,0.247580581615571,125052,14,14,1.0352271379433,0.615660437157757,0.999998977793546
"GO:0015101","organic cation transmembrane transporter activity",0.00681743973559925,90,1.15336683804495,0.0983518408328935,0.247580581615571,83983,43,43,1.0352271379433,0.224842830668256,0.999998977793546
"GO:0036122","BMP binding",0.00164342866503519,25,1.32903191268822,0.0983999512458392,0.247580581615571,130240,15,15,1.0352271379433,0.594676830337026,0.999998977793546
"GO:0140223","general transcription initiation factor activity",0.00359444678724528,50,1.21530197626449,0.0985602206403086,0.247580581615571,190249,21,23,0.9452073868178,0.958236247157068,0.999998977793546
"GO:0010854","adenylate cyclase regulator activity",0.00149267773280338,23,1.34619520780269,0.0988409112393394,0.247580581615571,155992,8,8,1.0352271379433,0.757993890325376,0.999998977793546
"GO:0004033","aldo-keto reductase (NADPH) activity",0.00187398240353656,28,1.30538549054078,0.099041003971666,0.247580581615571,97215,17,17,1.0352271379433,0.554824057768819,0.999998977793546
"GO:0051119","sugar transmembrane transporter activity",0.00164508891759281,25,1.32769063039727,0.0992004159595651,0.247580581615571,45749,17,17,1.0352271379433,0.554824057768819,0.999998977793546
"GO:0005160","transforming growth factor beta receptor binding",0.00272856973669501,39,1.24875088064934,0.0993718915553057,0.247580581615571,142044,14,14,1.0352271379433,0.615660437157757,0.999998977793546
"GO:0004028","3-chloroallyl aldehyde dehydrogenase activity",0.000542902586341434,10,1.60925307560405,0.0993897497315939,0.247580581615571,153490,5,5,1.0352271379433,0.841015933627406,0.999998977793546
"GO:0050998","nitric-oxide synthase binding",0.00047461086447137,9,1.65672754250328,0.0999439381203936,0.247688921249248,28279,5,5,1.0352271379433,0.841015933627406,0.999998977793546
"GO:0032356","oxidized DNA binding",0.000543566687364482,10,1.60728697532842,0.0999697523309238,0.247688921249248,47070,7,7,1.0352271379433,0.78471803389454,0.999998977793546
"GO:0032357","oxidized purine DNA binding",0.000543566687364482,10,1.60728697532842,0.0999697523309238,0.247688921249248,47070,7,7,1.0352271379433,0.78471803389454,0.999998977793546
"GO:0140098","catalytic activity, acting on RNA",0.0223075960981851,276,1.08094243871871,0.101959419536499,0.251270529936424,96789,137,143,0.991791034253376,0.785709743602192,0.999998977793546
"GO:0005254","chloride channel activity",0.00740527982450024,97,1.14439649439694,0.102111029313975,0.251270529936424,178513,46,47,1.01320102862536,0.521291531419657,0.999998977793546
"GO:0015296","monoatomic anion:monoatomic cation symporter activity",0.00234505139588501,34,1.26669719836922,0.102141016862243,0.251270529936424,76633,12,14,0.887337546808547,0.989256959682135,0.999998977793546
"GO:0015377","chloride:monoatomic cation symporter activity",0.00234505139588501,34,1.26669719836922,0.102141016862243,0.251270529936424,76633,12,14,0.887337546808547,0.989256959682135,0.999998977793546
"GO:0004301","epoxide hydrolase activity",0.000546333774960514,10,1.59914634032371,0.102407660238391,0.251479803954205,47138,5,5,1.0352271379433,0.841015933627406,0.999998977793546
"GO:0004119","3',5'-cGMP-inhibited cyclic-nucleotide phosphodiesterase activity",0.000687455242358134,12,1.5250464664314,0.102599668237966,0.251505381432891,142247,5,5,1.0352271379433,0.841015933627406,0.999998977793546
"GO:0070411","I-SMAD binding",0.00242496488565841,35,1.26098188760019,0.102948454016785,0.251914503203617,172817,11,12,0.948958209781362,0.939174164806775,0.999998977793546
"GO:0004865","protein serine/threonine phosphatase inhibitor activity",0.000905944478940803,15,1.44655827779557,0.104026665767826,0.253972372829998,35860,9,9,1.0352271379433,0.73217689658379,0.999998977793546
"GO:0031210","phosphatidylcholine binding",0.00105315353904969,17,1.41027396436409,0.104156178893458,0.253972372829998,167421,9,9,1.0352271379433,0.73217689658379,0.999998977793546
"GO:0019206","nucleoside kinase activity",0.000411631950785687,8,1.69795887837329,0.104983428313819,0.255539627793742,20933,5,5,1.0352271379433,0.841015933627406,0.999998977793546
"GO:0008252","nucleotidase activity",0.000835328403490072,14,1.46425611106042,0.105590416751697,0.256566188072106,206637,6,6,1.0352271379433,0.812381090994443,0.999998977793546
"GO:0055106","ubiquitin-protein transferase regulator activity",0.00189191313115885,28,1.2930136161204,0.107345035871808,0.259131479264973,146960,15,15,1.0352271379433,0.594676830337026,0.999998977793546
"GO:1903763","gap junction channel activity involved in cell communication by electrical coupling",0.000551867950152577,10,1.58310997509784,0.107385910616903,0.259131479264973,46413,5,5,1.0352271379433,0.841015933627406,0.999998977793546
"GO:0046943","carboxylic acid transmembrane transporter activity",0.0141319590869496,178,1.10043371876279,0.107426600315607,0.259131479264973,105137,81,85,0.986510566745972,0.837055348357566,0.999998977793546
"GO:0070410","co-SMAD binding",0.00173828442782716,26,1.30676882987446,0.107432840388237,0.259131479264973,100244,7,7,1.0352271379433,0.78471803389454,0.999998977793546
"GO:0008568","microtubule severing ATPase activity",0.000838427541597628,14,1.45884367923076,0.107842317985646,0.259131479264973,99415,6,6,1.0352271379433,0.812381090994443,0.999998977793546
"GO:0004714","transmembrane receptor protein tyrosine kinase activity",0.00907471911293813,117,1.12641630640219,0.108042110455372,0.259131479264973,176474,40,40,1.0352271379433,0.249575888958634,0.999998977793546
"GO:0016849","phosphorus-oxygen lyase activity",0.00251583604231209,36,1.25016237611158,0.1081316402842,0.259131479264973,191090,13,13,1.0352271379433,0.63738188522569,0.999998977793546
"GO:0099602","neurotransmitter receptor regulator activity",0.00135919342717081,21,1.3498461974967,0.108307287256276,0.259131479264973,63649,8,8,1.0352271379433,0.757993890325376,0.999998977793546
"GO:1990050","phosphatidic acid transfer activity",0.000347546202061591,7,1.75967211308487,0.108359514350726,0.259131479264973,47836,5,5,1.0352271379433,0.841015933627406,0.999998977793546
"GO:0099507","ligand-gated monoatomic ion channel activity involved in regulation of presynaptic membrane potential",0.00113450591437303,18,1.38615564922031,0.108618001297251,0.259131479264973,195935,7,8,0.905823745700391,0.971787038878688,0.999998977793546
"GO:0003995","acyl-CoA dehydrogenase activity",0.000282242934795241,6,1.85726737313832,0.108891350853584,0.259131479264973,18242,6,6,1.0352271379433,0.812381090994443,0.999998977793546
"GO:0052890","oxidoreductase activity, acting on the CH-CH group of donors, with a flavin as acceptor",0.000282242934795241,6,1.85726737313832,0.108891350853584,0.259131479264973,18242,6,6,1.0352271379433,0.812381090994443,0.999998977793546
"GO:0015166","polyol transmembrane transporter activity",0.000348431670092321,7,1.75520026527525,0.109406495360661,0.259910799441707,60141,5,5,1.0352271379433,0.841015933627406,0.999998977793546
"GO:0061134","peptidase regulator activity",0.0133967992544359,169,1.10212768885266,0.110044589127017,0.260887390987044,83253,83,85,1.01086885234464,0.44314218300421,0.999998977793546
"GO:1990817","poly(A) RNA polymerase activity",0.000914799159248105,15,1.43255650378182,0.110194313160593,0.260887390987044,112207,8,8,1.0352271379433,0.757993890325376,0.999998977793546
"GO:0003724","RNA helicase activity",0.00411078533266481,56,1.19017133765999,0.110595312317736,0.261389944641748,88202,30,31,1.00183271413868,0.715248459959081,0.999998977793546
"GO:0046935","1-phosphatidylinositol-3-kinase regulator activity",0.000219817438628764,5,1.98725738565908,0.110951943817287,0.261786102533123,168696,4,5,0.828181710354644,0.989219168638288,0.999998977793546
"GO:0001786","phosphatidylserine binding",0.00467648872079754,63,1.17697412879644,0.111348135927933,0.26227409568059,121181,23,24,0.992092673862333,0.804092990582669,0.999998977793546
"GO:0008200","ion channel inhibitor activity",0.00323649633582261,45,1.21474089501967,0.112105658215406,0.263610079165259,176334,21,22,0.988171358945881,0.828859677709802,0.999998977793546
"GO:0008514","organic anion transmembrane transporter activity",0.0192711048538037,239,1.08352152907084,0.112434708742103,0.263935714589514,108548,120,124,1.00183271413868,0.585046685202038,0.999998977793546
"GO:0005138","interleukin-6 receptor binding",0.000285231389398955,6,1.83780822720322,0.112893527939921,0.264108509745606,78812,5,5,1.0352271379433,0.841015933627406,0.999998977793546
"GO:0106222","lncRNA binding",0.00174935277821129,26,1.29850075755637,0.11302216742954,0.264108509745606,122024,11,11,1.0352271379433,0.68314262304912,0.999998977793546
"GO:0035381","ATP-gated ion channel activity",0.000488335618947688,9,1.61016493704761,0.11334028068827,0.264108509745606,27638,5,5,1.0352271379433,0.841015933627406,0.999998977793546
"GO:0008970","phospholipase A1 activity",0.000919337182905597,15,1.42548513168273,0.113438457320822,0.264108509745606,32135,13,13,1.0352271379433,0.63738188522569,0.999998977793546
"GO:0031625","ubiquitin protein ligase binding",0.0282214157084242,345,1.06803763750973,0.113461778554971,0.264108509745606,101665,144,151,0.987236475919443,0.857193188775739,0.999998977793546
"GO:0019957","C-C chemokine binding",0.000920222650936327,15,1.42411348373307,0.114078022201541,0.26509741736432,120547,8,8,1.0352271379433,0.757993890325376,0.999998977793546
"GO:0004843","cysteine-type deubiquitinase activity",0.00655689076755689,86,1.14590010952406,0.114590439216757,0.265842141231505,81584,43,44,1.01169924844459,0.555466640738987,0.999998977793546
"GO:0090554","phosphatidylcholine floppase activity",0.000775448627911945,13,1.46465918307011,0.115291476149062,0.266721544851684,236854,6,6,1.0352271379433,0.812381090994443,0.999998977793546
"GO:0005131","growth hormone receptor binding",0.00035352311126902,7,1.72992186446039,0.115530418313658,0.266721544851684,31604,5,5,1.0352271379433,0.841015933627406,0.999998977793546
"GO:0016405","CoA-ligase activity",0.00206402597963202,30,1.26984979662771,0.115547239646939,0.266721544851684,31883,13,13,1.0352271379433,0.63738188522569,0.999998977793546
"GO:1900750","oligopeptide binding",0.000703947084430484,12,1.48931817657318,0.116034237671375,0.267342286031303,106104,7,7,1.0352271379433,0.78471803389454,0.999998977793546
"GO:0070566","adenylyltransferase activity",0.00198765436198154,29,1.27468651152298,0.116202206635989,0.267342286031303,111734,14,14,1.0352271379433,0.615660437157757,0.999998977793546
"GO:0030546","signaling receptor activator activity",0.042373519193073,511,1.05359238774228,0.118958217080426,0.271601380171947,135523,211,216,1.01126354678721,0.250202965846354,0.999998977793546
"GO:0043236","laminin binding",0.00494378938257421,66,1.16635359818497,0.118963875288461,0.271601380171947,119520,16,16,1.0352271379433,0.57440608333713,0.999998977793546
"GO:0099095","ligand-gated monoatomic anion channel activity",0.00470139250916183,63,1.17073956859823,0.119134120500067,0.271601380171947,181171,26,27,0.996885392093553,0.766235362794079,0.999998977793546
"GO:0008649","rRNA methyltransferase activity",0.000635655362560419,11,1.5118796742855,0.119172081985671,0.271601380171947,34889,7,7,1.0352271379433,0.78471803389454,0.999998977793546
"GO:0140102","catalytic activity, acting on a rRNA",0.000635655362560419,11,1.5118796742855,0.119172081985671,0.271601380171947,34889,7,7,1.0352271379433,0.78471803389454,0.999998977793546
"GO:0086008","voltage-gated potassium channel activity involved in cardiac muscle cell action potential repolarization",0.00107628639135252,17,1.3799626461255,0.11942152551132,0.271601380171947,48596,9,10,0.931704424148974,0.956641725643139,0.999998977793546
"GO:0031690","adrenergic receptor binding",0.00270078817723085,38,1.22924749297913,0.11968154884739,0.271601380171947,190176,11,11,1.0352271379433,0.68314262304912,0.999998977793546
"GO:0016597","amino acid binding",0.00381669926295855,52,1.19031432724406,0.119768614050754,0.271601380171947,111154,24,24,1.0352271379433,0.435170820341084,0.999998977793546
"GO:0004620","phospholipase activity",0.00600424803287743,79,1.14951521841059,0.119818370602931,0.271601380171947,106666,45,47,0.991174919307419,0.785677707351081,0.999998977793546
"GO:0004708","MAP kinase kinase activity",0.000495419363193529,9,1.58714202463227,0.120623729301621,0.272980171703833,125550,7,7,1.0352271379433,0.78471803389454,0.999998977793546
"GO:0051861","glycolipid binding",0.00176484846874907,26,1.28709968473994,0.121148214195506,0.273719864046942,68533,13,13,1.0352271379433,0.63738188522569,0.999998977793546
"GO:0098973","structural constituent of postsynaptic actin cytoskeleton",0.00115520372959135,18,1.36131986246126,0.122053622413703,0.274670709056271,110367,7,8,0.905823745700391,0.971787038878688,0.999998977793546
"GO:0048038","quinone binding",0.0013066187628462,20,1.33729544020972,0.122172758340174,0.274670709056271,86903,6,6,1.0352271379433,0.812381090994443,0.999998977793546
"GO:0016725","oxidoreductase activity, acting on CH or CH2 groups",0.000783971257707723,13,1.44873672689386,0.122209322605152,0.274670709056271,115713,5,5,1.0352271379433,0.841015933627406,0.999998977793546
"GO:0003950","NAD+-protein poly-ADP-ribosyltransferase activity",0.00138310106400052,21,1.32651338870514,0.122426004216005,0.274670709056271,170600,11,12,0.948958209781362,0.939174164806775,0.999998977793546
"GO:0004197","cysteine-type endopeptidase activity",0.0047930384503424,64,1.16658212981162,0.122560648517527,0.274670709056271,66859,38,40,0.983465781046139,0.845859603034914,0.999998977793546
"GO:0016298","lipase activity",0.00757927429253871,98,1.12965208889424,0.124438482004817,0.278026896125467,93680,56,58,0.999529650428018,0.684017092037151,0.999998977793546
"GO:0033549","MAP kinase phosphatase activity",0.00255413253464117,36,1.23141752509171,0.124655605460858,0.278026896125467,105912,12,12,1.0352271379433,0.659867028343879,0.999998977793546
"GO:0016896","RNA exonuclease activity, producing 5'-phosphomonoesters",0.00108381286961373,17,1.37037957219407,0.124660435013657,0.278026896125467,68477,10,11,0.941115579948459,0.948173729746837,0.999998977793546
"GO:1990404","NAD+-protein ADP-ribosyltransferase activity",0.00146412138881233,22,1.3127797050834,0.125226558120433,0.278840487133119,164256,12,13,0.955594281178435,0.929688745762142,0.999998977793546
"GO:0009975","cyclase activity",0.00216264498155459,31,1.25234135017643,0.125534248642909,0.278927772266123,192401,9,9,1.0352271379433,0.73217689658379,0.999998977793546
"GO:0017134","fibroblast growth factor binding",0.00383330178853474,52,1.1851589220211,0.125788731205593,0.278927772266123,144393,12,12,1.0352271379433,0.659867028343879,0.999998977793546
"GO:0052742","phosphatidylinositol kinase activity",0.000936050391985629,15,1.40003304998898,0.125869933333088,0.278927772266123,118130,7,7,1.0352271379433,0.78471803389454,0.999998977793546
"GO:0004300","enoyl-CoA hydratase activity",0.00064351389133315,11,1.49341674740654,0.126422453196872,0.279306272763633,85744,5,5,1.0352271379433,0.841015933627406,0.999998977793546
"GO:0005375","copper ion transmembrane transporter activity",0.000643624574836991,11,1.49315992595385,0.126526273254331,0.279306272763633,199063,6,6,1.0352271379433,0.812381090994443,0.999998977793546
"GO:0015294","solute:monoatomic cation symporter activity",0.0090743870624266,116,1.11682968220673,0.126645732343366,0.279306272763633,80262,57,59,1.00013469258929,0.674614922692353,0.999998977793546
"GO:0008017","microtubule binding",0.024939317769019,305,1.06846802225738,0.127376724251715,0.279397784929836,121260,142,145,1.01380864543413,0.267258762111358,0.999998977793546
"GO:0030020","extracellular matrix structural constituent conferring tensile strength",0.00660448467420864,86,1.13764240804769,0.12754221961523,0.279397784929836,139373,31,31,1.0352271379433,0.341254106776252,0.999998977793546
"GO:1990226","histone methyltransferase binding",0.000717229104891436,12,1.46173821034034,0.127552578495011,0.279397784929836,73219,8,9,0.920201900394048,0.964529840258071,0.999998977793546
"GO:0005499","vitamin D binding",0.00057300849938626,10,1.52470278845622,0.127644410895774,0.279397784929836,159443,5,5,1.0352271379433,0.841015933627406,0.999998977793546
"GO:0005351","carbohydrate:proton symporter activity",0.00101308611065915,16,1.37981187996728,0.127718762671538,0.279397784929836,59472,6,6,1.0352271379433,0.812381090994443,0.999998977793546
"GO:0008168","methyltransferase activity",0.0186955506338291,231,1.07949336544819,0.127897614184488,0.279397784929836,181936,94,97,1.00320980378011,0.578697462012211,0.999998977793546
"GO:0051213","dioxygenase activity",0.00726548655914871,94,1.13034081162786,0.12852500322489,0.280326188136178,116288,38,38,1.0352271379433,0.267552801072738,0.999998977793546
"GO:0140939","histone H4 methyltransferase activity",0.00177879459023307,26,1.27700855411477,0.128761363630308,0.280400139352163,330014,10,10,1.0352271379433,0.70723636002164,0.999998977793546
"GO:0016783","sulfurtransferase activity",0.000574336701432355,10,1.52117678470569,0.128981905865421,0.280439465657156,57029,5,5,1.0352271379433,0.841015933627406,0.999998977793546
"GO:0048018","receptor ligand activity",0.0418733404392143,504,1.05157241915813,0.129601697708596,0.281345378254555,135412,207,211,1.01560197893016,0.149345726072293,0.999998977793546
"GO:0016614","oxidoreductase activity, acting on CH-OH group of donors",0.00933681765003426,119,1.11351056707846,0.129964556446107,0.281691566006038,109145,55,56,1.01674093905146,0.42690858073444,0.999998977793546
"GO:0008171","O-methyltransferase activity",0.00147275470211195,22,1.30508416795756,0.130505877120228,0.282422874705494,142650,10,10,1.0352271379433,0.70723636002164,0.999998977793546
"GO:0003727","single-stranded RNA binding",0.00917743340450283,117,1.11380939902194,0.131517252935196,0.282891255365375,126830,42,43,1.01115208822369,0.56713247072837,0.999998977793546
"GO:0022840","leak channel activity",0.00241090808067057,34,1.23209592975157,0.131518000823368,0.282891255365375,149473,11,12,0.948958209781362,0.939174164806775,0.999998977793546
"GO:0022842","narrow pore channel activity",0.00241090808067057,34,1.23209592975157,0.131518000823368,0.282891255365375,149473,11,12,0.948958209781362,0.939174164806775,0.999998977793546
"GO:0015291","secondary active transmembrane transporter activity",0.0201501532413111,248,1.07527509243941,0.13153932740455,0.282891255365375,102590,131,134,1.01205041097442,0.325859394841434,0.999998977793546
"GO:0009982","pseudouridine synthase activity",0.000795593025611056,13,1.4275740451571,0.132015562438066,0.28347527748329,15119,5,5,1.0352271379433,0.841015933627406,0.999998977793546
"GO:0005080","protein kinase C binding",0.00433724378152405,58,1.16831625447506,0.132897988966415,0.284928350957406,140420,24,24,1.0352271379433,0.435170820341084,0.999998977793546
"GO:0160041","neuropeptide activity",0.00155488186196217,23,1.29233973323085,0.133641117036457,0.285810777664097,132266,10,10,1.0352271379433,0.70723636002164,0.999998977793546
"GO:0098847","sequence-specific single stranded DNA binding",0.000578985408593689,10,1.50896316877038,0.13372229886378,0.285810777664097,32323,5,5,1.0352271379433,0.841015933627406,0.999998977793546
"GO:0015095","magnesium ion transmembrane transporter activity",0.00171360200647056,25,1.27460701715506,0.135900126280552,0.290017989057881,81935,12,12,1.0352271379433,0.659867028343879,0.999998977793546
"GO:0005104","fibroblast growth factor receptor binding",0.00155997330313887,23,1.28812179455279,0.136775410503924,0.290111647838872,176751,12,12,1.0352271379433,0.659867028343879,0.999998977793546
"GO:0016505","peptidase activator activity involved in apoptotic process",0.00148282690096151,22,1.29621929826403,0.136829356886591,0.290111647838872,102232,10,10,1.0352271379433,0.70723636002164,0.999998977793546
"GO:0015645","fatty acid ligase activity",0.00171537294253202,25,1.27329112398985,0.13694336705979,0.290111647838872,30653,11,11,1.0352271379433,0.68314262304912,0.999998977793546
"GO:0120515","fatty acid-CoA ligase activity",0.00171537294253202,25,1.27329112398985,0.13694336705979,0.290111647838872,30653,11,11,1.0352271379433,0.68314262304912,0.999998977793546
"GO:0005251","delayed rectifier potassium channel activity",0.00163778380633929,24,1.28026810880657,0.136991348510197,0.290111647838872,161953,13,14,0.961282342375926,0.91976071010881,0.999998977793546
"GO:0008146","sulfotransferase activity",0.00738314312373198,95,1.12416116018978,0.138233671933421,0.292295626912654,173253,30,30,1.0352271379433,0.353318440749891,0.999998977793546
"GO:0090482","vitamin transmembrane transporter activity",0.00171825071363189,25,1.27115858281336,0.138648703576647,0.292726302520816,59646,14,14,1.0352271379433,0.615660437157757,0.999998977793546
"GO:0097493","structural molecule activity conferring elasticity",0.00118088230248252,18,1.33171763094087,0.140030145509033,0.295130421766017,71720,6,6,1.0352271379433,0.812381090994443,0.999998977793546
"GO:0005402","carbohydrate:monoatomic cation symporter activity",0.00125769665414836,19,1.31984810684607,0.140381304489707,0.295130421766017,56068,8,8,1.0352271379433,0.757993890325376,0.999998977793546
"GO:0051287","NAD binding",0.00306681852443394,42,1.19648558577014,0.140472300394317,0.295130421766017,79825,20,21,0.985930607565052,0.841033696728272,0.999998977793546
"GO:0061608","nuclear import signal receptor activity",0.000658234797344039,11,1.46001765081917,0.140639767772976,0.295130421766017,102307,6,6,1.0352271379433,0.812381090994443,0.999998977793546
"GO:0004029","aldehyde dehydrogenase (NAD+) activity",0.0019572163984252,28,1.24987172653656,0.141241725920333,0.295498172809157,104878,9,9,1.0352271379433,0.73217689658379,0.999998977793546
"GO:0004030","aldehyde dehydrogenase [NAD(P)+] activity",0.0019572163984252,28,1.24987172653656,0.141241725920333,0.295498172809157,104878,9,9,1.0352271379433,0.73217689658379,0.999998977793546
"GO:0005253","monoatomic anion channel activity",0.00847392905408771,108,1.11348710066678,0.142416293435343,0.297506133345324,171901,53,55,0.997582514745366,0.712166289937969,0.999998977793546
"GO:0005452","solute:inorganic anion antiporter activity",0.00180480521363576,26,1.25860446910207,0.143714156725399,0.299765221482949,116108,16,16,1.0352271379433,0.57440608333713,0.999998977793546
"GO:0070034","telomerase RNA binding",0.000884582562699438,14,1.38272533410573,0.144717601362431,0.300835955265895,134033,7,7,1.0352271379433,0.78471803389454,0.999998977793546
"GO:0031996","thioesterase binding",0.000589500341458609,10,1.48204775363084,0.144779587551408,0.300835955265895,79318,7,7,1.0352271379433,0.78471803389454,0.999998977793546
"GO:0030165","PDZ domain binding",0.0111473784058698,140,1.09723979488184,0.144879120694839,0.300835955265895,210747,41,42,1.01057887275418,0.578927644399207,0.999998977793546
"GO:0032451","demethylase activity",0.00204432431594828,29,1.23935140086247,0.146009368254153,0.301375521657232,96080,11,11,1.0352271379433,0.68314262304912,0.999998977793546
"GO:0032452","histone demethylase activity",0.00204432431594828,29,1.23935140086247,0.146009368254153,0.301375521657232,96080,11,11,1.0352271379433,0.68314262304912,0.999998977793546
"GO:0140457","protein demethylase activity",0.00204432431594828,29,1.23935140086247,0.146009368254153,0.301375521657232,96080,11,11,1.0352271379433,0.68314262304912,0.999998977793546
"GO:0141052","histone H3 demethylase activity",0.00204432431594828,29,1.23935140086247,0.146009368254153,0.301375521657232,96080,11,11,1.0352271379433,0.68314262304912,0.999998977793546
"GO:0048273","mitogen-activated protein kinase p38 binding",0.00259973413822377,36,1.20981738798605,0.146281772486602,0.30148847454456,154432,6,6,1.0352271379433,0.812381090994443,0.999998977793546
"GO:0022841","potassium ion leak channel activity",0.00236198597197272,33,1.22062675296462,0.146717565672902,0.301547228930007,140902,10,11,0.941115579948459,0.948173729746837,0.999998977793546
"GO:1904680","peptide transmembrane transporter activity",0.00103776853201576,16,1.34699425526243,0.146795417561356,0.301547228930007,121252,7,7,1.0352271379433,0.78471803389454,0.999998977793546
"GO:0046933","proton-transporting ATP synthase activity, rotational mechanism",0.000308806975717146,6,1.69750243781459,0.146963450922566,0.301547228930007,20239,4,5,0.828181710354644,0.989219168638288,0.999998977793546
"GO:0005217","intracellularly ligand-gated monoatomic ion channel activity",0.00188914604356281,27,1.24866083353423,0.147243156373839,0.301674218310307,128113,18,19,0.980741499104183,0.864835227900107,0.999998977793546
"GO:0005372","water transmembrane transporter activity",0.000813302386225659,13,1.39648914488149,0.147770558862028,0.30202976015757,61480,10,10,1.0352271379433,0.70723636002164,0.999998977793546
"GO:0098918","structural constituent of synapse",0.00470349549573481,62,1.15164125855265,0.147852835658363,0.30202976015757,211602,19,20,0.983465781046139,0.853034600606386,0.999998977793546
"GO:0001094","TFIID-class transcription factor complex binding",0.000592599479566165,10,1.47429703695141,0.148125783654324,0.302141694199174,72393,6,6,1.0352271379433,0.812381090994443,0.999998977793546
"GO:0060229","lipase activator activity",0.00165748547002303,24,1.26505023078536,0.14921366669056,0.303913129950625,66462,14,14,1.0352271379433,0.615660437157757,0.999998977793546
"GO:0042301","phosphate ion binding",0.000968702025618804,15,1.35284272209287,0.152311964000994,0.309768091250186,54058,6,6,1.0352271379433,0.812381090994443,0.999998977793546
"GO:0140328","floppase activity",0.00253321335241517,35,1.20709801089843,0.153001773115806,0.310714744524034,154059,11,11,1.0352271379433,0.68314262304912,0.999998977793546
"GO:0015180","L-alanine transmembrane transporter activity",0.000525303909230672,9,1.49684949478594,0.154015095462945,0.312076763287932,43016,6,6,1.0352271379433,0.812381090994443,0.999998977793546
"GO:0070097","delta-catenin binding",0.00135388061898643,20,1.29061254673608,0.154123109089492,0.312076763287932,99036,7,7,1.0352271379433,0.78471803389454,0.999998977793546
"GO:1901505","carbohydrate derivative transmembrane transporter activity",0.0040702751702589,54,1.15908756767076,0.155083579719193,0.313563150235156,77320,28,28,1.0352271379433,0.378737098630381,0.999998977793546
"GO:0042805","actinin binding",0.00374641523801934,50,1.16600483571228,0.155541971562691,0.314031531507765,150940,24,24,1.0352271379433,0.435170820341084,0.999998977793546
"GO:0030544","Hsp70 protein binding",0.00653486475029248,84,1.12302374995406,0.156327678545848,0.315158420358078,241462,27,27,1.0352271379433,0.392121786670984,0.999998977793546
"GO:0016667","oxidoreductase activity, acting on a sulfur group of donors",0.00278070166700425,38,1.19392063353038,0.156801409080913,0.315653999385269,82420,23,26,0.915777852796,0.989127408756842,0.999998977793546
"GO:0008199","ferric iron binding",0.00128071882294735,19,1.2961225510407,0.157154347417267,0.315905328262576,94353,7,7,1.0352271379433,0.78471803389454,0.999998977793546
"GO:0031435","mitogen-activated protein kinase kinase kinase binding",0.0021441608364131,30,1.22239102867611,0.157838331488384,0.316484809767048,173845,9,9,1.0352271379433,0.73217689658379,0.999998977793546
"GO:0016741","transferase activity, transferring one-carbon groups",0.0193704986402532,237,1.0689411693143,0.157969523042086,0.316484809767048,178424,97,100,1.00417032380501,0.555746783397589,0.999998977793546
"GO:0005021","vascular endothelial growth factor receptor activity",0.00128271112601649,19,1.29410941738648,0.158655292133631,0.316484809767048,169183,5,5,1.0352271379433,0.841015933627406,0.999998977793546
"GO:0008308","voltage-gated monoatomic anion channel activity",0.00143788939840195,21,1.27596884806862,0.158738521321531,0.316484809767048,91504,11,12,0.948958209781362,0.939174164806775,0.999998977793546
"GO:0022848","acetylcholine-gated monoatomic cation-selective channel activity",0.0010523787545228,16,1.32829387224869,0.158784927039855,0.316484809767048,58193,9,9,1.0352271379433,0.73217689658379,0.999998977793546
"GO:0043021","ribonucleoprotein complex binding",0.00986765573445699,124,1.09787767592863,0.159018603066098,0.316484809767048,113625,69,70,1.02043817882983,0.305919140764771,0.999998977793546
"GO:0140597","protein carrier chaperone",0.00190873702374272,27,1.23584477278992,0.159042185991239,0.316484809767048,69979,16,16,1.0352271379433,0.57440608333713,0.999998977793546
"GO:0042975","peroxisome proliferator activated receptor binding",0.00105337490605738,16,1.32703773640229,0.159620866392317,0.317180631209984,150501,8,8,1.0352271379433,0.757993890325376,0.999998977793546
"GO:0008353","RNA polymerase II CTD heptapeptide repeat kinase activity",0.000459004490429751,8,1.52271740262124,0.161138482083331,0.319737532500592,140991,5,5,1.0352271379433,0.841015933627406,0.999998977793546
"GO:0005545","1-phosphatidylinositol binding",0.00191382846491942,27,1.23255700114292,0.162193358562456,0.320589461406221,165439,7,7,1.0352271379433,0.78471803389454,0.999998977793546
"GO:0016671","oxidoreductase activity, acting on a sulfur group of donors, disulfide as acceptor",0.000828687393259596,13,1.37056260673023,0.162231614841212,0.320589461406221,143302,7,7,1.0352271379433,0.78471803389454,0.999998977793546
"GO:0015216","purine nucleotide transmembrane transporter activity",0.00191393914842326,27,1.23248572211209,0.162262247253257,0.320589461406221,83288,12,12,1.0352271379433,0.659867028343879,0.999998977793546
"GO:0050815","phosphoserine residue binding",0.000250919503208161,5,1.7409321428844,0.163688173686613,0.322325328960401,44008,5,5,1.0352271379433,0.841015933627406,0.999998977793546
"GO:0016769","transferase activity, transferring nitrogenous groups",0.00287478264526933,39,1.18523877525768,0.16372763099495,0.322325328960401,147458,18,18,1.0352271379433,0.535907429923871,0.999998977793546
"GO:0035325","Toll-like receptor binding",0.000905944478940803,14,1.35012105927587,0.163839011976983,0.322325328960401,105143,7,7,1.0352271379433,0.78471803389454,0.999998977793546
"GO:1901981","phosphatidylinositol phosphate binding",0.0200939260213597,245,1.06524019096212,0.166760349142171,0.327607210726109,139332,95,98,1.00353651127157,0.571020000111276,0.999998977793546
"GO:0043208","glycosphingolipid binding",0.000536372259614799,9,1.46596114367603,0.167422846223441,0.328442835721623,36525,5,5,1.0352271379433,0.841015933627406,0.999998977793546
"GO:0046790","virion binding",0.0010638898389223,16,1.31392198682278,0.168586014049037,0.330256901637787,121842,5,5,1.0352271379433,0.841015933627406,0.999998977793546
"GO:0050664","oxidoreductase activity, acting on NAD(P)H, oxygen as acceptor",0.000913360273698168,14,1.33915909720952,0.170766916760624,0.333784628581382,40056,10,10,1.0352271379433,0.70723636002164,0.999998977793546
"GO:0033300","dehydroascorbic acid transmembrane transporter activity",0.000323859932239559,6,1.61860280297427,0.170868809865848,0.333784628581382,44844,6,6,1.0352271379433,0.812381090994443,0.999998977793546
"GO:0099186","structural constituent of postsynapse",0.00386340770157956,51,1.15330956346578,0.171193234740105,0.333869615835029,191408,14,15,0.966211995413751,0.909430932647998,0.999998977793546
"GO:0005159","insulin-like growth factor receptor binding",0.000914024374721216,14,1.33818610682647,0.17139443816513,0.333869615835029,100662,10,10,1.0352271379433,0.70723636002164,0.999998977793546
"GO:0030145","manganese ion binding",0.00616872371958556,79,1.11886587933754,0.172364819571557,0.335184371643016,130351,35,36,1.00647082855599,0.652074625621272,0.999998977793546
"GO:0008483","transaminase activity",0.00273056203976416,37,1.18384797092015,0.172553398542578,0.335184371643016,153989,16,16,1.0352271379433,0.57440608333713,0.999998977793546
"GO:0005385","zinc ion transmembrane transporter activity",0.000992056244929312,15,1.32099514713341,0.17291013119781,0.335406907155415,160032,8,9,0.920201900394048,0.964529840258071,0.999998977793546
"GO:0031957","very long-chain fatty acid-CoA ligase activity",0.000764490961031659,12,1.37137159447016,0.173385972284981,0.335859540719859,27507,6,6,1.0352271379433,0.812381090994443,0.999998977793546
"GO:0008138","protein tyrosine/serine/threonine phosphatase activity",0.00305674632558438,41,1.17184647054116,0.1741610761191,0.336889791096304,104064,15,16,0.970525441821848,0.898738035335471,0.999998977793546
"GO:0034185","apolipoprotein binding",0.0019330873945878,27,1.22027730356497,0.174424098836102,0.336928001238496,131913,10,10,1.0352271379433,0.70723636002164,0.999998977793546
"GO:0016936","galactoside binding",0.00054257053582991,9,1.44921413754673,0.175162339879426,0.337882786536218,74229,6,6,1.0352271379433,0.812381090994443,0.999998977793546
"GO:0008191","metalloendopeptidase inhibitor activity",0.00107351930375649,16,1.30213611066507,0.177019171410479,0.340687556758699,103322,7,7,1.0352271379433,0.78471803389454,0.999998977793546
"GO:0005149","interleukin-1 receptor binding",0.000398681980836258,7,1.53397291368309,0.177108332755425,0.340687556758699,19465,5,5,1.0352271379433,0.841015933627406,0.999998977793546
"GO:0050997","quaternary ammonium group binding",0.00154492034661646,22,1.2441216462848,0.179622528919819,0.345044663736407,144271,13,13,1.0352271379433,0.63738188522569,0.999998977793546
"GO:0004722","protein serine/threonine phosphatase activity",0.0102841577594117,128,1.08739541622692,0.181490916561739,0.34815085794738,136262,49,51,0.994629995278861,0.749331425629213,0.999998977793546
"GO:0032266","phosphatidylinositol-3-phosphate binding",0.00752581416018338,95,1.1028498130785,0.182032527314781,0.348706846930805,138566,26,27,0.996885392093553,0.766235362794079,0.999998977793546
"GO:0043121","neurotrophin binding",0.00115708534915665,17,1.2836002267959,0.182412203350823,0.348951521603439,166427,7,7,1.0352271379433,0.78471803389454,0.999998977793546
"GO:0015116","sulfate transmembrane transporter activity",0.0004754963325021,8,1.46990434559364,0.183431417542941,0.350417259719963,130054,7,7,1.0352271379433,0.78471803389454,0.999998977793546
"GO:0140142","nucleocytoplasmic carrier activity",0.00147175855057738,21,1.24660534746631,0.183842114249079,0.350718082968285,74678,11,11,1.0352271379433,0.68314262304912,0.999998977793546
"GO:0016709","oxidoreductase activity, acting on paired donors, with incorporation or reduction of molecular oxygen, NAD(P)H as one donor, and incorporation of one atom of oxygen",0.00275325215805162,37,1.17409163588342,0.18501667938423,0.352473316295955,137605,19,19,1.0352271379433,0.517633663369636,0.999998977793546
"GO:0001727","lipid kinase activity",0.00243083111136199,33,1.18605659358277,0.185327934449509,0.35258130386342,121609,14,15,0.966211995413751,0.909430932647998,0.999998977793546
"GO:0005242","inward rectifier potassium channel activity",0.0023514710391078,32,1.18893086724788,0.18601657592701,0.353405977584238,125917,17,17,1.0352271379433,0.554824057768819,0.999998977793546
"GO:0016651","oxidoreductase activity, acting on NAD(P)H",0.00620713089541848,79,1.11194279695291,0.186328539552759,0.353513736000783,124436,35,35,1.0352271379433,0.296965880161657,0.999998977793546
"GO:0034235","GPI anchor binding",0.000929962799274359,14,1.31525123425053,0.186797694552082,0.353919024561742,99362,5,5,1.0352271379433,0.841015933627406,0.999998977793546
"GO:0043178","alcohol binding",0.00646292047279565,82,1.10848877316488,0.188749983663024,0.357129408979902,103539,45,49,0.950718800152014,0.975220405057417,0.999998977793546
"GO:0005313","L-glutamate transmembrane transporter activity",0.00055386025322172,9,1.41967380140968,0.18966689571483,0.358374693813151,84279,5,5,1.0352271379433,0.841015933627406,0.999998977793546
"GO:0004532","RNA exonuclease activity",0.00132255718739935,19,1.25512043167561,0.190267923228566,0.359020536337281,72776,11,12,0.948958209781362,0.939174164806775,0.999998977793546
"GO:0008092","cytoskeletal protein binding",0.101889478094074,1195,1.02467189883919,0.19089856637045,0.359720427786495,122401,526,539,1.01025876541406,0.114099387521016,0.999998977793546
"GO:0016799","hydrolase activity, hydrolyzing N-glycosyl compounds",0.0043175421178403,56,1.13317687347959,0.191264116776678,0.359919567575679,76764,23,23,1.0352271379433,0.450542577434483,0.999998977793546
"GO:0008375","acetylglucosaminyltransferase activity",0.00341657839657235,45,1.15071395980531,0.191800962157941,0.360440071355153,73848,21,21,1.0352271379433,0.482928346749147,0.999998977793546
"GO:0005245","voltage-gated calcium channel activity",0.00407282089084725,53,1.13691191075198,0.192162152815178,0.360477166402588,125260,24,24,1.0352271379433,0.435170820341084,0.999998977793546
"GO:0052745","inositol phosphate phosphatase activity",0.00415539078471284,54,1.13534576921195,0.192341246188818,0.360477166402588,111407,9,9,1.0352271379433,0.73217689658379,0.999998977793546
"GO:0005247","voltage-gated chloride channel activity",0.000859125356815945,13,1.3220049261259,0.192850301210262,0.360572525081464,94528,7,7,1.0352271379433,0.78471803389454,0.999998977793546
"GO:0001540","amyloid-beta binding",0.00914821295948873,114,1.08871659764496,0.192912809447917,0.360572525081464,144352,48,49,1.01410005349548,0.499231847069666,0.999998977793546
"GO:0033764","steroid dehydrogenase activity, acting on the CH-OH group of donors, NAD or NADP as acceptor",0.00101518909723214,15,1.29089397119023,0.194619507006255,0.363272260382295,109149,10,10,1.0352271379433,0.70723636002164,0.999998977793546
"GO:0008195","phosphatidate phosphatase activity",0.00109388506846328,16,1.27789316374993,0.195533283102184,0.363859838649313,125247,6,7,0.887337546808547,0.978359433593858,0.999998977793546
"GO:0016661","oxidoreductase activity, acting on other nitrogenous compounds as donors",0.000938817479581661,14,1.302846129471,0.195631863206153,0.363859838649313,38178,6,7,0.887337546808547,0.978359433593858,0.999998977793546
"GO:0004126","cytidine deaminase activity",0.000410857166258798,7,1.4885157422108,0.195722440284287,0.363859838649313,27254,5,5,1.0352271379433,0.841015933627406,0.999998977793546
"GO:0032454","histone H3K9 demethylase activity",0.00148791834213821,21,1.2330663769441,0.19649553667849,0.364094403915375,115703,8,8,1.0352271379433,0.757993890325376,0.999998977793546
"GO:0031386","protein tag activity",0.000786074244280707,12,1.33371777006553,0.196663635197647,0.364094403915375,30444,7,7,1.0352271379433,0.78471803389454,0.999998977793546
"GO:0141047","molecular tag activity",0.000786074244280707,12,1.33371777006553,0.196663635197647,0.364094403915375,30444,7,7,1.0352271379433,0.78471803389454,0.999998977793546
"GO:0061135","endopeptidase regulator activity",0.0106742064269483,132,1.0804000418198,0.197019769051438,0.364094403915375,86983,62,63,1.01879496115055,0.362484295275143,0.999998977793546
"GO:0035497","cAMP response element binding",0.000863220646458073,13,1.31573307303362,0.197163034611214,0.364094403915375,143436,6,6,1.0352271379433,0.812381090994443,0.999998977793546
"GO:0005518","collagen binding",0.00623701544145562,79,1.10661494326742,0.197622225015577,0.364456433617275,75437,33,34,1.00477928094497,0.677179781769103,0.999998977793546
"GO:0036002","pre-mRNA binding",0.00367458164402636,48,1.14124685719515,0.198100114522715,0.364851939646224,188292,16,17,0.97433142394664,0.88771849243011,0.999998977793546
"GO:0015932","nucleobase-containing compound transmembrane transporter activity",0.00482967469011386,62,1.12155369043645,0.198922050223497,0.365879202602315,96413,27,27,1.0352271379433,0.392121786670984,0.999998977793546
"GO:0008395","steroid hydroxylase activity",0.00125470819954465,18,1.25336056849931,0.199406326263041,0.365924669046909,76757,12,12,1.0352271379433,0.659867028343879,0.999998977793546
"GO:0008137","NADH dehydrogenase (ubiquinone) activity",0.00343152066959092,45,1.14570327101475,0.19953625619574,0.365924669046909,165654,14,14,1.0352271379433,0.615660437157757,0.999998977793546
"GO:0005068","transmembrane receptor protein tyrosine kinase adaptor activity",0.0021315429169752,29,1.18863954584743,0.199739386136797,0.365924669046909,198780,7,7,1.0352271379433,0.78471803389454,0.999998977793546
"GO:0016616","oxidoreductase activity, acting on the CH-OH group of donors, NAD or NADP as acceptor",0.00908711566536835,113,1.0864222362359,0.200122629170172,0.366142458917686,112364,52,53,1.01569455043494,0.456951821291369,0.999998977793546
"GO:0016251","RNA polymerase II general transcription initiation factor activity",0.00310843552187825,41,1.15236020427771,0.201697219196976,0.368393075049682,216306,16,18,0.920201900394048,0.978212582807557,0.999998977793546
"GO:0031072","heat shock protein binding",0.0138151828989559,169,1.06875048331285,0.201955447349839,0.368393075049682,159245,68,68,1.0352271379433,0.0940939781820983,0.999998977793546
"GO:0140416","transcription regulator inhibitor activity",0.00343650142726378,45,1.14404272453203,0.202150712662642,0.368393075049682,94456,16,16,1.0352271379433,0.57440608333713,0.999998977793546
"GO:0047144","2-acylglycerol-3-phosphate O-acyltransferase activity",0.0013371674099064,19,1.24140667478619,0.202589479061739,0.368707527595937,115102,6,6,1.0352271379433,0.812381090994443,0.999998977793546
"GO:1990381","ubiquitin-specific protease binding",0.00102415446104328,15,1.2795935916737,0.203364346030186,0.369632046262215,295618,7,8,0.905823745700391,0.971787038878688,0.999998977793546
"GO:0016829","lyase activity",0.0144167477423332,176,1.06657555746358,0.204275697761668,0.370801889121769,122097,88,92,0.990217262380552,0.79638016871589,0.999998977793546
"GO:0042562","hormone binding",0.00969023007779943,120,1.08191568184736,0.204834821305948,0.371330140718243,171205,46,48,0.992092673862333,0.776693267551545,0.999998977793546
"GO:0015252","proton channel activity",0.0017397233133771,24,1.20525049026663,0.206540888398773,0.373933503833072,155744,9,11,0.847004021953613,0.9947477071765,0.999998977793546
"GO:0042166","acetylcholine binding",0.000642739106806261,10,1.35928815840156,0.207386241293375,0.374973817482147,220141,5,5,1.0352271379433,0.841015933627406,0.999998977793546
"GO:0043184","vascular endothelial growth factor receptor 2 binding",0.00150175378011836,21,1.22170631672019,0.207659772368772,0.374978858840612,158445,6,6,1.0352271379433,0.812381090994443,0.999998977793546
"GO:0016493","C-C chemokine receptor activity",0.00102946726922766,15,1.2729899477214,0.208630078011654,0.376240440164246,120490,8,8,1.0352271379433,0.757993890325376,0.999998977793546
"GO:0043394","proteoglycan binding",0.00493659495482453,63,1.11496006627157,0.209603866382079,0.377180287097701,121681,20,21,0.985930607565052,0.841033696728272,0.999998977793546
"GO:0035035","histone acetyltransferase binding",0.00230808310560202,31,1.17342817057964,0.209695899686086,0.377180287097701,100069,13,13,1.0352271379433,0.63738188522569,0.999998977793546
"GO:0005230","extracellular ligand-gated monoatomic ion channel activity",0.00560623015306422,71,1.10645481795915,0.211724864374808,0.38033584586136,199154,34,35,1.00564921971635,0.66459245206596,0.999998977793546
"GO:0051879","Hsp90 protein binding",0.00263780926354517,35,1.15923347496779,0.21271645394361,0.381622135637176,67470,18,18,1.0352271379433,0.535907429923871,0.999998977793546
"GO:0090556","phosphatidylserine floppase activity",0.00174990619573049,24,1.19823701492795,0.214304775765759,0.383887354570232,118350,6,6,1.0352271379433,0.812381090994443,0.999998977793546
"GO:0016798","hydrolase activity, acting on glycosyl bonds",0.00913127838340102,113,1.08116783954918,0.214533438582931,0.383887354570232,93518,57,58,1.01737839418566,0.407688928581554,0.999998977793546
"GO:0070700","BMP receptor binding",0.000879933855538105,13,1.29074241969675,0.2152081289772,0.384597753075383,264455,9,9,1.0352271379433,0.73217689658379,0.999998977793546
"GO:0008093","cytoskeletal anchor activity",0.00239961836327876,32,1.16507547392441,0.216530475444712,0.386462253209957,109053,14,14,1.0352271379433,0.615660437157757,0.999998977793546
"GO:0016866","intramolecular transferase activity",0.0014334620582483,20,1.21896167644782,0.217144332995696,0.386742422437767,21927,12,13,0.955594281178435,0.929688745762142,0.999998977793546
"GO:0016846","carbon-sulfur lyase activity",0.000959736661807661,14,1.27444826088952,0.217245923939771,0.386742422437767,99573,8,8,1.0352271379433,0.757993890325376,0.999998977793546
"GO:0005542","folic acid binding",0.000962614432907534,14,1.27063825114097,0.220297444685094,0.390622337645256,81116,4,5,0.828181710354644,0.989219168638288,0.999998977793546
"GO:0140326","ATPase-coupled intramembrane lipid transporter activity",0.00355260842279328,46,1.13124519876793,0.220318247548612,0.390622337645256,164964,14,14,1.0352271379433,0.615660437157757,0.999998977793546
"GO:0008271","secondary active sulfate transmembrane transporter activity",0.000352526959734448,6,1.48698015745768,0.220340432274002,0.390622337645256,29614,5,5,1.0352271379433,0.841015933627406,0.999998977793546
"GO:1990459","transferrin receptor binding",0.00112000637536982,16,1.24808954811153,0.22055355093039,0.390622337645256,83938,4,5,0.828181710354644,0.989219168638288,0.999998977793546
"GO:0097027","ubiquitin-protein transferase activator activity",0.000807546844025913,12,1.29825433155228,0.221129394360649,0.391142032170497,124595,7,7,1.0352271379433,0.78471803389454,0.999998977793546
"GO:0005280","amino acid:proton symporter activity",0.000280914732749146,5,1.55504064929824,0.222106721245838,0.391963220243774,69412,5,5,1.0352271379433,0.841015933627406,0.999998977793546
"GO:0008656","cysteine-type endopeptidase activator activity involved in apoptotic process",0.00120069464967011,17,1.23697979083005,0.222159659127338,0.391963220243774,112794,8,8,1.0352271379433,0.757993890325376,0.999998977793546
"GO:0008417","fucosyltransferase activity",0.00080987119760658,12,1.29452830436045,0.223850532019378,0.394444003621932,104388,5,5,1.0352271379433,0.841015933627406,0.999998977793546
"GO:0034236","protein kinase A catalytic subunit binding",0.000966266988534296,14,1.26583515122256,0.224196648970266,0.394551917184013,289819,4,5,0.828181710354644,0.989219168638288,0.999998977793546
"GO:0016229","steroid dehydrogenase activity",0.00128260044251265,18,1.22610419438282,0.224562097338172,0.394693534027117,105072,11,11,1.0352271379433,0.68314262304912,0.999998977793546
"GO:1902282","voltage-gated potassium channel activity involved in ventricular cardiac muscle cell action potential repolarization",0.00104939029991909,15,1.24882180189397,0.228906215479833,0.40181889536067,46207,8,9,0.920201900394048,0.964529840258071,0.999998977793546
"GO:0008409","5'-3' exonuclease activity",0.00145050731783986,20,1.20463736525568,0.232001632558936,0.406737039359653,53516,9,9,1.0352271379433,0.73217689658379,0.999998977793546
"GO:0047184","1-acylglycerophosphocholine O-acyltransferase activity",0.00137114724558567,19,1.21064207604875,0.232644164233063,0.407347872898599,112016,6,6,1.0352271379433,0.812381090994443,0.999998977793546
"GO:0072349","modified amino acid transmembrane transporter activity",0.00226192808450021,30,1.15874726010538,0.233689161981147,0.408660971393798,96612,13,14,0.961282342375926,0.91976071010881,0.999998977793546
"GO:0004806","triacylglycerol lipase activity",0.00145305303842821,20,1.20252686408255,0.234257764632342,0.409138718809324,54552,9,9,1.0352271379433,0.73217689658379,0.999998977793546
"GO:0008106","alcohol dehydrogenase (NADP+) activity",0.00145493465799351,20,1.20097167528914,0.2359313874922,0.411542785487025,119769,14,14,1.0352271379433,0.615660437157757,0.999998977793546
"GO:0018455","alcohol dehydrogenase [NAD(P)+] activity",0.00243049906085047,32,1.15027261144319,0.237300309164327,0.4134099725693,87844,20,20,1.0352271379433,0.499980982462438,0.999998977793546
"GO:0000995","RNA polymerase III general transcription initiation factor activity",0.000589168290947086,9,1.33459472144544,0.238100192104694,0.414282369428394,90496,6,6,1.0352271379433,0.812381090994443,0.999998977793546
"GO:0070279","vitamin B6 binding",0.00466863019202481,59,1.10410098106788,0.240079716464418,0.417202518573676,110950,31,32,1.00287628988258,0.702519665139935,0.999998977793546
"GO:0008297","single-stranded DNA exodeoxyribonuclease activity",0.000903730808863978,13,1.25675471360554,0.24205087069615,0.419825288960146,41349,7,7,1.0352271379433,0.78471803389454,0.999998977793546
"GO:0000175","3'-5'-RNA exonuclease activity",0.000825256204640517,12,1.27039479654043,0.242195238901918,0.419825288960146,62196,8,9,0.920201900394048,0.964529840258071,0.999998977793546
"GO:0070577","lysine-acetylated histone binding",0.00114236444314576,16,1.22366225533771,0.243013213342671,0.419865776781002,136632,10,11,0.941115579948459,0.948173729746837,0.999998977793546
"GO:0140033","acetylation-dependent protein binding",0.00114236444314576,16,1.22366225533771,0.243013213342671,0.419865776781002,136632,10,11,0.941115579948459,0.948173729746837,0.999998977793546
"GO:0005184","neuropeptide hormone activity",0.001382769013489,19,1.20046698455871,0.243342131593123,0.419865776781002,23491,9,9,1.0352271379433,0.73217689658379,0.999998977793546
"GO:0016176","superoxide-generating NADPH oxidase activator activity",0.00211217330380297,28,1.15817647855924,0.243431204877361,0.419865776781002,92222,5,5,1.0352271379433,0.841015933627406,0.999998977793546
"GO:0016004","phospholipase activator activity",0.00138476131655814,19,1.1987398319952,0.24519618706149,0.421901437533893,65217,12,12,1.0352271379433,0.659867028343879,0.999998977793546
"GO:0034481","chondroitin sulfotransferase activity",0.00106488599045687,15,1.23064956904238,0.245220691129808,0.421901437533893,48812,6,6,1.0352271379433,0.812381090994443,0.999998977793546
"GO:0042887","amide transmembrane transporter activity",0.00318502850653641,41,1.12464845624601,0.246323081270967,0.423272292258423,119306,15,15,1.0352271379433,0.594676830337026,0.999998977793546
"GO:0140713","histone chaperone activity",0.000673509120874134,10,1.29718756546226,0.247935585713994,0.425515224552517,84515,6,6,1.0352271379433,0.812381090994443,0.999998977793546
"GO:0099529","neurotransmitter receptor activity involved in regulation of postsynaptic membrane potential",0.00435251810505414,55,1.10399819059882,0.248939842718192,0.426710002679079,230130,24,25,0.993818052425572,0.791546924131439,0.999998977793546
"GO:0140299","molecular sensor activity",0.00560777972211799,70,1.09056951250103,0.249319779875281,0.426832997685123,81364,37,39,0.982138566766725,0.853971816082902,0.999998977793546
"GO:0008083","growth factor activity",0.012033510537623,146,1.06000221213422,0.250349135417775,0.427975952335775,163497,73,74,1.02123758202515,0.276985019664621,0.999998977793546
"GO:0019531","oxalate transmembrane transporter activity",0.000369018801806798,6,1.42052543536374,0.250727475039767,0.427975952335775,167355,5,5,1.0352271379433,0.841015933627406,0.999998977793546
"GO:0046982","protein heterodimerization activity",0.0287077590243028,341,1.037770557864,0.250914421152815,0.427975952335775,144041,133,139,0.99054107443496,0.805019325570224,0.999998977793546
"GO:0070888","E-box binding",0.00805521335905618,99,1.07375303632734,0.25190502644248,0.429137099167079,88084,35,36,1.00647082855599,0.652074625621272,0.999998977793546
"GO:0034483","heparan sulfate sulfotransferase activity",0.00286515318043514,37,1.12823647696052,0.253056535693261,0.430392371986135,230611,10,10,1.0352271379433,0.70723636002164,0.999998977793546
"GO:0003954","NADH dehydrogenase activity",0.000913360273698168,13,1.24350487598027,0.253263381349242,0.430392371986135,71290,5,5,1.0352271379433,0.841015933627406,0.999998977793546
"GO:0003678","DNA helicase activity",0.00319775710947816,41,1.12017181741495,0.254145392773581,0.431361971803198,134347,23,24,0.992092673862333,0.804092990582669,0.999998977793546
"GO:0030170","pyridoxal phosphate binding",0.00461472732565411,58,1.09806540061544,0.255028527558632,0.432331102409676,112509,30,31,1.00183271413868,0.715248459959081,0.999998977793546
"GO:0005034","osmosensor activity",0.00083687797254385,12,1.25275275796924,0.256413853834689,0.433690279016211,93226,5,5,1.0352271379433,0.841015933627406,0.999998977793546
"GO:0000979","RNA polymerase II core promoter sequence-specific DNA binding",0.00311861840423165,40,1.12058295511611,0.256461100569948,0.433690279016211,141299,11,12,0.948958209781362,0.939174164806775,0.999998977793546
"GO:0042813","Wnt receptor activity",0.00245883403783384,32,1.1370171629386,0.257115547529839,0.433690279016211,83066,10,10,1.0352271379433,0.70723636002164,0.999998977793546
"GO:0050661","NADP binding",0.00278878156278466,36,1.12780563617305,0.257166729906879,0.433690279016211,144397,22,23,0.990217262380552,0.816538099667205,0.999998977793546
"GO:0016893","endonuclease activity, active with either ribo- or deoxyribonucleic acids and producing 5'-phosphomonoesters",0.00303726602890832,39,1.12183253925759,0.25739596343056,0.433690279016211,91453,17,17,1.0352271379433,0.554824057768819,0.999998977793546
"GO:0004602","glutathione peroxidase activity",0.000917566246844137,13,1.23780485362958,0.258219406391858,0.434549061789458,75198,8,8,1.0352271379433,0.757993890325376,0.999998977793546
"GO:0047045","testosterone 17-beta-dehydrogenase (NADP+) activity",0.000603778513454133,9,1.30230022039488,0.259319323536965,0.435870464925602,96918,6,6,1.0352271379433,0.812381090994443,0.999998977793546
"GO:0043548","phosphatidylinositol 3-kinase binding",0.00304169336906197,39,1.12019965466204,0.260232821080525,0.43687570569276,172818,12,12,1.0352271379433,0.659867028343879,0.999998977793546
"GO:0140104","molecular carrier activity",0.00487826474830018,61,1.09247303736014,0.261373936279383,0.438260171606472,75560,35,39,0.929049995590145,0.990161504676971,0.999998977793546
"GO:0016641","oxidoreductase activity, acting on the CH-NH2 group of donors, oxygen as acceptor",0.00132288923791087,18,1.18876300238522,0.263160970915291,0.440723028679176,118802,7,7,1.0352271379433,0.78471803389454,0.999998977793546
"GO:0004177","aminopeptidase activity",0.00279973922966495,36,1.12339161134676,0.264522782140356,0.442468663362794,129763,15,16,0.970525441821848,0.898738035335471,0.999998977793546
"GO:0140999","histone H3K4 trimethyltransferase activity",0.000844515134308898,12,1.24142380118026,0.26591360742718,0.443972559007787,327661,6,6,1.0352271379433,0.812381090994443,0.999998977793546
"GO:0008381","mechanosensitive monoatomic ion channel activity",0.00230642285304441,30,1.13639308031066,0.266062977600335,0.443972559007787,190462,11,11,1.0352271379433,0.68314262304912,0.999998977793546
"GO:0046875","ephrin receptor binding",0.00206026274050142,27,1.14495235343087,0.266488714377152,0.444147857295254,164635,16,16,1.0352271379433,0.57440608333713,0.999998977793546
"GO:0016892","RNA endonuclease activity, producing 3'-phosphomonoesters",0.000531280818438101,8,1.31556438930631,0.267216862585391,0.44448534510618,23172,5,5,1.0352271379433,0.841015933627406,0.999998977793546
"GO:0008569","minus-end-directed microtubule motor activity",0.00181543083000453,24,1.15498885538415,0.267333063157724,0.44448534510618,124243,11,11,1.0352271379433,0.68314262304912,0.999998977793546
"GO:0004675","transmembrane receptor protein serine/threonine kinase activity",0.00116627207997547,16,1.19857816620865,0.267982392234339,0.444954511831309,146485,8,8,1.0352271379433,0.757993890325376,0.999998977793546
"GO:0046030","inositol trisphosphate phosphatase activity",0.00380374929300912,48,1.10249241727352,0.268390026092274,0.444954511831309,118243,6,6,1.0352271379433,0.812381090994443,0.999998977793546
"GO:0016712","oxidoreductase activity, acting on paired donors, with incorporation or reduction of molecular oxygen, reduced flavin or flavoprotein as one donor, and incorporation of one atom of oxygen",0.00198079198474339,26,1.14678165361971,0.268579041076516,0.444954511831309,48444,17,18,0.977714519168676,0.876406731132929,0.999998977793546
"GO:0016717","oxidoreductase activity, acting on paired donors, with oxidation of a pair of donors resulting in the reduction of molecular oxygen to two molecules of water",0.00124972744187179,17,1.1884471500243,0.270880540136086,0.448231240249078,42215,6,6,1.0352271379433,0.812381090994443,0.999998977793546
"GO:0042056","chemoattractant activity",0.00190209601351224,25,1.14829594644135,0.271324270979129,0.448353919993996,154579,14,14,1.0352271379433,0.615660437157757,0.999998977793546
"GO:0022858","alanine transmembrane transporter activity",0.00108912567779811,15,1.2032601121704,0.271602121931381,0.448353919993996,66551,8,8,1.0352271379433,0.757993890325376,0.999998977793546
"GO:0055105","ubiquitin-protein transferase inhibitor activity",0.000769914452719881,11,1.24823533200426,0.271964039491105,0.448416898446643,61433,6,6,1.0352271379433,0.812381090994443,0.999998977793546
"GO:0016634","oxidoreductase activity, acting on the CH-CH group of donors, oxygen as acceptor",0.00038052988620629,6,1.37755433435215,0.272590463416034,0.448915329169092,48238,5,5,1.0352271379433,0.841015933627406,0.999998977793546
"GO:0043495","protein-membrane adaptor activity",0.00281390671815663,36,1.11773554690698,0.27416048274924,0.450964689557836,112949,18,20,0.931704424148974,0.971040873543599,0.999998977793546
"GO:0016805","dipeptidase activity",0.00141685953267211,19,1.17158300430372,0.275823699717008,0.453162306178003,67401,10,10,1.0352271379433,0.70723636002164,0.999998977793546
"GO:0035374","chondroitin sulfate binding",0.00257139916124041,33,1.12121964997697,0.278604594146554,0.457188818593575,142423,9,9,1.0352271379433,0.73217689658379,0.999998977793546
"GO:0034046","poly(G) binding",0.000695977872153912,10,1.25530953178083,0.279141820900009,0.457528309995873,151982,5,5,1.0352271379433,0.841015933627406,0.999998977793546
"GO:0052739","phosphatidylserine 1-acylhydrolase activity",0.000617946001945816,9,1.27244271937203,0.280438271172455,0.459109935666489,30540,8,8,1.0352271379433,0.757993890325376,0.999998977793546
"GO:0015929","hexosaminidase activity",0.000384957226359941,6,1.36171127127737,0.281119171528512,0.459681289925607,21874,6,6,1.0352271379433,0.812381090994443,0.999998977793546
"GO:0140312","cargo adaptor activity",0.00232723135176656,30,1.12623223663624,0.281793356768651,0.460240329156346,109771,9,10,0.931704424148974,0.956641725643139,0.999998977793546
"GO:0005506","iron ion binding",0.010767844671198,130,1.05477743090807,0.28225186776557,0.460446215377285,118104,65,69,0.975213970526301,0.914824517616783,0.999998977793546
"GO:0051011","microtubule minus-end binding",0.000385842694390671,6,1.35858628844025,0.282832102697336,0.460849955571542,16450,5,5,1.0352271379433,0.841015933627406,0.999998977793546
"GO:0016638","oxidoreductase activity, acting on the CH-NH2 group of donors",0.0018354645441998,24,1.14238239196833,0.28449252407036,0.463010747165039,112933,10,10,1.0352271379433,0.70723636002164,0.999998977793546
"GO:0050811","GABA receptor binding",0.0011824318715363,16,1.18219771013204,0.285355585960632,0.463711539163042,94477,9,9,1.0352271379433,0.73217689658379,0.999998977793546
"GO:0017018","myosin phosphatase activity",0.00907505116344965,110,1.05898512878507,0.28577235895953,0.463711539163042,147391,36,38,0.980741499104183,0.861937545712678,0.999998977793546
"GO:0017151","DEAD/H-box RNA helicase binding",0.000940699099146962,13,1.20736583557939,0.286060908851916,0.463711539163042,73734,6,6,1.0352271379433,0.812381090994443,0.999998977793546
"GO:0004936","alpha-adrenergic receptor activity",0.00266503740549012,34,1.11460725732406,0.286262358111481,0.463711539163042,172322,5,5,1.0352271379433,0.841015933627406,0.999998977793546
"GO:0016408","C-acyltransferase activity",0.00126511244890573,17,1.17399446814736,0.286908641783857,0.464215501017105,87528,8,8,1.0352271379433,0.757993890325376,0.999998977793546
"GO:1904315","transmitter-gated monoatomic ion channel activity involved in regulation of postsynaptic membrane potential",0.00425744097525449,53,1.08761075211077,0.28846987604307,0.466196940863071,237399,23,24,0.992092673862333,0.804092990582669,0.999998977793546
"GO:0005212","structural constituent of eye lens",0.00159550270787192,21,1.1499210062615,0.290377184333286,0.468099748536957,88856,13,13,1.0352271379433,0.63738188522569,0.999998977793546
"GO:0051059","NF-kappaB binding",0.00200735602566529,26,1.13160589287486,0.290456805097271,0.468099748536957,104098,15,15,1.0352271379433,0.594676830337026,0.999998977793546
"GO:0008484","sulfuric ester hydrolase activity",0.00102526129608169,14,1.1929980427694,0.290771919592967,0.468099748536957,470772,6,6,1.0352271379433,0.812381090994443,0.999998977793546
"GO:0031433","telethonin binding",0.000390048667536639,6,1.34393637954106,0.290999193855827,0.468099748536957,68562,5,5,1.0352271379433,0.841015933627406,0.999998977793546
"GO:0015035","protein-disulfide reductase activity",0.00184465127501862,24,1.13669310008465,0.292490056360729,0.469952120718805,60594,15,17,0.913435709949974,0.981384607125682,0.999998977793546
"GO:0019843","rRNA binding",0.00300937378594032,38,1.10319864931347,0.29397572393027,0.471791862854488,53787,26,27,0.996885392093553,0.766235362794079,0.999998977793546
"GO:0070739","protein-glutamic acid ligase activity",0.0016002620985371,21,1.14650098943557,0.294857813410524,0.472113377541707,269264,5,6,0.86268928161942,0.984190146792223,0.999998977793546
"GO:0070740","tubulin-glutamic acid ligase activity",0.0016002620985371,21,1.14650098943557,0.294857813410524,0.472113377541707,269264,5,6,0.86268928161942,0.984190146792223,0.999998977793546
"GO:1904047","S-adenosyl-L-methionine binding",0.00119305748790506,16,1.1716688131868,0.296973672841572,0.47492630063944,215132,7,9,0.805176662844792,0.997187234050847,0.999998977793546
"GO:0120227","acyl-CoA binding",0.00135720112410167,18,1.15870946048835,0.297829472492933,0.47492630063944,145180,8,8,1.0352271379433,0.757993890325376,0.999998977793546
"GO:0045125","bioactive lipid receptor activity",0.000869640289680866,12,1.20555728687863,0.297941657663974,0.47492630063944,56347,6,6,1.0352271379433,0.812381090994443,0.999998977793546
"GO:0000217","DNA secondary structure binding",0.00419025608842284,52,1.08419908464147,0.298198391889611,0.47492630063944,66853,24,24,1.0352271379433,0.435170820341084,0.999998977793546
"GO:0071933","Arp2/3 complex binding",0.00193397286261853,25,1.129369074549,0.298329156358348,0.47492630063944,115368,7,7,1.0352271379433,0.78471803389454,0.999998977793546
"GO:0001965","G-protein alpha-subunit binding",0.00351962473864858,44,1.092201008764,0.299211723601279,0.47578442845898,182662,17,17,1.0352271379433,0.554824057768819,0.999998977793546
"GO:0004090","carbonyl reductase (NADPH) activity",0.000472618561402227,7,1.29399775997342,0.299799692428481,0.476172676620925,75037,7,7,1.0352271379433,0.78471803389454,0.999998977793546
"GO:0000774","adenyl-nucleotide exchange factor activity",0.000551867950152577,8,1.26648798007827,0.30062060587806,0.476929598099785,77612,7,7,1.0352271379433,0.78471803389454,0.999998977793546
"GO:0008173","RNA methyltransferase activity",0.0036905200685795,46,1.08897151260697,0.301090259847904,0.477128157768131,111623,20,21,0.985930607565052,0.841033696728272,0.999998977793546
"GO:0003746","translation elongation factor activity",0.00111602176923154,15,1.17426157926775,0.301942349668703,0.477931604904176,102099,7,7,1.0352271379433,0.78471803389454,0.999998977793546
"GO:0030368","interleukin-17 receptor activity",0.000632666907956705,9,1.24283549724529,0.302862456884812,0.478697365069815,38433,6,6,1.0352271379433,0.812381090994443,0.999998977793546
"GO:0016628","oxidoreductase activity, acting on the CH-CH group of donors, NAD or NADP as acceptor",0.00177403519956789,23,1.13269207464606,0.303117392899804,0.478697365069815,93149,17,18,0.977714519168676,0.876406731132929,0.999998977793546
"GO:0004622","lysophospholipase activity",0.00152876055505564,20,1.14297514275092,0.305212748047976,0.481457467023288,77664,12,13,0.955594281178435,0.929688745762142,0.999998977793546
"GO:0005024","transforming growth factor beta receptor activity",0.00111934227434677,15,1.17077815719932,0.305755848277701,0.481492150538842,154184,7,7,1.0352271379433,0.78471803389454,0.999998977793546
"GO:0016877","ligase activity, forming carbon-sulfur bonds",0.0035301396715135,44,1.08894776063481,0.305930030667279,0.481492150538842,105132,20,20,1.0352271379433,0.499980982462438,0.999998977793546
"GO:0043237","laminin-1 binding",0.00269281896495428,34,1.1031079593016,0.306474719794972,0.481801914774161,168478,5,5,1.0352271379433,0.841015933627406,0.999998977793546
"GO:0015245","fatty acid transmembrane transporter activity",0.00103920741756569,14,1.17698805731952,0.307345287759851,0.482622702434686,29911,9,9,1.0352271379433,0.73217689658379,0.999998977793546
"GO:0008504","monoamine transmembrane transporter activity",0.00112177731143128,15,1.16823675419406,0.308561012262131,0.483983014703342,61229,8,8,1.0352271379433,0.757993890325376,0.999998977793546
"GO:0070403","NAD+ binding",0.000798028062695564,11,1.20426143819995,0.310000390148014,0.48569065651018,92770,5,6,0.86268928161942,0.984190146792223,0.999998977793546
"GO:0015453","oxidoreduction-driven active transmembrane transporter activity",0.00480233586466507,59,1.07336082284141,0.31037964800572,0.485735381342285,165622,22,22,1.0352271379433,0.46645542622721,0.999998977793546
"GO:0140829","bicarbonate:monoatomic anion antiporter activity",0.000638754500667975,9,1.23099076455624,0.312257755035586,0.486760762364628,193706,7,7,1.0352271379433,0.78471803389454,0.999998977793546
"GO:0140900","chloride:bicarbonate antiporter activity",0.000638754500667975,9,1.23099076455624,0.312257755035586,0.486760762364628,193706,7,7,1.0352271379433,0.78471803389454,0.999998977793546
"GO:0019207","kinase regulator activity",0.0216688415975171,256,1.03216832861247,0.312793251780082,0.486760762364628,143461,113,119,0.983030811660449,0.889190026839334,0.999998977793546
"GO:0042799","histone H4K20 methyltransferase activity",0.000559283744909942,8,1.24969504624387,0.312881124300892,0.486760762364628,113932,6,6,1.0352271379433,0.812381090994443,0.999998977793546
"GO:0016796","exonuclease activity, active with either ribo- or deoxyribonucleic acids and producing 5'-phosphomonoesters",0.00286902710306959,36,1.09626136372116,0.312896623448927,0.486760762364628,52037,20,22,0.941115579948459,0.962773886912976,0.999998977793546
"GO:0004527","exonuclease activity",0.00396258012102134,49,1.08034951665053,0.313143566257677,0.486760762364628,70514,28,30,0.966211995413751,0.919374799876572,0.999998977793546
"GO:0140135","mechanosensitive monoatomic cation channel activity",0.00178632106849427,23,1.12490170223849,0.314312069532104,0.488029390473054,240907,7,7,1.0352271379433,0.78471803389454,0.999998977793546
"GO:0004364","glutathione transferase activity",0.00112753285363103,15,1.16227343710187,0.315219272719877,0.48888991345692,59624,9,9,1.0352271379433,0.73217689658379,0.999998977793546
"GO:0016409","palmitoyltransferase activity",0.00312603419898902,39,1.08997651488042,0.316597817043526,0.490478721034993,105756,18,20,0.931704424148974,0.971040873543599,0.999998977793546
"GO:0061783","peptidoglycan muralytic activity",0.000968480658611121,13,1.17273168418162,0.3206162421648,0.49589676588542,192477,6,6,1.0352271379433,0.812381090994443,0.999998977793546
"GO:0008499","UDP-galactose:beta-N-acetylglucosamine beta-1,3-galactosyltransferase activity",0.00105038645145366,14,1.16446163015521,0.320811192948257,0.49589676588542,51595,5,5,1.0352271379433,0.841015933627406,0.999998977793546
"GO:0016714","oxidoreductase activity, acting on paired donors, with incorporation or reduction of molecular oxygen, reduced pteridine as one donor, and incorporation of one atom of oxygen",0.00056514997061353,8,1.23672328019394,0.322649764771769,0.498182747167113,74812,5,5,1.0352271379433,0.841015933627406,0.999998977793546
"GO:0003779","actin binding",0.0472891949656715,552,1.0198197430017,0.324308285867169,0.500185942011168,116154,236,242,1.00956034939926,0.277490958521955,0.999998977793546
"GO:0022829","wide pore channel activity",0.00246602846558352,31,1.09827188694333,0.324939726036659,0.500602358799525,100754,17,17,1.0352271379433,0.554824057768819,0.999998977793546
"GO:0003836","beta-galactoside (CMP) alpha-2,3-sialyltransferase activity",0.0013009739041503,17,1.14163321175126,0.325374694187525,0.500715501610803,62929,5,5,1.0352271379433,0.841015933627406,0.999998977793546
"GO:0051010","microtubule plus-end binding",0.00113671958444985,15,1.15288018537067,0.325923402827067,0.501003232980564,69075,9,9,1.0352271379433,0.73217689658379,0.999998977793546
"GO:0015173","aromatic amino acid transmembrane transporter activity",0.00155045452180852,20,1.1269826293315,0.326692641171568,0.501628944592707,155861,5,5,1.0352271379433,0.841015933627406,0.999998977793546
"GO:0004709","MAP kinase kinase kinase activity",0.00263913746559127,33,1.09244149086835,0.329070382521331,0.504720354144013,114303,14,14,1.0352271379433,0.615660437157757,0.999998977793546
"GO:0016763","pentosyltransferase activity",0.00416003949187417,51,1.0710727767134,0.330491421732827,0.506339180420315,165694,21,23,0.9452073868178,0.958236247157068,0.999998977793546
"GO:0005416","amino acid:monoatomic cation symporter activity",0.0027255812820913,34,1.08984826565883,0.330898569912006,0.506402783787987,61971,16,18,0.920201900394048,0.978212582807557,0.999998977793546
"GO:0051537","2 iron, 2 sulfur cluster binding",0.0016388906413777,21,1.11947803776994,0.331996980369241,0.507522977716775,170216,12,12,1.0352271379433,0.659867028343879,0.999998977793546
"GO:0070742","C2H2 zinc finger domain binding",0.00081507332228712,11,1.17907726363683,0.333665633851299,0.509511469552425,119364,7,7,1.0352271379433,0.78471803389454,0.999998977793546
"GO:0055102","lipase inhibitor activity",0.000900078253237216,12,1.16478893298148,0.338036206530438,0.515616900930239,76418,7,7,1.0352271379433,0.78471803389454,0.999998977793546
"GO:0042910","xenobiotic transmembrane transporter activity",0.00298967212225657,37,1.08124576811669,0.339320453509034,0.517006411562169,84723,16,16,1.0352271379433,0.57440608333713,0.999998977793546
"GO:1904399","heparan sulfate binding",0.00123389970082249,16,1.13288644934881,0.342826416875123,0.521433619202136,101689,7,7,1.0352271379433,0.78471803389454,0.999998977793546
"GO:0070006","metalloaminopeptidase activity",0.0021524620992012,27,1.09590904030247,0.34297908093368,0.521433619202136,154247,10,11,0.941115579948459,0.948173729746837,0.999998977793546
"GO:0030507","spectrin binding",0.00240526322197466,30,1.08969486022335,0.343529268287831,0.521697408529216,61364,12,12,1.0352271379433,0.659867028343879,0.999998977793546
"GO:0005041","low-density lipoprotein particle receptor activity",0.000740694007705786,10,1.17952575251612,0.344143889582944,0.522058364810929,191879,7,7,1.0352271379433,0.78471803389454,0.999998977793546
"GO:0051393","alpha-actinin binding",0.00308585608709464,38,1.07585610029354,0.34778548491198,0.526567569456391,180405,18,18,1.0352271379433,0.535907429923871,0.999998977793546
"GO:0015079","potassium ion transmembrane transporter activity",0.0150750932231811,178,1.03158793522697,0.348148978047718,0.526567569456391,149287,84,88,0.988171358945881,0.820039358303556,0.999998977793546
"GO:0008242","omega peptidase activity",0.000743461095301817,10,1.17513567602171,0.348256962904011,0.526567569456391,130781,7,7,1.0352271379433,0.78471803389454,0.999998977793546
"GO:0016891","RNA endonuclease activity, producing 5'-phosphomonoesters",0.00266714039206311,33,1.0809716939148,0.350686643962656,0.529663033684055,93496,13,13,1.0352271379433,0.63738188522569,0.999998977793546
"GO:0008401","retinoic acid 4-hydroxylase activity",0.000910703869605978,12,1.15119878500309,0.352284151222783,0.531496241223916,257211,4,5,0.828181710354644,0.989219168638288,0.999998977793546
"GO:0005165","neurotrophin receptor binding",0.000666093326116769,9,1.18046655072351,0.355123098275239,0.53466837369848,209147,6,6,1.0352271379433,0.812381090994443,0.999998977793546
"GO:0005172","vascular endothelial growth factor receptor binding",0.00183015173601542,23,1.09796120788794,0.355158775308737,0.53466837369848,173957,7,7,1.0352271379433,0.78471803389454,0.999998977793546
"GO:0004879","nuclear receptor activity",0.00907826098506105,108,1.0393632336875,0.356483627198025,0.534852264372558,118224,31,32,1.00287628988258,0.702519665139935,0.999998977793546
"GO:0098531","ligand-activated transcription factor activity",0.00907826098506105,108,1.0393632336875,0.356483627198025,0.534852264372558,118224,31,32,1.00287628988258,0.702519665139935,0.999998977793546
"GO:0015297","antiporter activity",0.00882169662315698,105,1.039880511484,0.356874873374437,0.534852264372558,113461,56,57,1.01706525833026,0.417217485942091,0.999998977793546
"GO:0015464","acetylcholine receptor activity",0.00191626350200392,24,1.09421401293888,0.357115666588076,0.534852264372558,145043,13,13,1.0352271379433,0.63738188522569,0.999998977793546
"GO:0035673","oligopeptide transmembrane transporter activity",0.00166445853076503,21,1.10228164019547,0.357211801115246,0.534852264372558,125759,8,8,1.0352271379433,0.757993890325376,0.999998977793546
"GO:0003925","G protein activity",0.00403552055005274,49,1.06082262878786,0.358692503539487,0.536045262868128,108519,23,23,1.0352271379433,0.450542577434483,0.999998977793546
"GO:0008327","methyl-CpG binding",0.00335559178595581,41,1.06748306154749,0.35878264164531,0.536045262868128,47278,10,10,1.0352271379433,0.70723636002164,0.999998977793546
"GO:0022824","transmitter-gated monoatomic ion channel activity",0.0050649878192804,61,1.05219852382183,0.362469497542955,0.540387786972005,224539,29,30,1.00071956667853,0.72799914856726,0.999998977793546
"GO:0022835","transmitter-gated channel activity",0.0050649878192804,61,1.05219852382183,0.362469497542955,0.540387786972005,224539,29,30,1.00071956667853,0.72799914856726,0.999998977793546
"GO:0030228","lipoprotein particle receptor activity",0.00167032475646862,21,1.09841039727384,0.363053578798332,0.540676566274936,184131,9,9,1.0352271379433,0.73217689658379,0.999998977793546
"GO:0071855","neuropeptide receptor binding",0.00327822401677076,40,1.06602557037448,0.364108085302959,0.541236289073575,44633,16,17,0.97433142394664,0.88771849243011,0.999998977793546
"GO:0140994","RNA polymerase II CTD heptapeptide repeat modifying activity",0.00319344045282835,39,1.06696959343434,0.364226399785643,0.541236289073575,167353,9,9,1.0352271379433,0.73217689658379,0.999998977793546
"GO:0019825","oxygen binding",0.00116937121808303,15,1.1206890207058,0.364601774516711,0.541236289073575,62225,9,13,0.716695710883826,0.999954653216992,0.999998977793546
"GO:0015036","disulfide oxidoreductase activity",0.00218234664523834,27,1.08090191747031,0.368934529495746,0.546555002112299,56442,17,19,0.926255860265062,0.974764508611918,0.999998977793546
"GO:0098882","structural constituent of presynaptic active zone",0.000840087794155247,11,1.1439690341794,0.368973954494585,0.546555002112299,305228,5,5,1.0352271379433,0.841015933627406,0.999998977793546
"GO:0048531","beta-1,3-galactosyltransferase activity",0.00134214816757925,17,1.10661032252386,0.370989954451429,0.548793495160798,76370,7,7,1.0352271379433,0.78471803389454,0.999998977793546
"GO:0005324","long-chain fatty acid transmembrane transporter activity",0.000924760674593819,12,1.1337000123286,0.37127762091384,0.548793495160798,24724,7,7,1.0352271379433,0.78471803389454,0.999998977793546
"GO:0008525","phosphatidylcholine transporter activity",0.00142682104801782,18,1.10217170153659,0.371841870473812,0.549041567810479,245907,9,9,1.0352271379433,0.73217689658379,0.999998977793546
"GO:0140359","ABC-type transporter activity",0.00337927805577784,41,1.06000078533082,0.3754150412663,0.553300360164434,91880,21,21,1.0352271379433,0.482928346749147,0.999998977793546
"GO:0019828","aspartic-type endopeptidase inhibitor activity",0.0023597723018959,29,1.07367825393667,0.375899126904079,0.553300360164434,30322,5,5,1.0352271379433,0.841015933627406,0.999998977793546
"GO:0004549","tRNA-specific ribonuclease activity",0.000514567609358069,7,1.18850729943783,0.375988524801024,0.553300360164434,62555,5,5,1.0352271379433,0.841015933627406,0.999998977793546
"GO:0000149","SNARE binding",0.00929730363916292,110,1.03367004005067,0.376488566951719,0.553300360164434,180249,45,49,0.950718800152014,0.975220405057417,0.999998977793546
"GO:0016289","acyl-CoA hydrolase activity",0.00168438156145646,21,1.08924374459584,0.37712313357056,0.553300360164434,69368,12,12,1.0352271379433,0.659867028343879,0.999998977793546
"GO:0047617","fatty acyl-CoA hydrolase activity",0.00168438156145646,21,1.08924374459584,0.37712313357056,0.553300360164434,69368,12,12,1.0352271379433,0.659867028343879,0.999998977793546
"GO:0022804","active transmembrane transporter activity",0.0339573669279904,395,1.01627056413718,0.379103557692188,0.555617383495959,110427,203,206,1.0201510145752,0.0752969293330323,0.999998977793546
"GO:0015187","glycine transmembrane transporter activity",0.000847835639424136,11,1.13351500906288,0.380007563793372,0.556353568555836,48630,6,6,1.0352271379433,0.812381090994443,0.999998977793546
"GO:0036041","long-chain fatty acid binding",0.00160391465416386,20,1.08941913406084,0.381096248486323,0.557137725654121,66164,7,8,0.905823745700391,0.971787038878688,0.999998977793546
"GO:0035925","mRNA 3'-UTR AU-rich region binding",0.00398538092281265,48,1.05224690787963,0.381347699581304,0.557137725654121,115160,17,17,1.0352271379433,0.554824057768819,0.999998977793546
"GO:0005521","lamin binding",0.000767922149650738,10,1.13770342113546,0.384887571351823,0.5617168454397,97328,9,10,0.931704424148974,0.956641725643139,0.999998977793546
"GO:0005523","tropomyosin binding",0.00127208550964773,16,1.09887915577661,0.386937936354373,0.564114780895586,253728,7,7,1.0352271379433,0.78471803389454,0.999998977793546
"GO:0071723","lipopeptide binding",0.000603667829950292,8,1.15781244383393,0.387812196973964,0.56479483996734,54615,5,5,1.0352271379433,0.841015933627406,0.999998977793546
"GO:1990380","K48-linked deubiquitinase activity",0.00135764385811703,17,1.09397984436037,0.388428281366516,0.565097867324186,77874,8,8,1.0352271379433,0.757993890325376,0.999998977793546
"GO:0061980","regulatory RNA binding",0.00674925869723302,80,1.03557169285157,0.391997660623484,0.569692297968023,104262,25,26,0.99541070956087,0.77892109028081,0.999998977793546
"GO:0030021","extracellular matrix structural constituent conferring compression resistance",0.00119250407038585,15,1.09894927638359,0.392436564289705,0.569732328659582,91229,8,8,1.0352271379433,0.757993890325376,0.999998977793546
"GO:0015143","urate transmembrane transporter activity",0.00102503992907401,13,1.10802313320259,0.393468609743582,0.570035590475796,110884,5,6,0.86268928161942,0.984190146792223,0.999998977793546
"GO:1901702","salt transmembrane transporter activity",0.00102503992907401,13,1.10802313320259,0.393468609743582,0.570035590475796,110884,5,6,0.86268928161942,0.984190146792223,0.999998977793546
"GO:1901618","organic hydroxy compound transmembrane transporter activity",0.00357729084414988,43,1.05017206819625,0.394485479204759,0.570911586936877,112427,27,27,1.0352271379433,0.392121786670984,0.999998977793546
"GO:0016655","oxidoreductase activity, acting on NAD(P)H, quinone or similar compound as acceptor",0.0046122922885696,55,1.04181864719129,0.39857595294345,0.575898031105971,154614,21,21,1.0352271379433,0.482928346749147,0.999998977793546
"GO:0019887","protein kinase regulator activity",0.0195570003442257,228,1.0185418123927,0.398762607819947,0.575898031105971,137835,102,107,0.986852038039412,0.842957759464579,0.999998977793546
"GO:0005243","gap junction channel activity",0.00162140264777078,20,1.07766896523146,0.399205510142749,0.575937116195528,59209,10,10,1.0352271379433,0.70723636002164,0.999998977793546
"GO:0032977","membrane insertase activity",0.000694538986603976,9,1.1321191557377,0.400428438771717,0.577100299374431,65507,6,6,1.0352271379433,0.812381090994443,0.999998977793546
"GO:0016174","NAD(P)H oxidase H2O2-forming activity",0.000779986651569437,10,1.12010590830678,0.403066611715532,0.580298604185044,45596,7,7,1.0352271379433,0.78471803389454,0.999998977793546
"GO:0016417","S-acyltransferase activity",0.00213807324370183,26,1.06242193265923,0.405155046778488,0.582699625948293,110099,13,15,0.897196852884197,0.986904263604085,0.999998977793546
"GO:0003796","lysozyme activity",0.000954091803111756,12,1.09884728573149,0.411243207405669,0.58862325108924,207894,5,5,1.0352271379433,0.841015933627406,0.999998977793546
"GO:0047372","monoacylglycerol lipase activity",0.00112354824749274,14,1.08863568812659,0.411573738924971,0.58862325108924,35142,6,7,0.887337546808547,0.978359433593858,0.999998977793546
"GO:0015232","heme transmembrane transporter activity",0.000701954781361341,9,1.12015889344908,0.412280351973563,0.58862325108924,137368,5,5,1.0352271379433,0.841015933627406,0.999998977793546
"GO:0004303","estradiol 17-beta-dehydrogenase [NAD(P)+] activity",0.000870525757711596,11,1.1039701169004,0.412459150244666,0.58862325108924,117154,7,7,1.0352271379433,0.78471803389454,0.999998977793546
"GO:0008175","tRNA methyltransferase activity",0.00180469453013192,22,1.06503832804926,0.412532758087231,0.58862325108924,63548,12,12,1.0352271379433,0.659867028343879,0.999998977793546
"GO:0004550","nucleoside diphosphate kinase activity",0.000618167368953499,8,1.13065516001258,0.412544340055871,0.58862325108924,211523,5,5,1.0352271379433,0.841015933627406,0.999998977793546
"GO:0019211","phosphatase activator activity",0.00163435261772021,20,1.06912993848542,0.41267377386834,0.58862325108924,177195,7,7,1.0352271379433,0.78471803389454,0.999998977793546
"GO:0072542","protein phosphatase activator activity",0.00163435261772021,20,1.06912993848542,0.41267377386834,0.58862325108924,177195,7,7,1.0352271379433,0.78471803389454,0.999998977793546
"GO:0017080","sodium channel regulator activity",0.00309316119834816,37,1.04507011531525,0.416319160453049,0.592786609986914,179037,19,19,1.0352271379433,0.517633663369636,0.999998977793546
"GO:0019841","retinol binding",0.00112742217012719,14,1.08489503928657,0.416448643694778,0.592786609986914,52634,8,10,0.828181710354644,0.996082298717797,0.999998977793546
"GO:0051536","iron-sulfur cluster binding",0.00619927236664575,73,1.02879394832288,0.419697365637532,0.596171048007378,230687,34,35,1.00564921971635,0.66459245206596,0.999998977793546
"GO:0051540","metal cluster binding",0.00619927236664575,73,1.02879394832288,0.419697365637532,0.596171048007378,230687,34,35,1.00564921971635,0.66459245206596,0.999998977793546
"GO:0019842","vitamin binding",0.0119962101968285,140,1.01960094020031,0.420117648270903,0.596171048007378,126510,69,73,0.97850236326148,0.897651242953714,0.999998977793546
"GO:0015247","aminophospholipid flippase activity",0.00147286538561579,18,1.06771589422921,0.422337469366144,0.598707671517,137843,5,5,1.0352271379433,0.841015933627406,0.999998977793546
"GO:0031404","chloride ion binding",0.000541795751303022,7,1.12877843413412,0.426018705143672,0.602814287908634,33496,6,6,1.0352271379433,0.812381090994443,0.999998977793546
"GO:1901567","fatty acid derivative binding",0.00122028562985001,15,1.07393011371943,0.426104828781626,0.602814287908634,132572,7,7,1.0352271379433,0.78471803389454,0.999998977793546
"GO:0043139","5'-3' DNA helicase activity",0.000882368892622612,11,1.08915265547186,0.429423942622948,0.60688995972733,73871,6,6,1.0352271379433,0.812381090994443,0.999998977793546
"GO:0001618","virus receptor activity",0.0084714940170032,99,1.02098989684594,0.431382593490978,0.608416386950106,141971,35,36,1.00647082855599,0.652074625621272,0.999998977793546
"GO:0140272","exogenous protein binding",0.0084714940170032,99,1.02098989684594,0.431382593490978,0.608416386950106,141971,35,36,1.00647082855599,0.652074625621272,0.999998977793546
"GO:0015078","proton transmembrane transporter activity",0.0142003614923235,165,1.01515136395492,0.433480165030218,0.610752826619381,143146,78,81,0.996885392093553,0.702904715958564,0.999998977793546
"GO:0030283","testosterone dehydrogenase [NAD(P)+] activity",0.000720106875991309,9,1.0919224872816,0.441251926287016,0.621071054784063,141850,5,5,1.0352271379433,0.841015933627406,0.999998977793546
"GO:0016836","hydro-lyase activity",0.0034724735660122,41,1.0315520982034,0.442065453685603,0.62143999170051,133032,23,27,0.881860154544296,0.9980773218533,0.999998977793546
"GO:0016840","carbon-nitrogen lyase activity",0.000891444939937597,11,1.07806369126169,0.442411430914587,0.62143999170051,63423,6,6,1.0352271379433,0.812381090994443,0.999998977793546
"GO:0001537","N-acetylgalactosamine 4-O-sulfotransferase activity",0.000721213711029722,9,1.09024673146932,0.443014289173511,0.621656322700418,58688,5,5,1.0352271379433,0.841015933627406,0.999998977793546
"GO:0004866","endopeptidase inhibitor activity",0.00954036461359835,111,1.01649270059516,0.444109957415871,0.622563047592087,84376,53,54,1.01605626501843,0.446776511140833,0.999998977793546
"GO:0019107","myristoyltransferase activity",0.00132288923791087,16,1.05667822434242,0.446441194963096,0.62519823561566,85731,6,6,1.0352271379433,0.812381090994443,0.999998977793546
"GO:0045499","chemorepellent activity",0.00399899499378512,47,1.02681748625624,0.447512772325957,0.625840923475148,135853,19,19,1.0352271379433,0.517633663369636,0.999998977793546
"GO:0030552","cAMP binding",0.00175411216887646,21,1.04594341905979,0.447803866544311,0.625840923475148,178618,12,14,0.887337546808547,0.989256959682135,0.999998977793546
"GO:0005283","amino acid:sodium symporter activity",0.00244466654934215,29,1.03639337048625,0.448585800383398,0.626301747511095,60483,11,13,0.875961424413565,0.991343969552253,0.999998977793546
"GO:0004869","cysteine-type endopeptidase inhibitor activity",0.000896425697610454,11,1.07207370902848,0.449528193010428,0.626985445437505,17880,8,8,1.0352271379433,0.757993890325376,0.999998977793546
"GO:0015373","monoatomic anion:sodium symporter activity",0.00184354443998021,22,1.04259425665485,0.451097457801063,0.627909526687912,82938,9,11,0.847004021953613,0.9947477071765,0.999998977793546
"GO:0015378","sodium:chloride symporter activity",0.00184354443998021,22,1.04259425665485,0.451097457801063,0.627909526687912,82938,9,11,0.847004021953613,0.9947477071765,0.999998977793546
"GO:0098641","cadherin binding involved in cell-cell adhesion",0.00218931970598034,26,1.03755331006969,0.451771724492669,0.628216705243319,83179,8,9,0.920201900394048,0.964529840258071,0.999998977793546
"GO:0019826","oxygen sensor activity",0.000812970335714136,10,1.07466117574375,0.452759402958577,0.628235601891631,48483,5,5,1.0352271379433,0.841015933627406,0.999998977793546
"GO:0034056","estrogen response element binding",0.000813413069729501,10,1.07407624654209,0.453423928329935,0.628235601891631,253841,7,7,1.0352271379433,0.78471803389454,0.999998977793546
"GO:0005049","nuclear export signal receptor activity",0.000813523753233342,10,1.07393011371944,0.45359004223647,0.628235601891631,44286,5,5,1.0352271379433,0.841015933627406,0.999998977793546
"GO:0035014","phosphatidylinositol 3-kinase regulator activity",0.00141508859661065,17,1.04957033796827,0.453599712557134,0.628235601891631,261437,5,5,1.0352271379433,0.841015933627406,0.999998977793546
"GO:0045504","dynein heavy chain binding",0.00141685953267211,17,1.04825847753491,0.455609626694782,0.630388944028246,99159,5,5,1.0352271379433,0.841015933627406,0.999998977793546
"GO:0051371","muscle alpha-actinin binding",0.00141929456975662,17,1.04646001488921,0.458372361444908,0.633578563474249,78492,9,9,1.0352271379433,0.73217689658379,0.999998977793546
"GO:0005338","nucleotide-sugar transmembrane transporter activity",0.000645948928417658,8,1.08202691375433,0.459732523154873,0.634660721552227,84744,5,5,1.0352271379433,0.841015933627406,0.999998977793546
"GO:0008376","acetylgalactosaminyltransferase activity",0.00514611882759605,60,1.01863289919188,0.460378556858932,0.634660721552227,143105,19,22,0.894059800951036,0.994082090839855,0.999998977793546
"GO:0140517","protein-RNA adaptor activity",0.00237272227184533,28,1.03099695574688,0.46117659290525,0.634660721552227,155183,10,11,0.941115579948459,0.948173729746837,0.999998977793546
"GO:0016878","acid-thiol ligase activity",0.00306681852443394,36,1.02555907351726,0.462134234831541,0.634660721552227,81887,17,17,1.0352271379433,0.554824057768819,0.999998977793546
"GO:0004629","phospholipase C activity",0.0031541478089647,37,1.0248632993859,0.462631637301469,0.634660721552227,170431,16,16,1.0352271379433,0.57440608333713,0.999998977793546
"GO:0019905","syntaxin binding",0.00436878858011881,51,1.01989486744124,0.462774159416228,0.634660721552227,172978,26,28,0.961282342375926,0.931686350142852,0.999998977793546
"GO:0016423","tRNA (guanine) methyltransferase activity",0.00047638180053283,6,1.10037913603687,0.462969832912032,0.634660721552227,63822,6,6,1.0352271379433,0.812381090994443,0.999998977793546
"GO:0008174","mRNA methyltransferase activity",0.00168283199240268,20,1.03833022044697,0.463244890397345,0.634660721552227,172067,4,5,0.828181710354644,0.989219168638288,0.999998977793546
"GO:0005227","calcium-activated cation channel activity",0.00358935534606858,42,1.02230172409013,0.463810202814293,0.634660721552227,175252,20,20,1.0352271379433,0.499980982462438,0.999998977793546
"GO:0019706","protein-cysteine S-palmitoyltransferase activity",0.00211637927694894,25,1.03203105693189,0.464195892369968,0.634660721552227,114344,12,14,0.887337546808547,0.989256959682135,0.999998977793546
"GO:0019707","protein-cysteine S-acyltransferase activity",0.00211637927694894,25,1.03203105693189,0.464195892369968,0.634660721552227,114344,12,14,0.887337546808547,0.989256959682135,0.999998977793546
"GO:0031369","translation initiation factor binding",0.00263714516252212,31,1.02700821124391,0.465083840599109,0.63524765210036,156098,11,13,0.875961424413565,0.991343969552253,0.999998977793546
"GO:0019870","potassium channel inhibitor activity",0.0010802709974908,13,1.0513731799784,0.465700680861971,0.635463490634315,122320,5,5,1.0352271379433,0.841015933627406,0.999998977793546
"GO:0004435","phosphatidylinositol phospholipase C activity",0.00298723708517206,35,1.023633783224,0.46767447781332,0.637191750123757,179152,14,14,1.0352271379433,0.615660437157757,0.999998977793546
"GO:0008266","poly(U) RNA binding",0.00281412808516432,33,1.02451032087571,0.467996158060143,0.637191750123757,94568,19,19,1.0352271379433,0.517633663369636,0.999998977793546
"GO:0042392","sphingosine-1-phosphate phosphatase activity",0.000651151053098197,8,1.07338246960229,0.468498943725879,0.637191750123757,54784,4,5,0.828181710354644,0.989219168638288,0.999998977793546
"GO:0071837","HMG box domain binding",0.00151503580057932,18,1.03799644977412,0.468807504242678,0.637191750123757,26523,6,6,1.0352271379433,0.812381090994443,0.999998977793546
"GO:0048763","calcium-induced calcium release activity",0.000653918140694229,8,1.06884039754067,0.473149281838895,0.642462505242029,201048,5,5,1.0352271379433,0.841015933627406,0.999998977793546
"GO:0016018","cyclosporin A binding",0.00290809837992555,34,1.02144757333671,0.473719708263482,0.64260704793822,102495,9,12,0.776420353457478,0.999476165364552,0.999998977793546
"GO:0008238","exopeptidase activity",0.00882889105090666,102,1.0093464794407,0.47577960689889,0.644769819525403,120780,44,45,1.01222209043345,0.543935022841433,0.999998977793546
"GO:0043225","ATPase-coupled inorganic anion transmembrane transporter activity",0.000742243576759563,9,1.05935694933702,0.476331656209206,0.644886944134653,142361,5,5,1.0352271379433,0.841015933627406,0.999998977793546
"GO:0005353","fructose transmembrane transporter activity",0.000656242494274896,8,1.06505465823415,0.477048230380773,0.645226366286495,50734,6,6,1.0352271379433,0.812381090994443,0.999998977793546
"GO:0030414","peptidase inhibitor activity",0.0106686722517563,123,1.00725862837881,0.480068889783269,0.648678451073002,83510,59,60,1.01797335231092,0.389120007628802,0.999998977793546
"GO:0004467","long-chain fatty acid-CoA ligase activity",0.00126621928394414,15,1.03497198459412,0.481715897084131,0.650269510196414,27764,7,7,1.0352271379433,0.78471803389454,0.999998977793546
"GO:0098631","cell adhesion mediator activity",0.00579693783018273,67,1.00976989441543,0.484621757297238,0.652621963916064,129311,30,33,0.941115579948459,0.975269516959219,0.999998977793546
"GO:0004529","DNA exonuclease activity",0.00196463219318256,23,1.02280498999589,0.484872202793957,0.652621963916064,37624,11,12,0.948958209781362,0.939174164806775,0.999998977793546
"GO:0016895","DNA exonuclease activity, producing 5'-phosphomonoesters",0.00196463219318256,23,1.02280498999589,0.484872202793957,0.652621963916064,37624,11,12,0.948958209781362,0.939174164806775,0.999998977793546
"GO:0030276","clathrin binding",0.00501894348168243,58,1.00962930307332,0.488473237130051,0.656830517888467,91404,20,21,0.985930607565052,0.841033696728272,0.999998977793546
"GO:0016740","transferase activity",0.195309675841222,2237,1.00066447803777,0.489777196963051,0.657945119101674,130825,1016,1052,0.999801114211404,0.558958534298239,0.999998977793546
"GO:0004198","calcium-dependent cysteine-type endopeptidase activity",0.00118796604672836,14,1.02960410604425,0.492385830525794,0.660808503176574,63871,9,10,0.931704424148974,0.956641725643139,0.999998977793546
"GO:0070492","oligosaccharide binding",0.00101529978073598,12,1.03260259489866,0.494499072359017,0.662505400756001,41561,7,8,0.905823745700391,0.971787038878688,0.999998977793546
"GO:0008081","phosphoric diester hydrolase activity",0.00895750528237022,103,1.00460748630441,0.494606920131195,0.662505400756001,152383,46,48,0.992092673862333,0.776693267551545,0.999998977793546
"GO:0016706","2-oxoglutarate-dependent dioxygenase activity",0.00503122935060881,58,1.00716386720916,0.495894488632791,0.66339894334727,135576,23,23,1.0352271379433,0.450542577434483,0.999998977793546
"GO:0097157","pre-mRNA intronic binding",0.00145294235492436,17,1.02222570053511,0.496374077881892,0.66339894334727,295883,7,7,1.0352271379433,0.78471803389454,0.999998977793546
"GO:0060590","ATPase regulator activity",0.00520721612171644,60,1.00668107841319,0.496710977798642,0.66339894334727,241319,25,25,1.0352271379433,0.420321816016486,0.999998977793546
"GO:0004711","ribosomal protein S6 kinase activity",0.000845068551828104,10,1.03384234916016,0.500543481654378,0.667230723860744,65668,6,6,1.0352271379433,0.812381090994443,0.999998977793546
"GO:0004859","phospholipase inhibitor activity",0.000845068551828104,10,1.03384234916016,0.500543481654378,0.667230723860744,90782,5,5,1.0352271379433,0.841015933627406,0.999998977793546
"GO:0016538","cyclin-dependent protein serine/threonine kinase regulator activity",0.0035548220928701,41,1.00765588245898,0.50141245953253,0.667746400435148,116779,20,20,1.0352271379433,0.499980982462438,0.999998977793546
"GO:1905394","retromer complex binding",0.00102116600643957,12,1.02667067017184,0.502369825447065,0.668378682271071,162638,7,7,1.0352271379433,0.78471803389454,0.999998977793546
"GO:0003755","peptidyl-prolyl cis-trans isomerase activity",0.00390812383713144,45,1.00598256850294,0.503982505901478,0.668726794377327,145270,16,19,0.871770221425941,0.996602311850964,0.999998977793546
"GO:0016859","cis-trans isomerase activity",0.00390812383713144,45,1.00598256850294,0.503982505901478,0.668726794377327,145270,16,19,0.871770221425941,0.996602311850964,0.999998977793546
"GO:0000062","fatty-acyl-CoA binding",0.00119770619506639,14,1.02123102025441,0.504456342476424,0.668726794377327,136654,6,6,1.0352271379433,0.812381090994443,0.999998977793546
"GO:0016888","endodeoxyribonuclease activity, producing 5'-phosphomonoesters",0.00146024746617789,17,1.01711186014738,0.504562815974229,0.668726794377327,79482,8,8,1.0352271379433,0.757993890325376,0.999998977793546
"GO:0015106","bicarbonate transmembrane transporter activity",0.00163822654035465,19,1.01327167340666,0.50775839393756,0.67209682103704,138026,13,13,1.0352271379433,0.63738188522569,0.999998977793546
"GO:0005319","lipid transporter activity",0.0146716518516797,168,1.0004065515603,0.50837140528475,0.67209682103704,147330,84,85,1.02304799514397,0.209110688394125,0.999998977793546
"GO:0035615","clathrin adaptor activity",0.0018145453619738,21,1.01110841193482,0.508979109889006,0.67209682103704,29387,7,8,0.905823745700391,0.971787038878688,0.999998977793546
"GO:0008187","poly-pyrimidine tract binding",0.00286526386393898,33,1.00622609449781,0.509046617521917,0.67209682103704,94568,19,20,0.983465781046139,0.853034600606386,0.999998977793546
"GO:0015370","solute:sodium symporter activity",0.00610873326050359,70,1.00113613362441,0.512244528902684,0.675674926219255,81513,35,37,0.979268914270694,0.869748279073737,0.999998977793546
"GO:0004032","aldose reductase (NADPH) activity",0.000678268511539309,8,1.03046819005716,0.513600658158873,0.676819135632768,210563,5,5,1.0352271379433,0.841015933627406,0.999998977793546
"GO:0034987","immunoglobulin receptor binding",0.000679043296066198,8,1.0292924317311,0.514871595860781,0.677849011660819,25031,5,5,1.0352271379433,0.841015933627406,0.999998977793546
"GO:1901682","sulfur compound transmembrane transporter activity",0.00383728639467302,44,1.00178545322007,0.51544500144012,0.677959474828648,95248,26,27,0.996885392093553,0.766235362794079,0.999998977793546
"GO:0016835","carbon-oxygen lyase activity",0.0051537559893611,59,1.00017136742571,0.51692256447497,0.678751677972725,127736,33,37,0.923310690598082,0.992129640250458,0.999998977793546
"GO:0003730","mRNA 3'-UTR binding",0.010495231201237,120,0.998931007889036,0.517027451452148,0.678751677972725,137115,51,53,0.996161962926576,0.730823086739286,0.999998977793546
"GO:0004536","DNA nuclease activity",0.00445412556158043,51,1.00035461241422,0.517736822235914,0.678878072136743,76005,30,31,1.00183271413868,0.715248459959081,0.999998977793546
"GO:0008276","protein methyltransferase activity",0.012861201779348,147,0.998578109234379,0.518104059385225,0.678878072136743,217812,53,55,0.997582514745366,0.712166289937969,0.999998977793546
"GO:0051117","ATPase binding",0.00761004430660659,87,0.998799521806258,0.518903497012926,0.679282933235258,105375,46,46,1.0352271379433,0.202553395801355,0.999998977793546
"GO:0051429","corticotropin-releasing hormone receptor binding",0.000770578553742929,9,1.02040328960845,0.520453666426185,0.680596849429688,33386,5,5,1.0352271379433,0.841015933627406,0.999998977793546
"GO:0017046","peptide hormone binding",0.00472209032438015,54,0.99909256764701,0.520890007505754,0.680596849429688,224406,24,25,0.993818052425572,0.791546924131439,0.999998977793546
"GO:0043023","ribosomal large subunit binding",0.000859789457838993,10,1.01614139235812,0.522091491718978,0.681523766287262,135435,7,7,1.0352271379433,0.78471803389454,0.999998977793546
"GO:0043395","heparan sulfate proteoglycan binding",0.00226934387925758,26,1.00096593050668,0.524213561082839,0.683649512334965,144986,7,8,0.905823745700391,0.971787038878688,0.999998977793546
"GO:0017116","single-stranded DNA helicase activity",0.00130241278970024,15,1.00621054676271,0.524894904591422,0.683894113696255,208787,10,11,0.941115579948459,0.948173729746837,0.999998977793546
"GO:0005003","ephrin receptor activity",0.0021892090224765,25,0.997697853258234,0.531275511155015,0.691556938862496,144463,12,12,1.0352271379433,0.659867028343879,0.999998977793546
"GO:0034450","ubiquitin-ubiquitin ligase activity",0.000957190941219312,11,1.00401537574256,0.534904048952737,0.695626392300039,117522,7,7,1.0352271379433,0.78471803389454,0.999998977793546
"GO:0034452","dynactin binding",0.00139981427308055,16,0.998609799742275,0.535534495721283,0.69579294237709,70348,9,9,1.0352271379433,0.73217689658379,0.999998977793546
"GO:0016863","intramolecular oxidoreductase activity, transposing C=C bonds",0.000872075326765374,10,1.0018259088511,0.539841667736018,0.700731686798861,125821,8,8,1.0352271379433,0.757993890325376,0.999998977793546
"GO:0016790","thiolester hydrolase activity",0.00290510992532184,33,0.99242484505905,0.540654679387427,0.700840450706171,82621,20,20,1.0352271379433,0.499980982462438,0.999998977793546
"GO:0016918","retinal binding",0.00113893325452668,13,0.997220819882333,0.540937503108228,0.700840450706171,105391,7,9,0.805176662844792,0.997187234050847,0.999998977793546
"GO:0048029","monosaccharide binding",0.00669624129889305,76,0.99158227660569,0.544846151503874,0.705244784890528,104121,39,42,0.961282342375926,0.946546266573442,0.999998977793546
"GO:0004771","sterol ester esterase activity",0.000697970175223055,8,1.00138107654143,0.545546282165778,0.705491690755931,29066,6,6,1.0352271379433,0.812381090994443,0.999998977793546
"GO:0035250","UDP-galactosyltransferase activity",0.00256663977057523,29,0.987141333129059,0.55252913125598,0.713855267527549,53552,13,13,1.0352271379433,0.63738188522569,0.999998977793546
"GO:0008408","3'-5' exonuclease activity",0.00185992559854872,21,0.9864384256879,0.55397562898362,0.714467195187615,48725,15,17,0.913435709949974,0.981384607125682,0.999998977793546
"GO:0004457","lactate dehydrogenase activity",0.000613740028799848,7,0.996459952224796,0.55403448926462,0.714467195187615,39465,5,5,1.0352271379433,0.841015933627406,0.999998977793546
"GO:0004143","ATP-dependent diacylglycerol kinase activity",0.00141697021617595,16,0.986519148362799,0.554875095606138,0.714885588292559,134695,6,7,0.887337546808547,0.978359433593858,0.999998977793546
"GO:0043274","phospholipase binding",0.00469231646184684,53,0.986812935319635,0.556918103808121,0.716850904994654,153169,18,19,0.980741499104183,0.864835227900107,0.999998977793546
"GO:0008157","protein phosphatase 1 binding",0.00142372190991027,16,0.981840794320186,0.562410995441365,0.723249051705005,29611,11,11,1.0352271379433,0.68314262304912,0.999998977793546
"GO:0016765","transferase activity, transferring alkyl or aryl (other than methyl) groups",0.00328973510117026,37,0.98262329057937,0.564401211572146,0.725135137316718,83818,20,20,1.0352271379433,0.499980982462438,0.999998977793546
"GO:0047676","arachidonate-CoA ligase activity",0.00124884197384106,14,0.979415126311529,0.566468432416118,0.72711656987611,28340,6,6,1.0352271379433,0.812381090994443,0.999998977793546
"GO:0043022","ribosome binding",0.00665528840247178,75,0.984556495514375,0.569233114024406,0.729988761966484,117644,41,42,1.01057887275418,0.578927644399207,0.999998977793546
"GO:0030280","structural constituent of skin epidermis",0.00107340862025265,12,0.976702784389092,0.570795219710029,0.731262232164094,23900,10,10,1.0352271379433,0.70723636002164,0.999998977793546
"GO:0070330","aromatase activity",0.0011633943088756,13,0.976253661553535,0.571282119279097,0.731262232164094,45233,9,9,1.0352271379433,0.73217689658379,0.999998977793546
"GO:0008391","arachidonate monooxygenase activity",0.000985304551194994,11,0.975367891420089,0.572897747073647,0.731265615271702,36242,7,7,1.0352271379433,0.78471803389454,0.999998977793546
"GO:0008392","arachidonate epoxygenase activity",0.000985304551194994,11,0.975367891420089,0.572897747073647,0.731265615271702,36242,7,7,1.0352271379433,0.78471803389454,0.999998977793546
"GO:0003887","DNA-directed DNA polymerase activity",0.00241356448476276,27,0.977352247398064,0.572972179491047,0.731265615271702,114421,11,11,1.0352271379433,0.68314262304912,0.999998977793546
"GO:0008378","galactosyltransferase activity",0.00285840148670082,32,0.978076912862773,0.573443733564844,0.731265615271702,66530,15,15,1.0352271379433,0.594676830337026,0.999998977793546
"GO:0048027","mRNA 5'-UTR binding",0.00232601383322431,26,0.976578847165282,0.574166507934352,0.731265615271702,100640,12,12,1.0352271379433,0.659867028343879,0.999998977793546
"GO:1901338","catecholamine binding",0.00392406226168458,44,0.979632185645405,0.57445269993907,0.731265615271702,174831,8,9,0.920201900394048,0.964529840258071,0.999998977793546
"GO:0030215","semaphorin receptor binding",0.00384116031730747,43,0.978030234097013,0.578300635958024,0.7354879529861,107125,15,15,1.0352271379433,0.594676830337026,0.999998977793546
"GO:0070679","inositol 1,4,5 trisphosphate binding",0.00134967464584046,15,0.970975849086171,0.579600968117748,0.736465450314753,154049,8,8,1.0352271379433,0.757993890325376,0.999998977793546
"GO:0022839","monoatomic ion-gated channel activity",0.00402212784608795,45,0.977468794167982,0.580698395857667,0.73718357310987,181100,23,23,1.0352271379433,0.450542577434483,0.999998977793546
"GO:0140327","flippase activity",0.00233708218360844,26,0.971953799345413,0.583717458162953,0.740337618640742,205426,8,8,1.0352271379433,0.757993890325376,0.999998977793546
"GO:0051087","protein-folding chaperone binding",0.0170047494291498,192,0.986454936069403,0.585376912378066,0.741644491376912,141548,62,64,1.00287628988258,0.627714128371003,0.999998977793546
"GO:0030742","GTP-dependent protein binding",0.00144497314264779,16,0.967400853109196,0.585818825679669,0.741644491376912,191674,10,10,1.0352271379433,0.70723636002164,0.999998977793546
"GO:0000146","microfilament motor activity",0.00180513726414729,20,0.967979193799478,0.58748765729282,0.742869362766052,124685,14,15,0.966211995413751,0.909430932647998,0.999998977793546
"GO:0046975","histone H3K36 methyltransferase activity",0.00243116316187352,27,0.970277400717605,0.587859076961439,0.742869362766052,220651,9,10,0.931704424148974,0.956641725643139,0.999998977793546
"GO:0140333","glycerophospholipid flippase activity",0.00225451228974285,25,0.968798951327734,0.589509916817223,0.74361309514507,209928,7,7,1.0352271379433,0.78471803389454,0.999998977793546
"GO:0031406","carboxylic acid binding",0.0186904591926524,211,0.986299339623475,0.58952142849768,0.74361309514507,122899,86,91,0.978346525968398,0.910658937547124,0.999998977793546
"GO:0070573","metallodipeptidase activity",0.000908600883032994,10,0.961552726987191,0.591070119453082,0.744261301402147,28068,6,6,1.0352271379433,0.812381090994443,0.999998977793546
"GO:0048495","Roundabout binding",0.0012698718395709,14,0.963195404007059,0.591110058875351,0.744261301402147,296443,6,6,1.0352271379433,0.812381090994443,0.999998977793546
"GO:0005345","purine nucleobase transmembrane transporter activity",0.000637647665629562,7,0.959099190259763,0.593815678987387,0.746310161015284,38827,6,6,1.0352271379433,0.812381090994443,0.999998977793546
"GO:0015205","nucleobase transmembrane transporter activity",0.000637647665629562,7,0.959099190259763,0.593815678987387,0.746310161015284,38827,6,6,1.0352271379433,0.812381090994443,0.999998977793546
"GO:0120283","protein serine/threonine kinase binding",0.00127274961067078,14,0.961017555454647,0.594435559480592,0.746310161015284,82451,7,7,1.0352271379433,0.78471803389454,0.999998977793546
"GO:1990247","N6-methyladenosine-containing RNA reader activity",0.00136328871681294,15,0.961279492064364,0.594892720404963,0.746310161015284,77769,8,8,1.0352271379433,0.757993890325376,0.999998977793546
"GO:0005326","neurotransmitter transmembrane transporter activity",0.00190796223921583,21,0.961602929879306,0.600081864612815,0.752138807682126,60684,12,12,1.0352271379433,0.659867028343879,0.999998977793546
"GO:0005005","transmembrane-ephrin receptor activity",0.00182007953716586,20,0.960032393071984,0.601947523215139,0.753795044894184,167271,9,9,1.0352271379433,0.73217689658379,0.999998977793546
"GO:0008373","sialyltransferase activity",0.0029854661491106,33,0.965712931756382,0.602584558895802,0.753911123821757,199865,15,15,1.0352271379433,0.594676830337026,0.999998977793546
"GO:0001671","ATPase activator activity",0.00441427950019757,49,0.969800738318175,0.60413221304053,0.755165266300663,281213,16,16,1.0352271379433,0.57440608333713,0.999998977793546
"GO:0070087","chromo shadow domain binding",0.000919337182905597,10,0.950323421121821,0.605621379876794,0.755907471704427,144829,5,5,1.0352271379433,0.841015933627406,0.999998977793546
"GO:0030551","cyclic nucleotide binding",0.00361492323545591,40,0.966734395081182,0.605817540499577,0.755907471704427,155052,20,23,0.900197511255047,0.99302481861903,0.999998977793546
"GO:0035252","UDP-xylosyltransferase activity",0.0019159314514924,21,0.957603194988994,0.607542083171298,0.756695849993029,220490,5,5,1.0352271379433,0.841015933627406,0.999998977793546
"GO:0042285","xylosyltransferase activity",0.0019159314514924,21,0.957603194988994,0.607542083171298,0.756695849993029,220490,5,5,1.0352271379433,0.841015933627406,0.999998977793546
"GO:0061809","NAD+ nucleotidase, cyclic ADP-ribose generating",0.0012856995806202,14,0.951337884828942,0.609252078272499,0.757615701303887,99375,10,10,1.0352271379433,0.70723636002164,0.999998977793546
"GO:0015347","sodium-independent organic anion transmembrane transporter activity",0.00209800581531129,23,0.957783622918863,0.609536728892077,0.757615701303887,197175,12,12,1.0352271379433,0.659867028343879,0.999998977793546
"GO:0043177","organic acid binding",0.0190220669701608,214,0.982884135848539,0.609921665670638,0.757615701303887,122499,88,96,0.948958209781362,0.994746541146714,0.999998977793546
"GO:0051020","GTPase binding",0.0343601441984688,388,0.986558871492058,0.613951614966988,0.761938160151683,126178,144,148,1.007248026107,0.429513532097206,0.999998977793546
"GO:0098632","cell-cell adhesion mediator activity",0.00478827905967722,53,0.967036073598405,0.614849250073048,0.762369034334084,147204,24,26,0.955594281178435,0.94305693033899,0.999998977793546
"GO:0005548","phospholipid transporter activity",0.00665816617357166,74,0.971009207633614,0.615701686565492,0.762743144806088,205773,32,33,1.00385661861169,0.689826000389286,0.999998977793546
"GO:0005343","organic acid:sodium symporter activity",0.00318635670858251,35,0.959665561186344,0.618706878595839,0.765781078512276,87718,15,17,0.913435709949974,0.981384607125682,0.999998977793546
"GO:0048487","beta-tubulin binding",0.00372627084032023,41,0.961292816994451,0.620621690477677,0.76746521545677,119327,21,22,0.988171358945881,0.828859677709802,0.999998977793546
"GO:0005158","insulin receptor binding",0.00274218380766749,30,0.955808638042928,0.621982732032186,0.768462162234235,220912,13,13,1.0352271379433,0.63738188522569,0.999998977793546
"GO:0039706","co-receptor binding",0.000841858730216707,9,0.93400574576046,0.624816034555306,0.771274695061585,232075,6,6,1.0352271379433,0.812381090994443,0.999998977793546
"GO:0035612","AP-2 adaptor complex binding",0.00112675806910414,12,0.930458114244147,0.636397408892247,0.784871247832379,233280,5,5,1.0352271379433,0.841015933627406,0.999998977793546
"GO:0031994","insulin-like growth factor I binding",0.000943466186742994,10,0.926019044560986,0.637369326432805,0.785370566823341,187308,4,5,0.828181710354644,0.989219168638288,0.999998977793546
"GO:0046624","sphingolipid transporter activity",0.0016769657666991,18,0.937766180747682,0.638413803289223,0.785958326716065,233593,7,7,1.0352271379433,0.78471803389454,0.999998977793546
"GO:0042379","chemokine receptor binding",0.0024954702776053,27,0.945273800530568,0.640467462601027,0.787786354975509,130557,17,17,1.0352271379433,0.554824057768819,0.999998977793546
"GO:0033293","monocarboxylic acid binding",0.00867006022289444,96,0.967376153092521,0.64153437616323,0.788097210265218,98601,39,42,0.961282342375926,0.946546266573442,0.999998977793546
"GO:0019209","kinase activator activity",0.013465090976306,150,0.973258545034012,0.641858233342358,0.788097210265218,154999,66,69,0.990217262380552,0.792467434452691,0.999998977793546
"GO:0180030","inositol phosphate kinase activity",0.00131613754417655,14,0.929336546141871,0.643051954399253,0.788863557876851,73138,5,6,0.86268928161942,0.984190146792223,0.999998977793546
"GO:0016917","GABA receptor activity",0.00241002261263983,26,0.942537176135685,0.644480109588778,0.789915886531379,302838,11,11,1.0352271379433,0.68314262304912,0.999998977793546
"GO:0016868","intramolecular phosphotransferase activity",0.000577878573555276,6,0.907112009481461,0.647433495876242,0.792834121828997,40108,6,7,0.887337546808547,0.978359433593858,0.999998977793546
"GO:0005114","type II transforming growth factor beta receptor binding",0.00132156103586478,14,0.925522685944136,0.648913537864742,0.793944567087162,137813,7,7,1.0352271379433,0.78471803389454,0.999998977793546
"GO:0030295","protein kinase activator activity",0.0133150041450972,148,0.971106068017757,0.651252344212952,0.796102821478322,151044,64,67,0.988873684005545,0.806578262892166,0.999998977793546
"GO:0005516","calmodulin binding",0.0208472379485034,233,0.97645819816842,0.652252249188255,0.796622015102058,137291,105,107,1.01587709798175,0.288869808014333,0.999998977793546
"GO:0034061","DNA polymerase activity",0.00287422922775013,31,0.942294271453224,0.653424025430815,0.796757370132363,102427,14,14,1.0352271379433,0.615660437157757,0.999998977793546
"GO:0004520","DNA endonuclease activity",0.00323583223479956,35,0.94499237815743,0.653513626332393,0.796757370132363,92926,21,21,1.0352271379433,0.482928346749147,0.999998977793546
"GO:0005179","hormone activity",0.0102179690241146,113,0.9661846203296,0.655939684118559,0.79898426307132,75049,50,50,1.0352271379433,0.176222775259607,0.999998977793546
"GO:0015562","efflux transmembrane transporter activity",0.00187874179420173,20,0.930056125349104,0.656493928790731,0.79898426307132,103057,9,9,1.0352271379433,0.73217689658379,0.999998977793546
"GO:0016015","morphogen activity",0.00133229733573738,14,0.91806437402783,0.660365986477478,0.802687897658744,193797,5,5,1.0352271379433,0.841015933627406,0.999998977793546
"GO:0016831","carboxy-lyase activity",0.00224842469703158,24,0.932565088412466,0.66069617569023,0.802687897658744,74310,13,13,1.0352271379433,0.63738188522569,0.999998977793546
"GO:0035613","RNA stem-loop binding",0.00142582489648325,15,0.919118110833471,0.66177057613689,0.803288560867303,54650,7,7,1.0352271379433,0.78471803389454,0.999998977793546
"GO:0099528","G protein-coupled neurotransmitter receptor activity",0.00115155117396458,12,0.91042518291094,0.665033576325401,0.806257815755404,265033,7,7,1.0352271379433,0.78471803389454,0.999998977793546
"GO:0017025","TBP-class protein binding",0.00270920012352279,29,0.935197139107315,0.66538099885085,0.806257815755404,103643,14,15,0.966211995413751,0.909430932647998,0.999998977793546
"GO:0004983","neuropeptide Y receptor activity",0.000873846262826835,9,0.899816048417234,0.66750896643545,0.808129299399561,86983,5,5,1.0352271379433,0.841015933627406,0.999998977793546
"GO:0098960","postsynaptic neurotransmitter receptor activity",0.00667676100221699,73,0.955219737937707,0.668220759296941,0.808284499236911,247017,31,33,0.972486099280074,0.899271468774986,0.999998977793546
"GO:0022853","active monoatomic ion transmembrane transporter activity",0.0234767459492605,262,0.975011300895075,0.669125358434242,0.80867244453004,116725,128,131,1.01151964623468,0.34328810041065,0.999998977793546
"GO:1990763","arrestin family protein binding",0.000972354581245566,10,0.898507266458491,0.673493604669679,0.813242059692681,229888,5,5,1.0352271379433,0.841015933627406,0.999998977793546
"GO:0004935","adrenergic receptor activity",0.00353877298481312,38,0.938160517833849,0.674551029065299,0.813260545563882,158209,8,8,1.0352271379433,0.757993890325376,0.999998977793546
"GO:0005221","intracellularly cyclic nucleotide-activated monoatomic cation channel activity",0.000499514652835656,5,0.874516545073991,0.675408610841022,0.813260545563882,109328,5,6,0.86268928161942,0.984190146792223,0.999998977793546
"GO:0043855","cyclic nucleotide-activated monoatomic ion channel activity",0.000499514652835656,5,0.874516545073991,0.675408610841022,0.813260545563882,109328,5,6,0.86268928161942,0.984190146792223,0.999998977793546
"GO:0034237","protein kinase A regulatory subunit binding",0.00254118256469174,27,0.928269659251805,0.675857680826013,0.813260545563882,105424,10,10,1.0352271379433,0.70723636002164,0.999998977793546
"GO:0016907","G protein-coupled acetylcholine receptor activity",0.000889009902853089,9,0.884468090420078,0.686707545350412,0.825598915199931,286326,5,5,1.0352271379433,0.841015933627406,0.999998977793546
"GO:0010314","phosphatidylinositol-5-phosphate binding",0.00537656188259358,58,0.942474488386436,0.691751654110321,0.830165733624919,80284,15,15,1.0352271379433,0.594676830337026,0.999998977793546
"GO:0008066","glutamate receptor activity",0.00219562866569929,23,0.915198294723348,0.691843754652229,0.830165733624919,244679,11,12,0.948958209781362,0.939174164806775,0.999998977793546
"GO:0005127","ciliary neurotrophic factor receptor binding",0.000703393666911277,7,0.869452468148937,0.692907283252617,0.830165733624919,129049,5,5,1.0352271379433,0.841015933627406,0.999998977793546
"GO:0034593","phosphatidylinositol bisphosphate phosphatase activity",0.00293023508069381,31,0.924284114266727,0.693084687781308,0.830165733624919,111430,10,11,0.941115579948459,0.948173729746837,0.999998977793546
"GO:0017154","semaphorin receptor activity",0.00283947460754397,30,0.923059133371542,0.693503071338651,0.830165733624919,171949,10,10,1.0352271379433,0.70723636002164,0.999998977793546
"GO:1902936","phosphatidylinositol bisphosphate binding",0.0133547395229762,147,0.961674657390921,0.69428635138086,0.830385662057419,131326,56,57,1.01706525833026,0.417217485942091,0.999998977793546
"GO:0016530","metallochaperone activity",0.00108635859020207,11,0.884638305595683,0.696744047504794,0.832606130969922,127013,6,7,0.887337546808547,0.978359433593858,0.999998977793546
"GO:0004553","hydrolase activity, hydrolyzing O-glycosyl compounds",0.00548148984423511,59,0.940371928387111,0.699144994276171,0.834755014717669,113957,35,36,1.00647082855599,0.652074625621272,0.999998977793546
"GO:0005537","D-mannose binding",0.00230786173859434,24,0.908547657474981,0.707396692846025,0.843630424341442,67338,13,14,0.961282342375926,0.91976071010881,0.999998977793546
"GO:0031267","small GTPase binding",0.0306389647993253,341,0.972358801702469,0.707796789230871,0.843630424341442,130721,130,134,1.00432483531813,0.518186120953349,0.999998977793546
"GO:0004707","MAP kinase activity",0.0015678318319116,16,0.891593232427854,0.709220893944161,0.844600978600742,126978,11,11,1.0352271379433,0.68314262304912,0.999998977793546
"GO:0009055","electron transfer activity",0.00874975234566015,95,0.948580303982942,0.710835045705965,0.845795995105466,135385,42,43,1.01115208822369,0.56713247072837,0.999998977793546
"GO:0008296","3'-5'-DNA exonuclease activity",0.00100611304991715,10,0.868359332875451,0.712894988786362,0.84751893516662,39938,6,7,0.887337546808547,0.978359433593858,0.999998977793546
"GO:0004118","3',5'-cGMP-stimulated cyclic-nucleotide phosphodiesterase activity",0.0013902954917502,14,0.879766011477827,0.718544867368644,0.853503122903578,182426,6,6,1.0352271379433,0.812381090994443,0.999998977793546
"GO:0042162","telomeric DNA binding",0.0021385159777172,22,0.898786291539944,0.719317958220813,0.853689264897879,115095,15,15,1.0352271379433,0.594676830337026,0.999998977793546
"GO:0035240","dopamine binding",0.00176827965736815,18,0.889339972740869,0.721059192306256,0.855023100465894,191091,5,6,0.86268928161942,0.984190146792223,0.999998977793546
"GO:0035198","miRNA binding",0.00543732712620244,58,0.931941796394087,0.721899672919478,0.855287465349424,103804,17,18,0.977714519168676,0.876406731132929,0.999998977793546
"GO:0052866","phosphatidylinositol phosphate phosphatase activity",0.00306759330896083,32,0.91137781976118,0.72332441451559,0.856243003507771,110841,11,13,0.875961424413565,0.991343969552253,0.999998977793546
"GO:0061650","ubiquitin-like protein conjugating enzyme activity",0.00205915590546301,21,0.890997167558562,0.72977025874459,0.863135617729511,181567,12,15,0.828181710354644,0.998667743994336,0.999998977793546
"GO:0004867","serine-type endopeptidase inhibitor activity",0.00491368346952938,52,0.924575594592891,0.732577545021391,0.865716638101217,118281,30,30,1.0352271379433,0.353318440749891,0.999998977793546
"GO:0001758","retinal dehydrogenase activity",0.00122847620913427,12,0.85341594765343,0.745240478970243,0.879930147803739,138400,5,5,1.0352271379433,0.841015933627406,0.999998977793546
"GO:0019534","toxin transmembrane transporter activity",0.00123290354928792,12,0.850351342401061,0.749437419169436,0.88413187866241,54672,7,7,1.0352271379433,0.78471803389454,0.999998977793546
"GO:0016780","phosphotransferase activity, for other substituted phosphate groups",0.000847171538401088,8,0.825020782423606,0.751323510150361,0.88560260558149,50978,6,8,0.776420353457478,0.998076617739368,0.999998977793546
"GO:0140034","methylation-dependent protein binding",0.00687078918445074,73,0.928244736317035,0.753490245884672,0.887401352508734,115038,37,38,1.00798431852374,0.627286052550807,0.999998977793546
"GO:0070717","poly-purine tract binding",0.00404127609225249,42,0.907981557036562,0.754401591621991,0.887719799827067,104285,20,20,1.0352271379433,0.499980982462438,0.999998977793546
"GO:0070273","phosphatidylinositol-4-phosphate binding",0.00578277034169104,61,0.921595081893559,0.755241924658486,0.887954215324282,144470,18,18,1.0352271379433,0.535907429923871,0.999998977793546
"GO:0030553","cGMP binding",0.00162239879930535,16,0.861605821895249,0.756174724833663,0.888167997844165,172546,8,9,0.920201900394048,0.964529840258071,0.999998977793546
"GO:0042937","tripeptide transmembrane transporter activity",0.00114424606271106,11,0.83988440408412,0.756706308632574,0.888167997844165,126369,5,5,1.0352271379433,0.841015933627406,0.999998977793546
"GO:0005337","nucleoside transmembrane transporter activity",0.00152898192206332,15,0.857107246543852,0.757607358146929,0.888472642704062,70973,8,8,1.0352271379433,0.757993890325376,0.999998977793546
"GO:0004726","non-membrane spanning protein tyrosine phosphatase activity",0.000655357026244166,6,0.79987025865609,0.758786212776993,0.889102288237001,47060,3,5,0.621136282765983,0.999629267727804,0.999998977793546
"GO:0170055","lipid transmembrane transporter activity",0.00478739359164649,50,0.912466919732486,0.760038173160508,0.889816458011246,121169,29,29,1.0352271379433,0.365807797677137,0.999998977793546
"GO:0008559","ABC-type xenobiotic transporter activity",0.00134137338305236,13,0.846720210957109,0.760800180188459,0.889956291858966,141069,6,6,1.0352271379433,0.812381090994443,0.999998977793546
"GO:0008235","metalloexopeptidase activity",0.00698457182639957,74,0.925631638013439,0.762587876595905,0.891294691211247,144836,29,30,1.00071956667853,0.72799914856726,0.999998977793546
"GO:0008179","adenylate cyclase binding",0.00172821222897761,17,0.859405454779322,0.764705668273921,0.893016315817352,211113,7,7,1.0352271379433,0.78471803389454,0.999998977793546
"GO:0004890","GABA-A receptor activity",0.00229690407171406,23,0.874845247322044,0.765952697880557,0.893719028276808,331393,10,10,1.0352271379433,0.70723636002164,0.999998977793546
"GO:0140666","annealing activity",0.00115564646360671,11,0.831598981842892,0.767494185572811,0.894763844291535,58053,6,6,1.0352271379433,0.812381090994443,0.999998977793546
"GO:0016716","oxidoreductase activity, acting on paired donors, with incorporation or reduction of molecular oxygen, another compound as one donor, and incorporation of one atom of oxygen",0.00125625776859843,12,0.834543048722944,0.770802668487901,0.897865177338724,47131,5,5,1.0352271379433,0.841015933627406,0.999998977793546
"GO:0061891","calcium ion sensor activity",0.00249458480957457,25,0.87556419556281,0.772316756678256,0.898118142736679,108428,13,14,0.961282342375926,0.91976071010881,0.999998977793546
"GO:0140784","metal ion sensor activity",0.00249458480957457,25,0.87556419556281,0.772316756678256,0.898118142736679,108428,13,14,0.961282342375926,0.91976071010881,0.999998977793546
"GO:0032794","GTPase activating protein binding",0.00145360645594741,14,0.841448326366633,0.7744576421258,0.899852210020329,33438,7,7,1.0352271379433,0.78471803389454,0.999998977793546
"GO:0015203","polyamine transmembrane transporter activity",0.00116560797895242,11,0.824491973166996,0.776643524384866,0.901635608778742,54350,8,8,1.0352271379433,0.757993890325376,0.999998977793546
"GO:0035064","methylated histone binding",0.00684046190439823,72,0.91958806540294,0.777330196865521,0.901676987151379,116563,36,37,1.007248026107,0.639636131138274,0.999998977793546
"GO:0015174","basic amino acid transmembrane transporter activity",0.00241323243425123,24,0.868877090584361,0.780361830235408,0.904436096130578,146112,8,8,1.0352271379433,0.757993890325376,0.999998977793546
"GO:0004180","carboxypeptidase activity",0.00474942914982894,49,0.901365486963539,0.784931132544284,0.908971252988155,142039,17,17,1.0352271379433,0.554824057768819,0.999998977793546
"GO:0003953","NAD+ nucleosidase activity",0.00088037658955347,8,0.793903579163978,0.786736287968101,0.910300550405865,123398,7,7,1.0352271379433,0.78471803389454,0.999998977793546
"GO:0008028","monocarboxylic acid transmembrane transporter activity",0.00559051309551876,58,0.906405605889238,0.790075785085534,0.913227366527114,105032,32,35,0.94649338326245,0.969976447018872,0.999998977793546
"GO:0042625","ATPase-coupled ion transmembrane transporter activity",0.00147618589073103,14,0.828577706393716,0.792417231503977,0.913227366527114,130456,9,9,1.0352271379433,0.73217689658379,0.999998977793546
"GO:0044769","ATPase activity, coupled to transmembrane movement of ions, rotational mechanism",0.00147618589073103,14,0.828577706393716,0.792417231503977,0.913227366527114,130456,9,9,1.0352271379433,0.73217689658379,0.999998977793546
"GO:0046961","proton-transporting ATPase activity, rotational mechanism",0.00147618589073103,14,0.828577706393716,0.792417231503977,0.913227366527114,130456,9,9,1.0352271379433,0.73217689658379,0.999998977793546
"GO:0031418","L-ascorbic acid binding",0.00214825612605523,21,0.854042521781621,0.792562667556383,0.913227366527114,177802,7,7,1.0352271379433,0.78471803389454,0.999998977793546
"GO:0005501","retinoid binding",0.00597403143632876,62,0.906714256534529,0.796309056368724,0.91513138306884,126183,19,21,0.936634077186799,0.967043187448459,0.999998977793546
"GO:0019840","isoprenoid binding",0.00597403143632876,62,0.906714256534529,0.796309056368724,0.91513138306884,126183,19,21,0.936634077186799,0.967043187448459,0.999998977793546
"GO:0005248","voltage-gated sodium channel activity",0.00118863014775141,11,0.808522671517053,0.79680411540708,0.91513138306884,114874,8,9,0.920201900394048,0.964529840258071,0.999998977793546
"GO:0048407","platelet-derived growth factor binding",0.00291230435307152,29,0.869976450818249,0.796858085184853,0.91513138306884,103013,7,8,0.905823745700391,0.971787038878688,0.999998977793546
"GO:0140303","intramembrane lipid transporter activity",0.00634758826179305,66,0.908409036191212,0.798598231815475,0.916369967741867,229681,22,23,0.990217262380552,0.816538099667205,0.999998977793546
"GO:0005546","phosphatidylinositol-4,5-bisphosphate binding",0.00945679856819819,100,0.923851396984767,0.799525295258873,0.916674283057565,134821,45,45,1.0352271379433,0.209727061262004,0.999998977793546
"GO:0015399","primary active transmembrane transporter activity",0.0132696239085223,142,0.93492331149821,0.800839925694333,0.916857593405472,128340,68,68,1.0352271379433,0.0940939781820983,0.999998977793546
"GO:0030371","translation repressor activity",0.00367037567088039,37,0.880719201550015,0.801009161025719,0.916857593405472,79804,16,17,0.97433142394664,0.88771849243011,0.999998977793546
"GO:0045295","gamma-catenin binding",0.000897532532648867,8,0.778728458338917,0.803505732767491,0.918362527682106,94231,6,6,1.0352271379433,0.812381090994443,0.999998977793546
"GO:0016779","nucleotidyltransferase activity",0.0101072855202733,107,0.924901538524754,0.803650096426507,0.918362527682106,115014,53,57,0.962579619491143,0.956206648957193,0.999998977793546
"GO:0061631","ubiquitin conjugating enzyme activity",0.00188471870340916,18,0.83439601858751,0.807949209945021,0.921370152739172,199715,9,12,0.776420353457478,0.999476165364552,0.999998977793546
"GO:0016500","protein-hormone receptor activity",0.00236453169256107,23,0.849823927932737,0.808365665102164,0.921370152739172,122421,13,13,1.0352271379433,0.63738188522569,0.999998977793546
"GO:0004114","3',5'-cyclic-nucleotide phosphodiesterase activity",0.00350114059350708,35,0.873383035389241,0.809699563555673,0.921370152739172,183460,15,17,0.913435709949974,0.981384607125682,0.999998977793546
"GO:0004115","3',5'-cyclic-AMP phosphodiesterase activity",0.00350114059350708,35,0.873383035389241,0.809699563555673,0.921370152739172,183460,15,17,0.913435709949974,0.981384607125682,0.999998977793546
"GO:0047555","3',5'-cyclic-GMP phosphodiesterase activity",0.00350114059350708,35,0.873383035389241,0.809699563555673,0.921370152739172,183460,15,17,0.913435709949974,0.981384607125682,0.999998977793546
"GO:0070402","NADPH binding",0.00100589168290947,9,0.781695389772674,0.810575719081081,0.921370152739172,139572,6,6,1.0352271379433,0.812381090994443,0.999998977793546
"GO:0051539","4 iron, 4 sulfur cluster binding",0.00359754592535283,36,0.874263631326839,0.810938784252022,0.921370152739172,222013,17,18,0.977714519168676,0.876406731132929,0.999998977793546
"GO:0015631","tubulin binding",0.0418987976450978,461,0.961270519519754,0.812830409427665,0.922433626337747,146669,201,206,1.01010026566313,0.291973406981526,0.999998977793546
"GO:0052650","all-trans-retinol dehydrogenase (NADP+) activity",0.000806107958475977,7,0.758666817944047,0.813206828706418,0.922433626337747,38466,5,5,1.0352271379433,0.841015933627406,0.999998977793546
"GO:0004129","cytochrome-c oxidase activity",0.000706714172026515,6,0.74174343014921,0.816882467614991,0.925087667740607,15383,5,5,1.0352271379433,0.841015933627406,0.999998977793546
"GO:0016675","oxidoreductase activity, acting on a heme group of donors",0.000706714172026515,6,0.74174343014921,0.816882467614991,0.925087667740607,15383,5,5,1.0352271379433,0.841015933627406,0.999998977793546
"GO:0016646","oxidoreductase activity, acting on the CH-NH group of donors, NAD or NADP as acceptor",0.00160823131081367,15,0.814871266604045,0.817633817893022,0.925182057011304,90840,6,6,1.0352271379433,0.812381090994443,0.999998977793546
"GO:0005095","GTPase inhibitor activity",0.00219097995853796,21,0.837388800467769,0.818808083439606,0.925754445358248,107275,6,6,1.0352271379433,0.812381090994443,0.999998977793546
"GO:0008143","poly(A) binding",0.00333832515935657,33,0.863637641598916,0.821797143596507,0.928062762250717,87796,16,16,1.0352271379433,0.57440608333713,0.999998977793546
"GO:0140662","ATP-dependent protein folding chaperone",0.00200392483704621,19,0.828358687549954,0.822189898398289,0.928062762250717,92857,12,12,1.0352271379433,0.659867028343879,0.999998977793546
"GO:0046527","glucosyltransferase activity",0.00171769729611268,16,0.813803604442332,0.825439496520918,0.930972070587517,197596,5,5,1.0352271379433,0.841015933627406,0.999998977793546
"GO:0004181","metallocarboxypeptidase activity",0.00401006334416925,40,0.871475168185244,0.827565584843843,0.932610524824022,170771,12,12,1.0352271379433,0.659867028343879,0.999998977793546
"GO:0016668","oxidoreductase activity, acting on a sulfur group of donors, NAD(P) as acceptor",0.00061484686383826,5,0.710475817807187,0.830489148013232,0.934384622256967,25378,3,5,0.621136282765983,0.999629267727804,0.999998977793546
"GO:0047134","protein-disulfide reductase (NAD(P)H) activity",0.00061484686383826,5,0.710475817807187,0.830489148013232,0.934384622256967,25378,3,5,0.621136282765983,0.999629267727804,0.999998977793546
"GO:0016830","carbon-carbon lyase activity",0.00354807039913578,35,0.861830926361133,0.831350712817502,0.934543706386601,112309,20,20,1.0352271379433,0.499980982462438,0.999998977793546
"GO:1990825","sequence-specific mRNA binding",0.00143313000773678,13,0.792508668256812,0.83242307865767,0.934543706386601,149139,7,7,1.0352271379433,0.78471803389454,0.999998977793546
"GO:0022851","GABA-gated chloride ion channel activity",0.00221533032938304,21,0.828184426942767,0.832654825762502,0.934543706386601,358637,9,9,1.0352271379433,0.73217689658379,0.999998977793546
"GO:0008474","palmitoyl-(protein) hydrolase activity",0.00124850992332954,11,0.769745121402627,0.842943141605558,0.943637165598985,117420,8,8,1.0352271379433,0.757993890325376,0.999998977793546
"GO:0098599","palmitoyl hydrolase activity",0.00124850992332954,11,0.769745121402627,0.842943141605558,0.943637165598985,117420,8,8,1.0352271379433,0.757993890325376,0.999998977793546
"GO:0015132","prostaglandin transmembrane transporter activity",0.0024327127309273,23,0.826006122772967,0.845337644359193,0.943637165598985,152187,10,10,1.0352271379433,0.70723636002164,0.999998977793546
"GO:0071714","icosanoid transmembrane transporter activity",0.0024327127309273,23,0.826006122772967,0.845337644359193,0.943637165598985,152187,10,10,1.0352271379433,0.70723636002164,0.999998977793546
"GO:0140103","catalytic activity, acting on a glycoprotein",0.00223912728270891,21,0.819382664619846,0.845420663140627,0.943637165598985,99311,11,13,0.875961424413565,0.991343969552253,0.999998977793546
"GO:0004112","cyclic-nucleotide phosphodiesterase activity",0.00386584273866407,38,0.858787415929906,0.845737534297715,0.943637165598985,169855,16,18,0.920201900394048,0.978212582807557,0.999998977793546
"GO:0005332","gamma-aminobutyric acid:sodium:chloride symporter activity",0.00115155117396458,10,0.758687652425783,0.845942536370551,0.943637165598985,80903,3,5,0.621136282765983,0.999629267727804,0.999998977793546
"GO:0043024","ribosomal small subunit binding",0.00214338605188621,20,0.815221929856736,0.846207479908981,0.943637165598985,155583,11,11,1.0352271379433,0.68314262304912,0.999998977793546
"GO:0070300","phosphatidic acid binding",0.00330036071753902,32,0.8471002842136,0.847383550278983,0.943987545794724,132449,15,16,0.970525441821848,0.898738035335471,0.999998977793546
"GO:0042800","histone H3K4 methyltransferase activity",0.00292049493235578,28,0.837621531886075,0.848445798413461,0.943987545794724,275171,10,11,0.941115579948459,0.948173729746837,0.999998977793546
"GO:0005540","hyaluronic acid binding",0.00224521487542018,21,0.817161020717746,0.84856642203208,0.943987545794724,160870,11,11,1.0352271379433,0.68314262304912,0.999998977793546
"GO:0015185","gamma-aminobutyric acid transmembrane transporter activity",0.0014715371835697,13,0.771824162210545,0.857085257599598,0.952224408972488,92357,5,7,0.739447955673789,0.998766929788137,0.999998977793546
"GO:0043539","protein serine/threonine kinase activator activity",0.00764701259688957,78,0.891146396959504,0.859792952891772,0.952224408972488,147016,33,33,1.0352271379433,0.318343328421408,0.999998977793546
"GO:0001653","peptide receptor activity",0.0127958985120817,134,0.914913992978229,0.860046883283612,0.952224408972488,143837,63,64,1.01905171391294,0.353928494207535,0.999998977793546
"GO:0008528","G protein-coupled peptide receptor activity",0.0127958985120817,134,0.914913992978229,0.860046883283612,0.952224408972488,143837,63,64,1.01905171391294,0.353928494207535,0.999998977793546
"GO:0004089","carbonate dehydratase activity",0.00137568526924316,12,0.762093780916036,0.860082682248282,0.952224408972488,194618,5,5,1.0352271379433,0.841015933627406,0.999998977793546
"GO:0031701","angiotensin receptor binding",0.00137646005377005,12,0.761664812078274,0.860557490802633,0.952224408972488,85861,7,7,1.0352271379433,0.78471803389454,0.999998977793546
"GO:0005544","calcium-dependent phospholipid binding",0.00606955130014378,61,0.878050525167512,0.860783364645166,0.952224408972488,134349,30,32,0.970525441821848,0.90618038224628,0.999998977793546
"GO:0004977","melanocortin receptor activity",0.00075585764773204,6,0.69351761626925,0.861550234801295,0.952250845737038,270506,5,5,1.0352271379433,0.841015933627406,0.999998977793546
"GO:0070064","proline-rich region binding",0.00237039791826466,22,0.810863370323275,0.862182354190791,0.952250845737038,87652,9,9,1.0352271379433,0.73217689658379,0.999998977793546
"GO:0008009","chemokine activity",0.0017936261797478,16,0.779353171079331,0.869298226229244,0.959345054444225,195696,8,8,1.0352271379433,0.757993890325376,0.999998977793546
"GO:0045236","CXCR chemokine receptor binding",0.00169810631593278,15,0.771742895564905,0.871612384237271,0.961022522314233,212360,6,6,1.0352271379433,0.812381090994443,0.999998977793546
"GO:0015269","calcium-activated potassium channel activity",0.00189899687540469,17,0.78211556629506,0.872206000396383,0.961022522314233,284346,9,9,1.0352271379433,0.73217689658379,0.999998977793546
"GO:0048020","CCR chemokine receptor binding",0.00140269204418043,12,0.747420784581821,0.875895065897098,0.963709967990562,97425,9,9,1.0352271379433,0.73217689658379,0.999998977793546
"GO:0008188","neuropeptide receptor activity",0.00621653899324499,62,0.871343279305522,0.876036714584922,0.963709967990562,123015,24,24,1.0352271379433,0.435170820341084,0.999998977793546
"GO:0033691","sialic acid binding",0.00200923764523059,18,0.782685804247679,0.877382581280112,0.964096957731281,233676,9,10,0.931704424148974,0.956641725643139,0.999998977793546
"GO:0042043","neurexin family protein binding",0.00150905889137189,13,0.752633287119642,0.87834890160834,0.964096957731281,126777,7,7,1.0352271379433,0.78471803389454,0.999998977793546
"GO:1901474","azole transmembrane transporter activity",0.00230852583961739,21,0.794750506077551,0.878476794698106,0.964096957731281,151703,8,8,1.0352271379433,0.757993890325376,0.999998977793546
"GO:0001972","retinoic acid binding",0.00500389052516002,49,0.855528612568415,0.879283765901003,0.964218539804346,140406,12,13,0.955594281178435,0.929688745762142,0.999998977793546
"GO:0004953","icosanoid receptor activity",0.00110273974877058,9,0.713043029434313,0.881790793784902,0.966202728949438,68038,7,7,1.0352271379433,0.78471803389454,0.999998977793546
"GO:0015355","secondary active monocarboxylate transmembrane transporter activity",0.00241965207747403,22,0.794357528879889,0.883784400324513,0.967621655691265,112021,11,13,0.875961424413565,0.991343969552253,0.999998977793546
"GO:0070728","L-leucine binding",0.00100744125196325,8,0.693771596206359,0.888042569867978,0.971515765613863,119335,5,5,1.0352271379433,0.841015933627406,0.999998977793546
"GO:0004896","cytokine receptor activity",0.0078951650125017,79,0.874202689617684,0.896970609129545,0.98050851905637,113270,41,42,1.01057887275418,0.578927644399207,0.999998977793546
"GO:0061459","L-arginine transmembrane transporter activity",0.00196828474880932,17,0.754583409487957,0.902930642753587,0.985908032264959,137461,6,6,1.0352271379433,0.812381090994443,0.999998977793546
"GO:0015081","sodium ion transmembrane transporter activity",0.0130320971092789,134,0.898331749929737,0.903333785519302,0.985908032264959,101343,70,74,0.979268914270694,0.893107072566409,0.999998977793546
"GO:0061578","K63-linked deubiquitinase activity",0.00156440064329252,13,0.726008365401811,0.904999072955681,0.986820867712752,87230,6,7,0.887337546808547,0.978359433593858,0.999998977793546
"GO:0002020","protease binding",0.0159892282814062,166,0.907040843249007,0.905595178962389,0.986820867712752,116995,63,67,0.973422532692958,0.922792392183871,0.999998977793546
"GO:0045294","alpha-catenin binding",0.00136074299622459,11,0.706257114805729,0.907066990647828,0.98764762739563,246966,5,6,0.86268928161942,0.984190146792223,0.999998977793546
"GO:0008503","benzodiazepine receptor activity",0.00188206229931697,16,0.742732188740329,0.908938468438717,0.988907917350842,420986,6,6,1.0352271379433,0.812381090994443,0.999998977793546
"GO:0015220","choline transmembrane transporter activity",0.000721213711029722,5,0.605692628594064,0.914143501780423,0.993790227602736,77704,5,5,1.0352271379433,0.841015933627406,0.999998977793546
"GO:0031702","type 1 angiotensin receptor binding",0.00106211890286084,8,0.658056384813493,0.917245343560298,0.995801423944407,65620,5,5,1.0352271379433,0.841015933627406,0.999998977793546
"GO:0022821","solute:potassium antiporter activity",0.00180214880954357,15,0.727188275626874,0.917431492384883,0.995801423944407,188502,7,8,0.905823745700391,0.971787038878688,0.999998977793546
"GO:0008227","G protein-coupled amine receptor activity",0.00734794576951046,72,0.856076967147672,0.918874480489833,0.996080756439008,220061,25,26,0.99541070956087,0.77892109028081,0.999998977793546
"GO:0015125","bile acid transmembrane transporter activity",0.0021143869738798,18,0.743762519212067,0.919127225075128,0.996080756439008,168815,10,10,1.0352271379433,0.70723636002164,0.999998977793546
"GO:0015385","sodium:proton antiporter activity",0.00192058015865373,16,0.727836453281498,0.922806437219038,0.999286095033907,170049,6,7,0.887337546808547,0.978359433593858,0.999998977793546
"GO:0000900","mRNA regulatory element binding translation repressor activity",0.00183147993806151,15,0.715542364401811,0.927561448839998,1,92077,7,8,0.905823745700391,0.971787038878688,0.999998977793546
"GO:0030297","transmembrane receptor protein tyrosine kinase activator activity",0.00193519038116078,16,0.722341462899826,0.927582652978647,1,185708,8,10,0.828181710354644,0.996082298717797,0.999998977793546
"GO:0015386","potassium:proton antiporter activity",0.00173861647833868,14,0.703510368612999,0.931287104058425,1,193383,6,7,0.887337546808547,0.978359433593858,0.999998977793546
"GO:0015651","quaternary ammonium group transmembrane transporter activity",0.000987739588279502,7,0.619158497880602,0.933198198760807,1,38827,7,7,1.0352271379433,0.78471803389454,0.999998977793546
"GO:0042626","ATPase-coupled transmembrane transporter activity",0.00847957391278361,83,0.85516579326016,0.933971419902302,1,102462,46,46,1.0352271379433,0.202553395801355,0.999998977793546
"GO:0080025","phosphatidylinositol-3,5-bisphosphate binding",0.00668008150733223,64,0.837036643569702,0.934813697161608,1,132609,15,15,1.0352271379433,0.594676830337026,0.999998977793546
"GO:0005547","phosphatidylinositol-3,4,5-trisphosphate binding",0.0060242817470727,57,0.82663890119563,0.937301261542404,1,134221,21,22,0.988171358945881,0.828859677709802,0.999998977793546
"GO:0140161","monocarboxylate:sodium symporter activity",0.00218699535239967,18,0.719069558404177,0.940453962023462,1,114464,8,10,0.828181710354644,0.996082298717797,0.999998977793546
"GO:0004954","prostanoid receptor activity",0.00102028053840884,7,0.599410982326589,0.945372478932456,1,96986,5,5,1.0352271379433,0.841015933627406,0.999998977793546
"GO:0004955","prostaglandin receptor activity",0.00102028053840884,7,0.599410982326589,0.945372478932456,1,96986,5,5,1.0352271379433,0.841015933627406,0.999998977793546
"GO:0030594","neurotransmitter receptor activity",0.0106471996520111,105,0.861589027769607,0.945864929184486,1,253819,50,52,0.99541070956087,0.740099219385824,0.999998977793546
"GO:0016903","oxidoreductase activity, acting on the aldehyde or oxo group of donors",0.00524274552644948,48,0.799887145312595,0.951361769361865,1,148391,22,22,1.0352271379433,0.46645542622721,0.999998977793546
"GO:0016421","CoA carboxylase activity",0.00105005440094214,7,0.582414929386159,0.954737351489658,1,165861,4,5,0.828181710354644,0.989219168638288,0.999998977793546
"GO:0016885","ligase activity, forming carbon-carbon bonds",0.00105005440094214,7,0.582414929386159,0.954737351489658,1,165861,4,5,0.828181710354644,0.989219168638288,0.999998977793546
"GO:1901611","phosphatidylglycerol binding",0.00215866037541631,17,0.688035521249261,0.957657277960745,1,170684,9,10,0.931704424148974,0.956641725643139,0.999998977793546
"GO:0000014","single-stranded DNA endodeoxyribonuclease activity",0.0012977640825389,9,0.605888929829771,0.95971291623341,1,175532,5,5,1.0352271379433,0.841015933627406,0.999998977793546
"GO:0015214","pyrimidine nucleoside transmembrane transporter activity",0.00108680132421744,7,0.562722317454577,0.964290954755293,1,58313,6,6,1.0352271379433,0.812381090994443,0.999998977793546
"GO:0005520","insulin-like growth factor binding",0.00254251076673784,20,0.687247950532223,0.968800622895071,1,215728,8,9,0.920201900394048,0.964529840258071,0.999998977793546
"GO:0016620","oxidoreductase activity, acting on the aldehyde or oxo group of donors, NAD or NADP as acceptor",0.00509819287043278,45,0.771156477524811,0.969624686452302,1,155112,20,20,1.0352271379433,0.499980982462438,0.999998977793546
"GO:0051018","protein kinase A binding",0.00777230632323789,72,0.809335976674107,0.97169656401958,1,180129,24,25,0.993818052425572,0.791546924131439,0.999998977793546
"GO:0015662","P-type ion transporter activity",0.00289979711713746,23,0.692957310295318,0.974019975815507,1,77389,15,15,1.0352271379433,0.594676830337026,0.999998977793546
"GO:0140358","P-type transmembrane transporter activity",0.00289979711713746,23,0.692957310295318,0.974019975815507,1,77389,15,15,1.0352271379433,0.594676830337026,0.999998977793546
"GO:0005161","platelet-derived growth factor receptor binding",0.00215390098475113,16,0.648993737787284,0.974151187582706,1,176060,7,8,0.905823745700391,0.971787038878688,0.999998977793546
"GO:0004117","calmodulin-activated dual specificity 3',5'-cyclic-GMP, 3',5'-cyclic-AMP phosphodiesterase activity",0.00193983908832212,14,0.630534113327227,0.974791159026333,1,175832,7,9,0.805176662844792,0.997187234050847,0.999998977793546
"GO:0048101","calmodulin-activated 3',5'-cyclic-GMP phosphodiesterase activity",0.00193983908832212,14,0.630534113327227,0.974791159026333,1,175832,7,9,0.805176662844792,0.997187234050847,0.999998977793546
"GO:1901612","cardiolipin binding",0.00206623964970885,15,0.634244670224811,0.976850749479835,1,183165,8,9,0.920201900394048,0.964529840258071,0.999998977793546
"GO:0003680","minor groove of adenine-thymine-rich DNA binding",0.00240515253847082,18,0.6538470043492,0.978193343531415,1,86837,7,7,1.0352271379433,0.78471803389454,0.999998977793546
"GO:0016627","oxidoreductase activity, acting on the CH-CH group of donors",0.00464361572015668,39,0.733760945553883,0.981912347175884,1,110448,29,31,0.968438290334059,0.912884133385856,0.999998977793546
"GO:0043325","phosphatidylinositol-3,4-bisphosphate binding",0.00588083592609441,51,0.75766525470099,0.983390699078032,1,113164,14,14,1.0352271379433,0.615660437157757,0.999998977793546
"GO:0140828","metal cation:monoatomic cation antiporter activity",0.00415505873420131,34,0.714904463022075,0.983515024669409,1,180262,18,19,0.980741499104183,0.864835227900107,0.999998977793546
"GO:0004169","dolichyl-phosphate-mannose-protein mannosyltransferase activity",0.00268219334858552,20,0.651457626859064,0.983748114870243,1,221736,6,6,1.0352271379433,0.812381090994443,0.999998977793546
"GO:0004559","alpha-mannosidase activity",0.00157325532359983,10,0.555324773873494,0.984739789556783,1,76495,5,5,1.0352271379433,0.841015933627406,0.999998977793546
"GO:0015924","mannosyl-oligosaccharide mannosidase activity",0.00157325532359983,10,0.555324773873494,0.984739789556783,1,76495,5,5,1.0352271379433,0.841015933627406,0.999998977793546
"GO:0030296","protein tyrosine kinase activator activity",0.00312714103402743,24,0.670517368279858,0.984867194755062,1,180015,14,16,0.905823745700391,0.984281213835687,0.999998977793546
"GO:0050700","CARD domain binding",0.00192445408128818,13,0.59017669733647,0.985158342621491,1,72561,5,5,1.0352271379433,0.841015933627406,0.999998977793546
"GO:0015923","mannosidase activity",0.00172323147130475,11,0.557693170365575,0.987524062425743,1,85115,6,6,1.0352271379433,0.812381090994443,0.999998977793546
"GO:0019829","ATPase-coupled monoatomic cation transmembrane transporter activity",0.00505923227708066,42,0.725288731114637,0.987918859645734,1,93833,27,27,1.0352271379433,0.392121786670984,0.999998977793546
"GO:0001586","Gi/o-coupled serotonin receptor activity",0.00149134953075729,9,0.527241183186438,0.987943217762542,1,438960,5,5,1.0352271379433,0.841015933627406,0.999998977793546
"GO:0030527","structural constituent of chromatin",0.00427016957819624,34,0.695632803054657,0.989620615383845,1,84929,27,28,0.998254740159615,0.75350836376725,0.999998977793546
"GO:0017128","phospholipid scramblase activity",0.00279497983899978,20,0.625169201317745,0.990697349294844,1,378532,8,9,0.920201900394048,0.964529840258071,0.999998977793546
"GO:0003688","DNA replication origin binding",0.00189158108064732,12,0.554245968578433,0.990862866896825,1,86996,6,6,1.0352271379433,0.812381090994443,0.999998977793546
"GO:0015368","calcium:monoatomic cation antiporter activity",0.00144917911579376,8,0.482296575931435,0.993023492825991,1,331869,5,5,1.0352271379433,0.841015933627406,0.999998977793546
"GO:0043176","amine binding",0.00286161130831222,20,0.61061238770309,0.993391600576617,1,261224,10,11,0.941115579948459,0.948173729746837,0.999998977793546
"GO:0051139","metal cation:proton antiporter activity",0.00321646262162734,23,0.624734637729768,0.994099610769811,1,227211,11,12,0.948958209781362,0.939174164806775,0.999998977793546
"GO:0042923","neuropeptide binding",0.00432241219200932,32,0.646800068490247,0.996731499342667,1,179778,16,16,1.0352271379433,0.57440608333713,0.999998977793546
"GO:0016854","racemase and epimerase activity",0.00184686494509545,10,0.473054437003347,0.997473653910704,1,116512,8,8,1.0352271379433,0.757993890325376,0.999998977793546
"GO:0070513","death domain binding",0.0029310098652207,19,0.56634696718749,0.997548303128752,1,172196,5,5,1.0352271379433,0.841015933627406,0.999998977793546
"GO:0016624","oxidoreductase activity, acting on the aldehyde or oxo group of donors, disulfide as acceptor",0.0016026971356216,8,0.436098692587726,0.997694560905307,1,320774,5,5,1.0352271379433,0.841015933627406,0.999998977793546
"GO:0008519","ammonium channel activity",0.00307899370985648,20,0.567502073178363,0.997958912146026,1,50012,5,5,1.0352271379433,0.841015933627406,0.999998977793546
"GO:0099589","serotonin receptor activity",0.00258833373732812,15,0.506310861824108,0.998879556546493,1,342820,8,8,1.0352271379433,0.757993890325376,0.999998977793546
"GO:1990841","promoter-specific chromatin binding",0.0117507141853085,101,0.75093676816241,0.998936990097704,1,161391,33,34,1.00477928094497,0.677179781769103,0.999998977793546
"GO:0051378","serotonin binding",0.00243105247836968,13,0.467191870177982,0.999381336030773,1,387100,7,8,0.905823745700391,0.971787038878688,0.999998977793546
"GO:0031681","G-protein beta-subunit binding",0.00349361411524588,21,0.525158766482685,0.999636072686609,1,112565,12,14,0.887337546808547,0.989256959682135,0.999998977793546
"GO:0001848","complement binding",0.00308795907366762,17,0.48097626334006,0.999780577350892,1,21655,14,15,0.966211995413751,0.909430932647998,0.999998977793546
"GO:0004993","G protein-coupled serotonin receptor activity",0.00296797815550368,16,0.470983335347401,0.999787547605208,1,322595,9,10,0.931704424148974,0.956641725643139,0.999998977793546
"GO:0030246","carbohydrate binding",0.0314302411682865,295,0.820012666727296,0.999839551001054,1,98385,134,140,0.990860260602877,0.800258607497816,0.999998977793546
"GO:0005549","odorant binding",0.00355681439593924,20,0.491264125460579,0.999883153368082,1,50186,19,20,0.983465781046139,0.853034600606386,0.999998977793546
"GO:0008307","structural constituent of muscle",0.00943444050042226,72,0.666749356132623,0.999908756116047,1,171251,24,25,0.993818052425572,0.791546924131439,0.999998977793546
"GO:0008527","taste receptor activity",0.00310954235691667,16,0.449541472817703,0.999918228690983,1,108845,7,7,1.0352271379433,0.78471803389454,0.999998977793546
"GO:0008556","P-type potassium transmembrane transporter activity",0.00206070547451678,8,0.339172256347098,0.999936799234873,1,90611,5,5,1.0352271379433,0.841015933627406,0.999998977793546
"GO:0001846","opsonin binding",0.00282630327058686,13,0.40185636328918,0.999962751600817,1,22422,10,11,0.941115579948459,0.948173729746837,0.999998977793546
"GO:0005200","structural constituent of cytoskeleton",0.0162022940263006,134,0.722561051072707,0.999972675717982,1,104392,55,58,0.981680906670375,0.86568460478335,0.999998977793546
"GO:0008237","metallopeptidase activity",0.0238841719269002,210,0.768166501624719,0.999976040138618,1,156867,77,78,1.02195499514916,0.25038909578149,0.999998977793546
"GO:0017022","myosin binding",0.00923476745949261,66,0.624401920278661,0.99998711532859,1,92280,33,33,1.0352271379433,0.318343328421408,0.999998977793546
"GO:0033038","bitter taste receptor activity",0.00287135145665025,12,0.36512464740596,0.999990697448358,1,116259,5,5,1.0352271379433,0.841015933627406,0.999998977793546
"GO:0034062","5'-3' RNA polymerase activity",0.00289581251099917,12,0.362040423613707,0.999992314706853,1,68446,4,7,0.591558364539031,0.999957589053457,0.999998977793546
"GO:0097747","RNA polymerase activity",0.00289581251099917,12,0.362040423613707,0.999992314706853,1,68446,4,7,0.591558364539031,0.999957589053457,0.999998977793546
"GO:0001851","complement component C3b binding",0.00219950258833374,7,0.278048029140826,0.999994753741491,1,22877,6,7,0.887337546808547,0.978359433593858,0.999998977793546
"GO:0003899","DNA-directed 5'-3' RNA polymerase activity",0.00271716933579936,10,0.321535962191448,0.999996836829129,1,73692,3,6,0.517613568971652,0.999981323125191,0.999998977793546
"GO:0004930","G protein-coupled receptor activity",0.0584230699840726,558,0.834441861135217,0.999997319048866,1,129297,269,284,0.9805496482632,0.967051768696974,0.999998977793546
"GO:0005198","structural molecule activity",0.0808348192593724,795,0.859240848854904,0.999997682846276,1,127722,342,350,1.01156480336174,0.151141327742274,0.999998977793546
"GO:0017171","serine hydrolase activity",0.0231652825694511,195,0.735433261259755,0.999997834797739,1,111746,86,90,0.989217042923602,0.808340773007651,0.999998977793546
"GO:0008236","serine-type peptidase activity",0.0229571975822295,192,0.730682347047131,0.999998419801764,1,113208,84,88,0.988171358945881,0.820039358303556,0.999998977793546
"GO:0000030","mannosyltransferase activity",0.00587806883849838,33,0.490484774290864,0.999998744566133,1,147475,11,11,1.0352271379433,0.68314262304912,0.999998977793546
"GO:0032036","myosin heavy chain binding",0.00501905416518627,26,0.45258246533715,0.999998851365569,1,62554,9,9,1.0352271379433,0.73217689658379,0.999998977793546
"GO:0008233","peptidase activity",0.0602118260896514,572,0.829966357371185,0.999998989338712,1,122984,253,260,1.0073556380756,0.33481846389483,0.999998977793546
"GO:0003785","actin monomer binding",0.00608017691651254,33,0.474180818602022,0.999999646055162,1,95333,14,14,1.0352271379433,0.615660437157757,0.999998977793546
"GO:0004252","serine-type endopeptidase activity",0.0207825987822601,166,0.697837804367714,0.999999717535813,1,95667,75,79,0.982810573996808,0.868954415733481,0.999998977793546
"GO:0038023","signaling receptor activity",0.136110161077703,1367,0.877453731169786,0.999999945061665,1,132219,597,618,1.00004951675106,0.555138313905207,0.999998977793546
"GO:0060089","molecular transducer activity",0.136110161077703,1367,0.877453731169786,0.999999945061665,1,132219,597,618,1.00004951675106,0.555138313905207,0.999998977793546
"GO:0004222","metalloendopeptidase activity",0.0169891430551082,124,0.637670711787439,0.99999997940691,1,175840,45,45,1.0352271379433,0.209727061262004,0.999998977793546
"GO:0019911","structural constituent of myelin sheath",0.00690820020874909,36,0.455285525827799,0.999999980716479,1,67483,7,7,1.0352271379433,0.78471803389454,0.999998977793546
"GO:0005048","signal sequence binding",0.00704921099264287,37,0.458571935727296,0.999999982478735,1,111366,17,17,1.0352271379433,0.554824057768819,0.999998977793546
"GO:0043015","gamma-tubulin binding",0.00763638698052081,38,0.434752338297854,0.999999999163774,1,202532,18,18,1.0352271379433,0.535907429923871,0.999998977793546
"GO:0045159","myosin II binding",0.00497821195226885,18,0.315896911855129,0.999999999533602,1,93021,9,9,1.0352271379433,0.73217689658379,0.999998977793546
"GO:0070003","threonine-type peptidase activity",0.00479580553793843,16,0.291477258587564,0.999999999825891,1,108956,7,7,1.0352271379433,0.78471803389454,0.999998977793546
"GO:0004888","transmembrane signaling receptor activity",0.115073765021135,1105,0.838942534479935,0.99999999991228,1,136852,490,508,0.998545861402006,0.632031287784976,0.999998977793546
"GO:0004175","endopeptidase activity",0.0439119092129628,368,0.732169708567536,0.999999999945913,1,123133,163,169,0.998473511744134,0.647428131709653,0.999998977793546
"GO:0008139","nuclear localization sequence binding",0.00613031654375264,22,0.31353500774281,0.999999999995084,1,129706,9,9,1.0352271379433,0.73217689658379,0.999998977793546
"GO:0017056","structural constituent of nuclear pore",0.00597591305589406,20,0.292396374797201,0.999999999998533,1,113251,7,7,1.0352271379433,0.78471803389454,0.999998977793546
"GO:0030247","polysaccharide binding",0.00978718882716439,45,0.401699050169865,0.999999999999835,1,65933,13,13,1.0352271379433,0.63738188522569,0.999998977793546
"GO:0016757","glycosyltransferase activity",0.0478884354554681,310,0.565558200094238,1,1,128491,124,129,0.995102055077285,0.724293556811216,0.999998977793546
"GO:0042277","peptide binding",0.0527580668904687,321,0.531572391426948,1,1,94168,117,120,1.00934645949472,0.41234180151589,0.999998977793546
"GO:0016758","hexosyltransferase activity",0.0405300854365966,227,0.489321835773442,1,1,115167,85,88,0.999935303695237,0.648555535377282,0.999998977793546
"GO:0140375","immune receptor activity",0.0271936086917542,150,0.481915254459183,1,1,69464,60,62,1.00183271413868,0.646431267031101,0.999998977793546
"GO:0008194","UDP-glycosyltransferase activity",0.0334480014433129,180,0.470163153080234,1,1,110299,66,69,0.990217262380552,0.792467434452691,0.999998977793546
"GO:0004984","olfactory receptor activity",0.0149527879514365,71,0.414841726077566,1,1,72385,62,74,0.867352466925471,0.999998977793546,0.999998977793546
"GO:0003823","antigen binding",0.0329785927035221,142,0.376185874225207,1,1,45530,37,39,0.982138566766725,0.853971816082902,0.999998977793546
"GO:0046977","TAP binding",0.011470795604094,42,0.319890989719006,1,1,39837,5,5,1.0352271379433,0.841015933627406,0.999998977793546
"GO:0042605","peptide antigen binding",0.0296324090153928,100,0.29483517737944,1,1,34986,22,23,0.990217262380552,0.816538099667205,0.999998977793546
"GO:0042608","T cell receptor binding",0.0137561885914085,43,0.273096788356528,1,1,36978,6,6,1.0352271379433,0.812381090994443,0.999998977793546
"GO:0023023","MHC protein complex binding",0.0202674777553828,61,0.262951945523018,1,1,36082,20,21,0.985930607565052,0.841033696728272,0.999998977793546
"GO:0023026","MHC class II protein complex binding",0.0199254657285133,58,0.254311366098919,1,1,32714,18,19,0.980741499104183,0.864835227900107,0.999998977793546
"GO:0042609","CD4 receptor binding",0.00732381676567306,19,0.22665347879055,1,1,26020,5,6,0.86268928161942,0.984190146792223,0.999998977793546
"GO:0032395","MHC class II receptor activity",0.0174982871727781,44,0.219686512860699,1,1,27874,8,9,0.920201900394048,0.964529840258071,0.999998977793546
"GO:0015020","glucuronosyltransferase activity",0.0211380035130944,41,0.169459589253864,1,1,96902,11,12,0.948958209781362,0.939174164806775,0.999998977793546
