"id","genome_fraction","observed_region_hits","fold_enrichment","p_value","p_adjust","mean_tss_dist","observed_gene_hits","gene_set_size","fold_enrichment_hyper","p_value_hyper","p_adjust_hyper"
"R-HSA-162582",0.245442788612331,3274,1.13611765954892,0,0,132972,1318,1324,1.01797653504602,3.36904183440012e-08,5.582502319601e-05
"R-HSA-73857",0.105101427565155,1470,1.19125196964448,2.48068232622245e-12,2.0552453072753e-09,149094,569,581,1.00148967498365,0.475852423372174,0.981079525943554
"R-HSA-212436",0.0994915753272195,1393,1.19250366080143,7.93631826923047e-12,3.54066226337935e-09,149686,533,543,1.00377811261789,0.337495770271317,0.981079525943554
"R-HSA-74160",0.12025270701136,1655,1.17219009828254,8.54716297737923e-12,3.54066226337935e-09,144597,665,678,1.00300314238367,0.354216934717393,0.981079525943554
"R-HSA-157118",0.0228043015692213,377,1.40805457032497,1.07460706999518e-10,3.56124782996403e-08,140354,99,99,1.02261072261072,0.107945742429469,0.981079525943554
"R-HSA-5663202",0.0487080170454039,714,1.24851186624774,2.28581142902584e-09,6.31264922982637e-07,153454,232,233,1.01822183538922,0.0326487454347626,0.981079525943554
"R-HSA-1980143",0.0162357769090004,270,1.41639896564216,2.73181577359338e-08,6.46659819549176e-06,154552,51,51,1.02261072261072,0.318669153574588,0.981079525943554
"R-HSA-3247509",0.0191111078574535,309,1.37710649892348,3.76407220947783e-08,6.93007516789418e-06,139335,118,121,0.997256737752605,0.720859384152934,0.981079525943554
"R-HSA-4839726",0.0191111078574535,309,1.37710649892348,3.76407220947783e-08,6.93007516789418e-06,139335,118,121,0.997256737752605,0.720859384152934,0.981079525943554
"R-HSA-392499",0.155276793355706,2035,1.11622763849455,5.51472658649743e-08,9.13790195382624e-06,130761,882,898,1.00439048701855,0.213851958144019,0.981079525943554
"R-HSA-109582",0.0531700017546874,755,1.20941454944317,9.92748718786629e-08,1.49544057002677e-05,109242,302,305,1.01255225648668,0.0897432756442282,0.981079525943554
"R-HSA-2644602",0.0144451721961434,239,1.40919174230719,2.38967149845948e-07,2.34011495492665e-05,157992,38,38,1.02261072261072,0.426793636458128,0.981079525943554
"R-HSA-2644603",0.0144451721961434,239,1.40919174230719,2.38967149845948e-07,2.34011495492665e-05,157992,38,38,1.02261072261072,0.426793636458128,0.981079525943554
"R-HSA-2644606",0.0144451721961434,239,1.40919174230719,2.38967149845948e-07,2.34011495492665e-05,157992,38,38,1.02261072261072,0.426793636458128,0.981079525943554
"R-HSA-2894858",0.0144451721961434,239,1.40919174230719,2.38967149845948e-07,2.34011495492665e-05,157992,38,38,1.02261072261072,0.426793636458128,0.981079525943554
"R-HSA-2894862",0.0144451721961434,239,1.40919174230719,2.38967149845948e-07,2.34011495492665e-05,157992,38,38,1.02261072261072,0.426793636458128,0.981079525943554
"R-HSA-195721",0.0246319674758284,378,1.30703617971321,2.40084213842806e-07,2.34011495492665e-05,124943,138,139,1.01525381093726,0.182838972779655,0.981079525943554
"R-HSA-3700989",0.0243659047083501,372,1.30033517420239,4.77633626649876e-07,4.39688288532691e-05,161249,146,148,1.00879165879166,0.359930463177673,0.981079525943554
"R-HSA-8939211",0.0167223766565724,267,1.35990375201357,7.85122146407247e-07,6.52226044745907e-05,128183,91,91,1.02261072261072,0.129343223672325,0.981079525943554
"R-HSA-9006931",0.0281922441902575,421,1.27188357626044,7.87237229626925e-07,6.52226044745907e-05,129045,129,129,1.02261072261072,0.0547058306151507,0.981079525943554
"R-HSA-76002",0.0265057311018224,398,1.27890473779141,9.38394897342931e-07,7.20039130674775e-05,111043,138,139,1.01525381093726,0.182838972779655,0.981079525943554
"R-HSA-3108232",0.0194132023410778,303,1.32935312030536,9.55996431795114e-07,7.20039130674775e-05,141081,94,94,1.02261072261072,0.120864970044338,0.981079525943554
"R-HSA-9006934",0.0578569845136828,803,1.18210121198122,1.03176179044873e-06,7.43317081205887e-05,138096,312,314,1.01609727851766,0.0276828904083846,0.981079525943554
"R-HSA-1643685",0.158926749008098,2051,1.09916672544909,2.09773244952416e-06,0.000144830944535897,127637,837,846,1.01173188513614,0.00737058312373517,0.981079525943554
"R-HSA-5653656",0.05252417613767,731,1.1853675658475,2.24481038668678e-06,0.0001487860324296,147891,309,313,1.00954221497352,0.172325697933226,0.981079525943554
"R-HSA-2122947",0.0121379984987929,200,1.40338822458109,2.77095639145131e-06,0.000173162390878431,163383,34,34,1.02261072261072,0.466894633215633,0.981079525943554
"R-HSA-9006936",0.0158433171690098,251,1.34934348638923,2.82159598896659e-06,0.000173162390878431,130377,75,75,1.02261072261072,0.185609715887375,0.981079525943554
"R-HSA-73887",0.0163857374800081,258,1.34106128560426,3.18852340486231e-06,0.000188692260066316,115757,84,84,1.02261072261072,0.151497186172199,0.981079525943554
"R-HSA-2990846",0.0199634009273077,306,1.30551483009232,3.48179016573802e-06,0.000198942286366479,140823,96,96,1.02261072261072,0.115522321906196,0.981079525943554
"R-HSA-8878171",0.011828125739937,194,1.39694950845028,5.0484345137658e-06,0.000278841866310331,163163,85,85,1.02261072261072,0.148115085583315,0.981079525943554
"R-HSA-73894",0.0156591550642634,246,1.33801719407827,6.16354407090292e-06,0.000328389670392878,142676,110,112,1.00434981684982,0.547748045463622,0.981079525943554
"R-HSA-1266738",0.134645604622492,1745,1.10381975513069,6.34186448555951e-06,0.000328389670392878,145275,636,641,1.01463403990705,0.0035924691669651,0.981079525943554
"R-HSA-8953897",0.0500685288925177,692,1.17716184014828,9.41365083173551e-06,0.000472679376611689,125418,316,320,1.00982808857809,0.158208762699438,0.981079525943554
"R-HSA-199991",0.0497837067553634,688,1.17705327587035,1.00911061076125e-05,0.000491793024126882,149288,290,293,1.01214030565566,0.106620028050414,0.981079525943554
"R-HSA-8878166",0.012348011930044,199,1.37262197658992,1.07439890412175e-05,0.000508651138322785,244515,49,49,1.02261072261072,0.33332826841878,0.981079525943554
"R-HSA-2262752",0.0499221142999243,689,1.17549602145505,1.15601456580627e-05,0.000532087815428054,125947,313,317,1.0097071172781,0.16413943621527,0.981079525943554
"R-HSA-5633007",0.0113769857765086,185,1.38496699921032,1.31619720178389e-05,0.000589442909015108,184159,70,72,0.994204869204869,0.787089298999128,0.981079525943554
"R-HSA-383280",0.00610262885113273,110,1.53522006962866,1.46896104762373e-05,0.000640544330503295,125118,27,27,1.02261072261072,0.546294873483078,0.981079525943554
"R-HSA-114604",0.0041598902256592,81,1.65843349508057,1.51611818848263e-05,0.000644155855978389,118608,23,23,1.02261072261072,0.597555826160392,0.981079525943554
"R-HSA-8941326",0.00743122689251728,129,1.4785094364862,1.61216907179629e-05,0.00066344467313622,226590,22,22,1.02261072261072,0.611101728272464,0.981079525943554
"R-HSA-5357801",0.0158989089596351,246,1.31784003379834,1.64159514777218e-05,0.00066344467313622,148820,94,96,1.00130633255633,0.643013037609258,0.981079525943554
"R-HSA-71291",0.0226761888007021,336,1.26201386157409,1.74745301207979e-05,0.000689411819289575,112103,149,151,1.00906620972846,0.346465598706466,0.981079525943554
"R-HSA-193704",0.0134990822779091,213,1.34391026443955,1.90567643540973e-05,0.000723811275508779,118920,59,59,1.02261072261072,0.266174370159538,0.981079525943554
"R-HSA-5218920",0.003026549769866,63,1.77291388525293,1.94939144293471e-05,0.000723811275508779,169252,18,18,1.02261072261072,0.668409131536291,0.981079525943554
"R-HSA-9842860",0.00472335763434282,89,1.60484867745436,1.96569145430869e-05,0.000723811275508779,82937,50,50,1.02261072261072,0.325916728696918,0.981079525943554
"R-HSA-9012852",0.00789117460878135,135,1.4570921795796,2.02552216219676e-05,0.000729628309295658,127661,32,32,1.02261072261072,0.488329079490694,0.981079525943554
"R-HSA-597592",0.12255473332069,1587,1.10291425367644,2.07930472085893e-05,0.000733065515417713,134816,662,675,1.00291599758266,0.360874826159036,0.981079525943554
"R-HSA-416482",0.0142038168911652,222,1.33119850572704,2.27675552377793e-05,0.000785954979770839,114874,47,47,1.02261072261072,0.34865808337205,0.981079525943554
"R-HSA-109581",0.013084545962629,206,1.34092187365125,2.9174985233027e-05,0.00098659082716583,144068,80,82,0.997668997668998,0.727959220767903,0.981079525943554
"R-HSA-193648",0.0109142927866334,176,1.3734472362666,3.21058886454395e-05,0.00106398914970987,127257,38,38,1.02261072261072,0.426793636458128,0.981079525943554
"R-HSA-2454202",0.0109228717666682,176,1.37236851112266,3.34114062638946e-05,0.00108554314077007,149985,63,63,1.02261072261072,0.243249592451737,0.981079525943554
"R-HSA-8951664",0.0115393000787665,184,1.35810474839553,3.89943824745664e-05,0.00121401705444523,99021,96,97,1.01206834402711,0.363446696552543,0.981079525943554
"R-HSA-204998",0.011691662764184,186,1.35497591671011,4.00952406698352e-05,0.00121401705444523,123035,47,47,1.02261072261072,0.34865808337205,0.981079525943554
"R-HSA-170834",0.0102376972278913,166,1.38102238625774,4.02595942342598e-05,0.00121401705444523,112442,49,49,1.02261072261072,0.33332826841878,0.981079525943554
"R-HSA-3214841",0.00468732591819679,87,1.58084399086073,4.0296281227814e-05,0.00121401705444523,143266,33,34,0.992533936651584,0.82721252261429,0.981079525943554
"R-HSA-9843743",0.0048873877326076,89,1.55098688038296,6.33620197654228e-05,0.00184194503072466,159914,19,19,1.02261072261072,0.653599701257848,0.981079525943554
"R-HSA-9844594",0.0048873877326076,89,1.55098688038296,6.33620197654228e-05,0.00184194503072466,159914,19,19,1.02261072261072,0.653599701257848,0.981079525943554
"R-HSA-350054",0.00968280879924249,156,1.37220233537264,8.95481851059809e-05,0.00255829901242432,163766,20,20,1.02261072261072,0.639116738146024,0.981079525943554
"R-HSA-194138",0.0117815704749483,184,1.33017735313444,0.000110734623760322,0.00308323706643791,130090,63,65,0.991145777299623,0.826541896783385,0.981079525943554
"R-HSA-9843970",0.00079475671042099,23,2.464838928795,0.000111644069997752,0.00308323706643791,63184,16,16,1.02261072261072,0.699036837100288,0.981079525943554
"R-HSA-422475",0.0498109307186737,674,1.15247138733799,0.000115290605373408,0.00313174644432356,145473,279,281,1.01533235447826,0.0487521253206606,0.981079525943554
"R-HSA-9024446",0.00730254219199574,122,1.42292060303802,0.000124377679311616,0.00332409378418302,141761,18,18,1.02261072261072,0.668409131536291,0.981079525943554
"R-HSA-4090294",0.00564885800049369,98,1.47761172952711,0.00015557260511212,0.00409180645509179,207734,15,15,1.02261072261072,0.71487024590326,0.981079525943554
"R-HSA-4420097",0.0106247808070601,167,1.33872509320956,0.000165622523155218,0.00428807063856556,123552,57,59,0.987945952352732,0.858445624811265,0.981079525943554
"R-HSA-9009391",0.00786600960067936,129,1.39678688979834,0.000171257642448852,0.00436381328538462,116952,44,44,1.02261072261072,0.372977507903104,0.981079525943554
"R-HSA-9658195",0.0170766313388082,253,1.26186597572457,0.000176448696512232,0.00436381328538462,96640,90,92,1.00038005472788,0.667314542223144,0.981079525943554
"R-HSA-9824443",0.0170766313388082,253,1.26186597572457,0.000176448696512232,0.00436381328538462,96640,90,92,1.00038005472788,0.667314542223144,0.981079525943554
"R-HSA-8878159",0.0125094111410981,192,1.30725187718354,0.000190133293037853,0.00456720670613132,166677,47,47,1.02261072261072,0.34865808337205,0.981079525943554
"R-HSA-9029569",0.00596364937456948,102,1.4567431412504,0.000190185433146084,0.00456720670613132,154825,13,13,1.02261072261072,0.747615283223714,0.981079525943554
"R-HSA-445144",0.00194342494387631,42,1.84067210083999,0.00019994933087053,0.00462507887017344,168360,10,10,1.02261072261072,0.799551012848913,0.981079525943554
"R-HSA-6804759",0.00200576553212897,43,1.82592612965996,0.00020016230675024,0.00462507887017344,222586,7,7,1.02261072261072,0.85507476531788,0.981079525943554
"R-HSA-9716542",0.0682377791285541,900,1.12334339882222,0.00020096902755129,0.00462507887017344,132281,357,361,1.01127985587819,0.0933987425418648,0.981079525943554
"R-HSA-9013408",0.0110310813015068,171,1.32030095341035,0.00026269836429671,0.0059628930087623,175126,42,43,0.998829077898845,0.754149836889495,0.981079525943554
"R-HSA-9006925",0.0276319796007869,388,1.19595444676882,0.000273940253949556,0.00613404055127587,157674,156,156,1.02261072261072,0.0296136410146985,0.981079525943554
"R-HSA-5621481",0.0103310365306696,161,1.32732382763903,0.000309128785888735,0.0067806480992573,107328,61,61,1.02261072261072,0.254455268929914,0.981079525943554
"R-HSA-194315",0.0678660233270474,892,1.11945686579729,0.000314640444317948,0.0067806480992573,133122,352,356,1.0111207144915,0.0998268812463763,0.981079525943554
"R-HSA-1502540",0.000747171967828139,21,2.39383182740902,0.000315093484395179,0.0067806480992573,197310,7,7,1.02261072261072,0.85507476531788,0.981079525943554
"R-HSA-195258",0.0238819358479887,339,1.20899660900131,0.000322225663092812,0.00679966868157221,136206,150,152,1.00915531836584,0.342057528600144,0.981079525943554
"R-HSA-8953854",0.0324813910484406,449,1.17735283225177,0.000324184565989261,0.00679966868157221,107808,239,242,1.00993373018166,0.212055089128466,0.981079525943554
"R-HSA-8936459",0.00296603936402076,57,1.63678960077174,0.00033925304192528,0.00702677863087737,183388,25,25,1.02261072261072,0.571353715778605,0.981079525943554
"R-HSA-3371556",0.00629536993591388,105,1.42057103501669,0.000366509544761917,0.00745622714569271,192587,42,42,1.02261072261072,0.390120638371983,0.981079525943554
"R-HSA-9018519",0.0092678149383606,146,1.34174632551818,0.000368986497252144,0.00745622714569271,141742,51,51,1.02261072261072,0.318669153574588,0.981079525943554
"R-HSA-2122948",0.00503826339481907,87,1.47073116872113,0.000398875221100603,0.00796308724534577,111368,20,20,1.02261072261072,0.639116738146024,0.981079525943554
"R-HSA-1989781",0.01075552446279,165,1.30661386929572,0.000516542814554155,0.0100662376768164,128436,54,56,0.986088911088911,0.873572886690287,0.981079525943554
"R-HSA-400206",0.01075552446279,165,1.30661386929572,0.000516542814554155,0.0100662376768164,128436,54,56,0.986088911088911,0.873572886690287,0.981079525943554
"R-HSA-9793380",0.00636342984418971,105,1.40537735225286,0.000522448062888481,0.0100662376768164,141236,27,27,1.02261072261072,0.546294873483078,0.981079525943554
"R-HSA-5607764",0.00739462324436893,119,1.37064763709437,0.000577924579448275,0.0109702147653544,127485,42,42,1.02261072261072,0.390120638371983,0.981079525943554
"R-HSA-68886",0.0210792402638299,300,1.21216352795348,0.000585612473585018,0.0109702147653544,128270,153,154,1.01597039324312,0.140871904553954,0.981079525943554
"R-HSA-2173793",0.00681994596843988,111,1.38623530953464,0.000591342396638384,0.0109702147653544,113130,26,26,1.02261072261072,0.55868453977437,0.981079525943554
"R-HSA-2871809",0.00567413739499614,95,1.42599718939661,0.00059584751290398,0.0109702147653544,140135,20,20,1.02261072261072,0.639116738146024,0.981079525943554
"R-HSA-9843745",0.0149555643150119,220,1.25289532275953,0.00062789279653841,0.0114331688336719,141315,58,59,1.00527833748173,0.623676346320775,0.981079525943554
"R-HSA-2424491",0.0024510717891337,48,1.66793882467647,0.000639009940775148,0.0115091246941785,149599,14,14,1.02261072261072,0.731060396230745,0.981079525943554
"R-HSA-190236",0.00655777233857734,107,1.38970414902862,0.000673616104761132,0.0120019557590236,125709,41,41,1.02261072261072,0.398983901499301,0.981079525943554
"R-HSA-5625740",0.00287167058363831,54,1.60159997120348,0.000768236189702565,0.0135422060248633,88507,34,34,1.02261072261072,0.466894633215633,0.981079525943554
"R-HSA-3899300",0.00522803043318816,88,1.43363791155906,0.00078755256568841,0.0137365747510073,113618,22,22,1.02261072261072,0.611101728272464,0.981079525943554
"R-HSA-3214815",0.00530352545749413,89,1.42928968916473,0.000807078388851079,0.0139305092742316,102337,28,28,1.02261072261072,0.534178581559478,0.981079525943554
"R-HSA-3858494",0.0145823214902992,214,1.24991942241413,0.000822772849382369,0.0140549959940885,127568,67,67,1.02261072261072,0.222289955955233,0.981079525943554
"R-HSA-9845323",0.00302128799544468,56,1.57866802929221,0.000860276731487364,0.0145456994293323,88821,33,33,1.02261072261072,0.477492218197947,0.981079525943554
"R-HSA-9013694",0.00526383337653326,88,1.42388675622163,0.000956820228986688,0.0160146577720297,119229,33,33,1.02261072261072,0.477492218197947,0.981079525943554
"R-HSA-9616222",0.00311085254700766,57,1.56059546801042,0.00100703111026645,0.0166657074751956,95638,28,28,1.02261072261072,0.534178581559478,0.981079525943554
"R-HSA-9824272",0.00428811738057888,74,1.46980583342358,0.00103230521244901,0.0166657074751956,139209,17,17,1.02261072261072,0.683552349043945,0.981079525943554
"R-HSA-9678108",0.00730231341919482,116,1.35298328727979,0.0010334833365282,0.0166657074751956,121245,61,61,1.02261072261072,0.254455268929914,0.981079525943554
"R-HSA-8957322",0.0110150672054419,166,1.28355903706713,0.00103594922748651,0.0166657074751956,89013,80,81,1.00998589887479,0.461807680832745,0.981079525943554
"R-HSA-9816359",0.00387232281489375,68,1.4956579015593,0.0010487542147819,0.0167094782105155,72024,30,30,1.02261072261072,0.51074224645864,0.981079525943554
"R-HSA-9711123",0.0141336980276811,207,1.24741065461925,0.00108051782832841,0.0170516003956207,105406,80,82,0.997668997668998,0.727959220767903,0.981079525943554
"R-HSA-201722",0.00388421900054196,68,1.49107715468054,0.00112977746473253,0.0176607665949226,122825,29,29,1.02261072261072,0.522329662645399,0.981079525943554
"R-HSA-9013508",0.00416709656888841,72,1.47161377169232,0.00115651815786322,0.017909818575508,111454,19,19,1.02261072261072,0.653599701257848,0.981079525943554
"R-HSA-5693567",0.00431236729747716,74,1.46154061229133,0.0011914328184669,0.0182796683351819,94976,45,46,1.00038005472788,0.729420016703281,0.981079525943554
"R-HSA-2187338",0.00632110687601818,102,1.3743645683616,0.00123656545197759,0.0187980637974942,119058,42,44,0.976128417037508,0.927158559744656,0.998895795511635
"R-HSA-5654736",0.00419008823538159,72,1.46353879781472,0.00132584648359058,0.0198994178101625,112083,26,26,1.02261072261072,0.55868453977437,0.981079525943554
"R-HSA-556833",0.0547115872737351,718,1.11773806597648,0.00134356862058915,0.0198994178101625,96131,352,359,1.00267123776873,0.457476634125399,0.981079525943554
"R-HSA-9013149",0.0212420121116896,298,1.19485587663251,0.00135592662110184,0.0198994178101625,131662,101,103,1.00275420372508,0.600814262469116,0.981079525943554
"R-HSA-9662851",0.00921702737655477,141,1.30293619020768,0.00136906073045173,0.0198994178101625,114885,49,49,1.02261072261072,0.33332826841878,0.981079525943554
"R-HSA-9664433",0.00921702737655477,141,1.30293619020768,0.00136906073045173,0.0198994178101625,114885,49,49,1.02261072261072,0.33332826841878,0.981079525943554
"R-HSA-5693532",0.00744575396537615,117,1.3383573620354,0.00140870697401629,0.0202976300516956,132225,57,58,1.00497950325537,0.631634626947571,0.981079525943554
"R-HSA-1912408",0.00498118458098774,83,1.41918943431756,0.0014211717646011,0.020300703568483,117951,29,29,1.02261072261072,0.522329662645399,0.981079525943554
"R-HSA-1181150",0.0012015147504695,27,1.91394551014201,0.00144400758105756,0.0204506030924135,90598,11,11,1.02261072261072,0.781852142870286,0.981079525943554
"R-HSA-1368082",0.00289226013572175,53,1.56075030993661,0.00146619521204228,0.0205888598843564,131320,12,12,1.02261072261072,0.764543080252822,0.981079525943554
"R-HSA-9700206",0.00578074552022821,94,1.38496536972323,0.00149299502902422,0.0206157730257762,107144,42,42,1.02261072261072,0.390120638371983,0.981079525943554
"R-HSA-9725370",0.00578074552022821,94,1.38496536972323,0.00149299502902422,0.0206157730257762,107144,42,42,1.02261072261072,0.390120638371983,0.981079525943554
"R-HSA-4086398",0.0100657744679946,152,1.28614905938805,0.00150775066557451,0.0206474615938593,140715,35,35,1.02261072261072,0.456531068130527,0.981079525943554
"R-HSA-382551",0.0558499607311487,731,1.11478063728935,0.00154139341714543,0.0209351548541802,103108,336,346,0.993055499413881,0.855715321424624,0.981079525943554
"R-HSA-933541",0.00046486633148401,14,2.5650442087657,0.00156765057056618,0.0211186747595786,79564,9,9,1.02261072261072,0.8176484223102,0.981079525943554
"R-HSA-1912422",0.00630166118793937,101,1.36508984628913,0.00159043012571991,0.0211209027710117,105241,36,36,1.02261072261072,0.446396381413818,0.981079525943554
"R-HSA-2173795",0.00593882752566888,96,1.37678280148567,0.00159330889944265,0.0211209027710117,109081,18,18,1.02261072261072,0.668409131536291,0.981079525943554
"R-HSA-9820952",0.00638710782908567,102,1.36016262065673,0.00168616443445102,0.0221744005387725,120215,51,52,1.00294513179129,0.680117348629842,0.981079525943554
"R-HSA-3214847",0.00653912735530178,104,1.35459184132214,0.0017330639861215,0.0224612494965848,130628,49,51,0.982508341331871,0.897350349217002,0.98275580214975
"R-HSA-201681",0.0132140313679538,193,1.24398999516093,0.00173508746865592,0.0224612494965848,128971,86,86,1.02261072261072,0.144808108186243,0.981079525943554
"R-HSA-2660825",0.00264770201153061,49,1.57623833868248,0.00177244604897075,0.0225918700241888,125971,7,7,1.02261072261072,0.85507476531788,0.981079525943554
"R-HSA-2660826",0.00264770201153061,49,1.57623833868248,0.00177244604897075,0.0225918700241888,125971,7,7,1.02261072261072,0.85507476531788,0.981079525943554
"R-HSA-9830369",0.00928806133124266,141,1.29297149391685,0.00179771424084441,0.0227390266952609,208328,30,30,1.02261072261072,0.51074224645864,0.981079525943554
"R-HSA-5668541",0.00319790059776045,57,1.5181154754806,0.00182694170043218,0.0229336545273949,68498,32,32,1.02261072261072,0.488329079490694,0.981079525943554
"R-HSA-918233",0.000422085817710629,13,2.62323684935172,0.00186659725407456,0.0231348090437604,87251,7,7,1.02261072261072,0.85507476531788,0.981079525943554
"R-HSA-1640170",0.0405760590636467,540,1.13349290941407,0.00187088980800476,0.0231348090437604,118989,272,275,1.01145496927315,0.137087877423627,0.981079525943554
"R-HSA-195253",0.00404081398277661,69,1.45437079295145,0.00190244688097208,0.0233507739390424,133807,31,31,1.02261072261072,0.499410590944805,0.981079525943554
"R-HSA-2682334",0.0082607570686792,127,1.30941943379947,0.00192561894378174,0.023461401395929,137112,57,57,1.02261072261072,0.278430292950795,0.981079525943554
"R-HSA-9005891",0.00383835005395607,66,1.46451649662818,0.00199965460936213,0.0236673406265218,130237,8,8,1.02261072261072,0.836153297943445,0.981079525943554
"R-HSA-9005895",0.00383835005395607,66,1.46451649662818,0.00199965460936213,0.0236673406265218,130237,8,8,1.02261072261072,0.836153297943445,0.981079525943554
"R-HSA-9675151",0.00383835005395607,66,1.46451649662818,0.00199965460936213,0.0236673406265218,130237,8,8,1.02261072261072,0.836153297943445,0.981079525943554
"R-HSA-9697154",0.00383835005395607,66,1.46451649662818,0.00199965460936213,0.0236673406265218,130237,8,8,1.02261072261072,0.836153297943445,0.981079525943554
"R-HSA-1296072",0.00335403803439325,59,1.49823155748732,0.00205169353417989,0.0241110367811069,118018,24,24,1.02261072261072,0.584308673803505,0.981079525943554
"R-HSA-8941856",0.00315134533277177,56,1.51351574075119,0.00211687034603436,0.0246278031738748,126734,12,12,1.02261072261072,0.764543080252822,0.981079525943554
"R-HSA-9833110",0.00455841244487433,76,1.4200213912829,0.00214344259347421,0.0246278031738748,114831,39,40,0.997045454545454,0.778782556151145,0.981079525943554
"R-HSA-167287",0.00207153771239553,40,1.64460671522029,0.00215511856379713,0.0246278031738748,119195,6,6,1.02261072261072,0.87442215328985,0.981079525943554
"R-HSA-167290",0.00207153771239553,40,1.64460671522029,0.00215511856379713,0.0246278031738748,119195,6,6,1.02261072261072,0.87442215328985,0.981079525943554
"R-HSA-167242",0.00213891130226858,41,1.63262331156508,0.00217622349269209,0.0246986460780191,111106,7,7,1.02261072261072,0.85507476531788,0.981079525943554
"R-HSA-2691230",0.0041375848775688,70,1.44094046008291,0.0022100423588447,0.0247435147878761,124358,11,11,1.02261072261072,0.781852142870286,0.981079525943554
"R-HSA-2691232",0.0041375848775688,70,1.44094046008291,0.0022100423588447,0.0247435147878761,124358,11,11,1.02261072261072,0.781852142870286,0.981079525943554
"R-HSA-9013695",0.00386397260765991,66,1.45480507877013,0.0023251033352496,0.0258570216544201,120540,16,16,1.02261072261072,0.699036837100288,0.981079525943554
"R-HSA-5684996",0.0248617697543598,341,1.16820013157526,0.0024258655694267,0.0266386385150311,139965,136,137,1.01514641076685,0.189207722944087,0.981079525943554
"R-HSA-5669034",0.00100328311846611,23,1.95253686891662,0.0024275403836872,0.0266386385150311,37342,12,12,1.02261072261072,0.764543080252822,0.981079525943554
"R-HSA-4551638",0.0067645829506155,106,1.33462652057044,0.00245679337790849,0.0267197560875777,176444,26,26,1.02261072261072,0.55868453977437,0.981079525943554
"R-HSA-9839373",0.00373334333833049,64,1.46008101538768,0.00246718327181616,0.0267197560875777,168249,20,20,1.02261072261072,0.639116738146024,0.981079525943554
"R-HSA-2029480",0.00975487223153455,146,1.27475340978112,0.00251081044687562,0.0270156682498241,95500,53,54,1.00367348700682,0.663833645060766,0.981079525943554
"R-HSA-376176",0.0123421782236204,180,1.24215446164355,0.00254797406019969,0.0272386646306508,139279,88,88,1.02261072261072,0.138412918745591,0.981079525943554
"R-HSA-9831926",0.00410223947982556,69,1.43259355413108,0.00269760983925305,0.0286534583566814,273152,9,9,1.02261072261072,0.8176484223102,0.981079525943554
"R-HSA-166520",0.0126752714217703,184,1.23638995242477,0.00277128090731349,0.029248487028143,132352,77,78,1.0095003287311,0.48216499528182,0.981079525943554
"R-HSA-1980145",0.00555551869771541,89,1.36445841784967,0.00289454198017136,0.0303560510198984,146986,21,21,1.02261072261072,0.624953081851722,0.981079525943554
"R-HSA-9843940",0.00265216308114869,48,1.54147300677855,0.00297106448823581,0.0307754902858639,40095,31,31,1.02261072261072,0.499410590944805,0.981079525943554
"R-HSA-9013407",0.00341363334903477,59,1.47207538547208,0.00297168282784444,0.0307754902858639,193481,17,17,1.02261072261072,0.683552349043945,0.981079525943554
"R-HSA-9772572",0.0031503158551676,55,1.48697443692601,0.0032800854491114,0.0336460985418608,157552,22,22,1.02261072261072,0.611101728272464,0.981079525943554
"R-HSA-5673001",0.0245263888282005,335,1.16333852379175,0.00328971454287186,0.0336460985418608,140950,131,132,1.01486367168185,0.205996834923666,0.981079525943554
"R-HSA-5693538",0.00514738802086133,83,1.3733653843606,0.00330978519150471,0.0336460985418608,92338,48,49,1.00174111602683,0.704708779387944,0.981079525943554
"R-HSA-167238",0.00192741084781141,37,1.63501724283036,0.00335927013306003,0.0337352158210938,117193,5,5,1.02261072261072,0.894204998507136,0.981079525943554
"R-HSA-167243",0.00192741084781141,37,1.63501724283036,0.00335927013306003,0.0337352158210938,117193,5,5,1.02261072261072,0.894204998507136,0.981079525943554
"R-HSA-112043",0.00493520124800138,80,1.38063866555288,0.00339596842170531,0.0338983112937693,145519,32,32,1.02261072261072,0.488329079490694,0.981079525943554
"R-HSA-163210",0.000350365544619961,11,2.67402957671428,0.00348816690084042,0.0342472626599368,23321,7,7,1.02261072261072,0.85507476531788,0.981079525943554
"R-HSA-5334118",0.000852865001856491,20,1.99730603625533,0.00349052550696083,0.0342472626599368,41255,14,14,1.02261072261072,0.731060396230745,0.981079525943554
"R-HSA-112040",0.00523180518440346,84,1.36748519800916,0.00350171579916203,0.0342472626599368,139807,34,34,1.02261072261072,0.466894633215633,0.981079525943554
"R-HSA-9013507",0.00372407803989294,63,1.44084309026959,0.00351949708245414,0.0342472626599368,146184,13,13,1.02261072261072,0.747615283223714,0.981079525943554
"R-HSA-2871796",0.0033035936317888,57,1.46954587265023,0.00356552978574765,0.0342472626599368,154498,17,17,1.02261072261072,0.683552349043945,0.981079525943554
"R-HSA-9725371",0.00233794363907522,43,1.56649614382247,0.00357760850247191,0.0342472626599368,127600,14,14,1.02261072261072,0.731060396230745,0.981079525943554
"R-HSA-1592230",0.00759845980999504,116,1.30025140116599,0.0035871531723124,0.0342472626599368,121889,43,43,1.02261072261072,0.381453276502518,0.981079525943554
"R-HSA-109606",0.00379877235939566,64,1.43493297742316,0.0035962726027936,0.0342472626599368,135232,26,27,0.984736251402918,0.880815863347978,0.981079525943554
"R-HSA-532668",0.000797044438430262,19,2.03032693972499,0.00365187803449074,0.0345780680180066,123677,8,8,1.02261072261072,0.836153297943445,0.981079525943554
"R-HSA-163685",0.0122344262343837,177,1.23220955324036,0.00372057029392781,0.0350283237331726,133809,56,57,1.00467018361755,0.639631862571853,0.981079525943554
"R-HSA-983231",0.0128540573656949,185,1.22581916376081,0.00377325731189049,0.0352072546562822,111661,71,73,0.994593990484402,0.781298041598254,0.981079525943554
"R-HSA-5688426",0.0163396397606213,230,1.19889257502959,0.00378207080797721,0.0352072546562822,141025,109,111,1.0041853041853,0.553557299324645,0.981079525943554
"R-HSA-2871837",0.00352653272629233,60,1.44909962435807,0.0038265082613731,0.0354219228441074,152262,30,30,1.02261072261072,0.51074224645864,0.981079525943554
"R-HSA-1234174",0.00242110255221224,44,1.54786971434864,0.00398823633942058,0.0367139311912217,109368,22,22,1.02261072261072,0.611101728272464,0.981079525943554
"R-HSA-69278",0.0336396677395348,448,1.13428249116442,0.00411624633537211,0.0376829844072463,127962,220,222,1.01339801339801,0.126426269407765,0.981079525943554
"R-HSA-5689603",0.00505279046767795,81,1.36536460995619,0.00422169313472287,0.0382996647603392,163846,32,32,1.02261072261072,0.488329079490694,0.981079525943554
"R-HSA-3299685",0.000691580177202836,17,2.09363657548326,0.00427843389708338,0.0382996647603392,30120,12,12,1.02261072261072,0.764543080252822,0.981079525943554
"R-HSA-2979096",0.0034757451644865,59,1.44576929272175,0.00429249271024235,0.0382996647603392,139444,13,13,1.02261072261072,0.747615283223714,0.981079525943554
"R-HSA-9634638",0.00175914845272948,34,1.64615732302123,0.00430686541933101,0.0382996647603392,143927,16,16,1.02261072261072,0.699036837100288,0.981079525943554
"R-HSA-68875",0.00542294485957811,86,1.35069774446149,0.00432274939581967,0.0382996647603392,112987,46,46,1.02261072261072,0.35658398777493,0.981079525943554
"R-HSA-2173796",0.00277936075846419,49,1.50157168596112,0.00439551732266819,0.0382996647603392,125523,17,17,1.02261072261072,0.683552349043945,0.981079525943554
"R-HSA-2559580",0.00412111323590205,68,1.40536546412477,0.00439640553834519,0.0382996647603392,119899,39,39,1.02261072261072,0.417315847370115,0.981079525943554
"R-HSA-5625900",0.00111721197332784,24,1.82966075228665,0.00439729730679173,0.0382996647603392,106144,16,16,1.02261072261072,0.699036837100288,0.981079525943554
"R-HSA-9735871",0.000932134777377756,21,1.91882556100573,0.00440056212338091,0.0382996647603392,99950,9,9,1.02261072261072,0.8176484223102,0.981079525943554
"R-HSA-9837999",0.0031987013025637,55,1.46448158229793,0.00441474711480072,0.0382996647603392,101354,30,31,0.989623279945861,0.850691911873701,0.981079525943554
"R-HSA-3371453",0.0047045982646668,76,1.37589711551496,0.00454127835808305,0.0390369333124697,193557,31,31,1.02261072261072,0.499410590944805,0.981079525943554
"R-HSA-9707564",0.00639317030831024,99,1.31890596592086,0.00456124443934103,0.0390369333124697,129708,27,29,0.952085845189293,0.974501753018481,0.999976083314057
"R-HSA-210744",0.00348695503173193,59,1.44112143185419,0.00457815316131982,0.0390369333124697,109373,13,13,1.02261072261072,0.747615283223714,0.981079525943554
"R-HSA-9013404",0.00796403874587666,120,1.28334314084107,0.00461071775138344,0.0390369333124697,178806,47,48,1.00130633255633,0.712937263409446,0.981079525943554
"R-HSA-209776",0.00264850271633385,47,1.51144499632251,0.0046175250025613,0.0390369333124697,132058,9,9,1.02261072261072,0.8176484223102,0.981079525943554
"R-HSA-427389",0.00131452851412752,27,1.74939815859134,0.00474681692705059,0.0397801844153846,37621,18,18,1.02261072261072,0.668409131536291,0.981079525943554
"R-HSA-1296071",0.0100170458613971,147,1.24989227694297,0.00475345595307552,0.0397801844153846,138008,58,58,1.02261072261072,0.272233725687694,0.981079525943554
"R-HSA-1257604",0.0228136812540593,311,1.16107408439598,0.00492093799220872,0.0409748454929138,158770,126,126,1.02261072261072,0.0585595036129034,0.981079525943554
"R-HSA-4641265",0.00211168733895825,39,1.57300427508388,0.0049640846568404,0.0409777690109189,120324,12,12,1.02261072261072,0.764543080252822,0.981079525943554
"R-HSA-2173791",0.00112887938617512,24,1.81075048815317,0.00497074928859065,0.0409777690109189,87292,9,9,1.02261072261072,0.8176484223102,0.981079525943554
"R-HSA-5627123",0.00343548115152332,58,1.43792202298486,0.00511336117863892,0.0419447498663598,197345,21,21,1.02261072261072,0.624953081851722,0.981079525943554
"R-HSA-9865881",0.00106962723073499,23,1.83142988742035,0.00515145156716068,0.0420490406245579,148007,10,10,1.02261072261072,0.799551012848913,0.981079525943554
"R-HSA-9679191",0.00664756566294125,102,1.30687017830561,0.0051887700248181,0.0421460388780568,91082,54,54,1.02261072261072,0.297874519361846,0.981079525943554
"R-HSA-72766",0.0131306436820159,187,1.21297123570536,0.00537431837615809,0.0433756919089975,107230,101,102,1.01258512729101,0.336255893103999,0.981079525943554
"R-HSA-69620",0.0130544623393071,186,1.21352538771861,0.00539251209007452,0.0433756919089975,136111,103,104,1.012777927201,0.325844111719384,0.981079525943554
"R-HSA-9664323",0.00547441873978672,86,1.33799764656961,0.00544796934950298,0.0436100734885335,147267,27,27,1.02261072261072,0.546294873483078,0.981079525943554
"R-HSA-1489509",0.0048182983467276,77,1.3611060027617,0.00552949020438853,0.0440498330224606,153162,30,30,1.02261072261072,0.51074224645864,0.981079525943554
"R-HSA-1655829",0.00548151069661547,86,1.33626655051386,0.00562121771997304,0.0443666656076528,112198,32,33,0.991622518895246,0.835108640858599,0.981079525943554
"R-HSA-9022692",0.00636972109621521,98,1.31039000199272,0.00562281217719196,0.0443666656076528,147451,17,17,1.02261072261072,0.683552349043945,0.981079525943554
"R-HSA-6783310",0.0026131573185906,46,1.49929532740361,0.00576507296670392,0.0452735824920777,99906,18,18,1.02261072261072,0.668409131536291,0.981079525943554
"R-HSA-3769402",0.00439506866501233,71,1.37590229842633,0.00589170339489242,0.0460497760629092,181569,26,26,1.02261072261072,0.55868453977437,0.981079525943554
"R-HSA-6807505",0.00220845823375044,40,1.54264399506083,0.00611036806384013,0.047534647332315,130279,17,18,0.965799015799016,0.940987046674061,0.999976083314057
"R-HSA-2426168",0.00448211671576512,72,1.36818317942913,0.00632015976050004,0.0489369379586382,112871,25,26,0.983279540971849,0.888083115884472,0.981079525943554
"R-HSA-9674555",0.00109033116921889,23,1.7966534701288,0.0063978537430045,0.0493081100100393,95015,16,16,1.02261072261072,0.699036837100288,0.981079525943554
"R-HSA-983712",0.0167086502885168,232,1.18260994682971,0.00648278689177584,0.0496871041613542,107923,103,104,1.012777927201,0.325844111719384,0.981079525943554
"R-HSA-71387",0.0218352199844938,297,1.15849400190606,0.00650700157091966,0.0496871041613542,111150,137,138,1.01520049998311,0.185999130163821,0.981079525943554
"R-HSA-9692914",0.00449012376379757,72,1.36574335616118,0.00656839218466543,0.0497918242361537,117675,38,38,1.02261072261072,0.426793636458128,0.981079525943554
"R-HSA-8940973",0.00298411241529401,51,1.45562634951377,0.00658081442831482,0.0497918242361537,183286,19,19,1.02261072261072,0.653599701257848,0.981079525943554
"R-HSA-9832991",0.00355673073601472,59,1.41284960856253,0.00674890571134301,0.0508315307440699,236010,7,7,1.02261072261072,0.85507476531788,0.981079525943554
"R-HSA-5685942",0.00215686996714136,39,1.54005260512959,0.00687776074145763,0.0513358092107253,120940,26,26,1.02261072261072,0.55868453977437,0.981079525943554
"R-HSA-983705",0.00799995607562222,119,1.2669348158026,0.00690057032794067,0.0513358092107253,130373,43,44,0.999369569824115,0.745911326277344,0.981079525943554
"R-HSA-373760",0.0124464986208432,177,1.21121428151501,0.00692550691344151,0.0513358092107253,127016,64,65,1.00687824995517,0.576859268969782,0.981079525943554
"R-HSA-5578775",0.00370566182941831,61,1.40203534724272,0.00695165399310138,0.0513358092107253,132730,30,30,1.02261072261072,0.51074224645864,0.981079525943554
"R-HSA-2151201",0.00597611749222001,92,1.31118391250973,0.00697076467858371,0.0513358092107253,135369,29,29,1.02261072261072,0.522329662645399,0.981079525943554
"R-HSA-6811442",0.0156534357442402,218,1.18615578338499,0.00718267253920324,0.0526623380418574,165274,90,92,1.00038005472788,0.667314542223144,0.981079525943554
"R-HSA-9839394",0.00321700312663787,54,1.42967455827988,0.0074106623423883,0.0540945704904732,175739,12,12,1.02261072261072,0.764543080252822,0.981079525943554
"R-HSA-112316",0.0419906756781798,547,1.10950528501572,0.00760523369546751,0.0550677754189661,150058,224,230,0.995933921151313,0.752998008050204,0.981079525943554
"R-HSA-2559585",0.00136577362153521,27,1.68375909870449,0.0076230239501468,0.0550677754189661,186427,14,14,1.02261072261072,0.731060396230745,0.981079525943554
"R-HSA-9659787",0.00136714625834077,27,1.68206857752105,0.00771637543942982,0.0550677754189661,74420,12,12,1.02261072261072,0.764543080252822,0.981079525943554
"R-HSA-9661069",0.00136714625834077,27,1.68206857752105,0.00771637543942982,0.0550677754189661,74420,12,12,1.02261072261072,0.764543080252822,0.981079525943554
"R-HSA-5617472",0.00563009863081766,87,1.31612809950205,0.00774338664611895,0.0550677754189661,93824,33,33,1.02261072261072,0.477492218197947,0.981079525943554
"R-HSA-5619507",0.00563009863081766,87,1.31612809950205,0.00774338664611895,0.0550677754189661,93824,33,33,1.02261072261072,0.477492218197947,0.981079525943554
"R-HSA-674695",0.00563158565402369,87,1.31578057517297,0.00779160456202499,0.055173883586647,163739,25,27,0.946861780195114,0.978923772590647,0.999976083314057
"R-HSA-186797",0.00789140338158228,117,1.26277661318428,0.00802307148844494,0.0562152640819935,144301,38,38,1.02261072261072,0.426793636458128,0.981079525943554
"R-HSA-159782",0.00137252241916256,27,1.67547992653818,0.00809110360754972,0.0562152640819935,61571,8,8,1.02261072261072,0.836153297943445,0.981079525943554
"R-HSA-159854",0.00137252241916256,27,1.67547992653818,0.00809110360754972,0.0562152640819935,61571,8,8,1.02261072261072,0.836153297943445,0.981079525943554
"R-HSA-70326",0.00409697770540423,66,1.37206677166862,0.00809983188855878,0.0562152640819935,70911,35,35,1.02261072261072,0.456531068130527,0.981079525943554
"R-HSA-9705462",0.00098715463600074,21,1.81187827307482,0.00810829699191096,0.0562152640819935,89060,14,14,1.02261072261072,0.731060396230745,0.981079525943554
"R-HSA-936440",0.00130835164850249,26,1.69255883443046,0.00817489900136104,0.0564408651885635,98125,15,15,1.02261072261072,0.71487024590326,0.981079525943554
"R-HSA-975634",0.002600917973741,45,1.47360392577269,0.00830332544203249,0.0568698515479612,79252,21,22,0.976128417037508,0.915831507016112,0.98991050693131
"R-HSA-3238698",0.00253102788305775,44,1.48064402647912,0.00830567536186277,0.0568698515479612,68558,15,16,0.958697552447552,0.952371377947842,0.999976083314057
"R-HSA-8985947",0.000146872138195243,6,3.47941911362611,0.00853458000593854,0.0578838428341636,38773,6,6,1.02261072261072,0.87442215328985,0.981079525943554
"R-HSA-380270",0.00389051025256746,63,1.37920523609041,0.00856079175478475,0.0578838428341636,57172,38,38,1.02261072261072,0.426793636458128,0.981079525943554
"R-HSA-380287",0.00389051025256746,63,1.37920523609041,0.00856079175478475,0.0578838428341636,57172,38,38,1.02261072261072,0.426793636458128,0.981079525943554
"R-HSA-2142753",0.00218912693207209,39,1.51735980365365,0.00859349748775151,0.0578838428341636,54323,22,23,0.978149386845039,0.909111574738058,0.987801888092435
"R-HSA-6796648",0.00418642787056675,67,1.36309492748903,0.00878233989570743,0.0589163449683692,145317,16,16,1.02261072261072,0.699036837100288,0.981079525943554
"R-HSA-112382",0.00361129304903585,59,1.39150314303136,0.00900465871584122,0.0599225682415618,124072,16,16,1.02261072261072,0.699036837100288,0.981079525943554
"R-HSA-75955",0.00361129304903585,59,1.39150314303136,0.00900465871584122,0.0599225682415618,124072,16,16,1.02261072261072,0.699036837100288,0.981079525943554
"R-HSA-2029482",0.00739519517637125,110,1.26688722424647,0.00904325656763072,0.0599387045302564,77964,36,37,0.994972594972595,0.803186531081259,0.981079525943554
"R-HSA-212300",0.00152145351256615,29,1.62343245012883,0.00932697637185309,0.0615729077615959,63780,21,21,1.02261072261072,0.624953081851722,0.981079525943554
"R-HSA-74259",0.00040264012963182,11,2.32686153223746,0.00937472942147166,0.061642566076899,106088,8,10,0.818088578088578,0.998861085199914,0.999976083314057
"R-HSA-111996",0.00427713628613438,68,1.35409999308641,0.00955112001011882,0.0625541733469047,154286,25,25,1.02261072261072,0.571353715778605,0.981079525943554
"R-HSA-5218921",0.00348009184770412,57,1.39501559124412,0.00963151715299282,0.0628030350521687,128836,17,17,1.02261072261072,0.683552349043945,0.981079525943554
"R-HSA-1226099",0.00501550050112682,78,1.32457098192914,0.00966492090422633,0.0628030350521687,170317,32,32,1.02261072261072,0.488329079490694,0.981079525943554
"R-HSA-2022090",0.00802580740212699,118,1.25224176867463,0.00980411473891507,0.0634586645405558,114112,36,36,1.02261072261072,0.446396381413818,0.981079525943554
"R-HSA-111933",0.00421559640268497,67,1.35366340834566,0.0100857697157389,0.0647756605386799,155597,24,24,1.02261072261072,0.584308673803505,0.981079525943554
"R-HSA-111997",0.00421559640268497,67,1.35366340834566,0.0100857697157389,0.0647756605386799,155597,24,24,1.02261072261072,0.584308673803505,0.981079525943554
"R-HSA-373080",0.0111096647586252,158,1.21129812476757,0.0101300719766628,0.0648089933024336,103929,51,51,1.02261072261072,0.318669153574588,0.981079525943554
"R-HSA-112308",0.00133774895342163,26,1.65536451032199,0.0105855395498804,0.0674624578236608,139343,8,8,1.02261072261072,0.836153297943445,0.981079525943554
"R-HSA-5658623",0.00101540807691525,21,1.7614632755025,0.0108234209788028,0.0685218657655648,85001,7,7,1.02261072261072,0.85507476531788,0.981079525943554
"R-HSA-15869",0.00445123238763995,70,1.33940736809681,0.0108344772664924,0.0685218657655648,69224,35,37,0.967334467334467,0.952270115561961,0.999976083314057
"R-HSA-168928",0.00343193517310895,56,1.38977297795871,0.0109078741844235,0.0687237548425466,93324,30,30,1.02261072261072,0.51074224645864,0.981079525943554
"R-HSA-1852241",0.0223286829160937,300,1.14433468112742,0.0109847541185264,0.0689459756605994,137816,121,123,1.00598290598291,0.485653314840055,0.981079525943554
"R-HSA-168255",0.00730231341919482,108,1.2596740950536,0.0111172167821243,0.0695140687093583,101206,55,55,1.02261072261072,0.291247494504483,0.981079525943554
"R-HSA-1368108",0.0047564153040768,74,1.32509453810262,0.0113309567665091,0.0705841930906224,116649,17,17,1.02261072261072,0.683552349043945,0.981079525943554
"R-HSA-5654687",0.00301042128740064,50,1.41461298410971,0.0114848678706867,0.0712750039765088,120386,16,16,1.02261072261072,0.699036837100288,0.981079525943554
"R-HSA-159740",0.00135216163988004,26,1.63771998546787,0.0119621367002847,0.0736849833173669,61988,7,7,1.02261072261072,0.85507476531788,0.981079525943554
"R-HSA-159763",0.00135216163988004,26,1.63771998546787,0.0119621367002847,0.0736849833173669,61988,7,7,1.02261072261072,0.85507476531788,0.981079525943554
"R-HSA-936837",0.00566407139175535,86,1.29319686909899,0.0120189334115439,0.0737606394923269,131057,36,36,1.02261072261072,0.446396381413818,0.981079525943554
"R-HSA-9821002",0.000963247878303851,20,1.76842581716183,0.0121577643795761,0.0743373268522418,39778,15,15,1.02261072261072,0.71487024590326,0.981079525943554
"R-HSA-5674400",0.00224574820030157,39,1.47910313871153,0.0124601399764128,0.0759060733121913,152404,13,13,1.02261072261072,0.747615283223714,0.981079525943554
"R-HSA-1168372",0.00605344269893339,91,1.2803652202104,0.0126802985033754,0.0764390831308857,120877,31,31,1.02261072261072,0.499410590944805,0.981079525943554
"R-HSA-177504",0.000840968816208278,18,1.82300359435361,0.012701802626766,0.0764390831308857,188255,8,8,1.02261072261072,0.836153297943445,0.981079525943554
"R-HSA-5693537",0.00116182266950864,23,1.68609834373021,0.0127356529209093,0.0764390831308857,93202,15,15,1.02261072261072,0.71487024590326,0.981079525943554
"R-HSA-5693568",0.00116182266950864,23,1.68609834373021,0.0127356529209093,0.0764390831308857,93202,15,15,1.02261072261072,0.71487024590326,0.981079525943554
"R-HSA-76009",0.00471031758468997,73,1.31998070358841,0.0127811533615729,0.0764390831308857,121299,23,23,1.02261072261072,0.597555826160392,0.981079525943554
"R-HSA-5696398",0.00456367421929566,71,1.32506940402624,0.0128610529295463,0.0764390831308857,156270,34,34,1.02261072261072,0.466894633215633,0.981079525943554
"R-HSA-9821993",0.00065692109786237,15,1.94479111174296,0.0128705517160634,0.0764390831308857,30014,8,8,1.02261072261072,0.836153297943445,0.981079525943554
"R-HSA-5668599",0.00163206516181443,30,1.56559228409585,0.0130827891093999,0.0774220769795556,90362,10,10,1.02261072261072,0.799551012848913,0.981079525943554
"R-HSA-162599",0.0123738632565488,173,1.19079143640609,0.0131968090669721,0.0778189061351342,145357,51,53,0.98402163873862,0.888068167568991,0.981079525943554
"R-HSA-9615017",0.00318291597929972,52,1.39146754461408,0.0134029269519351,0.0787540778700585,179663,14,14,1.02261072261072,0.731060396230745,0.981079525943554
"R-HSA-1442490",0.00629594186791619,94,1.2716337800858,0.01346943062242,0.0788651821249115,120133,37,37,1.02261072261072,0.436485543923055,0.981079525943554
"R-HSA-1169408",0.00340619823300464,55,1.37526909017997,0.0138337416367899,0.0806604240278172,62553,33,33,1.02261072261072,0.477492218197947,0.981079525943554
"R-HSA-8856688",0.0104458804767351,148,1.2067340717553,0.0138733982184236,0.0806604240278172,146294,59,61,0.989082502197256,0.848040155470444,0.981079525943554
"R-HSA-9675126",0.00240588916095059,41,1.4514535873606,0.0140649134186919,0.0814879773943092,73828,19,19,1.02261072261072,0.653599701257848,0.981079525943554
"R-HSA-9609646",0.0128707577801626,179,1.18452389412159,0.0141599035569087,0.081669948522013,110157,60,61,1.00584661240399,0.607885275093834,0.981079525943554
"R-HSA-5693606",0.0034113456210255,55,1.37319394317739,0.0141948975101628,0.081669948522013,90458,25,26,0.983279540971849,0.888083115884472,0.981079525943554
"R-HSA-3214858",0.00305114284596567,50,1.39573309274197,0.0143067697916498,0.0820064282446719,170378,26,26,1.02261072261072,0.55868453977437,0.981079525943554
"R-HSA-6806667",0.00297976573207639,49,1.40058306431798,0.0143523622154224,0.0820064282446719,90111,23,24,0.980001942501943,0.902240330368788,0.984856539803084
"R-HSA-6803204",0.0016456771434696,30,1.55264271282961,0.0144699926537065,0.0823944255229956,70352,13,13,1.02261072261072,0.747615283223714,0.981079525943554
"R-HSA-72203",0.0131950432254769,183,1.18123194770773,0.0145453981150767,0.082540153002336,104976,91,94,0.989974210186976,0.845609593048503,0.981079525943554
"R-HSA-1234176",0.00185523302911889,33,1.51499215613956,0.0148435003120682,0.0839443003996483,93197,19,19,1.02261072261072,0.653599701257848,0.981079525943554
"R-HSA-5339562",0.00192821155261466,34,1.50182437389473,0.0152242787324768,0.0858048634684151,97447,14,14,1.02261072261072,0.731060396230745,0.981079525943554
"R-HSA-9609690",0.00970866012574726,138,1.21063911192335,0.0154541692661552,0.0868052829627767,111639,48,49,1.00174111602683,0.704708779387944,0.981079525943554
"R-HSA-389356",0.00207062262119182,36,1.48080017961416,0.0155382073226872,0.0869824646408536,151597,18,18,1.02261072261072,0.668409131536291,0.981079525943554
"R-HSA-75892",0.00138510492321355,26,1.59876851500666,0.0156530137517115,0.0873301137595485,66627,12,12,1.02261072261072,0.764543080252822,0.981079525943554
"R-HSA-174824",0.00679901325715504,100,1.25270561469067,0.0159675478789449,0.0887859960919858,70016,35,35,1.02261072261072,0.456531068130527,0.981079525943554
"R-HSA-194002",0.000737449123788734,16,1.84791857376389,0.0160842529800573,0.0891358099931606,55285,5,5,1.02261072261072,0.894204998507136,0.981079525943554
"R-HSA-5689880",0.0115164227986738,161,1.19070228586486,0.016249044048065,0.0897488866254793,109084,79,80,1.00982808857809,0.468527748149898,0.981079525943554
"R-HSA-211945",0.00673038141687689,99,1.25282505381265,0.0163833113836533,0.090189857018982,97149,44,45,0.99988603988604,0.737666626741693,0.981079525943554
"R-HSA-9833109",0.000616885857700115,14,1.93293893276911,0.0166009202218811,0.0910851814823078,66689,8,8,1.02261072261072,0.836153297943445,0.981079525943554
"R-HSA-9824594",0.00279240080811704,46,1.40305594603209,0.0167136474290001,0.0914010356100762,155378,10,10,1.02261072261072,0.799551012848913,0.981079525943554
"R-HSA-9687139",0.00236562514798741,40,1.44015413242297,0.0168669547047018,0.0916785263716508,75673,18,18,1.02261072261072,0.668409131536291,0.981079525943554
"R-HSA-372790",0.0720982057577996,907,1.07146439038401,0.0168750455904366,0.0916785263716508,127244,345,345,1.02261072261072,0.000381687100868167,0.316227763069276
"R-HSA-3371571",0.00194662776308929,34,1.48761625753576,0.0171933806500613,0.0928294483368042,160343,13,13,1.02261072261072,0.747615283223714,0.981079525943554
"R-HSA-3928665",0.0053811938234089,81,1.2820391742963,0.0171989382253463,0.0928294483368042,129079,32,32,1.02261072261072,0.488329079490694,0.981079525943554
"R-HSA-9823587",0.000807682373673375,17,1.79268187726551,0.0174202638367311,0.0937187570696866,47950,7,7,1.02261072261072,0.85507476531788,0.981079525943554
"R-HSA-6804758",0.00208938199086785,36,1.46750491905045,0.0175009285017549,0.0938480211242972,239851,14,15,0.954436674436674,0.957722500815528,0.999976083314057
"R-HSA-111885",0.0095275864538134,135,1.20682912360772,0.0178987368762017,0.0956716354963426,136779,48,48,1.02261072261072,0.340907462520191,0.981079525943554
"R-HSA-73728",0.000502957002838384,12,2.03210104248166,0.0180130750554108,0.0958092704257937,25729,11,11,1.02261072261072,0.781852142870286,0.981079525943554
"R-HSA-1855204",0.00324136742993661,52,1.36637526542793,0.0180416834966676,0.0958092704257937,107937,14,15,0.954436674436674,0.957722500815528,0.999976083314057
"R-HSA-5620912",0.00464454540442341,71,1.30199719270109,0.0180979490906901,0.0958092704257937,97202,37,37,1.02261072261072,0.436485543923055,0.981079525943554
"R-HSA-6811440",0.00280841490418194,46,1.39505546409805,0.018214637786398,0.0961199197836352,244137,23,23,1.02261072261072,0.597555826160392,0.981079525943554
"R-HSA-5576891",0.0114101578326431,159,1.18686243506573,0.0185016642488919,0.0972151458176352,126387,73,73,1.02261072261072,0.194172318389264,0.981079525943554
"R-HSA-3108214",0.00517587023457677,78,1.28353032872874,0.0185955403306788,0.0972151458176352,95731,35,35,1.02261072261072,0.456531068130527,0.981079525943554
"R-HSA-9610379",0.00608261123105161,90,1.26022288491874,0.018598190237894,0.0972151458176352,90718,37,37,1.02261072261072,0.436485543923055,0.981079525943554
"R-HSA-169911",0.00127300625075924,24,1.60574144735229,0.018696339531008,0.0974208635310701,164028,14,14,1.02261072261072,0.731060396230745,0.981079525943554
"R-HSA-9020958",0.000176612602315776,6,2.89350656858544,0.0193587266400135,0.0997642710475449,32581,6,6,1.02261072261072,0.87442215328985,0.981079525943554
"R-HSA-5693607",0.00325578011639503,52,1.36032659580618,0.0193656859006182,0.0997642710475449,100100,32,33,0.991622518895246,0.835108640858599,0.981079525943554
"R-HSA-9664407",0.00670475886317305,98,1.24490962468595,0.01945270322116,0.0997642710475449,82483,35,36,0.994204869204869,0.811245103215351,0.981079525943554
"R-HSA-9664417",0.00670475886317305,98,1.24490962468595,0.01945270322116,0.0997642710475449,82483,35,36,0.994204869204869,0.811245103215351,0.981079525943554
"R-HSA-9664422",0.00670475886317305,98,1.24490962468595,0.01945270322116,0.0997642710475449,82483,35,36,0.994204869204869,0.811245103215351,0.981079525943554
"R-HSA-167152",0.00333036004949728,53,1.35543780136518,0.019507316728669,0.0997642710475449,135430,11,11,1.02261072261072,0.781852142870286,0.981079525943554
"R-HSA-69473",0.00326230014122145,52,1.35760785050601,0.0199898520833053,0.101788500400354,110870,32,33,0.991622518895246,0.835108640858599,0.981079525943554
"R-HSA-8948216",0.00602759137242862,89,1.25759590925368,0.0200259813702568,0.101788500400354,128520,31,31,1.02261072261072,0.499410590944805,0.981079525943554
"R-HSA-192105",0.00162405811378198,29,1.52086737703646,0.0202599053753767,0.102662578614676,121865,12,12,1.02261072261072,0.764543080252822,0.981079525943554
"R-HSA-2672351",0.0100470150983185,141,1.19530013815327,0.020709569639775,0.104608666978287,97127,57,58,1.00497950325537,0.631634626947571,0.981079525943554
"R-HSA-8953750",0.00283415184428625,46,1.3823869618814,0.0208529985089474,0.104608666978287,105930,19,19,1.02261072261072,0.653599701257848,0.981079525943554
"R-HSA-8934593",0.00176704111436146,31,1.49420419470453,0.020875444400168,0.104608666978287,189463,8,8,1.02261072261072,0.836153297943445,0.981079525943554
"R-HSA-381119",0.00408302256454767,63,1.31417645300202,0.0208964808508225,0.104608666978287,67433,30,30,1.02261072261072,0.51074224645864,0.981079525943554
"R-HSA-5693565",0.0033469460775645,53,1.34872083345001,0.0211168648058853,0.105393508986,90167,24,25,0.981706293706294,0.895227666401119,0.981079525943554
"R-HSA-70171",0.00393798060875985,61,1.3193231216567,0.0212076896653048,0.105528954280511,75207,31,31,1.02261072261072,0.499410590944805,0.981079525943554
"R-HSA-114452",0.00291067634619639,47,1.3753044661185,0.0212871047856615,0.10560698392168,142442,17,17,1.02261072261072,0.683552349043945,0.981079525943554
"R-HSA-75893",0.00283941361870758,46,1.37982523282985,0.021428299628842,0.105714542820352,97894,26,26,1.02261072261072,0.55868453977437,0.981079525943554
"R-HSA-186712",0.00734772482017886,106,1.22870575959734,0.0214363828531312,0.105714542820352,135803,26,26,1.02261072261072,0.55868453977437,0.981079525943554
"R-HSA-442729",0.0012916512340348,24,1.5825625724038,0.0216846901624448,0.106621755487154,108560,7,7,1.02261072261072,0.85507476531788,0.981079525943554
"R-HSA-9634597",0.00552143155037726,82,1.2649025607191,0.021895647062897,0.107183347725459,109459,25,25,1.02261072261072,0.571353715778605,0.981079525943554
"R-HSA-9675135",0.00191448518455903,33,1.46810406766013,0.0219282769335731,0.107183347725459,121618,21,21,1.02261072261072,0.624953081851722,0.981079525943554
"R-HSA-389357",0.00149846184607297,27,1.53466287317035,0.0220710319480713,0.107563823346924,184576,12,12,1.02261072261072,0.764543080252822,0.981079525943554
"R-HSA-1614635",0.00089621744763219,18,1.71062187947514,0.0222115371272472,0.10775768038937,67239,11,12,0.937393162393162,0.972251831662388,0.999976083314057
"R-HSA-1474244",0.0318376243866315,413,1.1048525156844,0.0222408730797614,0.10775768038937,130679,162,164,1.01013986013986,0.292292615464608,0.981079525943554
"R-HSA-5620971",0.000962332787100142,19,1.68160205824364,0.0223917755210125,0.108172513231247,131680,8,8,1.02261072261072,0.836153297943445,0.981079525943554
"R-HSA-9759475",0.00365556058601526,57,1.32805414443993,0.0225341333667738,0.10854377613007,211635,14,14,1.02261072261072,0.731060396230745,0.981079525943554
"R-HSA-112315",0.0248121260565586,326,1.11904753033682,0.0227345323965785,0.109137469753443,127131,135,140,0.986088911088911,0.910086450671535,0.988213138114505
"R-HSA-2173782",0.00299749562414825,48,1.36388449285126,0.0228452180174492,0.109137469753443,121325,21,22,0.976128417037508,0.915831507016112,0.98991050693131
"R-HSA-5658442",0.00329043919573549,52,1.34599791060388,0.0228718692230224,0.109137469753443,105814,20,20,1.02261072261072,0.639116738146024,0.981079525943554
"R-HSA-8853884",0.0030711604660468,49,1.35890308113834,0.0229208445831008,0.109137469753443,190160,16,16,1.02261072261072,0.699036837100288,0.981079525943554
"R-HSA-1268020",0.00256500064399543,42,1.39462268075595,0.0231639803563604,0.109979127365298,93713,22,23,0.978149386845039,0.909111574738058,0.987801888092435
"R-HSA-72172",0.00931162492973815,131,1.19823150213616,0.0233315397056657,0.110458175120823,108414,66,68,0.992533936651584,0.809887958639631,0.981079525943554
"R-HSA-8980692",0.0211287695752307,280,1.12870054943576,0.0234508323798048,0.110706636049392,145839,93,93,1.02261072261072,0.123627760687511,0.981079525943554
"R-HSA-9609507",0.00792091507290188,113,1.21506076805792,0.0237476787126567,0.111789498939978,73550,61,63,0.99014689014689,0.837399518634204,0.981079525943554
"R-HSA-381070",0.0025723213736251,42,1.39065363719635,0.0240890437942871,0.113075199906894,48142,19,19,1.02261072261072,0.653599701257848,0.981079525943554
"R-HSA-72163",0.00910081079368377,128,1.19791167090378,0.0248426429793094,0.116276749595274,109485,64,66,0.991622518895246,0.821037353834687,0.981079525943554
"R-HSA-2559583",0.00855736100508127,121,1.20431592316951,0.0249114339808825,0.116276749595274,113617,71,71,1.02261072261072,0.203127804108949,0.981079525943554
"R-HSA-6803205",0.000908799951683184,18,1.68693800197455,0.0249882341336614,0.116307595391789,82746,7,7,1.02261072261072,0.85507476531788,0.981079525943554
"R-HSA-5696394",0.00158573866962668,28,1.50390819655541,0.0250831903632442,0.116422539024918,147309,13,13,1.02261072261072,0.747615283223714,0.981079525943554
"R-HSA-456926",0.00338549429452073,53,1.33336390805647,0.0252708530733574,0.11696593168311,74608,17,17,1.02261072261072,0.683552349043945,0.981079525943554
"R-HSA-901032",0.000591148917595808,13,1.87301547486607,0.025431805234215,0.117056947980817,127382,6,6,1.02261072261072,0.87442215328985,0.981079525943554
"R-HSA-901042",0.000591148917595808,13,1.87301547486607,0.025431805234215,0.117056947980817,127382,6,6,1.02261072261072,0.87442215328985,0.981079525943554
"R-HSA-196854",0.0143860344271037,195,1.15448535475616,0.0256255145097426,0.117621821447766,95656,97,102,0.972482746012158,0.974704932121234,0.999976083314057
"R-HSA-8939236",0.00309575354214647,49,1.34810777510654,0.025815127877345,0.118164825670609,84565,33,33,1.02261072261072,0.477492218197947,0.981079525943554
"R-HSA-6804756",0.00473559697919243,71,1.27696362348877,0.0259546812763285,0.118476327478998,162617,34,35,0.993393273393273,0.819255846109263,0.981079525943554
"R-HSA-199220",0.000721778186925223,15,1.77003729869093,0.0267692929065073,0.121859116335392,94056,10,10,1.02261072261072,0.799551012848913,0.981079525943554
"R-HSA-212165",0.0145703109182506,197,1.15157524056155,0.0270701433042599,0.122891034123723,105593,100,100,1.02261072261072,0.105531739659288,0.981079525943554
"R-HSA-6807070",0.00960719938853606,134,1.18796297732253,0.027525407993672,0.124472614352435,141212,55,55,1.02261072261072,0.291247494504483,0.981079525943554
"R-HSA-8876198",0.00727714841109283,104,1.21721422519786,0.0277473656423883,0.124472614352435,222169,39,39,1.02261072261072,0.417315847370115,0.981079525943554
"R-HSA-113418",0.00318623318491317,50,1.33655661517858,0.027958948050358,0.124472614352435,134922,10,10,1.02261072261072,0.799551012848913,0.981079525943554
"R-HSA-167158",0.00318623318491317,50,1.33655661517858,0.027958948050358,0.124472614352435,134922,10,10,1.02261072261072,0.799551012848913,0.981079525943554
"R-HSA-167169",0.00318623318491317,50,1.33655661517858,0.027958948050358,0.124472614352435,134922,10,10,1.02261072261072,0.799551012848913,0.981079525943554
"R-HSA-167200",0.00318623318491317,50,1.33655661517858,0.027958948050358,0.124472614352435,134922,10,10,1.02261072261072,0.799551012848913,0.981079525943554
"R-HSA-167246",0.00318623318491317,50,1.33655661517858,0.027958948050358,0.124472614352435,134922,10,10,1.02261072261072,0.799551012848913,0.981079525943554
"R-HSA-9694676",0.000921382455734179,18,1.66390098394634,0.028019484099854,0.124472614352435,163139,7,7,1.02261072261072,0.85507476531788,0.981079525943554
"R-HSA-75153",0.00636137088898136,92,1.23177680594593,0.0285039802948099,0.126029434876353,163505,28,29,0.987348283900008,0.865948311153704,0.981079525943554
"R-HSA-400253",0.00899591846445866,126,1.19294369610038,0.0285543827739176,0.126029434876353,123516,37,38,0.995699914120967,0.795086120125378,0.981079525943554
"R-HSA-191273",0.00202887158502261,34,1.42731315728384,0.0285981095434573,0.126029434876353,48109,15,15,1.02261072261072,0.71487024590326,0.981079525943554
"R-HSA-9706574",0.00217414231361136,36,1.41029330517049,0.0289697210829113,0.126760476763593,88503,15,15,1.02261072261072,0.71487024590326,0.981079525943554
"R-HSA-9818749",0.00167724778999755,29,1.47263691053424,0.0289780974887934,0.126760476763593,75455,6,6,1.02261072261072,0.87442215328985,0.981079525943554
"R-HSA-1221632",0.00217471424561368,36,1.40992240960317,0.0290631939625405,0.126760476763593,48783,25,25,1.02261072261072,0.571353715778605,0.981079525943554
"R-HSA-5663205",0.0856565401911488,1064,1.05797647612119,0.0290699946711921,0.126760476763593,111862,436,443,1.00645208816766,0.22936065955727,0.981079525943554
"R-HSA-381676",0.00439026443619286,66,1.28040737763099,0.0293043655305425,0.127447070037031,90940,20,20,1.02261072261072,0.639116738146024,0.981079525943554
"R-HSA-194068",0.00224963733791733,37,1.40082577625929,0.0295641700176398,0.128240391935155,118770,19,19,1.02261072261072,0.653599701257848,0.981079525943554
"R-HSA-5655302",0.00297873625447222,47,1.34388070522835,0.0297596120562179,0.128751115345047,166765,22,22,1.02261072261072,0.611101728272464,0.981079525943554
"R-HSA-2565942",0.00447536791813777,67,1.27509038341651,0.0304241099294931,0.13128320352388,83575,40,40,1.02261072261072,0.408047470221884,0.981079525943554
"R-HSA-110328",0.00120208668247182,22,1.55876916804184,0.0309904826066019,0.132690515966768,43403,14,14,1.02261072261072,0.731060396230745,0.981079525943554
"R-HSA-110329",0.00120208668247182,22,1.55876916804184,0.0309904826066019,0.132690515966768,43403,14,14,1.02261072261072,0.731060396230745,0.981079525943554
"R-HSA-73928",0.00120208668247182,22,1.55876916804184,0.0309904826066019,0.132690515966768,43403,14,14,1.02261072261072,0.731060396230745,0.981079525943554
"R-HSA-5619115",0.00817187883551899,115,1.19859050666058,0.0313062039486456,0.133045005885868,95090,65,65,1.02261072261072,0.232534958560384,0.981079525943554
"R-HSA-2514856",0.00291593812061771,46,1.34361375155089,0.031314153467404,0.133045005885868,169372,15,15,1.02261072261072,0.71487024590326,0.981079525943554
"R-HSA-2514859",0.00291593812061771,46,1.34361375155089,0.031314153467404,0.133045005885868,169372,15,15,1.02261072261072,0.71487024590326,0.981079525943554
"R-HSA-211976",0.00284387468832566,45,1.34771161065962,0.031523399274723,0.133591490021013,96006,15,16,0.958697552447552,0.952371377947842,0.999976083314057
"R-HSA-5607763",0.00351395022224134,54,1.30885961188357,0.0321545293587313,0.135080322332969,134517,10,10,1.02261072261072,0.799551012848913,0.981079525943554
"R-HSA-69481",0.00547933735500666,80,1.24353169440272,0.0322698168221633,0.135080322332969,103258,51,52,1.00294513179129,0.680117348629842,0.981079525943554
"R-HSA-72613",0.00563364460923203,82,1.23970775427729,0.0324146032707264,0.135080322332969,118636,43,43,1.02261072261072,0.381453276502518,0.981079525943554
"R-HSA-72737",0.00563364460923203,82,1.23970775427729,0.0324146032707264,0.135080322332969,118636,43,43,1.02261072261072,0.381453276502518,0.981079525943554
"R-HSA-9634815",0.00351600917744968,54,1.30809315105288,0.0324400495382851,0.135080322332969,170302,19,20,0.971480186480186,0.928776000382512,0.999976083314057
"R-HSA-8963691",0.000309987145256316,8,2.19806845849738,0.0324784949471719,0.135080322332969,21143,6,6,1.02261072261072,0.87442215328985,0.981079525943554
"R-HSA-191859",0.00197957104642281,33,1.41983461114224,0.0325268851000934,0.135080322332969,76230,17,17,1.02261072261072,0.683552349043945,0.981079525943554
"R-HSA-194441",0.00197957104642281,33,1.41983461114224,0.0325268851000934,0.135080322332969,76230,17,17,1.02261072261072,0.683552349043945,0.981079525943554
"R-HSA-9671793",0.0016974941828796,29,1.45507244064445,0.0329649825253882,0.135501039606391,72423,16,16,1.02261072261072,0.699036837100288,0.981079525943554
"R-HSA-162587",0.0136308554112431,184,1.14971348145967,0.0330758931082179,0.135501039606391,145008,55,57,0.986729644624381,0.868597643478856,0.981079525943554
"R-HSA-190373",0.000808139919275229,16,1.68627474098454,0.0331069810751602,0.135501039606391,168157,8,8,1.02261072261072,0.836153297943445,0.981079525943554
"R-HSA-111931",0.00292771991986546,46,1.33820674954231,0.0331092107137005,0.135501039606391,178838,14,14,1.02261072261072,0.731060396230745,0.981079525943554
"R-HSA-163615",0.00292771991986546,46,1.33820674954231,0.0331092107137005,0.135501039606391,178838,14,14,1.02261072261072,0.731060396230745,0.981079525943554
"R-HSA-210500",0.00114260575423075,21,1.56537285980936,0.033118841907416,0.135501039606391,61726,9,9,1.02261072261072,0.8176484223102,0.981079525943554
"R-HSA-9013409",0.00703133203649658,100,1.21131558535218,0.0335887739631843,0.136811998891561,207094,38,39,0.996389934851473,0.786949621802601,0.981079525943554
"R-HSA-190371",0.00080974132888172,16,1.68293982837347,0.033604395623938,0.136811998891561,125313,7,7,1.02261072261072,0.85507476531788,0.981079525943554
"R-HSA-111932",0.0014217085713619,25,1.49769830701582,0.0340051856450508,0.13773003626347,104445,8,8,1.02261072261072,0.836153297943445,0.981079525943554
"R-HSA-177243",0.00184459509387578,31,1.43138201660645,0.0340411153469626,0.13773003626347,78709,17,17,1.02261072261072,0.683552349043945,0.981079525943554
"R-HSA-9758941",0.0211028038623254,277,1.11798124647009,0.034252660100399,0.13773003626347,154094,66,66,1.02261072261072,0.227355054787194,0.981079525943554
"R-HSA-9007101",0.00883051572938831,123,1.18635306038765,0.0343427285901862,0.13773003626347,208710,50,51,1.0025595319713,0.688295484813389,0.981079525943554
"R-HSA-5357905",0.00198917950406175,33,1.41297629559675,0.0343768570000638,0.13773003626347,72979,19,19,1.02261072261072,0.653599701257848,0.981079525943554
"R-HSA-9013973",0.000492890999597589,11,1.90080125167692,0.034400543929537,0.13773003626347,80109,8,8,1.02261072261072,0.836153297943445,0.981079525943554
"R-HSA-211897",0.00481177832190118,71,1.25674639881223,0.0344415606169138,0.13773003626347,108412,30,31,0.989623279945861,0.850691911873701,0.981079525943554
"R-HSA-264642",0.000747171967828139,15,1.70987987672073,0.0345013670238576,0.13773003626347,45940,6,6,1.02261072261072,0.87442215328985,0.981079525943554
"R-HSA-168898",0.0126997501114695,172,1.15352811289664,0.0347115841197978,0.13773003626347,101671,87,88,1.01099014621742,0.416640323528911,0.981079525943554
"R-HSA-9820841",0.00206272995955983,34,1.40388473746706,0.0347190886273074,0.13773003626347,85714,10,10,1.02261072261072,0.799551012848913,0.981079525943554
"R-HSA-6811434",0.00852281631214127,119,1.18921052688403,0.0348200094769374,0.13773003626347,158465,44,46,0.978149386845039,0.919092047586759,0.992787172654016
"R-HSA-3371568",0.00101346350810736,19,1.59676276704331,0.0348273296284816,0.13773003626347,168214,8,8,1.02261072261072,0.836153297943445,0.981079525943554
"R-HSA-200425",0.0017779078224055,30,1.43716597243001,0.0349648258541613,0.137746667322605,115005,8,9,0.908987308987309,0.984192303009408,0.999976083314057
"R-HSA-9660821",0.00504569851084921,74,1.24912337247813,0.0351179071662325,0.137746667322605,118309,23,23,1.02261072261072,0.597555826160392,0.981079525943554
"R-HSA-8943724",0.00436246854088021,65,1.26904189707219,0.0351854680661371,0.137746667322605,100206,31,31,1.02261072261072,0.499410590944805,0.981079525943554
"R-HSA-5693554",0.000814888716902581,16,1.67230924270856,0.0352402082597262,0.137746667322605,75119,11,11,1.02261072261072,0.781852142870286,0.981079525943554
"R-HSA-422356",0.0097047709881315,134,1.17601921810356,0.0353599695482392,0.137746667322605,140753,41,41,1.02261072261072,0.398983901499301,0.981079525943554
"R-HSA-427601",0.000258627651448166,7,2.30524981521977,0.0353646323559086,0.137746667322605,136826,5,5,1.02261072261072,0.894204998507136,0.981079525943554
"R-HSA-9679504",0.000881575988372851,17,1.64241945444035,0.035413446155359,0.137746667322605,170435,6,6,1.02261072261072,0.87442215328985,0.981079525943554
"R-HSA-168273",0.00697539708666989,99,1.20881870322367,0.0358077632704042,0.138954247632459,105263,48,48,1.02261072261072,0.340907462520191,0.981079525943554
"R-HSA-2980766",0.00331686245424258,51,1.30959686195521,0.0360294713110321,0.139487929818645,134719,23,23,1.02261072261072,0.597555826160392,0.981079525943554
"R-HSA-140877",0.00294659367594195,46,1.32963516127855,0.0361496001459923,0.139626777253868,58391,18,18,1.02261072261072,0.668409131536291,0.981079525943554
"R-HSA-8982491",0.00164361818826126,28,1.45094852312949,0.0366220185451531,0.141122522626323,129668,14,14,1.02261072261072,0.731060396230745,0.981079525943554
"R-HSA-187037",0.0110620800160324,151,1.16261270254492,0.0368268510559951,0.14158258050994,134299,65,66,1.00711662075298,0.569228703817754,0.981079525943554
"R-HSA-8951430",0.00157430002958032,27,1.46073411600172,0.0369254229422173,0.141632930127903,159870,8,8,1.02261072261072,0.836153297943445,0.981079525943554
"R-HSA-9820865",0.000319481216494793,8,2.13274812836659,0.0376461563248889,0.143501797268574,77529,6,6,1.02261072261072,0.87442215328985,0.981079525943554
"R-HSA-881907",0.000756666039066616,15,1.68842560162355,0.0377713910160118,0.143501797268574,145607,8,8,1.02261072261072,0.836153297943445,0.981079525943554
"R-HSA-6802946",0.00347849043809763,53,1.29771692162931,0.0379711151863227,0.143501797268574,87024,24,24,1.02261072261072,0.584308673803505,0.981079525943554
"R-HSA-6802949",0.00347849043809763,53,1.29771692162931,0.0379711151863227,0.143501797268574,87024,24,24,1.02261072261072,0.584308673803505,0.981079525943554
"R-HSA-6802955",0.00347849043809763,53,1.29771692162931,0.0379711151863227,0.143501797268574,87024,24,24,1.02261072261072,0.584308673803505,0.981079525943554
"R-HSA-9649948",0.00347849043809763,53,1.29771692162931,0.0379711151863227,0.143501797268574,87024,24,24,1.02261072261072,0.584308673803505,0.981079525943554
"R-HSA-5693579",0.0015084134629133,26,1.46807370502887,0.0380188829214871,0.143501797268574,133531,17,17,1.02261072261072,0.683552349043945,0.981079525943554
"R-HSA-9013423",0.00965649992713586,133,1.17307778739666,0.0381381296575838,0.143624729187764,173757,48,49,1.00174111602683,0.704708779387944,0.981079525943554
"R-HSA-392451",0.0027394399047024,43,1.33690820842571,0.0386434976607271,0.144918296240357,106353,11,11,1.02261072261072,0.781852142870286,0.981079525943554
"R-HSA-351906",0.000693982291612571,14,1.71820334010612,0.0387165291248276,0.144918296240357,216129,6,6,1.02261072261072,0.87442215328985,0.981079525943554
"R-HSA-2404192",0.0051521922496808,75,1.2398356372652,0.0389598508532046,0.144918296240357,198023,27,27,1.02261072261072,0.546294873483078,0.981079525943554
"R-HSA-2428924",0.0051521922496808,75,1.2398356372652,0.0389598508532046,0.144918296240357,198023,27,27,1.02261072261072,0.546294873483078,0.981079525943554
"R-HSA-2428928",0.0051521922496808,75,1.2398356372652,0.0389598508532046,0.144918296240357,198023,27,27,1.02261072261072,0.546294873483078,0.981079525943554
"R-HSA-139915",0.000760097631080524,15,1.68080291267717,0.0390063730375372,0.144918296240357,86394,5,5,1.02261072261072,0.894204998507136,0.981079525943554
"R-HSA-445717",0.00515608138729657,75,1.23890045198551,0.0394774641226117,0.146055763858341,133588,26,26,1.02261072261072,0.55868453977437,0.981079525943554
"R-HSA-9656223",0.00333871025673113,51,1.30102714150046,0.0395683762345879,0.146055763858341,88827,22,22,1.02261072261072,0.611101728272464,0.981079525943554
"R-HSA-1500620",0.00371366887745076,56,1.28433926747044,0.0395769692048251,0.146055763858341,60655,38,38,1.02261072261072,0.426793636458128,0.981079525943554
"R-HSA-381038",0.00245290197154112,39,1.35418914019416,0.0400586163544044,0.147345140574905,46735,18,18,1.02261072261072,0.668409131536291,0.981079525943554
"R-HSA-9619229",0.00144630164746157,25,1.47223127632867,0.0401041993960665,0.147345140574905,103567,8,8,1.02261072261072,0.836153297943445,0.981079525943554
"R-HSA-211000",0.00701566109963307,99,1.20188109730949,0.0402729239662381,0.147637688079771,125398,42,43,0.998829077898845,0.754149836889495,0.981079525943554
"R-HSA-6784531",0.00252896892784941,40,1.34713589997917,0.0405985905232183,0.148117586004269,72867,22,22,1.02261072261072,0.611101728272464,0.981079525943554
"R-HSA-168276",0.00187479310359816,31,1.4083261988893,0.0406016397696733,0.148117586004269,73162,15,15,1.02261072261072,0.71487024590326,0.981079525943554
"R-HSA-445095",0.00260286254254888,41,1.3416138564252,0.0406719985708766,0.148117586004269,78331,16,16,1.02261072261072,0.699036837100288,0.981079525943554
"R-HSA-1839124",0.00275190802235293,43,1.33085105509965,0.0409717646850301,0.148882048427839,179937,20,20,1.02261072261072,0.639116738146024,0.981079525943554
"R-HSA-163841",0.00394953363520667,59,1.27233392402234,0.0411113175870843,0.148922048679089,91953,30,30,1.02261072261072,0.51074224645864,0.981079525943554
"R-HSA-9694614",0.00209464376528917,34,1.38249527472387,0.0413576293947111,0.148922048679089,163365,12,12,1.02261072261072,0.764543080252822,0.981079525943554
"R-HSA-927802",0.00540086828428864,78,1.23005895977311,0.0414458737823026,0.148922048679089,116679,43,43,1.02261072261072,0.381453276502518,0.981079525943554
"R-HSA-975957",0.00540086828428864,78,1.23005895977311,0.0414458737823026,0.148922048679089,116679,43,43,1.02261072261072,0.381453276502518,0.981079525943554
"R-HSA-6806834",0.00772851714732213,108,1.19020697926629,0.0415601590574579,0.148922048679089,127647,40,40,1.02261072261072,0.408047470221884,0.981079525943554
"R-HSA-3781865",0.0182326203018932,240,1.12113281894562,0.0415862546939419,0.148922048679089,133725,76,76,1.02261072261072,0.181470356779185,0.981079525943554
"R-HSA-165054",0.00180730512732465,30,1.4137892854101,0.0416118941088826,0.148922048679089,79827,16,16,1.02261072261072,0.699036837100288,0.981079525943554
"R-HSA-9845620",0.000767875906312047,15,1.66377705269474,0.0419122073664746,0.149351672271502,51746,6,6,1.02261072261072,0.87442215328985,0.981079525943554
"R-HSA-9846298",0.000767875906312047,15,1.66377705269474,0.0419122073664746,0.149351672271502,51746,6,6,1.02261072261072,0.87442215328985,0.981079525943554
"R-HSA-1839122",0.000768333451913902,15,1.66278626689591,0.0420877966752311,0.149655534529738,156742,7,7,1.02261072261072,0.85507476531788,0.981079525943554
"R-HSA-114508",0.00305651900678746,47,1.30968142827182,0.0424424643052623,0.150413861788635,143102,18,18,1.02261072261072,0.668409131536291,0.981079525943554
"R-HSA-9682385",0.00110714597008704,20,1.53857979195369,0.0425513511667162,0.150413861788635,153853,12,12,1.02261072261072,0.764543080252822,0.981079525943554
"R-HSA-9662360",0.00656852466022092,93,1.20589647533064,0.042573386348141,0.150413861788635,108728,40,41,0.997668997668998,0.770590219125229,0.981079525943554
"R-HSA-9692916",0.00166969828756695,28,1.42828521811657,0.0429646806719085,0.1512596581418,73025,18,18,1.02261072261072,0.668409131536291,0.981079525943554
"R-HSA-167172",0.00672729298406437,95,1.20275778038527,0.0429986229144874,0.1512596581418,186326,21,23,0.933688051079355,0.986390795935673,0.999976083314057
"R-HSA-4615885",0.00224826470111177,36,1.36379775382221,0.0431543150075496,0.1512596581418,70773,19,19,1.02261072261072,0.653599701257848,0.981079525943554
"R-HSA-1614558",0.000270638223496843,7,2.20294582933724,0.0432458041746838,0.1512596581418,89008,7,7,1.02261072261072,0.85507476531788,0.981079525943554
"R-HSA-381340",0.0119277562947408,161,1.1496404363504,0.043351516273244,0.1512596581418,135788,44,45,0.99988603988604,0.737666626741693,0.981079525943554
"R-HSA-354192",0.0016717572427753,28,1.4265261258192,0.0434979541520203,0.1512596581418,110326,12,12,1.02261072261072,0.764543080252822,0.981079525943554
"R-HSA-5173105",0.0176954617653162,233,1.1214732858236,0.0435880866500689,0.1512596581418,152247,69,69,1.02261072261072,0.212494102297754,0.981079525943554
"R-HSA-512988",0.00195955342634168,32,1.39087397642353,0.0435957179232851,0.1512596581418,113710,23,23,1.02261072261072,0.597555826160392,0.981079525943554
"R-HSA-72706",0.00557073208897706,80,1.22313002248987,0.0436343491803139,0.1512596581418,120228,41,41,1.02261072261072,0.398983901499301,0.981079525943554
"R-HSA-9636383",0.000271324541899624,7,2.19737345371497,0.0437276159694948,0.151266512863158,18459,6,6,1.02261072261072,0.87442215328985,0.981079525943554
"R-HSA-3928662",0.00472747554475951,69,1.24312474610571,0.0438378502526686,0.1513319122264,166998,26,26,1.02261072261072,0.55868453977437,0.981079525943554
"R-HSA-73929",0.00125275985787719,22,1.49571815074431,0.0447996268756006,0.15433052335316,43403,14,15,0.954436674436674,0.957722500815528,0.999976083314057
"R-HSA-4419969",0.000645139298614621,13,1.71626666207586,0.0454005042152484,0.155652635807261,152119,8,8,1.02261072261072,0.836153297943445,0.981079525943554
"R-HSA-9675108",0.0582843321058147,728,1.06383547196591,0.0454673005787607,0.155652635807261,143817,295,297,1.01572445511839,0.0371493513650466,0.981079525943554
"R-HSA-5218859",0.00382485245870136,57,1.26927311286594,0.0455396798530608,0.155652635807261,139054,25,25,1.02261072261072,0.571353715778605,0.981079525943554
"R-HSA-193048",0.00125539074508785,22,1.49258361612316,0.045621679862111,0.155652635807261,96435,7,7,1.02261072261072,0.85507476531788,0.981079525943554
"R-HSA-877312",0.00084485795382404,16,1.61298822705873,0.0459292324889098,0.155652635807261,82483,8,8,1.02261072261072,0.836153297943445,0.981079525943554
"R-HSA-1500931",0.018935295959941,248,1.11551263878001,0.0459435454949526,0.155652635807261,215184,88,88,1.02261072261072,0.138412918745591,0.981079525943554
"R-HSA-70221",0.00111801267813108,20,1.52362531269897,0.0461142355527149,0.155652635807261,113991,9,9,1.02261072261072,0.8176484223102,0.981079525943554
"R-HSA-9755779",0.001049152065052,19,1.54244637112993,0.0461179526758725,0.155652635807261,173153,7,7,1.02261072261072,0.85507476531788,0.981079525943554
"R-HSA-5358508",0.000333321970950887,8,2.04418858013998,0.0461227786248433,0.155652635807261,84618,6,6,1.02261072261072,0.87442215328985,0.981079525943554
"R-HSA-5358606",0.000333321970950887,8,2.04418858013998,0.0461227786248433,0.155652635807261,84618,6,6,1.02261072261072,0.87442215328985,0.981079525943554
"R-HSA-5576892",0.00255596411835881,40,1.3329079262761,0.0462170106347746,0.155653631345166,137023,18,18,1.02261072261072,0.668409131536291,0.981079525943554
"R-HSA-5627117",0.00132802610938222,23,1.47508190157344,0.0464425740024814,0.155684445706817,115659,14,14,1.02261072261072,0.731060396230745,0.981079525943554
"R-HSA-212676",0.00139848813206779,24,1.46166338684637,0.0464696781539347,0.155684445706817,117692,10,10,1.02261072261072,0.799551012848913,0.981079525943554
"R-HSA-912694",0.000582798710361967,12,1.75370918229477,0.0465080269311253,0.155684445706817,75849,7,7,1.02261072261072,0.85507476531788,0.981079525943554
"R-HSA-111471",0.000846802522631921,16,1.60928421519057,0.0466940124005288,0.155991892233218,117721,8,9,0.908987308987309,0.984192303009408,0.999976083314057
"R-HSA-418360",0.00226622336598455,36,1.35299035187641,0.0472649239888081,0.157234287586131,130589,16,16,1.02261072261072,0.699036837100288,0.981079525943554
"R-HSA-196071",0.00256191221118292,40,1.3298132612689,0.0475294443034512,0.157234287586131,65626,20,20,1.02261072261072,0.639116738146024,0.981079525943554
"R-HSA-2453864",0.000276700702721413,7,2.15467955031497,0.0476213944071444,0.157234287586131,49645,5,5,1.02261072261072,0.894204998507136,0.981079525943554
"R-HSA-2474795",0.000276700702721413,7,2.15467955031497,0.0476213944071444,0.157234287586131,49645,5,5,1.02261072261072,0.894204998507136,0.981079525943554
"R-HSA-9675143",0.000276700702721413,7,2.15467955031497,0.0476213944071444,0.157234287586131,49645,5,5,1.02261072261072,0.894204998507136,0.981079525943554
"R-HSA-1834949",0.00323313160910324,49,1.29082571468188,0.0476352518818575,0.157234287586131,91959,25,25,1.02261072261072,0.571353715778605,0.981079525943554
"R-HSA-5682910",0.000458460693058049,10,1.8577736784331,0.0478834325016464,0.157488204652335,83824,6,6,1.02261072261072,0.87442215328985,0.981079525943554
"R-HSA-8963899",0.00315946676720469,48,1.29396448843877,0.047902266231006,0.157488204652335,54330,16,16,1.02261072261072,0.699036837100288,0.981079525943554
"R-HSA-9012999",0.0509827050050227,639,1.0675123200314,0.0480918411944193,0.157687095057693,125402,240,243,1.00998589887479,0.209376666186476,0.981079525943554
"R-HSA-5654738",0.00338618061292351,51,1.28278823788519,0.0481681940307181,0.157687095057693,164273,30,30,1.02261072261072,0.51074224645864,0.981079525943554
"R-HSA-2029485",0.00316118256321164,48,1.2932621629457,0.0482482541908572,0.157687095057693,134391,17,17,1.02261072261072,0.683552349043945,0.981079525943554
"R-HSA-937039",0.000278416498728366,7,2.1414009170961,0.0489090001232648,0.159177953314923,82275,6,6,1.02261072261072,0.87442215328985,0.981079525943554
"R-HSA-975144",0.000278416498728366,7,2.1414009170961,0.0489090001232648,0.159177953314923,82275,6,6,1.02261072261072,0.87442215328985,0.981079525943554
"R-HSA-2025928",0.00316484292802648,48,1.2917664137331,0.0489926108573389,0.159177953314923,131451,7,7,1.02261072261072,0.85507476531788,0.981079525943554
"R-HSA-5696399",0.00376880312247421,56,1.26555052378582,0.049102760950985,0.159223629933037,178519,29,29,1.02261072261072,0.522329662645399,0.981079525943554
"R-HSA-397795",0.00301614060742381,46,1.29897609809373,0.049229532174762,0.159322919557775,102014,13,13,1.02261072261072,0.747615283223714,0.981079525943554
"R-HSA-418038",0.000588518030385146,12,1.73666633309851,0.0493275911109938,0.159329080839994,42246,5,5,1.02261072261072,0.894204998507136,0.981079525943554
"R-HSA-1474228",0.0138310316120544,184,1.1330737048186,0.0497948337685622,0.160525368783089,126672,77,78,1.0095003287311,0.48216499528182,0.981079525943554
"R-HSA-5689896",0.00198609107124923,32,1.37228947129595,0.0503077376397751,0.161863924794383,100877,19,19,1.02261072261072,0.653599701257848,0.981079525943554
"R-HSA-168274",0.00176932884237074,29,1.39599657481016,0.0505132852263015,0.162210297713143,81041,15,15,1.02261072261072,0.71487024590326,0.981079525943554
"R-HSA-1059683",0.000789151776798274,15,1.61892090951439,0.0506393936485091,0.16222111358702,75022,9,9,1.02261072261072,0.8176484223102,0.981079525943554
"R-HSA-445355",0.00438831986738498,64,1.24215733969928,0.0509667156674845,0.16222111358702,145262,25,25,1.02261072261072,0.571353715778605,0.981079525943554
"R-HSA-69618",0.00686524298302346,96,1.19099580576385,0.0509924124892616,0.16222111358702,174635,45,45,1.02261072261072,0.364689118838591,0.981079525943554
"R-HSA-977444",0.00523397852601227,75,1.22046193530387,0.0510061558110064,0.16222111358702,134145,25,25,1.02261072261072,0.571353715778605,0.981079525943554
"R-HSA-991365",0.00523397852601227,75,1.22046193530387,0.0510061558110064,0.16222111358702,134145,25,25,1.02261072261072,0.571353715778605,0.981079525943554
"R-HSA-5633008",0.00272639985504955,42,1.31206289042465,0.0511624199829099,0.162406379141153,75939,20,20,1.02261072261072,0.639116738146024,0.981079525943554
"R-HSA-399956",0.00287819060846473,44,1.30205112367472,0.0517513459343601,0.16345519095727,177266,14,14,1.02261072261072,0.731060396230745,0.981079525943554
"R-HSA-6781827",0.00340425366419676,51,1.2759779646556,0.0517870973639502,0.16345519095727,164856,23,23,1.02261072261072,0.597555826160392,0.981079525943554
"R-HSA-159227",0.0019192894133785,31,1.37567592823146,0.0519301798202514,0.16345519095727,73592,15,15,1.02261072261072,0.71487024590326,0.981079525943554
"R-HSA-159230",0.0019192894133785,31,1.37567592823146,0.0519301798202514,0.16345519095727,73592,15,15,1.02261072261072,0.71487024590326,0.981079525943554
"R-HSA-1474290",0.0124125258599055,166,1.13905011880913,0.0519860504734346,0.16345519095727,128438,53,53,1.02261072261072,0.304651540208122,0.981079525943554
"R-HSA-9768759",0.00170332788930325,28,1.40008591289018,0.0522980656250489,0.164117355554022,188312,6,6,1.02261072261072,0.87442215328985,0.981079525943554
"R-HSA-975110",0.000342587269388438,8,1.98890334642,0.0524426376784225,0.164117355554022,32792,7,7,1.02261072261072,0.85507476531788,0.981079525943554
"R-HSA-9670095",0.00113654327500618,20,1.4987835956441,0.0526761443342336,0.164117355554022,26337,12,12,1.02261072261072,0.764543080252822,0.981079525943554
"R-HSA-9013106",0.0128998119258804,172,1.13563816779,0.0527873526516781,0.164117355554022,170945,49,49,1.02261072261072,0.33332826841878,0.981079525943554
"R-HSA-450531",0.00303295540829196,46,1.2917745334541,0.0528648797170765,0.164117355554022,118587,27,27,1.02261072261072,0.546294873483078,0.981079525943554
"R-HSA-2393930",0.000225913140915581,6,2.26206285665616,0.0529671032810817,0.164117355554022,40557,4,5,0.818088578088578,0.995345256034179,0.999976083314057
"R-HSA-2173789",0.00463024710436547,67,1.23243932041728,0.0530995990716794,0.164117355554022,130534,26,26,1.02261072261072,0.55868453977437,0.981079525943554
"R-HSA-141424",0.00586676409337682,83,1.20496485203897,0.0531421962016998,0.164117355554022,189727,39,39,1.02261072261072,0.417315847370115,0.981079525943554
"R-HSA-141444",0.00586676409337682,83,1.20496485203897,0.0531421962016998,0.164117355554022,189727,39,39,1.02261072261072,0.417315847370115,0.981079525943554
"R-HSA-209543",0.00059629630561667,12,1.71401271509531,0.0533461021417072,0.164117355554022,50484,8,8,1.02261072261072,0.836153297943445,0.981079525943554
"R-HSA-451326",0.00401953811229038,59,1.25017489267624,0.0534087515300121,0.164117355554022,111601,14,14,1.02261072261072,0.731060396230745,0.981079525943554
"R-HSA-5693616",0.00149217059404747,25,1.42697525932539,0.0535832766172155,0.164117355554022,138335,16,16,1.02261072261072,0.699036837100288,0.981079525943554
"R-HSA-9675136",0.00149217059404747,25,1.42697525932539,0.0535832766172155,0.164117355554022,138335,16,16,1.02261072261072,0.699036837100288,0.981079525943554
"R-HSA-9701190",0.00149217059404747,25,1.42697525932539,0.0535832766172155,0.164117355554022,138335,16,16,1.02261072261072,0.699036837100288,0.981079525943554
"R-HSA-936964",0.000729442075756283,14,1.63467769553455,0.0539318853492959,0.164880321077091,71985,11,11,1.02261072261072,0.781852142870286,0.981079525943554
"R-HSA-3000170",0.00274035499590611,42,1.30538126615484,0.0544278922035386,0.165417293710139,132044,16,16,1.02261072261072,0.699036837100288,0.981079525943554
"R-HSA-71240",0.00107180057234379,19,1.5098525203846,0.0545193772659059,0.165417293710139,134371,6,6,1.02261072261072,0.87442215328985,0.981079525943554
"R-HSA-9701192",0.000798645848036752,15,1.59967564519333,0.0549140651059502,0.165417293710139,79231,10,10,1.02261072261072,0.799551012848913,0.981079525943554
"R-HSA-9701193",0.000798645848036752,15,1.59967564519333,0.0549140651059502,0.165417293710139,79231,10,10,1.02261072261072,0.799551012848913,0.981079525943554
"R-HSA-9704331",0.000798645848036752,15,1.59967564519333,0.0549140651059502,0.165417293710139,79231,10,10,1.02261072261072,0.799551012848913,0.981079525943554
"R-HSA-9704646",0.000798645848036752,15,1.59967564519333,0.0549140651059502,0.165417293710139,79231,10,10,1.02261072261072,0.799551012848913,0.981079525943554
"R-HSA-9709603",0.000798645848036752,15,1.59967564519333,0.0549140651059502,0.165417293710139,79231,10,10,1.02261072261072,0.799551012848913,0.981079525943554
"R-HSA-76005",0.0119604708052734,160,1.13937482498956,0.0549808340119642,0.165417293710139,111598,62,63,1.00637880637881,0.592274776643466,0.981079525943554
"R-HSA-429947",0.000407673131252218,9,1.88029214726259,0.0550059920544879,0.165417293710139,37585,6,6,1.02261072261072,0.87442215328985,0.981079525943554
"R-HSA-2162123",0.000733216826971581,14,1.62626203813164,0.0557624381580297,0.167388333383796,35160,8,9,0.908987308987309,0.984192303009408,0.999976083314057
"R-HSA-9696270",0.00304942704995872,46,1.28479694491674,0.056614995227373,0.169404016318936,106835,22,22,1.02261072261072,0.611101728272464,0.981079525943554
"R-HSA-156827",0.00518982537543332,74,1.2144339133672,0.0566383977312555,0.169404016318936,119067,41,41,1.02261072261072,0.398983901499301,0.981079525943554
"R-HSA-187687",0.00135948236950971,23,1.44095085210498,0.0569367465908918,0.169989529911906,66949,14,15,0.954436674436674,0.957722500815528,0.999976083314057
"R-HSA-9820960",0.00282603040985334,43,1.29594489935997,0.0570610532027721,0.170054253879484,123343,16,16,1.02261072261072,0.699036837100288,0.981079525943554
"R-HSA-163359",0.00449858835743188,65,1.23064279573177,0.0571865040373447,0.170122149353465,125081,18,18,1.02261072261072,0.668409131536291,0.981079525943554
"R-HSA-418597",0.00816821847070416,112,1.1678460322283,0.057594807319242,0.171029741448,156829,30,30,1.02261072261072,0.51074224645864,0.981079525943554
"R-HSA-180746",0.00179392191847041,29,1.37685870172567,0.0578547447943646,0.171105438598496,75587,15,15,1.02261072261072,0.71487024590326,0.981079525943554
"R-HSA-9725554",0.00373688931674486,55,1.25356646874343,0.0579300851259845,0.171105438598496,129196,15,15,1.02261072261072,0.71487024590326,0.981079525943554
"R-HSA-9734767",0.00373688931674486,55,1.25356646874343,0.0579300851259845,0.171105438598496,129196,15,15,1.02261072261072,0.71487024590326,0.981079525943554
"R-HSA-5674135",0.00253228613346285,39,1.31173691942919,0.0583513263248838,0.172001705306686,60681,19,19,1.02261072261072,0.653599701257848,0.981079525943554
"R-HSA-8963901",0.000290312684376579,7,2.05365241615914,0.0584411346334728,0.172001705306686,7481,5,5,1.02261072261072,0.894204998507136,0.981079525943554
"R-HSA-5654741",0.00208881005886553,33,1.3455811719198,0.0585527700377105,0.172024716227813,125292,20,20,1.02261072261072,0.639116738146024,0.981079525943554
"R-HSA-912446",0.00209018269567109,33,1.34469751986141,0.0589543909916997,0.172898098890702,61239,22,22,1.02261072261072,0.611101728272464,0.981079525943554
"R-HSA-2555396",0.0132808330258246,176,1.12870971530609,0.0594322610328532,0.173684755787368,159367,86,87,1.01085657637382,0.422890345407613,0.981079525943554
"R-HSA-68882",0.0132808330258246,176,1.12870971530609,0.0594322610328532,0.173684755787368,159367,86,87,1.01085657637382,0.422890345407613,0.981079525943554
"R-HSA-380259",0.00359493579376956,53,1.25568192652244,0.0601956212700611,0.173697624899834,65177,31,31,1.02261072261072,0.499410590944805,0.981079525943554
"R-HSA-380284",0.00359493579376956,53,1.25568192652244,0.0601956212700611,0.173697624899834,65177,31,31,1.02261072261072,0.499410590944805,0.981079525943554
"R-HSA-8854518",0.00359493579376956,53,1.25568192652244,0.0601956212700611,0.173697624899834,65177,31,31,1.02261072261072,0.499410590944805,0.981079525943554
"R-HSA-983168",0.0221881020299239,286,1.0978443996926,0.0603282992616732,0.173697624899834,110792,131,135,0.992311145644479,0.821056449727912,0.981079525943554
"R-HSA-110330",0.000810656420085428,15,1.5759750747481,0.0606686624730768,0.173697624899834,40911,11,12,0.937393162393162,0.972251831662388,0.999976083314057
"R-HSA-110331",0.000810656420085428,15,1.5759750747481,0.0606686624730768,0.173697624899834,40911,11,12,0.937393162393162,0.972251831662388,0.999976083314057
"R-HSA-73927",0.000810656420085428,15,1.5759750747481,0.0606686624730768,0.173697624899834,40911,11,12,0.937393162393162,0.972251831662388,0.999976083314057
"R-HSA-8964043",0.00314196564793376,47,1.27406427278475,0.060691827430434,0.173697624899834,85651,18,18,1.02261072261072,0.668409131536291,0.981079525943554
"R-HSA-203927",0.00122805239537705,21,1.45645580259275,0.060862219598556,0.173697624899834,59509,6,6,1.02261072261072,0.87442215328985,0.981079525943554
"R-HSA-375165",0.00748098497671894,103,1.17266335533932,0.0608998798217435,0.173697624899834,139531,33,33,1.02261072261072,0.477492218197947,0.981079525943554
"R-HSA-3781860",0.00047985094994474,10,1.77495992923954,0.060976464541262,0.173697624899834,19637,7,7,1.02261072261072,0.85507476531788,0.981079525943554
"R-HSA-9818027",0.000743625989413767,14,1.60349787177724,0.0610282757937729,0.173697624899834,76762,7,7,1.02261072261072,0.85507476531788,0.981079525943554
"R-HSA-164944",0.000544593652607129,11,1.72034290978279,0.0610467333209443,0.173697624899834,81525,6,6,1.02261072261072,0.87442215328985,0.981079525943554
"R-HSA-8950505",0.0017311237846159,28,1.37760534748564,0.0610545928516981,0.173697624899834,76455,17,17,1.02261072261072,0.683552349043945,0.981079525943554
"R-HSA-432040",0.00498187089939053,71,1.2138381744641,0.0611120130769249,0.173697624899834,143356,22,22,1.02261072261072,0.611101728272464,0.981079525943554
"R-HSA-5654732",0.00165894596592338,27,1.38620172643809,0.0611956340623414,0.173697624899834,118555,16,16,1.02261072261072,0.699036837100288,0.981079525943554
"R-HSA-379724",0.00180444546731306,29,1.36882884432099,0.0612187163195552,0.173697624899834,130664,17,17,1.02261072261072,0.683552349043945,0.981079525943554
"R-HSA-5358565",0.00029385866279095,7,2.02887109077926,0.0614885811479828,0.17416509224309,91137,5,5,1.02261072261072,0.894204998507136,0.981079525943554
"R-HSA-5619102",0.00583965451646695,82,1.19597364659388,0.0616802103522629,0.174290045205873,88956,42,42,1.02261072261072,0.390120638371983,0.981079525943554
"R-HSA-9680350",0.00166054737552987,27,1.38486489209421,0.0617430636909158,0.174290045205873,128244,14,14,1.02261072261072,0.731060396230745,0.981079525943554
"R-HSA-5357769",0.00173398344462749,28,1.37533342099397,0.0620110531417457,0.174748835129035,73873,14,14,1.02261072261072,0.731060396230745,0.981079525943554
"R-HSA-2219528",0.0113824763237309,152,1.13736993566441,0.0623783123729809,0.175485337185109,182745,58,58,1.02261072261072,0.272233725687694,0.981079525943554
"R-HSA-2408522",0.00654873581294072,91,1.18352880855801,0.0626220074565189,0.175486205234808,131393,46,47,1.00085304766156,0.721175590307409,0.981079525943554
"R-HSA-72702",0.00247360591002503,38,1.30842248471711,0.0626675931384706,0.175486205234808,149196,18,18,1.02261072261072,0.668409131536291,0.981079525943554
"R-HSA-193368",0.0011619370559091,20,1.46602813608188,0.0627036184049228,0.175486205234808,147502,6,6,1.02261072261072,0.87442215328985,0.981079525943554
"R-HSA-73884",0.0030749352172621,46,1.27413889422422,0.0628022448426319,0.175486205234808,80431,27,28,0.986088911088911,0.87343475542024,0.981079525943554
"R-HSA-6804760",0.00081614696730768,15,1.56537285980936,0.063430575749569,0.176830630440591,93345,9,9,1.02261072261072,0.8176484223102,0.981079525943554
"R-HSA-400042",0.00514921820326875,73,1.20747035260945,0.0634968166035919,0.176830630440591,108570,15,15,1.02261072261072,0.71487024590326,0.981079525943554
"R-HSA-9010553",0.00828832419119092,113,1.1611989263681,0.0636634609558918,0.17699723960388,118274,63,63,1.02261072261072,0.243249592451737,0.981079525943554
"R-HSA-8956319",0.001306750238896,22,1.43392027196706,0.0639242437933637,0.17742457615679,105239,16,18,0.908987308987309,0.993201440623561,0.999976083314057
"R-HSA-418359",0.00116559742072393,20,1.46142431857897,0.0642506786400171,0.177918143058531,170820,8,8,1.02261072261072,0.836153297943445,0.981079525943554
"R-HSA-5654706",0.00123708892101367,21,1.44581687439997,0.0645315654666128,0.177918143058531,143932,10,10,1.02261072261072,0.799551012848913,0.981079525943554
"R-HSA-190239",0.00123708892101367,21,1.44581687439997,0.0645315654666128,0.177918143058531,139216,10,10,1.02261072261072,0.799551012848913,0.981079525943554
"R-HSA-190372",0.00123708892101367,21,1.44581687439997,0.0645315654666128,0.177918143058531,139216,10,10,1.02261072261072,0.799551012848913,0.981079525943554
"R-HSA-159418",0.0014524785130866,24,1.40733159297399,0.0648837861259219,0.178185846269381,136840,10,10,1.02261072261072,0.799551012848913,0.981079525943554
"R-HSA-168333",0.00174256242466226,28,1.36856238209581,0.0649439393235265,0.178185846269381,83629,14,14,1.02261072261072,0.731060396230745,0.981079525943554
"R-HSA-181429",0.00130938112610666,22,1.4310391532237,0.0649815175880868,0.178185846269381,116557,8,8,1.02261072261072,0.836153297943445,0.981079525943554
"R-HSA-196807",0.00145293605868846,24,1.40688840872175,0.0650588032546625,0.178185846269381,67564,15,16,0.958697552447552,0.952371377947842,0.999976083314057
"R-HSA-9607240",0.00255802307356716,39,1.29853919073127,0.0654150185522455,0.178590466056225,207357,19,19,1.02261072261072,0.653599701257848,0.981079525943554
"R-HSA-176033",0.00174393506146782,28,1.36748519800916,0.0654220958938616,0.178590466056225,73654,14,14,1.02261072261072,0.731060396230745,0.981079525943554
"R-HSA-8875878",0.00415531476964066,60,1.22982193462051,0.0657255009705633,0.179123610375367,97964,23,23,1.02261072261072,0.597555826160392,0.981079525943554
"R-HSA-5610783",0.00226176229636647,35,1.31800177823595,0.0660591511137909,0.179737296216012,164981,15,15,1.02261072261072,0.71487024590326,0.981079525943554
"R-HSA-198323",0.000890498127609011,16,1.53031869557557,0.0663115462359136,0.179924259463774,168338,7,7,1.02261072261072,0.85507476531788,0.981079525943554
"R-HSA-5654227",0.00124154999063175,21,1.44062184417134,0.0663981752609475,0.179924259463774,142413,10,10,1.02261072261072,0.799551012848913,0.981079525943554
"R-HSA-3000178",0.00759445628597881,104,1.16635717308847,0.0664536190656786,0.179924259463774,118670,42,42,1.02261072261072,0.390120638371983,0.981079525943554
"R-HSA-5683826",0.00309152124532932,46,1.26730313222094,0.0670795259870768,0.181052168948644,146536,13,13,1.02261072261072,0.747615283223714,0.981079525943554
"R-HSA-74751",0.00485673217728336,69,1.2100403361314,0.067088733696118,0.181052168948644,200763,28,28,1.02261072261072,0.534178581559478,0.981079525943554
"R-HSA-9755511",0.00752559567289973,103,1.16571196824105,0.0681439880506612,0.183240721243672,92909,46,46,1.02261072261072,0.35658398777493,0.981079525943554
"R-HSA-159231",0.00234343418629747,36,1.30841240061383,0.0682784896965948,0.183240721243672,79263,18,18,1.02261072261072,0.668409131536291,0.981079525943554
"R-HSA-159234",0.00234343418629747,36,1.30841240061383,0.0682784896965948,0.183240721243672,79263,18,18,1.02261072261072,0.668409131536291,0.981079525943554
"R-HSA-9648002",0.00189892863409598,30,1.34557380335399,0.0683420432882251,0.183240721243672,164149,13,13,1.02261072261072,0.747615283223714,0.981079525943554
"R-HSA-373752",0.00666277905420291,92,1.17605417368958,0.0688700776578393,0.184358188496025,179060,31,32,0.990654137529138,0.842937446022245,0.981079525943554
"R-HSA-9651496",0.00146345960753111,24,1.39677165605625,0.0691752353549103,0.184758985310121,71887,13,13,1.02261072261072,0.747615283223714,0.981079525943554
"R-HSA-418346",0.00776923870588717,106,1.16204330285912,0.0692428062025259,0.184758985310121,133410,46,46,1.02261072261072,0.35658398777493,0.981079525943554
"R-HSA-983695",0.0027234258086375,41,1.28222198760786,0.0697865545703268,0.185910483799086,162781,15,16,0.958697552447552,0.952371377947842,0.999976083314057
"R-HSA-9662001",0.000692380882006081,13,1.59916470743562,0.0701505842741617,0.186580285942674,100302,7,7,1.02261072261072,0.85507476531788,0.981079525943554
"R-HSA-9703465",0.000969424743928885,17,1.49358427556009,0.0710795433210397,0.188123220041977,172352,9,9,1.02261072261072,0.8176484223102,0.981079525943554
"R-HSA-2408557",0.00549924058868732,77,1.1925673549033,0.0712152198542036,0.188123220041977,124645,37,37,1.02261072261072,0.436485543923055,0.981079525943554
"R-HSA-171306",0.000626837474540447,12,1.63050151164085,0.0712364282413098,0.188123220041977,30514,9,9,1.02261072261072,0.8176484223102,0.981079525943554
"R-HSA-264870",0.00146860699555197,24,1.39187604701174,0.0712527148594333,0.188123220041977,36677,7,8,0.894784382284382,0.987525036938923,0.999976083314057
"R-HSA-5210891",0.0012533317898795,21,1.42707944662186,0.0715053782199843,0.188123220041977,133636,8,8,1.02261072261072,0.836153297943445,0.981079525943554
"R-HSA-6794361",0.00604886724291485,84,1.18276957672024,0.0715748695970678,0.188123220041977,234696,31,32,0.990654137529138,0.842937446022245,0.981079525943554
"R-HSA-446728",0.0163691514519409,213,1.10827707148162,0.0715751763520704,0.188123220041977,210503,69,69,1.02261072261072,0.212494102297754,0.981079525943554
"R-HSA-5628897",0.00550129954389567,77,1.19212101622512,0.0716389570588336,0.188123220041977,185341,32,32,1.02261072261072,0.488329079490694,0.981079525943554
"R-HSA-9013026",0.0131424254812636,173,1.12115457090966,0.0721330136391991,0.189120891772394,174396,44,44,1.02261072261072,0.372977507903104,0.981079525943554
"R-HSA-69202",0.00356919885366525,52,1.24087350243346,0.0724458951815738,0.189342032043956,127869,29,29,1.02261072261072,0.522329662645399,0.981079525943554
"R-HSA-69656",0.00356919885366525,52,1.24087350243346,0.0724458951815738,0.189342032043956,127869,29,29,1.02261072261072,0.522329662645399,0.981079525943554
"R-HSA-68877",0.0132269570312062,174,1.12042868114034,0.0726646120259149,0.189614586026679,136630,83,84,1.01043678543679,0.442046573704524,0.981079525943554
"R-HSA-447115",0.00296375163601149,44,1.2644619982209,0.0736907517881882,0.191989898919855,107257,26,26,1.02261072261072,0.55868453977437,0.981079525943554
"R-HSA-983189",0.00676812892902987,93,1.17033242406305,0.0738102672254465,0.191999392139034,167870,28,29,0.987348283900008,0.865948311153704,0.981079525943554
"R-HSA-202131",0.00118733083681201,20,1.43467377710209,0.0739779151326545,0.192133864223838,127443,7,7,1.02261072261072,0.85507476531788,0.981079525943554
"R-HSA-9664420",0.0013312289285952,22,1.40755328982228,0.0742307019674758,0.192187926812668,62685,9,9,1.02261072261072,0.8176484223102,0.981079525943554
"R-HSA-9673324",0.0013312289285952,22,1.40755328982228,0.0742307019674758,0.192187926812668,62685,9,9,1.02261072261072,0.8176484223102,0.981079525943554
"R-HSA-73893",0.00199032336806638,31,1.32657852872388,0.0745226876866361,0.192642891570602,130526,21,21,1.02261072261072,0.624953081851722,0.981079525943554
"R-HSA-9013418",0.00169589277327311,27,1.35600186419342,0.0747183292810241,0.192847775106942,60426,9,9,1.02261072261072,0.8176484223102,0.981079525943554
"R-HSA-109704",0.00442709685714214,63,1.21203856264132,0.075004127570691,0.192984222646949,208187,24,24,1.02261072261072,0.584308673803505,0.981079525943554
"R-HSA-112399",0.00442709685714214,63,1.21203856264132,0.075004127570691,0.192984222646949,208187,24,24,1.02261072261072,0.584308673803505,0.981079525943554
"R-HSA-4085377",0.00191894625417711,30,1.33153735750355,0.075499070365779,0.193956526505575,70726,14,14,1.02261072261072,0.731060396230745,0.981079525943554
"R-HSA-1839126",0.00214211412148156,33,1.31209792174014,0.07563615687668,0.194007913227026,208300,14,14,1.02261072261072,0.731060396230745,0.981079525943554
"R-HSA-199977",0.00955972903234367,128,1.14040548927234,0.076119391853632,0.194945644979085,159093,61,63,0.99014689014689,0.837399518634204,0.981079525943554
"R-HSA-9828211",0.000436727276969968,9,1.75520199393501,0.0766996545237695,0.195945595000575,95999,6,6,1.02261072261072,0.87442215328985,0.981079525943554
"R-HSA-5654708",0.00162794725139774,26,1.3602788046807,0.0768510378396359,0.195945595000575,152138,13,13,1.02261072261072,0.747615283223714,0.981079525943554
"R-HSA-140837",0.00170161209329629,27,1.35144418113281,0.0769814036733512,0.195945595000575,65567,14,14,1.02261072261072,0.731060396230745,0.981079525943554
"R-HSA-114608",0.0117287239579342,155,1.12557864553891,0.0769828499368586,0.195945595000575,106104,59,60,1.00556721056721,0.615759205597984,0.981079525943554
"R-HSA-3000171",0.00662937822526754,91,1.16913189003304,0.0774937760660401,0.196865804601839,117239,35,35,1.02261072261072,0.456531068130527,0.981079525943554
"R-HSA-9702518",0.000311016622860488,7,1.91694366760276,0.0775819978304171,0.196865804601839,64229,5,5,1.02261072261072,0.894204998507136,0.981079525943554
"R-HSA-912631",0.000982579179982197,17,1.47358867699322,0.0779617452710495,0.197526929532307,144663,11,11,1.02261072261072,0.781852142870286,0.981079525943554
"R-HSA-5205647",0.00222504426181766,34,1.30147303468762,0.0785344492964085,0.198674171731525,168361,14,14,1.02261072261072,0.731060396230745,0.981079525943554
"R-HSA-168325",0.00215069310151633,33,1.30686404533707,0.0786781725246365,0.19873434736787,67072,14,14,1.02261072261072,0.731060396230745,0.981079525943554
"R-HSA-1839130",0.00119808315845559,20,1.42179814839791,0.07913839009978,0.198986816988369,146145,9,9,1.02261072261072,0.8176484223102,0.981079525943554
"R-HSA-2033514",0.00119808315845559,20,1.42179814839791,0.07913839009978,0.198986816988369,146145,9,9,1.02261072261072,0.8176484223102,0.981079525943554
"R-HSA-5654704",0.00119808315845559,20,1.42179814839791,0.07913839009978,0.198986816988369,146145,9,9,1.02261072261072,0.8176484223102,0.981079525943554
"R-HSA-5673000",0.00230294140053336,35,1.29443446883522,0.0795760218141879,0.19978404264562,102971,17,17,1.02261072261072,0.683552349043945,0.981079525943554
"R-HSA-9609523",0.00156217507113118,25,1.36302938111589,0.0799622883588114,0.200450093510666,68712,10,10,1.02261072261072,0.799551012848913,0.981079525943554
"R-HSA-1793185",0.00601192043556511,83,1.1758712716661,0.080112344283999,0.200522891961611,103389,32,33,0.991622518895246,0.835108640858599,0.981079525943554
"R-HSA-5205685",0.00193164314462856,30,1.3227850245443,0.0802975648627562,0.200683355923962,185571,12,12,1.02261072261072,0.764543080252822,0.981079525943554
"R-HSA-8849471",0.000987497795202131,17,1.46624889787696,0.0806438046312359,0.20096875160457,71465,9,9,1.02261072261072,0.8176484223102,0.981079525943554
"R-HSA-170822",0.00171099177813431,27,1.34403554208662,0.0807933263352952,0.20096875160457,77882,13,13,1.02261072261072,0.747615283223714,0.981079525943554
"R-HSA-5619107",0.00171099177813431,27,1.34403554208662,0.0807933263352952,0.20096875160457,77882,13,13,1.02261072261072,0.747615283223714,0.981079525943554
"R-HSA-4086400",0.00546606853255288,76,1.18422283647962,0.0809491431396951,0.20096875160457,104038,37,37,1.02261072261072,0.436485543923055,0.981079525943554
"R-HSA-5655253",0.00253297245186563,38,1.27775633273155,0.0810181810934538,0.20096875160457,205445,17,17,1.02261072261072,0.683552349043945,0.981079525943554
"R-HSA-111447",0.0012027730008746,20,1.4162542849567,0.0814623745304945,0.201768541998549,183468,8,8,1.02261072261072,0.836153297943445,0.981079525943554
"R-HSA-72165",0.000989556750410476,17,1.4631980967948,0.0817842041874806,0.201815529702865,37820,9,9,1.02261072261072,0.8176484223102,0.981079525943554
"R-HSA-1630316",0.01305023004249,171,1.11602225494161,0.0818051024680334,0.201815529702865,127529,70,71,1.00820775468663,0.531903641217839,0.981079525943554
"R-HSA-5668914",0.0263344946603284,334,1.08023038677783,0.0818728914839447,0.201815529702865,132847,123,124,1.01436386194451,0.235581682150272,0.981079525943554
"R-HSA-9020591",0.0027630035031979,41,1.26385523920329,0.081968528358496,0.201815529702865,108152,23,23,1.02261072261072,0.597555826160392,0.981079525943554
"R-HSA-933543",0.000443247301796393,9,1.72938353879842,0.0821947134104027,0.202072166351687,46221,5,5,1.02261072261072,0.894204998507136,0.981079525943554
"R-HSA-9734009",0.00127666661557407,21,1.40099538541669,0.0823927949797243,0.202259053750227,109790,12,12,1.02261072261072,0.764543080252822,0.981079525943554
"R-HSA-2024096",0.00193827755585545,30,1.3182573449088,0.0828858898579254,0.2031685199624,102170,13,13,1.02261072261072,0.747615283223714,0.981079525943554
"R-HSA-3000480",0.00127929750278474,21,1.39811422537873,0.0836855214889715,0.204515819818563,117027,11,11,1.02261072261072,0.781852142870286,0.981079525943554
"R-HSA-2730905",0.000713999911693699,13,1.5507439881621,0.0839479220802024,0.204515819818563,197198,7,7,1.02261072261072,0.85507476531788,0.981079525943554
"R-HSA-8849932",0.00239056138328847,36,1.28261853923037,0.083962015323984,0.204515819818563,125452,12,13,0.943948359332975,0.967676644602123,0.999976083314057
"R-HSA-180910",0.00171865566696537,27,1.33804217228164,0.0840012867252069,0.204515819818563,76367,13,13,1.02261072261072,0.747615283223714,0.981079525943554
"R-HSA-418889",0.000783203683974168,14,1.52246818525249,0.0840526694607371,0.204515819818563,80590,6,6,1.02261072261072,0.87442215328985,0.981079525943554
"R-HSA-9707616",0.00603136612364392,83,1.1720801527884,0.0843586881211371,0.204784496121308,149873,26,27,0.984736251402918,0.880815863347978,0.981079525943554
"R-HSA-1169091",0.00269448604932021,40,1.26438391970791,0.084416993123922,0.204784496121308,96296,22,22,1.02261072261072,0.611101728272464,0.981079525943554
"R-HSA-193807",0.00113700082060804,19,1.42327144024183,0.0845338535588258,0.204784496121308,155194,5,5,1.02261072261072,0.894204998507136,0.981079525943554
"R-HSA-2559586",0.00157304177917522,25,1.35361345679899,0.0847273560892465,0.204818864124169,50266,21,21,1.02261072261072,0.624953081851722,0.981079525943554
"R-HSA-72649",0.00209269919648129,32,1.30238109265436,0.0849188652102015,0.204818864124169,151943,18,18,1.02261072261072,0.668409131536291,0.981079525943554
"R-HSA-72662",0.00209269919648129,32,1.30238109265436,0.0849188652102015,0.204818864124169,151943,18,18,1.02261072261072,0.668409131536291,0.981079525943554
"R-HSA-427359",0.00135536445909302,22,1.38248841142305,0.0854411454899575,0.205779037902412,43507,15,15,1.02261072261072,0.71487024590326,0.981079525943554
"R-HSA-1566948",0.00369525266697612,53,1.2215933009363,0.0859547513543546,0.20671556312651,128727,26,26,1.02261072261072,0.55868453977437,0.981079525943554
"R-HSA-4570464",0.00254818584312729,38,1.27012776549838,0.0862629302069008,0.206731854872049,77602,17,17,1.02261072261072,0.683552349043945,0.981079525943554
"R-HSA-453274",0.0100200199078091,133,1.13051926770048,0.0862740369927335,0.206731854872049,94681,76,78,0.996389934851473,0.75189619919062,0.981079525943554
"R-HSA-9614657",0.00128467366360653,21,1.39226333333058,0.086368651042556,0.206731854872049,169645,6,6,1.02261072261072,0.87442215328985,0.981079525943554
"R-HSA-75815",0.00128501682280792,21,1.39189153432755,0.0865418092242577,0.206731854872049,88013,14,14,1.02261072261072,0.731060396230745,0.981079525943554
"R-HSA-111367",0.000319824375696184,7,1.86415230050497,0.0867101020736716,0.206731854872049,32203,5,5,1.02261072261072,0.894204998507136,0.981079525943554
"R-HSA-77588",0.000319824375696184,7,1.86415230050497,0.0867101020736716,0.206731854872049,32203,5,5,1.02261072261072,0.894204998507136,0.981079525943554
"R-HSA-5654726",0.00165231155469649,26,1.34022069561894,0.0872492883568282,0.207514148771052,114983,16,16,1.02261072261072,0.699036837100288,0.981079525943554
"R-HSA-72202",0.00393191812953528,56,1.21304935875066,0.0872886914263267,0.207514148771052,77302,29,30,0.988523698523699,0.85836473206141,0.981079525943554
"R-HSA-9031628",0.00471226215349786,66,1.19291473834487,0.0879164909960839,0.208707199972079,105801,28,28,1.02261072261072,0.534178581559478,0.981079525943554
"R-HSA-72312",0.00923029619900854,123,1.13497000903247,0.088353550704196,0.209444683142851,100927,75,75,1.02261072261072,0.185609715887375,0.981079525943554
"R-HSA-4655427",0.00121684252813162,20,1.3998790944087,0.0887031243496004,0.209972967210411,73698,8,8,1.02261072261072,0.836153297943445,0.981079525943554
"R-HSA-169893",0.000652803187445681,12,1.56564714977954,0.0891735009381991,0.210543331008254,67296,8,8,1.02261072261072,0.836153297943445,0.981079525943554
"R-HSA-373753",0.0016566582379141,26,1.33670427040086,0.0891982005840644,0.210543331008254,269063,13,13,1.02261072261072,0.747615283223714,0.981079525943554
"R-HSA-9006115",0.00165723016991642,26,1.33624295611649,0.0894567667798898,0.210853289550892,224121,13,13,1.02261072261072,0.747615283223714,0.981079525943554
"R-HSA-5654710",0.00158448041922158,25,1.34384148555441,0.08994410783982,0.211284381927376,155512,12,12,1.02261072261072,0.764543080252822,0.981079525943554
"R-HSA-9759194",0.00637212321062494,87,1.16286687593105,0.0899703399935932,0.211284381927376,82336,36,36,1.02261072261072,0.446396381413818,0.981079525943554
"R-HSA-210990",0.000653947051450317,12,1.56290856809373,0.0900221929032756,0.211284381927376,73757,8,8,1.02261072261072,0.836153297943445,0.981079525943554
"R-HSA-69275",0.0099670590043945,132,1.12798107673966,0.0911468702562106,0.213509798308347,94805,75,77,0.996049405140314,0.757829236660943,0.981079525943554
"R-HSA-159236",0.00348123571170875,50,1.2232958045541,0.0912280852156366,0.213509798308347,75117,25,26,0.983279540971849,0.888083115884472,0.981079525943554
"R-HSA-451306",0.00181096549213948,28,1.31686958873469,0.0918524861941151,0.214365591019224,156318,7,7,1.02261072261072,0.85507476531788,0.981079525943554
"R-HSA-451308",0.00181096549213948,28,1.31686958873469,0.0918524861941151,0.214365591019224,156318,7,7,1.02261072261072,0.85507476531788,0.981079525943554
"R-HSA-5655332",0.00158894148883966,25,1.34006855214885,0.0920348428446697,0.214489078190742,154236,12,12,1.02261072261072,0.764543080252822,0.981079525943554
"R-HSA-193697",0.00115198543906877,19,1.40475802959028,0.0927127909597567,0.215036886552621,120094,6,6,1.02261072261072,0.87442215328985,0.981079525943554
"R-HSA-5576893",0.00100843050648697,17,1.43581292370369,0.0927268834505892,0.215036886552621,80350,10,10,1.02261072261072,0.799551012848913,0.981079525943554
"R-HSA-69231",0.00287144181083738,42,1.24578811270651,0.0928410818994969,0.215036886552621,80381,22,23,0.978149386845039,0.909111574738058,0.987801888092435
"R-HSA-69236",0.00287144181083738,42,1.24578811270651,0.0928410818994969,0.215036886552621,80381,22,23,0.978149386845039,0.909111574738058,0.987801888092435
"R-HSA-388396",0.0657414103248368,808,1.04680853786435,0.0929418696589737,0.215036886552621,130854,306,306,1.02261072261072,0.000944385403117476,0.521615537655219
"R-HSA-110314",0.00129759932685891,21,1.37839470174856,0.0930485501860164,0.215036886552621,146189,14,14,1.02261072261072,0.731060396230745,0.981079525943554
"R-HSA-170670",0.00211443261256937,32,1.28899443278937,0.093583280649207,0.215971442946707,182052,10,10,1.02261072261072,0.799551012848913,0.981079525943554
"R-HSA-202040",0.00310707779579236,45,1.23354585517871,0.0947794227964913,0.218209928817668,81593,12,12,1.02261072261072,0.764543080252822,0.981079525943554
"R-HSA-170660",0.0018178286761673,28,1.31189776798689,0.0949077097474624,0.218209928817668,204814,8,8,1.02261072261072,0.836153297943445,0.981079525943554
"R-HSA-9008059",0.00137423821516951,22,1.36350134734074,0.0949483154360521,0.218209928817668,117972,10,11,0.929646111464293,0.976539712635186,0.999976083314057
"R-HSA-8862803",0.00122953941858308,20,1.3854231841399,0.0955859726427013,0.219067713235071,114894,11,11,1.02261072261072,0.781852142870286,0.981079525943554
"R-HSA-8863678",0.00122953941858308,20,1.3854231841399,0.0955859726427013,0.219067713235071,114894,11,11,1.02261072261072,0.781852142870286,0.981079525943554
"R-HSA-8978934",0.00227079882200309,34,1.27524951998507,0.0958274252072674,0.219317739735417,99227,17,18,0.965799015799016,0.940987046674061,0.999976083314057
"R-HSA-5654693",0.00123045450978679,20,1.38439284245791,0.0960948678585549,0.219626477298794,140556,10,10,1.02261072261072,0.799551012848913,0.981079525943554
"R-HSA-112314",0.0192486003108107,246,1.08850609303549,0.0963349976015242,0.219738159752722,132106,103,106,0.993668909706646,0.792784762274532,0.981079525943554
"R-HSA-6802948",0.00227228584520912,34,1.27441497461583,0.0964287580047836,0.219738159752722,66233,17,17,1.02261072261072,0.683552349043945,0.981079525943554
"R-HSA-190242",0.00123125521459003,20,1.38349254982532,0.0965415692818237,0.219738159752722,152542,10,10,1.02261072261072,0.799551012848913,0.981079525943554
"R-HSA-373755",0.00799457991480043,107,1.1399427517679,0.0970606768751145,0.22061665511943,140611,41,41,1.02261072261072,0.398983901499301,0.981079525943554
"R-HSA-204005",0.00396714914087806,56,1.20227664660906,0.0976931325242691,0.221204433011563,207204,28,28,1.02261072261072,0.534178581559478,0.981079525943554
"R-HSA-8868773",0.00855747539148174,114,1.13462958744616,0.0977061174662801,0.221204433011563,104357,69,69,1.02261072261072,0.212494102297754,0.981079525943554
"R-HSA-8874081",0.00326973525725158,47,1.22427837834009,0.0977197615959349,0.221204433011563,92453,17,17,1.02261072261072,0.683552349043945,0.981079525943554
"R-HSA-3371511",0.000664699373093894,12,1.53762661913472,0.0982418017296756,0.222082763255215,101107,8,8,1.02261072261072,0.836153297943445,0.981079525943554
"R-HSA-69615",0.00175102701829656,27,1.313305698885,0.0984893150540379,0.222287107138162,72138,19,19,1.02261072261072,0.653599701257848,0.981079525943554
"R-HSA-5654219",0.00123491557940487,20,1.37939179384214,0.098600497131291,0.222287107138162,138961,10,10,1.02261072261072,0.799551012848913,0.981079525943554
"R-HSA-1483249",0.00768367767834041,103,1.14172891046323,0.0989076768962842,0.222676658447205,106770,27,28,0.986088911088911,0.87343475542024,0.981079525943554
"R-HSA-418885",0.00212873091262732,32,1.28033649060245,0.0995934885061039,0.223916432095813,108636,11,11,1.02261072261072,0.781852142870286,0.981079525943554
"R-HSA-5678895",0.00123720330741414,20,1.37684114333577,0.0999013887865274,0.224063424585022,96898,14,14,1.02261072261072,0.731060396230745,0.981079525943554
"R-HSA-4411364",0.00167953551800682,26,1.31849676143946,0.099929312473344,0.224063424585022,174249,8,8,1.02261072261072,0.836153297943445,0.981079525943554
"R-HSA-5357786",0.00145785467390839,23,1.34371917436388,0.100246774930215,0.224192765667604,89573,13,13,1.02261072261072,0.747615283223714,0.981079525943554
"R-HSA-187577",0.00160587067610827,25,1.32594146719137,0.100257597682374,0.224192765667604,72137,18,18,1.02261072261072,0.668409131536291,0.981079525943554
"R-HSA-203615",0.00109296205642956,18,1.40269203827187,0.100444188315227,0.224238545574502,138223,6,6,1.02261072261072,0.87442215328985,0.981079525943554
"R-HSA-180585",0.00102135616973935,17,1.41764214753856,0.100732427666428,0.224238545574502,87219,12,12,1.02261072261072,0.764543080252822,0.981079525943554
"R-HSA-168271",0.00168125131401378,26,1.31715117350766,0.100766392244228,0.224238545574502,79276,12,12,1.02261072261072,0.764543080252822,0.981079525943554
"R-HSA-1799339",0.00649749070553303,88,1.15353803052316,0.100819382289079,0.224238545574502,114883,43,43,1.02261072261072,0.381453276502518,0.981079525943554
"R-HSA-9020558",0.000531096057352426,10,1.60369521928922,0.101039578514057,0.22442705308015,87394,7,7,1.02261072261072,0.85507476531788,0.981079525943554
"R-HSA-170968",0.00053155360295428,10,1.60231480593068,0.101453229144758,0.224782434966156,65026,6,6,1.02261072261072,0.87442215328985,0.981079525943554
"R-HSA-5260271",0.00153437917581853,24,1.33221235780406,0.101606544230326,0.224782434966156,66276,15,15,1.02261072261072,0.71487024590326,0.981079525943554
"R-HSA-5602358",0.00153437917581853,24,1.33221235780406,0.101606544230326,0.224782434966156,66276,15,15,1.02261072261072,0.71487024590326,0.981079525943554
"R-HSA-6802952",0.00673987548811537,91,1.14996449235862,0.101774213037377,0.224853161337244,129565,42,42,1.02261072261072,0.390120638371983,0.981079525943554
"R-HSA-9634600",0.000533955717364016,10,1.59510644883459,0.103641032774469,0.228128707224081,18920,5,5,1.02261072261072,0.894204998507136,0.981079525943554
"R-HSA-2129379",0.00328712199012205,47,1.21780274367023,0.103732435325949,0.228128707224081,134390,22,22,1.02261072261072,0.611101728272464,0.981079525943554
"R-HSA-164378",0.00229001573728098,34,1.26454812541177,0.10379151011646,0.228128707224081,174198,11,11,1.02261072261072,0.781852142870286,0.981079525943554
"R-HSA-2173788",0.00367512066049453,52,1.20510989748922,0.103807510710294,0.228128707224081,132313,17,17,1.02261072261072,0.683552349043945,0.981079525943554
"R-HSA-1430728",0.169871697350056,2046,1.02583973026607,0.105146330634055,0.230764860742555,107444,963,982,1.0028249754319,0.312785801942388,0.981079525943554
"R-HSA-9854311",0.000468183537097454,9,1.63727368992032,0.105334368104217,0.230871756545884,220114,5,7,0.73043623043623,0.999651083273318,0.999976083314057
"R-HSA-166016",0.0110106061358238,144,1.11389992941368,0.105586074151396,0.231117734304971,103124,71,72,1.0084077959078,0.524612622424088,0.981079525943554
"R-HSA-163680",0.000744426694217013,13,1.48736078274552,0.106074528973753,0.231880599616766,38946,5,5,1.02261072261072,0.894204998507136,0.981079525943554
"R-HSA-5173214",0.00812109127371316,108,1.13267228973233,0.107319485211412,0.234134975965682,204414,26,26,1.02261072261072,0.55868453977437,0.981079525943554
"R-HSA-1679131",0.000817062058511389,14,1.45937836545202,0.107620128918963,0.234134975965682,75005,7,7,1.02261072261072,0.85507476531788,0.981079525943554
"R-HSA-392518",0.0028349525490895,41,1.23177950705921,0.107719853283356,0.234134975965682,64647,14,14,1.02261072261072,0.731060396230745,0.981079525943554
"R-HSA-380994",0.00067670994514257,12,1.51033608583364,0.107939216191746,0.234134975965682,78417,6,6,1.02261072261072,0.87442215328985,0.981079525943554
"R-HSA-381042",0.00067670994514257,12,1.51033608583364,0.107939216191746,0.234134975965682,78417,6,6,1.02261072261072,0.87442215328985,0.981079525943554
"R-HSA-8963889",0.00275865681998028,40,1.2349723270987,0.107953603885203,0.234134975965682,51495,9,9,1.02261072261072,0.8176484223102,0.981079525943554
"R-HSA-5654727",0.00192203468698962,29,1.28508450985917,0.108504281235271,0.235021691512214,233812,17,17,1.02261072261072,0.683552349043945,0.981079525943554
"R-HSA-5676590",0.00139963199607243,22,1.33876309144751,0.108778586540619,0.235308247908363,98093,14,14,1.02261072261072,0.731060396230745,0.981079525943554
"R-HSA-8934903",0.000540018196588586,10,1.57719908984534,0.109282809874807,0.235558460731505,46894,5,5,1.02261072261072,0.894204998507136,0.981079525943554
"R-HSA-975956",0.00494618234244589,68,1.17093746540291,0.109351781400115,0.235558460731505,123193,36,36,1.02261072261072,0.446396381413818,0.981079525943554
"R-HSA-5663213",0.00408222185974443,57,1.18925000975149,0.109442427675504,0.235558460731505,59794,21,22,0.976128417037508,0.915831507016112,0.98991050693131
"R-HSA-193639",0.00096256155990107,16,1.41574938146831,0.109462893641073,0.235558460731505,56425,11,11,1.02261072261072,0.781852142870286,0.981079525943554
"R-HSA-450302",0.00140214849688263,22,1.33636035135844,0.11021432768067,0.236867887116563,97578,12,12,1.02261072261072,0.764543080252822,0.981079525943554
"R-HSA-400685",0.00215366714792838,32,1.26551211441,0.110669531732727,0.2369554930183,73114,16,16,1.02261072261072,0.699036837100288,0.981079525943554
"R-HSA-418592",0.00245885006436523,36,1.246996876227,0.110790321473911,0.2369554930183,70424,11,11,1.02261072261072,0.781852142870286,0.981079525943554
"R-HSA-8978868",0.012495799159443,162,1.10419528964308,0.110813507471056,0.2369554930183,86029,82,85,0.986518579459756,0.881273875036061,0.981079525943554
"R-HSA-1296065",0.00330679645100178,47,1.21055717751743,0.110827101441873,0.2369554930183,96006,18,18,1.02261072261072,0.668409131536291,0.981079525943554
"R-HSA-428930",0.00246056586037218,36,1.24612732329392,0.1115283774966,0.238147579267869,69438,11,11,1.02261072261072,0.781852142870286,0.981079525943554
"R-HSA-5368286",0.00323164458589721,46,1.21235316984764,0.111724079965539,0.238258430505661,93001,26,27,0.984736251402918,0.880815863347978,0.981079525943554
"R-HSA-9825892",0.00215629803513904,32,1.26396807013482,0.111882344307513,0.238289260305333,132560,10,10,1.02261072261072,0.799551012848913,0.981079525943554
"R-HSA-6781823",0.00246193849717774,36,1.24543255361128,0.112121097902275,0.238491218516136,157748,13,13,1.02261072261072,0.747615283223714,0.981079525943554
"R-HSA-8854050",0.00125950865550454,20,1.35245788814093,0.113152615232912,0.240216813049191,95279,13,13,1.02261072261072,0.747615283223714,0.981079525943554
"R-HSA-9748787",0.00185683443872538,28,1.28433926747044,0.113531889125763,0.240216813049191,95362,9,11,0.836681500317864,0.998459384181461,0.999976083314057
"R-HSA-69601",0.00104114501701955,17,1.39069729019686,0.113796569221272,0.240216813049191,95516,12,12,1.02261072261072,0.764543080252822,0.981079525943554
"R-HSA-69610",0.00104114501701955,17,1.39069729019686,0.113796569221272,0.240216813049191,95516,12,12,1.02261072261072,0.764543080252822,0.981079525943554
"R-HSA-69613",0.00104114501701955,17,1.39069729019686,0.113796569221272,0.240216813049191,95516,12,12,1.02261072261072,0.764543080252822,0.981079525943554
"R-HSA-9018677",0.00133431736140772,21,1.3404637373884,0.113802171541107,0.240216813049191,42807,11,11,1.02261072261072,0.781852142870286,0.981079525943554
"R-HSA-3214842",0.00200965466974473,30,1.27143666170412,0.114325707596317,0.241014882299106,93547,15,15,1.02261072261072,0.71487024590326,0.981079525943554
"R-HSA-350562",0.00170927598212735,26,1.29555564131805,0.115079028298001,0.242046909618569,89618,13,13,1.02261072261072,0.747615283223714,0.981079525943554
"R-HSA-351202",0.00201125607935122,30,1.27042431379626,0.115107401798088,0.242046909618569,78444,16,16,1.02261072261072,0.699036837100288,0.981079525943554
"R-HSA-6791226",0.00815689421705826,108,1.12770066686477,0.115683983674604,0.242951027818529,108796,65,65,1.02261072261072,0.232534958560384,0.981079525943554
"R-HSA-112411",0.000686775948383366,12,1.48819924780011,0.116483305484156,0.243664754835779,65032,9,9,1.02261072261072,0.8176484223102,0.981079525943554
"R-HSA-69541",0.00104514854103578,17,1.38537011441083,0.116558245992166,0.243664754835779,93940,12,12,1.02261072261072,0.764543080252822,0.981079525943554
"R-HSA-5654688",0.0011914487472287,19,1.35822946582217,0.116605009167375,0.243664754835779,142708,9,9,1.02261072261072,0.8176484223102,0.981079525943554
"R-HSA-6782135",0.0030117939242062,43,1.21601271111232,0.11661204018393,0.243664754835779,141087,21,21,1.02261072261072,0.624953081851722,0.981079525943554
"R-HSA-499943",0.00126545674832864,20,1.3461008592895,0.116860079831281,0.24378567603527,69453,8,8,1.02261072261072,0.836153297943445,0.981079525943554
"R-HSA-6804114",0.000345790088601418,7,1.7241712974568,0.116974581710415,0.24378567603527,64105,5,5,1.02261072261072,0.894204998507136,0.981079525943554
"R-HSA-9633012",0.00528831206623247,72,1.15960567794495,0.117111284323521,0.24378567603527,121173,36,36,1.02261072261072,0.446396381413818,0.981079525943554
"R-HSA-212718",0.000346247634203272,7,1.72189290789954,0.117551664238293,0.244395367180491,131281,5,5,1.02261072261072,0.894204998507136,0.981079525943554
"R-HSA-9690406",0.00186552780516061,28,1.27835424175901,0.117976158065007,0.244751955091736,213506,10,10,1.02261072261072,0.799551012848913,0.981079525943554
"R-HSA-9772755",0.00216933808479189,32,1.25637026575859,0.11801859512269,0.244751955091736,171207,17,17,1.02261072261072,0.683552349043945,0.981079525943554
"R-HSA-5686938",0.000831017199367946,14,1.43487125456625,0.118378157367625,0.245190758447694,72121,8,8,1.02261072261072,0.836153297943445,0.981079525943554
"R-HSA-9830674",0.00317250681685754,45,1.2081055007831,0.118836319694624,0.245832436621713,133380,14,14,1.02261072261072,0.731060396230745,0.981079525943554
"R-HSA-9818030",0.00286503617241142,41,1.21884550257338,0.11990405220827,0.247731938290652,81754,7,7,1.02261072261072,0.85507476531788,0.981079525943554
"R-HSA-446353",0.0023273057038321,34,1.2442865167966,0.120446348413914,0.248515949633421,66206,15,15,1.02261072261072,0.71487024590326,0.981079525943554
"R-HSA-1483191",0.00149434393565628,23,1.31090790548589,0.12058347827717,0.248515949633421,78746,11,11,1.02261072261072,0.781852142870286,0.981079525943554
"R-HSA-72306",0.00569804415269303,77,1.15095893030736,0.120939184885902,0.248939415348992,82959,40,40,1.02261072261072,0.408047470221884,0.981079525943554
"R-HSA-399955",0.00202395296980268,30,1.26245454444894,0.121424298414434,0.249337134694876,205401,11,11,1.02261072261072,0.781852142870286,0.981079525943554
"R-HSA-5601884",0.00179689596488246,27,1.27978124887209,0.121650936093508,0.249337134694876,77656,10,11,0.929646111464293,0.976539712635186,0.999976083314057
"R-HSA-6807004",0.00127300625075924,20,1.33811787279358,0.121670822619436,0.249337134694876,195371,8,8,1.02261072261072,0.836153297943445,0.981079525943554
"R-HSA-9696273",0.00286938285562903,41,1.21699913505902,0.121734304144934,0.249337134694876,112532,23,23,1.02261072261072,0.597555826160392,0.981079525943554
"R-HSA-193634",0.000982236020780806,16,1.38739152731522,0.123651202011451,0.25295066880614,121935,5,5,1.02261072261072,0.894204998507136,0.981079525943554
"R-HSA-5654700",0.00150017764207992,23,1.30581020795026,0.124052522420095,0.253172674227037,287049,11,11,1.02261072261072,0.781852142870286,0.981079525943554
"R-HSA-168249",0.0822824845366745,1001,1.03614752175793,0.12414498393143,0.253172674227037,123552,446,453,1.00680879091475,0.20861847243309,0.981079525943554
"R-HSA-977225",0.00357617642409353,50,1.19081961731702,0.124218095441509,0.253172674227037,125433,32,32,1.02261072261072,0.488329079490694,0.981079525943554
"R-HSA-382556",0.00326424471002933,46,1.200245357064,0.124386032427103,0.253191577992118,79727,29,29,1.02261072261072,0.522329662645399,0.981079525943554
"R-HSA-8851708",0.00135181848067865,21,1.32310962063257,0.124621757121309,0.253191577992118,228505,6,6,1.02261072261072,0.87442215328985,0.981079525943554
"R-HSA-74752",0.00706885077584864,94,1.1325932051151,0.124685774074573,0.253191577992118,174461,43,43,1.02261072261072,0.381453276502518,0.981079525943554
"R-HSA-168638",0.0021840939304517,32,1.24788216665505,0.125213001427287,0.253950971071009,104166,19,19,1.02261072261072,0.653599701257848,0.981079525943554
"R-HSA-1638091",0.00611177976316982,82,1.1427232618875,0.125474493021616,0.25417021385919,141809,34,34,1.02261072261072,0.466894633215633,0.981079525943554
"R-HSA-5654689",0.00157784600799469,24,1.29551229285078,0.125631288107281,0.254177099381886,153182,12,12,1.02261072261072,0.764543080252822,0.981079525943554
"R-HSA-5654221",0.001504638711698,23,1.30193864050994,0.12674567181026,0.255920708204009,285663,11,11,1.02261072261072,0.781852142870286,0.981079525943554
"R-HSA-201451",0.0036613942924389,51,1.18636571608346,0.126868368084943,0.255920708204009,145905,15,15,1.02261072261072,0.71487024590326,0.981079525943554
"R-HSA-72689",0.00508195899979616,69,1.15641268190788,0.126975704632616,0.255920708204009,124662,37,37,1.02261072261072,0.436485543923055,0.981079525943554
"R-HSA-9662834",0.000558091247861832,10,1.52612357105142,0.127110888866566,0.255920708204009,58630,6,6,1.02261072261072,0.87442215328985,0.981079525943554
"R-HSA-449836",0.000489688180384608,9,1.56537285980936,0.12794578092015,0.257052991074194,22002,7,7,1.02261072261072,0.85507476531788,0.981079525943554
"R-HSA-216083",0.00941731796376651,123,1.11243024825841,0.12798353508522,0.257052991074194,103129,49,50,1.00215850815851,0.696493714790002,0.981079525943554
"R-HSA-2022928",0.0044532913428483,61,1.16665820171774,0.128613845322774,0.258006224818203,172962,21,21,1.02261072261072,0.624953081851722,0.981079525943554
"R-HSA-5625886",0.00106287843310763,17,1.36226073346661,0.129265352421254,0.258999623896032,66535,14,14,1.02261072261072,0.731060396230745,0.981079525943554
"R-HSA-420092",0.00343582431072471,48,1.1898855789582,0.130579722488346,0.261317149955543,83572,13,13,1.02261072261072,0.747615283223714,0.981079525943554
"R-HSA-6803529",0.000919552273326761,15,1.38934386798604,0.13146186788403,0.262368872881225,27590,8,8,1.02261072261072,0.836153297943445,0.981079525943554
"R-HSA-5654696",0.00189103597246399,28,1.26111053283617,0.131633885433326,0.262368872881225,269112,14,14,1.02261072261072,0.731060396230745,0.981079525943554
"R-HSA-5607761",0.00151276014613091,23,1.2949490266365,0.131738116319138,0.262368872881225,94506,15,15,1.02261072261072,0.71487024590326,0.981079525943554
"R-HSA-167044",0.000919895432528152,15,1.38882558502111,0.13173862536945,0.262368872881225,71008,8,9,0.908987308987309,0.984192303009408,0.999976083314057
"R-HSA-9659379",0.00757798464431206,100,1.1239349881749,0.13210017805386,0.262717609097703,113643,45,46,1.00038005472788,0.729420016703281,0.981079525943554
"R-HSA-9762292",0.000704277067654294,12,1.4512178469696,0.132230830408862,0.262717609097703,325110,5,5,1.02261072261072,0.894204998507136,0.981079525943554
"R-HSA-9669938",0.00106756827552664,17,1.35627630294351,0.132755845195997,0.263129707523645,141396,12,12,1.02261072261072,0.764543080252822,0.981079525943554
"R-HSA-9670439",0.00106756827552664,17,1.35627630294351,0.132755845195997,0.263129707523645,141396,12,12,1.02261072261072,0.764543080252822,0.981079525943554
"R-HSA-9824878",0.00063427259057058,11,1.47710596816517,0.133184577837362,0.263430943807075,80992,8,8,1.02261072261072,0.836153297943445,0.981079525943554
"R-HSA-9034015",0.000921840001336033,15,1.38589593680851,0.13331316422012,0.263430943807075,177222,7,7,1.02261072261072,0.85507476531788,0.981079525943554
"R-HSA-3229121",0.000634501363371507,11,1.47657338984602,0.1334111142908,0.263430943807075,134190,8,8,1.02261072261072,0.836153297943445,0.981079525943554
"R-HSA-110313",0.00166660985475444,25,1.27761786258749,0.133543749425433,0.263430943807075,141730,17,17,1.02261072261072,0.683552349043945,0.981079525943554
"R-HSA-5083635",0.00798794550357355,105,1.11956449648703,0.134062325014311,0.264139444172074,209645,25,25,1.02261072261072,0.571353715778605,0.981079525943554
"R-HSA-429914",0.00129210877963666,20,1.3183351457436,0.134365903717559,0.264423162066502,53105,15,15,1.02261072261072,0.71487024590326,0.981079525943554
"R-HSA-111465",0.00582261094279788,78,1.14096347650722,0.134668255335014,0.26443664942226,167070,23,24,0.980001942501943,0.902240330368788,0.984856539803084
"R-HSA-5696400",0.00204934675070559,30,1.24681126978564,0.134691932475792,0.26443664942226,146019,17,17,1.02261072261072,0.683552349043945,0.981079525943554
"R-HSA-3928663",0.00228109359804482,33,1.23215614183269,0.135424042264609,0.265559334949653,117226,23,23,1.02261072261072,0.597555826160392,0.981079525943554
"R-HSA-8866427",0.00085217868345371,14,1.39924022341259,0.135838556030889,0.265815796723033,61260,7,7,1.02261072261072,0.85507476531788,0.981079525943554
"R-HSA-3656237",0.00174690910787987,26,1.26764588450862,0.136197010513117,0.265815796723033,129946,9,9,1.02261072261072,0.8176484223102,0.981079525943554
"R-HSA-3656253",0.00174690910787987,26,1.26764588450862,0.136197010513117,0.265815796723033,129946,9,9,1.02261072261072,0.8176484223102,0.981079525943554
"R-HSA-379726",0.000852750615456028,14,1.39830176585162,0.136329386163424,0.265815796723033,168248,10,10,1.02261072261072,0.799551012848913,0.981079525943554
"R-HSA-5419276",0.00329318446934662,46,1.18969787268272,0.136360294285076,0.265815796723033,91901,26,27,0.984736251402918,0.880815863347978,0.981079525943554
"R-HSA-432722",0.00415954706645781,57,1.16714207314958,0.136744601916711,0.265815796723033,131378,26,26,1.02261072261072,0.55868453977437,0.981079525943554
"R-HSA-1912420",0.00243814612588132,35,1.22265302186533,0.136822698604857,0.265815796723033,42815,9,9,1.02261072261072,0.8176484223102,0.981079525943554
"R-HSA-8939243",0.00313784773751707,44,1.19430629826128,0.136838186243058,0.265815796723033,186531,17,17,1.02261072261072,0.683552349043945,0.981079525943554
"R-HSA-9620244",0.00243860367148317,35,1.22242362029455,0.137050659590843,0.265916795014083,143546,12,12,1.02261072261072,0.764543080252822,0.981079525943554
"R-HSA-6814122",0.00306098007640554,43,1.19647289550028,0.137388718319998,0.266260942989751,91028,16,16,1.02261072261072,0.699036837100288,0.981079525943554
"R-HSA-9694631",0.000568500410304019,10,1.49818046341245,0.138050714837275,0.266819659998527,93696,7,7,1.02261072261072,0.85507476531788,0.981079525943554
"R-HSA-8979227",0.00251810221980536,36,1.21765444041862,0.138108853158281,0.266819659998527,97757,20,20,1.02261072261072,0.639116738146024,0.981079525943554
"R-HSA-5621480",0.00290667282218016,41,1.2013861439123,0.138160089486262,0.266819659998527,84634,15,15,1.02261072261072,0.71487024590326,0.981079525943554
"R-HSA-629594",0.000783432456775095,13,1.41330763237083,0.139042275538513,0.267952564633181,70512,4,5,0.818088578088578,0.995345256034179,0.999976083314057
"R-HSA-5685938",0.00167576076679152,25,1.27064110975424,0.139070130105332,0.267952564633181,130785,15,15,1.02261072261072,0.71487024590326,0.981079525943554
"R-HSA-5099900",0.000856296593870399,14,1.39251130970128,0.139394498438744,0.267973097459819,118579,7,7,1.02261072261072,0.85507476531788,0.981079525943554
"R-HSA-5656169",0.00160049451528648,24,1.27717957172553,0.13940423054337,0.267973097459819,143886,16,16,1.02261072261072,0.699036837100288,0.981079525943554
"R-HSA-69563",0.00167781972199987,25,1.26908182832695,0.140331835752151,0.269131772964484,71654,18,18,1.02261072261072,0.668409131536291,0.981079525943554
"R-HSA-69580",0.00167781972199987,25,1.26908182832695,0.140331835752151,0.269131772964484,71654,18,18,1.02261072261072,0.668409131536291,0.981079525943554
"R-HSA-8876725",0.00107797743796883,17,1.34317983185184,0.14069420861244,0.269514801931576,140914,7,7,1.02261072261072,0.85507476531788,0.981079525943554
"R-HSA-199418",0.011422969109495,147,1.09605726321511,0.141501477654012,0.270748208398035,187435,60,60,1.02261072261072,0.260249203457191,0.981079525943554
"R-HSA-8964058",0.000232661938542932,5,1.8303728867158,0.141820606916268,0.271045842745393,45529,5,5,1.02261072261072,0.894204998507136,0.981079525943554
"R-HSA-8949613",0.00130320426048163,20,1.30711084054417,0.142080524734635,0.271229757471532,66822,13,13,1.02261072261072,0.747615283223714,0.981079525943554
"R-HSA-6802957",0.00882685536457348,115,1.10965185100287,0.142308531135648,0.271321659120494,136090,51,51,1.02261072261072,0.318669153574588,0.981079525943554
"R-HSA-432142",0.0003650070038793,7,1.63339700163331,0.142456151740996,0.271321659120494,96500,5,5,1.02261072261072,0.894204998507136,0.981079525943554
"R-HSA-8964038",0.000934880050988882,15,1.36656495225007,0.144144260098027,0.274221629141711,26427,10,10,1.02261072261072,0.799551012848913,0.981079525943554
"R-HSA-198725",0.00722121346126613,95,1.12049090099824,0.14516234238905,0.275739724696142,92514,38,38,1.02261072261072,0.426793636458128,0.981079525943554
"R-HSA-5632684",0.00529551840946168,71,1.1419439250985,0.14527506316218,0.275739724696142,159311,27,27,1.02261072261072,0.546294873483078,0.981079525943554
"R-HSA-400508",0.00378916390175672,52,1.16883945832371,0.146495524116976,0.277738081764106,121082,12,12,1.02261072261072,0.764543080252822,0.981079525943554
"R-HSA-2033519",0.00146117187952184,22,1.282378674413,0.147241928901048,0.278515840398443,295567,10,10,1.02261072261072,0.799551012848913,0.981079525943554
"R-HSA-5654699",0.00146117187952184,22,1.282378674413,0.147241928901048,0.278515840398443,295567,10,10,1.02261072261072,0.799551012848913,0.981079525943554
"R-HSA-1971475",0.00292657605586083,41,1.19321568508718,0.14745609756464,0.278602911818254,96285,16,16,1.02261072261072,0.699036837100288,0.981079525943554
"R-HSA-75205",0.000792812141613109,13,1.39658692455747,0.147720560886671,0.278784703176781,69225,7,7,1.02261072261072,0.85507476531788,0.981079525943554
"R-HSA-75035",0.00064925720903131,11,1.44301490371315,0.148458431261544,0.279499808564359,90074,6,6,1.02261072261072,0.87442215328985,0.981079525943554
"R-HSA-1538133",0.00146300206192925,22,1.28077444776792,0.148491661927778,0.279499808564359,103935,10,10,1.02261072261072,0.799551012848913,0.981079525943554
"R-HSA-190241",0.0016149072017449,24,1.26578102901145,0.14861069667785,0.279499808564359,281374,12,12,1.02261072261072,0.764543080252822,0.981079525943554
"R-HSA-5610785",0.001539183404638,23,1.27271855508826,0.148774188988392,0.279499808564359,137922,15,15,1.02261072261072,0.71487024590326,0.981079525943554
"R-HSA-111461",0.000508333163660173,9,1.50795706859673,0.149457869495248,0.28046623981158,168606,4,5,0.818088578088578,0.995345256034179,0.999976083314057
"R-HSA-948021",0.0131771989470046,168,1.08587814106968,0.150523257298474,0.281970431922183,143739,80,82,0.997668997668998,0.727959220767903,0.981079525943554
"R-HSA-2559582",0.00435388956084544,59,1.15416929113951,0.150599778063447,0.281970431922183,83939,36,36,1.02261072261072,0.446396381413818,0.981079525943554
"R-HSA-5654695",0.00184756914028783,27,1.24468076018646,0.150831188437283,0.282084965282819,276570,13,13,1.02261072261072,0.747615283223714,0.981079525943554
"R-HSA-8949215",0.00116582619352486,18,1.31502378587988,0.15118578159779,0.282379718807799,72858,11,12,0.937393162393162,0.972251831662388,0.999976083314057
"R-HSA-9617324",0.00246639956679582,35,1.20864711812724,0.151329626011663,0.282379718807799,134268,12,12,1.02261072261072,0.764543080252822,0.981079525943554
"R-HSA-2197563",0.00207977353322891,30,1.22857060331534,0.151693377825638,0.282595287885083,161818,8,8,1.02261072261072,0.836153297943445,0.981079525943554
"R-HSA-381771",0.00364366440036704,50,1.16876324843974,0.151786243945519,0.282595287885083,116772,10,10,1.02261072261072,0.799551012848913,0.981079525943554
"R-HSA-1483115",0.000304267825233137,6,1.67953915108869,0.152073578306646,0.282812479522012,41312,6,6,1.02261072261072,0.87442215328985,0.981079525943554
"R-HSA-76046",0.00139299758484554,21,1.28399650982392,0.152413264266915,0.283018157042686,49827,12,12,1.02261072261072,0.764543080252822,0.981079525943554
"R-HSA-5676594",0.00094471728142875,15,1.35233507140572,0.152624783513821,0.283018157042686,78584,7,7,1.02261072261072,0.85507476531788,0.981079525943554
"R-HSA-9823730",0.00239124770169125,34,1.21101427748116,0.152696579599373,0.283018157042686,196813,10,10,1.02261072261072,0.799551012848913,0.981079525943554
"R-HSA-3560782",0.00420084055702517,57,1.15566928108948,0.152927498020072,0.283129457228222,101889,22,22,1.02261072261072,0.611101728272464,0.981079525943554
"R-HSA-5675221",0.00357068587687128,49,1.16879769430687,0.154421594276565,0.285117310769916,88301,22,22,1.02261072261072,0.611101728272464,0.981079525943554
"R-HSA-75109",0.000873340167539473,14,1.36533590889637,0.154648114661666,0.285117310769916,137027,8,8,1.02261072261072,0.836153297943445,0.981079525943554
"R-HSA-1236382",0.000800132871242778,13,1.38380900273164,0.154689476392369,0.285117310769916,131301,7,7,1.02261072261072,0.85507476531788,0.981079525943554
"R-HSA-5637815",0.000800132871242778,13,1.38380900273164,0.154689476392369,0.285117310769916,131301,7,7,1.02261072261072,0.85507476531788,0.981079525943554
"R-HSA-8848021",0.00388879445656051,53,1.16079570511361,0.155123170584203,0.285282012938983,88021,32,32,1.02261072261072,0.488329079490694,0.981079525943554
"R-HSA-9006927",0.00388879445656051,53,1.16079570511361,0.155123170584203,0.285282012938983,88021,32,32,1.02261072261072,0.488329079490694,0.981079525943554
"R-HSA-209560",0.000948148873442658,15,1.34744062670284,0.155644789023181,0.285439952071505,60153,10,10,1.02261072261072,0.799551012848913,0.981079525943554
"R-HSA-9733458",0.00154959256708019,23,1.26416925350762,0.155814219973765,0.285439952071505,112664,9,10,0.92034965034965,0.980525107461781,0.999976083314057
"R-HSA-622323",0.000801619894448805,13,1.38124200543776,0.156125705008067,0.285439952071505,59610,4,5,0.818088578088578,0.995345256034179,0.999976083314057
"R-HSA-6782210",0.00294464910713407,41,1.18589221547432,0.156213317989695,0.285439952071505,142867,19,19,1.02261072261072,0.653599701257848,0.981079525943554
"R-HSA-6807878",0.00620935136276526,82,1.12476690380058,0.156229212352917,0.285439952071505,123975,40,42,0.973914973914974,0.934840807243411,0.999976083314057
"R-HSA-68867",0.00341683616824775,47,1.17157100347666,0.156242629166478,0.285439952071505,71337,34,34,1.02261072261072,0.466894633215633,0.981079525943554
"R-HSA-1445148",0.00734154795455383,96,1.11372637609197,0.157212848825316,0.286830937693192,129709,36,37,0.994972594972595,0.803186531081259,0.981079525943554
"R-HSA-1362277",0.00124887072026142,19,1.29577927422639,0.157412941225659,0.286830937693192,104837,7,7,1.02261072261072,0.85507476531788,0.981079525943554
"R-HSA-1482922",0.000375759325522877,7,1.58665748316953,0.157779705935722,0.286830937693192,28697,6,6,1.02261072261072,0.87442215328985,0.981079525943554
"R-HSA-8963693",0.00109936769485552,17,1.31704575334219,0.157821463327083,0.286830937693192,101572,7,7,1.02261072261072,0.85507476531788,0.981079525943554
"R-HSA-4755510",0.00044507748420381,8,1.530908641102,0.15793322687832,0.286830937693192,40947,6,6,1.02261072261072,0.87442215328985,0.981079525943554
"R-HSA-174178",0.00209098340047434,30,1.22198417447919,0.158256506111554,0.286830937693192,83506,19,19,1.02261072261072,0.653599701257848,0.981079525943554
"R-HSA-977443",0.0070218379652581,92,1.11591710800448,0.158313272902484,0.286830937693192,167700,34,34,1.02261072261072,0.466894633215633,0.981079525943554
"R-HSA-76061",0.0011000540132583,17,1.31622405483745,0.158388840065945,0.286830937693192,52242,10,10,1.02261072261072,0.799551012848913,0.981079525943554
"R-HSA-2467813",0.0111677730500608,143,1.09059717833483,0.158737074538076,0.287147742914402,156211,69,70,1.008001998002,0.539254131402607,0.981079525943554
"R-HSA-181431",0.000878716328361262,14,1.35698251294244,0.159635641519118,0.288144071892352,65557,5,6,0.852175602175602,0.993119224593568,0.999976083314057
"R-HSA-622327",0.000878716328361262,14,1.35698251294244,0.159635641519118,0.288144071892352,65557,5,6,0.852175602175602,0.993119224593568,0.999976083314057
"R-HSA-418555",0.0157701098727131,199,1.07476439157218,0.161357643793729,0.29093538168249,138356,82,82,1.02261072261072,0.158493585075994,0.981079525943554
"R-HSA-425393",0.00938540415803717,121,1.09806311429902,0.161778602108745,0.291183483279636,121235,49,50,1.00215850815851,0.696493714790002,0.981079525943554
"R-HSA-211733",0.00102947760417227,16,1.32372567167287,0.161846703742031,0.291183483279636,93185,12,12,1.02261072261072,0.764543080252822,0.981079525943554
"R-HSA-446652",0.00800636171404818,104,1.10635128429383,0.162445675601982,0.291944126325904,111531,57,58,1.00497950325537,0.631634626947571,0.981079525943554
"R-HSA-379716",0.00103050708177644,16,1.32240326840446,0.162741940707785,0.292159692039869,90534,8,8,1.02261072261072,0.836153297943445,0.981079525943554
"R-HSA-5619084",0.00233222431905204,33,1.20514286038685,0.163116832916521,0.292515792362203,110517,23,23,1.02261072261072,0.597555826160392,0.981079525943554
"R-HSA-1296041",0.0031195459134429,43,1.17401051201186,0.164904573585378,0.294764701651533,98493,15,15,1.02261072261072,0.71487024590326,0.981079525943554
"R-HSA-1296059",0.0031195459134429,43,1.17401051201186,0.164904573585378,0.294764701651533,98493,15,15,1.02261072261072,0.71487024590326,0.981079525943554
"R-HSA-997272",0.0031195459134429,43,1.17401051201186,0.164904573585378,0.294764701651533,98493,15,15,1.02261072261072,0.71487024590326,0.981079525943554
"R-HSA-399954",0.00218180620244242,31,1.21015342349772,0.166155915324017,0.296681413461094,199608,12,12,1.02261072261072,0.764543080252822,0.981079525943554
"R-HSA-5621575",0.0011855006544046,18,1.29319977090773,0.166945244302452,0.297769935209002,85717,10,10,1.02261072261072,0.799551012848913,0.981079525943554
"R-HSA-8856828",0.0143988457039556,182,1.07656094851015,0.167258307519115,0.298007543612014,144808,68,68,1.02261072261072,0.217337130475123,0.981079525943554
"R-HSA-9762114",0.00118721645041155,18,1.29133080505711,0.168359352780568,0.298569424717001,95925,13,13,1.02261072261072,0.747615283223714,0.981079525943554
"R-HSA-9709570",0.00133866404462534,20,1.27248686715541,0.168376074278374,0.298569424717001,153025,13,13,1.02261072261072,0.747615283223714,0.981079525943554
"R-HSA-196299",0.000888782331602057,14,1.3416138564252,0.169195346897564,0.298569424717001,241789,6,6,1.02261072261072,0.87442215328985,0.981079525943554
"R-HSA-4839743",0.000888782331602057,14,1.3416138564252,0.169195346897564,0.298569424717001,241789,6,6,1.02261072261072,0.87442215328985,0.981079525943554
"R-HSA-5339716",0.000888782331602057,14,1.3416138564252,0.169195346897564,0.298569424717001,241789,6,6,1.02261072261072,0.87442215328985,0.981079525943554
"R-HSA-5358747",0.000888782331602057,14,1.3416138564252,0.169195346897564,0.298569424717001,241789,6,6,1.02261072261072,0.87442215328985,0.981079525943554
"R-HSA-5358749",0.000888782331602057,14,1.3416138564252,0.169195346897564,0.298569424717001,241789,6,6,1.02261072261072,0.87442215328985,0.981079525943554
"R-HSA-5358751",0.000888782331602057,14,1.3416138564252,0.169195346897564,0.298569424717001,241789,6,6,1.02261072261072,0.87442215328985,0.981079525943554
"R-HSA-5358752",0.000888782331602057,14,1.3416138564252,0.169195346897564,0.298569424717001,241789,6,6,1.02261072261072,0.87442215328985,0.981079525943554
"R-HSA-5654733",0.00126431288432401,19,1.27995278349803,0.169570065919086,0.298785068348268,150492,15,15,1.02261072261072,0.71487024590326,0.981079525943554
"R-HSA-606279",0.00195497797032313,28,1.2198630465653,0.169858499930035,0.298785068348268,57849,19,19,1.02261072261072,0.653599701257848,0.981079525943554
"R-HSA-774815",0.00195497797032313,28,1.2198630465653,0.169858499930035,0.298785068348268,57849,19,19,1.02261072261072,0.653599701257848,0.981079525943554
"R-HSA-111957",0.00111458108611717,17,1.29906883573191,0.170652707462486,0.299863771225174,148579,6,6,1.02261072261072,0.87442215328985,0.981079525943554
"R-HSA-5625970",0.000597783328822696,10,1.42479083489473,0.171332146726777,0.300498387511652,60382,5,5,1.02261072261072,0.894204998507136,0.981079525943554
"R-HSA-9018678",0.00164865118988165,24,1.23987348696203,0.171480184806141,0.300498387511652,48293,12,12,1.02261072261072,0.764543080252822,0.981079525943554
"R-HSA-1236978",0.00134289634144249,20,1.26847647413286,0.171677511281855,0.300498387511652,97359,13,13,1.02261072261072,0.747615283223714,0.981079525943554
"R-HSA-421270",0.0139248284604345,176,1.07650915098874,0.171739271559164,0.300498387511652,240619,52,52,1.02261072261072,0.311581934063701,0.981079525943554
"R-HSA-3785653",0.00045560103304646,8,1.49554745732561,0.172249159773664,0.301072634752069,61107,5,5,1.02261072261072,0.894204998507136,0.981079525943554
"R-HSA-392170",0.00250517655655298,35,1.18993877727316,0.172644341114657,0.301445388015791,65669,9,9,1.02261072261072,0.8176484223102,0.981079525943554
"R-HSA-349425",0.000967937720722858,15,1.31989309320962,0.173668147147858,0.302913810341054,97828,11,11,1.02261072261072,0.781852142870286,0.981079525943554
"R-HSA-192823",0.00465175174765262,62,1.13519396069519,0.174362921566225,0.303486723776507,129564,32,32,1.02261072261072,0.488329079490694,0.981079525943554
"R-HSA-72764",0.00465175174765262,62,1.13519396069519,0.174362921566225,0.303486723776507,129564,32,32,1.02261072261072,0.488329079490694,0.981079525943554
"R-HSA-186763",0.00274481606552419,38,1.17913969961692,0.174889224195522,0.304083362530934,94282,17,17,1.02261072261072,0.683552349043945,0.981079525943554
"R-HSA-1474151",0.00142376752657025,21,1.25624724806264,0.175256474068315,0.304402492171067,112672,9,9,1.02261072261072,0.8176484223102,0.981079525943554
"R-HSA-5654743",0.00165517121470808,24,1.2349893965158,0.176106543530897,0.305558683382928,158015,18,18,1.02261072261072,0.668409131536291,0.981079525943554
"R-HSA-3906995",0.0129604367181261,164,1.07775271139432,0.177037049667526,0.306614269775798,155557,41,41,1.02261072261072,0.398983901499301,0.981079525943554
"R-HSA-5578749",0.00465827177247904,62,1.13360506825438,0.177102155863515,0.306614269775798,91331,28,28,1.02261072261072,0.534178581559478,0.981079525943554
"R-HSA-174084",0.00196641661036949,28,1.21276710655853,0.177281414547584,0.306614269775798,88750,17,17,1.02261072261072,0.683552349043945,0.981079525943554
"R-HSA-448424",0.00618956251548506,81,1.11460240830136,0.177617229154556,0.306614269775798,86316,38,38,1.02261072261072,0.426793636458128,0.981079525943554
"R-HSA-5576886",0.00243574401147158,34,1.18889139995978,0.177837096040093,0.306614269775798,185966,11,11,1.02261072261072,0.781852142870286,0.981079525943554
"R-HSA-3772470",0.00181222374254458,26,1.22195846419338,0.177908160049854,0.306614269775798,102333,10,10,1.02261072261072,0.799551012848913,0.981079525943554
"R-HSA-9648895",0.00082346769693735,13,1.34459563468646,0.178010215766033,0.306614269775798,98247,6,6,1.02261072261072,0.87442215328985,0.981079525943554
"R-HSA-9768919",0.00181268128814643,26,1.22165002512877,0.178222259176793,0.306660730483848,150907,13,14,0.9495670995671,0.962828814132309,0.999976083314057
"R-HSA-6790901",0.00235853319115866,33,1.19169978080545,0.178528064074665,0.306868259514232,59370,23,23,1.02261072261072,0.597555826160392,0.981079525943554
"R-HSA-196025",0.00104880890585061,16,1.29932719435661,0.179085751967924,0.306893101146967,81841,6,6,1.02261072261072,0.87442215328985,0.981079525943554
"R-HSA-389513",0.00127609468357176,19,1.26813536357151,0.17916812031968,0.306893101146967,173186,10,10,1.02261072261072,0.799551012848913,0.981079525943554
"R-HSA-9006335",0.00283163534347605,39,1.17306531699953,0.179281567818138,0.306893101146967,178773,12,12,1.02261072261072,0.764543080252822,0.981079525943554
"R-HSA-5696397",0.000973885813546964,15,1.31183173064832,0.179283356614523,0.306893101146967,171127,10,10,1.02261072261072,0.799551012848913,0.981079525943554
"R-HSA-2029481",0.00166031860272894,24,1.23116063159378,0.17980530463228,0.307468926497097,92027,8,8,1.02261072261072,0.836153297943445,0.981079525943554
"R-HSA-430116",0.00135341989028514,20,1.25861340486137,0.180032686252663,0.307540372289343,94622,11,11,1.02261072261072,0.781852142870286,0.981079525943554
"R-HSA-9614399",0.00158436603282112,23,1.23642342627014,0.180641844279998,0.308263167839296,214971,7,7,1.02261072261072,0.85507476531788,0.981079525943554
"R-HSA-438066",0.00252027556141417,35,1.18280983801841,0.181373166774968,0.309192733895186,138721,11,12,0.937393162393162,0.972251831662388,0.999976083314057
"R-HSA-210991",0.00197339418079777,28,1.2084789780227,0.181893695316673,0.309761411243295,77900,13,13,1.02261072261072,0.747615283223714,0.981079525943554
"R-HSA-9693928",0.000827814380154966,13,1.33753543928532,0.182534304455104,0.310162210018171,47816,5,5,1.02261072261072,0.894204998507136,0.981079525943554
"R-HSA-418217",0.0022085726201509,31,1.19548717628939,0.182584463410364,0.310162210018171,71211,7,7,1.02261072261072,0.85507476531788,0.981079525943554
"R-HSA-5610787",0.00839653372602947,108,1.09551576260645,0.182690595641361,0.310162210018171,179545,43,43,1.02261072261072,0.381453276502518,0.981079525943554
"R-HSA-205043",0.00105372752107055,16,1.2932621629457,0.183613708045742,0.311410352335511,91878,9,9,1.02261072261072,0.8176484223102,0.981079525943554
"R-HSA-9706369",0.000829187016960529,13,1.33532128212275,0.183974341265201,0.311626708335561,161021,6,6,1.02261072261072,0.87442215328985,0.981079525943554
"R-HSA-8964315",0.00228932941887819,32,1.1905197406871,0.184117409451125,0.311626708335561,69139,8,8,1.02261072261072,0.836153297943445,0.981079525943554
"R-HSA-9683701",0.00174393506146782,25,1.22096892679389,0.18432719690096,0.311663433943766,84203,15,15,1.02261072261072,0.71487024590326,0.981079525943554
"R-HSA-912526",0.000904796427666959,14,1.31786847843537,0.184982010255099,0.312451774712232,124189,10,10,1.02261072261072,0.799551012848913,0.981079525943554
"R-HSA-8854691",0.000906169064472522,14,1.31587221212116,0.186367280152117,0.314233997348396,54075,11,11,1.02261072261072,0.781852142870286,0.981079525943554
"R-HSA-450520",0.000610137060072763,10,1.39594242653916,0.186416426912175,0.314233997348396,174993,5,5,1.02261072261072,0.894204998507136,0.981079525943554
"R-HSA-174154",0.00205987029954824,29,1.19909345952708,0.187533160663725,0.315795169938814,85954,18,18,1.02261072261072,0.668409131536291,0.981079525943554
"R-HSA-913709",0.00882136481735123,113,1.09103221003522,0.188069536515376,0.316376875132973,106905,38,38,1.02261072261072,0.426793636458128,0.981079525943554
"R-HSA-9711097",0.00996934673240377,127,1.08500548069681,0.189019801675993,0.317652952715133,134349,58,59,1.00527833748173,0.623676346320775,0.981079525943554
"R-HSA-9614085",0.00744060657735529,96,1.09889906331224,0.189822306981876,0.318199235112322,162217,33,34,0.992533936651584,0.82721252261429,0.981079525943554
"R-HSA-77286",0.000540132582989049,9,1.41917857112323,0.189920967728477,0.318199235112322,24587,6,6,1.02261072261072,0.87442215328985,0.981079525943554
"R-HSA-3322077",0.000540132582989049,9,1.41917857112323,0.189920967728477,0.318199235112322,160528,6,6,1.02261072261072,0.87442215328985,0.981079525943554
"R-HSA-1169410",0.0104655549376148,133,1.08239129564039,0.190385207650773,0.318654837451849,92353,67,68,1.00757232963115,0.554129263122582,0.981079525943554
"R-HSA-450294",0.00557965422821322,73,1.11432143736171,0.191773442204946,0.32065448409041,93383,34,34,1.02261072261072,0.466894633215633,0.981079525943554
"R-HSA-8941858",0.00175491615591232,25,1.21332891786597,0.192265598843472,0.32115332387463,90556,15,15,1.02261072261072,0.71487024590326,0.981079525943554
"R-HSA-190377",0.000912460316498019,14,1.30679950663455,0.192779645012842,0.321687685585376,342333,5,5,1.02261072261072,0.894204998507136,0.981079525943554
"R-HSA-425561",0.00129256632523851,19,1.25197505451361,0.193040351887592,0.321798655007787,166923,7,7,1.02261072261072,0.85507476531788,0.981079525943554
"R-HSA-76066",0.00106459422911459,16,1.28006135651185,0.193814589841466,0.322764598359104,51581,9,9,1.02261072261072,0.8176484223102,0.981079525943554
"R-HSA-6783589",0.002227103217026,31,1.18554013352828,0.194447921492237,0.323457191449045,75474,17,17,1.02261072261072,0.683552349043945,0.981079525943554
"R-HSA-112409",0.00309884197495899,42,1.15436931059287,0.195513097862358,0.323457191449045,95184,18,18,1.02261072261072,0.668409131536291,0.981079525943554
"R-HSA-6806003",0.00286057510279334,39,1.16119769363098,0.195525244109641,0.323457191449045,187527,15,15,1.02261072261072,0.71487024590326,0.981079525943554
"R-HSA-2142789",0.000840168111405033,13,1.31786847843537,0.195687239582313,0.323457191449045,77508,8,8,1.02261072261072,0.836153297943445,0.981079525943554
"R-HSA-425986",0.00137252241916256,20,1.24109624188013,0.195719082831066,0.323457191449045,139517,5,5,1.02261072261072,0.894204998507136,0.981079525943554
"R-HSA-3371378",0.000544479266206666,9,1.40784899429493,0.195792132180683,0.323457191449045,66876,5,5,1.02261072261072,0.894204998507136,0.981079525943554
"R-HSA-5218900",0.000544479266206666,9,1.40784899429493,0.195792132180683,0.323457191449045,66876,5,5,1.02261072261072,0.894204998507136,0.981079525943554
"R-HSA-69416",0.000544479266206666,9,1.40784899429493,0.195792132180683,0.323457191449045,66876,5,5,1.02261072261072,0.894204998507136,0.981079525943554
"R-HSA-165159",0.00246594202119397,34,1.17433219550717,0.196109016243035,0.323478827380721,136899,15,15,1.02261072261072,0.71487024590326,0.981079525943554
"R-HSA-5610780",0.00129634107645381,19,1.24832949051476,0.196291956244159,0.323478827380721,91350,14,14,1.02261072261072,0.731060396230745,0.981079525943554
"R-HSA-190375",0.0013733231239658,20,1.24037263087787,0.196390887353655,0.323478827380721,319374,9,9,1.02261072261072,0.8176484223102,0.981079525943554
"R-HSA-611105",0.00909406199605641,116,1.08641309229406,0.196821320436798,0.323865866895506,162705,53,54,1.00367348700682,0.663833645060766,0.981079525943554
"R-HSA-8854214",0.00207519807721036,29,1.19023674452451,0.197839568722595,0.325218418029107,101860,17,18,0.965799015799016,0.940987046674061,0.999976083314057
"R-HSA-5654712",0.000842455839414305,13,1.31428974529638,0.198169711967935,0.325438268316025,206224,9,9,1.02261072261072,0.8176484223102,0.981079525943554
"R-HSA-392851",0.00246971677240927,34,1.17253732901411,0.19845944216954,0.325591381856365,66342,9,9,1.02261072261072,0.8176484223102,0.981079525943554
"R-HSA-5576890",0.000918294022921662,14,1.29849771604681,0.198816886381487,0.32585517382208,65290,7,7,1.02261072261072,0.85507476531788,0.981079525943554
"R-HSA-2586552",0.00223511026505846,31,1.18129306037848,0.199694725820265,0.326970514510059,176598,9,9,1.02261072261072,0.8176484223102,0.981079525943554
"R-HSA-9703648",0.000475046721125269,8,1.43432832230385,0.200142007275182,0.3273793741905,161889,6,6,1.02261072261072,0.87442215328985,0.981079525943554
"R-HSA-419037",0.00592510115761325,77,1.10685279936545,0.200442859830887,0.327427390666096,149870,23,23,1.02261072261072,0.597555826160392,0.981079525943554
"R-HSA-180534",0.00107202934514472,16,1.27118342350147,0.200946896356502,0.327427390666096,94363,12,12,1.02261072261072,0.764543080252822,0.981079525943554
"R-HSA-5358351",0.0113228810090894,143,1.07565749096038,0.200969463636811,0.327427390666096,162119,58,58,1.02261072261072,0.272233725687694,0.981079525943554
"R-HSA-1839117",0.00184516702587809,26,1.20014183548544,0.201264427549595,0.327427390666096,203366,12,12,1.02261072261072,0.764543080252822,0.981079525943554
"R-HSA-982772",0.0021592720815511,30,1.18333796204268,0.201591735934206,0.327427390666096,185298,13,13,1.02261072261072,0.747615283223714,0.981079525943554
"R-HSA-69017",0.00216007278635434,30,1.18289931738401,0.202132751513222,0.327427390666096,86104,19,19,1.02261072261072,0.653599701257848,0.981079525943554
"R-HSA-4420332",0.00255470586795371,35,1.16686886187246,0.202146273030833,0.327427390666096,99832,13,13,1.02261072261072,0.747615283223714,0.981079525943554
"R-HSA-111453",0.00084611620422914,13,1.30860402515991,0.202171299759672,0.327427390666096,129344,6,6,1.02261072261072,0.87442215328985,0.981079525943554
"R-HSA-5602498",0.000622833950524221,10,1.36748519800916,0.202515405183102,0.327427390666096,62491,6,6,1.02261072261072,0.87442215328985,0.981079525943554
"R-HSA-5603041",0.000622833950524221,10,1.36748519800916,0.202515405183102,0.327427390666096,62491,6,6,1.02261072261072,0.87442215328985,0.981079525943554
"R-HSA-6804116",0.00084645936343053,13,1.30807351001457,0.202548301594439,0.327427390666096,70955,8,8,1.02261072261072,0.836153297943445,0.981079525943554
"R-HSA-166166",0.00886666183193481,113,1.08545846617695,0.202740194824028,0.327427390666096,93666,57,57,1.02261072261072,0.278430292950795,0.981079525943554
"R-HSA-937061",0.00886666183193481,113,1.08545846617695,0.202740194824028,0.327427390666096,93666,57,57,1.02261072261072,0.278430292950795,0.981079525943554
"R-HSA-5654228",0.000846916909032385,13,1.30736682524417,0.203051461618319,0.32761078081943,203771,9,9,1.02261072261072,0.8176484223102,0.981079525943554
"R-HSA-3928664",0.00239936913612416,33,1.17141770501657,0.203945616640711,0.328733352892663,159507,13,13,1.02261072261072,0.747615283223714,0.981079525943554
"R-HSA-5663220",0.0122432339872194,154,1.07132066734553,0.205244824856567,0.330506000765142,154939,68,69,1.00779027735549,0.54666304653621,0.981079525943554
"R-HSA-168164",0.00863011075577611,110,1.08560348237516,0.205774219138691,0.331036777779428,95070,54,54,1.02261072261072,0.297874519361846,0.981079525943554
"R-HSA-76071",0.00100099539045683,15,1.27630389152552,0.205975584247422,0.331039324052355,45303,7,7,1.02261072261072,0.85507476531788,0.981079525943554
"R-HSA-5368287",0.00367900979811029,49,1.13438388289287,0.206761254349379,0.331394188847574,88427,29,30,0.988523698523699,0.85836473206141,0.981079525943554
"R-HSA-8964616",0.00240451652414502,33,1.16891003189323,0.207274057925439,0.331394188847574,70235,8,8,1.02261072261072,0.836153297943445,0.981079525943554
"R-HSA-5358346",0.00232616183982747,32,1.17166906422657,0.207741639298927,0.331394188847574,124847,18,18,1.02261072261072,0.668409131536291,0.981079525943554
"R-HSA-416476",0.019202045045822,238,1.0556607749759,0.207814228679776,0.331394188847574,130787,100,100,1.02261072261072,0.105531739659288,0.981079525943554
"R-HSA-5637810",0.000701417407642705,11,1.33570655470904,0.208075906413824,0.331394188847574,150865,5,5,1.02261072261072,0.894204998507136,0.981079525943554
"R-HSA-5637812",0.000701417407642705,11,1.33570655470904,0.208075906413824,0.331394188847574,150865,5,5,1.02261072261072,0.894204998507136,0.981079525943554
"R-HSA-9665348",0.000701417407642705,11,1.33570655470904,0.208075906413824,0.331394188847574,150865,5,5,1.02261072261072,0.894204998507136,0.981079525943554
"R-HSA-446203",0.0218613000837995,270,1.0519199467623,0.208103373951663,0.331394188847574,129504,131,133,1.00723311775943,0.432572971088674,0.981079525943554
"R-HSA-5617833",0.0147302231060986,184,1.06390637244628,0.208177649803573,0.331394188847574,147591,78,80,0.997045454545454,0.739964877952948,0.981079525943554
"R-HSA-5423646",0.000851721137851855,13,1.29999247570613,0.208368231720869,0.331394188847574,67705,8,8,1.02261072261072,0.836153297943445,0.981079525943554
"R-HSA-4791275",0.00344165801714835,46,1.13837416094574,0.208396345672403,0.331394188847574,172849,16,17,0.962457150692445,0.946788646001783,0.999976083314057
"R-HSA-5654716",0.00123331416979838,18,1.2430645915125,0.20862112205675,0.331433556326016,200774,12,12,1.02261072261072,0.764543080252822,0.981079525943554
"R-HSA-9683610",0.000553973337445143,9,1.38372108462603,0.208877048908234,0.331522289311249,103540,6,6,1.02261072261072,0.87442215328985,0.981079525943554
"R-HSA-174143",0.00232970781824184,32,1.16988570187615,0.210092900245038,0.332814470082245,81566,21,21,1.02261072261072,0.624953081851722,0.981079525943554
"R-HSA-453276",0.00232970781824184,32,1.16988570187615,0.210092900245038,0.332814470082245,81566,21,21,1.02261072261072,0.624953081851722,0.981079525943554
"R-HSA-2299718",0.00138979476563256,20,1.22567191821562,0.210457821296555,0.3330741259679,37623,17,17,1.02261072261072,0.683552349043945,0.981079525943554
"R-HSA-2142691",0.00100625716487816,15,1.26963002782083,0.211356398122461,0.334177053138281,59969,9,9,1.02261072261072,0.8176484223102,0.981079525943554
"R-HSA-888590",0.00193884948785777,27,1.18608163059184,0.212486790667521,0.335244901735544,59664,9,11,0.836681500317864,0.998459384181461,0.999976083314057
"R-HSA-3560783",0.00257163505522232,35,1.15918731256381,0.21278851645952,0.335244901735544,99772,13,13,1.02261072261072,0.747615283223714,0.981079525943554
"R-HSA-156842",0.0048195565971327,63,1.11334144609833,0.212841060124196,0.335244901735544,129492,33,33,1.02261072261072,0.477492218197947,0.981079525943554
"R-HSA-156902",0.0048195565971327,63,1.11334144609833,0.212841060124196,0.335244901735544,129492,33,33,1.02261072261072,0.477492218197947,0.981079525943554
"R-HSA-1660517",0.000705764090860321,11,1.32748016101716,0.213455711054286,0.335893744745443,86970,6,6,1.02261072261072,0.87442215328985,0.981079525943554
"R-HSA-451927",0.00202052137778877,28,1.18029208156973,0.214657177905929,0.337379634396293,127165,21,21,1.02261072261072,0.624953081851722,0.981079525943554
"R-HSA-2562578",0.000781945433569068,12,1.30707259856522,0.214807190276457,0.337379634396293,62682,6,6,1.02261072261072,0.87442215328985,0.981079525943554
"R-HSA-171007",0.00063267118096409,10,1.34622254622308,0.215378437279937,0.337956506224296,62866,5,5,1.02261072261072,0.894204998507136,0.981079525943554
"R-HSA-418886",0.0013189895837456,19,1.22689429503111,0.216347159250331,0.339155385882495,171483,8,8,1.02261072261072,0.836153297943445,0.981079525943554
"R-HSA-174113",0.00116548303432347,17,1.24233258763095,0.2172579449107,0.340226218305712,89262,13,13,1.02261072261072,0.747615283223714,0.981079525943554
"R-HSA-392517",0.00147615649798257,21,1.21166288234295,0.217959300581423,0.340226218305712,125900,11,11,1.02261072261072,0.781852142870286,0.981079525943554
"R-HSA-2187335",0.000414193156078642,7,1.43942828837667,0.218043401902715,0.340226218305712,112533,4,5,0.818088578088578,0.995345256034179,0.999976083314057
"R-HSA-2022870",0.00297862186807176,40,1.14377218174499,0.218073460471276,0.340226218305712,80096,13,14,0.9495670995671,0.962828814132309,0.999976083314057
"R-HSA-75067",0.00163252270741629,23,1.19995101438255,0.21817473935832,0.340226218305712,102878,12,12,1.02261072261072,0.764543080252822,0.981079525943554
"R-HSA-3560801",0.00258032842165756,35,1.15528190269791,0.218359311821071,0.340226218305712,99770,13,13,1.02261072261072,0.747615283223714,0.981079525943554
"R-HSA-5579029",0.00210470976852997,29,1.17354755538933,0.218467529437101,0.340226218305712,176249,13,13,1.02261072261072,0.747615283223714,0.981079525943554
"R-HSA-73856",0.0032210066506541,43,1.13702953526714,0.219409825961842,0.341322552328,89340,23,24,0.980001942501943,0.902240330368788,0.984856539803084
"R-HSA-450321",0.0021853521808568,30,1.16921594920071,0.219583488703469,0.341322552328,127610,15,15,1.02261072261072,0.71487024590326,0.981079525943554
"R-HSA-190873",0.00116925778553877,17,1.23832192676304,0.220924210819913,0.342933182786438,85541,7,7,1.02261072261072,0.85507476531788,0.981079525943554
"R-HSA-5357956",0.00218741113606514,30,1.16811539556971,0.221035764346694,0.342933182786438,113603,18,18,1.02261072261072,0.668409131536291,0.981079525943554
"R-HSA-9013422",0.00132436574456739,19,1.22191381205767,0.221240538562886,0.342933182786438,103799,10,10,1.02261072261072,0.799551012848913,0.981079525943554
"R-HSA-166208",0.00163698377703437,23,1.19668093615175,0.221824820046822,0.343025694030608,187447,8,8,1.02261072261072,0.836153297943445,0.981079525943554
"R-HSA-6804757",0.00282511531864963,38,1.14562459438042,0.221913689733221,0.343025694030608,190606,14,14,1.02261072261072,0.731060396230745,0.981079525943554
"R-HSA-9032845",0.000712512888487672,11,1.31490650079882,0.221921269765125,0.343025694030608,253676,5,5,1.02261072261072,0.894204998507136,0.981079525943554
"R-HSA-500657",0.00242762257703867,33,1.15778437451951,0.222544188442682,0.343667959226024,86945,8,8,1.02261072261072,0.836153297943445,0.981079525943554
"R-HSA-9033241",0.00298731523450699,40,1.14044369783426,0.223310337445374,0.344233106873697,58558,25,26,0.983279540971849,0.888083115884472,0.981079525943554
"R-HSA-8849469",0.000274527361112604,5,1.55124102149164,0.223516610974495,0.344233106873697,16224,5,5,1.02261072261072,0.894204998507136,0.981079525943554
"R-HSA-9840310",0.00219118588728044,30,1.1661030856901,0.223710083757375,0.344233106873697,65973,19,19,1.02261072261072,0.653599701257848,0.981079525943554
"R-HSA-3295583",0.00274836204393856,37,1.14662839895499,0.223863992367839,0.344233106873697,80663,13,13,1.02261072261072,0.747615283223714,0.981079525943554
"R-HSA-2243919",0.00314882883196157,42,1.13604399132779,0.224076240071589,0.344233106873697,161917,11,11,1.02261072261072,0.781852142870286,0.981079525943554
"R-HSA-199992",0.00549363565506461,71,1.10076194666407,0.224156621796451,0.344233106873697,153995,31,31,1.02261072261072,0.499410590944805,0.981079525943554
"R-HSA-211999",0.000714457457295553,11,1.31132766466152,0.224385284643213,0.344265200605374,42537,8,8,1.02261072261072,0.836153297943445,0.981079525943554
"R-HSA-391251",0.00712810293128878,91,1.08733243177923,0.22511510579776,0.344620585995092,104451,39,39,1.02261072261072,0.417315847370115,0.981079525943554
"R-HSA-9754678",0.00164144484665245,23,1.19342863256221,0.22550272248104,0.344620585995092,187800,12,12,1.02261072261072,0.764543080252822,0.981079525943554
"R-HSA-1483213",0.000565869523093356,9,1.35463133471677,0.225749973752529,0.344620585995092,53763,6,6,1.02261072261072,0.87442215328985,0.981079525943554
"R-HSA-174184",0.00219450309289388,30,1.16434040706175,0.226072768241802,0.344620585995092,85174,19,19,1.02261072261072,0.653599701257848,0.981079525943554
"R-HSA-176409",0.00219450309289388,30,1.16434040706175,0.226072768241802,0.344620585995092,85174,19,19,1.02261072261072,0.653599701257848,0.981079525943554
"R-HSA-176814",0.00219450309289388,30,1.16434040706175,0.226072768241802,0.344620585995092,85174,19,19,1.02261072261072,0.653599701257848,0.981079525943554
"R-HSA-179419",0.00219450309289388,30,1.16434040706175,0.226072768241802,0.344620585995092,85174,19,19,1.02261072261072,0.653599701257848,0.981079525943554
"R-HSA-198693",0.00148816707003124,21,1.20188389674371,0.228374607120696,0.347809488969662,199530,5,5,1.02261072261072,0.894204998507136,0.981079525943554
"R-HSA-73933",0.00235761809995495,32,1.15603619863721,0.22904985474874,0.348517547583712,99502,17,18,0.965799015799016,0.940987046674061,0.999976083314057
"R-HSA-6811558",0.0108390265351284,136,1.06866981028488,0.229319472233402,0.348521506895172,177358,57,57,1.02261072261072,0.278430292950795,0.981079525943554
"R-HSA-139853",0.00110062594526062,16,1.23815537778589,0.22947312252422,0.348521506895172,80302,8,8,1.02261072261072,0.836153297943445,0.981079525943554
"R-HSA-917729",0.00315946676720469,42,1.13221892738393,0.230405585381317,0.34961726646231,103063,14,14,1.02261072261072,0.731060396230745,0.981079525943554
"R-HSA-9839389",0.000349907999018107,6,1.46046882703365,0.231987159412568,0.351695080646501,154858,5,5,1.02261072261072,0.894204998507136,0.981079525943554
"R-HSA-9700645",0.000720863095721514,11,1.29967511797459,0.232577998376817,0.352268503940023,108089,6,6,1.02261072261072,0.87442215328985,0.981079525943554
"R-HSA-5389840",0.00356645358005412,47,1.1224220611582,0.233043466973247,0.352651164177781,89745,27,28,0.986088911088911,0.87343475542024,0.981079525943554
"R-HSA-140534",0.00095077976065332,14,1.25413133595089,0.233947105602837,0.353651045392385,67155,8,8,1.02261072261072,0.836153297943445,0.981079525943554
"R-HSA-397014",0.0190639806604625,235,1.04990302121201,0.234131078331591,0.353651045392385,121960,109,110,1.01331426149608,0.296167719952144,0.981079525943554
"R-HSA-5696395",0.00196790363357552,27,1.1685703114701,0.234355402072663,0.353667487463025,151135,15,15,1.02261072261072,0.71487024590326,0.981079525943554
"R-HSA-70263",0.000798874620837679,12,1.27937403834362,0.235224345023886,0.354655814107897,12832,10,10,1.02261072261072,0.799551012848913,0.981079525943554
"R-HSA-9013424",0.00205014745550884,28,1.16323602794441,0.236608698130345,0.355987185114185,120537,18,18,1.02261072261072,0.668409131536291,0.981079525943554
"R-HSA-380320",0.00641993672601872,82,1.0878725453169,0.236635418795829,0.355987185114185,87263,43,44,0.999369569824115,0.745911326277344,0.981079525943554
"R-HSA-8864260",0.00357297360488055,47,1.12037384571813,0.236751887746428,0.355987185114185,163074,19,19,1.02261072261072,0.653599701257848,0.981079525943554
"R-HSA-442720",0.00205186325151579,28,1.16226331412909,0.237910006898875,0.357404244271475,205346,7,7,1.02261072261072,0.85507476531788,0.981079525943554
"R-HSA-110056",0.000574448503128125,9,1.33440087870249,0.238223838597078,0.357551540358114,75212,7,7,1.02261072261072,0.85507476531788,0.981079525943554
"R-HSA-5684264",0.000801734280849269,12,1.27481071248278,0.238745849882737,0.35788033226277,77655,7,7,1.02261072261072,0.85507476531788,0.981079525943554
"R-HSA-4839735",0.000501012434030503,8,1.35999212843103,0.23995476713575,0.35788033226277,127761,5,5,1.02261072261072,0.894204998507136,0.981079525943554
"R-HSA-4839744",0.000501012434030503,8,1.35999212843103,0.23995476713575,0.35788033226277,127761,5,5,1.02261072261072,0.894204998507136,0.981079525943554
"R-HSA-4839748",0.000501012434030503,8,1.35999212843103,0.23995476713575,0.35788033226277,127761,5,5,1.02261072261072,0.894204998507136,0.981079525943554
"R-HSA-5467337",0.000501012434030503,8,1.35999212843103,0.23995476713575,0.35788033226277,127761,5,5,1.02261072261072,0.894204998507136,0.981079525943554
"R-HSA-5467340",0.000501012434030503,8,1.35999212843103,0.23995476713575,0.35788033226277,127761,5,5,1.02261072261072,0.894204998507136,0.981079525943554
"R-HSA-5467348",0.000501012434030503,8,1.35999212843103,0.23995476713575,0.35788033226277,127761,5,5,1.02261072261072,0.894204998507136,0.981079525943554
"R-HSA-190322",0.000803450076856222,12,1.27208830919588,0.240868384197113,0.358597405763356,215104,8,8,1.02261072261072,0.836153297943445,0.981079525943554
"R-HSA-5654719",0.000803450076856222,12,1.27208830919588,0.240868384197113,0.358597405763356,215104,8,8,1.02261072261072,0.836153297943445,0.981079525943554
"R-HSA-9035034",0.00528613872462366,68,1.09563341357382,0.241088403678211,0.358602769205382,204999,28,28,1.02261072261072,0.534178581559478,0.981079525943554
"R-HSA-5654720",0.00118984733762221,17,1.21689355271792,0.241386743146132,0.358724514253937,208598,11,11,1.02261072261072,0.781852142870286,0.981079525943554
"R-HSA-390471",0.00111252213090883,16,1.22491579735305,0.241819067108386,0.359044976880462,123537,12,12,1.02261072261072,0.764543080252822,0.981079525943554
"R-HSA-937042",0.00119076242882592,17,1.21595837995886,0.242313747785512,0.359457368022018,120004,8,8,1.02261072261072,0.836153297943445,0.981079525943554
"R-HSA-5693571",0.00285897369318685,38,1.13205714299462,0.243420621988636,0.360776360138792,192899,18,19,0.968789105631211,0.934978876548252,0.999976083314057
"R-HSA-176408",0.00229859471731574,31,1.14866715102242,0.243721808441789,0.360899943331586,83794,20,20,1.02261072261072,0.639116738146024,0.981079525943554
"R-HSA-8939902",0.00334431519035384,44,1.12057360105016,0.244673470541755,0.361695501921016,250987,20,20,1.02261072261072,0.639116738146024,0.981079525943554
"R-HSA-170984",0.000429864092942153,7,1.38695312192973,0.244695629241677,0.361695501921016,72331,5,5,1.02261072261072,0.894204998507136,0.981079525943554
"R-HSA-5213460",0.00286251967160122,38,1.13065479448581,0.245726189858246,0.362287059179889,142741,17,17,1.02261072261072,0.683552349043945,0.981079525943554
"R-HSA-5675482",0.00286251967160122,38,1.13065479448581,0.245726189858246,0.362287059179889,142741,17,17,1.02261072261072,0.683552349043945,0.981079525943554
"R-HSA-8866652",0.00142902930099157,20,1.19202063606177,0.245751752877607,0.362287059179889,81368,12,14,0.876523476523477,0.996763627421001,0.999976083314057
"R-HSA-9830364",0.00262390964023418,35,1.13609351589256,0.247317164349002,0.364270703401152,173857,12,12,1.02261072261072,0.764543080252822,0.981079525943554
"R-HSA-72695",0.00198483282084413,27,1.15860325256637,0.247544779769279,0.364282149269712,172330,14,14,1.02261072261072,0.731060396230745,0.981079525943554
"R-HSA-2028269",0.00246548447559212,33,1.14000453653278,0.248673459622742,0.365618387395638,105581,11,11,1.02261072261072,0.781852142870286,0.981079525943554
"R-HSA-168643",0.00343285026431266,45,1.1164841579494,0.249307494889865,0.366225637440165,113659,25,26,0.983279540971849,0.888083115884472,0.981079525943554
"R-HSA-977347",0.000583027483162894,9,1.31476578631428,0.250934042908036,0.368288493444301,173173,5,5,1.02261072261072,0.894204998507136,0.981079525943554
"R-HSA-5656121",0.00112144427014499,16,1.21517044523213,0.251249339993377,0.368424917140731,195313,10,10,1.02261072261072,0.799551012848913,0.981079525943554
"R-HSA-420029",0.00191105359254512,26,1.15876506543459,0.252169291268283,0.369446963423117,85052,16,16,1.02261072261072,0.699036837100288,0.981079525943554
"R-HSA-975577",0.00159420326326099,22,1.17536809836778,0.252584530499135,0.369728416110483,120104,9,9,1.02261072261072,0.8176484223102,0.981079525943554
"R-HSA-3301854",0.00239262033849681,32,1.13912425730801,0.253894030098601,0.371317217893541,82710,14,14,1.02261072261072,0.731060396230745,0.981079525943554
"R-HSA-937072",0.00159706292327258,22,1.17326351432114,0.255137640873863,0.372447787543068,108107,11,11,1.02261072261072,0.781852142870286,0.981079525943554
"R-HSA-975163",0.00159706292327258,22,1.17326351432114,0.255137640873863,0.372447787543068,108107,11,11,1.02261072261072,0.781852142870286,0.981079525943554
"R-HSA-83936",0.000815003103303045,12,1.25405589947956,0.255341392063322,0.372447787543068,48845,5,6,0.852175602175602,0.993119224593568,0.999976083314057
"R-HSA-9604323",0.00128261470839818,18,1.19528426163273,0.25606905477675,0.373180671737092,96122,13,13,1.02261072261072,0.747615283223714,0.981079525943554
"R-HSA-3134975",0.000511421596472689,8,1.33231168027911,0.256618842102103,0.373524273583951,29918,7,7,1.02261072261072,0.85507476531788,0.981079525943554
"R-HSA-9615933",0.000970797380734448,14,1.22827143447906,0.25675567146175,0.373524273583951,92054,11,11,1.02261072261072,0.781852142870286,0.981079525943554
"R-HSA-9615710",0.00393512094874826,51,1.10384222446705,0.258437580602765,0.37564129040244,101394,19,19,1.02261072261072,0.653599701257848,0.981079525943554
"R-HSA-5663084",0.0019192894133785,26,1.15379271400058,0.258887808403381,0.375965905805786,113643,18,18,1.02261072261072,0.668409131536291,0.981079525943554
"R-HSA-6799198",0.00475332687126428,61,1.09301737719348,0.260155646794504,0.377476275602883,160824,20,20,1.02261072261072,0.639116738146024,0.981079525943554
"R-HSA-2453902",0.000743168443811913,11,1.26066686062427,0.26195326428994,0.379752020059869,38207,7,8,0.894784382284382,0.987525036938923,0.999976083314057
"R-HSA-1433559",0.0022434604722923,30,1.13893186710241,0.262236708017669,0.379830616420697,217589,12,12,1.02261072261072,0.764543080252822,0.981079525943554
"R-HSA-8876384",0.00105384190747101,15,1.21230167749265,0.262653720507214,0.380102371074632,346338,7,7,1.02261072261072,0.85507476531788,0.981079525943554
"R-HSA-447041",0.00113231097818903,16,1.20350854076733,0.262921687220903,0.380158146356925,205226,6,6,1.02261072261072,0.87442215328985,0.981079525943554
"R-HSA-5609975",0.000591492076797199,9,1.29595072768205,0.263688577041484,0.380825847848717,50841,6,6,1.02261072261072,0.87442215328985,0.981079525943554
"R-HSA-9762293",0.00176578286395636,24,1.15762755506793,0.26384313417642,0.380825847848717,142250,7,7,1.02261072261072,0.85507476531788,0.981079525943554
"R-HSA-2995383",0.000823582083337813,12,1.24099281719331,0.266282322575735,0.384012017848558,229587,6,6,1.02261072261072,0.87442215328985,0.981079525943554
"R-HSA-9668250",0.000903995722863714,13,1.22481892624419,0.269813567865526,0.388427931950559,57201,7,7,1.02261072261072,0.85507476531788,0.981079525943554
"R-HSA-9013148",0.0272364314279838,331,1.03507710122083,0.269848980636188,0.388427931950559,139747,98,100,1.00215850815851,0.618827506714143,0.981079525943554
"R-HSA-1170546",0.000519657417306068,8,1.3111964610451,0.270047663009682,0.388427931950559,125752,6,6,1.02261072261072,0.87442215328985,0.981079525943554
"R-HSA-9032500",0.00090548274606974,13,1.22280747525364,0.271646943615826,0.390389406393256,284467,5,5,1.02261072261072,0.894204998507136,0.981079525943554
"R-HSA-450408",0.00177630641279901,24,1.15076930694724,0.272994017042151,0.391670202704451,96131,15,15,1.02261072261072,0.71487024590326,0.981079525943554
"R-HSA-5635838",0.00209681710689798,28,1.13734544372089,0.273083927426062,0.391670202704451,135775,9,9,1.02261072261072,0.8176484223102,0.981079525943554
"R-HSA-1663150",0.000521601986113949,8,1.30630822862454,0.273247286859593,0.391670202704451,33141,6,6,1.02261072261072,0.87442215328985,0.981079525943554
"R-HSA-8948747",0.000446221348208446,7,1.33611121051318,0.273518868403446,0.39172062657261,19164,6,6,1.02261072261072,0.87442215328985,0.981079525943554
"R-HSA-1632852",0.0108888990057305,135,1.05595329739961,0.273891250901306,0.391915200987448,139543,60,61,1.00584661240399,0.607885275093834,0.981079525943554
"R-HSA-372708",0.00130114530527328,18,1.17826131214837,0.274908173695249,0.393030926499592,68863,7,7,1.02261072261072,0.85507476531788,0.981079525943554
"R-HSA-1433557",0.00413197994394609,53,1.09247768974745,0.277771973108903,0.396782896070218,200755,26,26,1.02261072261072,0.55868453977437,0.981079525943554
"R-HSA-8963898",0.000678082581948133,10,1.25606560444667,0.278550570037397,0.397552363955182,46731,7,7,1.02261072261072,0.85507476531788,0.981079525943554
"R-HSA-446388",0.000678540127549987,10,1.25521862831421,0.279214233207907,0.398156613102842,100745,6,6,1.02261072261072,0.87442215328985,0.981079525943554
"R-HSA-428543",0.00114992648386042,16,1.18507222173041,0.282247302572247,0.402135666691498,130082,8,8,1.02261072261072,0.836153297943445,0.981079525943554
"R-HSA-1482839",0.0012310264417891,17,1.17618720826722,0.284433525947113,0.404719743020739,36312,14,14,1.02261072261072,0.731060396230745,0.981079525943554
"R-HSA-1638074",0.00316415660962369,41,1.10362314015456,0.284549487398408,0.404719743020739,98507,17,17,1.02261072261072,0.683552349043945,0.981079525943554
"R-HSA-9761174",0.00154982133988112,21,1.1540711120109,0.285009596707774,0.405026502354015,143198,6,6,1.02261072261072,0.87442215328985,0.981079525943554
"R-HSA-432047",0.000378161439932613,6,1.35135333995642,0.286836488499623,0.407054950968236,51665,6,6,1.02261072261072,0.87442215328985,0.981079525943554
"R-HSA-8856825",0.00678082581948133,85,1.06765576377967,0.286928293742245,0.407054950968236,186139,45,45,1.02261072261072,0.364689118838591,0.981079525943554
"R-HSA-166786",0.00131327026372242,18,1.16738284345334,0.287492292076925,0.407506183038036,72322,6,6,1.02261072261072,0.87442215328985,0.981079525943554
"R-HSA-2500257",0.00919186236845278,114,1.05632181856222,0.290936646439246,0.412035917222077,173537,51,52,1.00294513179129,0.680117348629842,0.981079525943554
"R-HSA-389359",0.000686890334783829,10,1.23995951759532,0.291405019042133,0.412346811744504,58180,6,6,1.02261072261072,0.87442215328985,0.981079525943554
"R-HSA-9732724",0.00045720244265295,7,1.30402047340803,0.293340205451721,0.414730990130974,60977,6,6,1.02261072261072,0.87442215328985,0.981079525943554
"R-HSA-9824446",0.0667710023154095,799,1.01918681271966,0.294113451817869,0.415469726907254,113644,338,343,1.00770386076509,0.223859703410981,0.981079525943554
"R-HSA-9673221",0.000689749994795419,10,1.23481872357543,0.295612780043123,0.417232007266998,72027,5,5,1.02261072261072,0.894204998507136,0.981079525943554
"R-HSA-166663",0.00148187581800575,20,1.14951090747354,0.296732479179482,0.418455930213108,66358,8,8,1.02261072261072,0.836153297943445,0.981079525943554
"R-HSA-168181",0.00887569835757143,110,1.05556519749927,0.297267041217646,0.418853305525204,104980,54,54,1.02261072261072,0.297874519361846,0.981079525943554
"R-HSA-380972",0.00229001573728098,30,1.11577775771626,0.298642645004311,0.420434038039205,150497,12,12,1.02261072261072,0.764543080252822,0.981079525943554
"R-HSA-163560",0.00164476205226589,22,1.13923813804518,0.299141288695683,0.420778535966677,72767,12,12,1.02261072261072,0.764543080252822,0.981079525943554
"R-HSA-1295596",0.000460862807467785,7,1.29366339841447,0.300017996740399,0.421653791856523,39727,7,7,1.02261072261072,0.85507476531788,0.981079525943554
"R-HSA-110320",0.000771078725525028,11,1.21503524602816,0.300299101626888,0.421691196098096,210110,7,7,1.02261072261072,0.85507476531788,0.981079525943554
"R-HSA-8873719",0.00343456606031961,44,1.09112803483326,0.301423814003241,0.422693437961448,111549,28,29,0.987348283900008,0.865948311153704,0.981079525943554
"R-HSA-4608870",0.00261899102501425,34,1.10570638848461,0.301832793263554,0.422693437961448,96668,21,21,1.02261072261072,0.624953081851722,0.981079525943554
"R-HSA-2219530",0.00913672812342933,113,1.05337414249219,0.302012363410334,0.422693437961448,193035,45,45,1.02261072261072,0.364689118838591,0.981079525943554
"R-HSA-5626467",0.00516111438891696,65,1.07266666379741,0.30203321095133,0.422693437961448,144460,21,22,0.976128417037508,0.915831507016112,0.98991050693131
"R-HSA-1222556",0.00237591992402913,31,1.11128334696431,0.30244285487008,0.422909544742382,100505,19,19,1.02261072261072,0.653599701257848,0.981079525943554
"R-HSA-422085",0.000930647754171729,13,1.18974237636527,0.303259029666501,0.42369326488819,104301,6,6,1.02261072261072,0.87442215328985,0.981079525943554
"R-HSA-2559584",0.00054047574219044,8,1.26069111587892,0.304804731545478,0.424988978225547,95158,8,8,1.02261072261072,0.836153297943445,0.981079525943554
"R-HSA-72187",0.00311268272941508,40,1.09451078982212,0.304954258460453,0.424988978225547,95886,20,21,0.973914973914974,0.922389864032085,0.99440468750889
"R-HSA-416572",0.00205472291152738,27,1.1191941011263,0.305039237653815,0.424988978225547,69383,14,14,1.02261072261072,0.731060396230745,0.981079525943554
"R-HSA-1362409",0.000618258494505678,9,1.23984481273707,0.305212362153531,0.424988978225547,209288,5,5,1.02261072261072,0.894204998507136,0.981079525943554
"R-HSA-5083625",0.00181325322014875,24,1.12732125710218,0.306010017676913,0.425741896969475,43338,8,8,1.02261072261072,0.836153297943445,0.981079525943554
"R-HSA-9701898",0.000698443361230651,10,1.21944921440548,0.308498804287534,0.428666348714088,41074,6,6,1.02261072261072,0.87442215328985,0.981079525943554
"R-HSA-197264",0.00109364837483234,15,1.16817648308125,0.308629423063312,0.428666348714088,87727,9,10,0.92034965034965,0.980525107461781,0.999976083314057
"R-HSA-110312",0.00109513539803836,15,1.16659028146436,0.310390331350517,0.430390610081847,208237,9,9,1.02261072261072,0.8176484223102,0.981079525943554
"R-HSA-5655862",0.00109513539803836,15,1.16659028146436,0.310390331350517,0.430390610081847,208237,9,9,1.02261072261072,0.8176484223102,0.981079525943554
"R-HSA-432720",0.00181977324497518,24,1.12328220300356,0.311966319337282,0.432214206640365,269535,10,10,1.02261072261072,0.799551012848913,0.981079525943554
"R-HSA-418990",0.0110798099081043,136,1.04544577271997,0.312698779354673,0.432867065489301,244036,34,34,1.02261072261072,0.466894633215633,0.981079525943554
"R-HSA-196757",0.00165928912512477,22,1.12926411050267,0.313014934365485,0.432943026914531,76428,5,6,0.852175602175602,0.993119224593568,0.999976083314057
"R-HSA-1660661",0.00263500512107915,34,1.09898651982738,0.31394404403245,0.433865955764611,82512,15,15,1.02261072261072,0.71487024590326,0.981079525943554
"R-HSA-3232118",0.0016629494899396,22,1.12677845556141,0.316540809633893,0.437090101302801,89849,10,10,1.02261072261072,0.799551012848913,0.981079525943554
"R-HSA-177929",0.0032976455389647,42,1.0847764054692,0.319493663952529,0.440800167501532,162216,29,29,1.02261072261072,0.522329662645399,0.981079525943554
"R-HSA-1482925",0.00126351217952076,17,1.1459466535734,0.32004343629587,0.441191326075089,91975,7,7,1.02261072261072,0.85507476531788,0.981079525943554
"R-HSA-5694530",0.000866133824310267,12,1.18002486579396,0.322588975110304,0.444281421612046,61106,10,10,1.02261072261072,0.799551012848913,0.981079525943554
"R-HSA-162710",0.000708166205270056,10,1.20270665533191,0.323062969028426,0.444281421612046,22201,7,8,0.894784382284382,0.987525036938923,0.999976083314057
"R-HSA-74158",0.00248378629966629,32,1.09731335037817,0.323357510237856,0.444281421612046,44537,17,17,1.02261072261072,0.683552349043945,0.981079525943554
"R-HSA-749476",0.00248378629966629,32,1.09731335037817,0.323357510237856,0.444281421612046,44537,17,17,1.02261072261072,0.683552349043945,0.981079525943554
"R-HSA-168927",0.000789952481601519,11,1.18600529879465,0.327018125393517,0.44865148378335,59810,8,8,1.02261072261072,0.836153297943445,0.981079525943554
"R-HSA-201556",0.00265227746754915,34,1.09182962309672,0.327178420047325,0.44865148378335,134290,17,17,1.02261072261072,0.683552349043945,0.981079525943554
"R-HSA-437239",0.0056224347419866,70,1.06039709320121,0.327474100736157,0.44865148378335,122170,27,28,0.986088911088911,0.87343475542024,0.981079525943554
"R-HSA-9687136",0.00102959199057273,14,1.15813128146026,0.327784417652741,0.44865148378335,73579,7,7,1.02261072261072,0.85507476531788,0.981079525943554
"R-HSA-2142845",0.000711369024483036,10,1.1972916711947,0.327891941376968,0.44865148378335,151808,7,7,1.02261072261072,0.85507476531788,0.981079525943554
"R-HSA-174048",0.00119064804242546,16,1.14454136276835,0.328543561678345,0.448801881039586,67040,9,9,1.02261072261072,0.8176484223102,0.981079525943554
"R-HSA-179409",0.00119064804242546,16,1.14454136276835,0.328543561678345,0.448801881039586,67040,9,9,1.02261072261072,0.8176484223102,0.981079525943554
"R-HSA-9020956",0.000477220062734077,7,1.24932162804696,0.330208885545229,0.450705208688999,67227,6,6,1.02261072261072,0.87442215328985,0.981079525943554
"R-HSA-442742",0.00347883359729902,44,1.07724362522288,0.330868851224084,0.451234309858689,128370,15,15,1.02261072261072,0.71487024590326,0.981079525943554
"R-HSA-8866910",0.00175949161193087,23,1.11335982819319,0.331412663558933,0.451604262760816,207154,9,9,1.02261072261072,0.8176484223102,0.981079525943554
"R-HSA-977068",0.00282282759064036,36,1.08620815509261,0.332177990785814,0.452275210133191,56766,13,13,1.02261072261072,0.747615283223714,0.981079525943554
"R-HSA-168138",0.00921233753413576,113,1.0447286713648,0.332861531195303,0.452833790796895,105189,57,57,1.02261072261072,0.278430292950795,0.981079525943554
"R-HSA-6783783",0.00184413754827392,24,1.10844166775733,0.334521801002181,0.454719133929955,108004,16,16,1.02261072261072,0.699036837100288,0.981079525943554
"R-HSA-1296346",0.00200771010093685,26,1.10297903077801,0.335019843650927,0.455022853220973,202659,6,6,1.02261072261072,0.87442215328985,0.981079525943554
"R-HSA-435354",0.000480194109146131,7,1.24158404769221,0.3357488643366,0.455639531700038,28504,4,5,0.818088578088578,0.995345256034179,0.999976083314057
"R-HSA-4641258",0.00152088158056383,20,1.12002961840552,0.336351166128759,0.456083373384087,96143,14,14,1.02261072261072,0.731060396230745,0.981079525943554
"R-HSA-9014325",0.00111744074612876,15,1.14330385451324,0.33710928846031,0.456737605052112,152614,8,8,1.02261072261072,0.836153297943445,0.981079525943554
"R-HSA-112310",0.00415234072322861,52,1.06660907127714,0.339346733643029,0.459091821729369,101023,25,27,0.946861780195114,0.978923772590647,0.999976083314057
"R-HSA-9664873",0.000639648751392369,9,1.1983836217532,0.339401014857258,0.459091821729369,63092,6,6,1.02261072261072,0.87442215328985,0.981079525943554
"R-HSA-77595",0.00152419878617727,20,1.11759203049304,0.339781689136801,0.459231858808874,117999,9,9,1.02261072261072,0.8176484223102,0.981079525943554
"R-HSA-193692",0.000561179680674349,8,1.21417968253728,0.34025401924758,0.45949544408577,73447,7,7,1.02261072261072,0.85507476531788,0.981079525943554
"R-HSA-8956321",0.00160678576731198,21,1.11315651004739,0.341127384569155,0.46028883128338,31447,9,9,1.02261072261072,0.8176484223102,0.981079525943554
"R-HSA-1650814",0.00965066622071222,118,1.04140491717676,0.341397087294674,0.46028883128338,133887,42,42,1.02261072261072,0.390120638371983,0.981079525943554
"R-HSA-428157",0.00740251590600092,91,1.04702476734536,0.344141695455553,0.463612023877928,69333,49,50,1.00215850815851,0.696493714790002,0.981079525943554
"R-HSA-9833482",0.00657035484262833,81,1.05000436830771,0.344765166829834,0.464074639672653,106707,34,35,0.993393273393273,0.819255846109263,0.981079525943554
"R-HSA-5083636",0.00177424745759067,23,1.10410037246262,0.345566042182144,0.464775107058289,44761,7,7,1.02261072261072,0.85507476531788,0.981079525943554
"R-HSA-1482788",0.00177493377599345,23,1.10367344701087,0.34622787151525,0.465058676179875,81758,11,11,1.02261072261072,0.781852142870286,0.981079525943554
"R-HSA-110373",0.00177504816239392,23,1.10360232486581,0.346338205435103,0.465058676179875,122176,12,12,1.02261072261072,0.764543080252822,0.981079525943554
"R-HSA-425407",0.0209976827602994,253,1.02622848018143,0.347244080930574,0.465267081423244,103149,119,123,0.989355089355089,0.863525001704548,0.981079525943554
"R-HSA-168142",0.00824474297261429,101,1.04337196817218,0.347616564153275,0.465267081423244,102894,49,49,1.02261072261072,0.33332826841878,0.981079525943554
"R-HSA-168176",0.00824474297261429,101,1.04337196817218,0.347616564153275,0.465267081423244,102894,49,49,1.02261072261072,0.33332826841878,0.981079525943554
"R-HSA-975871",0.00824474297261429,101,1.04337196817218,0.347616564153275,0.465267081423244,102894,49,49,1.02261072261072,0.33332826841878,0.981079525943554
"R-HSA-9796292",0.00284456100672844,36,1.0779091543902,0.348620749114601,0.466234528880463,212110,10,10,1.02261072261072,0.799551012848913,0.981079525943554
"R-HSA-8964539",0.000487400452375337,7,1.22322690265475,0.349221883521781,0.466661823383541,110020,5,5,1.02261072261072,0.894204998507136,0.981079525943554
"R-HSA-425410",0.000806996055270594,11,1.16095713585767,0.351552602416443,0.469397793879167,100787,7,8,0.894784382284382,0.987525036938923,0.999976083314057
"R-HSA-399719",0.00301568306182196,38,1.07323001942071,0.353245404055398,0.470899142815603,105510,18,19,0.968789105631211,0.934978876548252,0.999976083314057
"R-HSA-399721",0.00301568306182196,38,1.07323001942071,0.353245404055398,0.470899142815603,105510,18,19,0.968789105631211,0.934978876548252,0.999976083314057
"R-HSA-9613829",0.00154135674624681,20,1.10515130288087,0.357651487355537,0.47638948114801,53569,15,15,1.02261072261072,0.71487024590326,0.981079525943554
"R-HSA-9020702",0.00576404510576052,71,1.04912174817795,0.358693169839494,0.477393238894812,107645,42,42,1.02261072261072,0.390120638371983,0.981079525943554
"R-HSA-442755",0.00969527691689302,118,1.0366131202266,0.359812063548904,0.478498065249225,127050,48,50,0.981706293706294,0.901870329738566,0.984856539803084
"R-HSA-975155",0.00861077945409777,105,1.03858428070856,0.361623991611345,0.480204875354199,101330,52,52,1.02261072261072,0.311581934063701,0.981079525943554
"R-HSA-8949664",0.000494034863602225,7,1.20680014637923,0.361675126398335,0.480204875354199,74144,5,6,0.852175602175602,0.993119224593568,0.999976083314057
"R-HSA-442982",0.00261452995539617,33,1.07501674674837,0.3622352744201,0.480563530595762,152213,10,10,1.02261072261072,0.799551012848913,0.981079525943554
"R-HSA-210993",0.000495064341206397,7,1.20429062666634,0.363610870486523,0.482002569916934,193601,7,7,1.02261072261072,0.85507476531788,0.981079525943554
"R-HSA-1483206",0.00903572493181999,110,1.0368706839183,0.364341999143925,0.482585685516773,101939,59,59,1.02261072261072,0.266174370159538,0.981079525943554
"R-HSA-9772573",0.00653043398886654,80,1.04338083454974,0.366691550068478,0.485309823053888,89772,38,39,0.996389934851473,0.786949621802601,0.981079525943554
"R-HSA-390918",0.00138819335602607,18,1.10437725986221,0.368744860841345,0.487568894446871,95493,13,14,0.9495670995671,0.962828814132309,0.999976083314057
"R-HSA-211981",0.000982236020780806,13,1.12725561594362,0.370699200993843,0.487568894446871,38139,10,11,0.929646111464293,0.976539712635186,0.999976083314057
"R-HSA-167161",0.00353705627513498,44,1.05951136323341,0.370818814773774,0.487568894446871,210638,14,16,0.894784382284382,0.995180360889335,0.999976083314057
"R-HSA-167162",0.00353705627513498,44,1.05951136323341,0.370818814773774,0.487568894446871,210638,14,16,0.894784382284382,0.995180360889335,0.999976083314057
"R-HSA-73776",0.00353705627513498,44,1.05951136323341,0.370818814773774,0.487568894446871,210638,14,16,0.894784382284382,0.995180360889335,0.999976083314057
"R-HSA-73779",0.00353705627513498,44,1.05951136323341,0.370818814773774,0.487568894446871,210638,14,16,0.894784382284382,0.995180360889335,0.999976083314057
"R-HSA-75953",0.00353705627513498,44,1.05951136323341,0.370818814773774,0.487568894446871,210638,14,16,0.894784382284382,0.995180360889335,0.999976083314057
"R-HSA-76042",0.00353705627513498,44,1.05951136323341,0.370818814773774,0.487568894446871,210638,14,16,0.894784382284382,0.995180360889335,0.999976083314057
"R-HSA-354194",0.00106379352431134,14,1.12089673811009,0.371046696377492,0.487568894446871,85750,5,5,1.02261072261072,0.894204998507136,0.981079525943554
"R-HSA-6791312",0.00237877958404072,30,1.07414265769761,0.372169209596988,0.488602899727505,75433,18,18,1.02261072261072,0.668409131536291,0.981079525943554
"R-HSA-5683057",0.0336665485436438,402,1.0170033178074,0.372423332743415,0.488602899727505,146629,156,157,1.01609727851766,0.133608446267522,0.981079525943554
"R-HSA-9645723",0.00570799576953337,70,1.04450208056189,0.373589465666164,0.489745051114584,115023,38,38,1.02261072261072,0.426793636458128,0.981079525943554
"R-HSA-917937",0.00379168040256692,47,1.05574989274923,0.374424182570122,0.490451281042444,163923,25,26,0.983279540971849,0.888083115884472,0.981079525943554
"R-HSA-8863795",0.00188737560764916,24,1.08304827682325,0.37549694154401,0.491467955875533,164933,14,14,1.02261072261072,0.731060396230745,0.981079525943554
"R-HSA-9018679",0.000582112391959185,8,1.17051788613242,0.376647436070209,0.492584689477772,55104,5,5,1.02261072261072,0.894204998507136,0.981079525943554
"R-HSA-937041",0.000987497795202131,13,1.12124915720003,0.377710542091035,0.493347600827145,52680,10,10,1.02261072261072,0.799551012848913,0.981079525943554
"R-HSA-419408",0.000502613843636993,7,1.18620160041236,0.37782625555199,0.493347600827145,103379,6,6,1.02261072261072,0.87442215328985,0.981079525943554
"R-HSA-975138",0.00856914280432902,104,1.03369132328887,0.380442558533346,0.496372692511618,102199,51,51,1.02261072261072,0.318669153574588,0.981079525943554
"R-HSA-1358803",0.000746371263024893,10,1.14114282040764,0.381405974586577,0.497238158843397,217720,5,5,1.02261072261072,0.894204998507136,0.981079525943554
"R-HSA-5140745",0.00139986076887336,18,1.0951726120026,0.38178418353162,0.497339930905577,96824,8,8,1.02261072261072,0.836153297943445,0.981079525943554
"R-HSA-3232142",0.00347014023086378,43,1.05539818319502,0.38221251596454,0.497506786294771,95340,18,18,1.02261072261072,0.668409131536291,0.981079525943554
"R-HSA-9824439",0.00614346479609823,75,1.03978321243947,0.382954238412474,0.497971795290783,159714,32,32,1.02261072261072,0.488329079490694,0.981079525943554
"R-HSA-8984722",0.000747515127029529,10,1.13939661869317,0.383170814119341,0.497971795290783,109497,7,7,1.02261072261072,0.85507476531788,0.981079525943554
"R-HSA-5387390",0.0021441730766899,27,1.07250379506704,0.383951036104951,0.498594723217792,144052,14,14,1.02261072261072,0.731060396230745,0.981079525943554
"R-HSA-4641262",0.00247623679723569,31,1.06626322985013,0.384594583002259,0.499039329706142,159934,16,16,1.02261072261072,0.699036837100288,0.981079525943554
"R-HSA-1428517",0.0156477164242171,188,1.02329721981773,0.385094320081547,0.499296782766137,139169,97,99,1.00195192013374,0.624858374968925,0.981079525943554
"R-HSA-8983432",0.000668359737908728,9,1.14690419524968,0.386128809585063,0.500246628211454,135834,8,8,1.02261072261072,0.836153297943445,0.981079525943554
"R-HSA-8875360",0.000588289257584219,8,1.1582277897196,0.387443215499859,0.501557350065052,347726,5,5,1.02261072261072,0.894204998507136,0.981079525943554
"R-HSA-9820965",0.000996763093639681,13,1.11082671265869,0.390092167477926,0.504235959959941,110912,8,8,1.02261072261072,0.836153297943445,0.981079525943554
"R-HSA-8849473",0.000509133868463418,7,1.17101097106536,0.390121002214028,0.504235959959941,115836,5,5,1.02261072261072,0.894204998507136,0.981079525943554
"R-HSA-176412",0.000998478889646635,13,1.10891785704065,0.392389216240516,0.506772354879606,78276,6,6,1.02261072261072,0.87442215328985,0.981079525943554
"R-HSA-162588",0.00381890436587726,47,1.04822372985237,0.392862366170843,0.506988271608323,106408,13,13,1.02261072261072,0.747615283223714,0.981079525943554
"R-HSA-8868766",0.000672820807526808,9,1.13929976416931,0.393434891674272,0.507331996501377,57482,6,6,1.02261072261072,0.87442215328985,0.981079525943554
"R-HSA-2206281",0.000431007956946789,6,1.18566192725476,0.394649876942875,0.508502990742103,68666,6,6,1.02261072261072,0.87442215328985,0.981079525943554
"R-HSA-6805567",0.00382267911709255,47,1.04718864851885,0.395432074820684,0.508775014673641,52041,37,39,0.970169147092224,0.945611339096751,0.999976083314057
"R-HSA-1483257",0.0161004577972519,193,1.02097238628102,0.395475086843482,0.508775014673641,106759,96,97,1.01206834402711,0.363446696552543,0.981079525943554
"R-HSA-189445",0.00116651251192764,15,1.09520840897625,0.397362103936606,0.510806056030222,88647,9,9,1.02261072261072,0.8176484223102,0.981079525943554
"R-HSA-9758274",0.000838909860999934,11,1.11679200892771,0.398148035156524,0.511258649371113,129646,8,8,1.02261072261072,0.836153297943445,0.981079525943554
"R-HSA-189483",0.000513594938081498,7,1.16083960628328,0.398536009920615,0.511258649371113,117732,5,5,1.02261072261072,0.894204998507136,0.981079525943554
"R-HSA-9842663",0.00116754198953181,15,1.09424271134905,0.398639815924851,0.511258649371113,146862,5,5,1.02261072261072,0.894204998507136,0.981079525943554
"R-HSA-9013420",0.00374443881917546,46,1.0463235605479,0.399067716998706,0.511411606393546,114202,25,25,1.02261072261072,0.571353715778605,0.981079525943554
"R-HSA-1660662",0.00408313695094814,50,1.04296796604099,0.401912086130119,0.514658675979603,65429,28,28,1.02261072261072,0.534178581559478,0.981079525943554
"R-HSA-5689901",0.00174942560869007,22,1.07108050130454,0.402460081706768,0.514962436593139,105467,10,11,0.929646111464293,0.976539712635186,0.999976083314057
"R-HSA-205025",0.000516340211692624,7,1.15466766331677,0.403713645158133,0.516167831810977,77277,5,5,1.02261072261072,0.894204998507136,0.981079525943554
"R-HSA-9612973",0.0137643443405841,165,1.02099432322356,0.404668937391201,0.516900653388107,129707,69,70,1.008001998002,0.539254131402607,0.981079525943554
"R-HSA-171319",0.00133797772622256,17,1.08216865310522,0.405191114362375,0.516900653388107,50945,10,10,1.02261072261072,0.799551012848913,0.981079525943554
"R-HSA-166058",0.00896125938511819,108,1.02647793717452,0.405534610382944,0.516900653388107,103230,53,54,1.00367348700682,0.663833645060766,0.981079525943554
"R-HSA-168188",0.00896125938511819,108,1.02647793717452,0.405534610382944,0.516900653388107,103230,53,54,1.00367348700682,0.663833645060766,0.981079525943554
"R-HSA-141405",0.00109193257882538,14,1.09201127848563,0.407205528196102,0.517242220360437,73231,7,7,1.02261072261072,0.85507476531788,0.981079525943554
"R-HSA-141430",0.00109193257882538,14,1.09201127848563,0.407205528196102,0.517242220360437,73231,7,7,1.02261072261072,0.85507476531788,0.981079525943554
"R-HSA-176407",0.00109193257882538,14,1.09201127848563,0.407205528196102,0.517242220360437,73231,7,7,1.02261072261072,0.85507476531788,0.981079525943554
"R-HSA-168179",0.00904956568627608,109,1.02587317345151,0.407363366065401,0.517242220360437,102598,54,55,1.00401780038144,0.655733861659402,0.981079525943554
"R-HSA-181438",0.00904956568627608,109,1.02587317345151,0.407363366065401,0.517242220360437,102598,54,55,1.00401780038144,0.655733861659402,0.981079525943554
"R-HSA-196849",0.00938814943164829,113,1.02516403496487,0.408085982281199,0.517615237812649,96340,58,61,0.972318391990523,0.954450015632622,0.999976083314057
"R-HSA-2022854",0.00292154305424043,36,1.04950647395856,0.408281904539006,0.517615237812649,107670,13,13,1.02261072261072,0.747615283223714,0.981079525943554
"R-HSA-5365859",0.00234148961748959,29,1.05487420709153,0.411752566339436,0.521616209804622,170981,10,10,1.02261072261072,0.799551012848913,0.981079525943554
"R-HSA-1253288",0.000521373213313021,7,1.14352124445193,0.413200925993598,0.523051133973561,89975,6,6,1.02261072261072,0.87442215328985,0.981079525943554
"R-HSA-6787450",0.000850462887446756,11,1.10162106166454,0.415118441532331,0.525077295892421,81075,6,6,1.02261072261072,0.87442215328985,0.981079525943554
"R-HSA-8951671",0.00126557113472911,16,1.07678335548227,0.417468257414975,0.527646760134717,82440,6,6,1.02261072261072,0.87442215328985,0.981079525943554
"R-HSA-390466",0.00680004273475921,82,1.0270630905314,0.419066808468518,0.529263492097816,109690,36,36,1.02261072261072,0.446396381413818,0.981079525943554
"R-HSA-9617629",0.00126911711314348,16,1.07377476746785,0.421733600809557,0.532225877030796,173696,4,5,0.818088578088578,0.995345256034179,0.999976083314057
"R-HSA-9662361",0.00655411197376251,79,1.02661627866528,0.422595069344083,0.532907176486413,119144,36,36,1.02261072261072,0.446396381413818,0.981079525943554
"R-HSA-6798695",0.036097259553495,428,1.0098676231973,0.424826195315378,0.535313312271925,114091,201,203,1.01253574012195,0.168479333311872,0.981079525943554
"R-HSA-1227986",0.00353202327351458,43,1.03690701093294,0.426472080712254,0.536978904057907,168878,25,25,1.02261072261072,0.571353715778605,0.981079525943554
"R-HSA-9663891",0.00715406864419401,86,1.02385925470756,0.427721208229021,0.538142780588828,128808,39,40,0.997045454545454,0.778782556151145,0.981079525943554
"R-HSA-8963743",0.000942429553419478,12,1.08449426918216,0.428503773195135,0.538718324874309,37046,7,7,1.02261072261072,0.85507476531788,0.981079525943554
"R-HSA-5576894",0.000612081628880644,8,1.11320604046494,0.429053596969508,0.539000614236902,55305,5,5,1.02261072261072,0.894204998507136,0.981079525943554
"R-HSA-3000157",0.002781534100073,34,1.04109279396075,0.430170359215071,0.539994155469221,107310,15,15,1.02261072261072,0.71487024590326,0.981079525943554
"R-HSA-390696",0.00337016651685861,41,1.03616139914318,0.430934827807436,0.540544291958305,154400,8,8,1.02261072261072,0.836153297943445,0.981079525943554
"R-HSA-444257",0.00086430364190285,11,1.08397996207992,0.435451444280657,0.545796553080974,56840,5,5,1.02261072261072,0.894204998507136,0.981079525943554
"R-HSA-1643713",0.0011977399992542,15,1.06665412613311,0.43620879043213,0.546332551584308,125664,10,10,1.02261072261072,0.799551012848913,0.981079525943554
"R-HSA-1606322",0.00153289215261251,19,1.0556912257297,0.437538316773765,0.547583829980459,50009,12,12,1.02261072261072,0.764543080252822,0.981079525943554
"R-HSA-389661",0.0011160681093232,14,1.06839598897446,0.438367106828043,0.548207015859673,41658,10,10,1.02261072261072,0.799551012848913,0.981079525943554
"R-HSA-9629569",0.000951466079056102,12,1.07419431158834,0.441167081299547,0.551292499029675,167318,7,7,1.02261072261072,0.85507476531788,0.981079525943554
"R-HSA-140875",0.0010356544697973,13,1.06911243363241,0.442293083718119,0.551916900173723,56126,8,8,1.02261072261072,0.836153297943445,0.981079525943554
"R-HSA-9020933",0.000868993484321857,11,1.078129866194,0.442332916976889,0.551916900173723,154205,6,6,1.02261072261072,0.87442215328985,0.981079525943554
"R-HSA-187015",0.000786292116786685,10,1.08320583403548,0.443122034014105,0.552485485599227,240110,5,5,1.02261072261072,0.894204998507136,0.981079525943554
"R-HSA-202670",0.0014549950138968,18,1.05367314667357,0.443983268488094,0.553127221047366,44074,6,6,1.02261072261072,0.87442215328985,0.981079525943554
"R-HSA-9648025",0.0095549248035242,114,1.01618432093117,0.444304364039858,0.553127221047366,172702,50,51,1.0025595319713,0.688295484813389,0.981079525943554
"R-HSA-391160",0.00103748465220472,13,1.06722645800527,0.444748982881054,0.553265063538968,154268,7,7,1.02261072261072,0.85507476531788,0.981079525943554
"R-HSA-210745",0.0037304836783189,45,1.02740643498664,0.447970982765881,0.556855152620454,174099,12,12,1.02261072261072,0.764543080252822,0.981079525943554
"R-HSA-70895",0.000874255258743182,11,1.07164105632289,0.450044567569632,0.559013379657332,241964,8,8,1.02261072261072,0.836153297943445,0.981079525943554
"R-HSA-419812",0.00104171694902187,13,1.06289052092982,0.450425106245968,0.559066967078329,107323,5,5,1.02261072261072,0.894204998507136,0.981079525943554
"R-HSA-2046104",0.000876085441150599,11,1.06940234932444,0.452724152963854,0.561079971175098,27438,5,5,1.02261072261072,0.894204998507136,0.981079525943554
"R-HSA-2046106",0.000876085441150599,11,1.06940234932444,0.452724152963854,0.561079971175098,27438,5,5,1.02261072261072,0.894204998507136,0.981079525943554
"R-HSA-1300642",0.000542877856600175,7,1.09822373202948,0.453549469490022,0.561682713710737,293533,5,5,1.02261072261072,0.894204998507136,0.981079525943554
"R-HSA-8853659",0.00450739611026757,54,1.02038236967551,0.459241724843845,0.567174020439266,155483,24,24,1.02261072261072,0.584308673803505,0.981079525943554
"R-HSA-9683673",0.00104858013304969,13,1.05593367231459,0.459617872307545,0.567174020439266,84470,6,6,1.02261072261072,0.87442215328985,0.981079525943554
"R-HSA-9694719",0.00104858013304969,13,1.05593367231459,0.459617872307545,0.567174020439266,84470,6,6,1.02261072261072,0.87442215328985,0.981079525943554
"R-HSA-71336",0.00104869451945015,13,1.05581849630321,0.459770939943805,0.567174020439266,121154,7,7,1.02261072261072,0.85507476531788,0.981079525943554
"R-HSA-428540",0.000797158824830725,10,1.06843979095421,0.459858119014231,0.567174020439266,158070,6,6,1.02261072261072,0.87442215328985,0.981079525943554
"R-HSA-9027277",0.00205884082194407,25,1.03421813755762,0.460037346693044,0.567174020439266,222037,5,5,1.02261072261072,0.894204998507136,0.981079525943554
"R-HSA-9735869",0.00172243041818067,21,1.03841874728621,0.460731502682565,0.567607509252796,200439,10,10,1.02261072261072,0.799551012848913,0.981079525943554
"R-HSA-9013405",0.00688308726149578,82,1.01467156256707,0.462245430917595,0.569049538655613,190579,33,33,1.02261072261072,0.477492218197947,0.981079525943554
"R-HSA-163125",0.0105360169603004,125,1.01048172588453,0.465465329912408,0.572588011629444,172831,49,52,0.963613950152412,0.972507526193928,0.999976083314057
"R-HSA-3595177",0.00130652146609507,16,1.04303371082611,0.4667036837751,0.573685462919393,104277,5,5,1.02261072261072,0.894204998507136,0.981079525943554
"R-HSA-879518",0.00156091682072608,19,1.03673736743395,0.468329417898985,0.575257113016026,189889,7,7,1.02261072261072,0.85507476531788,0.981079525943554
"R-HSA-181430",0.00139276881204461,17,1.03959647958047,0.468991167900083,0.575643233489213,93892,8,8,1.02261072261072,0.836153297943445,0.981079525943554
"R-HSA-1483255",0.00715200968898566,85,1.01224524073345,0.469792076149552,0.576199459792604,118740,38,39,0.996389934851473,0.786949621802601,0.981079525943554
"R-HSA-1483166",0.00418562716576351,50,1.01742961619478,0.47028236376006,0.576342754565064,141722,18,18,1.02261072261072,0.668409131536291,0.981079525943554
"R-HSA-69052",0.00308522999330382,37,1.02143113383107,0.470688003898003,0.576342754565064,89855,25,25,1.02261072261072,0.571353715778605,0.981079525943554
"R-HSA-438064",0.00927570759999259,110,1.01004459107371,0.470952377598731,0.576342754565064,131006,41,42,0.998262848262848,0.76237768971932,0.981079525943554
"R-HSA-525793",0.00469876455824315,56,1.0150776244631,0.473275417517784,0.578758204300345,245602,19,19,1.02261072261072,0.653599701257848,0.981079525943554
"R-HSA-2022857",0.000725667324540985,9,1.05633058210023,0.479677649063603,0.586154767329196,58353,6,6,1.02261072261072,0.87442215328985,0.981079525943554
"R-HSA-428542",0.00131807449254189,16,1.03389143843233,0.480531648236498,0.586765616159084,250309,9,9,1.02261072261072,0.8176484223102,0.981079525943554
"R-HSA-804914",0.0010667675707234,13,1.03793094296674,0.483876118919067,0.590414380742927,80499,5,5,1.02261072261072,0.894204998507136,0.981079525943554
"R-HSA-196791",0.000983151111984515,12,1.03957513482162,0.485326338281502,0.591748154917181,32027,7,7,1.02261072261072,0.85507476531788,0.981079525943554
"R-HSA-9013700",0.000730128394159064,9,1.04987642375746,0.486862149765125,0.593017654801772,132193,7,7,1.02261072261072,0.85507476531788,0.981079525943554
"R-HSA-450513",0.000476419357930832,6,1.07264685279614,0.487083300051425,0.593017654801772,93242,5,5,1.02261072261072,0.894204998507136,0.981079525943554
"R-HSA-73614",0.000731958576566482,9,1.047251322526,0.48980250211171,0.595890415564687,21214,5,5,1.02261072261072,0.894204998507136,0.981079525943554
"R-HSA-68616",0.00124154999063175,15,1.02901560297953,0.490523915814541,0.596330248352674,43590,13,13,1.02261072261072,0.747615283223714,0.981079525943554
"R-HSA-174414",0.0011581623046938,14,1.02956441130112,0.492441768053476,0.598222880985784,50691,7,7,1.02261072261072,0.85507476531788,0.981079525943554
"R-HSA-9828806",0.000906283450872986,11,1.0337691017892,0.496622335211535,0.602859494099277,127248,7,7,1.02261072261072,0.85507476531788,0.981079525943554
"R-HSA-5362517",0.00576072790014708,68,1.0053712509727,0.498621261662576,0.604842921357898,142618,24,24,1.02261072261072,0.584308673803505,0.981079525943554
"R-HSA-210747",0.00116376723831652,14,1.02460582508589,0.499574255087342,0.605555625954444,205097,5,5,1.02261072261072,0.894204998507136,0.981079525943554
"R-HSA-198753",0.00253125665585868,30,1.00943877759861,0.503887812397921,0.610005523479319,60221,11,11,1.02261072261072,0.781852142870286,0.981079525943554
"R-HSA-5632681",0.00193461719104062,23,1.01257617674379,0.503981630442479,0.610005523479319,155311,7,7,1.02261072261072,0.85507476531788,0.981079525943554
"R-HSA-73980",0.00159500396806423,19,1.01458104675873,0.505523375119585,0.611424987279673,34123,8,8,1.02261072261072,0.836153297943445,0.981079525943554
"R-HSA-156590",0.00185706321152631,22,1.00899939556216,0.511725724492616,0.618475219171601,74707,12,12,1.02261072261072,0.764543080252822,0.981079525943554
"R-HSA-2485179",0.000917493318118417,11,1.02113858539781,0.512707307926605,0.619209919267044,46799,5,5,1.02261072261072,0.894204998507136,0.981079525943554
"R-HSA-6794362",0.0114201094494834,134,0.999377216113526,0.514577819988311,0.620811390338278,201963,53,55,0.985424878152151,0.878477905196905,0.981079525943554
"R-HSA-5651801",0.00160369733449946,19,1.00908117803165,0.514929271295636,0.620811390338278,140232,9,9,1.02261072261072,0.8176484223102,0.981079525943554
"R-HSA-1810476",0.00151836507975363,18,1.00969733506763,0.515157309423737,0.620811390338278,52436,11,11,1.02261072261072,0.781852142870286,0.981079525943554
"R-HSA-9639288",0.0046810346661713,55,1.00072729192335,0.515906217486958,0.620832726408007,151598,22,23,0.978149386845039,0.909111574738058,0.987801888092435
"R-HSA-4641257",0.00220331084572958,26,1.00506115399313,0.515924359845399,0.620832726408007,145110,15,15,1.02261072261072,0.71487024590326,0.981079525943554
"R-HSA-2995410",0.00545268532369864,64,0.999687935140724,0.517757704048913,0.622586731211211,148731,30,31,0.989623279945861,0.850691911873701,0.981079525943554
"R-HSA-77387",0.00229230346529025,27,1.00319778635387,0.519079887248323,0.623723983444866,97199,17,17,1.02261072261072,0.683552349043945,0.981079525943554
"R-HSA-9027276",0.00212632879821759,25,1.00139288062293,0.52391614823151,0.628925903889815,211070,7,7,1.02261072261072,0.85507476531788,0.981079525943554
"R-HSA-73621",0.000753577606254099,9,1.01720722720763,0.524168179403642,0.628925903889815,110733,6,6,1.02261072261072,0.87442215328985,0.981079525943554
"R-HSA-450282",0.00349713542137319,41,0.998541958687582,0.52460568989349,0.628995389401963,92327,17,17,1.02261072261072,0.683552349043945,0.981079525943554
"R-HSA-8986944",0.0142694746850313,167,0.996789369631335,0.527196886597409,0.631437200670179,151707,36,36,1.02261072261072,0.446396381413818,0.981079525943554
"R-HSA-4641263",0.000841769521011524,10,1.0118164021144,0.527423858542211,0.631437200670179,42344,8,8,1.02261072261072,0.836153297943445,0.981079525943554
"R-HSA-430039",0.000497123296414741,6,1.02797380163275,0.527785469479902,0.631437200670179,99384,5,5,1.02261072261072,0.894204998507136,0.981079525943554
"R-HSA-6788467",0.00179369314566948,21,0.99716277639409,0.534281515494498,0.638747814700132,75777,12,12,1.02261072261072,0.764543080252822,0.981079525943554
"R-HSA-6782315",0.00239731018091582,28,0.994783821397444,0.53624446630162,0.640632358083478,97901,13,13,1.02261072261072,0.747615283223714,0.981079525943554
"R-HSA-6811438",0.00377292103289089,44,0.993275842041699,0.53801056867451,0.642279187531458,182448,18,18,1.02261072261072,0.668409131536291,0.981079525943554
"R-HSA-202733",0.00986205228876893,115,0.993174250859326,0.541982596799221,0.646555192869913,84130,64,64,1.02261072261072,0.237832255643605,0.981079525943554
"R-HSA-1592389",0.00292497464625434,34,0.990037678258322,0.54616259058961,0.651072958710061,104457,14,14,1.02261072261072,0.731060396230745,0.981079525943554
"R-HSA-418457",0.00207027946199043,24,0.98736375311253,0.552010185649048,0.657469033324708,248416,14,14,1.02261072261072,0.731060396230745,0.981079525943554
"R-HSA-9660537",0.000685060152376412,8,0.994617719573868,0.55311516744396,0.657469033324708,64641,5,5,1.02261072261072,0.894204998507136,0.981079525943554
"R-HSA-9726840",0.000685060152376412,8,0.994617719573868,0.55311516744396,0.657469033324708,64641,5,5,1.02261072261072,0.894204998507136,0.981079525943554
"R-HSA-9726842",0.000685060152376412,8,0.994617719573868,0.55311516744396,0.657469033324708,64641,5,5,1.02261072261072,0.894204998507136,0.981079525943554
"R-HSA-2024101",0.00121146636730983,14,0.984263966048892,0.559151376429303,0.664167620604556,58470,8,8,1.02261072261072,0.836153297943445,0.981079525943554
"R-HSA-1660499",0.00458014586096241,53,0.985579071120784,0.560530138618787,0.665328395194362,121982,24,24,1.02261072261072,0.584308673803505,0.981079525943554
"R-HSA-5362768",0.00199375496008029,23,0.98254164528214,0.561384002686103,0.665817089352557,160765,12,12,1.02261072261072,0.764543080252822,0.981079525943554
"R-HSA-176187",0.00173432660382888,20,0.982186638063562,0.561745498439876,0.665817089352557,163523,13,13,1.02261072261072,0.747615283223714,0.981079525943554
"R-HSA-450341",0.000953181875063056,11,0.9829056274422,0.562807159736472,0.666598615928044,164632,6,6,1.02261072261072,0.87442215328985,0.981079525943554
"R-HSA-189200",0.00139425583525064,16,0.977400200595273,0.569584978182328,0.674144506320083,44226,11,11,1.02261072261072,0.781852142870286,0.981079525943554
"R-HSA-2142700",0.000783432456775095,9,0.978443745487499,0.570230259479118,0.674426509605209,67024,5,5,1.02261072261072,0.894204998507136,0.981079525943554
"R-HSA-445989",0.00373414404313374,43,0.980781580137461,0.57101574535154,0.674873816011057,108258,22,22,1.02261072261072,0.611101728272464,0.981079525943554
"R-HSA-1855183",0.00330427995019159,38,0.979493759546076,0.572465680003235,0.676105225777163,128794,6,6,1.02261072261072,0.87442215328985,0.981079525943554
"R-HSA-174437",0.00113780152541128,13,0.973131996994855,0.575840242425404,0.679606325996364,46795,6,6,1.02261072261072,0.87442215328985,0.981079525943554
"R-HSA-8948751",0.00400329524342456,46,0.978667402552586,0.577869412226107,0.681515740967017,166787,20,20,1.02261072261072,0.639116738146024,0.981079525943554
"R-HSA-425397",0.00418025100494172,48,0.977988593108972,0.580605912457661,0.684256043344484,113415,21,22,0.976128417037508,0.915831507016112,0.98991050693131
"R-HSA-1187000",0.00210310835892348,24,0.971951298139001,0.582518765739181,0.686022455458297,140283,12,12,1.02261072261072,0.764543080252822,0.981079525943554
"R-HSA-175474",0.00253914931749066,29,0.972757681735454,0.583811363626104,0.686736243981794,83241,9,9,1.02261072261072,0.8176484223102,0.981079525943554
"R-HSA-392154",0.00280063662895042,32,0.973168685268403,0.584667329401609,0.686736243981794,222180,17,17,1.02261072261072,0.683552349043945,0.981079525943554
"R-HSA-9027283",0.00166981267396742,19,0.969127148650757,0.584757048073832,0.686736243981794,223809,5,5,1.02261072261072,0.894204998507136,0.981079525943554
"R-HSA-198203",0.0015825358504137,18,0.968754783208367,0.584782643487212,0.686736243981794,278590,5,5,1.02261072261072,0.894204998507136,0.981079525943554
"R-HSA-6811436",0.00471031758468997,54,0.976424082106493,0.587859000199274,0.689860030687108,117093,24,25,0.981706293706294,0.895227666401119,0.981079525943554
"R-HSA-180292",0.00123628821621043,14,0.96450218952848,0.589113853196144,0.690843350846434,134504,10,10,1.02261072261072,0.799551012848913,0.981079525943554
"R-HSA-5362798",0.00123720330741414,14,0.963788800335042,0.590202092739051,0.691630033711886,167104,6,6,1.02261072261072,0.87442215328985,0.981079525943554
"R-HSA-9694635",0.00498084142178635,57,0.97469121688433,0.594543601541721,0.696225263430835,80535,29,29,1.02261072261072,0.522329662645399,0.981079525943554
"R-HSA-453279",0.00998639030607284,115,0.98080848971798,0.595231546269047,0.696538610288002,127612,58,59,1.00527833748173,0.623676346320775,0.981079525943554
"R-HSA-180024",0.00238003783444582,27,0.966217313333572,0.596407734643451,0.697422453284544,207383,10,10,1.02261072261072,0.799551012848913,0.981079525943554
"R-HSA-5620920",0.00290347000296718,33,0.968035999701673,0.597182574454124,0.697732772090804,111956,17,18,0.965799015799016,0.940987046674061,0.999976083314057
"R-HSA-391903",0.00124338017303917,14,0.959000889091427,0.597515270728335,0.697732772090804,33283,8,8,1.02261072261072,0.836153297943445,0.981079525943554
"R-HSA-75105",0.00368827509654784,42,0.969886459287664,0.599149982317521,0.69914895823953,102447,20,21,0.973914973914974,0.922389864032085,0.99440468750889
"R-HSA-1474165",0.00939707157088445,108,0.97887251137071,0.601112419289845,0.700945305252128,97002,61,61,1.02261072261072,0.254455268929914,0.981079525943554
"R-HSA-390247",0.000541733992595539,6,0.94332224279897,0.610413569879724,0.711290636631999,185353,4,5,0.818088578088578,0.995345256034179,0.999976083314057
"R-HSA-6809371",0.00300984935539832,34,0.962119616567611,0.611886725231967,0.712506186724785,52530,30,32,0.958697552447552,0.967008899645536,0.999976083314057
"R-HSA-157858",0.00588186309823802,67,0.970185551645653,0.614369361628099,0.71489468554618,105792,28,29,0.987348283900008,0.865948311153704,0.981079525943554
"R-HSA-1369062",0.000635530840975679,7,0.938115520556499,0.616662352410809,0.716561462774062,31493,5,5,1.02261072261072,0.894204998507136,0.981079525943554
"R-HSA-452723",0.0029288637838701,33,0.959642951783931,0.61666665414352,0.716561462774062,116480,18,18,1.02261072261072,0.668409131536291,0.981079525943554
"R-HSA-8955332",0.00581346003076079,66,0.966950309128842,0.624243581248891,0.724857473111011,195409,22,23,0.978149386845039,0.909111574738058,0.987801888092435
"R-HSA-74749",0.00162314302257827,18,0.944518846066791,0.626715717553489,0.72721844816956,253578,5,5,1.02261072261072,0.894204998507136,0.981079525943554
"R-HSA-3595172",0.00144675919306343,16,0.941930032025284,0.627443425382982,0.727553363092793,61088,5,5,1.02261072261072,0.894204998507136,0.981079525943554
"R-HSA-182971",0.00206616155157374,23,0.948109443462752,0.628382649289679,0.72813290200909,194189,15,15,1.02261072261072,0.71487024590326,0.981079525943554
"R-HSA-3595174",0.00100522768727399,11,0.93201554318114,0.631815241654653,0.731598780867757,62420,5,5,1.02261072261072,0.894204998507136,0.981079525943554
"R-HSA-416993",0.00171911321256722,19,0.941334627453839,0.634125158530172,0.733760745589731,128922,9,10,0.92034965034965,0.980525107461781,0.999976083314057
"R-HSA-5620916",0.00180822021852835,20,0.942049203335004,0.63470583414286,0.733920144574123,129532,9,10,0.92034965034965,0.980525107461781,0.999976083314057
"R-HSA-75876",0.00251478501419192,28,0.948313819824773,0.635581055989678,0.734419672088491,120855,12,12,1.02261072261072,0.764543080252822,0.981079525943554
"R-HSA-9645460",0.00172208725897928,19,0.939708941614331,0.637012764870859,0.735561081108721,145681,9,9,1.02261072261072,0.8176484223102,0.981079525943554
"R-HSA-211935",0.000467268445893746,5,0.911377833924096,0.640381793199498,0.738936372793571,31937,5,5,1.02261072261072,0.894204998507136,0.981079525943554
"R-HSA-8874211",0.00083399124578,9,0.919127858022751,0.64335467890635,0.741850176024928,142812,5,5,1.02261072261072,0.894204998507136,0.981079525943554
"R-HSA-68949",0.00200507921372619,22,0.934514529462702,0.652676964062581,0.752076306990054,103220,17,17,1.02261072261072,0.683552349043945,0.981079525943554
"R-HSA-352230",0.00341946705545842,38,0.9464988369575,0.654238710662883,0.7533520108189,99665,15,16,0.958697552447552,0.952371377947842,0.999976083314057
"R-HSA-9759476",0.00604966794771809,68,0.957353406093766,0.656802361153908,0.755254345893148,212959,17,17,1.02261072261072,0.683552349043945,0.981079525943554
"R-HSA-9764260",0.00604966794771809,68,0.957353406093766,0.656802361153908,0.755254345893148,212959,17,17,1.02261072261072,0.683552349043945,0.981079525943554
"R-HSA-9637687",0.00102570285295697,11,0.913410571370119,0.657348292997047,0.755357920593694,100841,7,7,1.02261072261072,0.85507476531788,0.981079525943554
"R-HSA-381426",0.0101469888123237,115,0.965285029381098,0.660754849060096,0.75874621267677,95039,56,58,0.987348283900008,0.863554460051742,0.981079525943554
"R-HSA-9609736",0.00457614233694619,51,0.949217122584495,0.663891281626798,0.761819843251803,128608,21,22,0.976128417037508,0.915831507016112,0.98991050693131
"R-HSA-5620924",0.0067696159522359,76,0.95619060633326,0.667593798760406,0.765538356087193,212884,23,23,1.02261072261072,0.597555826160392,0.981079525943554
"R-HSA-70921",0.00103576885619776,11,0.90453369337116,0.669530333197989,0.767038211338069,89840,5,5,1.02261072261072,0.894204998507136,0.981079525943554
"R-HSA-4085001",0.00405923019325125,45,0.944199455130594,0.669827575018821,0.767038211338069,147180,22,22,1.02261072261072,0.611101728272464,0.981079525943554
"R-HSA-174490",0.00238232556245509,26,0.929538001066676,0.671065455569653,0.767395072380203,88291,7,7,1.02261072261072,0.85507476531788,0.981079525943554
"R-HSA-174495",0.00238232556245509,26,0.929538001066676,0.671065455569653,0.767395072380203,88291,7,7,1.02261072261072,0.85507476531788,0.981079525943554
"R-HSA-933542",0.00149571657246184,16,0.911099039848255,0.677792833872918,0.774553603949949,90418,11,11,1.02261072261072,0.781852142870286,0.981079525943554
"R-HSA-156584",0.00104354713142929,11,0.897791581001409,0.678770566245119,0.775136339261311,204725,6,6,1.02261072261072,0.87442215328985,0.981079525943554
"R-HSA-72086",0.00310490445418356,34,0.932664805140862,0.680465212095459,0.776536402508385,181183,8,8,1.02261072261072,0.836153297943445,0.981079525943554
"R-HSA-3371497",0.00452089370552228,50,0.941977696930884,0.68264191909003,0.778018762290908,122449,27,28,0.986088911088911,0.87343475542024,0.981079525943554
"R-HSA-9845614",0.000771307498325955,8,0.883399899529571,0.68270324705551,0.778018762290908,37718,6,7,0.876523476523477,0.990506481121668,0.999976083314057
"R-HSA-400511",0.00132070537975255,14,0.902852907017479,0.683634689838285,0.778544797980783,83846,5,5,1.02261072261072,0.894204998507136,0.981079525943554
"R-HSA-69242",0.0104729900536449,118,0.959635329051382,0.685830298799171,0.780508794718562,140600,59,59,1.02261072261072,0.266174370159538,0.981079525943554
"R-HSA-9668328",0.00346876759405822,38,0.933046536916983,0.686864435076101,0.781149189376184,144522,13,14,0.9495670995671,0.962828814132309,0.999976083314057
"R-HSA-2214320",0.00159694853687211,17,0.90667765456427,0.688437193882652,0.782400843802164,169280,8,8,1.02261072261072,0.836153297943445,0.981079525943554
"R-HSA-69273",0.000961760855097824,10,0.885580031298747,0.690437193278638,0.784054785722921,121836,7,8,0.894784382284382,0.987525036938923,0.999976083314057
"R-HSA-190828",0.00567917039661654,63,0.944823228864774,0.690838857667751,0.784054785722921,104682,26,27,0.984736251402918,0.880815863347978,0.981079525943554
"R-HSA-975576",0.00321059748821191,35,0.928489709315218,0.691965999651391,0.784796482835287,100556,17,17,1.02261072261072,0.683552349043945,0.981079525943554
"R-HSA-5250913",0.0057710226761888,64,0.944543807583905,0.692850967069923,0.785262689763927,61377,30,30,1.02261072261072,0.51074224645864,0.981079525943554
"R-HSA-71403",0.00160438365290225,17,0.902475883029501,0.695400886080279,0.787613990591266,248565,10,12,0.852175602175602,0.997979117499174,0.999976083314057
"R-HSA-9603798",0.000874712804345036,9,0.876338591976446,0.696853794250662,0.788720448820593,64275,7,7,1.02261072261072,0.85507476531788,0.981079525943554
"R-HSA-622312",0.00124875633386096,13,0.886667030695963,0.703560358698847,0.79576758659658,137756,6,7,0.876523476523477,0.990506481121668,0.999976083314057
"R-HSA-416700",0.00385241958121309,42,0.928561388202484,0.704951089306325,0.79679669507543,206478,11,11,1.02261072261072,0.781852142870286,0.981079525943554
"R-HSA-1251985",0.0035872719049385,39,0.925966388900975,0.705668507370637,0.796922683288887,190576,19,19,1.02261072261072,0.653599701257848,0.981079525943554
"R-HSA-1250196",0.00170664509491669,18,0.898305792606418,0.70602444119981,0.796922683288887,190596,11,11,1.02261072261072,0.781852142870286,0.981079525943554
"R-HSA-9840309",0.0018919510636677,20,0.900357545726707,0.709650340391462,0.80047012527478,64613,9,9,1.02261072261072,0.8176484223102,0.981079525943554
"R-HSA-8866907",0.00207371105400434,22,0.903585701745916,0.710529926312287,0.800917066598271,163905,7,7,1.02261072261072,0.85507476531788,0.981079525943554
"R-HSA-8957275",0.00897887489078958,100,0.94857787698225,0.715184008818964,0.805615161531627,97096,51,52,1.00294513179129,0.680117348629842,0.981079525943554
"R-HSA-1227990",0.00180890653693114,19,0.894607190843793,0.716035205471541,0.806026043115723,145602,12,12,1.02261072261072,0.764543080252822,0.981079525943554
"R-HSA-9619483",0.00450018976703837,49,0.927385207297121,0.720134213936079,0.81006240388946,127785,16,17,0.962457150692445,0.946788646001783,0.999976083314057
"R-HSA-9022699",0.00244752581071933,26,0.904775807272779,0.720598662240835,0.81006240388946,148556,11,11,1.02261072261072,0.781852142870286,0.981079525943554
"R-HSA-5620922",0.000802077440050659,8,0.849510200018239,0.722757678666424,0.811938626135773,120476,6,6,1.02261072261072,0.87442215328985,0.981079525943554
"R-HSA-9037629",0.00127026097714811,13,0.871656368672474,0.725369311600275,0.814041419456108,80018,5,5,1.02261072261072,0.894204998507136,0.981079525943554
"R-HSA-9652817",0.00172917921580802,18,0.886599353422489,0.725612055845909,0.814041419456108,135085,6,6,1.02261072261072,0.87442215328985,0.981079525943554
"R-HSA-1296052",0.000995390456834118,10,0.855660411762798,0.729309064084891,0.817635398639151,331166,7,7,1.02261072261072,0.85507476531788,0.981079525943554
"R-HSA-9823739",0.00673735898730517,74,0.935485247595637,0.73269254373266,0.820757588893074,193675,10,10,1.02261072261072,0.799551012848913,0.981079525943554
"R-HSA-112311",0.000904910814067423,9,0.847094073169496,0.733084629789831,0.820757588893074,134621,5,5,1.02261072261072,0.894204998507136,0.981079525943554
"R-HSA-8852276",0.00417041377450185,45,0.919027018410253,0.734128986073953,0.82137186355472,114762,23,24,0.980001942501943,0.902240330368788,0.984856539803084
"R-HSA-194313",0.0011880171552148,12,0.860306978990164,0.73574192741573,0.822066334273679,161379,5,5,1.02261072261072,0.894204998507136,0.981079525943554
"R-HSA-195399",0.0011880171552148,12,0.860306978990164,0.73574192741573,0.822066334273679,161379,5,5,1.02261072261072,0.894204998507136,0.981079525943554
"R-HSA-375281",0.000816604512909535,8,0.834397747937792,0.740440011630087,0.826567373945949,199180,5,5,1.02261072261072,0.894204998507136,0.981079525943554
"R-HSA-196108",0.000911659611694774,9,0.840823238750801,0.740767984495917,0.826567373945949,33472,7,7,1.02261072261072,0.85507476531788,0.981079525943554
"R-HSA-69306",0.00790901888725367,87,0.936896360549743,0.743125325555128,0.828639747271095,118377,51,51,1.02261072261072,0.318669153574588,0.981079525943554
"R-HSA-1963640",0.00100900243848928,10,0.844117095925617,0.744088448998811,0.829155722926045,173704,6,6,1.02261072261072,0.87442215328985,0.981079525943554
"R-HSA-917977",0.00275739856957519,29,0.895763503657331,0.747385349387327,0.832269841354032,101317,16,16,1.02261072261072,0.699036837100288,0.981079525943554
"R-HSA-399997",0.0012966842356552,13,0.853894140270627,0.750726629139123,0.835169627379312,323221,6,6,1.02261072261072,0.87442215328985,0.981079525943554
"R-HSA-389977",0.00321460101222813,34,0.900838112327636,0.750997431982604,0.835169627379312,119077,12,12,1.02261072261072,0.764543080252822,0.981079525943554
"R-HSA-9696264",0.00331560420383748,35,0.899084011628356,0.757369823165423,0.841691346066469,176952,19,19,1.02261072261072,0.653599701257848,0.981079525943554
"R-HSA-9617828",0.00314219442073469,33,0.894490636346107,0.761586268565141,0.845809951080723,169124,13,13,1.02261072261072,0.747615283223714,0.981079525943554
"R-HSA-373076",0.0284867891714513,322,0.9627361559659,0.762680604397654,0.846457978222982,136359,139,139,1.02261072261072,0.0435925951255605,0.981079525943554
"R-HSA-9671555",0.0019626418591542,20,0.867928302035187,0.765254543314325,0.848540257129847,155594,11,11,1.02261072261072,0.781852142870286,0.981079525943554
"R-HSA-9664565",0.00177882291360921,18,0.861855985189876,0.765828348672701,0.848540257129847,150786,11,11,1.02261072261072,0.781852142870286,0.981079525943554
"R-HSA-380108",0.00260492149775723,27,0.882803479494649,0.76609307463262,0.848540257129847,170136,12,12,1.02261072261072,0.764543080252822,0.981079525943554
"R-HSA-9733709",0.00486862836293158,52,0.909686250885307,0.770758150201652,0.853137110811047,142761,16,16,1.02261072261072,0.699036837100288,0.981079525943554
"R-HSA-2022923",0.00178980400805372,18,0.856568187236388,0.774167906844513,0.856339266783283,142706,7,7,1.02261072261072,0.85507476531788,0.981079525943554
"R-HSA-167160",0.00289340399972639,30,0.883094315456794,0.775423252492685,0.85658421958692,198034,6,6,1.02261072261072,0.87442215328985,0.981079525943554
"R-HSA-77075",0.00289340399972639,30,0.883094315456794,0.775423252492685,0.85658421958692,198034,6,6,1.02261072261072,0.87442215328985,0.981079525943554
"R-HSA-9665686",0.00143143141540131,14,0.833014197252982,0.786277472195513,0.867995850385053,132065,9,9,1.02261072261072,0.8176484223102,0.981079525943554
"R-HSA-425366",0.00705363738458698,76,0.9176886801916,0.788341555363065,0.869695044764712,76367,41,44,0.952887264250901,0.984213550207255,0.999976083314057
"R-HSA-69002",0.00598435331305339,64,0.910872645224748,0.788878417064718,0.86970827483449,118299,42,42,1.02261072261072,0.390120638371983,0.981079525943554
"R-HSA-9758881",0.00209269919648129,21,0.854687592054426,0.791510314726118,0.872029648604507,134235,8,8,1.02261072261072,0.836153297943445,0.981079525943554
"R-HSA-2980736",0.0107997919997694,118,0.930596742649859,0.795602812356427,0.875956053205714,142238,36,36,1.02261072261072,0.446396381413818,0.981079525943554
"R-HSA-2408508",0.000673392739529126,6,0.758888082537102,0.800122340622004,0.880347090578128,281624,4,5,0.818088578088578,0.995345256034179,0.999976083314057
"R-HSA-9694548",0.00431362554788226,45,0.888515448124404,0.805122917453659,0.885261230405251,80136,20,20,1.02261072261072,0.639116738146024,0.981079525943554
"R-HSA-69205",0.00230694492454959,23,0.849152165671742,0.809449287871211,0.889428030505701,69542,11,11,1.02261072261072,0.781852142870286,0.981079525943554
"R-HSA-1482801",0.00147547017957979,14,0.808150993443198,0.81981673693,0.900199099695421,49364,10,10,1.02261072261072,0.799551012848913,0.981079525943554
"R-HSA-1236394",0.00606842731739412,64,0.898253113553177,0.820765248325485,0.900199099695421,227342,31,31,1.02261072261072,0.499410590944805,0.981079525943554
"R-HSA-418594",0.0315060182116876,353,0.954280605883578,0.820881617163416,0.900199099695421,124105,138,138,1.02261072261072,0.044594367626669,0.981079525943554
"R-HSA-174403",0.000997563798442926,9,0.768416605073258,0.825343590297574,0.904493603917381,81296,5,5,1.02261072261072,0.894204998507136,0.981079525943554
"R-HSA-9660826",0.00100030907205405,9,0.766307743035321,0.827650947860016,0.90565082107128,53984,5,6,0.852175602175602,0.993119224593568,0.999976083314057
"R-HSA-9664424",0.00100030907205405,9,0.766307743035321,0.827650947860016,0.90565082107128,53984,5,6,0.852175602175602,0.993119224593568,0.999976083314057
"R-HSA-375280",0.00779600512359565,83,0.906777819620379,0.828039223852136,0.90565082107128,207923,27,27,1.02261072261072,0.546294873483078,0.981079525943554
"R-HSA-5223345",0.0018696457155773,18,0.81998913586343,0.82871409963684,0.905791070645279,48933,7,9,0.795363895363895,0.999189605692225,0.999976083314057
"R-HSA-162594",0.00139345513044739,13,0.794593989009016,0.829839412742167,0.906423142329447,123326,5,5,1.02261072261072,0.894204998507136,0.981079525943554
"R-HSA-446193",0.0078077869228434,83,0.905409509452766,0.831653427125846,0.907806145419978,118971,41,41,1.02261072261072,0.398983901499301,0.981079525943554
"R-HSA-9857377",0.00139711549526223,13,0.792512196995892,0.832414000974892,0.908038182761946,112256,7,7,1.02261072261072,0.85507476531788,0.981079525943554
"R-HSA-69206",0.00845704413187471,90,0.90639776190168,0.838188172230558,0.913735395648707,139979,48,49,1.00174111602683,0.704708779387944,0.981079525943554
"R-HSA-73864",0.00630829559916626,66,0.891100755423582,0.841090863806183,0.915422779820459,82462,29,29,1.02261072261072,0.522329662645399,0.981079525943554
"R-HSA-73854",0.00630829559916626,66,0.891100755423582,0.841090863806183,0.915422779820459,82462,29,29,1.02261072261072,0.522329662645399,0.981079525943554
"R-HSA-1237044",0.00150795591731144,14,0.790741080514588,0.841945875948328,0.915422779820459,121178,5,6,0.852175602175602,0.993119224593568,0.999976083314057
"R-HSA-1480926",0.00150795591731144,14,0.790741080514588,0.841945875948328,0.915422779820459,121178,5,6,0.852175602175602,0.993119224593568,0.999976083314057
"R-HSA-1855167",0.00180387353531074,17,0.802671321203029,0.846410173911587,0.919673218473115,64069,6,6,1.02261072261072,0.87442215328985,0.981079525943554
"R-HSA-9864848",0.00209155533247666,20,0.814433350085848,0.847297476077916,0.920034022189454,160811,15,15,1.02261072261072,0.71487024590326,0.981079525943554
"R-HSA-427413",0.00696956338024625,73,0.892097249188692,0.850099549277804,0.922472136970086,85922,33,33,1.02261072261072,0.477492218197947,0.981079525943554
"R-HSA-6804115",0.00122931064578215,11,0.762124555082893,0.851452005165576,0.923335060575497,82340,6,6,1.02261072261072,0.87442215328985,0.981079525943554
"R-HSA-9710421",0.00360351477380432,36,0.850885466507175,0.853705352100992,0.92517316444169,139613,21,21,1.02261072261072,0.624953081851722,0.981079525943554
"R-HSA-2032785",0.00286137580759658,28,0.833447104890971,0.854940253857829,0.925302976774606,172536,11,11,1.02261072261072,0.781852142870286,0.981079525943554
"R-HSA-71288",0.00123445803380301,11,0.758946682123411,0.854941977937189,0.925302976774606,43292,5,6,0.852175602175602,0.993119224593568,0.999976083314057
"R-HSA-9754189",0.00416686779608748,42,0.858488497674082,0.857181904261462,0.927121681045197,174571,13,13,1.02261072261072,0.747615283223714,0.981079525943554
"R-HSA-9646399",0.00499948640506192,51,0.868839778665095,0.859275434301733,0.928779774714919,166592,22,23,0.978149386845039,0.909111574738058,0.987801888092435
"R-HSA-442660",0.00287567410765453,28,0.829303075928704,0.861249811519725,0.930246270756395,57320,11,13,0.865285996055227,0.997415360493848,0.999976083314057
"R-HSA-1266695",0.00306441166841945,30,0.833813762951833,0.861754994333776,0.930246270756395,231702,18,19,0.968789105631211,0.934978876548252,0.999976083314057
"R-HSA-8847993",0.0013501026846717,12,0.757023492653719,0.865642895609398,0.932854756630554,145191,8,8,1.02261072261072,0.836153297943445,0.981079525943554
"R-HSA-1963642",0.00164487643866636,15,0.77669925971765,0.865852129450257,0.932854756630554,173617,9,9,1.02261072261072,0.8176484223102,0.981079525943554
"R-HSA-5250941",0.00729636532637071,76,0.887159961497092,0.865860359503797,0.932854756630554,83247,35,35,1.02261072261072,0.456531068130527,0.981079525943554
"R-HSA-73886",0.00767464115270379,80,0.887823877325527,0.870142116892712,0.936825076933259,115712,43,43,1.02261072261072,0.381453276502518,0.981079525943554
"R-HSA-8866904",0.0019450263534828,18,0.788209975634425,0.870676293589148,0.936825076933259,161820,8,8,1.02261072261072,0.836153297943445,0.981079525943554
"R-HSA-157579",0.00634249713290487,65,0.872866827848419,0.878257053422067,0.944368551278628,122458,33,33,1.02261072261072,0.477492218197947,0.981079525943554
"R-HSA-77289",0.0032989037893698,32,0.8261810710857,0.880125409200246,0.945763815204155,77740,18,18,1.02261072261072,0.668409131536291,0.981079525943554
"R-HSA-196741",0.00312309189185727,30,0.818147116048771,0.884767267382004,0.950135685062852,119173,12,12,1.02261072261072,0.764543080252822,0.981079525943554
"R-HSA-2022377",0.00188554542524174,17,0.767903830100205,0.888628321030694,0.953663942971412,221069,7,7,1.02261072261072,0.85507476531788,0.981079525943554
"R-HSA-190861",0.00473525381999104,47,0.845375207016242,0.891707187841232,0.956348744500272,118651,20,21,0.973914973914974,0.922389864032085,0.99440468750889
"R-HSA-500792",0.0454528088610111,506,0.948166707686919,0.894650681758055,0.958884980383633,126070,206,206,1.02261072261072,0.00945492379882129,0.981079525943554
"R-HSA-446219",0.00677876686427299,69,0.866948510543064,0.895960251788741,0.959228790331553,124324,34,34,1.02261072261072,0.466894633215633,0.981079525943554
"R-HSA-9856649",0.00941857621417161,98,0.886208132754028,0.896129250110588,0.959228790331553,163087,31,31,1.02261072261072,0.499410590944805,0.981079525943554
"R-HSA-5083632",0.00287212812924016,27,0.800672413817023,0.896951565855261,0.959489183100173,65407,9,9,1.02261072261072,0.8176484223102,0.981079525943554
"R-HSA-1250347",0.000788923003997347,6,0.647756146425391,0.899449226267496,0.961008888094862,175442,5,5,1.02261072261072,0.894204998507136,0.981079525943554
"R-HSA-549132",0.00171282196054172,15,0.745888563826619,0.899532157776181,0.961008888094862,81026,11,11,1.02261072261072,0.781852142870286,0.981079525943554
"R-HSA-9834899",0.00643778100449104,65,0.859947759821949,0.901971589035321,0.962559633784782,181287,12,12,1.02261072261072,0.764543080252822,0.981079525943554
"R-HSA-5250924",0.00495945116489966,49,0.841506304068163,0.902145510722852,0.962559633784782,64510,23,23,1.02261072261072,0.597555826160392,0.981079525943554
"R-HSA-9730414",0.0203117075167193,218,0.914123705384804,0.916574864532109,0.97732596559183,157941,73,73,1.02261072261072,0.194172318389264,0.981079525943554
"R-HSA-70268",0.00427164573891213,41,0.817492055027727,0.917630073181132,0.977821885055392,102712,27,27,1.02261072261072,0.546294873483078,0.981079525943554
"R-HSA-1660516",0.00208286196604142,18,0.73604933965005,0.926218127164658,0.986338969609151,130373,10,10,1.02261072261072,0.799551012848913,0.981079525943554
"R-HSA-3296469",0.00208549285325209,18,0.735120800004814,0.927045774801801,0.986586286992026,110116,7,7,1.02261072261072,0.85507476531788,0.981079525943554
"R-HSA-1250342",0.000952953102262128,7,0.625635557821619,0.928905043520709,0.987630332216562,271167,6,6,1.02261072261072,0.87442215328985,0.981079525943554
"R-HSA-375276",0.0162189621081322,171,0.89798268609456,0.929218882272553,0.987630332216562,122818,76,76,1.02261072261072,0.181470356779185,0.981079525943554
"R-HSA-9861718",0.00271152962298929,24,0.753861909621754,0.935872374814572,0.994064439145991,134604,17,17,1.02261072261072,0.683552349043945,0.981079525943554
"R-HSA-9033658",0.00222481548901673,19,0.727368540668573,0.938382090348034,0.995663643503154,63666,7,7,1.02261072261072,0.85507476531788,0.981079525943554
"R-HSA-389957",0.00311497045742435,28,0.765594863720903,0.938601559927708,0.995663643503154,138085,12,12,1.02261072261072,0.764543080252822,0.981079525943554
"R-HSA-1660514",0.00130469128368765,10,0.652810529822889,0.939945277194792,0.995663643503154,116770,4,5,0.818088578088578,0.995345256034179,0.999976083314057
"R-HSA-5578768",0.00213136179983798,18,0.719300296553843,0.940268389203555,0.995663643503154,55256,7,7,1.02261072261072,0.85507476531788,0.981079525943554
"R-HSA-389958",0.00361140743543631,33,0.778273716597858,0.940899705049756,0.995663643503154,125306,14,14,1.02261072261072,0.731060396230745,0.981079525943554
"R-HSA-389960",0.00332075159185834,30,0.769448889445062,0.940983262357235,0.995663643503154,134533,12,12,1.02261072261072,0.764543080252822,0.981079525943554
"R-HSA-69239",0.00730128394159064,72,0.83990113900597,0.941692930293213,0.995778676130092,142444,38,38,1.02261072261072,0.426793636458128,0.981079525943554
"R-HSA-449147",0.0354405672284335,385,0.925241229994497,0.944053787907153,0.99723467765369,118775,201,203,1.01253574012195,0.168479333311872,0.981079525943554
"R-HSA-196780",0.00131807449254189,10,0.646182149020209,0.944273511912275,0.99723467765369,145145,7,8,0.894784382284382,0.987525036938923,0.999976083314057
"R-HSA-9856651",0.0138396105920892,143,0.880049456278917,0.945180090333936,0.997556311900212,150266,48,48,1.02261072261072,0.340907462520191,0.981079525943554
"R-HSA-9679506",0.0392542098198895,427,0.926481064203741,0.950192625313563,1,99572,190,191,1.01725673976983,0.0721820812144228,0.981079525943554
"R-HSA-9635486",0.00329467149255264,29,0.749688401179169,0.95474951837486,1,121542,14,14,1.02261072261072,0.731060396230745,0.981079525943554
"R-HSA-3323169",0.00113597134300386,8,0.599815277668703,0.954845155018513,1,179529,5,6,0.852175602175602,0.993119224593568,0.999976083314057
"R-HSA-3371599",0.00113597134300386,8,0.599815277668703,0.954845155018513,1,179529,5,6,0.852175602175602,0.993119224593568,0.999976083314057
"R-HSA-844456",0.00079475671042099,5,0.535834549738045,0.955294120842021,1,62108,4,5,0.818088578088578,0.995345256034179,0.999976083314057
"R-HSA-190872",0.00325337800198529,28,0.733024376937192,0.963849024256772,1,142764,11,12,0.937393162393162,0.972251831662388,0.999976083314057
"R-HSA-9637690",0.00295894740719202,25,0.719610803227914,0.96469521603232,1,124642,12,12,1.02261072261072,0.764543080252822,0.981079525943554
"R-HSA-6785631",0.00183407154503313,14,0.65013968220181,0.965834952223989,1,148350,8,8,1.02261072261072,0.836153297943445,0.981079525943554
"R-HSA-975578",0.0015121882141286,11,0.619557684831759,0.965847501338649,1,76488,7,7,1.02261072261072,0.85507476531788,0.981079525943554
"R-HSA-73762",0.00580533859632788,54,0.792247936575175,0.96637630445,1,99272,18,18,1.02261072261072,0.668409131536291,0.981079525943554
"R-HSA-2892247",0.00225787315875071,18,0.678997032559287,0.966643469754556,1,92106,9,9,1.02261072261072,0.8176484223102,0.981079525943554
"R-HSA-73772",0.00546092114453202,50,0.779828334467215,0.970322947461782,1,92706,21,21,1.02261072261072,0.624953081851722,0.981079525943554
"R-HSA-190840",0.00312903998468137,26,0.707712957346578,0.973616752334716,1,151720,10,11,0.929646111464293,0.976539712635186,0.999976083314057
"R-HSA-162906",0.0240380732846215,249,0.882255966693381,0.980502398671499,1,126473,79,81,0.997361075138853,0.733970407177449,0.981079525943554
"R-HSA-204174",0.00193930703345962,14,0.614860190186612,0.980644395537053,1,183886,10,10,1.02261072261072,0.799551012848913,0.981079525943554
"R-HSA-3296482",0.00322146419625595,26,0.687408583894317,0.982350709189569,1,131474,12,13,0.943948359332975,0.967676644602123,0.999976083314057
"R-HSA-166658",0.00592864713602762,53,0.761404043734272,0.983398903900167,1,57648,24,25,0.981706293706294,0.895227666401119,0.981079525943554
"R-HSA-549127",0.00141347275052852,9,0.542312957258548,0.984230733308935,1,83533,7,7,1.02261072261072,0.85507476531788,0.981079525943554
"R-HSA-388844",0.00410155316142277,34,0.706033786171279,0.986596512141708,1,181570,16,16,1.02261072261072,0.699036837100288,0.981079525943554
"R-HSA-180786",0.00536723868255235,46,0.729964659531465,0.989459897797287,1,166613,22,22,1.02261072261072,0.611101728272464,0.981079525943554
"R-HSA-69190",0.00430150058943312,35,0.693015534132683,0.991101663942472,1,206113,13,13,1.02261072261072,0.747615283223714,0.981079525943554
"R-HSA-9827857",0.00358029433451022,28,0.666091991336985,0.991124465986686,1,137791,11,11,1.02261072261072,0.781852142870286,0.981079525943554
"R-HSA-390666",0.00191471395735995,12,0.533792238711502,0.994148442377858,1,279046,8,8,1.02261072261072,0.836153297943445,0.981079525943554
"R-HSA-73863",0.00499376708503874,40,0.682223414633151,0.99585430848137,1,122072,10,10,1.02261072261072,0.799551012848913,0.981079525943554
"R-HSA-9764302",0.0028880278389046,20,0.589825483456897,0.996125271416754,1,244835,6,6,1.02261072261072,0.87442215328985,0.981079525943554
"R-HSA-977606",0.00453301866397142,35,0.657620660654055,0.996789588382671,1,52009,18,19,0.968789105631211,0.934978876548252,0.999976083314057
"R-HSA-9013406",0.012737612010023,117,0.782334995572492,0.99756509303202,1,184332,43,43,1.02261072261072,0.381453276502518,0.981079525943554
"R-HSA-68962",0.00349267435175511,24,0.585258943066211,0.998413781235404,1,214486,14,14,1.02261072261072,0.731060396230745,0.981079525943554
"R-HSA-174417",0.00419054578098344,30,0.60974125042936,0.998721868259157,1,227902,13,13,1.02261072261072,0.747615283223714,0.981079525943554
"R-HSA-69186",0.00388593479654892,27,0.591783929074875,0.998867388952347,1,247305,10,10,1.02261072261072,0.799551012848913,0.981079525943554
"R-HSA-9694516",0.0318243555641777,316,0.845711773285164,0.999129045879675,1,100431,130,131,1.0148045338885,0.209507810302432,0.981079525943554
"R-HSA-9717189",0.00867929690797545,72,0.706549938752864,0.999261557209425,1,116120,21,21,1.02261072261072,0.624953081851722,0.981079525943554
"R-HSA-69166",0.00330702522380271,21,0.540849832127416,0.99933727294537,1,220096,7,7,1.02261072261072,0.85507476531788,0.981079525943554
"R-HSA-69183",0.00330702522380271,21,0.540849832127416,0.99933727294537,1,220096,7,7,1.02261072261072,0.85507476531788,0.981079525943554
"R-HSA-6785807",0.0147180981476495,131,0.758079081614939,0.999630875005251,1,136987,61,61,1.02261072261072,0.254455268929914,0.981079525943554
"R-HSA-390522",0.00414673578960589,27,0.554564814038719,0.999733385305588,1,83315,15,16,0.958697552447552,0.952371377947842,0.999976083314057
"R-HSA-264876",0.00397309723370217,25,0.535927110551611,0.999806357617947,1,149422,11,11,1.02261072261072,0.781852142870286,0.981079525943554
"R-HSA-69091",0.00305114284596567,17,0.47454925153227,0.999833044726641,1,371957,6,6,1.02261072261072,0.87442215328985,0.981079525943554
"R-HSA-69109",0.00305114284596567,17,0.47454925153227,0.999833044726641,1,371957,6,6,1.02261072261072,0.87442215328985,0.981079525943554
"R-HSA-113501",0.00269871834613737,14,0.441840362159277,0.999853784676817,1,316732,5,6,0.852175602175602,0.993119224593568,0.999976083314057
"R-HSA-174411",0.00333539305111768,19,0.485178439452785,0.99987366694749,1,335881,8,8,1.02261072261072,0.836153297943445,0.981079525943554
"R-HSA-9824585",0.0073758638746929,55,0.635103795902411,0.99989098632741,1,164208,23,23,1.02261072261072,0.597555826160392,0.981079525943554
"R-HSA-6803157",0.00844526233262696,65,0.655533852589551,0.999898823971518,1,344586,22,24,0.937393162393162,0.984695262800038,0.999976083314057
"R-HSA-983169",0.03893850335461,381,0.833375315824327,0.999913747701071,1,106341,162,166,0.997969500379139,0.694313866456917,0.981079525943554
"R-HSA-5687128",0.00983986132707899,77,0.666494636949781,0.99994599594524,1,166895,31,31,1.02261072261072,0.499410590944805,0.981079525943554
"R-HSA-9717207",0.00729579339436839,52,0.607051768468084,0.999965875019151,1,87899,18,18,1.02261072261072,0.668409131536291,0.981079525943554
"R-HSA-1461973",0.00674502287613623,46,0.580857119313097,0.999980159798645,1,486131,10,11,0.929646111464293,0.976539712635186,0.999976083314057
"R-HSA-162909",0.0124871057930077,100,0.682076553428711,0.999982787413973,1,73218,44,44,1.02261072261072,0.372977507903104,0.981079525943554
"R-HSA-113510",0.00343731133393074,17,0.421235498681257,0.99998891180473,1,285342,7,8,0.894784382284382,0.987525036938923,0.999976083314057
"R-HSA-2172127",0.00999679946851503,73,0.621951889616878,0.999995952726769,1,106332,20,20,1.02261072261072,0.639116738146024,0.981079525943554
"R-HSA-1461957",0.00641009949557885,40,0.531483923921545,0.999997037035546,1,540164,7,8,0.894784382284382,0.987525036938923,0.999976083314057
"R-HSA-8852135",0.011052357171993,82,0.631907999191817,0.99999741645292,1,60242,31,34,0.932380364733306,0.993603656734543,0.999976083314057
"R-HSA-168256",0.18075155983015,1926,0.907547032211812,0.999999098179333,1,118493,863,882,1.00058169343884,0.512174771265742,0.981079525943554
"R-HSA-9619665",0.00857909442116935,57,0.565885179504423,0.999999237120041,1,118454,17,17,1.02261072261072,0.683552349043945,0.981079525943554
"R-HSA-9709957",0.0400782494488291,370,0.786299305365993,0.999999583207865,1,106431,173,184,0.961476385932908,0.999234473378255,0.999976083314057
"R-HSA-9705683",0.0227493960969988,191,0.715086216200327,0.999999688499695,1,90996,77,77,1.02261072261072,0.177422845947366,0.981079525943554
"R-HSA-8866654",0.0100099539045683,67,0.570082404881398,0.999999858913298,1,55755,22,24,0.937393162393162,0.984695262800038,0.999976083314057
"R-HSA-420499",0.00605984833735935,28,0.3935420905081,0.999999998274119,1,130964,16,16,1.02261072261072,0.699036837100288,0.981079525943554
"R-HSA-9705671",0.0194793176805458,140,0.612137812513877,0.999999999924791,1,61497,53,53,1.02261072261072,0.304651540208122,0.981079525943554
"R-HSA-1280218",0.0849938997732633,804,0.80568115263209,0.99999999998392,1,106664,328,336,0.998262848262848,0.674176089008668,0.981079525943554
"R-HSA-164952",0.00931791618176365,47,0.4296095929886,0.999999999995005,1,69937,11,11,1.02261072261072,0.781852142870286,0.981079525943554
"R-HSA-9753281",0.00610800501195452,21,0.292829497296448,0.999999999999532,1,92795,9,9,1.02261072261072,0.8176484223102,0.981079525943554
"R-HSA-164938",0.00883165959339295,38,0.366468109054741,0.999999999999967,1,64181,6,6,1.02261072261072,0.87442215328985,0.981079525943554
"R-HSA-1236975",0.0176373534738807,107,0.516708101405468,0.999999999999996,1,98581,39,39,1.02261072261072,0.417315847370115,0.981079525943554
"R-HSA-381753",0.0188841652389337,116,0.523184789459477,0.999999999999999,1,82947,66,74,0.912058212058212,0.999966476634388,0.999976083314057
"R-HSA-1280215",0.0879555924540664,742,0.718514205659344,1,1,103484,335,341,1.00461757206625,0.366268163609385,0.981079525943554
"R-HSA-913531",0.0501911511138147,317,0.537931551667938,1,1,79151,121,125,0.989887179487179,0.856786978767795,0.981079525943554
"R-HSA-2132295",0.0253567197091657,154,0.517276278481486,1,1,97093,58,59,1.00527833748173,0.623676346320775,0.981079525943554
"R-HSA-202403",0.0239748176051651,140,0.497356314054429,1,1,92832,50,50,1.02261072261072,0.325916728696918,0.981079525943554
"R-HSA-211859",0.0320475234314822,178,0.473064589145286,1,1,92170,87,88,1.01099014621742,0.416640323528911,0.981079525943554
"R-HSA-1236974",0.0166052449824977,92,0.47188639031378,1,1,100529,29,29,1.02261072261072,0.522329662645399,0.981079525943554
"R-HSA-198933",0.0225378956425416,122,0.461042943154448,1,1,53205,45,47,0.979095372712394,0.914919610610404,0.98991050693131
"R-HSA-909733",0.017289046884469,91,0.448296400955069,1,1,68511,33,35,0.964175824175824,0.958497684947245,0.999976083314057
"R-HSA-9752946",0.0168321876010175,88,0.445283929187553,1,1,81578,63,71,0.907386979217965,0.999976083314057,0.999976083314057
"R-HSA-202424",0.021922611194448,103,0.400165694963563,1,1,83477,39,39,1.02261072261072,0.417315847370115,0.981079525943554
"R-HSA-877300",0.0391002457248655,180,0.39209195396745,1,1,72654,50,51,1.0025595319713,0.688295484813389,0.981079525943554
"R-HSA-388841",0.0215557740081612,95,0.375365968044165,1,1,66131,33,33,1.02261072261072,0.477492218197947,0.981079525943554
"R-HSA-202433",0.0202246594659665,77,0.324268243619314,1,1,59213,20,20,1.02261072261072,0.639116738146024,0.981079525943554
"R-HSA-983170",0.014429272486479,54,0.31874562826163,1,1,42385,11,11,1.02261072261072,0.781852142870286,0.981079525943554
"R-HSA-1236977",0.0145480055701602,53,0.310289673830208,1,1,49821,9,9,1.02261072261072,0.8176484223102,0.981079525943554
"R-HSA-9748784",0.0247146688433636,80,0.275695770332167,1,1,80887,40,42,0.973914973914974,0.934840807243411,0.999976083314057
"R-HSA-156580",0.0247915365044751,71,0.243921351015918,1,1,93497,37,37,1.02261072261072,0.436485543923055,0.981079525943554
"R-HSA-389948",0.0191256349303124,53,0.236023322608266,1,1,28401,13,13,1.02261072261072,0.747615283223714,0.981079525943554
"R-HSA-202427",0.0188417278843618,52,0.235059348569884,1,1,31829,13,13,1.02261072261072,0.747615283223714,0.981079525943554
"R-HSA-202430",0.0186834171061202,49,0.223375060155038,1,1,27661,12,12,1.02261072261072,0.764543080252822,0.981079525943554
"R-HSA-9749641",0.0210003136475101,34,0.137894850350745,1,1,69197,18,18,1.02261072261072,0.668409131536291,0.981079525943554
"R-HSA-156588",0.01973451373998,22,0.0949491678710431,1,1,69862,11,11,1.02261072261072,0.781852142870286,0.981079525943554
