"id","genome_fraction","observed_region_hits","fold_enrichment","p_value","p_adjust","mean_tss_dist","observed_gene_hits","gene_set_size","fold_enrichment_hyper","p_value_hyper","p_adjust_hyper"
"R-HSA-1266738",0.143650777788531,612,1.20382366830989,7.17838922859038e-07,0.000891619109990582,172808,352,616,1.20344371807238,3.81520551484549e-07,0.000511237538989295
"R-HSA-162582",0.260333389786292,1046,1.13532773804849,1.33077479103072e-06,0.000891619109990582,142579,661,1274,1.09268722204099,0.000359690384368672,0.0803308525090033
"R-HSA-9013508",0.00485092211174741,39,2.27174584761238,3.95580399714657e-06,0.00176692578539213,165700,10,16,1.31626656664166,0.170270657907034,0.836484166201772
"R-HSA-2122947",0.00965950450431497,62,1.81366168178601,1.08782804510987e-05,0.00323862386439361,167756,16,30,1.12321413686755,0.322358150473525,0.866437501201784
"R-HSA-4090294",0.00384804932235411,32,2.34978856332602,1.4534012236056e-05,0.00323862386439361,191329,7,14,1.05301325331333,0.529475781815918,0.999999992102175
"R-HSA-9013695",0.00402897930245181,33,2.31439957500703,1.45343828390487e-05,0.00323862386439361,138251,9,14,1.35387418283142,0.160658153553646,0.836484166201772
"R-HSA-8878166",0.0104823677422884,65,1.75215855097248,1.90617840627461e-05,0.00323862386439361,234706,27,49,1.16046358528408,0.17675413760004,0.836484166201772
"R-HSA-416482",0.0137247749946352,80,1.64704016865787,1.9335067847126e-05,0.00323862386439361,106840,32,46,1.46506191765333,0.0019913938495093,0.242587978031133
"R-HSA-350054",0.00668757179343687,46,1.94360859839748,2.86303055825332e-05,0.00389778887289628,142517,10,17,1.23883912154509,0.243715846734381,0.866437501201784
"R-HSA-8941326",0.00610559788943074,43,1.99003032472612,3.02111288748019e-05,0.00389778887289628,234967,13,22,1.24447020846121,0.189995088088456,0.837478348810956
"R-HSA-186712",0.00773409920012118,51,1.86328752061012,3.19967743297456e-05,0.00389778887289628,118646,21,27,1.63802061626518,0.00128430768000087,0.191219143466797
"R-HSA-6811438",0.00333392416088462,28,2.37313121741349,4.05599996574635e-05,0.00452919996175009,123806,17,19,1.88433950592911,0.000162904167801292,0.0436583169707463
"R-HSA-210744",0.00467025511127194,35,2.11761437924148,4.8314634732316e-05,0.00473033298164616,111986,11,12,1.9305242977411,0.00186325152246103,0.242587978031133
"R-HSA-1296071",0.00807925995430466,52,1.81865867695497,4.94213893604822e-05,0.00473033298164616,175215,29,42,1.45416115933745,0.00382222600606519,0.320111428007959
"R-HSA-1980143",0.0131468772747737,75,1.61197421991588,6.67864824051012e-05,0.00596625909485571,165218,22,44,1.05301325331333,0.426217155546727,0.968422279236716
"R-HSA-422475",0.0555384034401942,250,1.27193833015347,8.88519980738467e-05,0.00604002333562976,147889,160,267,1.26203835603096,2.26537147440808e-05,0.00758899443926708
"R-HSA-8878159",0.0128699597325602,73,1.60274750464824,9.79384024426544e-05,0.00604002333562976,172019,26,44,1.24447020846121,0.0815548610610041,0.746299672433418
"R-HSA-8941856",0.00485802256154775,35,2.03576645704268,0.000102339363243553,0.00604002333562976,148158,10,11,1.91456955147878,0.00362430928171764,0.320111428007959
"R-HSA-2644602",0.0111282456944976,65,1.65046412330474,0.000103672042327974,0.00604002333562976,171116,18,34,1.11495520939058,0.319917128190075,0.866437501201784
"R-HSA-2644603",0.0111282456944976,65,1.65046412330474,0.000103672042327974,0.00604002333562976,171116,18,34,1.11495520939058,0.319917128190075,0.866437501201784
"R-HSA-2644606",0.0111282456944976,65,1.65046412330474,0.000103672042327974,0.00604002333562976,171116,18,34,1.11495520939058,0.319917128190075,0.866437501201784
"R-HSA-2894858",0.0111282456944976,65,1.65046412330474,0.000103672042327974,0.00604002333562976,171116,18,34,1.11495520939058,0.319917128190075,0.866437501201784
"R-HSA-2894862",0.0111282456944976,65,1.65046412330474,0.000103672042327974,0.00604002333562976,171116,18,34,1.11495520939058,0.319917128190075,0.866437501201784
"R-HSA-9758941",0.0190681264490177,100,1.48187446354489,0.000109148501801326,0.00609412468390737,217813,38,60,1.33381678753022,0.00957639238730001,0.475876040700615
"R-HSA-204998",0.0118513081658328,68,1.62129505830058,0.000120574446516475,0.00646279033328305,109556,29,47,1.29946316366326,0.0349304019482269,0.746071404389813
"R-HSA-193648",0.0106488338431632,62,1.64516354020897,0.000160077377598933,0.00825014176856038,114682,25,39,1.35001699142734,0.0270311253546383,0.677656567317563
"R-HSA-9793380",0.00698592217486251,44,1.77970643472279,0.000279223696815656,0.0135109084702521,138281,16,24,1.40401767108444,0.0460666162598216,0.746071404389813
"R-HSA-1234158",0.00113528302918863,13,3.235628438349,0.000282317490423178,0.0135109084702521,136080,6,9,1.40401767108444,0.20679200981924,0.860563022229133
"R-HSA-6811442",0.0173537622916675,90,1.46544088018369,0.000330191088915299,0.0152571054878104,146297,54,96,1.18463990997749,0.0518903602464207,0.746071404389813
"R-HSA-1368082",0.00272433739654382,22,2.28181917974775,0.000428357943412561,0.0187467126138572,163714,8,15,1.12321413686755,0.421307744855511,0.968422279236716
"R-HSA-4086398",0.0110780165866507,62,1.5814268779509,0.00043369260524595,0.0187467126138572,134660,26,39,1.40401767108444,0.0121431052401855,0.475876040700615
"R-HSA-9006936",0.0159203918606755,83,1.47313916747609,0.000470986039940113,0.0197225404224922,117523,43,82,1.10437975347495,0.214054779484386,0.866437501201784
"R-HSA-199991",0.0544929279519989,239,1.23930212611863,0.000525275058397834,0.0213293508561545,132704,149,283,1.10882667663382,0.0436948829063406,0.746071404389813
"R-HSA-9012852",0.00897010342462583,52,1.63804312210412,0.000562025956791556,0.0216307221119732,161968,18,29,1.30718886618206,0.0822478456894598,0.746299672433418
"R-HSA-456926",0.00354207253188365,26,2.07412695350102,0.000564981547700794,0.0216307221119732,86862,11,18,1.28701619849407,0.178115879861727,0.836484166201772
"R-HSA-392518",0.00316956189698773,24,2.13959434678706,0.000591796714715542,0.0216421340736243,111861,12,18,1.40401767108444,0.0811501185518135,0.746299672433418
"R-HSA-3858494",0.0146713701448702,77,1.48299432278924,0.000613725204023585,0.0216421340736243,137144,39,67,1.22589602624537,0.0502589996877895,0.746071404389813
"R-HSA-200425",0.00123508379582683,13,2.97417395259292,0.000613732160296809,0.0216421340736243,101257,7,9,1.63802061626518,0.0673691342769905,0.746071404389813
"R-HSA-73887",0.0165969069388751,85,1.447142186977,0.000681665735083548,0.0225681601603079,105222,45,78,1.21501529228461,0.0445674868583352,0.746071404389813
"R-HSA-1483206",0.0103909823235617,58,1.57721473178294,0.000689060107635697,0.0225681601603079,112431,42,68,1.30078107762235,0.0122584001821386,0.475876040700615
"R-HSA-9006934",0.0620027055343536,267,1.21680240115045,0.00071067953588444,0.0225681601603079,143400,163,286,1.20028783419631,0.000649968972828097,0.108869802948706
"R-HSA-195721",0.0284209967138066,134,1.33224755329856,0.000713120439065795,0.0225681601603079,137152,76,146,1.09628777057278,0.150954267284133,0.836484166201772
"R-HSA-193704",0.013612614185752,72,1.49454982504787,0.000737452790538162,0.0225681601603079,104519,34,55,1.30190729500557,0.022601593721109,0.630961158047627
"R-HSA-428930",0.00247148248976483,20,2.28660892961721,0.000741044064965335,0.0225681601603079,86939,8,12,1.40401767108444,0.148701910310347,0.836484166201772
"R-HSA-3899300",0.00525683115866718,34,1.82757128617135,0.000828807517289754,0.0243337421961867,92981,16,25,1.34785696424106,0.0725294271328448,0.746299672433418
"R-HSA-418592",0.00287108002575096,22,2.16519402725869,0.000839396558241612,0.0243337421961867,98512,10,14,1.50430464759047,0.0625740719348773,0.746071404389813
"R-HSA-1912408",0.00631663903627436,39,1.7446085016365,0.000853496927776698,0.0243337421961867,95817,12,31,0.815236067081286,0.877416918065042,0.999999992102175
"R-HSA-157118",0.0208085255889692,102,1.38509097736227,0.000896209636785272,0.0250191856935889,166130,35,95,0.7759045024414,0.986307417380136,0.999999992102175
"R-HSA-3232118",0.00198273486184103,17,2.42272274188755,0.000969796748171659,0.0261830627590424,157535,7,9,1.63802061626518,0.0673691342769905,0.746071404389813
"R-HSA-2990846",0.0194264361843129,96,1.3963604342546,0.000976979953695611,0.0261830627590424,140316,44,92,1.00723006838666,0.514716393734774,0.999999992102175
"R-HSA-3108232",0.0189685886620018,94,1.40027157247104,0.00100828770652583,0.0264922652302866,141112,43,89,1.01751842454996,0.478868362535185,0.999999992102175
"R-HSA-9818028",0.00182323772095548,16,2.4796827601953,0.00106393553280149,0.027416800268346,86488,3,5,1.26361590397599,0.452870717786721,0.968422279236716
"R-HSA-5628897",0.00620500418663559,38,1.73045757020686,0.00113455182197608,0.0286014148530741,124141,23,39,1.24201563211316,0.100323065664082,0.795460994022898
"R-HSA-9013026",0.013156081561552,69,1.48197873120258,0.0011525943299,0.0286014148530741,187807,29,45,1.35721708204829,0.0161721609822914,0.528553554055376
"R-HSA-163685",0.0110989234666184,60,1.52753029088433,0.00118315560801907,0.0288259729953737,131328,29,54,1.13101423504024,0.217076202664394,0.866437501201784
"R-HSA-8951936",0.00276812350364595,21,2.14364699378393,0.00122364303401312,0.0292800297424568,215375,3,6,1.05301325331333,0.607990355101731,0.999999992102175
"R-HSA-5653656",0.0573804442041395,246,1.21140856103721,0.00141892161997026,0.033357104750178,131862,157,305,1.08408577554225,0.0863712543892414,0.746299672433418
"R-HSA-202040",0.00263163707970597,20,2.14745185575522,0.00154319321670515,0.0356530846618087,86939,8,12,1.40401767108444,0.148701910310347,0.836484166201772
"R-HSA-9843745",0.0105779608349708,57,1.52262283375505,0.00164955791903787,0.0374354302189322,166097,34,59,1.21364239364926,0.0756638708709709,0.746299672433418
"R-HSA-9843743",0.00343543429506734,24,1.97400856314548,0.00170674295068218,0.0374354302189322,204837,11,15,1.54441943819288,0.0393012671264277,0.746071404389813
"R-HSA-9844594",0.00343543429506734,24,1.97400856314548,0.00170674295068218,0.0374354302189322,204837,11,15,1.54441943819288,0.0393012671264277,0.746071404389813
"R-HSA-8948216",0.00424856728701806,28,1.86223707150875,0.00173208706983119,0.0374354302189322,106669,14,24,1.22851546219888,0.194528788452844,0.851858093224872
"R-HSA-2028269",0.00266845422681887,20,2.11782307288287,0.001807365002233,0.0377629306880595,202331,10,14,1.50430464759047,0.0625740719348773,0.746071404389813
"R-HSA-9824272",0.00365344440190019,25,1.93355684007041,0.00182161474731446,0.0377629306880595,154577,9,15,1.26361590397599,0.237965861556451,0.866437501201784
"R-HSA-112316",0.0394825770740677,175,1.25242576742174,0.00183178395128647,0.0377629306880595,148186,105,202,1.09471674849405,0.110471664825716,0.829077125036441
"R-HSA-9839394",0.00427946739263068,28,1.8487906967836,0.0019160112360862,0.0388359646443536,152951,11,18,1.28701619849407,0.178115879861727,0.836484166201772
"R-HSA-5663202",0.0554612189210682,237,1.2074756267366,0.00200704472904301,0.0388359646443536,150003,119,236,1.0619370944431,0.197165310209156,0.860563022229133
"R-HSA-9680350",0.00250251408518857,19,2.14534186470317,0.00201117541646068,0.0388359646443536,152920,10,16,1.31626656664166,0.170270657907034,0.836484166201772
"R-HSA-9839373",0.00513323073621671,32,1.76148370362294,0.00202582224112557,0.0388359646443536,145908,14,26,1.13401427279897,0.324363240245962,0.866437501201784
"R-HSA-936837",0.00577319164692566,35,1.71305579014027,0.00202874442171996,0.0388359646443536,182622,19,33,1.21256071593656,0.161417427842218,0.836484166201772
"R-HSA-1474244",0.0292940890596269,134,1.29254073261008,0.00208831523626163,0.0394132734731068,152341,83,155,1.12774322612911,0.0742904072128272,0.746299672433418
"R-HSA-397014",0.018523495651369,90,1.3729002973216,0.00219535836602747,0.0408580584788445,143981,55,97,1.19413874087078,0.0421794269121611,0.746071404389813
"R-HSA-8953854",0.0379574267549156,168,1.25063896777351,0.00235703281046595,0.042758076619785,113343,118,258,0.963221425511417,0.736675064399309,0.999999992102175
"R-HSA-9616222",0.00216142951514973,17,2.22242585624299,0.00236126691780902,0.042758076619785,165222,7,25,0.589687421855464,0.985943264179326,0.999999992102175
"R-HSA-9013694",0.00714936401008159,41,1.62045092978416,0.00241305826326665,0.0431133076370309,153201,16,31,1.08698142277505,0.388488734603754,0.968422279236716
"R-HSA-2197563",0.00255879172434686,19,2.09815757292039,0.00255682124598888,0.0450807956529619,154706,5,7,1.50430464759047,0.187272574522785,0.836484166201772
"R-HSA-420092",0.00276089156403449,20,2.04691629476044,0.00264425849208982,0.0454728644842252,80092,9,11,1.7231125963309,0.0221860346114271,0.630961158047627
"R-HSA-1474228",0.011981220099217,62,1.46221111367951,0.00264692793266386,0.0454728644842252,151669,40,78,1.08001359314188,0.287040324321295,0.866437501201784
"R-HSA-9634597",0.00440241036602556,28,1.79716083801317,0.00282322734192975,0.0469870423418009,94882,12,22,1.14874173088727,0.325652467487937,0.866437501201784
"R-HSA-4755510",0.000385791105818792,6,4.3945911493952,0.00282751335523468,0.0469870423418009,28378,4,5,1.68482120530133,0.157543419148305,0.836484166201772
"R-HSA-1442490",0.00503974148051216,31,1.73809244504492,0.00285289953628487,0.0469870423418009,110719,19,36,1.11151398960851,0.318587523073765,0.866437501201784
"R-HSA-3000178",0.00722339277374075,41,1.60384377817829,0.00287532647166244,0.0469870423418009,162284,23,40,1.21096524131033,0.132876561299039,0.836484166201772
"R-HSA-392170",0.00259929058617106,19,2.06546673254911,0.00302199709009188,0.048788868683411,89278,8,10,1.68482120530133,0.0390091705113794,0.746071404389813
"R-HSA-390466",0.00748847623295366,42,1.58480295387752,0.00316745583895117,0.0496097987965183,72752,27,45,1.26361590397599,0.0621786580375129,0.746071404389813
"R-HSA-525793",0.00572874809076794,34,1.67702149398285,0.00321145483819807,0.0496097987965183,223822,16,20,1.68482120530133,0.00304170427645878,0.31304199583508
"R-HSA-9658195",0.0183056170343472,88,1.35836892291009,0.0032209346979829,0.0496097987965183,105488,41,87,0.992495250249344,0.568643535049877,0.999999992102175
"R-HSA-9824443",0.0183056170343472,88,1.35836892291009,0.0032209346979829,0.0496097987965183,105488,41,87,0.992495250249344,0.568643535049877,0.999999992102175
"R-HSA-422356",0.00844940377260047,46,1.5383360045207,0.00359847283567305,0.054794927270476,155215,21,37,1.19531234159891,0.166730228431857,0.836484166201772
"R-HSA-186797",0.00733857784827969,41,1.5786701179736,0.0037457586062053,0.0563968149698326,167800,22,40,1.15831457864466,0.213021115691028,0.866437501201784
"R-HSA-9832991",0.00387447877438873,25,1.8232497387279,0.00383038915732625,0.0570302385646353,373391,5,6,1.75502208885555,0.0874395884866019,0.746299672433418
"R-HSA-6814122",0.00346949015614678,23,1.87318906455119,0.00392792297655808,0.0576209832932416,98642,11,18,1.28701619849407,0.178115879861727,0.836484166201772
"R-HSA-9006931",0.0296128203617758,133,1.26908673941306,0.00395606750968525,0.0576209832932416,153549,68,131,1.09320459885964,0.175080613896382,0.836484166201772
"R-HSA-8939211",0.0211601293438974,99,1.32201479023508,0.00402347418691795,0.0579726388222587,139106,50,95,1.10843500348771,0.182065296101826,0.836484166201772
"R-HSA-77350",0.000291249931625298,5,4.85091438386964,0.0041457745523954,0.0590993393639344,52586,4,5,1.68482120530133,0.157543419148305,0.836484166201772
"R-HSA-391251",0.00832448845203883,45,1.52747600250267,0.00445800841310806,0.0628813818269979,71740,29,48,1.27239101442027,0.0489256040824998,0.746071404389813
"R-HSA-373752",0.00745626122922987,41,1.55375371132198,0.00485857199318196,0.0677602931710871,122708,25,29,1.81554009191953,1.65906570839258e-05,0.00758899443926708
"R-HSA-9013106",0.0140182602530495,69,1.39083115224267,0.00499649706610072,0.0677602931710871,196787,29,47,1.29946316366326,0.0349304019482269,0.746071404389813
"R-HSA-1912422",0.00746941021034162,41,1.55101851836469,0.00499876520872145,0.0677602931710871,94295,14,39,0.756009515199313,0.947697336287778,0.999999992102175
"R-HSA-8964315",0.00233420712695815,17,2.05792227495056,0.00500617091338629,0.0677602931710871,65904,6,7,1.80516557710856,0.047506394072129,0.746071404389813
"R-HSA-418990",0.0107049799925103,55,1.45176481597514,0.0050578392861873,0.0677750464349099,244339,23,37,1.30915161222738,0.0517144079902957,0.746071404389813
"R-HSA-4551638",0.00548141575605589,32,1.6495924942005,0.00522724958364118,0.0688882121382223,151807,10,28,0.752152323795235,0.926012070450956,0.999999992102175
"R-HSA-159236",0.00335062336689655,22,1.85531008496953,0.00524372958067065,0.0688882121382223,43640,14,23,1.28192917794666,0.140465237203315,0.836484166201772
"R-HSA-379724",0.00106270065345177,10,2.6589397080602,0.00538470114194456,0.0696251062780727,148748,8,10,1.68482120530133,0.0390091705113794,0.746071404389813
"R-HSA-9759475",0.00419768073011558,26,1.75018267990886,0.00540373959173102,0.0696251062780727,163582,11,18,1.28701619849407,0.178115879861727,0.836484166201772
"R-HSA-9711123",0.0131207108023613,65,1.39983043226463,0.00548610075932587,0.0700130954047302,139215,33,71,0.978857390403939,0.613065374806837,0.999999992102175
"R-HSA-392851",0.00236287190578176,17,2.03295694073023,0.00561901486714289,0.0710328294525611,65904,6,8,1.57951987996999,0.113843426124407,0.829077125036441
"R-HSA-9664420",0.000745021269791846,8,3.03417588712214,0.00576050297688235,0.0714729073057625,124166,4,6,1.40401767108444,0.297751080471712,0.866437501201784
"R-HSA-9673324",0.000745021269791846,8,3.03417588712214,0.00576050297688235,0.0714729073057625,124166,4,6,1.40401767108444,0.297751080471712,0.866437501201784
"R-HSA-392451",0.0025695738888585,18,1.97938753950346,0.00582124784454474,0.0715639643274308,62772,7,9,1.63802061626518,0.0673691342769905,0.746071404389813
"R-HSA-5668599",0.00144165428909245,12,2.35201211826441,0.00630737987372543,0.0768353548253825,123701,8,12,1.40401767108444,0.148701910310347,0.836484166201772
"R-HSA-8934593",0.00259495142240418,18,1.96002996184325,0.00640299468877248,0.077297413359956,139182,8,14,1.20344371807238,0.323525407096013,0.866437501201784
"R-HSA-109582",0.0577262624073786,240,1.17478188155133,0.0064961302725095,0.0777215586175244,115424,148,284,1.09750677105896,0.0632126262035593,0.746071404389813
"R-HSA-3700989",0.0334144537808054,146,1.2346331310155,0.00664081945132988,0.0787495403963013,154482,81,161,1.05955370830285,0.259018354971026,0.866437501201784
"R-HSA-9733709",0.0042728929020748,26,1.71937567311086,0.00670290006619978,0.0787884744623483,197259,13,18,1.52101914367481,0.030080459795351,0.714931253554239
"R-HSA-1368108",0.00449826643833023,27,1.69604755759909,0.00689236433808871,0.0803110279394684,126725,13,21,1.30373069457841,0.134297723127203,0.836484166201772
"R-HSA-8940973",0.00323359743500196,21,1.83507061292857,0.00703717276453142,0.0812026020887832,253592,11,19,1.21927850383649,0.248174911593497,0.866437501201784
"R-HSA-399954",0.00183849053904511,14,2.15172157121725,0.00710410418112772,0.0812026020887832,190830,7,9,1.63802061626518,0.0673691342769905,0.746071404389813
"R-HSA-8978868",0.0118544639212997,59,1.406337410584,0.00715067690035553,0.0812026020887832,95296,43,76,1.19156762874929,0.0695114162594547,0.746299672433418
"R-HSA-9006335",0.00284728036993869,19,1.88557062755291,0.00766118529817661,0.0862688092399719,157428,10,13,1.62002038971281,0.0309447856016014,0.714931253554239
"R-HSA-9009391",0.0104918350086888,53,1.42739395953072,0.00792483472337935,0.0884939877444027,143210,28,40,1.47421855463866,0.0032705880161874,0.31304199583508
"R-HSA-5619102",0.00567628365613205,32,1.59296166938627,0.00840484142562148,0.091693448495022,67965,24,43,1.17545665486139,0.172641770574059,0.836484166201772
"R-HSA-1839124",0.00392549682110233,24,1.7275715726302,0.00843679192854763,0.091693448495022,222734,14,19,1.5518090048828,0.0188981622010544,0.575534939759385
"R-HSA-419037",0.00479398702353352,28,1.65036731719244,0.00847058675522705,0.091693448495022,188494,15,25,1.26361590397599,0.145826896506291,0.836484166201772
"R-HSA-1430728",0.161818724990638,626,1.09311283990487,0.00848506538312144,0.091693448495022,118635,432,955,0.952673770536875,0.934737318548067,0.999999992102175
"R-HSA-2682334",0.00842691901489937,44,1.47537796733222,0.00860870978352823,0.0920800905514351,153415,31,50,1.30573643410853,0.0273085482351854,0.677656567317563
"R-HSA-8964616",0.00288449198648495,19,1.861245674843,0.00869734045191572,0.0920800905514351,60394,7,10,1.47421855463866,0.133542383063416,0.836484166201772
"R-HSA-381340",0.00843454542394419,44,1.47404394927801,0.00873363408178662,0.0920800905514351,142491,27,48,1.18463990997749,0.141234036960342,0.836484166201772
"R-HSA-9662851",0.00937890524739019,48,1.44613396504324,0.00888390431057884,0.0920800905514351,113341,22,46,1.00723006838666,0.539286846401499,0.999999992102175
"R-HSA-9664433",0.00937890524739019,48,1.44613396504324,0.00888390431057884,0.0920800905514351,113341,22,46,1.00723006838666,0.539286846401499,0.999999992102175
"R-HSA-445717",0.00394561476220331,24,1.71876301294038,0.00893314311319893,0.0920800905514351,71730,9,20,0.947711927981996,0.670777954905441,0.999999992102175
"R-HSA-432040",0.00374390939194904,23,1.73588897050707,0.00925556507264313,0.0937381701730043,74568,8,17,0.991071297236074,0.6075354643289,0.999999992102175
"R-HSA-1989781",0.00916996793752446,47,1.44826981153372,0.00930386315896237,0.0937381701730043,136290,25,56,0.940190404744043,0.711960449722937,0.999999992102175
"R-HSA-400206",0.00916996793752446,47,1.44826981153372,0.00930386315896237,0.0937381701730043,136290,25,56,0.940190404744043,0.711960449722937,0.999999992102175
"R-HSA-72203",0.0137226711576573,66,1.35901645943084,0.00948245519178892,0.0948245519178892,121989,46,98,0.98854305413088,0.582558500874055,0.999999992102175
"R-HSA-216083",0.00755763987360147,40,1.49552347690676,0.00961836282526674,0.095188417203641,119170,23,42,1.15330022981936,0.214030970079818,0.866437501201784
"R-HSA-8939246",0.00065429330012076,7,3.02304772997986,0.00966091398484714,0.095188417203641,197004,3,5,1.26361590397599,0.452870717786721,0.968422279236716
"R-HSA-73857",0.125806689991206,492,1.10504713779325,0.0102179808026449,0.0999422939820743,157662,288,607,0.99923498172731,0.523994874233968,0.999999992102175
"R-HSA-9759194",0.00713871333538107,38,1.50412209644438,0.010459990885985,0.101422085987662,137371,15,30,1.05301325331333,0.46165731262736,0.983498885406459
"R-HSA-1234174",0.00357455051522968,22,1.73908447986734,0.0105206492181231,0.101422085987662,170894,13,26,1.05301325331333,0.474532505409787,0.999999992102175
"R-HSA-4411364",0.00174789405918514,13,2.10158850046681,0.011054423201826,0.105806622074621,183094,6,6,2.10602650662666,0.0114382849605492,0.475876040700615
"R-HSA-9660821",0.00446565696517308,26,1.64515728971823,0.0112440787750052,0.106858620982319,89114,10,22,0.957284775739389,0.655446287711727,0.999999992102175
"R-HSA-9759811",0.00194894198038382,14,2.02977810071242,0.0113401678671308,0.10701285170391,159088,4,7,1.20344371807238,0.445055755070281,0.968422279236716
"R-HSA-9675108",0.0675539423801128,274,1.14609152508159,0.0117023207018556,0.109336693340351,148838,169,283,1.25766247215514,1.77350998975534e-05,0.00758899443926708
"R-HSA-1296065",0.00426618692170781,25,1.65584456160753,0.0118359975711944,0.109336693340351,92031,11,13,1.78202242868409,0.00687504182092114,0.475876040700615
"R-HSA-8980692",0.0228278146183009,102,1.26256943677767,0.011903092112679,0.109336693340351,160852,53,89,1.25415061630576,0.0143995439653128,0.49305126273551
"R-HSA-418217",0.00256589217414721,17,1.8721039369131,0.0119128039012621,0.109336693340351,65904,6,8,1.57951987996999,0.113843426124407,0.829077125036441
"R-HSA-72187",0.00256839048055844,17,1.87028291736663,0.0120153141111113,0.109527353121695,104948,10,17,1.23883912154509,0.243715846734381,0.866437501201784
"R-HSA-400253",0.00958284594443346,48,1.41535755785074,0.0126365861930798,0.114412334450858,139352,27,47,1.2098450144451,0.110264226359808,0.829077125036441
"R-HSA-556833",0.0597796072977897,244,1.15333694998216,0.0130546244502348,0.117404005122917,104696,174,355,1.0322496116987,0.295785283276891,0.866437501201784
"R-HSA-9013149",0.0267422662952693,117,1.23625223563076,0.0133621049823369,0.11936813784221,139435,58,107,1.14158446153594,0.0961711809095656,0.787888526826181
"R-HSA-72172",0.0106112277571836,52,1.38470463131129,0.0142105194636734,0.122690145701729,119423,35,74,0.996093617999094,0.558411300861248,0.999999992102175
"R-HSA-72163",0.0101319473956602,50,1.39442935049916,0.0142201546416079,0.122690145701729,123114,34,71,1.00851973556769,0.519439264202694,0.999999992102175
"R-HSA-5654733",0.00241283803400642,16,1.87374829170943,0.0142628941080556,0.122690145701729,152967,11,16,1.44789322330583,0.072429095738622,0.746299672433418
"R-HSA-500657",0.00261967150689427,17,1.83367144631443,0.0142771688964511,0.122690145701729,65904,6,9,1.40401767108444,0.20679200981924,0.860563022229133
"R-HSA-74160",0.14065267860524,544,1.0928745931723,0.0142787699101439,0.122690145701729,156824,326,697,0.98502817957,0.666964568312952,0.999999992102175
"R-HSA-2426168",0.00434087313442256,25,1.62735518739152,0.0143242826906564,0.122690145701729,118533,12,26,0.972012233827688,0.628769561052089,0.999999992102175
"R-HSA-9013408",0.0115833319307753,56,1.36607317306753,0.0143748902053519,0.122690145701729,181101,24,44,1.14874173088727,0.214867744205164,0.866437501201784
"R-HSA-72202",0.00368776324260186,22,1.68569534283654,0.0144824940954571,0.12276412530907,43640,14,27,1.09201374417678,0.395656080996678,0.968422279236716
"R-HSA-5619115",0.00825059117819078,42,1.43841319945621,0.0146930446916881,0.12276412530907,98203,32,61,1.10480079036152,0.256820083023252,0.866437501201784
"R-HSA-3928663",0.00242164785135129,16,1.86693170184439,0.0147021460898413,0.12276412530907,179066,11,16,1.44789322330583,0.072429095738622,0.746299672433418
"R-HSA-399955",0.00162389916730132,12,2.08805351130778,0.0148916883005283,0.12276412530907,218797,6,7,1.80516557710856,0.047506394072129,0.746071404389813
"R-HSA-5260271",0.00124468255203841,10,2.27018283546826,0.0149332480786406,0.12276412530907,113910,7,9,1.63802061626518,0.0673691342769905,0.746071404389813
"R-HSA-5602358",0.00124468255203841,10,2.27018283546826,0.0149332480786406,0.12276412530907,113910,7,9,1.63802061626518,0.0673691342769905,0.746071404389813
"R-HSA-8864260",0.00242887979096276,16,1.86137295110806,0.0150705106618505,0.123137099310242,165991,7,17,0.867187385081565,0.776563684508364,0.999999992102175
"R-HSA-1482925",0.000887293245420999,8,2.54766457860611,0.0151802779986384,0.123282257685912,74320,6,6,2.10602650662666,0.0114382849605492,0.475876040700615
"R-HSA-446388",0.000720432675112871,7,2.74551660966961,0.0155796607943943,0.125158877203851,79432,4,6,1.40401767108444,0.297751080471712,0.866437501201784
"R-HSA-8866907",0.00125375534900552,10,2.25375466392685,0.0156175279994215,0.125158877203851,158002,3,7,0.902582788554282,0.730191305125319,0.999999992102175
"R-HSA-163359",0.0037173484501033,22,1.67227942362115,0.0156915607240649,0.125158877203851,76686,7,16,0.921386596649162,0.70696382914035,0.999999992102175
"R-HSA-5173214",0.0075976127761812,39,1.45046378238722,0.0161463418584207,0.128024249054933,238516,19,32,1.25045323830958,0.120533572794054,0.836484166201772
"R-HSA-1650814",0.0069017686957473,36,1.47387800480011,0.016304481718052,0.128517679424645,104840,21,38,1.1638567536621,0.211814158600869,0.866437501201784
"R-HSA-5655302",0.00462239282002516,26,1.58937338207346,0.0165423289164841,0.129629945895256,210494,16,22,1.53165564118302,0.0147030803416113,0.49305126273551
"R-HSA-3781865",0.0158663495483062,73,1.30006563787612,0.0167469175061493,0.130398529773122,170413,39,73,1.12513744874575,0.18312114482082,0.836484166201772
"R-HSA-983231",0.0153773389407602,71,1.30465775193765,0.0168935540803978,0.130398529773122,104894,35,74,0.996093617999094,0.558411300861248,0.999999992102175
"R-HSA-71387",0.0246901048131582,108,1.23600509011918,0.0169323464033756,0.130398529773122,116401,67,135,1.04521315514064,0.338099616359069,0.89183757071093
"R-HSA-1296072",0.0024764791025873,16,1.82559632329128,0.0176764775196014,0.135351313578662,204228,12,21,1.20344371807238,0.251657533270038,0.866437501201784
"R-HSA-383280",0.00488011284981549,27,1.56333962778102,0.01785572000589,0.135946959135753,179212,16,26,1.29601631177025,0.107305789879517,0.829077125036441
"R-HSA-5663220",0.0122302618014735,58,1.34002122476586,0.0181230359184867,0.136302278488502,124906,37,73,1.06743809239981,0.332234065452427,0.879829343292989
"R-HSA-418597",0.00672636128771654,35,1.4703045161157,0.0182005182582798,0.136302278488502,120777,14,26,1.13401427279897,0.324363240245962,0.866437501201784
"R-HSA-9013418",0.00248752424672117,16,1.81749028189386,0.0183278380441552,0.136302278488502,95355,9,14,1.35387418283142,0.160658153553646,0.836484166201772
"R-HSA-70326",0.00466749382523847,26,1.5740156033865,0.0183867472950756,0.136302278488502,82316,21,37,1.19531234159891,0.166730228431857,0.836484166201772
"R-HSA-9837999",0.00312538132045224,19,1.71778982578278,0.0184211137316903,0.136302278488502,117308,11,26,0.891011214342047,0.765185043163806,0.999999992102175
"R-HSA-373760",0.0154542604802639,71,1.29816399036732,0.0185910013125961,0.136302278488502,134595,40,64,1.31626656664166,0.0109223681878015,0.475876040700615
"R-HSA-70171",0.00422489912101691,24,1.60514524071153,0.0186144156443253,0.136302278488502,85694,19,31,1.29079043954537,0.0865042529672599,0.746299672433418
"R-HSA-1566948",0.00313116687214141,19,1.71461581359051,0.0187297601834164,0.136401514379228,125909,9,20,0.947711927981996,0.670777954905441,0.999999992102175
"R-HSA-397795",0.00335154379557437,20,1.68618233124426,0.0189502275827955,0.137261107897005,57850,8,13,1.29601631177025,0.230458405071803,0.866437501201784
"R-HSA-451326",0.00559568040191702,30,1.51491334151771,0.0191673114529567,0.138087082510548,121492,11,18,1.28701619849407,0.178115879861727,0.836484166201772
"R-HSA-375165",0.00769872844093057,39,1.4314132845451,0.0193576914852166,0.138712869466258,171739,22,36,1.28701619849407,0.0701909818004036,0.746299672433418
"R-HSA-5627117",0.0014930668052394,11,2.08177065544666,0.0195331300808207,0.139225501639892,83564,7,10,1.47421855463866,0.133542383063416,0.836484166201772
"R-HSA-9700206",0.00747887747674208,38,1.43570963708396,0.0199226992495487,0.140507457865238,116089,23,49,0.98854305413088,0.586007476408262,0.999999992102175
"R-HSA-9725370",0.00747887747674208,38,1.43570963708396,0.0199226992495487,0.140507457865238,116089,23,49,0.98854305413088,0.586007476408262,0.999999992102175
"R-HSA-2129379",0.00273209529539975,17,1.75821716358275,0.0203914776930968,0.143060628841621,126738,8,17,0.991071297236074,0.6075354643289,0.999999992102175
"R-HSA-418885",0.00252973247608989,16,1.78716571302396,0.0209875057178096,0.146475300322213,90901,10,10,2.10602650662666,0.000579151431894909,0.108869802948706
"R-HSA-74182",0.000949619415890702,8,2.38045424763695,0.0216778507798161,0.149222486051989,130765,4,5,1.68482120530133,0.157543419148305,0.836484166201772
"R-HSA-9825892",0.0023301309428135,15,1.81899024213158,0.0216898654859976,0.149222486051989,158729,7,9,1.63802061626518,0.0673691342769905,0.746071404389813
"R-HSA-5576891",0.0126077690491919,59,1.32230976232949,0.0217152125224909,0.149222486051989,164690,35,63,1.1700147259037,0.122795947290603,0.836484166201772
"R-HSA-4085377",0.00171844034149482,12,1.97317781503183,0.0218908852206517,0.149254608891993,38499,8,16,1.05301325331333,0.517612937748177,0.999999992102175
"R-HSA-430039",0.000773817538426582,7,2.556106287915,0.0219484059237849,0.149254608891993,40883,4,6,1.40401767108444,0.297751080471712,0.866437501201784
"R-HSA-177504",0.000444304071766087,5,3.1798684108527,0.0221630917391352,0.149254608891993,183454,5,7,1.50430464759047,0.187272574522785,0.836484166201772
"R-HSA-9735871",0.00152436138028536,11,2.03903267425143,0.0222836435363516,0.149254608891993,41186,7,12,1.22851546219888,0.320939415556801,0.866437501201784
"R-HSA-1839117",0.00297850720143398,18,1.70762808127214,0.0224225985713986,0.149254608891993,190669,11,14,1.65473511234952,0.018293071068291,0.575534939759385
"R-HSA-1474290",0.0084998958600696,42,1.39622407725939,0.0224603139237745,0.149254608891993,101490,25,48,1.09688880553472,0.309826181251637,0.866437501201784
"R-HSA-1592230",0.008743152010637,43,1.38969618002396,0.0225928467133775,0.149254608891993,123470,21,49,0.902582788554281,0.785916130763794,0.999999992102175
"R-HSA-4570464",0.00255353213190216,16,1.77050881322698,0.022610959406772,0.149254608891993,80741,10,19,1.10843500348771,0.411872353915981,0.968422279236716
"R-HSA-3000170",0.00277009585081271,17,1.73409769900424,0.0228561677305537,0.150133650779127,119084,10,15,1.40401767108444,0.109119681551777,0.829077125036441
"R-HSA-212436",0.119173423489761,461,1.09305231219576,0.0232358647008679,0.150584805552647,159842,267,567,0.991726767670754,0.593624037931006,0.999999992102175
"R-HSA-379716",0.00061247954018539,6,2.76808296099732,0.0233583940958684,0.150584805552647,105226,4,5,1.68482120530133,0.157543419148305,0.836484166201772
"R-HSA-8943723",0.00173684891505127,12,1.95226443066478,0.0234968223484679,0.150584805552647,135173,3,6,1.05301325331333,0.607990355101731,0.999999992102175
"R-HSA-8948700",0.00173684891505127,12,1.95226443066478,0.0234968223484679,0.150584805552647,135173,3,6,1.05301325331333,0.607990355101731,0.999999992102175
"R-HSA-9768778",0.00173684891505127,12,1.95226443066478,0.0234968223484679,0.150584805552647,135173,3,6,1.05301325331333,0.607990355101731,0.999999992102175
"R-HSA-77286",0.00045206197062202,5,3.12529824324353,0.0236439569268789,0.150584805552647,52586,4,6,1.40401767108444,0.297751080471712,0.866437501201784
"R-HSA-9029569",0.00569982033232209,30,1.48723475504354,0.0237114880385139,0.150584805552647,162084,11,19,1.21927850383649,0.248174911593497,0.866437501201784
"R-HSA-204005",0.00278600611795793,17,1.72419464909016,0.0239526199526483,0.151141093890108,176425,11,20,1.15831457864466,0.325883955675895,0.866437501201784
"R-HSA-8951430",0.00174408085466273,12,1.94416924492242,0.0241508381140633,0.151141093890108,158378,6,6,2.10602650662666,0.0114382849605492,0.475876040700615
"R-HSA-111885",0.00878785854641696,43,1.38262636868512,0.0242627310123759,0.151141093890108,116184,22,51,0.908482022466401,0.777100678684653,0.999999992102175
"R-HSA-9755511",0.0085524917845166,42,1.3876376093704,0.024455407153634,0.151141093890108,130125,19,39,1.02601291348478,0.501261411514298,0.999999992102175
"R-HSA-5684996",0.0248200167465423,107,1.21815105271141,0.0244821108683032,0.151141093890108,144611,71,129,1.15913086798831,0.0502607677530709,0.746071404389813
"R-HSA-75035",0.00116092354235655,9,2.19057601636519,0.0246973958823498,0.151141093890108,46395,5,8,1.31626656664166,0.309654488520081,0.866437501201784
"R-HSA-400451",0.000457584542688956,5,3.08757912651473,0.0247360521104161,0.151141093890108,161343,3,6,1.05301325331333,0.607990355101731,0.999999992102175
"R-HSA-977444",0.00572269955945654,30,1.48128882316133,0.0248142094446446,0.151141093890108,107977,13,22,1.24447020846121,0.189995088088456,0.837478348810956
"R-HSA-991365",0.00572269955945654,30,1.48128882316133,0.0248142094446446,0.151141093890108,107977,13,22,1.24447020846121,0.189995088088456,0.837478348810956
"R-HSA-6783589",0.00175538897841884,12,1.93164500858809,0.0252000953094038,0.15279695798462,60391,10,14,1.50430464759047,0.0625740719348773,0.746071404389813
"R-HSA-9755779",0.0013647327495887,10,2.07048373837003,0.0259773541754822,0.156773774069126,42707,6,9,1.40401767108444,0.20679200981924,0.860563022229133
"R-HSA-5654743",0.00325134855950282,19,1.65123736680676,0.0260899638935934,0.156773774069126,178408,14,19,1.5518090048828,0.0188981622010544,0.575534939759385
"R-HSA-450385",0.000630362154497372,6,2.68955578479881,0.0263636548528049,0.157711149565886,180148,3,6,1.05301325331333,0.607990355101731,0.999999992102175
"R-HSA-1226099",0.00646140931831474,33,1.44313222177026,0.026631567650529,0.158605780674262,190154,21,34,1.30078107762235,0.0668264933140048,0.746071404389813
"R-HSA-112314",0.0213461874266287,93,1.2310680709189,0.0271905408767151,0.161209089172131,119895,53,104,1.07326350818474,0.268693713724485,0.866437501201784
"R-HSA-9623433",0.00157577389643231,11,1.97250549003645,0.0274017356222129,0.161209089172131,145231,4,5,1.68482120530133,0.157543419148305,0.836484166201772
"R-HSA-2871796",0.002833079470338,17,1.69554609787999,0.0274296062173476,0.161209089172131,120672,9,17,1.11495520939058,0.416450095344865,0.968422279236716
"R-HSA-3906995",0.0108273970066607,51,1.33096168117613,0.0279376077254838,0.16323236021918,196128,25,48,1.09688880553472,0.309826181251637,0.866437501201784
"R-HSA-9024446",0.00673398769676135,34,1.42667823501542,0.0284400152624475,0.16323236021918,159997,14,25,1.17937484371093,0.256513014566638,0.866437501201784
"R-HSA-5654726",0.0030650274971493,18,1.65942476606506,0.0285058784298428,0.16323236021918,177336,11,18,1.28701619849407,0.178115879861727,0.836484166201772
"R-HSA-8875878",0.0044117461426149,24,1.53716385697729,0.0287369965813813,0.16323236021918,114943,12,21,1.20344371807238,0.251657533270038,0.866437501201784
"R-HSA-9707564",0.00441214061204825,24,1.5370264261452,0.0287620729185829,0.16323236021918,164352,11,25,0.926651662915729,0.707470800731925,0.999999992102175
"R-HSA-2262752",0.0575934576981499,231,1.13333490479497,0.0288598216322857,0.16323236021918,133848,140,315,0.936011780722959,0.876681351866703,0.999999992102175
"R-HSA-1655829",0.00510285658984857,27,1.49509861228264,0.0288724519673403,0.16323236021918,115852,14,30,0.982812369759106,0.606112466354017,0.999999992102175
"R-HSA-170834",0.00890370107001149,43,1.36463756532376,0.0290457056014067,0.16323236021918,91882,23,49,0.98854305413088,0.586007476408262,0.999999992102175
"R-HSA-8853659",0.00534216804608245,28,1.48101658997536,0.0293146202854249,0.16323236021918,178741,16,22,1.53165564118302,0.0147030803416113,0.49305126273551
"R-HSA-1296041",0.00419649732181553,23,1.54867512634334,0.0295374669243387,0.16323236021918,92786,10,12,1.75502208885555,0.0124295980780011,0.475876040700615
"R-HSA-1296059",0.00419649732181553,23,1.54867512634334,0.0295374669243387,0.16323236021918,92786,10,12,1.75502208885555,0.0124295980780011,0.475876040700615
"R-HSA-997272",0.00419649732181553,23,1.54867512634334,0.0295374669243387,0.16323236021918,92786,10,12,1.75502208885555,0.0124295980780011,0.475876040700615
"R-HSA-194138",0.0128457656073146,59,1.29781101450653,0.0295605124180212,0.16323236021918,144093,32,57,1.18233067038689,0.118983781007365,0.836484166201772
"R-HSA-8876198",0.00558174248193856,29,1.46807295852941,0.0297038065460408,0.16323236021918,150304,19,39,1.02601291348478,0.501261411514298,0.999999992102175
"R-HSA-8953897",0.0579089017550208,232,1.13204083667477,0.0297078686854851,0.16323236021918,133279,141,319,0.930876919856924,0.895194128507362,0.999999992102175
"R-HSA-8866910",0.00120115942455851,9,2.11719711532439,0.0297229073831941,0.16323236021918,182731,5,7,1.50430464759047,0.187272574522785,0.836484166201772
"R-HSA-977443",0.00653583255140726,33,1.42669933967308,0.0304569058731829,0.166580628041082,139665,15,27,1.1700147259037,0.258162745263156,0.866437501201784
"R-HSA-5621575",0.00140641501971295,10,2.00912029922798,0.0309116382361232,0.167974881875278,110470,4,8,1.05301325331333,0.580457021620481,0.999999992102175
"R-HSA-4420097",0.0116428968152116,54,1.31054563606408,0.0309762753087978,0.167974881875278,131606,29,52,1.17451478254179,0.144360696169943,0.836484166201772
"R-HSA-3928665",0.00444764286104998,24,1.52475747906288,0.0310878885858723,0.167974881875278,148831,18,28,1.35387418283142,0.0552206425516113,0.746071404389813
"R-HSA-73856",0.00288159921064037,17,1.66699686173499,0.0313945833535594,0.168950769854496,104948,10,18,1.1700147259037,0.3257158053252,0.866437501201784
"R-HSA-5673001",0.0245949061899092,105,1.20632288271297,0.0318441216489151,0.170684492038185,144346,69,126,1.15330022981936,0.0596081826245312,0.746071404389813
"R-HSA-112315",0.0271901205919356,115,1.19510522178223,0.0321101742853989,0.171424834830416,123284,69,139,1.04543761839741,0.33398630955699,0.882725157409007
"R-HSA-2173796",0.00224439958596488,14,1.76257373066726,0.0323583127420265,0.171744486739041,88219,9,21,0.902582788554281,0.738878767080837,0.999999992102175
"R-HSA-1643685",0.171748046587366,650,1.06940198966081,0.0324263844365502,0.171744486739041,131242,391,833,0.98854305413088,0.643309910875498,0.999999992102175
"R-HSA-1251985",0.00267779000340822,16,1.68835164020958,0.0326657433894383,0.171825630516423,55814,14,18,1.63802061626518,0.00880928981289997,0.475876040700615
"R-HSA-3371568",0.0012228552433929,9,2.07963394069766,0.0327098617982327,0.171825630516423,196484,3,8,0.789759939984996,0.820031875228222,0.999999992102175
"R-HSA-1433557",0.00447288890478455,24,1.51615138693306,0.0328263891135853,0.171825630516423,196013,16,24,1.40401767108444,0.0460666162598216,0.746071404389813
"R-HSA-5668914",0.0225841639983001,97,1.21363237377013,0.0333036431902516,0.173080969925867,167725,55,117,0.990012460380052,0.577327136360987,0.999999992102175
"R-HSA-5625900",0.00162784386163485,11,1.90941080715644,0.0333966802985847,0.173080969925867,82953,6,9,1.40401767108444,0.20679200981924,0.860563022229133
"R-HSA-416476",0.0223319665405767,96,1.21468509354331,0.0334537098588057,0.173080969925867,152298,57,98,1.22493378446652,0.0212776062197962,0.630961158047627
"R-HSA-2029480",0.0122123791871615,56,1.29570813048481,0.0340395927363579,0.175434824102768,110031,28,56,1.05301325331333,0.402843045886765,0.968422279236716
"R-HSA-9818030",0.00337337110421988,19,1.59150833634889,0.0356124627614698,0.18283793141904,182949,5,6,1.75502208885555,0.0874395884866019,0.746299672433418
"R-HSA-9013423",0.013007366585178,59,1.28168726434905,0.0360546022296764,0.184401400716665,184045,32,55,1.22532451294642,0.0723385332117878,0.746299672433418
"R-HSA-5654228",0.00105494275459583,8,2.1427945377582,0.0367387376859216,0.186616145906714,221352,6,7,1.80516557710856,0.047506394072129,0.746071404389813
"R-HSA-210747",0.0014503326166262,10,1.94828202362126,0.0367881179950333,0.186616145906714,115317,5,6,1.75502208885555,0.0874395884866019,0.746299672433418
"R-HSA-8949613",0.00228739675420031,14,1.72944188369508,0.0369054318397606,0.186616145906714,90776,6,15,0.842410602650663,0.798539145979746,0.999999992102175
"R-HSA-190322",0.000869147651486782,7,2.27574667237213,0.0374127359365588,0.188470173514995,243309,5,6,1.75502208885555,0.0874395884866019,0.746299672433418
"R-HSA-1980145",0.00594794160590084,30,1.42519403474362,0.0379141069873778,0.190280536940398,161429,11,18,1.28701619849407,0.178115879861727,0.836484166201772
"R-HSA-9645135",0.000515571549391781,5,2.74031506255324,0.0381708656274566,0.190854328137283,51887,5,6,1.75502208885555,0.0874395884866019,0.746299672433418
"R-HSA-1268020",0.00385751658875457,21,1.53826418901521,0.0383759963684767,0.191166673359698,152683,14,28,1.05301325331333,0.467883074514823,0.990463380489515
"R-HSA-4615885",0.00208963607827957,13,1.75789176546094,0.038787880191234,0.192502812800939,46203,9,20,0.947711927981996,0.670777954905441,0.999999992102175
"R-HSA-6799198",0.0036377971143772,20,1.55349893157974,0.0390633343398851,0.193154494521941,257761,10,18,1.1700147259037,0.3257158053252,0.866437501201784
"R-HSA-983695",0.00410208763743315,22,1.51543454771913,0.0397187393288518,0.195016607255977,188313,9,14,1.35387418283142,0.160658153553646,0.836484166201772
"R-HSA-381676",0.00387303238646644,21,1.53210173190084,0.0397309953588669,0.195016607255977,98183,7,16,0.921386596649162,0.70696382914035,0.999999992102175
"R-HSA-5083635",0.00741497342853897,36,1.37186804145895,0.039895282367422,0.195108315227538,251267,18,31,1.22285410062193,0.158229955722004,0.836484166201772
"R-HSA-9007101",0.00741983855155032,36,1.3709685196256,0.0402024709380575,0.195895676570898,125849,26,53,1.03314507872251,0.462420277061632,0.983560589305694
"R-HSA-6788467",0.00127505669840655,9,1.99449269346069,0.0407317309613531,0.19724117273393,46152,7,10,1.47421855463866,0.133542383063416,0.836484166201772
"R-HSA-9725371",0.00320427520712275,18,1.58731139139795,0.0407729886920138,0.19724117273393,114876,9,21,0.902582788554281,0.738878767080837,0.999999992102175
"R-HSA-918233",0.000893078797110169,7,2.21476523916074,0.0421910805591195,0.203367078954029,109085,3,9,0.702008835542219,0.882929528142353,0.999999992102175
"R-HSA-5674135",0.00233433861676926,14,1.69466405727255,0.0423731513496205,0.203512626553733,82740,11,15,1.54441943819288,0.0393012671264277,0.746071404389813
"R-HSA-114452",0.00483461737516883,25,1.46115852919268,0.0427930755752406,0.20479543311008,141939,13,17,1.61049085800862,0.0147179481413585,0.49305126273551
"R-HSA-1482788",0.0019142286702488,12,1.77136013632718,0.0436488618444829,0.207668593477556,61996,10,12,1.75502208885555,0.0124295980780011,0.475876040700615
"R-HSA-76002",0.0260057918632001,109,1.18433851517314,0.0437919418175445,0.207668593477556,128001,67,125,1.12883020755189,0.0986618342695857,0.791657831863742
"R-HSA-1483257",0.0203189890221787,87,1.20986411138828,0.0442179375103551,0.207668593477556,113779,57,106,1.1324859516766,0.113705190321242,0.829077125036441
"R-HSA-2404192",0.00579843769066023,29,1.41320914983839,0.0443232968168515,0.207668593477556,197119,18,30,1.26361590397599,0.116582773477313,0.835405970372191
"R-HSA-2428924",0.00579843769066023,29,1.41320914983839,0.0443232968168515,0.207668593477556,197119,18,30,1.26361590397599,0.116582773477313,0.835405970372191
"R-HSA-2428928",0.00579843769066023,29,1.41320914983839,0.0443232968168515,0.207668593477556,197119,18,30,1.26361590397599,0.116582773477313,0.835405970372191
"R-HSA-1482801",0.000904912880110746,7,2.18580143917172,0.0446932945188538,0.208672524931234,68487,8,10,1.68482120530133,0.0390091705113794,0.746071404389813
"R-HSA-426496",0.00171738842300588,11,1.80985420661487,0.0457733495571118,0.212973223633784,144373,2,5,0.842410602650663,0.779526206223158,0.999999992102175
"R-HSA-5173105",0.0162875114133156,71,1.23175136729813,0.0473548260509935,0.219569089648205,167633,40,75,1.12321413686755,0.18320729722745,0.836484166201772
"R-HSA-5654719",0.000921480596311553,7,2.14650192699483,0.0483533986275324,0.223426048830667,243309,5,7,1.50430464759047,0.187272574522785,0.836484166201772
"R-HSA-1483191",0.00283110712317124,16,1.5969198436147,0.0491659833119866,0.226400060611897,83247,7,15,0.982812369759106,0.624122814156274,0.999999992102175
"R-HSA-9029558",0.00112292298694359,8,2.01307266702974,0.0495028370400104,0.227170553539774,193456,3,6,1.05301325331333,0.607990355101731,0.999999992102175
"R-HSA-5654712",0.00112542129335482,8,2.00860387620447,0.0500201702406516,0.228111239896148,228495,6,9,1.40401767108444,0.20679200981924,0.860563022229133
"R-HSA-983189",0.00756329393547953,36,1.34496492687679,0.0500841398207721,0.228111239896148,133213,16,34,0.991071297236074,0.586429549620953,0.999999992102175
"R-HSA-5654732",0.00239482392988332,14,1.65186246136054,0.0502296088108807,0.228111239896148,173870,9,16,1.18463990997749,0.325002551962844,0.866437501201784
"R-HSA-3000171",0.00635358767319838,31,1.37867564639242,0.0503887514994477,0.228111239896148,95757,21,30,1.47421855463866,0.0105701427425726,0.475876040700615
"R-HSA-1500931",0.0210156220414792,89,1.19665013679058,0.0519735805588191,0.234493595787265,221133,48,85,1.18928555668329,0.0595908542322692,0.746071404389813
"R-HSA-373755",0.0088279629388078,41,1.31232920185624,0.0527133972737541,0.237033397137015,139278,26,37,1.47991051817008,0.00419548931899683,0.330703275732691
"R-HSA-114508",0.00354588573640606,19,1.51407818329925,0.0531291970331506,0.238104093727163,123542,10,16,1.31626656664166,0.170270657907034,0.836484166201772
"R-HSA-512988",0.00309566462313968,17,1.55172391899598,0.0540297819140758,0.241133468227851,135922,10,20,1.05301325331333,0.497860752156068,0.999999992102175
"R-HSA-5578768",0.00287015959707314,16,1.57519154997563,0.0541650551765547,0.241133468227851,72128,5,8,1.31626656664166,0.309654488520081,0.866437501201784
"R-HSA-1433559",0.00198996680145249,12,1.70394217422037,0.0551101064982364,0.244096261568027,202926,6,10,1.26361590397599,0.316666449952974,0.866437501201784
"R-HSA-1630316",0.0133797457302629,59,1.24601591323474,0.0551949009366508,0.244096261568027,146545,36,65,1.16641468059323,0.123879774388443,0.836484166201772
"R-HSA-164944",0.0015659121605985,10,1.80447986569339,0.0558281435382149,0.24558240723505,126667,4,6,1.40401767108444,0.297751080471712,0.866437501201784
"R-HSA-169911",0.00177892565460888,11,1.74724708349448,0.055897488213948,0.24558240723505,162049,6,12,1.05301325331333,0.543270874244998,0.999999992102175
"R-HSA-8979227",0.00357297263749627,19,1.50259987373609,0.056349677269768,0.246760024645389,93723,13,21,1.30373069457841,0.134297723127203,0.836484166201772
"R-HSA-195258",0.0268603441456528,111,1.16769882560456,0.0568462982628358,0.247748536895274,104588,71,157,0.9524068915318,0.742836942107567,0.999999992102175
"R-HSA-389356",0.00289080349741859,16,1.56394274063534,0.0569451860923466,0.247748536895274,113467,10,18,1.1700147259037,0.3257158053252,0.866437501201784
"R-HSA-201722",0.00452088268584244,23,1.43755356457588,0.0578017738166369,0.250661413962115,162426,10,29,0.726216036767813,0.945494003347403,0.999999992102175
"R-HSA-446728",0.0180500008415348,77,1.20540485418238,0.0587234861387778,0.253837004599878,214009,39,68,1.20786814350646,0.0649702580291311,0.746071404389813
"R-HSA-1295596",0.00137669832240039,9,1.84723931695208,0.0599360884846576,0.257539584347931,82702,6,9,1.40401767108444,0.20679200981924,0.860563022229133
"R-HSA-437239",0.00646509103302603,31,1.35489764142698,0.0601642766845081,0.257539584347931,81196,17,27,1.32601668935752,0.0776028784572051,0.746299672433418
"R-HSA-1483166",0.0040709245521983,21,1.45762456437788,0.060202427249932,0.257539584347931,182470,13,22,1.24447020846121,0.189995088088456,0.837478348810956
"R-HSA-210990",0.000775658395782228,6,2.18574850522555,0.0603488279740674,0.257539584347931,114052,5,5,2.10602650662666,0.024105168881558,0.646018526025754
"R-HSA-9013148",0.028259132756321,116,1.15989478797801,0.0605810202131865,0.257709736779904,132190,58,101,1.20940136024105,0.0278967316120807,0.679665824730694
"R-HSA-201681",0.0165660068332625,71,1.21104407689565,0.0622350822610529,0.263908260220921,151194,43,92,0.984338475923329,0.597450487694501,0.999999992102175
"R-HSA-6811434",0.00895840083143637,41,1.29322116474717,0.0626823417113741,0.264264443685861,130315,20,45,0.936011780722958,0.711043200214902,0.999999992102175
"R-HSA-114604",0.00409301484046604,21,1.44975766233421,0.0628739370415901,0.264264443685861,140813,12,19,1.33012200418526,0.127163856784076,0.836484166201772
"R-HSA-877312",0.000980519521503318,7,2.01725700742655,0.0629107145789476,0.264264443685861,126049,5,8,1.31626656664166,0.309654488520081,0.866437501201784
"R-HSA-5654736",0.00601197714391507,29,1.36301336532902,0.0633611271347242,0.265324719876658,152713,18,28,1.35387418283142,0.0552206425516113,0.746071404389813
"R-HSA-445355",0.00553519508880296,27,1.3783206705023,0.0641142026740498,0.267641842938401,129947,15,27,1.1700147259037,0.258162745263156,0.866437501201784
"R-HSA-1483213",0.00118919385174682,8,1.90088905091044,0.0644174057259457,0.268072433766358,92425,4,6,1.40401767108444,0.297751080471712,0.866437501201784
"R-HSA-9819196",0.00119090321929134,8,1.8981606024549,0.0648351830454426,0.268975681984189,95559,4,10,0.842410602650663,0.783861799773739,0.999999992102175
"R-HSA-426048",0.000792226111983035,6,2.14003824602913,0.0653563155854506,0.270276347810732,21363,4,5,1.68482120530133,0.157543419148305,0.836484166201772
"R-HSA-111447",0.00295063136147706,16,1.53223178043084,0.0655520992824536,0.270276347810732,174949,7,9,1.63802061626518,0.0673691342769905,0.746071404389813
"R-HSA-9715370",0.000603801212651634,5,2.33989010458869,0.0657862184290621,0.270402855805847,94027,3,5,1.26361590397599,0.452870717786721,0.968422279236716
"R-HSA-8866904",0.000992748073937247,7,1.99240867607679,0.0662250177705089,0.270402855805847,195348,3,7,0.902582788554282,0.730191305125319,0.999999992102175
"R-HSA-8866652",0.00205439680890007,12,1.65050312753783,0.0663266028462953,0.270402855805847,110717,9,13,1.45801835074153,0.0976041010844374,0.787888526826181
"R-HSA-210500",0.00161890255447886,10,1.74541510075881,0.0663899548956146,0.270402855805847,65981,7,12,1.22851546219888,0.320939415556801,0.866437501201784
"R-HSA-1638091",0.00532283904384817,26,1.38022360794967,0.067278377253809,0.273138797059002,219543,18,34,1.11495520939058,0.319917128190075,0.866437501201784
"R-HSA-5675221",0.00319362453242223,17,1.50412698554522,0.0674693595720371,0.273138797059002,92181,11,18,1.28701619849407,0.178115879861727,0.836484166201772
"R-HSA-9682385",0.00206254917718936,12,1.643979399761,0.0678445444272817,0.273830390158306,198434,10,14,1.50430464759047,0.0625740719348773,0.746071404389813
"R-HSA-6806834",0.00828017638569222,38,1.29677146570002,0.0685746940851814,0.275946216438868,141638,23,37,1.30915161222738,0.0517144079902957,0.746071404389813
"R-HSA-418346",0.00903834663659582,41,1.28178239044232,0.0694272607568013,0.278540507227885,129995,25,45,1.1700147259037,0.174183201735297,0.836484166201772
"R-HSA-190236",0.00804533558303634,37,1.299502135554,0.0698470126665013,0.279388050666005,145185,24,47,1.07541779061787,0.363860777612994,0.946744547575558
"R-HSA-157858",0.00462699496341428,23,1.40458571307078,0.0702272149863546,0.280072821671771,68208,16,25,1.34785696424106,0.0725294271328448,0.746299672433418
"R-HSA-912631",0.00230435893983447,13,1.59408935444823,0.0713241101460997,0.283603286634343,157832,6,13,0.972012233827688,0.64335968549274,0.999999992102175
"R-HSA-983705",0.00832711824826118,38,1.28946126952994,0.0729253521762082,0.287226359004022,164065,19,39,1.02601291348478,0.501261411514298,0.999999992102175
"R-HSA-9664407",0.00857865825692899,39,1.28459041430544,0.0730926779256504,0.287226359004022,83887,19,36,1.11151398960851,0.318587523073765,0.866437501201784
"R-HSA-9664417",0.00857865825692899,39,1.28459041430544,0.0730926779256504,0.287226359004022,83887,19,36,1.11151398960851,0.318587523073765,0.866437501201784
"R-HSA-9664422",0.00857865825692899,39,1.28459041430544,0.0730926779256504,0.287226359004022,83887,19,36,1.11151398960851,0.318587523073765,0.866437501201784
"R-HSA-389513",0.00122772036640425,8,1.84123814677456,0.0742412110371037,0.289764110114007,93630,7,10,1.47421855463866,0.133542383063416,0.836484166201772
"R-HSA-2022928",0.0037076182040806,19,1.44803157672911,0.0743837149339293,0.289764110114007,168283,14,22,1.34019868603515,0.0957380089232587,0.787888526826181
"R-HSA-8878171",0.0203997237662048,85,1.17737301150946,0.0744097507928621,0.289764110114007,143511,40,88,0.957284775739389,0.687443092206944,0.999999992102175
"R-HSA-1482839",0.0014442840853148,9,1.76079712750257,0.0754582709329796,0.289764110114007,69873,10,13,1.62002038971281,0.0309447856016014,0.714931253554239
"R-HSA-400508",0.00347961487160283,18,1.46170847209222,0.0754584976684415,0.289764110114007,78996,9,11,1.7231125963309,0.0221860346114271,0.630961158047627
"R-HSA-450531",0.003480929769714,18,1.46115632142094,0.0756604031709889,0.289764110114007,145821,13,28,0.977798020933805,0.617014481168144,0.999999992102175
"R-HSA-9828211",0.000824441115706826,6,2.05641633689402,0.0757670564037122,0.289764110114007,119226,5,8,1.31626656664166,0.309654488520081,0.866437501201784
"R-HSA-5621481",0.00986423414022494,44,1.26040100734997,0.0757839110504614,0.289764110114007,135458,23,56,0.86497517236452,0.86411685789292,0.999999992102175
"R-HSA-6802948",0.00188135621746942,11,1.65211810124383,0.0758449078166628,0.289764110114007,101820,8,12,1.40401767108444,0.148701910310347,0.836484166201772
"R-HSA-5654741",0.00324937621233606,17,1.47831969184697,0.0760464248476684,0.289764110114007,198615,12,20,1.26361590397599,0.184594784616989,0.836484166201772
"R-HSA-2559585",0.00278626909758017,15,1.5212046286368,0.0761171393732317,0.289764110114007,119912,10,20,1.05301325331333,0.497860752156068,0.999999992102175
"R-HSA-400042",0.00516084359655139,25,1.36879606617637,0.0767951649750662,0.290523153960929,133278,10,15,1.40401767108444,0.109119681551777,0.829077125036441
"R-HSA-109581",0.0162785701061596,69,1.19771164991998,0.0769629603594014,0.290523153960929,127876,40,75,1.12321413686755,0.18320729722745,0.836484166201772
"R-HSA-3371571",0.00233486457601373,13,1.57326214657348,0.0770612980643119,0.290523153960929,171652,6,14,0.902582788554282,0.728772613250357,0.999999992102175
"R-HSA-429914",0.00211027997862502,12,1.60679549284386,0.0771837632911125,0.290523153960929,42021,9,22,0.86155629816545,0.796639714336376,0.999999992102175
"R-HSA-1169410",0.0109077372812536,48,1.24344335433192,0.0784738999614049,0.293928137748644,83227,34,64,1.11882658164541,0.217069523388511,0.866437501201784
"R-HSA-9820960",0.00257115176659191,14,1.53857885899353,0.0786999785530802,0.293928137748644,121177,7,13,1.13401427279897,0.426500594455965,0.968422279236716
"R-HSA-3371556",0.00664562654369038,31,1.31809040647557,0.0787464189938532,0.293928137748644,142949,18,45,0.842410602650663,0.87678945989283,0.999999992102175
"R-HSA-201451",0.0028098057737702,15,1.50846207500649,0.0802793709643794,0.298817658589635,117302,9,14,1.35387418283142,0.160658153553646,0.836484166201772
"R-HSA-8856688",0.0114522365890912,50,1.23367035917508,0.0815534833926331,0.301961983436621,123208,29,63,0.969440772891636,0.639030382123569,0.999999992102175
"R-HSA-8950505",0.00213144983821494,12,1.59083657400685,0.0815748044806394,0.301961983436621,55857,8,16,1.05301325331333,0.517612937748177,0.999999992102175
"R-HSA-9768759",0.00235997912993718,13,1.55651972011953,0.0820005891400792,0.302701899304976,125098,4,10,0.842410602650663,0.783861799773739,0.999999992102175
"R-HSA-8935690",0.000845742465107864,6,2.00462226870733,0.0831369343682379,0.305836875555183,43314,2,5,0.842410602650663,0.779526206223158,0.999999992102175
"R-HSA-400685",0.00259547738164865,14,1.52415882307916,0.0833063131176432,0.305836875555183,60625,9,13,1.45801835074153,0.0976041010844374,0.787888526826181
"R-HSA-9707616",0.00669480373304833,31,1.30840827327275,0.0844248715193555,0.307091345452491,181834,16,29,1.1619456588285,0.259422353011415,0.866437501201784
"R-HSA-418886",0.00105533722402918,7,1.87424439376773,0.0848041059914072,0.307091345452491,129237,6,7,1.80516557710856,0.047506394072129,0.746071404389813
"R-HSA-9716542",0.0783904121837407,300,1.08137853336757,0.084861474503348,0.307091345452491,126097,179,369,1.02162261432567,0.362703377047941,0.945569115261169
"R-HSA-2024096",0.00126624688106168,8,1.78521708997238,0.0849199629150404,0.307091345452491,74800,5,13,0.810010194856406,0.823188756477667,0.999999992102175
"R-HSA-8963743",0.00170055772718284,10,1.6616060249395,0.0850114320795656,0.307091345452491,44723,5,9,1.1700147259037,0.438232586896132,0.968422279236716
"R-HSA-8853884",0.00449642558097458,22,1.3825304592699,0.0850891433152593,0.307091345452491,177550,13,20,1.36891722930733,0.088876571562134,0.753763328438352
"R-HSA-9013973",0.000851659506608152,6,1.99069483284322,0.0852522242599452,0.307091345452491,119226,5,9,1.1700147259037,0.438232586896132,0.968422279236716
"R-HSA-446353",0.00284123183862729,15,1.49177740100027,0.0860619300454519,0.30908868695147,77414,10,14,1.50430464759047,0.0625740719348773,0.746071404389813
"R-HSA-5654727",0.00354720063451723,18,1.43385814942271,0.0863040488088722,0.30908868695147,176962,11,19,1.21927850383649,0.248174911593497,0.866437501201784
"R-HSA-5654219",0.00170713221773871,10,1.65520686440287,0.0866357280355886,0.30908868695147,251539,6,9,1.40401767108444,0.20679200981924,0.860563022229133
"R-HSA-392499",0.156812644901772,585,1.05413012177904,0.0867293629057857,0.30908868695147,131121,391,861,0.956395312533127,0.90665978608867,0.999999992102175
"R-HSA-5625970",0.000858891446219615,6,1.97393301168486,0.0878775297364607,0.312349840442592,33817,4,7,1.20344371807238,0.445055755070281,0.968422279236716
"R-HSA-9703465",0.00149845788749521,9,1.69713896529381,0.0895247458536687,0.315929970270284,240175,7,10,1.47421855463866,0.133542383063416,0.836484166201772
"R-HSA-8849471",0.00171883481092817,10,1.64393747862167,0.0895731270535569,0.315929970270284,101794,4,7,1.20344371807238,0.445055755070281,0.968422279236716
"R-HSA-190828",0.00380492066430756,19,1.41100136050837,0.0895920811214239,0.315929970270284,64531,14,23,1.28192917794666,0.140465237203315,0.836484166201772
"R-HSA-9820952",0.00824335923857932,37,1.26828523042824,0.0900912956566184,0.31685652540648,116548,21,53,0.834463332814336,0.901531566457544,0.999999992102175
"R-HSA-5576886",0.00263545028422838,14,1.501041311618,0.0912412252817404,0.320060842611341,223232,8,9,1.87202356144592,0.0134011688483351,0.49305126273551
"R-HSA-445144",0.00310684125708467,16,1.45519219370527,0.0920114980845055,0.321920123846573,164064,8,11,1.53165564118302,0.0838708662445858,0.746299672433418
"R-HSA-2173793",0.00406382410239795,20,1.39063940468145,0.0927419653131143,0.323630816457222,79442,12,28,0.902582788554282,0.750978397127229,0.999999992102175
"R-HSA-5654716",0.00196393181885122,11,1.58265303914012,0.0948260660319864,0.330043970085355,251840,9,12,1.57951987996999,0.0514553442117047,0.746071404389813
"R-HSA-9818027",0.000880061305809535,6,1.92645008700516,0.0958131570207493,0.330904300457604,103130,2,5,0.842410602650663,0.779526206223158,0.999999992102175
"R-HSA-190242",0.00152133711462966,9,1.67161587281662,0.095899866671432,0.330904300457604,271970,5,8,1.31626656664166,0.309654488520081,0.866437501201784
"R-HSA-3928662",0.00456966540576704,22,1.36037209982429,0.096257870833048,0.330904300457604,178908,15,25,1.26361590397599,0.145826896506291,0.836484166201772
"R-HSA-9609736",0.00408657183972128,20,1.38289846652354,0.0965276523689047,0.330904300457604,65242,12,24,1.05301325331333,0.481678257350313,0.999999992102175
"R-HSA-163560",0.00219969305018493,12,1.54148250730175,0.0967781042786691,0.330904300457604,89422,9,13,1.45801835074153,0.0976041010844374,0.787888526826181
"R-HSA-674695",0.00654635173629666,30,1.29491528063366,0.0969466132089847,0.330904300457604,222512,12,31,0.815236067081286,0.877416918065042,0.999999992102175
"R-HSA-8951664",0.0139413387135458,59,1.19582318724842,0.097001248184463,0.330904300457604,97290,43,87,1.04090965270053,0.398107668518305,0.968422279236716
"R-HSA-421270",0.0152399320881424,64,1.18663288477742,0.0970487985670436,0.330904300457604,242318,29,52,1.17451478254179,0.144360696169943,0.836484166201772
"R-HSA-1483148",0.000884926428820883,6,1.91585890524896,0.0976892254727177,0.332242543485893,46669,4,6,1.40401767108444,0.297751080471712,0.866437501201784
"R-HSA-9834899",0.00630822368836284,29,1.29900358706771,0.0984092970543189,0.333844197601993,305587,8,12,1.40401767108444,0.148701910310347,0.836484166201772
"R-HSA-2871809",0.00459385953101266,22,1.3532075331366,0.100145548514463,0.338527907744801,181667,8,15,1.12321413686755,0.421307744855511,0.968422279236716
"R-HSA-549132",0.00131831684626422,8,1.71470582250489,0.100704923668083,0.338527907744801,30477,7,8,1.84277319329832,0.025394050054703,0.654385136025038
"R-HSA-9703648",0.00068926958987802,5,2.04974730260802,0.100795369387079,0.338527907744801,217226,5,6,1.75502208885555,0.0874395884866019,0.746299672433418
"R-HSA-75876",0.00176156899954136,10,1.60405693218948,0.100800474022519,0.338527907744801,82231,7,13,1.13401427279897,0.426500594455965,0.968422279236716
"R-HSA-2514856",0.00339414649437644,17,1.41526503021432,0.101567982062727,0.339085354620094,127630,9,15,1.26361590397599,0.237965861556451,0.866437501201784
"R-HSA-2514859",0.00339414649437644,17,1.41526503021432,0.101567982062727,0.339085354620094,127630,9,15,1.26361590397599,0.237965861556451,0.866437501201784
"R-HSA-9679191",0.00583486036833978,27,1.30753322694005,0.101725606386028,0.339085354620094,103701,20,43,0.979547212384491,0.609513838125594,0.999999992102175
"R-HSA-210745",0.00269527814828685,14,1.46772226601422,0.103969842895855,0.345706177370834,139652,9,12,1.57951987996999,0.0514553442117047,0.746071404389813
"R-HSA-372708",0.000901625634832808,6,1.88037486252377,0.104275696174722,0.345864932856752,79037,5,6,1.75502208885555,0.0874395884866019,0.746299672433418
"R-HSA-6811440",0.00365226099360013,18,1.39261201386004,0.105078230010236,0.346898163062977,257427,14,21,1.40401767108444,0.0609250936759378,0.746071404389813
"R-HSA-5654693",0.0017776107564977,10,1.58958138327854,0.10521717666405,0.346898163062977,257253,6,11,1.14874173088727,0.432105144900899,0.968422279236716
"R-HSA-5654720",0.00177813671574217,10,1.58911119725967,0.105363845049725,0.346898163062977,270258,8,11,1.53165564118302,0.0838708662445858,0.746299672433418
"R-HSA-186763",0.00247082504070925,13,1.48669128501438,0.106148830078499,0.347272076160422,130418,11,18,1.28701619849407,0.178115879861727,0.836484166201772
"R-HSA-159782",0.000701103672878596,5,2.0151491673427,0.106254888974457,0.347272076160422,40062,2,5,0.842410602650663,0.779526206223158,0.999999992102175
"R-HSA-159854",0.000701103672878596,5,2.0151491673427,0.106254888974457,0.347272076160422,40062,2,5,0.842410602650663,0.779526206223158,0.999999992102175
"R-HSA-399956",0.0024734548369316,13,1.48511062339617,0.106768264972821,0.348100912563455,211635,8,10,1.68482120530133,0.0390091705113794,0.746071404389813
"R-HSA-1852241",0.0224600376166052,91,1.14485464462062,0.107399415823089,0.349077537286201,151257,53,130,0.858610806547791,0.94923545923411,0.999999992102175
"R-HSA-109606",0.00737868224067053,33,1.26373079652488,0.107588823059105,0.349077537286201,143677,19,30,1.33381678753022,0.0593578938308907,0.746071404389813
"R-HSA-3769402",0.007385914180282,33,1.26249341079543,0.10855939205066,0.351375810019044,175889,16,24,1.40401767108444,0.0460666162598216,0.746071404389813
"R-HSA-389359",0.00134540374735443,8,1.68018379363116,0.109522952372291,0.352803999211061,59936,4,7,1.20344371807238,0.445055755070281,0.968422279236716
"R-HSA-2151201",0.00589034906863137,27,1.29521590609784,0.109992296376996,0.352803999211061,147351,13,30,0.912611486204885,0.737640373951598,0.999999992102175
"R-HSA-181431",0.0009158265344335,6,1.85121757822333,0.110053784828525,0.352803999211061,115855,4,7,1.20344371807238,0.445055755070281,0.968422279236716
"R-HSA-622327",0.0009158265344335,6,1.85121757822333,0.110053784828525,0.352803999211061,115855,4,7,1.20344371807238,0.445055755070281,0.968422279236716
"R-HSA-5654688",0.00157367005945443,9,1.61602570592315,0.111442537249069,0.35640334108294,271970,5,9,1.1700147259037,0.438232586896132,0.968422279236716
"R-HSA-391160",0.00113370515145522,7,1.74468632618647,0.11182899553408,0.356787747656351,224936,5,7,1.50430464759047,0.187272574522785,0.836484166201772
"R-HSA-168276",0.00180298829004338,10,1.56720760797422,0.112427785313305,0.357846157529284,49933,7,17,0.867187385081565,0.776563684508364,0.999999992102175
"R-HSA-2219530",0.00946292723669428,41,1.22427165164901,0.113906967139133,0.360508616019898,159205,27,48,1.18463990997749,0.141234036960342,0.836484166201772
"R-HSA-191859",0.00180864235192143,10,1.56230830392894,0.11407138297943,0.360508616019898,44874,8,18,0.936011780722959,0.687816327500395,0.999999992102175
"R-HSA-194441",0.00180864235192143,10,1.56230830392894,0.11407138297943,0.360508616019898,44874,8,18,0.936011780722959,0.687816327500395,0.999999992102175
"R-HSA-3656237",0.00114172602993339,7,1.73242951795229,0.114824760135363,0.361185865214523,84066,5,9,1.1700147259037,0.438232586896132,0.968422279236716
"R-HSA-3656253",0.00114172602993339,7,1.73242951795229,0.114824760135363,0.361185865214523,84066,5,9,1.1700147259037,0.438232586896132,0.968422279236716
"R-HSA-5632684",0.00492915854936233,23,1.31848285158182,0.115202051624048,0.361524002754623,233181,13,27,1.01401276244987,0.547774899507674,0.999999992102175
"R-HSA-9833110",0.00644799735758076,29,1.27084499958345,0.118662517161749,0.371513488310148,103140,18,43,0.881592491146042,0.813894601879219,0.999999992102175
"R-HSA-75105",0.00300072897951284,15,1.41248525835037,0.119408876362326,0.372978774651553,98320,10,20,1.05301325331333,0.497860752156068,0.999999992102175
"R-HSA-71336",0.00206044534021148,11,1.50851983360541,0.120306624798932,0.37417792098287,70171,2,8,0.526506626656664,0.952436391520317,0.999999992102175
"R-HSA-9013404",0.0113204837983514,48,1.19810722534212,0.120351256674341,0.37417792098287,187928,26,52,1.05301325331333,0.410131442405922,0.968422279236716
"R-HSA-9706574",0.00422226932479456,20,1.3384541571762,0.12113516899349,0.375743348266844,89664,12,20,1.26361590397599,0.184594784616989,0.836484166201772
"R-HSA-112409",0.00253433461947901,13,1.44943529815841,0.121706257735412,0.37626062956175,118501,8,14,1.20344371807238,0.323525407096013,0.866437501201784
"R-HSA-170968",0.000733581656224622,5,1.92593213125493,0.121959252281991,0.37626062956175,66347,3,6,1.05301325331333,0.607990355101731,0.999999992102175
"R-HSA-9762292",0.000944359823446001,6,1.79528410363764,0.12214430885027,0.37626062956175,123186,5,7,1.50430464759047,0.187272574522785,0.836484166201772
"R-HSA-190373",0.000946989619668351,6,1.79029858821515,0.123290341111405,0.378052762218038,324272,3,5,1.26361590397599,0.452870717786721,0.968422279236716
"R-HSA-1839122",0.000946989619668351,6,1.79029858821515,0.123290341111405,0.378052762218038,324272,3,5,1.26361590397599,0.452870717786721,0.968422279236716
"R-HSA-879415",0.00116565717555678,7,1.69686243704227,0.124008827425451,0.378548063631689,53998,5,6,1.75502208885555,0.0874395884866019,0.746299672433418
"R-HSA-166520",0.0163182800291171,67,1.16016526455956,0.124120238487512,0.378548063631689,134206,49,81,1.27401603487292,0.0123437286523114,0.475876040700615
"R-HSA-597592",0.121251093995229,452,1.05334880388027,0.124840738307797,0.378548063631689,139882,292,633,0.971500379044208,0.773388392911487,0.999999992102175
"R-HSA-2500257",0.00903992451432923,39,1.21904360451078,0.125452482233184,0.378548063631689,143920,27,59,0.963774842015589,0.65320961003067,0.999999992102175
"R-HSA-9674555",0.00161811361561215,9,1.57163949687049,0.125673481738419,0.378548063631689,119783,9,15,1.26361590397599,0.237965861556451,0.866437501201784
"R-HSA-5654738",0.0052375021564329,24,1.29481125048459,0.125722750255416,0.378548063631689,180339,17,35,1.02292716036152,0.514917991630609,0.999999992102175
"R-HSA-196791",0.000952643681546404,6,1.77967293751905,0.125772118831622,0.378548063631689,51230,4,7,1.20344371807238,0.445055755070281,0.968422279236716
"R-HSA-447038",0.00208030030169022,11,1.49412210306534,0.12598236021403,0.378548063631689,161401,4,5,1.68482120530133,0.157543419148305,0.836484166201772
"R-HSA-194315",0.0774974648764417,293,1.06831557927296,0.126327950502635,0.378548063631689,127388,174,359,1.02074822326752,0.371188994773575,0.963940412784091
"R-HSA-450341",0.000954353049090932,6,1.77648531721211,0.12652718589727,0.378548063631689,131280,3,6,1.05301325331333,0.607990355101731,0.999999992102175
"R-HSA-9823739",0.00599409452960309,27,1.2727983798856,0.126559352617162,0.378548063631689,347779,7,10,1.47421855463866,0.133542383063416,0.836484166201772
"R-HSA-9022692",0.006503091588439,29,1.26007839314098,0.12731278494081,0.379953522985936,138842,10,19,1.10843500348771,0.411872353915981,0.968422279236716
"R-HSA-611105",0.00828714534568145,36,1.22748722878149,0.127722765150467,0.380167310336994,243711,21,48,0.921386596649162,0.746098864186214,0.999999992102175
"R-HSA-170822",0.00162652896352367,9,1.56350813649865,0.1284725537649,0.380167310336994,50749,7,14,1.05301325331333,0.529475781815918,0.999999992102175
"R-HSA-5619107",0.00162652896352367,9,1.56350813649865,0.1284725537649,0.380167310336994,50749,7,14,1.05301325331333,0.529475781815918,0.999999992102175
"R-HSA-187687",0.00185650464316821,10,1.52203064810132,0.128519247449745,0.380167310336994,78759,7,17,0.867187385081565,0.776563684508364,0.999999992102175
"R-HSA-199977",0.00855104539659431,37,1.22264942898892,0.128804745224851,0.380172596038105,134471,28,54,1.09201374417678,0.305230803739754,0.866437501201784
"R-HSA-933541",0.00117906913629077,7,1.67756055585812,0.129314448239069,0.380838155253521,109085,3,12,0.526506626656664,0.971122308885713,0.999999992102175
"R-HSA-912694",0.00118012105477971,7,1.6760652372568,0.129735320698241,0.381239758192199,191396,5,8,1.31626656664166,0.309654488520081,0.866437501201784
"R-HSA-428542",0.00140483714197954,8,1.60910151408031,0.130287330625441,0.382024120433459,282524,7,8,1.84277319329832,0.025394050054703,0.654385136025038
"R-HSA-9694676",0.00209870887524667,11,1.48101658997536,0.131374318909325,0.383093734199292,79558,6,7,1.80516557710856,0.047506394072129,0.746071404389813
"R-HSA-5683057",0.0345632802605392,135,1.1036674975075,0.131848610846644,0.383093734199292,135451,83,153,1.14248496764714,0.0538280817024955,0.746071404389813
"R-HSA-450520",0.000753173638081132,5,1.8758336871982,0.131924675070044,0.383093734199292,158393,4,5,1.68482120530133,0.157543419148305,0.836484166201772
"R-HSA-74751",0.00653412318386273,29,1.25409407943922,0.132350740284658,0.383093734199292,209485,20,32,1.31626656664166,0.0632210341384003,0.746071404389813
"R-HSA-9656223",0.00305569172055996,15,1.38707887950487,0.132440063430425,0.383093734199292,111752,11,18,1.28701619849407,0.178115879861727,0.836484166201772
"R-HSA-2022090",0.00553072443522496,25,1.27725445298265,0.133389868125797,0.383093734199292,108944,15,32,0.987199924981245,0.595948713164073,0.999999992102175
"R-HSA-2454202",0.0109124709144538,46,1.19111630555718,0.133815199775957,0.383093734199292,157592,25,56,0.940190404744043,0.711960449722937,0.999999992102175
"R-HSA-189445",0.00075698684260354,5,1.86638446417774,0.133905713788087,0.383093734199292,43807,3,8,0.789759939984996,0.820031875228222,0.999999992102175
"R-HSA-1445148",0.00807413185167108,35,1.22487464411528,0.133984822974284,0.383093734199292,89539,23,46,1.05301325331333,0.421980527327414,0.968422279236716
"R-HSA-2173789",0.00578607764841518,26,1.26972165879035,0.134060545659035,0.383093734199292,104889,12,25,1.0108927231808,0.557583227678718,0.999999992102175
"R-HSA-1834949",0.0030627921703603,15,1.38386322417953,0.134180152765915,0.383093734199292,102043,10,19,1.10843500348771,0.411872353915981,0.968422279236716
"R-HSA-3108214",0.00503421890844522,23,1.29096710696463,0.134262263179651,0.383093734199292,84839,15,35,0.902582788554281,0.76314517516843,0.999999992102175
"R-HSA-5357801",0.0219895670724267,88,1.13079903811889,0.13436869781617,0.383093734199292,140134,47,88,1.12480961149378,0.155810821412738,0.836484166201772
"R-HSA-3214841",0.003309730035639,16,1.36598788895427,0.135207771968258,0.383958773692585,118356,11,30,0.772209719096441,0.915848411284939,0.999999992102175
"R-HSA-2467813",0.0122261856173289,51,1.17868736610061,0.135245179987239,0.383958773692585,148145,37,77,1.0119867629245,0.504883230187653,0.999999992102175
"R-HSA-9620244",0.00331761942430605,16,1.36273953283136,0.137087639846753,0.387589518525184,168995,9,16,1.18463990997749,0.325002551962844,0.866437501201784
"R-HSA-205043",0.00119826664871392,7,1.65068424277184,0.13710256103055,0.387589518525184,89230,4,8,1.05301325331333,0.580457021620481,0.999999992102175
"R-HSA-9027277",0.00120023899588069,7,1.6479716810232,0.137915445776134,0.389066731242146,191482,4,5,1.68482120530133,0.157543419148305,0.836484166201772
"R-HSA-381771",0.00332366795561746,16,1.36025957007825,0.138538822150241,0.39000424722967,66997,7,9,1.63802061626518,0.0673691342769905,0.746071404389813
"R-HSA-1236394",0.00530995304235865,24,1.2771443857391,0.139013350579798,0.390519685066938,142177,21,28,1.57951987996999,0.00284172241430647,0.31304199583508
"R-HSA-2032785",0.00382293476843066,18,1.33043926865848,0.14056412367657,0.394050053821346,125593,6,12,1.05301325331333,0.543270874244998,0.999999992102175
"R-HSA-1169408",0.00532152414573699,24,1.27436736748047,0.141209552219068,0.395032985331003,87508,17,34,1.05301325331333,0.450257257129919,0.968422279236716
"R-HSA-390471",0.00260915232200487,13,1.40787259671951,0.141611515274633,0.39533214680835,56463,12,21,1.20344371807238,0.251657533270038,0.866437501201784
"R-HSA-5617472",0.00634740765207586,28,1.24646783952767,0.143770801587489,0.399694759600073,173168,13,37,0.739955259085042,0.953943331489924,0.999999992102175
"R-HSA-5619507",0.00634740765207586,28,1.24646783952767,0.143770801587489,0.399694759600073,173168,13,37,0.739955259085042,0.953943331489924,0.999999992102175
"R-HSA-2660825",0.00214420434989334,11,1.44959255489034,0.145226434191545,0.402073185571633,168441,3,5,1.26361590397599,0.452870717786721,0.968422279236716
"R-HSA-2660826",0.00214420434989334,11,1.44959255489034,0.145226434191545,0.402073185571633,168441,3,5,1.26361590397599,0.452870717786721,0.968422279236716
"R-HSA-9816359",0.00636042514337649,28,1.24391677039442,0.146074361807074,0.403586896539131,98526,15,43,0.734660409288369,0.966074409897577,0.999999992102175
"R-HSA-69618",0.00868200924846736,37,1.20420636193747,0.148012161825463,0.408099376226586,174148,25,53,0.993408729540876,0.571905781130621,0.999999992102175
"R-HSA-912526",0.00145743306642655,8,1.55103217037478,0.150221766423147,0.410405262471527,164121,3,9,0.702008835542219,0.882929528142353,0.999999992102175
"R-HSA-6802946",0.0031265647287523,15,1.35563655819723,0.150379838711582,0.410405262471527,111752,11,19,1.21927850383649,0.248174911593497,0.866437501201784
"R-HSA-6802949",0.0031265647287523,15,1.35563655819723,0.150379838711582,0.410405262471527,111752,11,19,1.21927850383649,0.248174911593497,0.866437501201784
"R-HSA-6802955",0.0031265647287523,15,1.35563655819723,0.150379838711582,0.410405262471527,111752,11,19,1.21927850383649,0.248174911593497,0.866437501201784
"R-HSA-9649948",0.0031265647287523,15,1.35563655819723,0.150379838711582,0.410405262471527,111752,11,19,1.21927850383649,0.248174911593497,0.866437501201784
"R-HSA-141424",0.00690531892064748,30,1.22760020111257,0.152098987883387,0.413413070514683,174227,20,46,0.915663698533329,0.755352272724406,0.999999992102175
"R-HSA-141444",0.00690531892064748,30,1.22760020111257,0.152098987883387,0.413413070514683,174227,20,46,0.915663698533329,0.755352272724406,0.999999992102175
"R-HSA-5621480",0.00264820479590677,13,1.38711101969738,0.152661267999654,0.414101415221733,121154,7,15,0.982812369759106,0.624122814156274,0.999999992102175
"R-HSA-9648895",0.00146453351622689,8,1.54351235198725,0.153020293260603,0.414236753473148,169900,4,6,1.40401767108444,0.297751080471712,0.866437501201784
"R-HSA-211000",0.00691662704440358,30,1.22559317443496,0.154084667472294,0.416277125832408,119339,18,49,0.773642390189384,0.951912856309259,0.999999992102175
"R-HSA-622323",0.00079617080631656,5,1.77452937411582,0.155008937444101,0.417931541599789,110417,3,5,1.26361590397599,0.452870717786721,0.968422279236716
"R-HSA-5633008",0.0036430567068219,17,1.31856768299005,0.156497350730776,0.421097289114939,101495,10,19,1.10843500348771,0.411872353915981,0.968422279236716
"R-HSA-5654687",0.00389354479700077,18,1.30631154965981,0.157014717526008,0.421642728426555,203792,10,17,1.23883912154509,0.243715846734381,0.866437501201784
"R-HSA-5654689",0.00243032617888505,12,1.39519887813943,0.159817190873438,0.428310071540815,287263,8,13,1.29601631177025,0.230458405071803,0.866437501201784
"R-HSA-2424491",0.00267397679888581,13,1.37374193237142,0.16019418617013,0.428463491952046,165152,9,15,1.26361590397599,0.237965861556451,0.866437501201784
"R-HSA-166658",0.00219298706981793,11,1.41734655190051,0.160889126344918,0.428966862617883,47794,9,20,0.947711927981996,0.670777954905441,0.999999992102175
"R-HSA-9717207",0.00441082571393708,20,1.2812371870945,0.161022635743877,0.428966862617883,97364,8,14,1.20344371807238,0.323525407096013,0.866437501201784
"R-HSA-5620916",0.00125507024711669,7,1.57597543262229,0.161429631809433,0.429123676063081,170700,5,8,1.31626656664166,0.309654488520081,0.866437501201784
"R-HSA-428543",0.00125572769617228,7,1.57515031459474,0.161721982396907,0.429123676063081,48040,5,6,1.75502208885555,0.0874395884866019,0.746299672433418
"R-HSA-190371",0.000809319787428312,5,1.74569867754204,0.162381331959502,0.430021709141763,337971,3,5,1.26361590397599,0.452870717786721,0.968422279236716
"R-HSA-9796292",0.00268489045320856,13,1.36815788905947,0.163440782689566,0.431973666280115,276427,5,9,1.1700147259037,0.438232586896132,0.968422279236716
"R-HSA-5654227",0.00103692865047273,6,1.63501527166187,0.165507072024689,0.433816770235592,292919,4,7,1.20344371807238,0.445055755070281,0.968422279236716
"R-HSA-388396",0.0664336491893916,250,1.06333800706511,0.165509287301472,0.433816770235592,134399,153,293,1.09973397786307,0.0556968559106253,0.746071404389813
"R-HSA-109704",0.00519082327348618,23,1.25201931902748,0.1659067544008,0.433816770235592,200915,17,28,1.2786589504519,0.112193606674942,0.829077125036441
"R-HSA-112399",0.00519082327348618,23,1.25201931902748,0.1659067544008,0.433816770235592,200915,17,28,1.2786589504519,0.112193606674942,0.829077125036441
"R-HSA-2219528",0.0122040953290611,50,1.15766752432513,0.166407039275083,0.433816770235592,147468,32,61,1.10480079036152,0.256820083023252,0.866437501201784
"R-HSA-8854691",0.00149819490787298,8,1.50883276956591,0.16662085637511,0.433816770235592,146850,8,10,1.68482120530133,0.0390091705113794,0.746071404389813
"R-HSA-3560801",0.00173605997618457,9,1.46486371646507,0.16779914506183,0.433816770235592,186211,6,10,1.26361590397599,0.316666449952974,0.866437501201784
"R-HSA-4420332",0.00173605997618457,9,1.46486371646507,0.16779914506183,0.433816770235592,186211,6,10,1.26361590397599,0.316666449952974,0.866437501201784
"R-HSA-5676594",0.000819575992695478,5,1.72385293763377,0.168227545363397,0.433816770235592,58340,5,8,1.31626656664166,0.309654488520081,0.866437501201784
"R-HSA-1227986",0.00319296708336664,15,1.32744414120223,0.168313517557865,0.433816770235592,172774,12,20,1.26361590397599,0.184594784616989,0.836484166201772
"R-HSA-9659787",0.00150384896975103,8,1.50315996996013,0.168958116854537,0.433816770235592,138108,5,10,1.05301325331333,0.55979872383929,0.999999992102175
"R-HSA-9661069",0.00150384896975103,8,1.50315996996013,0.168958116854537,0.433816770235592,138108,5,10,1.05301325331333,0.55979872383929,0.999999992102175
"R-HSA-159418",0.00197734377958521,10,1.42901653946951,0.169082134128993,0.433816770235592,134883,4,10,0.842410602650663,0.783861799773739,0.999999992102175
"R-HSA-167287",0.00221757566449691,11,1.40163093937722,0.169090486666293,0.433816770235592,69736,6,14,0.902582788554282,0.728772613250357,0.999999992102175
"R-HSA-167290",0.00221757566449691,11,1.40163093937722,0.169090486666293,0.433816770235592,69736,6,14,0.902582788554282,0.728772613250357,0.999999992102175
"R-HSA-9679504",0.0019780012286408,10,1.42854156222446,0.169318037935235,0.433816770235592,83606,5,6,1.75502208885555,0.0874395884866019,0.746299672433418
"R-HSA-3560783",0.00174105658900703,9,1.46065974235241,0.169715779675782,0.434006001460968,186211,6,11,1.14874173088727,0.432105144900899,0.968422279236716
"R-HSA-112040",0.00546760932588856,24,1.24031844859079,0.170644166371285,0.435548919880994,156015,14,36,0.819010308132589,0.885792301268624,0.999999992102175
"R-HSA-2029482",0.00856945397015076,36,1.18704938614671,0.171652852895178,0.437290537793799,78596,17,38,0.942169752964557,0.691327248713648,0.999999992102175
"R-HSA-9652817",0.00151134388898473,8,1.49570563567374,0.172079175888467,0.437544773606348,68810,4,6,1.40401767108444,0.297751080471712,0.866437501201784
"R-HSA-71064",0.00105086657045119,6,1.61332963367436,0.172540765565539,0.437887548973147,180210,2,6,0.702008835542219,0.865294131783872,0.999999992102175
"R-HSA-9014325",0.00105310189724019,6,1.60990516073486,0.173680156228508,0.43967514858409,100113,5,8,1.31626656664166,0.309654488520081,0.866437501201784
"R-HSA-6804757",0.00321321651427874,15,1.31907869545418,0.173991900769353,0.43967514858409,76884,10,17,1.23883912154509,0.243715846734381,0.866437501201784
"R-HSA-9762293",0.00151647199161831,8,1.49064775656239,0.174229480521009,0.43967514858409,236494,3,5,1.26361590397599,0.452870717786721,0.968422279236716
"R-HSA-6798695",0.0343042453326377,132,1.08729026333483,0.174987590483243,0.440758216630725,107291,87,195,0.939611826033432,0.81151562338932,0.999999992102175
"R-HSA-9027276",0.00199772470030842,10,1.41443761735948,0.176467716094802,0.443374391814027,178134,5,7,1.50430464759047,0.187272574522785,0.836484166201772
"R-HSA-9012999",0.0591988168020836,223,1.06441570505735,0.176896999061472,0.443374391814027,130634,125,237,1.11077347395921,0.0572717639645114,0.746071404389813
"R-HSA-176033",0.00175985963199684,9,1.44505347044891,0.177018880313809,0.443374391814027,46105,7,15,0.982812369759106,0.624122814156274,0.999999992102175
"R-HSA-5632681",0.00152436138028536,8,1.48293285400104,0.177560914650794,0.443902286626986,239119,4,6,1.40401767108444,0.297751080471712,0.866437501201784
"R-HSA-416572",0.00248910212445458,12,1.36225361144485,0.178603858128408,0.445678156223587,63200,8,11,1.53165564118302,0.0838708662445858,0.746299672433418
"R-HSA-5601884",0.00129596357837424,7,1.52624650003853,0.18005702426436,0.448469168242086,59499,7,12,1.22851546219888,0.320939415556801,0.866437501201784
"R-HSA-372790",0.0743958832118017,278,1.0558818612336,0.180861812115218,0.449637900249336,137758,176,336,1.10315674156634,0.0376834279070017,0.746071404389813
"R-HSA-9031628",0.00475440859038715,21,1.24807944336355,0.182155751316595,0.451980391405077,121001,18,24,1.57951987996999,0.00573462995320906,0.426911340961119
"R-HSA-74752",0.00837116733498555,35,1.18141221918037,0.182478650559811,0.451980391405077,184089,25,43,1.22443401548061,0.105692892081963,0.828236698186145
"R-HSA-3560782",0.00400478517720619,18,1.27002630912357,0.184933092679138,0.45547835709013,121956,10,17,1.23883912154509,0.243715846734381,0.866437501201784
"R-HSA-5218920",0.00300283281649072,14,1.31739593680254,0.185094778959589,0.45547835709013,140381,8,16,1.05301325331333,0.517612937748177,0.999999992102175
"R-HSA-5607764",0.00656568073853093,28,1.20502957998756,0.1851765034955,0.45547835709013,160781,15,36,0.877511044427774,0.806829201239575,0.999999992102175
"R-HSA-9772572",0.0042601383903964,19,1.26022859869227,0.185532880035395,0.45547835709013,80989,11,20,1.15831457864466,0.325883955675895,0.866437501201784
"R-HSA-9820841",0.00375508602589403,17,1.27922950573998,0.185590435053143,0.45547835709013,87065,8,14,1.20344371807238,0.323525407096013,0.866437501201784
"R-HSA-1839130",0.000851133547363682,5,1.6599374880691,0.186713435853968,0.456562051175761,337971,3,6,1.05301325331333,0.607990355101731,0.999999992102175
"R-HSA-2033514",0.000851133547363682,5,1.6599374880691,0.186713435853968,0.456562051175761,337971,3,6,1.05301325331333,0.607990355101731,0.999999992102175
"R-HSA-629594",0.000854157813019385,5,1.65406024634718,0.188522531465565,0.460146069515222,138779,3,6,1.05301325331333,0.607990355101731,0.999999992102175
"R-HSA-196807",0.00277180521835724,13,1.32525692299361,0.190456007802456,0.4618553271501,97540,8,15,1.12321413686755,0.421307744855511,0.968422279236716
"R-HSA-5627123",0.00377336310963936,17,1.27303328657777,0.190576754210332,0.4618553271501,85337,10,18,1.1700147259037,0.3257158053252,0.866437501201784
"R-HSA-190375",0.0015561819145758,8,1.45261010362772,0.19127638509355,0.4618553271501,302397,4,6,1.40401767108444,0.297751080471712,0.866437501201784
"R-HSA-948021",0.0123767414510584,50,1.1415189435838,0.191310481272394,0.4618553271501,122370,36,72,1.05301325331333,0.377326252327269,0.968422279236716
"R-HSA-2122948",0.00428735678129773,19,1.25222800616545,0.192506106723013,0.4618553271501,119559,8,17,0.991071297236074,0.6075354643289,0.999999992102175
"R-HSA-187037",0.0134485149014773,54,1.13458978363802,0.192595816891823,0.4618553271501,134398,42,68,1.30078107762235,0.0122584001821386,0.475876040700615
"R-HSA-9678108",0.00921901363707129,38,1.16471207122977,0.193382987251444,0.4618553271501,99455,28,65,0.907211418239175,0.798929232303599,0.999999992102175
"R-HSA-5625740",0.00505749260501302,22,1.22915559330249,0.193461175060866,0.4618553271501,61193,12,35,0.722066230843425,0.960009804356116,0.999999992102175
"R-HSA-9675126",0.00328053929757091,15,1.29200874106432,0.193546176403378,0.4618553271501,154769,10,17,1.23883912154509,0.243715846734381,0.866437501201784
"R-HSA-9687139",0.00328053929757091,15,1.29200874106432,0.193546176403378,0.4618553271501,154769,10,17,1.23883912154509,0.243715846734381,0.866437501201784
"R-HSA-6784531",0.00353484059227219,16,1.27899717862099,0.194407517633961,0.4618553271501,111893,13,26,1.05301325331333,0.474532505409787,0.999999992102175
"R-HSA-6790901",0.0020463759304219,10,1.38081030139064,0.194685497779926,0.4618553271501,56296,8,20,0.842410602650663,0.814146289632998,0.999999992102175
"R-HSA-5686938",0.000864414018286551,5,1.63443494984351,0.194704080024102,0.4618553271501,58211,4,5,1.68482120530133,0.157543419148305,0.836484166201772
"R-HSA-451927",0.00229252485683389,11,1.35580761643801,0.19529094549887,0.4618553271501,123163,7,14,1.05301325331333,0.529475781815918,0.999999992102175
"R-HSA-1632852",0.0126711471381506,51,1.13729643935379,0.195628882496855,0.4618553271501,121001,35,66,1.11683223836262,0.216889143099563,0.866437501201784
"R-HSA-4419969",0.00132923050058697,7,1.48804881831831,0.195842348781218,0.4618553271501,298044,4,6,1.40401767108444,0.297751080471712,0.866437501201784
"R-HSA-168271",0.00156775301795414,8,1.44188883472566,0.196370975412707,0.4618553271501,51852,6,13,0.972012233827688,0.64335968549274,0.999999992102175
"R-HSA-180910",0.00156775301795414,8,1.44188883472566,0.196370975412707,0.4618553271501,51852,6,13,0.972012233827688,0.64335968549274,0.999999992102175
"R-HSA-190239",0.000867175304320019,5,1.62923053226251,0.196380334523671,0.4618553271501,337971,3,7,0.902582788554282,0.730191305125319,0.999999992102175
"R-HSA-190372",0.000867175304320019,5,1.62923053226251,0.196380334523671,0.4618553271501,337971,3,7,0.902582788554282,0.730191305125319,0.999999992102175
"R-HSA-139853",0.00109688800434232,6,1.54564018608553,0.196599528311288,0.4618553271501,159177,3,6,1.05301325331333,0.607990355101731,0.999999992102175
"R-HSA-376176",0.0150810923963124,60,1.12418526098362,0.197129890162358,0.4618553271501,118806,45,88,1.07694537270681,0.279789483034206,0.866437501201784
"R-HSA-69205",0.00156985685493203,8,1.43995649354502,0.19730321662801,0.4618553271501,68736,6,13,0.972012233827688,0.64335968549274,0.999999992102175
"R-HSA-5423646",0.00133264923567603,7,1.48423142618449,0.197494852579856,0.4618553271501,140542,6,9,1.40401767108444,0.20679200981924,0.860563022229133
"R-HSA-174824",0.00533427865741539,23,1.21834861608282,0.198135338603425,0.462545912419145,75208,16,30,1.12321413686755,0.322358150473525,0.866437501201784
"R-HSA-983712",0.0191174351281868,75,1.10853925211374,0.198747395976253,0.462928089252794,150686,47,87,1.13773845760291,0.131384492782996,0.836484166201772
"R-HSA-983168",0.022625451798991,88,1.0990181108896,0.198989984634037,0.462928089252794,143738,63,124,1.06999733804419,0.255692001366835,0.866437501201784
"R-HSA-8848021",0.00534348294419362,23,1.21624997926197,0.200303374296453,0.464359537238847,106401,14,28,1.05301325331333,0.467883074514823,0.990463380489515
"R-HSA-9006927",0.00534348294419362,23,1.21624997926197,0.200303374296453,0.464359537238847,106401,14,28,1.05301325331333,0.467883074514823,0.990463380489515
"R-HSA-5669034",0.00157814071303243,8,1.43239798170588,0.200991441491441,0.464359537238847,27064,7,12,1.22851546219888,0.320939415556801,0.866437501201784
"R-HSA-9833109",0.00157814071303243,8,1.43239798170588,0.200991441491441,0.464359537238847,115311,3,12,0.526506626656664,0.971122308885713,0.999999992102175
"R-HSA-8854214",0.00231027598133476,11,1.34539019878183,0.201748366103498,0.464902430087927,40666,10,19,1.10843500348771,0.411872353915981,0.968422279236716
"R-HSA-9634815",0.00535032041437173,23,1.21469566618943,0.201921461551005,0.464902430087927,106761,8,22,0.765827820591511,0.896936222600191,0.999999992102175
"R-HSA-5654706",0.00110740718923172,6,1.53095825603485,0.202267251299449,0.464902430087927,302443,4,9,0.936011780722959,0.694236569399959,0.999999992102175
"R-HSA-163841",0.00306003088432684,14,1.29277118463216,0.202868871230335,0.465486793576453,107457,10,24,0.877511044427774,0.780365234479808,0.999999992102175
"R-HSA-9018519",0.0129907988689772,52,1.13106332931993,0.203692984063017,0.46657880110161,167814,23,58,0.835148442282984,0.908732248337343,0.999999992102175
"R-HSA-2187338",0.00796460083901019,33,1.17076400610497,0.204222276456504,0.466784230417177,105533,23,42,1.15330022981936,0.214030970079818,0.866437501201784
"R-HSA-169893",0.00111148337337636,6,1.52534371611564,0.204479360637972,0.466784230417177,70125,4,8,1.05301325331333,0.580457021620481,0.999999992102175
"R-HSA-8941858",0.00232026920697969,11,1.33959570398939,0.205424058138956,0.468143261745239,146899,8,17,0.991071297236074,0.6075354643289,0.999999992102175
"R-HSA-6806003",0.00332656073146204,15,1.27413439585809,0.207486059407944,0.471216025417369,76884,10,18,1.1700147259037,0.3257158053252,0.866437501201784
"R-HSA-5633007",0.0173027442449539,68,1.11048670035481,0.207492991247095,0.471216025417369,199786,34,73,0.980889057880909,0.607011969886722,0.999999992102175
"R-HSA-167172",0.00745836506620775,31,1.17445800983184,0.207827366434079,0.471216025417369,243268,10,26,0.810010194856406,0.868821823945847,0.999999992102175
"R-HSA-9692914",0.00537924817281758,23,1.20816344798944,0.208837587676141,0.472706701834509,89448,18,42,0.902582788554281,0.77484208266551,0.999999992102175
"R-HSA-2029485",0.00358888290464149,16,1.25973771352195,0.210228980344835,0.474985115764808,177526,8,17,0.991071297236074,0.6075354643289,0.999999992102175
"R-HSA-6806667",0.00308448798919469,14,1.28252071825218,0.210697560131956,0.474985115764808,71896,11,23,1.00723006838666,0.568259346771005,0.999999992102175
"R-HSA-70263",0.00135999911638847,7,1.45438320645652,0.210907570059747,0.474985115764808,53355,5,12,0.877511044427774,0.754023729175773,0.999999992102175
"R-HSA-6785631",0.00112463235448812,6,1.50750969628499,0.211673824812331,0.475910948403562,118242,4,5,1.68482120530133,0.157543419148305,0.836484166201772
"R-HSA-69620",0.0181482237304396,71,1.10546160060753,0.212494802754079,0.476956508694247,136721,51,119,0.902582788554281,0.866642045226298,0.999999992102175
"R-HSA-112308",0.00185124505072351,9,1.37371941533406,0.214427291851322,0.477271964768573,168944,5,8,1.31626656664166,0.309654488520081,0.866437501201784
"R-HSA-9701192",0.0013677570152444,7,1.44613396504324,0.214772384145858,0.477271964768573,149862,6,11,1.14874173088727,0.432105144900899,0.968422279236716
"R-HSA-9701193",0.0013677570152444,7,1.44613396504324,0.214772384145858,0.477271964768573,149862,6,11,1.14874173088727,0.432105144900899,0.968422279236716
"R-HSA-9704331",0.0013677570152444,7,1.44613396504324,0.214772384145858,0.477271964768573,149862,6,11,1.14874173088727,0.432105144900899,0.968422279236716
"R-HSA-9704646",0.0013677570152444,7,1.44613396504324,0.214772384145858,0.477271964768573,149862,6,11,1.14874173088727,0.432105144900899,0.968422279236716
"R-HSA-9709603",0.0013677570152444,7,1.44613396504324,0.214772384145858,0.477271964768573,149862,6,11,1.14874173088727,0.432105144900899,0.968422279236716
"R-HSA-112382",0.00386737832458838,17,1.2420860949586,0.217223230093478,0.480161242258677,84027,10,23,0.915663698533329,0.722513165358436,0.999999992102175
"R-HSA-75955",0.00386737832458838,17,1.2420860949586,0.217223230093478,0.480161242258677,84027,10,23,0.915663698533329,0.722513165358436,0.999999992102175
"R-HSA-72306",0.00750478096953223,31,1.16719416966591,0.217372570782059,0.480161242258677,101725,23,47,1.03060871600879,0.47767862080373,0.999999992102175
"R-HSA-75109",0.00137327958731134,7,1.44031841290499,0.217539220002466,0.480161242258677,101097,4,8,1.05301325331333,0.580457021620481,0.999999992102175
"R-HSA-5663213",0.00515808231051792,22,1.20518536721713,0.218137557199221,0.480161242258677,44716,11,22,1.05301325331333,0.489413573156738,0.999999992102175
"R-HSA-5654704",0.000903466492188453,5,1.56378625531528,0.218854301402379,0.480161242258677,337971,3,7,0.902582788554282,0.730191305125319,0.999999992102175
"R-HSA-8849932",0.00310973403292926,14,1.27210871072979,0.218916186099971,0.480161242258677,130779,4,11,0.765827820591511,0.851091377003714,0.999999992102175
"R-HSA-2559580",0.00751411674612158,31,1.16574401066885,0.219317685517013,0.480161242258677,127318,18,47,0.8065633429634,0.921595176511123,0.999999992102175
"R-HSA-196849",0.00936404689873391,38,1.14667264955503,0.219641338223848,0.480161242258677,85980,27,55,1.03386755779854,0.457698050794943,0.976616859976471
"R-HSA-202670",0.0013774872612671,7,1.43591881485107,0.219655851869081,0.480161242258677,92979,5,9,1.1700147259037,0.438232586896132,0.968422279236716
"R-HSA-190861",0.00311315276801831,14,1.27071173377089,0.220039597648619,0.480216711480699,64181,11,19,1.21927850383649,0.248174911593497,0.866437501201784
"R-HSA-5578749",0.00362267578609869,16,1.24798668479794,0.220409160816585,0.480241098364592,58494,8,33,0.510551880394341,0.998328040324558,0.999999992102175
"R-HSA-190241",0.00211698595899201,10,1.33475470313929,0.222496422037779,0.484001957030234,254557,6,10,1.26361590397599,0.316666449952974,0.866437501201784
"R-HSA-5607763",0.00338086602345357,15,1.25366856257054,0.22449700205448,0.48756237075041,191629,4,9,0.936011780722959,0.694236569399959,0.999999992102175
"R-HSA-3247509",0.0193274243565415,75,1.09649515881615,0.225524591108286,0.488211554257033,189092,41,106,0.814595158223518,0.973378396826819,0.999999992102175
"R-HSA-4839726",0.0193274243565415,75,1.09649515881615,0.225524591108286,0.488211554257033,189092,41,106,0.814595158223518,0.973378396826819,0.999999992102175
"R-HSA-2022854",0.00212540130690353,10,1.3294698540301,0.22591118547736,0.488259658934939,78693,7,12,1.22851546219888,0.320939415556801,0.866437501201784
"R-HSA-2408522",0.00834710469955104,34,1.15096599691001,0.22784781683584,0.490648403802891,101367,22,50,0.926651662915729,0.737149133420777,0.999999992102175
"R-HSA-70895",0.000918719310278085,5,1.53782386722073,0.228527444540978,0.490648403802891,42555,3,6,1.05301325331333,0.607990355101731,0.999999992102175
"R-HSA-167238",0.00213210728727052,10,1.32528835772695,0.228646745118676,0.490648403802891,64361,5,12,0.877511044427774,0.754023729175773,0.999999992102175
"R-HSA-167243",0.00213210728727052,10,1.32528835772695,0.228646745118676,0.490648403802891,64361,5,12,0.877511044427774,0.754023729175773,0.999999992102175
"R-HSA-168333",0.00163888900576872,8,1.37930364059965,0.228847203266274,0.490648403802891,51852,6,14,0.902582788554282,0.728772613250357,0.999999992102175
"R-HSA-112043",0.00520252586667564,22,1.19488984444203,0.229483511360464,0.49081020435784,150345,12,33,0.765827820591512,0.928368326960627,0.999999992102175
"R-HSA-159227",0.00164138731217995,8,1.37720424388641,0.230021498758749,0.49081020435784,51852,6,14,0.902582788554282,0.728772613250357,0.999999992102175
"R-HSA-159230",0.00164138731217995,8,1.37720424388641,0.230021498758749,0.49081020435784,51852,6,14,0.902582788554282,0.728772613250357,0.999999992102175
"R-HSA-9833482",0.00573150937680141,24,1.18320956501186,0.23133944826836,0.492086785514558,63571,16,30,1.12321413686755,0.322358150473525,0.866437501201784
"R-HSA-69473",0.00520975780628711,22,1.19323115482178,0.231354234980725,0.492086785514558,91379,16,39,0.8640108745135,0.833912292787634,0.999999992102175
"R-HSA-73894",0.0220902882677427,85,1.08726893526554,0.232122211536122,0.492937818476075,163464,54,125,0.909803450862716,0.854640255206096,0.999999992102175
"R-HSA-6804756",0.00864229932550986,35,1.14434816544288,0.2339450115455,0.495481120490624,200475,17,40,0.895061265316329,0.785116982977306,0.999999992102175
"R-HSA-5620971",0.00189713499480352,9,1.3404904109016,0.234297502028932,0.495481120490624,78261,4,6,1.40401767108444,0.297751080471712,0.866437501201784
"R-HSA-9033241",0.0041842687693816,18,1.21554871777313,0.234716999374275,0.495481120490624,100934,14,24,1.22851546219888,0.194528788452844,0.851858093224872
"R-HSA-9609507",0.0115793872364418,46,1.12251380618984,0.234798889187721,0.495481120490624,130401,34,67,1.06872986903442,0.338879550872269,0.892138699742319
"R-HSA-9617324",0.00315877973247609,14,1.25235694995461,0.235263397495642,0.495680743151195,100788,7,14,1.05301325331333,0.529475781815918,0.999999992102175
"R-HSA-68877",0.0134638992093781,53,1.1123064487414,0.235910041420302,0.496262881480699,154014,37,85,0.916740949943368,0.800101286746084,0.999999992102175
"R-HSA-9669938",0.00141233206121324,7,1.40049208680568,0.237456156209671,0.497951876871611,185389,7,11,1.34019868603515,0.22046753749637,0.866437501201784
"R-HSA-9670439",0.00141233206121324,7,1.40049208680568,0.237456156209671,0.497951876871611,185389,7,11,1.34019868603515,0.22046753749637,0.866437501201784
"R-HSA-2173795",0.00343306747846723,15,1.23460592442506,0.241385044076734,0.504701164163382,87195,7,17,0.867187385081565,0.776563684508364,0.999999992102175
"R-HSA-1234176",0.00292407041963132,13,1.25624678193656,0.24230398661961,0.504701164163382,183419,9,19,0.997591503138943,0.592965213668224,0.999999992102175
"R-HSA-5579029",0.00166755378459234,8,1.35559380038117,0.242446221416741,0.504701164163382,298704,5,15,0.702008835542219,0.914193681082721,0.999999992102175
"R-HSA-196854",0.0145823515427437,57,1.10450256631674,0.242511292638301,0.504701164163382,88711,42,91,0.972012233827688,0.640194754486793,0.999999992102175
"R-HSA-4086400",0.00499450898548773,21,1.18808067905274,0.243430342978493,0.504701164163382,178864,18,35,1.08309934626514,0.381792950011541,0.968422279236716
"R-HSA-9034015",0.00166978911138134,8,1.35377908311159,0.24351793180999,0.504701164163382,237182,4,8,1.05301325331333,0.580457021620481,0.999999992102175
"R-HSA-166663",0.00142456061364717,7,1.38847014070332,0.243811795616186,0.504701164163382,42751,5,9,1.1700147259037,0.438232586896132,0.968422279236716
"R-HSA-446203",0.018653276094942,72,1.09067865860177,0.244362062016526,0.504701164163382,114417,55,119,0.973373595499715,0.643963313875539,0.999999992102175
"R-HSA-5362517",0.00473823534361969,20,1.19270435524032,0.244697480513377,0.504701164163382,224327,10,22,0.957284775739389,0.655446287711727,0.999999992102175
"R-HSA-9725554",0.00267647510529704,12,1.26688581992882,0.244817728885223,0.504701164163382,128590,7,13,1.13401427279897,0.426500594455965,0.968422279236716
"R-HSA-9734767",0.00267647510529704,12,1.26688581992882,0.244817728885223,0.504701164163382,128590,7,13,1.13401427279897,0.426500594455965,0.968422279236716
"R-HSA-447115",0.0034493722150458,15,1.22877010181122,0.246761177263864,0.507926232770473,62635,11,25,0.926651662915729,0.707470800731925,0.999999992102175
"R-HSA-9013409",0.00711557112862438,29,1.15161594917441,0.247577639775045,0.508825210580614,219732,17,36,0.994512517018143,0.577477646871765,0.999999992102175
"R-HSA-9013422",0.00320401222750052,14,1.2346768584052,0.250758191551937,0.514572705481771,98493,8,14,1.20344371807238,0.323525407096013,0.866437501201784
"R-HSA-5654221",0.00218930535510664,10,1.29066370693949,0.252471677838476,0.517296709944278,250866,6,10,1.26361590397599,0.316666449952974,0.866437501201784
"R-HSA-9617629",0.00169082748116014,8,1.33693448762999,0.253680043549459,0.517716888661627,136386,3,6,1.05301325331333,0.607990355101731,0.999999992102175
"R-HSA-399719",0.00424922473607365,18,1.1969671771561,0.25401365782165,0.517716888661627,136684,10,18,1.1700147259037,0.3257158053252,0.866437501201784
"R-HSA-399721",0.00424922473607365,18,1.1969671771561,0.25401365782165,0.517716888661627,136684,10,18,1.1700147259037,0.3257158053252,0.866437501201784
"R-HSA-5358351",0.0100781680629131,40,1.12149626702202,0.254222173686083,0.517716888661627,162927,23,61,0.794075568072346,0.952679819439312,0.999999992102175
"R-HSA-9035034",0.0058282858777839,24,1.16356281397185,0.255755280042111,0.519193221779627,252807,16,31,1.08698142277505,0.388488734603754,0.968422279236716
"R-HSA-9705462",0.0014473083509705,7,1.36664717946577,0.25577292380729,0.519193221779627,128305,7,12,1.22851546219888,0.320939415556801,0.866437501201784
"R-HSA-5654708",0.00194591771472812,9,1.30688530633747,0.25610949223607,0.519193221779627,306326,7,12,1.22851546219888,0.320939415556801,0.866437501201784
"R-HSA-9648025",0.0098241297478341,39,1.12173418382252,0.256948167746969,0.520106563113199,138826,26,59,0.928079477496493,0.744139920786162,0.999999992102175
"R-HSA-8939243",0.00769005011339681,31,1.13907405843789,0.257466315550398,0.520369325546808,156006,10,17,1.23883912154509,0.243715846734381,0.866437501201784
"R-HSA-168898",0.0157641819650679,61,1.09339688708146,0.258264164039495,0.521195752730307,111064,44,87,1.06511685392613,0.317871554613011,0.866437501201784
"R-HSA-2408508",0.00120825987435886,6,1.40317014172658,0.259288746079894,0.522476571048207,78204,3,7,0.902582788554282,0.730191305125319,0.999999992102175
"R-HSA-197264",0.00121102116039232,6,1.39997073097997,0.26090869985625,0.524951438149213,165684,5,8,1.31626656664166,0.309654488520081,0.866437501201784
"R-HSA-8939902",0.00297955911992292,13,1.2328515417787,0.262435440914663,0.527231620428258,191929,9,21,0.902582788554281,0.738878767080837,0.999999992102175
"R-HSA-390247",0.000971972683780679,5,1.45356809527479,0.263190662528189,0.527957317047565,284619,3,5,1.26361590397599,0.452870717786721,0.968422279236716
"R-HSA-1638074",0.00247043057127589,11,1.25817041689359,0.263813311786683,0.528165086629658,83691,8,15,1.12321413686755,0.421307744855511,0.968422279236716
"R-HSA-9668328",0.00298402977350091,13,1.23100449179101,0.264082543314829,0.528165086629658,57448,7,15,0.982812369759106,0.624122814156274,0.999999992102175
"R-HSA-373080",0.0109419246321441,43,1.11043763862684,0.265396742418386,0.529507223710229,121458,28,50,1.17937484371093,0.142871533538262,0.836484166201772
"R-HSA-5626467",0.00402582354698499,17,1.19320103945267,0.265543921144234,0.529507223710229,65344,10,19,1.10843500348771,0.411872353915981,0.968422279236716
"R-HSA-1971475",0.002477268041454,11,1.25469775969197,0.266597432536937,0.530818067755565,280633,7,13,1.13401427279897,0.426500594455965,0.968422279236716
"R-HSA-9013405",0.00666745385233589,27,1.14425595963999,0.267096756305273,0.531023224701878,225107,18,35,1.08309934626514,0.381792950011541,0.968422279236716
"R-HSA-5362798",0.00122430163131519,6,1.38478470973317,0.268736226535934,0.533491175641706,296087,3,5,1.26361590397599,0.452870717786721,0.968422279236716
"R-HSA-5693554",0.00147426376224959,7,1.34165942778985,0.27016113192652,0.535526504114699,149862,6,12,1.05301325331333,0.543270874244998,0.999999992102175
"R-HSA-210993",0.000983280807536785,5,1.43685147904136,0.270704218524451,0.535810417758884,243067,4,8,1.05301325331333,0.580457021620481,0.999999992102175
"R-HSA-168274",0.00172711866902857,8,1.30884206900906,0.271509244819578,0.536078410023002,51852,6,15,0.842410602650663,0.798539145979746,0.999999992102175
"R-HSA-83936",0.00172738164865081,8,1.30864280858902,0.271639731645984,0.536078410023002,55764,5,7,1.50430464759047,0.187272574522785,0.836484166201772
"R-HSA-3371511",0.000985779113948018,5,1.43320999870232,0.272370418936488,0.536729943198373,199039,3,7,0.902582788554282,0.730191305125319,0.999999992102175
"R-HSA-168325",0.00198260337202991,9,1.28270298769653,0.272926120898784,0.536798546124546,46205,7,18,0.819010308132589,0.833039275331617,0.999999992102175
"R-HSA-1606322",0.00147991782412764,7,1.33653358546244,0.273206424221597,0.536798546124546,96168,6,7,1.80516557710856,0.047506394072129,0.746071404389813
"R-HSA-196780",0.000988803379603721,5,1.42882651067437,0.274390293850991,0.53833527636944,135216,3,5,1.26361590397599,0.452870717786721,0.968422279236716
"R-HSA-936964",0.0012356097550713,6,1.37211135812765,0.275446372836716,0.538900600681007,65495,6,11,1.14874173088727,0.432105144900899,0.968422279236716
"R-HSA-975634",0.00275628942064537,12,1.23020040380932,0.275482769751112,0.538900600681007,69843,10,20,1.05301325331333,0.497860752156068,0.999999992102175
"R-HSA-2025928",0.00250211961575521,11,1.24223583964458,0.27679559633478,0.540195817188112,175724,3,8,0.789759939984996,0.820031875228222,0.999999992102175
"R-HSA-390918",0.00199128169956366,9,1.27711276072955,0.276951139110621,0.540195817188112,172419,7,12,1.22851546219888,0.320939415556801,0.866437501201784
"R-HSA-3000157",0.00276299540101237,12,1.22721462259796,0.278114256256881,0.541266365279514,82691,9,14,1.35387418283142,0.160658153553646,0.836484166201772
"R-HSA-5635838",0.0019945689448416,9,1.27500795362175,0.278480188464309,0.541266365279514,212413,5,10,1.05301325331333,0.55979872383929,0.999999992102175
"R-HSA-180292",0.0017415825482515,8,1.29797210845104,0.278711785106616,0.541266365279514,198893,6,9,1.40401767108444,0.20679200981924,0.860563022229133
"R-HSA-9664323",0.00485999490871451,20,1.16282301455818,0.279731514682788,0.542375925947475,168978,8,23,0.732530958826663,0.925012876881788,0.999999992102175
"R-HSA-9614399",0.00174434383428497,8,1.29591742623504,0.280092642354965,0.542375925947475,82923,5,8,1.31626656664166,0.309654488520081,0.866437501201784
"R-HSA-451306",0.00302978822776981,13,1.21241280864097,0.281140057724616,0.542835269958193,194183,5,10,1.05301325331333,0.55979872383929,0.999999992102175
"R-HSA-451308",0.00302978822776981,13,1.21241280864097,0.281140057724616,0.542835269958193,194183,5,10,1.05301325331333,0.55979872383929,0.999999992102175
"R-HSA-2033519",0.00200351025199759,9,1.26931782165047,0.282651175557659,0.544681719338492,271223,5,9,1.1700147259037,0.438232586896132,0.968422279236716
"R-HSA-5654700",0.00225978389386563,10,1.25041025954513,0.282909310939993,0.544681719338492,256581,6,12,1.05301325331333,0.543270874244998,0.999999992102175
"R-HSA-8957322",0.0121199418499459,47,1.09576332139812,0.283835693565589,0.545681247314045,83249,31,79,0.82641546462565,0.944371073018543,0.999999992102175
"R-HSA-2980766",0.00408420502312117,17,1.17614488345263,0.284278265796527,0.545749106256942,150000,11,23,1.00723006838666,0.568259346771005,0.999999992102175
"R-HSA-72312",0.0118549898805441,46,1.09641780980818,0.284954960204099,0.546265588946341,101653,35,84,0.877511044427774,0.88175422193174,0.999999992102175
"R-HSA-432722",0.00567720408480988,23,1.14475557386622,0.28604540647152,0.54757263524548,150398,13,23,1.19036280809333,0.254383894239138,0.866437501201784
"R-HSA-5654710",0.00176012261161907,8,1.28430005800344,0.288017420626182,0.550561117887424,336160,6,11,1.14874173088727,0.432105144900899,0.968422279236716
"R-HSA-9694635",0.0051593972086291,21,1.15011102791017,0.289873976450364,0.553320695788445,125493,16,27,1.24801570763061,0.150510024675608,0.836484166201772
"R-HSA-9690406",0.00176525071425265,8,1.28056913046063,0.290605054268768,0.553927130469629,350620,5,7,1.50430464759047,0.187272574522785,0.836484166201772
"R-HSA-2586552",0.00126795624860621,6,1.337107791385,0.294845600153686,0.560489331602623,122049,7,9,1.63802061626518,0.0673691342769905,0.746071404389813
"R-HSA-442755",0.0108222689040272,42,1.09660546778785,0.294884312522275,0.560489331602623,92114,25,54,0.975012271586415,0.621471789344762,0.999999992102175
"R-HSA-9759476",0.00732529737735682,29,1.11864471530378,0.29746135404331,0.563788139205141,167863,13,21,1.30373069457841,0.134297723127203,0.836484166201772
"R-HSA-9764260",0.00732529737735682,29,1.11864471530378,0.29746135404331,0.563788139205141,167863,13,21,1.30373069457841,0.134297723127203,0.836484166201772
"R-HSA-170670",0.00152620223764101,7,1.29600116346858,0.298448785157369,0.563846754989377,146798,3,10,0.631807951987997,0.925387126014617,0.999999992102175
"R-HSA-5357769",0.00152646521726324,7,1.29577788822291,0.298593661371745,0.563846754989377,33905,5,12,0.877511044427774,0.754023729175773,0.999999992102175
"R-HSA-5620920",0.00255471554020222,11,1.21666096003895,0.298754623912282,0.563846754989377,264194,8,17,0.991071297236074,0.6075354643289,0.999999992102175
"R-HSA-167152",0.00334010418200714,14,1.18437016804817,0.299472870549227,0.564407379094184,93194,7,17,0.867187385081565,0.776563684508364,0.999999992102175
"R-HSA-3772470",0.0020425627258995,9,1.24504928855982,0.301060400098177,0.565612625746707,104769,8,13,1.29601631177025,0.230458405071803,0.866437501201784
"R-HSA-8963889",0.00256036960208027,11,1.21397420874059,0.30114294312007,0.565612625746707,55944,6,10,1.26361590397599,0.316666449952974,0.866437501201784
"R-HSA-68886",0.0250856261649997,94,1.05882050934637,0.301478337784279,0.565612625746707,160008,62,154,0.847880801369174,0.971224269111104,0.999999992102175
"R-HSA-5693565",0.00520015905007553,21,1.14109579531555,0.301800766723056,0.565612625746707,121419,11,28,0.827367556174758,0.855476416650213,0.999999992102175
"R-HSA-69231",0.00414416437699076,17,1.15912796982334,0.303957200450556,0.568065060814149,97734,12,23,1.09879643823999,0.403400001941172,0.968422279236716
"R-HSA-69236",0.00414416437699076,17,1.15912796982334,0.303957200450556,0.568065060814149,97734,12,23,1.09879643823999,0.403400001941172,0.968422279236716
"R-HSA-199418",0.0152450601907759,58,1.07502431563594,0.307278068919278,0.572079384466582,147603,36,63,1.20344371807238,0.0786348718419659,0.746299672433418
"R-HSA-5654696",0.00309829441936203,13,1.18560522585007,0.307289223806748,0.572079384466582,269853,9,15,1.26361590397599,0.237965861556451,0.866437501201784
"R-HSA-5654699",0.00205584319682236,9,1.23700643738332,0.307385937922343,0.572079384466582,271223,5,10,1.05301325331333,0.55979872383929,0.999999992102175
"R-HSA-6811558",0.0133456898691834,51,1.07981308302561,0.309521116944746,0.575254225667074,143102,34,61,1.17385083975912,0.121623292663599,0.836484166201772
"R-HSA-382551",0.0584050128123672,214,1.03534022414299,0.310024898418358,0.575392470748754,119518,143,310,0.9714896466052,0.706627101859989,0.999999992102175
"R-HSA-71291",0.0265462149868931,99,1.05378502998381,0.312487150341832,0.578476999320874,103776,60,152,0.831326252615786,0.981491810445265,0.999999992102175
"R-HSA-4641257",0.00232684369753557,10,1.21437334541945,0.312776523808304,0.578476999320874,229328,7,14,1.05301325331333,0.529475781815918,0.999999992102175
"R-HSA-416700",0.00390629930867917,16,1.1573744834007,0.313158983327179,0.578476999320874,264110,8,11,1.53165564118302,0.0838708662445858,0.746299672433418
"R-HSA-9824594",0.00631216838269636,25,1.11913085723063,0.313413657841011,0.578476999320874,196655,7,14,1.05301325331333,0.529475781815918,0.999999992102175
"R-HSA-8963899",0.00285240847257228,12,1.18874571818794,0.313892469471628,0.578563836440139,55262,7,13,1.13401427279897,0.426500594455965,0.968422279236716
"R-HSA-450321",0.00207135899453423,9,1.22774047156023,0.314813795593821,0.579464953428188,96839,7,15,0.982812369759106,0.624122814156274,0.999999992102175
"R-HSA-4655427",0.00155736532287586,7,1.27006800948833,0.315714373276538,0.580325459795009,99735,3,7,0.902582788554282,0.730191305125319,0.999999992102175
"R-HSA-69541",0.00156078405796492,7,1.26728605765626,0.317619590871437,0.58191518598698,141743,6,12,1.05301325331333,0.543270874244998,0.999999992102175
"R-HSA-177929",0.00632781567021935,25,1.11636349433456,0.317664022421834,0.58191518598698,204966,15,24,1.31626656664166,0.101848414882223,0.802805152601053
"R-HSA-881907",0.00259968505560441,11,1.19561508232243,0.317882026971992,0.58191518598698,85425,5,8,1.31626656664166,0.309654488520081,0.866437501201784
"R-HSA-111453",0.0026063910359714,11,1.19253888571268,0.320758644535094,0.586380059586666,246330,5,5,2.10602650662666,0.024105168881558,0.646018526025754
"R-HSA-6807505",0.00287449876084002,12,1.17961030440744,0.322905672018962,0.588734732496789,117210,10,25,0.842410602650663,0.828961523645062,0.999999992102175
"R-HSA-8868773",0.0109699319619121,42,1.08184438109842,0.325134168272407,0.588734732496789,81636,32,76,0.886748002790171,0.855150811951094,0.999999992102175
"R-HSA-9694614",0.00183480882433382,8,1.23202240048975,0.326207561789188,0.588734732496789,82957,5,10,1.05301325331333,0.55979872383929,0.999999992102175
"R-HSA-9842860",0.00798340388199999,31,1.09721826951629,0.326472599141772,0.588734732496789,154456,18,45,0.842410602650663,0.87678945989283,0.999999992102175
"R-HSA-2022870",0.00421267056858298,17,1.14027830154574,0.326910619572468,0.588734732496789,136105,8,12,1.40401767108444,0.148701910310347,0.836484166201772
"R-HSA-982772",0.00236024210955941,10,1.19718945518343,0.327914847852417,0.588734732496789,158729,9,14,1.35387418283142,0.160658153553646,0.836484166201772
"R-HSA-450302",0.0015794556111436,7,1.25230482054444,0.328058893279774,0.588734732496789,26148,7,13,1.13401427279897,0.426500594455965,0.968422279236716
"R-HSA-167161",0.00421635228329427,17,1.13928261164231,0.328156749780134,0.588734732496789,340326,4,16,0.526506626656664,0.982422907781449,0.999999992102175
"R-HSA-167162",0.00421635228329427,17,1.13928261164231,0.328156749780134,0.588734732496789,340326,4,16,0.526506626656664,0.982422907781449,0.999999992102175
"R-HSA-73776",0.00421635228329427,17,1.13928261164231,0.328156749780134,0.588734732496789,340326,4,16,0.526506626656664,0.982422907781449,0.999999992102175
"R-HSA-73779",0.00421635228329427,17,1.13928261164231,0.328156749780134,0.588734732496789,340326,4,16,0.526506626656664,0.982422907781449,0.999999992102175
"R-HSA-75953",0.00421635228329427,17,1.13928261164231,0.328156749780134,0.588734732496789,340326,4,16,0.526506626656664,0.982422907781449,0.999999992102175
"R-HSA-76042",0.00421635228329427,17,1.13928261164231,0.328156749780134,0.588734732496789,340326,4,16,0.526506626656664,0.982422907781449,0.999999992102175
"R-HSA-201556",0.00262414216047227,11,1.18447190422392,0.328400661219113,0.588734732496789,195574,8,17,0.991071297236074,0.6075354643289,0.999999992102175
"R-HSA-5218921",0.00315444056870921,13,1.16450254008776,0.329181285297422,0.588734732496789,215935,8,14,1.20344371807238,0.323525407096013,0.866437501201784
"R-HSA-438064",0.0104439727174421,40,1.08221537596528,0.329272647934352,0.588734732496789,90147,23,48,1.00913770109194,0.532679207886759,0.999999992102175
"R-HSA-211945",0.00610204766453057,24,1.11136082335213,0.329763497185207,0.588734732496789,166514,12,46,0.549398219119997,0.999141717587653,0.999999992102175
"R-HSA-389357",0.00184204076394528,8,1.22718542197402,0.329955062764991,0.588734732496789,183230,5,11,0.957284775739389,0.666210039621283,0.999999992102175
"R-HSA-1799339",0.00827136656834735,32,1.09318118282706,0.330490911227379,0.588906676921128,90354,21,49,0.902582788554281,0.785916130763794,0.999999992102175
"R-HSA-6804758",0.00395863225350394,16,1.14207404347532,0.331395263671003,0.588999020238977,286730,8,12,1.40401767108444,0.148701910310347,0.836484166201772
"R-HSA-5693606",0.00530022279633596,21,1.11955286693144,0.331694630762351,0.588999020238977,121419,11,29,0.798837640444594,0.888996397947707,0.999999992102175
"R-HSA-549127",0.00107335132815228,5,1.31627776066045,0.331861388268976,0.588999020238977,29622,5,6,1.75502208885555,0.0874395884866019,0.746299672433418
"R-HSA-432720",0.00184953568317898,8,1.22221246810991,0.333846349130035,0.591738237875988,291674,6,10,1.26361590397599,0.316666449952974,0.866437501201784
"R-HSA-199992",0.00720445824093983,28,1.09818660030879,0.335216513641014,0.59312783750938,175524,16,26,1.29601631177025,0.107305789879517,0.829077125036441
"R-HSA-9748787",0.00159273608206647,7,1.24186291623708,0.335515597635903,0.59312783750938,97865,6,7,1.80516557710856,0.047506394072129,0.746071404389813
"R-HSA-5620912",0.00558568717627209,22,1.11292400153469,0.336486646868457,0.594049392758294,170710,15,36,0.877511044427774,0.806829201239575,0.999999992102175
"R-HSA-190872",0.00185545272467927,8,1.21831483073021,0.336923536191271,0.594049392758294,19240,6,12,1.05301325331333,0.543270874244998,0.999999992102175
"R-HSA-9823730",0.00291197335700851,12,1.16442973289312,0.338325296828884,0.594605398256878,170862,8,11,1.53165564118302,0.0838708662445858,0.746299672433418
"R-HSA-5654695",0.00291249931625298,12,1.16421945212871,0.338542768316531,0.594605398256878,286702,8,14,1.20344371807238,0.323525407096013,0.866437501201784
"R-HSA-5576893",0.00133948670585414,6,1.26570437148577,0.338570088708954,0.594605398256878,218042,5,8,1.31626656664166,0.309654488520081,0.866437501201784
"R-HSA-2555396",0.0162613449409032,61,1.05996813613091,0.340801992828266,0.595135061720557,150963,42,94,0.940990566790634,0.742023293567174,0.999999992102175
"R-HSA-68882",0.0162613449409032,61,1.05996813613091,0.340801992828266,0.595135061720557,150963,42,94,0.940990566790634,0.742023293567174,0.999999992102175
"R-HSA-168255",0.00886109837120941,34,1.08420347900051,0.341313672866198,0.595135061720557,84543,24,63,0.80229581204825,0.948595784235013,0.999999992102175
"R-HSA-166662",0.00108742073794186,5,1.29924732288649,0.341554743314765,0.595135061720557,53729,4,5,1.68482120530133,0.157543419148305,0.836484166201772
"R-HSA-166786",0.00108742073794186,5,1.29924732288649,0.341554743314765,0.595135061720557,53729,4,5,1.68482120530133,0.157543419148305,0.836484166201772
"R-HSA-1428517",0.0137914403288718,52,1.0654011378718,0.341715800207325,0.595135061720557,196590,37,91,0.856296491705344,0.922074446724818,0.999999992102175
"R-HSA-438066",0.00345357988900156,14,1.14545482614733,0.341980595167783,0.595135061720557,168528,7,15,0.982812369759106,0.624122814156274,0.999999992102175
"R-HSA-212676",0.00160641102242269,7,1.23129127481213,0.343217543031988,0.596512980107476,198655,7,10,1.47421855463866,0.133542383063416,0.836484166201772
"R-HSA-1912420",0.00160864634921169,7,1.22958030933299,0.344478581985838,0.597929144897698,45165,3,10,0.631807951987997,0.925387126014617,0.999999992102175
"R-HSA-75892",0.00161285402316745,7,1.22637253419043,0.346853760593517,0.600709909397724,119367,6,10,1.26361590397599,0.316666449952974,0.866437501201784
"R-HSA-8955332",0.00454073764732118,18,1.12012252908744,0.34697721632376,0.600709909397724,143872,13,28,0.977798020933805,0.617014481168144,0.999999992102175
"R-HSA-1855183",0.00266924316568558,11,1.16445841342841,0.347976636089926,0.601662828852259,130876,3,8,0.789759939984996,0.820031875228222,0.999999992102175
"R-HSA-1793185",0.00698855197108486,27,1.09168162986067,0.349941420483238,0.604280287947859,174640,15,26,1.21501529228461,0.198355678270073,0.860563022229133
"R-HSA-392517",0.00188464346274736,8,1.19944467846466,0.352162933699776,0.607333759533719,66145,4,7,1.20344371807238,0.445055755070281,0.968422279236716
"R-HSA-3371453",0.00429116998582014,17,1.11941891297448,0.353716452667363,0.609228851637874,122092,11,32,0.723946611652913,0.953358696742197,0.999999992102175
"R-HSA-1839126",0.00241836060607336,10,1.16841837323524,0.354576653935555,0.609926465049607,244204,6,14,0.902582788554282,0.728772613250357,0.999999992102175
"R-HSA-69278",0.0377044403583255,138,1.03420355135341,0.355522766589719,0.610769881064389,132097,96,222,0.910714165027743,0.911710801777603,0.999999992102175
"R-HSA-5663084",0.00215761631062732,9,1.17865778831667,0.356704696727649,0.61201574086434,61839,6,15,0.842410602650663,0.798539145979746,0.999999992102175
"R-HSA-5673000",0.00215998312722744,9,1.17736626581167,0.357865344639427,0.613221946057331,106406,8,15,1.12321413686755,0.421307744855511,0.968422279236716
"R-HSA-9006115",0.00269527814828685,11,1.15321035186832,0.359364977266228,0.614516051602701,154057,9,15,1.26361590397599,0.237965861556451,0.866437501201784
"R-HSA-390522",0.00189871287253693,8,1.19055682662285,0.359537749594416,0.614516051602701,125495,7,12,1.22851546219888,0.320939415556801,0.866437501201784
"R-HSA-211976",0.0029666731184334,12,1.14295988230879,0.361075463465442,0.616358115979226,134369,6,18,0.702008835542219,0.926641945020646,0.999999992102175
"R-HSA-159231",0.00190489289365946,8,1.18669431741796,0.362782213280497,0.617697796436932,51852,6,17,0.743303472927055,0.895441055124303,0.999999992102175
"R-HSA-159234",0.00190489289365946,8,1.18669431741796,0.362782213280497,0.617697796436932,51852,6,17,0.743303472927055,0.895441055124303,0.999999992102175
"R-HSA-5655332",0.0019089690778041,8,1.18416039237044,0.364923697637804,0.62055552643992,329017,6,11,1.14874173088727,0.432105144900899,0.968422279236716
"R-HSA-1253288",0.00112305447675471,5,1.25802310739624,0.366176531161938,0.621699109652254,117999,5,6,1.75502208885555,0.0874395884866019,0.746299672433418
"R-HSA-8874081",0.00297969060973403,12,1.13796658861705,0.366524101959165,0.621699109652254,100529,7,14,1.05301325331333,0.529475781815918,0.999999992102175
"R-HSA-5576892",0.00298363530406756,12,1.13646207151078,0.368177416613249,0.622777620000057,207219,9,19,0.997591503138943,0.592965213668224,0.999999992102175
"R-HSA-167169",0.00325463580478076,13,1.12865287397807,0.369018977820929,0.622777620000057,90864,6,15,0.842410602650663,0.798539145979746,0.999999992102175
"R-HSA-167200",0.00325463580478076,13,1.12865287397807,0.369018977820929,0.622777620000057,90864,6,15,0.842410602650663,0.798539145979746,0.999999992102175
"R-HSA-167246",0.00325463580478076,13,1.12865287397807,0.369018977820929,0.622777620000057,90864,6,15,0.842410602650663,0.798539145979746,0.999999992102175
"R-HSA-9032500",0.00138958432388991,6,1.22007290237751,0.369598431336751,0.622970940869492,76154,4,6,1.40401767108444,0.297751080471712,0.866437501201784
"R-HSA-9612973",0.0158833117339404,59,1.04961587194173,0.37171115244195,0.62574490486459,113669,39,73,1.12513744874575,0.18312114482082,0.836484166201772
"R-HSA-9619229",0.00166111078384758,7,1.19074531024933,0.374200806410676,0.627972346619281,98377,5,8,1.31626656664166,0.309654488520081,0.866437501201784
"R-HSA-5668541",0.00380873386882997,15,1.11283318652261,0.374431166305954,0.627972346619281,69373,15,31,1.01904508385161,0.530252854524492,0.999999992102175
"R-HSA-1187000",0.00166189972271429,7,1.19018003832422,0.374649094509816,0.627972346619281,129602,6,10,1.26361590397599,0.316666449952974,0.866437501201784
"R-HSA-8875555",0.00113567749862199,5,1.24404021769958,0.374908863653302,0.627972346619281,77456,3,6,1.05301325331333,0.607990355101731,0.999999992102175
"R-HSA-350562",0.00139892010047925,6,1.21193067321417,0.37539715762135,0.628005232475168,151752,4,10,0.842410602650663,0.783861799773739,0.999999992102175
"R-HSA-3301854",0.00246503948902007,10,1.14629277860685,0.376204867208807,0.628571723266585,46370,7,15,0.982812369759106,0.624122814156274,0.999999992102175
"R-HSA-168273",0.00846649744804575,32,1.06798618251155,0.378442653946502,0.630634438184233,87186,23,57,0.849800169340581,0.888174909377346,0.999999992102175
"R-HSA-202733",0.0123261178737782,46,1.05451060692641,0.37875545882053,0.630634438184233,107565,32,55,1.22532451294642,0.0723385332117878,0.746299672433418
"R-HSA-69481",0.00819457651865472,31,1.06894316897485,0.379170941719565,0.630634438184233,96644,24,59,0.856688748458301,0.881535333013517,0.999999992102175
"R-HSA-6791226",0.010673290948031,40,1.0589637175648,0.379416617037548,0.630634438184233,79946,31,72,0.906761412575366,0.808750537635966,0.999999992102175
"R-HSA-1660661",0.00409459271819945,16,1.10415161056095,0.379792531055729,0.630634438184233,123847,11,18,1.28701619849407,0.178115879861727,0.836484166201772
"R-HSA-9020591",0.00328579889001561,13,1.11794853482353,0.381553406148024,0.632774213166277,51597,9,21,0.902582788554281,0.738878767080837,0.999999992102175
"R-HSA-166016",0.0140014295572265,52,1.04942257211781,0.382039104704651,0.632796539313019,108930,37,73,1.06743809239981,0.332234065452427,0.879829343292989
"R-HSA-179409",0.00221244756186333,9,1.14944702534698,0.383690422428364,0.634747118585195,146265,7,10,1.47421855463866,0.133542383063416,0.836484166201772
"R-HSA-418360",0.00248594636898776,10,1.13665242359793,0.385933270641154,0.637419050070202,177172,6,15,0.842410602650663,0.798539145979746,0.999999992102175
"R-HSA-6807878",0.00629915089139573,24,1.07658584998334,0.386256916908212,0.637419050070202,93995,21,39,1.13401427279897,0.261832131063876,0.866437501201784
"R-HSA-8956319",0.00115448054161179,5,1.22377851483727,0.387911871964455,0.639362740999225,124917,5,14,0.752152323795235,0.875642169381729,0.999999992102175
"R-HSA-2559583",0.0143189774510753,53,1.04588347645389,0.389908050050551,0.641863374776092,126798,32,75,0.89857130949404,0.830168809946279,0.999999992102175
"R-HSA-210991",0.00305161553641531,12,1.11114533198255,0.396795985082509,0.652367042696123,64047,7,12,1.22851546219888,0.320939415556801,0.866437501201784
"R-HSA-5693571",0.00386987663099962,15,1.09525079272922,0.397262318537341,0.652367042696123,240767,9,23,0.824097328679996,0.844292495822195,0.999999992102175
"R-HSA-351202",0.00251408518856691,10,1.12393047701582,0.399052267458796,0.654504330960571,96031,7,16,0.921386596649162,0.70696382914035,0.999999992102175
"R-HSA-9824878",0.00117144272724595,5,1.2060585206276,0.399626904715604,0.654645540732164,53633,5,9,1.1700147259037,0.438232586896132,0.968422279236716
"R-HSA-5658442",0.00306266068054919,12,1.1071381102804,0.401462290880391,0.656849169450212,99705,9,19,0.997591503138943,0.592965213668224,0.999999992102175
"R-HSA-6796648",0.00470983354441831,18,1.07990706878965,0.403979670635115,0.659757511309135,112799,10,22,0.957284775739389,0.655446287711727,0.999999992102175
"R-HSA-9754678",0.00225399834217646,9,1.12825782571977,0.404224564764776,0.659757511309135,144383,8,17,0.991071297236074,0.6075354643289,0.999999992102175
"R-HSA-9694548",0.00417401256411443,16,1.0831426774467,0.408502299005533,0.665928321979823,116982,11,18,1.28701619849407,0.178115879861727,0.836484166201772
"R-HSA-1810476",0.00145427731095973,6,1.16579841160267,0.409778681295835,0.667197366872927,97004,5,6,1.75502208885555,0.0874395884866019,0.746299672433418
"R-HSA-442982",0.00308396202995022,12,1.09949095525927,0.410468848205541,0.667510020140078,110995,5,11,0.957284775739389,0.666210039621283,0.999999992102175
"R-HSA-445095",0.00281440791715932,11,1.10439664514094,0.411972597170811,0.66899528043783,108347,7,11,1.34019868603515,0.22046753749637,0.866437501201784
"R-HSA-3928664",0.00281532834583714,11,1.10403557949637,0.412380672866901,0.66899528043783,90678,7,14,1.05301325331333,0.529475781815918,0.999999992102175
"R-HSA-913709",0.00722352426355187,27,1.05617057931893,0.414015492933244,0.670835260617348,82062,18,38,0.997591503138943,0.569028496194063,0.999999992102175
"R-HSA-9614085",0.00833461316749488,31,1.05098298100025,0.414953664260669,0.671543369697217,167509,18,38,0.997591503138943,0.569028496194063,0.999999992102175
"R-HSA-211733",0.00146466500603801,6,1.15753033776152,0.416216803710229,0.672775050629321,129273,5,11,0.957284775739389,0.666210039621283,0.999999992102175
"R-HSA-77289",0.00309987229709544,12,1.09384775671903,0.41719985385458,0.673417715469754,73905,9,13,1.45801835074153,0.0976041010844374,0.787888526826181
"R-HSA-182971",0.00228108524326667,9,1.1148602518151,0.417619493698034,0.673417715469754,162948,6,11,1.14874173088727,0.432105144900899,0.968422279236716
"R-HSA-418594",0.0289927144125456,105,1.023339785054,0.418800328618995,0.674510144650785,132543,66,138,1.00723006838666,0.501239961153649,0.999999992102175
"R-HSA-198725",0.00974142265664118,36,1.04423813989273,0.419755990942706,0.674597461476653,111869,26,39,1.40401767108444,0.0121431052401855,0.475876040700615
"R-HSA-9675135",0.00365515376944471,14,1.08228545250592,0.419861405128007,0.674597461476653,99923,11,25,0.926651662915729,0.707470800731925,0.999999992102175
"R-HSA-168927",0.00147150247621612,6,1.15215176769954,0.42045011750595,0.674734320308949,111105,5,9,1.1700147259037,0.438232586896132,0.968422279236716
"R-HSA-9662361",0.00558976336041673,21,1.06156186664956,0.421509853121221,0.675625841127316,105959,14,27,1.09201374417678,0.395656080996678,0.968422279236716
"R-HSA-426486",0.00201757966178717,8,1.12041453183225,0.422189853442669,0.675907292249912,67834,2,5,0.842410602650663,0.779526206223158,0.999999992102175
"R-HSA-3214847",0.00754409642305637,28,1.04874580851116,0.425909963510893,0.681049344993552,235993,13,47,0.582517969918011,0.99833046133089,0.999999992102175
"R-HSA-5619084",0.00257430752205873,10,1.09763769131385,0.427162788321215,0.682238541538054,194963,8,18,0.936011780722959,0.687816327500395,0.999999992102175
"R-HSA-9633012",0.00700038605408544,26,1.04947185096284,0.429078232542632,0.684481942389437,96913,18,40,0.947711927981996,0.681185582456164,0.999999992102175
"R-HSA-162599",0.0150954247857242,55,1.02952474206235,0.432393489225285,0.68895038711282,166584,23,56,0.86497517236452,0.86411685789292,0.999999992102175
"R-HSA-203927",0.00231382620623493,9,1.09908482403184,0.433794106240884,0.690361166701644,60412,3,10,0.631807951987997,0.925387126014617,0.999999992102175
"R-HSA-425366",0.00674700518806199,25,1.04700414720448,0.436037069501089,0.693107560061043,61685,19,42,0.952726276807297,0.671516796927943,0.999999992102175
"R-HSA-9613829",0.00232132112546863,9,1.09553617585183,0.437491665410677,0.69459577209752,91530,8,13,1.29601631177025,0.230458405071803,0.866437501201784
"R-HSA-141405",0.00177669032781988,7,1.11328341506659,0.439846851693563,0.695041015647847,173810,5,7,1.50430464759047,0.187272574522785,0.836484166201772
"R-HSA-141430",0.00177669032781988,7,1.11328341506659,0.439846851693563,0.695041015647847,173810,5,7,1.50430464759047,0.187272574522785,0.836484166201772
"R-HSA-176407",0.00177669032781988,7,1.11328341506659,0.439846851693563,0.695041015647847,173810,5,7,1.50430464759047,0.187272574522785,0.836484166201772
"R-HSA-176412",0.00177669032781988,7,1.11328341506659,0.439846851693563,0.695041015647847,173810,5,7,1.50430464759047,0.187272574522785,0.836484166201772
"R-HSA-389977",0.00260652252578252,10,1.08407156941646,0.442179889036391,0.69633432326214,31023,7,13,1.13401427279897,0.426500594455965,0.968422279236716
"R-HSA-15869",0.00482278329216826,18,1.05461560872939,0.442523404526314,0.69633432326214,119567,14,38,0.7759045024414,0.931422850612443,0.999999992102175
"R-HSA-9711097",0.0126315687050042,46,1.02901091255395,0.442734929039677,0.69633432326214,105914,29,58,1.05301325331333,0.399356412958615,0.968422279236716
"R-HSA-190840",0.00178181843045346,7,1.1100793671596,0.44274391299951,0.69633432326214,19786,5,11,0.957284775739389,0.666210039621283,0.999999992102175
"R-HSA-5358346",0.00260994126087158,10,1.08265155526941,0.443771482573386,0.697132223503327,250101,7,17,0.867187385081565,0.776563684508364,0.999999992102175
"R-HSA-9687136",0.00179102271723169,7,1.10437453229423,0.447937305193783,0.702286322865751,173810,5,8,1.31626656664166,0.309654488520081,0.866437501201784
"R-HSA-176409",0.00345147605202368,13,1.06428496082538,0.448624695800808,0.702286322865751,149843,11,20,1.15831457864466,0.325883955675895,0.866437501201784
"R-HSA-176814",0.00345147605202368,13,1.06428496082538,0.448624695800808,0.702286322865751,149843,11,20,1.15831457864466,0.325883955675895,0.866437501201784
"R-HSA-174154",0.00318626110299965,12,1.06419036252274,0.453717616285179,0.708729595483724,161874,10,18,1.1700147259037,0.3257158053252,0.866437501201784
"R-HSA-3238698",0.00263150558989485,10,1.07377957930058,0.453798502182862,0.708729595483724,131750,10,19,1.10843500348771,0.411872353915981,0.968422279236716
"R-HSA-2173788",0.00430260959938736,16,1.05076954809816,0.455193480562341,0.710080633240438,124479,8,17,0.991071297236074,0.6075354643289,0.999999992102175
"R-HSA-9614657",0.002358664231826,9,1.07819130608141,0.455870638056368,0.710310063948295,172057,5,10,1.05301325331333,0.55979872383929,0.999999992102175
"R-HSA-2691230",0.00347580166708042,13,1.05683649605452,0.458460666317004,0.712109872748947,151220,5,10,1.05301325331333,0.55979872383929,0.999999992102175
"R-HSA-2691232",0.00347580166708042,13,1.05683649605452,0.458460666317004,0.712109872748947,151220,5,10,1.05301325331333,0.55979872383929,0.999999992102175
"R-HSA-5655253",0.00347619613651377,13,1.05671656907763,0.458620015061449,0.712109872748947,260332,9,19,0.997591503138943,0.592965213668224,0.999999992102175
"R-HSA-174178",0.00320059349241146,12,1.05942487427185,0.45975799795334,0.712905776473385,161874,10,19,1.10843500348771,0.411872353915981,0.968422279236716
"R-HSA-68875",0.00711149494447974,26,1.03307506607149,0.460449876221461,0.712905776473385,186185,17,51,0.702008835542219,0.985844218305519,0.999999992102175
"R-HSA-170660",0.0012611187784281,5,1.12029771246703,0.460934013243164,0.712905776473385,113344,1,7,0.300860929518094,0.989006598402644,0.999999992102175
"R-HSA-5140745",0.00126177622748368,5,1.11971398085361,0.461377637293559,0.712905776473385,115475,5,7,1.50430464759047,0.187272574522785,0.836484166201772
"R-HSA-195253",0.00515860826976239,19,1.04073578632317,0.461792696999177,0.712905776473385,149110,14,29,1.01670245147494,0.538700061281577,0.999999992102175
"R-HSA-5578775",0.00432299052011058,16,1.04581565084612,0.462581210634778,0.713301291427621,184996,12,26,0.972012233827688,0.628769561052089,0.999999992102175
"R-HSA-4641265",0.00321729269842338,12,1.05392597942827,0.466784712356935,0.718955763860107,151337,6,9,1.40401767108444,0.20679200981924,0.860563022229133
"R-HSA-72689",0.0068596919561897,25,1.02980461196029,0.468498168606578,0.72076641324089,98372,18,43,0.881592491146042,0.813894601879219,0.999999992102175
"R-HSA-190377",0.00155223722024228,6,1.09222621197167,0.470009874812592,0.720825081901687,188741,4,6,1.40401767108444,0.297751080471712,0.866437501201784
"R-HSA-2243919",0.00183046966056694,7,1.08057506676099,0.470082994399683,0.720825081901687,170584,5,10,1.05301325331333,0.55979872383929,0.999999992102175
"R-HSA-1489509",0.00490378101581665,18,1.03719609848706,0.470150090732892,0.720825081901687,153003,10,27,0.780009817269132,0.900820765522119,0.999999992102175
"R-HSA-5689603",0.00518687857915266,19,1.0350634108812,0.471157196805034,0.721543592821424,201242,12,28,0.902582788554282,0.750978397127229,0.999999992102175
"R-HSA-1483249",0.00631348328080754,23,1.02938595558154,0.472789642258127,0.723217032677957,140107,9,26,0.729009175370766,0.936155937598574,0.999999992102175
"R-HSA-166208",0.00128057927047349,5,1.10327296029071,0.4740180651853,0.724269335630903,157014,4,7,1.20344371807238,0.445055755070281,0.968422279236716
"R-HSA-6811436",0.00435967617741237,16,1.03701535628146,0.475851525119469,0.726242646537687,59752,14,29,1.01670245147494,0.538700061281577,0.999999992102175
"R-HSA-8873719",0.00436414683099036,16,1.03595303262633,0.477465727919896,0.727136890407547,57843,13,25,1.09513378344586,0.399447872827874,0.968422279236716
"R-HSA-181429",0.00156499173192068,6,1.08332468764288,0.477741431582925,0.727136890407547,188563,6,9,1.40401767108444,0.20679200981924,0.860563022229133
"R-HSA-6783310",0.0035244528971939,13,1.04224802032179,0.47806537346944,0.727136890407547,106508,9,15,1.26361590397599,0.237965861556451,0.866437501201784
"R-HSA-9772573",0.00661551537694447,24,1.02510179935805,0.47909524507982,0.727525552766265,122960,19,34,1.17689716546784,0.208689476619924,0.86309845268734
"R-HSA-4608870",0.00268712577999756,10,1.05155366610602,0.479528724754684,0.727525552766265,187361,10,20,1.05301325331333,0.497860752156068,0.999999992102175
"R-HSA-9629569",0.00129004653687395,5,1.09517636940896,0.480345933905391,0.727525552766265,250005,4,7,1.20344371807238,0.445055755070281,0.968422279236716
"R-HSA-9013407",0.00381228409373015,14,1.03767706028212,0.480948205392934,0.727525552766265,309154,8,18,0.936011780722959,0.687816327500395,0.999999992102175
"R-HSA-5693532",0.0125337402855328,45,1.01449815090527,0.481570024048682,0.727525552766265,153612,28,68,0.867187385081565,0.878750428899313,0.999999992102175
"R-HSA-9856649",0.0133785623219628,48,1.01379752971718,0.481578481569908,0.727525552766265,165526,19,32,1.25045323830958,0.120533572794054,0.836484166201772
"R-HSA-71240",0.00185400633675698,7,1.0668571279702,0.483192568724469,0.72841340072961,177199,2,5,0.842410602650663,0.779526206223158,0.999999992102175
"R-HSA-111996",0.00409919486158856,15,1.03397998655377,0.483253368095988,0.72841340072961,120741,9,25,0.758169542385596,0.912847975180322,0.999999992102175
"R-HSA-198323",0.00129740996629653,5,1.0889607135169,0.485249575605051,0.73060048461884,67305,3,7,0.902582788554282,0.730191305125319,0.999999992102175
"R-HSA-112310",0.00410839914836679,15,1.03166350074616,0.486680209981276,0.731932077861852,122168,12,26,0.972012233827688,0.628769561052089,0.999999992102175
"R-HSA-156842",0.00664759889085715,24,1.02015431856361,0.488493258026029,0.733013399501544,104103,17,38,0.942169752964557,0.691327248713648,0.999999992102175
"R-HSA-156902",0.00664759889085715,24,1.02015431856361,0.488493258026029,0.733013399501544,104103,17,38,0.942169752964557,0.691327248713648,0.999999992102175
"R-HSA-75893",0.00327080905154821,12,1.03668184380507,0.489199081238831,0.733251419306525,121724,11,25,0.926651662915729,0.707470800731925,0.999999992102175
"R-HSA-975578",0.00186728680767985,7,1.05926945316385,0.490549348740712,0.73445377353358,55177,4,6,1.40401767108444,0.297751080471712,0.866437501201784
"R-HSA-5610783",0.00243269299548517,9,1.04538109553474,0.491974463229659,0.735269466023439,189523,5,14,0.752152323795235,0.875642169381729,0.999999992102175
"R-HSA-165159",0.00215485502459385,8,1.04903835589663,0.493837764387597,0.735269466023439,95861,8,18,0.936011780722959,0.687816327500395,0.999999992102175
"R-HSA-4641263",0.00159313055149983,6,1.06419036252274,0.494675731633961,0.735269466023439,39019,6,11,1.14874173088727,0.432105144900899,0.968422279236716
"R-HSA-9845323",0.00554426788577007,20,1.01930751668647,0.495962856129124,0.735269466023439,195146,9,29,0.653594433091031,0.976673884823626,0.999999992102175
"R-HSA-425397",0.00413417115134582,15,1.02523221528621,0.496252667283861,0.735269466023439,57554,11,20,1.15831457864466,0.325883955675895,0.866437501201784
"R-HSA-9864848",0.00216024610684967,8,1.046420389338,0.496607336903517,0.735269466023439,222164,6,11,1.14874173088727,0.432105144900899,0.968422279236716
"R-HSA-6803204",0.00244400111924127,9,1.04054423244678,0.497437560313057,0.735269466023439,95467,5,11,0.957284775739389,0.666210039621283,0.999999992102175
"R-HSA-192823",0.00639658484143381,23,1.01601263504939,0.497651629060904,0.735269466023439,103222,16,37,0.910714165027743,0.75179545468145,0.999999992102175
"R-HSA-5693616",0.00244479005810798,9,1.04020844664596,0.497818106161386,0.735269466023439,122234,8,19,0.886748002790171,0.756798955741975,0.999999992102175
"R-HSA-9675136",0.00244479005810798,9,1.04020844664596,0.497818106161386,0.735269466023439,122234,8,19,0.886748002790171,0.756798955741975,0.999999992102175
"R-HSA-9701190",0.00244479005810798,9,1.04020844664596,0.497818106161386,0.735269466023439,122234,8,19,0.886748002790171,0.756798955741975,0.999999992102175
"R-HSA-5610787",0.00752884360496674,27,1.01333939266941,0.498422354809184,0.735269466023439,133513,15,44,0.717963581804542,0.974556242628982,0.999999992102175
"R-HSA-9663891",0.00865952449076626,31,1.01154937567277,0.49866976456061,0.735269466023439,130763,22,44,1.05301325331333,0.426217155546727,0.968422279236716
"R-HSA-9772755",0.00329381976849378,12,1.02943955547509,0.498776078071124,0.735269466023439,243319,6,17,0.743303472927055,0.895441055124303,0.999999992102175
"R-HSA-442742",0.00555478707065947,20,1.01737723851545,0.499329034328336,0.735275720879088,88543,7,16,0.921386596649162,0.70696382914035,0.999999992102175
"R-HSA-174048",0.00216892443438343,8,1.04223343900782,0.501056277678783,0.735612059272877,163864,6,9,1.40401767108444,0.20679200981924,0.860563022229133
"R-HSA-8863795",0.00132186707116439,5,1.06881282803852,0.501415692511949,0.735612059272877,95044,5,11,0.957284775739389,0.666210039621283,0.999999992102175
"R-HSA-5685938",0.00273656594897775,10,1.03255577169626,0.502177204992959,0.735612059272877,92221,9,18,1.05301325331333,0.507184385364529,0.999999992102175
"R-HSA-174143",0.00358533267974131,13,1.02455040659791,0.502413782389735,0.735612059272877,149843,11,22,1.05301325331333,0.489413573156738,0.999999992102175
"R-HSA-453276",0.00358533267974131,13,1.02455040659791,0.502413782389735,0.735612059272877,149843,11,22,1.05301325331333,0.489413573156738,0.999999992102175
"R-HSA-9830674",0.00302084692061382,11,1.02892425318172,0.502851228577579,0.735612059272877,137258,8,12,1.40401767108444,0.148701910310347,0.836484166201772
"R-HSA-5696394",0.00189082348386988,7,1.04608383201528,0.503508372502035,0.735718609391719,269559,5,14,0.752152323795235,0.875642169381729,0.999999992102175
"R-HSA-2142753",0.00245767605959749,9,1.03475446195967,0.504022151807163,0.735718609391719,41099,9,21,0.902582788554281,0.738878767080837,0.999999992102175
"R-HSA-179419",0.00331222834205023,12,1.02371817644506,0.506406403664867,0.738394538532015,162219,10,19,1.10843500348771,0.411872353915981,0.968422279236716
"R-HSA-1181150",0.00162100639145674,6,1.04588987932556,0.511264977460096,0.743994117507099,22022,5,11,0.957284775739389,0.666210039621283,0.999999992102175
"R-HSA-927802",0.00757854675356916,27,1.00669350658382,0.51205359131611,0.743994117507099,92596,19,44,0.90942053695242,0.764927089721965,0.999999992102175
"R-HSA-975957",0.00757854675356916,27,1.00669350658382,0.51205359131611,0.743994117507099,92596,19,44,0.90942053695242,0.764927089721965,0.999999992102175
"R-HSA-5689880",0.0126789050370065,45,1.00288284410103,0.512467589894815,0.743994117507099,144183,28,68,0.867187385081565,0.878750428899313,0.999999992102175
"R-HSA-9865881",0.00134001266509861,5,1.05433964873626,0.513280872620247,0.74402957188423,290524,3,10,0.631807951987997,0.925387126014617,0.999999992102175
"R-HSA-1963642",0.00134080160396531,5,1.05371926647752,0.51379411401961,0.74402957188423,249215,5,7,1.50430464759047,0.187272574522785,0.836484166201772
"R-HSA-174084",0.0030470133930262,11,1.02008828345906,0.514157748928953,0.74402957188423,176469,9,17,1.11495520939058,0.416450095344865,0.968422279236716
"R-HSA-3232142",0.00362214982685422,13,1.0141364190912,0.517006687718554,0.746956450685497,42906,8,19,0.886748002790171,0.756798955741975,0.999999992102175
"R-HSA-8854050",0.00134619268622113,5,1.04949944913765,0.517295213609061,0.746956450685497,156099,5,12,0.877511044427774,0.754023729175773,0.999999992102175
"R-HSA-168164",0.0115747850930527,41,1.00089923608652,0.518828616282729,0.748364204326003,99156,30,59,1.07086093557288,0.348291281162125,0.911543587416499
"R-HSA-167242",0.00135105780923248,5,1.0457202297101,0.520445568489307,0.749889313737282,94754,2,7,0.601721859036188,0.919335262447293,0.999999992102175
"R-HSA-9840309",0.00135210972772142,5,1.04490667706615,0.521125567635941,0.750062578552267,38395,5,10,1.05301325331333,0.55979872383929,0.999999992102175
"R-HSA-9634638",0.00420543862897152,15,1.00785811464884,0.522513089125321,0.751252724708079,192608,9,13,1.45801835074153,0.0976041010844374,0.787888526826181
"R-HSA-9639288",0.00563118265091875,20,1.00357496476638,0.523636514602807,0.751979555285964,117616,11,18,1.28701619849407,0.178115879861727,0.836484166201772
"R-HSA-168249",0.0849512277992603,300,0.997863258170245,0.524147020499131,0.751979555285964,112308,194,433,0.943577695809634,0.884161278118256,0.999999992102175
"R-HSA-9013424",0.0033570663676413,12,1.01004507714743,0.524859140103136,0.751979555285964,164337,8,20,0.842410602650663,0.814146289632998,0.999999992102175
"R-HSA-72764",0.00649060005638283,23,1.00129586842607,0.525527982701781,0.751979555285964,103222,16,38,0.886748002790171,0.795772331748942,0.999999992102175
"R-HSA-3296482",0.00193184830493855,7,1.02386914677238,0.525824509927574,0.751979555285964,126151,5,9,1.1700147259037,0.438232586896132,0.968422279236716
"R-HSA-9662834",0.00136157699412188,5,1.03764127090983,0.527226715979987,0.753181022828553,45991,3,8,0.789759939984996,0.820031875228222,0.999999992102175
"R-HSA-9615017",0.00251960776063384,9,1.00932030312537,0.53350174185941,0.76101264323066,325822,5,14,0.752152323795235,0.875642169381729,0.999999992102175
"R-HSA-9664565",0.00165953290611417,6,1.02160925697849,0.533844690027478,0.76101264323066,218955,6,10,1.26361590397599,0.316666449952974,0.866437501201784
"R-HSA-917937",0.0048133160257678,17,0.997984926649246,0.535803210466913,0.762992882067655,232816,10,23,0.915663698533329,0.722513165358436,0.999999992102175
"R-HSA-1855204",0.00281480238659267,10,1.00385624891589,0.537425354274026,0.763964333973236,168547,4,12,0.702008835542219,0.899625200917684,0.999999992102175
"R-HSA-9861718",0.00195459604226188,7,1.01195327981028,0.538032656634322,0.763964333973236,136443,7,16,0.921386596649162,0.70696382914035,0.999999992102175
"R-HSA-425986",0.00137880215937827,5,1.02467817664231,0.538237951087374,0.763964333973236,61324,1,6,0.351004417771109,0.979053550409022,0.999999992102175
"R-HSA-9648002",0.00310460593029567,11,1.00116495669801,0.538765892242319,0.763964333973236,132094,8,16,1.05301325331333,0.517612937748177,0.999999992102175
"R-HSA-164378",0.00138314132314515,5,1.02146357641138,0.540993022153639,0.765018714682061,113344,1,9,0.23400294518074,0.996972840962667,0.999999992102175
"R-HSA-162587",0.0162288669575572,57,0.992444188741907,0.541028216400341,0.765018714682061,165155,25,58,0.907770045959766,0.788405552773878,0.999999992102175
"R-HSA-9730414",0.0273126690958971,96,0.993176711184969,0.54122219516313,0.765018714682061,172361,41,71,1.21615615171398,0.0526487622241623,0.746071404389813
"R-HSA-72766",0.015390619411683,54,0.991418682001654,0.543919549736387,0.768021282030304,94035,38,101,0.792366408433792,0.982483243934862,0.999999992102175
"R-HSA-5693579",0.00255129680511317,9,0.996783778203797,0.548339921088689,0.771751230462657,122234,8,20,0.842410602650663,0.814146289632998,0.999999992102175
"R-HSA-9827857",0.00341518486415525,12,0.992856461119279,0.548451730322402,0.771751230462657,163255,6,10,1.26361590397599,0.316666449952974,0.866437501201784
"R-HSA-2408557",0.00685548428223394,24,0.989219205733012,0.548599493970623,0.771751230462657,107203,17,40,0.895061265316329,0.785116982977306,0.999999992102175
"R-HSA-77387",0.00197523994260733,7,1.00137701400478,0.548999785493199,0.771751230462657,79997,6,12,1.05301325331333,0.543270874244998,0.999999992102175
"R-HSA-72695",0.00255366362171328,9,0.995859927320338,0.549440801389085,0.771751230462657,150079,8,19,0.886748002790171,0.756798955741975,0.999999992102175
"R-HSA-5617833",0.0137168856059682,48,0.988792487069509,0.550867791134307,0.772945382324578,176149,32,81,0.832010471753741,0.940772389697251,0.999999992102175
"R-HSA-8851708",0.00140628352990184,5,1.00465407763172,0.555554235179368,0.77870572713426,201418,3,7,0.902582788554282,0.730191305125319,0.999999992102175
"R-HSA-211897",0.0048839260543379,17,0.98355642314628,0.559676894680744,0.781799799477052,223278,8,34,0.495535648618037,0.998909769796105,0.999999992102175
"R-HSA-448424",0.00833001102410576,29,0.983720810872335,0.560261169154992,0.781799799477052,84135,20,40,1.05301325331333,0.435203852668416,0.968422279236716
"R-HSA-5693537",0.00228726526438919,8,0.988309317415005,0.56034139656447,0.781799799477052,157510,7,15,0.982812369759106,0.624122814156274,0.999999992102175
"R-HSA-5693568",0.00228726526438919,8,0.988309317415005,0.56034139656447,0.781799799477052,157510,7,15,0.982812369759106,0.624122814156274,0.999999992102175
"R-HSA-450408",0.00199746172068619,7,0.990236686484087,0.560678811416005,0.781799799477052,107419,6,15,0.842410602650663,0.798539145979746,0.999999992102175
"R-HSA-2453902",0.00141627675554677,5,0.997565254876173,0.561770961982671,0.78250840858293,66919,5,8,1.31626656664166,0.309654488520081,0.866437501201784
"R-HSA-74158",0.00229344528551172,8,0.985646174546154,0.563355864691508,0.783088027683217,121217,5,17,0.619419560772546,0.961100414057392,0.999999992102175
"R-HSA-749476",0.00229344528551172,8,0.985646174546154,0.563355864691508,0.783088027683217,121217,5,17,0.619419560772546,0.961100414057392,0.999999992102175
"R-HSA-5357905",0.00258574713562595,9,0.983503465471054,0.564256797736502,0.783527574058977,107480,8,19,0.886748002790171,0.756798955741975,0.999999992102175
"R-HSA-1168372",0.0051909547632973,18,0.979816386265174,0.565987628382713,0.784522840439671,145391,11,28,0.827367556174758,0.855476416650213,0.999999992102175
"R-HSA-8852276",0.00316995636642108,11,0.980525377160975,0.566144467690419,0.784522840439671,78453,9,22,0.86155629816545,0.796639714336376,0.999999992102175
"R-HSA-74749",0.00201008474255347,7,0.98401815296525,0.567252005524553,0.785245544837707,255839,4,6,1.40401767108444,0.297751080471712,0.866437501201784
"R-HSA-975956",0.00663839460407892,23,0.979003419903494,0.568518928578302,0.786124652973854,103222,16,38,0.886748002790171,0.795772331748942,0.999999992102175
"R-HSA-5362768",0.00230804065454576,8,0.97941323855945,0.570438959392065,0.786124652973854,294105,5,13,0.810010194856406,0.823188756477667,0.999999992102175
"R-HSA-5387390",0.00230804065454576,8,0.97941323855945,0.570438959392065,0.786124652973854,294105,5,13,0.810010194856406,0.823188756477667,0.999999992102175
"R-HSA-111933",0.00376100306739431,13,0.976695309467723,0.570820363689224,0.786124652973854,134226,8,24,0.702008835542219,0.946194889008867,0.999999992102175
"R-HSA-111997",0.00376100306739431,13,0.976695309467723,0.570820363689224,0.786124652973854,134226,8,24,0.702008835542219,0.946194889008867,0.999999992102175
"R-HSA-5218859",0.00694476586398273,24,0.976501850373032,0.573790243529675,0.789403415122962,158726,11,21,1.10315674156634,0.407533020322337,0.968422279236716
"R-HSA-6781823",0.00261243956728281,9,0.973454582670036,0.576423751692423,0.792133884372112,185290,5,17,0.619419560772546,0.961100414057392,0.999999992102175
"R-HSA-2730905",0.00144099684003686,5,0.980452172668242,0.576957217274016,0.792133884372112,263098,4,9,0.936011780722959,0.694236569399959,0.999999992102175
"R-HSA-9735869",0.00234157055638073,8,0.965388621767409,0.586510888431628,0.802169215091639,173738,7,14,1.05301325331333,0.529475781815918,0.999999992102175
"R-HSA-389958",0.00234170204619184,8,0.965334413860072,0.586573349301537,0.802169215091639,31260,6,14,0.902582788554282,0.728772613250357,0.999999992102175
"R-HSA-389960",0.00234170204619184,8,0.965334413860072,0.586573349301537,0.802169215091639,31260,6,14,0.902582788554282,0.728772613250357,0.999999992102175
"R-HSA-4641258",0.0014570385969932,5,0.969657554396829,0.586661067753587,0.802169215091639,150988,5,13,0.810010194856406,0.823188756477667,0.999999992102175
"R-HSA-418555",0.015910924594275,55,0.976757398148704,0.588011945917033,0.802797961423466,115290,34,76,0.942169752964557,0.724168312246399,0.999999992102175
"R-HSA-6803205",0.00145979988302666,5,0.967823397610454,0.588319103073018,0.802797961423466,134328,3,6,1.05301325331333,0.607990355101731,0.999999992102175
"R-HSA-8856828",0.0141949825591915,49,0.975395289988035,0.588974358310193,0.802874506750416,167206,28,58,1.01670245147494,0.503328159017791,0.999999992102175
"R-HSA-6794362",0.0110398845414267,38,0.972609489495731,0.590103837643883,0.803596689474394,140242,19,41,0.97596350307089,0.618096282314793,0.999999992102175
"R-HSA-194068",0.00352524183606061,12,0.961859786074265,0.591892811755582,0.80521458655074,127591,6,21,0.601721859036188,0.976766962270019,0.999999992102175
"R-HSA-9709570",0.00206005087077813,7,0.960150986428785,0.592809810894855,0.805546149921204,118308,7,16,0.921386596649162,0.70696382914035,0.999999992102175
"R-HSA-1227990",0.00176525071425265,6,0.960426847845476,0.593338843262857,0.805546149921204,218955,6,11,1.14874173088727,0.432105144900899,0.968422279236716
"R-HSA-8953750",0.0049995055983102,17,0.960818374228665,0.597775483429126,0.810408312198394,104248,12,17,1.48660694585411,0.0471036793808384,0.746071404389813
"R-HSA-937072",0.00147728802790529,5,0.956366298199489,0.598734499310754,0.810408312198394,30698,5,10,1.05301325331333,0.55979872383929,0.999999992102175
"R-HSA-975163",0.00147728802790529,5,0.956366298199489,0.598734499310754,0.810408312198394,30698,5,10,1.05301325331333,0.55979872383929,0.999999992102175
"R-HSA-6782315",0.0032534523964807,11,0.95536134634429,0.600124597137449,0.811001476540057,104195,8,16,1.05301325331333,0.517612937748177,0.999999992102175
"R-HSA-69052",0.00471864336176318,16,0.95812520628847,0.60120560409801,0.811001476540057,137490,13,28,0.977798020933805,0.617014481168144,0.999999992102175
"R-HSA-166166",0.0119587353415159,41,0.968764106458904,0.601938047742081,0.811001476540057,91293,31,61,1.07027576566273,0.34587393237324,0.906988394090297
"R-HSA-937061",0.0119587353415159,41,0.968764106458904,0.601938047742081,0.811001476540057,91293,31,61,1.07027576566273,0.34587393237324,0.906988394090297
"R-HSA-1592389",0.0026701635943634,9,0.952410284556472,0.602198857580117,0.811001476540057,38963,7,19,0.7759045024414,0.877512795092242,0.999999992102175
"R-HSA-9619483",0.00384739187329852,13,0.954764727843653,0.60306722586655,0.811355504679897,60610,9,20,0.947711927981996,0.670777954905441,0.999999992102175
"R-HSA-174184",0.00326870521457033,11,0.950903326465134,0.606197086645546,0.814131053128115,176469,9,18,1.05301325331333,0.507184385364529,0.999999992102175
"R-HSA-9831926",0.00473415915947505,16,0.954985033687036,0.606345366434223,0.814131053128115,340803,6,9,1.40401767108444,0.20679200981924,0.860563022229133
"R-HSA-196741",0.00209187140506856,7,0.945545634821784,0.60867965620376,0.816447186499539,54142,6,11,1.14874173088727,0.432105144900899,0.968422279236716
"R-HSA-9768919",0.00299034128443455,10,0.94492791841274,0.612834057276519,0.821172429489687,82925,4,12,0.702008835542219,0.899625200917684,0.999999992102175
"R-HSA-419408",0.00150240258182874,5,0.940379429395349,0.613428061133714,0.821172429489687,151813,4,6,1.40401767108444,0.297751080471712,0.866437501201784
"R-HSA-354192",0.00180601255569908,6,0.938749940467821,0.615175575002444,0.822308929282192,79037,5,11,0.957284775739389,0.666210039621283,0.999999992102175
"R-HSA-3295583",0.00388276263248913,13,0.946067118314379,0.61594701965704,0.822308929282192,133637,6,9,1.40401767108444,0.20679200981924,0.860563022229133
"R-HSA-1640170",0.0478650525328093,166,0.979961436183643,0.616327944975429,0.822308929282192,125747,118,278,0.893924920078941,0.961999968709389,0.999999992102175
"R-HSA-68949",0.00270763819053189,9,0.939228615408327,0.618510631020999,0.822308929282192,109241,8,19,0.886748002790171,0.756798955741975,0.999999992102175
"R-HSA-69017",0.00359664080349742,12,0.942765358997223,0.619051953460987,0.822308929282192,167016,10,21,1.00286976506031,0.579976872004914,0.999999992102175
"R-HSA-9662360",0.00740261338629392,25,0.954276826909594,0.619397424318288,0.822308929282192,98346,18,34,1.11495520939058,0.319917128190075,0.866437501201784
"R-HSA-1236382",0.00151292176671814,5,0.933841070769274,0.619487873195895,0.822308929282192,210003,5,8,1.31626656664166,0.309654488520081,0.866437501201784
"R-HSA-5637815",0.00151292176671814,5,0.933841070769274,0.619487873195895,0.822308929282192,210003,5,8,1.31626656664166,0.309654488520081,0.866437501201784
"R-HSA-156827",0.00740590063157186,25,0.953853253579467,0.620258494409554,0.822308929282192,98372,18,48,0.789759939984996,0.938324167769678,0.999999992102175
"R-HSA-1660499",0.00653215083669597,22,0.95166897993465,0.620413677242012,0.822308929282192,129011,10,21,1.00286976506031,0.579976872004914,0.999999992102175
"R-HSA-212165",0.0175383739864765,60,0.966676945339365,0.621861468065944,0.823413406332377,173182,34,94,0.761754268354323,0.990075952137719,0.999999992102175
"R-HSA-111932",0.00151818135916284,5,0.930605868722611,0.622496514560145,0.823440601688642,115342,4,9,0.936011780722959,0.694236569399959,0.999999992102175
"R-HSA-9006925",0.0353752298441898,122,0.974495858481154,0.626833257780185,0.828359531977759,144308,71,148,1.01032352682765,0.484535873348943,0.999999992102175
"R-HSA-140837",0.00152804309499665,5,0.924599893319961,0.628099165949525,0.829214662435826,22427,4,11,0.765827820591511,0.851091377003714,0.999999992102175
"R-HSA-9717189",0.00715107337762611,24,0.948329902166076,0.629927328392274,0.830809665399259,127563,10,17,1.23883912154509,0.243715846734381,0.866437501201784
"R-HSA-5083632",0.00183572925301164,6,0.923553501348436,0.630671591064619,0.830973384490255,94757,4,11,0.765827820591511,0.851091377003714,0.999999992102175
"R-HSA-450294",0.00803337001022465,27,0.949697797617887,0.631662431992932,0.831333566785661,88550,18,37,1.02455343565621,0.507904703306482,0.999999992102175
"R-HSA-209776",0.00153566950404147,5,0.920008165105853,0.632397148004332,0.831333566785661,164234,3,10,0.631807951987997,0.925387126014617,0.999999992102175
"R-HSA-5674400",0.00274116809236686,9,0.927739993691576,0.632806147851771,0.831333566785661,93998,5,13,0.810010194856406,0.823188756477667,0.999999992102175
"R-HSA-180746",0.0024457104867858,8,0.924281751421184,0.634484884512003,0.831897850417631,51852,6,15,0.842410602650663,0.798539145979746,0.999999992102175
"R-HSA-9683701",0.00184624843790104,6,0.918291463024394,0.636068551910328,0.831897850417631,163364,6,15,0.842410602650663,0.798539145979746,0.999999992102175
"R-HSA-450282",0.0060031673265702,20,0.941388707503779,0.636289055282741,0.831897850417631,110390,11,20,1.15831457864466,0.325883955675895,0.866437501201784
"R-HSA-380259",0.00423896853080648,14,0.933226968445919,0.637352154166253,0.831897850417631,115980,10,27,0.780009817269132,0.900820765522119,0.999999992102175
"R-HSA-380284",0.00423896853080648,14,0.933226968445919,0.637352154166253,0.831897850417631,115980,10,27,0.780009817269132,0.900820765522119,0.999999992102175
"R-HSA-1222556",0.00215380310610491,7,0.918356868399253,0.638593190850169,0.831897850417631,60009,6,11,1.14874173088727,0.432105144900899,0.968422279236716
"R-HSA-9008059",0.00154724060741981,5,0.913127845693147,0.638859859778895,0.831897850417631,82340,4,9,0.936011780722959,0.694236569399959,0.999999992102175
"R-HSA-165054",0.0024562296716752,8,0.920323371329444,0.639155360836632,0.831897850417631,51852,6,16,0.789759939984996,0.853484336083383,0.999999992102175
"R-HSA-177243",0.0024562296716752,8,0.920323371329444,0.639155360836632,0.831897850417631,51852,6,16,0.789759939984996,0.853484336083383,0.999999992102175
"R-HSA-447041",0.00154829252590875,5,0.912507461594162,0.639443870097134,0.831897850417631,206776,6,8,1.57951987996999,0.113843426124407,0.829077125036441
"R-HSA-189200",0.00215774780043844,7,0.916677971016439,0.640453191251106,0.832402789792902,47400,5,9,1.1700147259037,0.438232586896132,0.968422279236716
"R-HSA-193807",0.00216405931137208,7,0.914004466179352,0.643417618040396,0.833082902880796,170288,2,8,0.526506626656664,0.952436391520317,0.999999992102175
"R-HSA-444257",0.00247082504070925,8,0.914886944624236,0.645579644481616,0.833082902880796,54865,2,5,0.842410602650663,0.779526206223158,0.999999992102175
"R-HSA-72706",0.00750491245934335,25,0.941269128904554,0.645782376862278,0.833082902880796,98372,18,48,0.789759939984996,0.938324167769678,0.999999992102175
"R-HSA-5678895",0.00186689233824649,6,0.908137092007713,0.646523072971372,0.833082902880796,227920,6,14,0.902582788554282,0.728772613250357,0.999999992102175
"R-HSA-113418",0.00247358632674271,8,0.913865648332661,0.646787661098286,0.833082902880796,126423,3,10,0.631807951987997,0.925387126014617,0.999999992102175
"R-HSA-167158",0.00247358632674271,8,0.913865648332661,0.646787661098286,0.833082902880796,126423,3,10,0.631807951987997,0.925387126014617,0.999999992102175
"R-HSA-373753",0.00217142274079466,7,0.91090502024826,0.646858014536681,0.833082902880796,265412,5,11,0.957284775739389,0.666210039621283,0.999999992102175
"R-HSA-975576",0.00337468600233105,11,0.921040552994225,0.647115707580907,0.833082902880796,97905,7,15,0.982812369759106,0.624122814156274,0.999999992102175
"R-HSA-168928",0.0051593972086291,17,0.931042260689186,0.648016458921401,0.833082902880796,112849,11,31,0.747299728157846,0.936985732555882,0.999999992102175
"R-HSA-73893",0.00278324483192446,9,0.913714539069697,0.650327506049691,0.833082902880796,106879,9,21,0.902582788554281,0.738878767080837,0.999999992102175
"R-HSA-6794361",0.00664207631879021,22,0.935918984542771,0.650454332903478,0.833082902880796,121764,13,27,1.01401276244987,0.547774899507674,0.999999992102175
"R-HSA-1660517",0.00156867344663197,5,0.900651748555848,0.650642638483869,0.833082902880796,207231,4,8,1.05301325331333,0.580457021620481,0.999999992102175
"R-HSA-8854518",0.00427894143338621,14,0.924508973288659,0.650769002321686,0.833082902880796,115980,10,28,0.752152323795235,0.926012070450956,0.999999992102175
"R-HSA-75815",0.00156959387530979,5,0.900123595565993,0.651143135111979,0.833082902880796,175398,5,12,0.877511044427774,0.754023729175773,0.999999992102175
"R-HSA-5610785",0.00187767450275813,6,0.902922299182459,0.651910345584979,0.833082902880796,269484,5,14,0.752152323795235,0.875642169381729,0.999999992102175
"R-HSA-176408",0.00338822945287616,11,0.917358964319962,0.652175303326051,0.833082902880796,176469,9,19,0.997591503138943,0.592965213668224,0.999999992102175
"R-HSA-196071",0.00278850442436916,9,0.911991118427325,0.652484037186274,0.833082902880796,23567,8,20,0.842410602650663,0.814146289632998,0.999999992102175
"R-HSA-2979096",0.00338914988155398,11,0.917109827064861,0.652517707005759,0.833082902880796,173042,6,11,1.14874173088727,0.432105144900899,0.968422279236716
"R-HSA-5696398",0.00576766907485873,19,0.930834998382063,0.653144700383399,0.833082902880796,171806,15,41,0.770497502424387,0.94130923252148,0.999999992102175
"R-HSA-9830369",0.00871093700691321,29,0.940703071633458,0.654098457610144,0.833082902880796,251917,16,27,1.24801570763061,0.150510024675608,0.836484166201772
"R-HSA-6804759",0.00188280260539171,6,0.900463051353133,0.654454823163828,0.833082902880796,148666,2,6,0.702008835542219,0.865294131783872,0.999999992102175
"R-HSA-72613",0.00784126339618196,26,0.936929132263651,0.656504811531677,0.833082902880796,95920,19,51,0.784598110311892,0.946925937049691,0.999999992102175
"R-HSA-72737",0.00784126339618196,26,0.936929132263651,0.656504811531677,0.833082902880796,95920,19,51,0.784598110311892,0.946925937049691,0.999999992102175
"R-HSA-5083636",0.00158011306019919,5,0.894131260736562,0.656830618789848,0.833082902880796,63397,3,10,0.631807951987997,0.925387126014617,0.999999992102175
"R-HSA-110314",0.00219614282528475,7,0.900651748555848,0.658263759723541,0.833082902880796,47184,7,17,0.867187385081565,0.776563684508364,0.999999992102175
"R-HSA-5205647",0.0040033387892839,13,0.917572618298144,0.658274316278795,0.833082902880796,237083,7,14,1.05301325331333,0.529475781815918,0.999999992102175
"R-HSA-5607761",0.00158300583604378,5,0.892497330365584,0.658384174739375,0.833082902880796,158702,5,13,0.810010194856406,0.823188756477667,0.999999992102175
"R-HSA-5676590",0.00158300583604378,5,0.892497330365584,0.658384174739375,0.833082902880796,158702,5,13,0.810010194856406,0.823188756477667,0.999999992102175
"R-HSA-9022699",0.00158537265264389,5,0.891164913350855,0.659651885887567,0.833182704743274,377648,4,7,1.20344371807238,0.445055755070281,0.968422279236716
"R-HSA-1257604",0.0304714488283732,104,0.96440548672496,0.65970660427807,0.833182704743274,142817,61,121,1.06171584218369,0.287982005241577,0.866437501201784
"R-HSA-380320",0.00580027854801587,19,0.925601794727757,0.66241411434704,0.835814419232612,92277,14,39,0.756009515199313,0.947697336287778,0.999999992102175
"R-HSA-5083625",0.00159615481715553,5,0.885145016910064,0.665388406087252,0.838777482744043,63397,3,11,0.574370865443634,0.953248031893706,0.999999992102175
"R-HSA-936440",0.00221402543959674,7,0.8933772125181,0.666374420070971,0.839230942570584,133632,6,15,0.842410602650663,0.798539145979746,0.999999992102175
"R-HSA-388844",0.00283386840920471,9,0.897392151470317,0.670765312361514,0.843967623065191,208857,5,10,1.05301325331333,0.55979872383929,0.999999992102175
"R-HSA-425410",0.00161259104354522,5,0.876123235508094,0.674010670859074,0.847063285351849,139247,5,9,1.1700147259037,0.438232586896132,0.968422279236716
"R-HSA-5663205",0.090515219156698,313,0.977107096863342,0.674579652470726,0.847063285351849,108698,198,439,0.94987072508446,0.858820344866382,0.999999992102175
"R-HSA-163125",0.00997823580646383,33,0.934500663861454,0.675122081161026,0.847063285351849,169812,24,51,0.991071297236074,0.578816646943229,0.999999992102175
"R-HSA-69190",0.00375837327117196,12,0.902195740987686,0.677063636927287,0.848704652462642,49006,8,16,1.05301325331333,0.517612937748177,0.999999992102175
"R-HSA-8943724",0.00467196447881647,15,0.907216967741234,0.680921054433137,0.852742255084489,108835,9,22,0.86155629816545,0.796639714336376,0.999999992102175
"R-HSA-69273",0.00194854751095047,6,0.870081006297693,0.686043663642739,0.856583114420353,26032,5,10,1.05301325331333,0.55979872383929,0.999999992102175
"R-HSA-6807070",0.0120894362137667,40,0.934917696832461,0.686648614751203,0.856583114420353,130756,22,48,0.965262148870551,0.644967596269728,0.999999992102175
"R-HSA-9609690",0.008266501445336,27,0.922914470723815,0.687478505215817,0.856583114420353,68998,21,54,0.819010308132589,0.920694468384887,0.999999992102175
"R-HSA-192105",0.00287765451630684,9,0.88373752106412,0.687856182474063,0.856583114420353,152697,4,16,0.526506626656664,0.982422907781449,0.999999992102175
"R-HSA-5696399",0.00529614661219131,17,0.907002240054677,0.688307422532792,0.856583114420353,190789,13,34,0.80524542900431,0.895698236914795,0.999999992102175
"R-HSA-3371497",0.00410037826988862,13,0.895857360720411,0.690407440725611,0.856583114420353,56662,10,27,0.780009817269132,0.900820765522119,0.999999992102175
"R-HSA-375276",0.0185420357147365,62,0.944830085220464,0.690959105849342,0.856583114420353,181318,44,82,1.13006300355577,0.155233046090101,0.836484166201772
"R-HSA-110328",0.00164638392500242,5,0.858140353028613,0.691269625906213,0.856583114420353,82773,4,17,0.495535648618037,0.988983675081158,0.999999992102175
"R-HSA-110329",0.00164638392500242,5,0.858140353028613,0.691269625906213,0.856583114420353,82773,4,17,0.495535648618037,0.988983675081158,0.999999992102175
"R-HSA-73928",0.00164638392500242,5,0.858140353028613,0.691269625906213,0.856583114420353,82773,4,17,0.495535648618037,0.988983675081158,0.999999992102175
"R-HSA-5696400",0.00288725327251842,9,0.880799510360154,0.691528515701586,0.856583114420353,104805,7,19,0.7759045024414,0.877512795092242,0.999999992102175
"R-HSA-9843940",0.00319467645091117,10,0.884489245988744,0.692128217639809,0.856583114420353,68685,8,30,0.561607068433775,0.994227836670346,0.999999992102175
"R-HSA-453279",0.0106517266190077,35,0.928469132948583,0.692798148790502,0.856583114420353,92916,27,57,0.997591503138943,0.558841496571455,0.999999992102175
"R-HSA-5693607",0.00531455518574777,17,0.903860562742399,0.693525250308414,0.856583114420353,108600,13,37,0.739955259085042,0.953943331489924,0.999999992102175
"R-HSA-389957",0.00196485224752904,6,0.862860900242623,0.69357662622842,0.856583114420353,36282,4,11,0.765827820591511,0.851091377003714,0.999999992102175
"R-HSA-156590",0.00228161120251114,7,0.866913641331245,0.695938659089856,0.857845795186836,141192,6,12,1.05301325331333,0.543270874244998,0.999999992102175
"R-HSA-9013507",0.00411918131287843,13,0.891767993638244,0.696422091527926,0.857845795186836,150773,8,13,1.29601631177025,0.230458405071803,0.866437501201784
"R-HSA-8964043",0.00228318908024455,7,0.866314530314431,0.696607985017042,0.857845795186836,66560,7,16,0.921386596649162,0.70696382914035,0.999999992102175
"R-HSA-4641262",0.0029021116211747,9,0.876289957341683,0.697159754446615,0.857845795186836,51515,8,17,0.991071297236074,0.6075354643289,0.999999992102175
"R-HSA-68867",0.00533138588157081,17,0.901007157917484,0.698251498268777,0.858400924477212,130154,14,38,0.7759045024414,0.931422850612443,0.999999992102175
"R-HSA-9615710",0.00564091289694144,18,0.901659470791994,0.700808461681626,0.860754664210246,93040,9,16,1.18463990997749,0.325002551962844,0.866437501201784
"R-HSA-380972",0.00198365529051885,6,0.854681852865274,0.702113262513218,0.860959200540831,119607,6,14,0.902582788554282,0.728772613250357,0.999999992102175
"R-HSA-9659379",0.00773751793521024,25,0.912972670598289,0.702274227095669,0.860959200540831,98346,18,36,1.05301325331333,0.444998376949317,0.968422279236716
"R-HSA-380270",0.00474743963039792,15,0.892793964293416,0.703545018352395,0.860959200540831,108861,11,32,0.723946611652913,0.953358696742197,0.999999992102175
"R-HSA-380287",0.00474743963039792,15,0.892793964293416,0.703545018352395,0.860959200540831,108861,11,32,0.723946611652913,0.953358696742197,0.999999992102175
"R-HSA-9010553",0.0101322103752824,33,0.920299484508745,0.707026493154937,0.864430201485051,108234,26,62,0.883172406004727,0.842690610748251,0.999999992102175
"R-HSA-9005891",0.00200140641501971,6,0.847101401506177,0.710023619719576,0.864937864022029,227775,3,6,1.05301325331333,0.607990355101731,0.999999992102175
"R-HSA-9005895",0.00200140641501971,6,0.847101401506177,0.710023619719576,0.864937864022029,227775,3,6,1.05301325331333,0.607990355101731,0.999999992102175
"R-HSA-9675151",0.00200140641501971,6,0.847101401506177,0.710023619719576,0.864937864022029,227775,3,6,1.05301325331333,0.607990355101731,0.999999992102175
"R-HSA-9697154",0.00200140641501971,6,0.847101401506177,0.710023619719576,0.864937864022029,227775,3,6,1.05301325331333,0.607990355101731,0.999999992102175
"R-HSA-5205685",0.00386277618119927,12,0.877811242286518,0.711643448118582,0.866123724322343,252654,6,12,1.05301325331333,0.543270874244998,0.999999992102175
"R-HSA-193368",0.00263965795818414,8,0.85637063892573,0.71491733564688,0.867692679996391,150346,3,11,0.574370865443634,0.953248031893706,0.999999992102175
"R-HSA-168142",0.0110630267481833,36,0.919492043761922,0.715522695071651,0.867692679996391,96372,25,52,1.01251274357051,0.520261675437702,0.999999992102175
"R-HSA-168176",0.0110630267481833,36,0.919492043761922,0.715522695071651,0.867692679996391,96372,25,52,1.01251274357051,0.520261675437702,0.999999992102175
"R-HSA-975871",0.0110630267481833,36,0.919492043761922,0.715522695071651,0.867692679996391,96372,25,52,1.01251274357051,0.520261675437702,0.999999992102175
"R-HSA-6781827",0.00448787874325194,14,0.881467610347178,0.716368730807935,0.86793318199153,141357,10,30,0.702008835542219,0.960316799378635,0.999999992102175
"R-HSA-445989",0.00388486646946701,12,0.872819795723508,0.718654176823985,0.869318984029507,91714,11,21,1.10315674156634,0.407533020322337,0.968422279236716
"R-HSA-425407",0.0234003212559065,78,0.941872724219257,0.718810025600518,0.869318984029507,87698,54,121,0.939879597998673,0.765507009599559,0.999999992102175
"R-HSA-8951671",0.00171331223886124,5,0.824618216444456,0.723573466356304,0.873825667892535,187182,2,7,0.601721859036188,0.919335262447293,0.999999992102175
"R-HSA-9734009",0.00203322694931015,6,0.833844042703584,0.723840665194562,0.873825667892535,113289,5,13,0.810010194856406,0.823188756477667,0.999999992102175
"R-HSA-140877",0.00297758677275615,9,0.854077970787736,0.724750235434541,0.874136197553811,30066,6,17,0.743303472927055,0.895441055124303,0.999999992102175
"R-HSA-75153",0.0063492485094315,20,0.890076033737549,0.728158851041178,0.876511380150585,105669,11,27,0.858010798996045,0.814423623266183,0.999999992102175
"R-HSA-5620924",0.00574505282734651,18,0.885315190354677,0.728225644632349,0.876511380150585,101034,11,27,0.858010798996045,0.814423623266183,0.999999992102175
"R-HSA-198753",0.00513993671658371,16,0.87959276420742,0.728681848871456,0.876511380150585,92894,9,16,1.18463990997749,0.325002551962844,0.866437501201784
"R-HSA-111931",0.00237483747859346,7,0.832882204993066,0.733819411381184,0.881109329077765,153355,2,13,0.324004077942563,0.997069060056924,0.999999992102175
"R-HSA-163615",0.00237483747859346,7,0.832882204993066,0.733819411381184,0.881109329077765,153355,2,13,0.324004077942563,0.997069060056924,0.999999992102175
"R-HSA-418457",0.00300848687836877,9,0.845305753867494,0.735550963851499,0.88239775430708,226763,8,12,1.40401767108444,0.148701910310347,0.836484166201772
"R-HSA-5365859",0.00301769116514699,9,0.842727479236962,0.738712156535287,0.884919541864445,359077,5,9,1.1700147259037,0.438232586896132,0.968422279236716
"R-HSA-2173782",0.00333274075258456,10,0.847847815061253,0.739628390411746,0.884919541864445,100592,9,23,0.824097328679996,0.844292495822195,0.999999992102175
"R-HSA-1643713",0.00174868299805185,5,0.807938593899636,0.739634243946402,0.884919541864445,210003,5,9,1.1700147259037,0.438232586896132,0.968422279236716
"R-HSA-9679506",0.0366997267115766,123,0.947025599009244,0.742802807338126,0.887917717959936,90147,89,180,1.04131310605429,0.323433182153506,0.866437501201784
"R-HSA-4791275",0.00489760099469412,15,0.865420734040696,0.745589870450011,0.890454925492883,95742,12,22,1.14874173088727,0.325652467487937,0.866437501201784
"R-HSA-69239",0.00854315600792726,27,0.893027564881254,0.747299081588618,0.891701486490426,97954,21,44,1.00514901452636,0.546193714188167,0.999999992102175
"R-HSA-9692916",0.00176827497990836,5,0.798986864981504,0.748230504742426,0.891964205161384,61720,5,17,0.619419560772546,0.961100414057392,0.999999992102175
"R-HSA-6807004",0.00209489567072427,6,0.809297667105543,0.749288583136364,0.891964205161384,226903,4,8,1.05301325331333,0.580457021620481,0.999999992102175
"R-HSA-622312",0.00273406764256651,8,0.826799431367961,0.749516190307252,0.891964205161384,358651,3,6,1.05301325331333,0.607990355101731,0.999999992102175
"R-HSA-5693567",0.00796933447221042,25,0.886415601923118,0.753126583215928,0.895465502670225,104096,19,50,0.80029007251813,0.932509254233631,0.999999992102175
"R-HSA-168181",0.0118707686578782,38,0.904532535119592,0.75403217240414,0.89574743884889,93565,28,57,1.03453933658853,0.453134902299568,0.968422279236716
"R-HSA-9824446",0.0692496349842843,235,0.958892255508834,0.756568561133908,0.896834756541503,111551,152,340,0.94151773237427,0.864853069639498,0.999999992102175
"R-HSA-166058",0.0121942335932273,39,0.903710928628903,0.758293865045913,0.896834756541503,104190,27,56,1.01540563712357,0.50876995191635,0.999999992102175
"R-HSA-168179",0.0121942335932273,39,0.903710928628903,0.758293865045913,0.896834756541503,104190,27,56,1.01540563712357,0.50876995191635,0.999999992102175
"R-HSA-168188",0.0121942335932273,39,0.903710928628903,0.758293865045913,0.896834756541503,104190,27,56,1.01540563712357,0.50876995191635,0.999999992102175
"R-HSA-181438",0.0121942335932273,39,0.903710928628903,0.758293865045913,0.896834756541503,104190,27,56,1.01540563712357,0.50876995191635,0.999999992102175
"R-HSA-5357786",0.0017978601874098,5,0.785838905892727,0.760808963236343,0.899015882483862,120008,4,11,0.765827820591511,0.851091377003714,0.999999992102175
"R-HSA-5689877",0.0034133440067996,10,0.827826600429236,0.764962876142769,0.901724610299974,314603,4,6,1.40401767108444,0.297751080471712,0.866437501201784
"R-HSA-5696395",0.00277969460702429,8,0.813228031051751,0.765141470663397,0.901724610299974,197779,6,19,0.665061002092628,0.949316937295293,0.999999992102175
"R-HSA-72649",0.00309987229709544,9,0.820385817539269,0.765792989941322,0.901724610299974,150079,8,24,0.702008835542219,0.946194889008867,0.999999992102175
"R-HSA-72662",0.00309987229709544,9,0.820385817539269,0.765792989941322,0.901724610299974,150079,8,24,0.702008835542219,0.946194889008867,0.999999992102175
"R-HSA-2565942",0.00528983510125767,16,0.854667689606464,0.767186303859448,0.902572122187586,120642,12,34,0.743303472927055,0.946188376076535,0.999999992102175
"R-HSA-111471",0.00246924716297584,7,0.801037622044825,0.768703799381941,0.903473855990871,159476,5,11,0.957284775739389,0.666210039621283,0.999999992102175
"R-HSA-937041",0.00181850408775525,5,0.776917958081798,0.769301246034018,0.903473855990871,43888,5,10,1.05301325331333,0.55979872383929,0.999999992102175
"R-HSA-1169091",0.00214972692196027,6,0.788655601708087,0.770447559012618,0.90402778378013,118360,7,18,0.819010308132589,0.833039275331617,0.999999992102175
"R-HSA-1614635",0.00182599900698895,5,0.773729053090751,0.77232695937635,0.904723403472701,35025,4,14,0.601721859036188,0.956778867850299,0.999999992102175
"R-HSA-917729",0.00438202944530234,13,0.838276899018943,0.772898824408323,0.904723403472701,82590,5,11,0.957284775739389,0.666210039621283,0.999999992102175
"R-HSA-9856651",0.0194167059382903,63,0.916820748978566,0.773065893265853,0.904723403472701,179580,26,45,1.21681531493985,0.108069665198412,0.829077125036441
"R-HSA-446652",0.00838471078553065,26,0.876202924293295,0.775559792555338,0.906850019218283,101576,22,51,0.908482022466401,0.777100678684653,0.999999992102175
"R-HSA-499943",0.00250422345273309,7,0.789849593299016,0.780742695307413,0.912114395564022,169561,4,12,0.702008835542219,0.899625200917684,0.999999992102175
"R-HSA-5213460",0.00504763086917921,15,0.839697980640143,0.783512896406898,0.913072530205774,207005,7,15,0.982812369759106,0.624122814156274,0.999999992102175
"R-HSA-5675482",0.00504763086917921,15,0.839697980640143,0.783512896406898,0.913072530205774,207005,7,15,0.982812369759106,0.624122814156274,0.999999992102175
"R-HSA-2871837",0.00379374403036258,11,0.819302155573159,0.783607022191522,0.913072530205774,118915,10,25,0.842410602650663,0.828961523645062,0.999999992102175
"R-HSA-9671555",0.00218996280416223,6,0.774165741958902,0.785105914712869,0.913606915010844,304674,4,11,0.765827820591511,0.851091377003714,0.999999992102175
"R-HSA-5685942",0.00443054918560471,13,0.829096778059216,0.785429228427233,0.913606915010844,121888,12,29,0.871459244121375,0.800625538163405,0.999999992102175
"R-HSA-977068",0.00252039669950055,7,0.784781171973068,0.786149481789962,0.913651609365611,76321,5,16,0.65813328332083,0.941788837900601,0.999999992102175
"R-HSA-453274",0.0105773033859152,33,0.881573274878675,0.788636310916795,0.914105915069831,90174,27,71,0.800883319421405,0.95812889086112,0.999999992102175
"R-HSA-69275",0.0105773033859152,33,0.881573274878675,0.788636310916795,0.914105915069831,90174,27,71,0.800883319421405,0.95812889086112,0.999999992102175
"R-HSA-5210891",0.00186952213446884,5,0.755716370816659,0.7892988890441,0.914105915069831,117227,4,10,0.842410602650663,0.783861799773739,0.999999992102175
"R-HSA-9609523",0.00220521562225186,6,0.768811068649783,0.790472978141233,0.914105915069831,146840,5,10,1.05301325331333,0.55979872383929,0.999999992102175
"R-HSA-5688426",0.0219251370649791,71,0.91503028664211,0.790511407956751,0.914105915069831,172220,43,100,0.905591397849462,0.842264317556874,0.999999992102175
"R-HSA-975138",0.0114965486554378,36,0.884819033934019,0.790912604780241,0.914105915069831,93434,26,54,1.01401276244987,0.514409211602218,0.999999992102175
"R-HSA-9607240",0.00477137077602131,14,0.829095020496584,0.792139364067304,0.914105915069831,203109,11,20,1.15831457864466,0.325883955675895,0.866437501201784
"R-HSA-69563",0.00254196102852382,7,0.778123603578511,0.793202269911796,0.914105915069831,141743,6,17,0.743303472927055,0.895441055124303,0.999999992102175
"R-HSA-69580",0.00254196102852382,7,0.778123603578511,0.793202269911796,0.914105915069831,141743,6,17,0.743303472927055,0.895441055124303,0.999999992102175
"R-HSA-9646399",0.00695659994698331,21,0.852985606795813,0.794894208604116,0.914105915069831,166526,13,27,1.01401276244987,0.547774899507674,0.999999992102175
"R-HSA-975155",0.0115237670463391,36,0.88272914872151,0.795161321235695,0.914105915069831,93434,26,55,0.995576166768965,0.565253700601844,0.999999992102175
"R-HSA-2995410",0.00634109614114222,19,0.846659333727959,0.79521449417874,0.914105915069831,97150,12,33,0.765827820591512,0.928368326960627,0.999999992102175
"R-HSA-72702",0.00319888412486693,9,0.794993244347594,0.795694946855652,0.914105915069831,150079,8,24,0.702008835542219,0.946194889008867,0.999999992102175
"R-HSA-168138",0.0124369637845503,39,0.886073350003868,0.796543355570073,0.914105915069831,91673,29,61,1.00122571626513,0.546670640112183,0.999999992102175
"R-HSA-9696273",0.00320374924787828,9,0.79378599008776,0.797088182898464,0.914105915069831,195733,7,20,0.73710927731933,0.911633221108758,0.999999992102175
"R-HSA-76005",0.0106316086779068,33,0.877070278619632,0.797455085609427,0.914105915069831,136423,26,54,1.01401276244987,0.514409211602218,0.999999992102175
"R-HSA-428157",0.0082244247057784,25,0.858922376436598,0.802291138651024,0.916795640579782,93996,21,49,0.902582788554281,0.785916130763794,0.999999992102175
"R-HSA-1660662",0.00322439314822373,9,0.788703843425833,0.802921606693547,0.916795640579782,51352,9,26,0.729009175370766,0.936155937598574,0.999999992102175
"R-HSA-6782135",0.00386698385515503,11,0.803784752715046,0.803025480040752,0.916795640579782,87651,9,26,0.729009175370766,0.936155937598574,0.999999992102175
"R-HSA-382556",0.00322478761765708,9,0.788607365891469,0.803031840920833,0.916795640579782,188298,9,22,0.86155629816545,0.796639714336376,0.999999992102175
"R-HSA-8978934",0.00224269021842036,6,0.755964495328654,0.803222449284078,0.916795640579782,140514,5,14,0.752152323795235,0.875642169381729,0.999999992102175
"R-HSA-8939236",0.00420031052633794,12,0.807270876053438,0.806689384801466,0.919969170752311,130092,9,33,0.574370865443634,0.994721760710039,0.999999992102175
"R-HSA-452723",0.00515321718750657,15,0.822493074451119,0.807727299778356,0.920369542264453,223620,10,17,1.23883912154509,0.243715846734381,0.866437501201784
"R-HSA-9033658",0.00225886346518781,6,0.750551861710549,0.808535251330549,0.920507422925179,23627,4,7,1.20344371807238,0.445055755070281,0.968422279236716
"R-HSA-168256",0.170418816086779,584,0.968310721547584,0.809395920950301,0.920705037413755,124261,398,844,0.99312624364622,0.593295938753964,0.999999992102175
"R-HSA-110312",0.00194039514266119,5,0.728113800926426,0.814800200786664,0.924179783011965,155389,5,11,0.957284775739389,0.666210039621283,0.999999992102175
"R-HSA-5655862",0.00194039514266119,5,0.728113800926426,0.814800200786664,0.924179783011965,155389,5,11,0.957284775739389,0.666210039621283,0.999999992102175
"R-HSA-5656121",0.00194039514266119,5,0.728113800926426,0.814800200786664,0.924179783011965,155389,5,11,0.957284775739389,0.666210039621283,0.999999992102175
"R-HSA-168638",0.00294274197281001,8,0.768169820215997,0.815209330985181,0.924179783011965,66546,8,19,0.886748002790171,0.756798955741975,0.999999992102175
"R-HSA-9609646",0.0128744303861382,40,0.877912849111142,0.815967214110497,0.924257030353394,75057,26,65,0.842410602650663,0.909948427019055,0.999999992102175
"R-HSA-381119",0.0045611185680444,13,0.805362544300775,0.816693536688254,0.924298428346504,65210,11,33,0.702008835542219,0.965853881632982,0.999999992102175
"R-HSA-110313",0.00262782387518356,7,0.752698799318477,0.81954243591497,0.925341635041101,136584,7,16,0.921386596649162,0.70696382914035,0.999999992102175
"R-HSA-8862803",0.00195932967546211,5,0.721077468644471,0.821178106292554,0.925341635041101,101732,4,11,0.765827820591511,0.851091377003714,0.999999992102175
"R-HSA-8863678",0.00195932967546211,5,0.721077468644471,0.821178106292554,0.925341635041101,101732,4,11,0.765827820591511,0.851091377003714,0.999999992102175
"R-HSA-392154",0.00362346472496539,10,0.779821850003358,0.822689947678596,0.925341635041101,211748,9,15,1.26361590397599,0.237965861556451,0.866437501201784
"R-HSA-6791312",0.00394732412974783,11,0.787425242924609,0.822818399204182,0.925341635041101,62546,9,21,0.902582788554281,0.738878767080837,0.999999992102175
"R-HSA-9020702",0.00617186875423397,18,0.824091169137512,0.823466609244544,0.925341635041101,101317,17,40,0.895061265316329,0.785116982977306,0.999999992102175
"R-HSA-6802957",0.015052690597111,47,0.882273348473505,0.82447331059807,0.925341635041101,135778,24,45,1.12321413686755,0.261364364170727,0.866437501201784
"R-HSA-167160",0.00297666634407833,8,0.759415168143565,0.82452083002916,0.925341635041101,191044,3,9,0.702008835542219,0.882929528142353,0.999999992102175
"R-HSA-72086",0.00297666634407833,8,0.759415168143565,0.82452083002916,0.925341635041101,191044,3,9,0.702008835542219,0.882929528142353,0.999999992102175
"R-HSA-77075",0.00297666634407833,8,0.759415168143565,0.82452083002916,0.925341635041101,191044,3,9,0.702008835542219,0.882929528142353,0.999999992102175
"R-HSA-9696264",0.00299573236669037,8,0.754581950420665,0.829591929534702,0.930253711779498,212160,7,19,0.7759045024414,0.877512795092242,0.999999992102175
"R-HSA-162588",0.00494414838782972,14,0.80012156614876,0.830626842780232,0.93063542585745,79903,6,12,1.05301325331333,0.543270874244998,0.999999992102175
"R-HSA-3214842",0.00333405565069574,9,0.762762093724889,0.831815422546232,0.931188526492858,143494,4,19,0.443374001395086,0.995795226542957,0.999999992102175
"R-HSA-8936459",0.00463475286227021,13,0.792567406284194,0.832771570378432,0.931480721458346,139591,6,29,0.435729622060688,0.999310537839369,0.999999992102175
"R-HSA-114608",0.0105677046297037,32,0.855635410490812,0.833752491615114,0.931550127463087,126162,25,52,1.01251274357051,0.520261675437702,0.999999992102175
"R-HSA-416993",0.0019998285372863,5,0.706474808355005,0.834223994743063,0.931550127463087,290414,5,10,1.05301325331333,0.55979872383929,0.999999992102175
"R-HSA-5357956",0.00234669865901431,6,0.722459261070517,0.835447300983793,0.932139369956938,96602,5,13,0.810010194856406,0.823188756477667,0.999999992102175
"R-HSA-73933",0.00371327226595866,10,0.760961427781251,0.843804795369522,0.940680886684825,51958,8,21,0.80229581204825,0.860464765049713,0.999999992102175
"R-HSA-3214858",0.00502659249940041,14,0.78699829990477,0.846995134711208,0.94345260225521,255282,6,24,0.526506626656664,0.993373845826181,0.999999992102175
"R-HSA-6782210",0.00373154934970399,10,0.75723424787845,0.847851851907725,0.943622492987003,88299,8,25,0.67392848212053,0.961887554339947,0.999999992102175
"R-HSA-168643",0.00567680961537652,16,0.796407040346236,0.848825759878653,0.943922421773772,204007,11,25,0.926651662915729,0.707470800731925,0.999999992102175
"R-HSA-8982491",0.0020583415032336,5,0.686391680099097,0.851686735661164,0.946318595179071,166869,4,14,0.601721859036188,0.956778867850299,0.999999992102175
"R-HSA-174490",0.00309737399068421,8,0.729820027866956,0.854713942920157,0.947655479418578,68624,3,7,0.902582788554282,0.730191305125319,0.999999992102175
"R-HSA-174495",0.00309737399068421,8,0.729820027866956,0.854713942920157,0.947655479418578,68624,3,7,0.902582788554282,0.730191305125319,0.999999992102175
"R-HSA-8856825",0.0076133915535153,22,0.816514595347119,0.855011548221687,0.947655479418578,283928,18,37,1.02455343565621,0.507904703306482,0.999999992102175
"R-HSA-373076",0.0323981690306782,104,0.907052259981583,0.855768405512178,0.947710465608528,171311,75,141,1.12022686522694,0.0996559213992456,0.79487461116065
"R-HSA-9635486",0.00476177201980973,13,0.771425855655417,0.857963457029993,0.949356756746648,85660,8,15,1.12321413686755,0.421307744855511,0.968422279236716
"R-HSA-5696397",0.00208648032281275,5,0.677134822300937,0.859524048108719,0.950077347821477,64893,5,13,0.810010194856406,0.823188756477667,0.999999992102175
"R-HSA-5693538",0.00890133425341137,26,0.825349088179664,0.860032703662277,0.950077347821477,101523,20,53,0.794726983632701,0.941836750229832,0.999999992102175
"R-HSA-5656169",0.00245386285507509,6,0.690908285946068,0.864059634352101,0.952666956788273,156748,6,15,0.842410602650663,0.798539145979746,0.999999992102175
"R-HSA-174414",0.0021048888963692,5,0.671212853590159,0.864461167023669,0.952666956788273,91603,5,8,1.31626656664166,0.309654488520081,0.866437501201784
"R-HSA-73929",0.00210659826391373,5,0.670668207993962,0.864912114051876,0.952666956788273,82773,4,18,0.468005890361479,0.993163676138856,0.999999992102175
"R-HSA-381426",0.00862665203798688,25,0.818874156741755,0.865220661500991,0.952666956788273,76405,19,54,0.741009326405676,0.975433167239011,0.999999992102175
"R-HSA-69615",0.00282676795940436,7,0.699724881588044,0.870462875261706,0.957652095936524,141743,6,18,0.702008835542219,0.926641945020646,0.999999992102175
"R-HSA-9754189",0.00581355901893874,16,0.777673561008483,0.871780593273727,0.957834952029113,280068,7,12,1.22851546219888,0.320939415556801,0.866437501201784
"R-HSA-110373",0.00283649820542706,7,0.697324564452984,0.872615249742501,0.957834952029113,44330,6,14,0.902582788554282,0.728772613250357,0.999999992102175
"R-HSA-381070",0.00317955512263266,8,0.710956559961706,0.872773489871304,0.957834952029113,74110,7,20,0.73710927731933,0.911633221108758,0.999999992102175
"R-HSA-70268",0.00353207930623872,9,0.719998348912526,0.875523647115178,0.96006684708211,124846,9,24,0.789759939984996,0.882648852627629,0.999999992102175
"R-HSA-69242",0.012179375244571,36,0.835212387385325,0.88018780396008,0.963362506394558,95253,30,60,1.05301325331333,0.395965504210839,0.968422279236716
"R-HSA-1483255",0.0103126143961357,30,0.822000180566214,0.880199218297848,0.963362506394558,114261,16,39,0.8640108745135,0.833912292787634,0.999999992102175
"R-HSA-5687128",0.0112594725259929,33,0.828162062101954,0.881439235866695,0.963362506394558,111284,16,34,0.991071297236074,0.586429549620953,0.999999992102175
"R-HSA-6802952",0.013122551659717,39,0.839780436779084,0.881739074308141,0.963362506394558,142701,19,34,1.17689716546784,0.208689476619924,0.86309845268734
"R-HSA-1660516",0.00217576190456154,5,0.649348846332946,0.882123727870241,0.963362506394558,207231,4,10,0.842410602650663,0.783861799773739,0.999999992102175
"R-HSA-449147",0.0402352247529043,129,0.905946843232728,0.88382507296205,0.96443452587064,155008,88,199,0.931308203935406,0.842389409100173,0.999999992102175
"R-HSA-977225",0.0068679758142901,19,0.781707504384875,0.884655655452285,0.964555393251474,207699,13,39,0.702008835542219,0.974632304175432,0.999999992102175
"R-HSA-2672351",0.0125484671443779,37,0.833163975417385,0.886246583095811,0.965504407600314,137245,25,49,1.07450331970748,0.361124848683305,0.943289078432025
"R-HSA-175474",0.00326765329608139,8,0.691788683611686,0.890045428684208,0.96885530011116,68624,3,9,0.702008835542219,0.882929528142353,0.999999992102175
"R-HSA-425393",0.0107237830355001,31,0.81683269451275,0.890911229431427,0.969010590453013,133199,19,54,0.741009326405676,0.975433167239011,0.999999992102175
"R-HSA-8986944",0.016635959412777,50,0.849261799434967,0.893380174591218,0.970833552748704,192661,22,36,1.28701619849407,0.0701909818004036,0.746299672433418
"R-HSA-111465",0.00531350326725883,14,0.744503118256856,0.894593275083012,0.970833552748704,116205,8,23,0.732530958826663,0.925012876881788,0.999999992102175
"R-HSA-917977",0.00294550325884348,7,0.671518481513315,0.894760774361679,0.970833552748704,49034,6,13,0.972012233827688,0.64335968549274,0.999999992102175
"R-HSA-68962",0.00295155179015488,7,0.670142357748464,0.895888035863924,0.971270200693899,50388,6,15,0.842410602650663,0.798539145979746,0.999999992102175
"R-HSA-2892247",0.00400570560588401,10,0.705408046236296,0.899144372443116,0.973910642609145,257364,5,8,1.31626656664166,0.309654488520081,0.866437501201784
"R-HSA-187577",0.00225873197537669,5,0.625496295277172,0.900262766829958,0.973910642609145,175398,5,15,0.702008835542219,0.914193681082721,0.999999992102175
"R-HSA-69306",0.00987212352889199,28,0.801432384788277,0.900503944919949,0.973910642609145,94912,22,59,0.785298019420109,0.95667185297296,0.999999992102175
"R-HSA-4085001",0.00263308346762826,6,0.643881669529364,0.902624581668141,0.975416886641379,64405,7,20,0.73710927731933,0.911633221108758,0.999999992102175
"R-HSA-9013420",0.00507353436196936,13,0.724022701482578,0.907236674182366,0.978936677577712,159384,10,25,0.842410602650663,0.828961523645062,0.999999992102175
"R-HSA-9013406",0.0137199098716239,40,0.823812107130112,0.907868185910088,0.978936677577712,171094,22,39,1.18801495245606,0.168941610775434,0.836484166201772
"R-HSA-500792",0.0472457355224458,151,0.903095691142749,0.90873801758673,0.978936677577712,155529,107,205,1.09924310345879,0.0973766866079574,0.787888526826181
"R-HSA-446219",0.00508549993478105,13,0.722319162703105,0.908803900676623,0.978936677577712,88834,13,32,0.855573268317079,0.830231355718586,0.999999992102175
"R-HSA-9694516",0.0305386401218542,95,0.879009054192034,0.909726499333538,0.979143380808788,89097,66,130,1.06921345721046,0.251970570596671,0.866437501201784
"R-HSA-2559582",0.00708624890074518,19,0.757629079808335,0.911177336876579,0.979305430976227,112802,11,36,0.643508099247034,0.987380638112573,0.999999992102175
"R-HSA-9824585",0.0106258231262176,30,0.79777075103176,0.911948184512016,0.979305430976227,196831,12,20,1.26361590397599,0.184594784616989,0.836484166201772
"R-HSA-381038",0.00304517253567056,7,0.649539509667074,0.912069535715173,0.979305430976227,68856,6,19,0.665061002092628,0.949316937295293,0.999999992102175
"R-HSA-176187",0.00269304282149785,6,0.629545941717959,0.91323187195568,0.979768381441642,51396,5,16,0.65813328332083,0.941788837900601,0.999999992102175
"R-HSA-375280",0.00613584054598777,16,0.736826700515773,0.915051840026735,0.98093557250866,243365,11,23,1.00723006838666,0.568259346771005,0.999999992102175
"R-HSA-9637690",0.00448353957948506,11,0.693251973505683,0.918434924805212,0.983166797747834,82454,7,12,1.22851546219888,0.320939415556801,0.866437501201784
"R-HSA-9696270",0.00414547927510193,10,0.681623710487599,0.919187944522082,0.983166797747834,198013,8,22,0.765827820591511,0.896936222600191,0.999999992102175
"R-HSA-9610379",0.00781733225055857,21,0.75906708795565,0.919334326550773,0.983166797747834,74007,11,40,0.579157289322331,0.99703492659303,0.999999992102175
"R-HSA-380108",0.00239311456233879,5,0.590372272542377,0.924503865357922,0.987906841770028,47078,5,17,0.619419560772546,0.961100414057392,0.999999992102175
"R-HSA-390696",0.00277995758664653,6,0.60986332571779,0.926818236361807,0.989590786234917,170016,3,6,1.05301325331333,0.607990355101731,0.999999992102175
"R-HSA-6785807",0.0149279067663605,43,0.813933603734137,0.927689914023638,0.989732870057066,269691,26,55,0.995576166768965,0.565253700601844,0.999999992102175
"R-HSA-69002",0.00731241137586731,19,0.734196690804697,0.933165476432876,0.994459326883212,121402,16,46,0.732530958826663,0.970816217999754,0.999999992102175
"R-HSA-2980736",0.00963110270511359,26,0.762810691005796,0.935347798398745,0.994459326883212,134049,16,33,1.02110376078868,0.522348470801643,0.999999992102175
"R-HSA-76009",0.00463225455585898,11,0.670995651099855,0.935502407821166,0.994459326883212,123972,7,17,0.867187385081565,0.776563684508364,0.999999992102175
"R-HSA-8957275",0.00800417927215656,21,0.741347666668955,0.935791302043948,0.994459326883212,86949,15,48,0.65813328332083,0.992586483311674,0.999999992102175
"R-HSA-73884",0.00498885492360968,12,0.679672672429589,0.936545640275116,0.994459326883212,60348,10,33,0.638189850492926,0.985633418699518,0.999999992102175
"R-HSA-933542",0.00247503271466501,5,0.57083224567132,0.936572888452697,0.994459326883212,74217,4,10,0.842410602650663,0.783861799773739,0.999999992102175
"R-HSA-1280218",0.0694498939666163,223,0.907303765722662,0.939828117882399,0.997125635758048,130515,155,321,1.01692868700041,0.405996474908305,0.968422279236716
"R-HSA-69206",0.00847307193860162,22,0.733670782991567,0.946024325119146,0.999999999981424,86740,19,46,0.869880513606663,0.838751133918499,0.999999992102175
"R-HSA-446193",0.00552007376052444,13,0.665453799021112,0.952442224464568,0.999999999981424,88834,13,36,0.760509571837404,0.938861003085742,0.999999992102175
"R-HSA-162906",0.0257900170831563,76,0.832686262541607,0.955977218856089,0.999999999981424,152930,37,86,0.906081171455655,0.826553174281821,0.999999992102175
"R-HSA-174411",0.00264255073402872,5,0.534645736193027,0.95600776456406,0.999999999981424,73746,5,13,0.810010194856406,0.823188756477667,0.999999992102175
"R-HSA-5651801",0.00266950614530781,5,0.529247136256096,0.958570483131844,0.999999999981424,53486,5,12,0.877511044427774,0.754023729175773,0.999999992102175
"R-HSA-5368286",0.00382267178880843,8,0.591347020378165,0.959418152106783,0.999999999981424,56862,5,24,0.438755522213887,0.998307722272715,0.999999992102175
"R-HSA-9824439",0.00870607188390186,22,0.714035607152793,0.95994914433987,0.999999999981424,125723,16,34,0.991071297236074,0.586429549620953,0.999999992102175
"R-HSA-5419276",0.00383608374954242,8,0.589279515199631,0.960443741817712,0.999999999981424,56862,5,24,0.438755522213887,0.998307722272715,0.999999992102175
"R-HSA-6783783",0.00272999145842187,5,0.517521209915772,0.963830451716248,0.999999999981424,58716,4,17,0.495535648618037,0.988983675081158,0.999999992102175
"R-HSA-73863",0.0035184043658825,7,0.562175256161887,0.96469520556666,0.999999999981424,146729,3,12,0.526506626656664,0.971122308885713,0.999999992102175
"R-HSA-1266695",0.00352326948889384,7,0.561398973852576,0.965041131182085,0.999999999981424,252570,7,19,0.7759045024414,0.877512795092242,0.999999992102175
"R-HSA-69186",0.00319888412486693,6,0.52999549623173,0.969263269821152,0.999999999981424,43643,6,13,0.972012233827688,0.64335968549274,0.999999992102175
"R-HSA-9753281",0.00396915143839334,8,0.569523639317366,0.969422683120829,0.999999999981424,108592,6,11,1.14874173088727,0.432105144900899,0.968422279236716
"R-HSA-5683826",0.00320151392108928,6,0.529560145898042,0.969437021540082,0.999999999981424,140207,4,12,0.702008835542219,0.899625200917684,0.999999992102175
"R-HSA-606279",0.0028322905314713,5,0.498828939659761,0.971347292647459,0.999999999981424,265635,5,20,0.526506626656664,0.989238115706224,0.999999992102175
"R-HSA-774815",0.0028322905314713,5,0.498828939659761,0.971347292647459,0.999999999981424,265635,5,20,0.526506626656664,0.989238115706224,0.999999992102175
"R-HSA-69202",0.00478123251185512,10,0.590989239330689,0.973048962381452,0.999999999981424,119002,10,25,0.842410602650663,0.828961523645062,0.999999992102175
"R-HSA-69656",0.00478123251185512,10,0.590989239330689,0.973048962381452,0.999999999981424,119002,10,25,0.842410602650663,0.828961523645062,0.999999992102175
"R-HSA-180786",0.00515597847354004,11,0.602838564536284,0.973423056512043,0.999999999981424,77838,11,27,0.858010798996045,0.814423623266183,0.999999992102175
"R-HSA-8948751",0.00558397780872756,12,0.607235285389856,0.9762410527048,0.999999999981424,164807,9,19,0.997591503138943,0.592965213668224,0.999999992102175
"R-HSA-5389840",0.00409669655517733,8,0.551792289653165,0.976246803273827,0.999999999981424,56862,5,24,0.438755522213887,0.998307722272715,0.999999992102175
"R-HSA-352230",0.00292656872604256,5,0.482759372793785,0.976964953175943,0.999999999981424,48634,3,17,0.371651736463528,0.997775694322886,0.999999992102175
"R-HSA-174417",0.00411576257778937,8,0.549236145057155,0.977137472256078,0.999999999981424,69132,8,18,0.936011780722959,0.687816327500395,0.999999992102175
"R-HSA-73762",0.00487196048152621,10,0.579983556097985,0.977209171836636,0.999999999981424,109526,5,17,0.619419560772546,0.961100414057392,0.999999992102175
"R-HSA-5250924",0.00450733923529734,9,0.564211197773805,0.977643721161654,0.999999999981424,73636,5,27,0.390004908634566,0.999608538564145,0.999999992102175
"R-HSA-5339562",0.00336311489895271,6,0.504114260168335,0.978531315332718,0.999999999981424,106047,5,14,0.752152323795235,0.875642169381729,0.999999992102175
"R-HSA-6805567",0.00415520952112463,8,0.54402204286048,0.97888356840315,0.999999999981424,41538,9,30,0.631807951987997,0.983684064300051,0.999999992102175
"R-HSA-5368287",0.0042668443707634,8,0.529788615606595,0.983180739432859,0.999999999981424,56862,5,26,0.405005097428203,0.999358346667113,0.999999992102175
"R-HSA-9645723",0.0065263652850068,14,0.60614439716242,0.983620856882292,0.999999999981424,73424,11,39,0.594007476228031,0.995691276676336,0.999999992102175
"R-HSA-9705683",0.0210056288158343,57,0.766758512354179,0.984721592566396,0.999999999981424,75611,40,83,1.01495253331405,0.491411307830452,0.999999992102175
"R-HSA-5250913",0.00512547283736078,10,0.551296837366406,0.985918485909647,0.999999999981424,72700,6,31,0.407618033540643,0.999733905443626,0.999999992102175
"R-HSA-9617828",0.00358875141483037,6,0.472418951098286,0.987083719536463,0.999999999981424,245069,5,12,0.877511044427774,0.754023729175773,0.999999992102175
"R-HSA-3214815",0.00442134489882648,8,0.511275556176476,0.987801361236952,0.999999999981424,125551,6,29,0.435729622060688,0.999310537839369,0.999999992102175
"R-HSA-2172127",0.00753975725928949,16,0.599628209359238,0.989926469224699,0.999999999981424,137106,13,21,1.30373069457841,0.134297723127203,0.836484166201772
"R-HSA-983169",0.0352156012134932,100,0.80238782467861,0.990817207952968,0.999999999981424,153258,72,148,1.02455343565621,0.418901177028783,0.968422279236716
"R-HSA-420029",0.00334260248841838,5,0.422673197760563,0.991518641981481,0.999999999981424,86979,4,13,0.648008155885125,0.933596954002136,0.999999992102175
"R-HSA-157579",0.00635569151017626,12,0.533504238345147,0.994267719096961,0.999999999981424,71438,12,40,0.631807951987997,0.992148926895962,0.999999992102175
"R-HSA-73886",0.00834026722937293,17,0.575954787635345,0.995217860165071,0.999999999981424,128555,17,51,0.702008835542219,0.985844218305519,0.999999992102175
"R-HSA-162909",0.0124990269753977,28,0.632996433903017,0.996478260917514,0.999999999981424,97068,19,48,0.833635492206385,0.89371352441353,0.999999992102175
"R-HSA-5689896",0.00371840036859224,5,0.37995598713785,0.996706646254702,0.999999999981424,75503,5,17,0.619419560772546,0.961100414057392,0.999999992102175
"R-HSA-73864",0.00586484004527457,10,0.481796083683665,0.996864696887597,0.999999999981424,109526,5,31,0.339681694617203,0.999948537413612,0.999999992102175
"R-HSA-73854",0.00586484004527457,10,0.481796083683665,0.996864696887597,0.999999999981424,109526,5,31,0.339681694617203,0.999948537413612,0.999999992102175
"R-HSA-1474165",0.011525870883317,25,0.612894460177926,0.996954783667695,0.999999999981424,150058,18,54,0.702008835542219,0.987742562077464,0.999999992102175
"R-HSA-8852135",0.00971801747026226,20,0.581529509262791,0.996996414855961,0.999999999981424,141378,15,32,0.987199924981245,0.595948713164073,0.999999992102175
"R-HSA-211859",0.0179057565187389,43,0.67857087958475,0.997366720150063,0.999999999981424,128099,29,92,0.663856181436663,0.999384494079444,0.999999992102175
"R-HSA-427413",0.00560751448491759,9,0.453514881782307,0.997747573438448,0.999999999981424,135140,5,33,0.319094925246463,0.999981837068886,0.999999992102175
"R-HSA-73772",0.00487156601209286,7,0.406021363717773,0.998278913082843,0.999999999981424,146729,3,25,0.252723180795199,0.999973249277552,0.999999992102175
"R-HSA-420499",0.00402937377188516,5,0.350632272558128,0.998533185635653,0.999999999981424,133915,4,14,0.601721859036188,0.956778867850299,0.999999992102175
"R-HSA-2132295",0.0137902569205717,30,0.614707249078707,0.998542980817411,0.999999999981424,149616,25,59,0.892384112977397,0.820953811588375,0.999999992102175
"R-HSA-5250941",0.00580737899781622,9,0.437906888748999,0.998561309484087,0.999999999981424,135140,5,35,0.300860929518094,0.99999368655119,0.999999992102175
"R-HSA-164952",0.0083543366391625,15,0.507339556799512,0.99887027600588,0.999999999981424,105232,8,16,1.05301325331333,0.517612937748177,0.999999992102175
"R-HSA-9619665",0.012278913031587,25,0.575306820313722,0.999109149747532,0.999999999981424,152585,10,18,1.1700147259037,0.3257158053252,0.866437501201784
"R-HSA-388841",0.0115958234628315,22,0.536093477402748,0.999590231489395,0.999999999981424,112132,17,36,0.994512517018143,0.577477646871765,0.999999992102175
"R-HSA-264876",0.00465026865998208,5,0.303816528877206,0.999724723576354,0.999999999981424,224294,4,12,0.702008835542219,0.899625200917684,0.999999992102175
"R-HSA-9748784",0.0105128733784676,18,0.483805174316797,0.999835988273451,0.999999999981424,84796,15,38,0.831326252615786,0.876034739717918,0.999999992102175
"R-HSA-9709957",0.0360727832921683,90,0.704988924232,0.999849986252453,0.999999999981424,102972,61,167,0.769267167091174,0.998476894198899,0.999999992102175
"R-HSA-9705671",0.0163832359958092,33,0.569159107986471,0.999870680491352,0.999999999981424,66148,24,55,0.918993384709814,0.760178812385041,0.999999992102175
"R-HSA-8866654",0.00869752504617922,13,0.422344751560265,0.999902120303136,0.999999999981424,159014,9,23,0.824097328679996,0.844292495822195,0.999999992102175
"R-HSA-1280215",0.0809611694808993,228,0.795751583390507,0.999912781339157,0.999999999981424,131134,157,334,0.989958567486183,0.592158348875817,0.999999992102175
"R-HSA-202403",0.0136921655214781,25,0.515925870311015,0.999928402091668,0.999999999981424,150729,18,47,0.8065633429634,0.921595176511123,0.999999992102175
"R-HSA-156580",0.0111576994121879,17,0.43052036656126,0.999982084702332,0.999999999981424,95896,15,43,0.734660409288369,0.966074409897577,0.999999992102175
"R-HSA-1500620",0.00622078296396969,6,0.272537104889569,0.999985527717291,0.999999999981424,147528,6,34,0.371651736463528,0.999938712607201,0.999999992102175
"R-HSA-909733",0.0142364018496935,24,0.476354684855473,0.999988403109772,0.999999999981424,118024,17,32,1.11882658164541,0.321179921141208,0.866437501201784
"R-HSA-913531",0.0381942399047383,90,0.6658310978469,0.999989102248413,0.999999999981424,97731,61,121,1.06171584218369,0.287982005241577,0.866437501201784
"R-HSA-202433",0.00943820715220419,12,0.359261913159156,0.99999386869521,0.999999999981424,111741,8,19,0.886748002790171,0.756798955741975,0.999999992102175
"R-HSA-9749641",0.00764613251648356,7,0.25868762690249,0.999998850080923,0.999999999981424,44572,5,18,0.585007362951849,0.974353671379218,0.999999992102175
"R-HSA-164938",0.006788424478564,5,0.208123178962002,0.999999425797027,0.999999999981424,62363,4,10,0.842410602650663,0.783861799773739,0.999999992102175
"R-HSA-6803157",0.00958836851650039,10,0.29469632507155,0.999999630086214,0.999999999981424,83772,6,26,0.486006116913844,0.997258689889082,0.999999992102175
"R-HSA-381753",0.0152091634723409,22,0.408730258889179,0.999999745696115,0.999999999981424,39848,14,76,0.3879522512207,0.999999974283418,0.999999992102175
"R-HSA-198933",0.0166903961945797,25,0.423245939206954,0.99999983859465,0.999999999981424,39969,24,54,0.936011780722959,0.720095052783071,0.999999992102175
"R-HSA-202424",0.0111003698545407,12,0.305466250469688,0.999999908495161,0.999999999981424,162918,12,34,0.743303472927055,0.946188376076535,0.999999992102175
"R-HSA-1461973",0.00775237628386652,5,0.182244570037506,0.999999969143917,0.999999999981424,97830,4,13,0.648008155885125,0.933596954002136,0.999999992102175
"R-HSA-1236975",0.0135200453587252,15,0.31349639260872,0.999999992563843,0.999999999981424,222713,12,30,0.842410602650663,0.842615647637943,0.999999992102175
"R-HSA-202427",0.00854815262074972,5,0.165278808802819,0.999999997363289,0.999999999981424,119965,4,12,0.702008835542219,0.899625200917684,0.999999992102175
"R-HSA-1236974",0.0128433987907145,12,0.26401020583,0.999999999139903,0.999999999981424,264858,10,23,0.915663698533329,0.722513165358436,0.999999992102175
"R-HSA-9752946",0.0134206390615204,13,0.273709324718371,0.999999999281766,0.999999999981424,31893,12,72,0.351004417771109,0.999999992102175,0.999999992102175
"R-HSA-877300",0.0259074374844842,37,0.40354939687361,0.999999999981424,0.999999999981424,120672,24,51,0.991071297236074,0.578816646943229,0.999999992102175
