"id","description","genome_fraction","observed_region_hits","fold_enrichment","p_value","p_adjust","mean_tss_dist","observed_gene_hits","gene_set_size","fold_enrichment_hyper","p_value_hyper","p_adjust_hyper"
"GO:0010614","negative regulation of cardiac muscle hypertrophy",0.00687729229787913,26,2.91036000679904,2.31542497031167e-06,0.00443920428741129,194008,9,16,2.57991803278689,0.0027684915307018,0.276843425472368
"GO:0014741","negative regulation of muscle hypertrophy",0.00698426619890501,26,2.86578373286409,3.03750977370676e-06,0.00443920428741129,194008,9,17,2.4281581485053,0.00475460479307521,0.304456282397999
"GO:0014823","response to activity",0.00709615691277308,26,2.82059665602754,4.00871204098152e-06,0.00443920428741129,109756,10,34,1.34897674916961,0.189649989205936,0.597284770758932
"GO:0009395","phospholipid catabolic process",0.0046289799606655,20,3.3261018507972,4.97114395348053e-06,0.00443920428741129,53950,13,27,2.20832490049248,0.00215904057081051,0.272430394640544
"GO:0014850","response to muscle activity",0.00428772657205124,19,3.41127999371277,5.98275510432789e-06,0.00443920428741129,96569,6,17,1.61877209900354,0.145940198948401,0.575998019253794
"GO:0003180","aortic valve morphogenesis",0.00395444639345134,18,3.50410943892744,7.2947792834066e-06,0.00451060519023975,88218,6,18,1.52884031572556,0.180687224901036,0.593229738391896
"GO:0044237","cellular metabolic process",0.692490565034816,970,1.07832263745627,9.41350512762007e-06,0.00498915771763864,132460,851,3713,1.0512063899939,0.0112265005713151,0.347715106383732
"GO:0055022","negative regulation of cardiac muscle tissue growth",0.00477874342210174,19,3.06077028661985,2.60515833726549e-05,0.0107390415902833,188065,6,12,2.29326047358834,0.0290827013607793,0.408700083517012
"GO:0061117","negative regulation of heart growth",0.00477874342210174,19,3.06077028661985,2.60515833726549e-05,0.0107390415902833,188065,6,12,2.29326047358834,0.0290827013607793,0.408700083517012
"GO:0010611","regulation of cardiac muscle hypertrophy",0.0100865093286557,30,2.289661117558,3.9015517903418e-05,0.0144747571421681,168534,13,33,1.80681128222112,0.0166462728742149,0.386281270938799
"GO:0046475","glycerophospholipid catabolic process",0.00336456173922288,15,3.43204999814378,5.13970670210639e-05,0.0172596123327762,53812,8,18,2.03845375430075,0.0267098777763669,0.405821798307366
"GO:0014743","regulation of muscle hypertrophy",0.0103017859990432,30,2.24181401398301,5.66006025921606e-05,0.0172596123327762,168534,13,35,1.70356492323705,0.0278215143460636,0.405821798307366
"GO:0046434","organophosphate catabolic process",0.0240721841279966,55,1.75888741605947,6.23361741040052e-05,0.0172596123327762,137396,30,101,1.36233295460694,0.0381985035290326,0.442114843387871
"GO:0003176","aortic valve development",0.00468917769627385,18,2.95506245029622,6.51306125765139e-05,0.0172596123327762,88218,6,21,1.3104345563362,0.299941317186444,0.668216294192446
"GO:0032963","collagen metabolic process",0.00798158188486685,25,2.41124802021772,7.56004923876397e-05,0.0174652439959346,98764,13,42,1.41963743603088,0.107878729569439,0.53758873962322
"GO:0003184","pulmonary valve morphogenesis",0.00270411417636741,13,3.70091555928721,7.62008374779466e-05,0.0174652439959346,79018,3,9,1.52884031572556,0.310336636193712,0.668216294192446
"GO:0097194","execution phase of apoptosis",0.00752764046138309,24,2.45438802133924,8.00294199274632e-05,0.0174652439959346,92017,13,37,1.61148033279181,0.0436622480451816,0.442114843387871
"GO:1905314","semi-lunar valve development",0.00481847658533992,18,2.87576637296202,9.10838502390376e-05,0.018474380092738,88218,6,22,1.25086934923,0.342715901316634,0.702085032515025
"GO:0046621","negative regulation of organ growth",0.00527760059533301,19,2.7714556282799,9.46127282377418e-05,0.018474380092738,188065,6,15,1.83460837887067,0.0870320823186246,0.503981106904705
"GO:0042060","wound healing",0.0398559506724074,80,1.54521054494698,0.000118816709153258,0.0220404995479293,122877,44,172,1.1732960562545,0.131977998145838,0.554477376521119
"GO:0034654","nucleobase-containing compound biosynthetic process",0.435420852601924,630,1.11383836983867,0.000182762540039016,0.0322880487402262,138495,459,1889,1.11445903375018,0.00144808537229357,0.272430394640544
"GO:0006984","ER-nucleus signaling pathway",0.00518085898049221,18,2.67461688982488,0.000218184520865305,0.0342209469795748,132785,8,17,2.15836279867138,0.0182569704828992,0.386281270938799
"GO:1905953","negative regulation of lipid localization",0.00428706213788338,16,2.87310205810532,0.00022036041094875,0.0342209469795748,141442,8,20,1.83460837887067,0.0509434016520354,0.463160125076864
"GO:1905952","regulation of lipid localization",0.0161086748524956,39,1.86378426302213,0.000231131769805271,0.0342209469795748,162984,25,67,1.71138841312563,0.00267895676607743,0.276843425472368
"GO:0061052","negative regulation of cell growth involved in cardiac muscle cell development",0.0034602402593951,14,3.11467423132489,0.000240770238343124,0.0342209469795748,156006,3,6,2.29326047358834,0.122181350558484,0.547048978101158
"GO:0046470","phosphatidylcholine metabolic process",0.00569871897092436,19,2.56665330372951,0.000246086911108057,0.0342209469795748,51350,13,31,1.92337975204184,0.00925161092605575,0.347715106383732
"GO:0045598","regulation of fat cell differentiation",0.014529049061819,36,1.90746316211979,0.000258789851122709,0.0342209469795748,180709,25,68,1.68622093646202,0.00337636725290791,0.291755094426912
"GO:0044857","plasma membrane raft organization",0.0012359804390581,8,4.98275161254359,0.000262814719923732,0.0342209469795748,83635,3,6,2.29326047358834,0.122181350558484,0.547048978101158
"GO:0006139","nucleobase-containing compound metabolic process",0.480462844841333,687,1.10074767686102,0.000267495272886165,0.0342209469795748,143238,531,2228,1.09310710186302,0.00327541486507221,0.291755094426912
"GO:0006099","tricarboxylic acid cycle",0.000692473289746452,6,6.67020333164478,0.000339713575033151,0.0417178577645579,108189,2,6,1.52884031572556,0.388893045673,0.717450621306231
"GO:0042574","retinal metabolic process",0.00129019826715569,8,4.77336211229456,0.000348585873504392,0.0417178577645579,19170,3,6,2.29326047358834,0.122181350558484,0.547048978101158
"GO:1905064","negative regulation of vascular associated smooth muscle cell differentiation",0.00200247169510445,10,3.84436365620379,0.000369899994098422,0.0428852805657857,82163,1,5,0.917304189435337,0.707726406600702,0.857780126915584
"GO:0022011","myelination in peripheral nervous system",0.0055069632700792,18,2.51623485638867,0.00044425198953757,0.0476814137986617,113155,7,16,2.0066029143898,0.0411083199344292,0.442114843387871
"GO:0032292","peripheral nervous system axon ensheathment",0.0055069632700792,18,2.51623485638867,0.00044425198953757,0.0476814137986617,113155,7,16,2.0066029143898,0.0411083199344292,0.442114843387871
"GO:0006361","transcription initiation at RNA polymerase I promoter",0.00169882528039122,9,4.07835140345755,0.000472308342693406,0.0476814137986617,79931,5,8,2.86657559198543,0.0151342620571364,0.386281270938799
"GO:0042180","cellular ketone metabolic process",0.0173134268856642,40,1.77855706049982,0.000479361183529647,0.0476814137986617,142480,19,84,1.03742735709949,0.470601652823628,0.754978406316201
"GO:0010469","regulation of signaling receptor activity",0.0085555201190666,24,2.15951225878046,0.000501201281954966,0.0476814137986617,143228,14,39,1.64644341693522,0.0309044709265915,0.419362978000806
"GO:0050832","defense response to fungus",0.002879259023016,12,3.20842106070992,0.000503876267531456,0.0476814137986617,55919,7,15,2.14037644201579,0.0283309557308916,0.405821798307366
"GO:0006103","2-oxoglutarate metabolic process",0.000747887099346197,6,6.17598250909753,0.000507575903303525,0.0476814137986617,115804,2,7,1.3104345563362,0.47232702215742,0.754978406316201
"GO:0003179","heart valve morphogenesis",0.0080567958326689,23,2.19763886343615,0.000514085323974789,0.0476814137986617,116114,9,30,1.37595628415301,0.189648796210348,0.597284770758932
"GO:0030262","apoptotic nuclear changes",0.00291221495774199,12,3.17211312445365,0.000555938418294599,0.0503056471188528,116135,4,14,1.3104345563362,0.364900064093148,0.710658612643248
"GO:0019217","regulation of fatty acid metabolic process",0.00660793068622761,20,2.32999702108896,0.000573336656082057,0.0506447379539151,142859,6,26,1.05842791088693,0.513803584254512,0.777727987590469
"GO:0090110","COPII-coated vesicle cargo loading",0.00294238026896295,12,3.13959258975711,0.000607481576967439,0.0524129453616093,114383,4,7,2.62086911267239,0.0446790120205265,0.442114843387871
"GO:0043923","positive regulation by host of viral transcription",0.00297719661935895,12,3.10287712562051,0.000671896525686777,0.0532918001306809,155339,3,11,1.25086934923,0.442336217723005,0.741424756334832
"GO:0009058","biosynthetic process",0.606182427045128,844,1.07183998245857,0.000676227831749587,0.0532918001306809,131594,701,3041,1.0572677356037,0.0167675777159277,0.386281270938799
"GO:0051052","regulation of DNA metabolic process",0.0390833466220167,75,1.47727166541434,0.000677528749837064,0.0532918001306809,143186,46,194,1.08752558541303,0.282766758274784,0.668216294192446
"GO:0010883","regulation of lipid storage",0.00477249774092383,16,2.58086388306888,0.000690960716759559,0.0532918001306809,145355,10,25,1.83460837887067,0.0304882190490516,0.419362978000806
"GO:0003177","pulmonary valve development",0.0034225003986605,13,2.92408971911999,0.000703602862077934,0.0532918001306809,79018,3,11,1.25086934923,0.442336217723005,0.741424756334832
"GO:1900222","negative regulation of amyloid-beta clearance",0.00144554297560198,8,4.2603946266104,0.000726983058805475,0.0532918001306809,106180,2,5,1.83460837887067,0.299989147301495,0.668216294192446
"GO:0044238","primary metabolic process",0.715517727103599,981,1.05545436016925,0.000732372127538516,0.0532918001306809,132710,891,3959,1.03222787671999,0.063676078698138,0.479523898061771
"GO:0050994","regulation of lipid catabolic process",0.00433503428480306,15,2.66372613276324,0.000732582697214212,0.0532918001306809,152595,7,22,1.45934757410167,0.185875759505939,0.597284770758932
"GO:0055021","regulation of cardiac muscle tissue growth",0.00990206240365704,26,2.02133612604,0.000780279046183718,0.0556699088719537,218549,11,29,1.73971484203254,0.0355415872608456,0.442114843387871
"GO:0008152","metabolic process",0.766133657577207,1043,1.04802252091873,0.000803889472254404,0.0562722630578083,133912,996,4407,1.03657246729929,0.0249583498441442,0.405821798307366
"GO:0060420","regulation of heart growth",0.0104851698293733,27,1.98234456263265,0.000829797517261865,0.0566625191193124,232241,12,35,1.57252146760343,0.0613305236920596,0.479523898061771
"GO:0044248","cellular catabolic process",0.101072928294265,167,1.27195712314335,0.000854045969849393,0.0566625191193124,129542,113,471,1.10037551386617,0.129676090984036,0.554477376521119
"GO:0001523","retinoid metabolic process",0.00440360389092649,15,2.62224859385003,0.000855283307461319,0.0566625191193124,64537,9,23,1.79472558802566,0.0452686535933275,0.442114843387871
"GO:1901264","carbohydrate derivative transport",0.00490192951682347,16,2.51271810606527,0.000910191602625732,0.0592422955393239,69316,10,32,1.43328779599271,0.140275215998898,0.571102770811118
"GO:0010458","exit from mitosis",0.00353332801785999,13,2.83237168437833,0.000935822965756117,0.0598604000509516,198251,4,12,1.52884031572556,0.255224673077277,0.640269346339134
"GO:0044249","cellular biosynthetic process",0.583223435921969,813,1.07311540013637,0.000953227899790687,0.0599402628512449,128886,671,2894,1.06342624587269,0.0118980451849267,0.347715106383732
"GO:0044242","cellular lipid catabolic process",0.0227919523733588,48,1.62125212221514,0.00100362375940533,0.0620574024565626,112469,29,97,1.37122791204251,0.0378832853723108,0.442114843387871
"GO:0070341","fat cell proliferation",0.0019349651836496,9,3.58063624351359,0.00116595994741453,0.0709133017198017,102587,4,8,2.29326047358834,0.0742237619839166,0.479523898061771
"GO:0016070","RNA metabolic process",0.4198519640674,600,1.10013481885256,0.00121701920686412,0.0717704752768517,137274,442,1816,1.11632282965424,0.00160220866896488,0.272430394640544
"GO:0050731","positive regulation of peptidyl-tyrosine phosphorylation",0.00914274703662361,24,2.02080955574488,0.0012187439197956,0.0717704752768517,132637,15,50,1.37595628415301,0.110516090002275,0.53758873962322
"GO:0001188","RNA polymerase I preinitiation complex assembly",0.00157949290384309,8,3.89908907523708,0.0012712939517372,0.0728766813473694,74125,4,7,2.62086911267239,0.0446790120205265,0.442114843387871
"GO:0032691","negative regulation of interleukin-1 beta production",0.000603173337585712,5,6.38144039825235,0.00128210755837566,0.0728766813473694,92322,4,7,2.62086911267239,0.0446790120205265,0.442114843387871
"GO:0009141","nucleoside triphosphate metabolic process",0.0273895710413012,55,1.54585340807106,0.0012964584821904,0.0728766813473694,205802,25,101,1.13527746217245,0.269155393387913,0.654269973962549
"GO:0006090","pyruvate metabolic process",0.0142127783979163,33,1.78741667059301,0.00131924542222295,0.0729224750552655,174106,16,52,1.4112372145159,0.0839557882890726,0.503981106904705
"GO:0034638","phosphatidylcholine catabolic process",0.00159225003986605,8,3.86784950327724,0.0013365844484523,0.0729224750552655,56681,5,8,2.86657559198543,0.0151342620571364,0.386281270938799
"GO:0061050","regulation of cell growth involved in cardiac muscle cell development",0.00416560357199809,14,2.58726520271378,0.00141535751711352,0.074896173553974,156006,3,9,1.52884031572556,0.310336636193712,0.668216294192446
"GO:0072522","purine-containing compound biosynthetic process",0.0219822728964014,46,1.61092783444992,0.00142845681087345,0.074896173553974,159566,24,100,1.1007650273224,0.332885523926031,0.692655801326738
"GO:0006793","phosphorus metabolic process",0.21744272577473,328,1.16123417629957,0.0014333229979332,0.074896173553974,131372,234,1007,1.06578540381266,0.126840914471893,0.554477376521119
"GO:0009620","response to fungus",0.00326968054005209,12,2.82531433133111,0.00147443590410101,0.0759744056140938,55919,7,19,1.68977087527562,0.0991451397136218,0.521003496228806
"GO:1900221","regulation of amyloid-beta clearance",0.00162547174825918,8,3.7887976412907,0.00151917332348472,0.0772073017825798,106180,2,6,1.52884031572556,0.388893045673,0.717450621306231
"GO:0045444","fat cell differentiation",0.0295088502631159,58,1.51309624617195,0.00156517371716158,0.0784701958198578,188288,38,122,1.42858849174356,0.00989600916234412,0.347715106383732
"GO:0032369","negative regulation of lipid transport",0.0020263913251475,9,3.4190861264215,0.00159308750027565,0.0788047283469687,185092,4,8,2.29326047358834,0.0742237619839166,0.479523898061771
"GO:0051151","negative regulation of smooth muscle cell differentiation",0.00287128581300165,11,2.94921958295313,0.00164145275704519,0.0790879929330876,85771,2,9,1.01922687715037,0.616482123379327,0.814840345306899
"GO:0046034","ATP metabolic process",0.0258442300536863,52,1.54892573059723,0.00166094868579281,0.0790879929330876,211466,22,89,1.1337467509875,0.288565984163291,0.668216294192446
"GO:1901490","regulation of lymphangiogenesis",0.00064038165098602,5,6.01065739109098,0.00166276642824281,0.0790879929330876,245259,3,6,2.29326047358834,0.122181350558484,0.547048978101158
"GO:0006796","phosphate-containing compound metabolic process",0.217280603837772,327,1.15855763087155,0.00168860227677969,0.0793001828715527,131734,233,1006,1.06228566669202,0.140389683822032,0.571102770811118
"GO:0014044","Schwann cell development",0.00623624621272524,18,2.22197977122041,0.0017557593989217,0.0814233421249937,113155,7,21,1.52884031572556,0.154106991659078,0.587040640423195
"GO:0030879","mammary gland development",0.0145196140966353,33,1.74964409348641,0.00184156978683903,0.0837385122080477,161307,20,68,1.34897674916961,0.0870683977601906,0.503981106904705
"GO:0000963","mitochondrial RNA processing",0.00168075267102535,8,3.66418190609329,0.00186628343024964,0.0837385122080477,210365,5,10,2.29326047358834,0.0461181790811607,0.442114843387871
"GO:0046620","regulation of organ growth",0.0128085632275554,30,1.80306626211008,0.00187339528659514,0.0837385122080477,218616,14,48,1.33773527625987,0.144113158760053,0.573054468381347
"GO:0023035","CD40 signaling pathway",0.00097658533992452,6,4.7296815296232,0.00196330719417659,0.0851397984023969,163180,4,9,2.03845375430075,0.1112028574589,0.53758873962322
"GO:0034367","protein-containing complex remodeling",0.00209921330994525,9,3.3004775806673,0.00201617091626427,0.0851397984023969,148502,7,12,2.67547055251973,0.00645475617872848,0.343375384974478
"GO:0014037","Schwann cell differentiation",0.00736578429809175,20,2.09026740281567,0.00204077908318567,0.0851397984023969,109673,8,26,1.4112372145159,0.188566406459334,0.597284770758932
"GO:0046503","glycerolipid catabolic process",0.00736605007175889,20,2.09019198410041,0.00204160784969365,0.0851397984023969,58113,13,32,1.86327413479053,0.0125345775652212,0.35771755974593
"GO:0030853","negative regulation of granulocyte differentiation",0.00133325360123319,7,4.04181213542653,0.00205961537706645,0.0851397984023969,29109,2,5,1.83460837887067,0.299989147301495,0.668216294192446
"GO:0060982","coronary artery morphogenesis",0.000987216286610323,6,4.67874943615573,0.00207113490202182,0.0851397984023969,136616,4,5,3.66921675774135,0.00930528180184775,0.347715106383732
"GO:0090304","nucleic acid metabolic process",0.449643065965024,636,1.08888010815742,0.00210362556117505,0.0851397984023969,142648,489,2023,1.10865484091419,0.00151826029607638,0.272430394640544
"GO:0009199","ribonucleoside triphosphate metabolic process",0.0267922447243927,53,1.52285171616121,0.00213609415551685,0.0851397984023969,207667,23,97,1.08752558541303,0.361562316131137,0.710658612643248
"GO:1900115","extracellular regulation of signal transduction",0.00254770637325254,10,3.0216313339941,0.00220495835106815,0.0851397984023969,66160,4,11,1.66782579897334,0.203078312779333,0.616159221484306
"GO:1900116","extracellular negative regulation of signal transduction",0.00254770637325254,10,3.0216313339941,0.00220495835106815,0.0851397984023969,66160,4,11,1.66782579897334,0.203078312779333,0.616159221484306
"GO:1905954","positive regulation of lipid localization",0.00850834529314836,22,1.99052860602147,0.00227551921812652,0.0851397984023969,160303,15,42,1.63804319542024,0.0272221007168461,0.405821798307366
"GO:0043501","skeletal muscle adaptation",0.00391803540105246,13,2.55426437104651,0.00229389130396973,0.0851397984023969,75079,4,12,1.52884031572556,0.255224673077277,0.640269346339134
"GO:0006991","response to sterol depletion",0.00300138202306915,11,2.82138437655487,0.0023020143336242,0.0851397984023969,161857,4,7,2.62086911267239,0.0446790120205265,0.442114843387871
"GO:0032933","SREBP signaling pathway",0.00300138202306915,11,2.82138437655487,0.0023020143336242,0.0851397984023969,161857,4,7,2.62086911267239,0.0446790120205265,0.442114843387871
"GO:0071501","cellular response to sterol depletion",0.00300138202306915,11,2.82138437655487,0.0023020143336242,0.0851397984023969,161857,4,7,2.62086911267239,0.0446790120205265,0.442114843387871
"GO:0070897","transcription preinitiation complex assembly",0.00488638175729549,15,2.36316863569123,0.00231234427784788,0.0851397984023969,100514,10,29,1.58155894730231,0.0808682839119204,0.493456140317803
"GO:0006753","nucleoside phosphate metabolic process",0.0528734120023388,93,1.35405548414638,0.00233291085066756,0.0851397984023969,158520,54,239,1.03628506756293,0.407235132551595,0.72741566767762
"GO:0097720","calcineurin-mediated signaling",0.00590668686546537,17,2.21562278319128,0.00238555154208342,0.0851397984023969,103141,6,15,1.83460837887067,0.0870320823186246,0.503981106904705
"GO:0006921","cellular component disassembly involved in execution phase of apoptosis",0.00347007388507947,12,2.66215521473603,0.00238865292060431,0.0851397984023969,116135,4,15,1.22307225258045,0.419938859200025,0.731786363378155
"GO:0006638","neutral lipid metabolic process",0.0136403019188859,31,1.74955886639068,0.00248378429088147,0.0851397984023969,88439,21,57,1.68977087527562,0.00672746287049009,0.343375384974478
"GO:0006639","acylglycerol metabolic process",0.0136403019188859,31,1.74955886639068,0.00248378429088147,0.0851397984023969,88439,21,57,1.68977087527562,0.00672746287049009,0.343375384974478
"GO:0009144","purine nucleoside triphosphate metabolic process",0.0263674055174613,52,1.51819233375537,0.00248513317977195,0.0851397984023969,211466,22,95,1.06214169303039,0.413423972701493,0.730438882885953
"GO:0009205","purine ribonucleoside triphosphate metabolic process",0.0263674055174613,52,1.51819233375537,0.00248513317977195,0.0851397984023969,211466,22,95,1.06214169303039,0.413423972701493,0.730438882885953
"GO:0001946","lymphangiogenesis",0.00138162440865359,7,3.90030789215489,0.00250618792026147,0.0851397984023969,342519,5,11,2.08478224871667,0.0697427210073327,0.479523898061771
"GO:1903830","magnesium ion transmembrane transport",0.00138282039015574,7,3.89693457185608,0.00251809973347483,0.0851397984023969,103744,5,10,2.29326047358834,0.0461181790811607,0.442114843387871
"GO:0036315","cellular response to sterol",0.00543148354861,16,2.26773531418139,0.00252072120499447,0.0851397984023969,124570,4,15,1.22307225258045,0.419938859200025,0.731786363378155
"GO:1901293","nucleoside phosphate biosynthetic process",0.0270154946047946,53,1.51026721721066,0.00252436059953198,0.0851397984023969,152659,31,119,1.19480797783594,0.15407824374261,0.587040640423195
"GO:0140467","integrated stress response signaling",0.00352123531600489,12,2.62347570089825,0.00268419947958765,0.0897151357591907,93188,7,17,1.88856744883746,0.0571042645505002,0.47608274490417
"GO:0050996","positive regulation of lipid catabolic process",0.00307300802636475,11,2.7556232444916,0.00274876277583469,0.0905120587700471,179478,4,9,2.03845375430075,0.1112028574589,0.53758873962322
"GO:0090114","COPII-coated vesicle budding",0.00498033274863127,15,2.31858887622078,0.00275683629137879,0.0905120587700471,150078,6,16,1.71994535519126,0.114586339749142,0.543625729500403
"GO:2000191","regulation of fatty acid transport",0.00450247169510445,14,2.3936899329871,0.0028389483491269,0.0923903366250948,145379,5,13,1.76404651814488,0.132865333619212,0.554477376521119
"GO:0032368","regulation of lipid transport",0.0137778397916334,31,1.7320938204641,0.00287176054013893,0.0926454922079604,175317,19,53,1.6442244904973,0.0133418517732471,0.372167444201103
"GO:0032774","RNA biosynthetic process",0.409989767713815,582,1.09280032523616,0.00297986547799978,0.0953043183049929,136670,424,1741,1.11699303940432,0.0019757636886728,0.272430394640544
"GO:0015850","organic hydroxy compound transport",0.0298022643916441,57,1.47236824170817,0.00303419453893472,0.0954631768568226,135358,34,105,1.48515916384769,0.00753608539109929,0.347715106383732
"GO:0031667","response to nutrient levels",0.0460569818742359,82,1.37059526201065,0.00303629511296633,0.0954631768568226,144440,53,228,1.06616495701914,0.320773208509519,0.679035162746424
"GO:0033173","calcineurin-NFAT signaling cascade",0.00555241056716101,16,2.21834587024713,0.00311127142816758,0.0969984621722835,109218,5,14,1.63804319542024,0.171372945805701,0.593229738391896
"GO:0044281","small molecule metabolic process",0.150577393291873,232,1.18609386404833,0.00317648517375524,0.0976045723402156,135280,146,705,0.9498327067912,0.783409217087345,0.888514060872553
"GO:0006891","intra-Golgi vesicle-mediated transport",0.00556583213735183,16,2.21299650216158,0.00318332971783453,0.0976045723402156,83301,5,18,1.27403359643797,0.353413118456461,0.706445403811136
"GO:1902510","regulation of apoptotic DNA fragmentation",0.00108329346728326,6,4.26379165372926,0.00325956352831258,0.0983169161791844,119515,2,7,1.3104345563362,0.47232702215742,0.754978406316201
"GO:1903624","regulation of DNA catabolic process",0.00108329346728326,6,4.26379165372926,0.00325956352831258,0.0983169161791844,119515,2,7,1.3104345563362,0.47232702215742,0.754978406316201
"GO:0141187","nucleic acid biosynthetic process",0.415840509222346,589,1.09038369766852,0.00334969186153922,0.10022061940573,136874,431,1777,1.11243136085152,0.00249666668942816,0.272430394640544
"GO:0033604","negative regulation of catecholamine secretion",0.00316004890235475,11,2.67972193140742,0.00338303746124136,0.100408551849643,75545,5,6,3.8221007893139,0.00240888455805743,0.272430394640544
"GO:0048738","cardiac muscle tissue development",0.042323127624515,76,1.3823775977536,0.00344689945174936,0.10149203941262,223102,35,118,1.36040875551851,0.0273213226844997,0.405821798307366
"GO:0001765","membrane raft assembly",0.0011092063998299,6,4.16418228839115,0.00365281130420381,0.104996763690855,106975,2,6,1.52884031572556,0.388893045673,0.717450621306231
"GO:0006744","ubiquinone biosynthetic process",0.000771009408387817,5,4.99230575106298,0.00366573953523996,0.104996763690855,39058,4,10,1.83460837887067,0.15459264304406,0.587040640423195
"GO:1901663","quinone biosynthetic process",0.000771009408387817,5,4.99230575106298,0.00366573953523996,0.104996763690855,39058,4,10,1.83460837887067,0.15459264304406,0.587040640423195
"GO:0060348","bone development",0.0281741349067134,54,1.47548235062829,0.00368385571901308,0.104996763690855,122461,30,111,1.2396002559937,0.111575021431234,0.53758873962322
"GO:0016192","vesicle-mediated transport",0.147494684526657,227,1.18478715422915,0.0037202418425224,0.104996763690855,115283,171,679,1.15507375842005,0.0153230825203545,0.386281270938799
"GO:0010565","regulation of cellular ketone metabolic process",0.0122824642534418,28,1.75494443911951,0.00373860696946982,0.104996763690855,154207,10,46,0.997069771125366,0.562182204027652,0.794225930685381
"GO:0043500","muscle adaptation",0.0170243980226439,36,1.62787699331214,0.00376403492476651,0.104996763690855,148569,18,55,1.50104321907601,0.039941376669244,0.442114843387871
"GO:0045599","negative regulation of fat cell differentiation",0.00783832987827566,20,1.9642524687746,0.00404134342737317,0.111890926235481,201214,10,28,1.63804319542024,0.0652383885149981,0.479523898061771
"GO:0002230","positive regulation of defense response to virus by host",0.00113604954021156,6,4.06578892983986,0.00409620028379765,0.112569652243624,100652,5,11,2.08478224871667,0.0697427210073327,0.479523898061771
"GO:0043502","regulation of muscle adaptation",0.0159638282039016,34,1.63958040955406,0.00429026482320283,0.116054700627011,168100,17,46,1.69501861091312,0.0135590543142676,0.375403667954723
"GO:0016032","viral process",0.0374613299314304,68,1.3973865867823,0.00431966185044308,0.116054700627011,137711,41,161,1.167996017604,0.149074232269464,0.585009351115636
"GO:0002381","immunoglobulin production involved in immunoglobulin-mediated immune response",0.00423311008345293,13,2.36414787995402,0.00435366955256011,0.116054700627011,94553,9,25,1.65114754098361,0.0748367485115271,0.479523898061771
"GO:0048640","negative regulation of developmental growth",0.014808510072822,32,1.6635254986501,0.00446119434196368,0.116054700627011,164253,17,49,1.59124196126538,0.0260041772659867,0.405821798307366
"GO:1905063","regulation of vascular associated smooth muscle cell differentiation",0.00281985860840908,10,2.73000546349363,0.00446628683014194,0.116054700627011,82163,1,10,0.458652094717668,0.914655043161964,0.947665089290987
"GO:0051054","positive regulation of DNA metabolic process",0.0246584808377186,48,1.49853113003669,0.00450475740023104,0.116054700627011,165182,26,119,1.00209701366886,0.531610245890239,0.78545360902142
"GO:0016114","terpenoid biosynthetic process",0.000811008345293148,5,4.74608519870022,0.00452629917483682,0.116054700627011,18633,2,6,1.52884031572556,0.388893045673,0.717450621306231
"GO:0035384","thioester biosynthetic process",0.00328908201775368,11,2.57459446199622,0.00453374333415724,0.116054700627011,65756,7,27,1.1890980233421,0.372211979527185,0.714045860789383
"GO:0071616","acyl-CoA biosynthetic process",0.00328908201775368,11,2.57459446199622,0.00453374333415724,0.116054700627011,65756,7,27,1.1890980233421,0.372211979527185,0.714045860789383
"GO:0060977","coronary vasculature morphogenesis",0.00154215170360921,7,3.49431289571171,0.00453583061749774,0.116054700627011,142653,5,9,2.54806719287594,0.027999892640187,0.405821798307366
"GO:0008286","insulin receptor signaling pathway",0.0142380268962951,31,1.67611083588011,0.00456762744416428,0.116067793272942,190322,10,60,0.764420157862781,0.871722081283941,0.928002559989504
"GO:2000273","positive regulation of signaling receptor activity",0.00330037739860735,11,2.56578303788325,0.00464765900334174,0.11729806056053,163130,7,15,2.14037644201579,0.0283309557308916,0.405821798307366
"GO:0019080","viral gene expression",0.00850276404613831,21,1.9012972331672,0.00470229922109766,0.117875203447786,160209,9,39,1.05842791088693,0.485822510557555,0.766979367731289
"GO:0035459","vesicle cargo loading",0.0037979057035029,12,2.43236036117571,0.004839036989019,0.119859670636056,114383,4,13,1.4112372145159,0.309606601725307,0.668216294192446
"GO:0006720","isoprenoid metabolic process",0.00743209482804444,19,1.9680367665058,0.00488830012696195,0.119859670636056,54278,13,40,1.49061930783242,0.0777140775994613,0.481334270273792
"GO:0016101","diterpenoid metabolic process",0.00531401158773189,15,2.17299942241622,0.00494041650534727,0.119859670636056,64537,9,25,1.65114754098361,0.0748367485115271,0.479523898061771
"GO:0032000","positive regulation of fatty acid beta-oxidation",0.00241269335034285,9,2.87164817921356,0.00495805528933402,0.119859670636056,207813,2,5,1.83460837887067,0.299989147301495,0.668216294192446
"GO:0009611","response to wounding",0.0652518205496199,109,1.2859518681945,0.00496135644207074,0.119859670636056,120205,67,238,1.29116345991949,0.0114142930184205,0.347715106383732
"GO:0043353","enucleate erythrocyte differentiation",0.00118349013979695,6,3.9028104155851,0.00497530708300609,0.119859670636056,215854,4,7,2.62086911267239,0.0446790120205265,0.442114843387871
"GO:0070327","thyroid hormone transport",0.000834263541168341,5,4.61378750679634,0.0050878796023226,0.120695228705099,42762,4,6,3.05768063145112,0.0230980762894285,0.405821798307366
"GO:0006888","endoplasmic reticulum to Golgi vesicle-mediated transport",0.00969156965927816,23,1.82694117249551,0.00510452225635472,0.120695228705099,136369,13,38,1.56907295561308,0.0535704962225882,0.468665754590752
"GO:1902903","regulation of supramolecular fiber organization",0.0490408228352735,85,1.33429551501007,0.00510758784547183,0.120695228705099,127012,54,178,1.39141646712102,0.00449531668323888,0.302405250559475
"GO:0048193","Golgi vesicle transport",0.0286930579918142,54,1.44879778275762,0.00523838693852896,0.122658490739685,117170,32,118,1.24380229075978,0.0993406704995923,0.521292627374098
"GO:0042572","retinol metabolic process",0.00200114282676872,8,3.07753321922225,0.00527568332481176,0.122658490739685,25941,4,13,1.4112372145159,0.309606601725307,0.668216294192446
"GO:0010884","positive regulation of lipid storage",0.00200260458193802,8,3.07528684460968,0.00529799185764634,0.122658490739685,125345,5,9,2.54806719287594,0.027999892640187,0.405821798307366
"GO:0045191","regulation of isotype switching",0.00336363153138787,11,2.51753269314429,0.00532819451388855,0.122658490739685,100192,7,16,2.0066029143898,0.0411083199344292,0.442114843387871
"GO:0048638","regulation of developmental growth",0.0437920586828257,77,1.35358711644599,0.00537086999661796,0.122658490739685,195746,52,163,1.46318459664532,0.00162161135909322,0.272430394640544
"GO:0071229","cellular response to acid chemical",0.0114624196034657,26,1.74617551540015,0.00539018751673714,0.122658490739685,118636,14,42,1.52884031572556,0.0566918830843706,0.47608274490417
"GO:0019637","organophosphate metabolic process",0.089712432892149,144,1.23566488936345,0.00542210039927449,0.122658490739685,122179,96,414,1.06354108920039,0.258829400643576,0.640598449891705
"GO:0044403","biological process involved in symbiotic interaction",0.0236821612714612,46,1.49529660183343,0.00554252556742241,0.124622847606892,138240,28,119,1.07918139933569,0.35735131197141,0.710658612643248
"GO:0002183","cytoplasmic translational initiation",0.00161324615957051,7,3.34032134717746,0.00575278717558103,0.128306441364574,63068,7,14,2.29326047358834,0.0185331714897861,0.386281270938799
"GO:0055017","cardiac muscle tissue growth",0.0156931377239143,33,1.61880673519912,0.00580409605758148,0.128306441364574,204708,15,37,1.85940038399055,0.00772510597374032,0.347715106383732
"GO:0042762","regulation of sulfur metabolic process",0.000861638228884282,5,4.4672051153096,0.00581010300518825,0.128306441364574,96104,4,7,2.62086911267239,0.0446790120205265,0.442114843387871
"GO:0019915","lipid storage",0.00926699622601393,22,1.82757220169979,0.00604290665017249,0.131961419824653,132883,15,40,1.71994535519126,0.0171755941276874,0.386281270938799
"GO:0006743","ubiquinone metabolic process",0.000870807420400787,5,4.42016755191018,0.00606734226544292,0.131961419824653,39058,4,11,1.66782579897334,0.203078312779333,0.616159221484306
"GO:0071696","ectodermal placode development",0.00163317918460639,7,3.29955257564967,0.0061340385095251,0.131961419824653,212309,6,11,2.50173869846001,0.0177687287697539,0.386281270938799
"GO:0002637","regulation of immunoglobulin production",0.0044243342369638,13,2.26196704258831,0.00620061134198924,0.131961419824653,86402,9,27,1.52884031572556,0.113969010841605,0.543625729500403
"GO:0032787","monocarboxylic acid metabolic process",0.0651094987508638,108,1.27693929754066,0.00628080677202814,0.131961419824653,122505,59,243,1.11359973614578,0.1907975201665,0.599372396119996
"GO:0060788","ectodermal placode formation",0.00124488385690746,6,3.71033620422725,0.00630908459845103,0.131961419824653,235134,5,9,2.54806719287594,0.027999892640187,0.405821798307366
"GO:0071697","ectodermal placode morphogenesis",0.00124488385690746,6,3.71033620422725,0.00630908459845103,0.131961419824653,235134,5,9,2.54806719287594,0.027999892640187,0.405821798307366
"GO:0009201","ribonucleoside triphosphate biosynthetic process",0.0139791633444958,30,1.65207943083392,0.00631176710139369,0.131961419824653,198235,12,40,1.37595628415301,0.143529843545972,0.573054468381347
"GO:0019626","short-chain fatty acid catabolic process",0.00164766384946579,7,3.2705461049064,0.00642266927697199,0.131961419824653,159168,3,5,2.75191256830601,0.0726397134239565,0.479523898061771
"GO:0009059","macromolecule biosynthetic process",0.550444107797799,760,1.0628970801244,0.00645525905437494,0.131961419824653,133972,616,2654,1.06454291765668,0.0159678820032779,0.386281270938799
"GO:0055086","nucleobase-containing small molecule metabolic process",0.0556047679795886,94,1.30138761579915,0.00645657360037277,0.131961419824653,157480,55,253,0.997069771125366,0.535436392517079,0.788457974921475
"GO:1901136","carbohydrate derivative catabolic process",0.0220131026417903,43,1.50375832929038,0.00651700287483092,0.131961419824653,165318,24,91,1.20963189815649,0.17408049364735,0.593229738391896
"GO:0061042","vascular wound healing",0.00346329665656727,11,2.44508431927206,0.00655751008627203,0.131961419824653,194018,4,11,1.66782579897334,0.203078312779333,0.616159221484306
"GO:0003298","physiological muscle hypertrophy",0.0071018710466167,18,1.95114961142905,0.00656743131498039,0.131961419824653,165487,5,11,2.08478224871667,0.0697427210073327,0.479523898061771
"GO:0003301","physiological cardiac muscle hypertrophy",0.0071018710466167,18,1.95114961142905,0.00656743131498039,0.131961419824653,165487,5,11,2.08478224871667,0.0697427210073327,0.479523898061771
"GO:0061049","cell growth involved in cardiac muscle cell development",0.0071018710466167,18,1.95114961142905,0.00656743131498039,0.131961419824653,165487,5,11,2.08478224871667,0.0697427210073327,0.479523898061771
"GO:2000406","positive regulation of T cell migration",0.0020806091532451,8,2.95999059515028,0.00659654165411772,0.131961419824653,68871,7,13,2.46966512540283,0.0113781794144412,0.347715106383732
"GO:0043069","negative regulation of programmed cell death",0.0937739860734598,149,1.22319230493162,0.00663766470924143,0.131961419824653,140210,99,401,1.13233310167205,0.0857704804048188,0.503981106904705
"GO:0016071","mRNA metabolic process",0.0679976611917291,112,1.26798727853208,0.00665142466501623,0.131961419824653,139987,76,296,1.17762024319401,0.0596446759068703,0.479523898061771
"GO:0043534","blood vessel endothelial cell migration",0.0128528145431351,28,1.67706787240424,0.00672381624184804,0.13229734733043,205682,20,58,1.58155894730231,0.0177867792969196,0.386281270938799
"GO:0009299","mRNA transcription",0.00397119013448148,12,2.32622336776877,0.00677533584711099,0.13229734733043,125050,9,28,1.47423887587822,0.13705193720684,0.564396324603374
"GO:0042789","mRNA transcription by RNA polymerase II",0.00397119013448148,12,2.32622336776877,0.00677533584711099,0.13229734733043,125050,9,28,1.47423887587822,0.13705193720684,0.564396324603374
"GO:0003170","heart valve development",0.00994259288789667,23,1.78081591354277,0.00681908249638352,0.132342796397451,116114,9,39,1.05842791088693,0.485822510557555,0.766979367731289
"GO:0006721","terpenoid metabolic process",0.00604861000372083,16,2.036363237835,0.00684900725291393,0.132342796397451,61100,10,29,1.58155894730231,0.0808682839119204,0.493456140317803
"GO:0051764","actin crosslink formation",0.00167650029235103,7,3.2142914675598,0.00702720105649179,0.134358339531965,133720,3,6,2.29326047358834,0.122181350558484,0.547048978101158
"GO:0042632","cholesterol homeostasis",0.0105518790198267,24,1.75094412498966,0.00706196124224612,0.134358339531965,116646,9,31,1.33157059756742,0.218786731111825,0.616159221484306
"GO:0055092","sterol homeostasis",0.0105518790198267,24,1.75094412498966,0.00706196124224612,0.134358339531965,116646,9,31,1.33157059756742,0.218786731111825,0.616159221484306
"GO:0016042","lipid catabolic process",0.0291880614468718,54,1.42422746624481,0.00721263387384008,0.13503603743849,103797,36,135,1.22307225258045,0.102823748337589,0.533168600567762
"GO:1904018","positive regulation of vasculature development",0.0171651251793972,35,1.56968286824188,0.00721741189452119,0.13503603743849,171118,29,73,1.82204256805649,0.000385862117160074,0.272430394640544
"GO:0030199","collagen fibril organization",0.00884973156859618,21,1.82675391110882,0.00722056423577921,0.13503603743849,87052,10,34,1.34897674916961,0.189649989205936,0.597284770758932
"GO:0006754","ATP biosynthetic process",0.0135262850156806,29,1.65048017656768,0.00724317289764409,0.13503603743849,204722,11,37,1.36356028159307,0.16480750584569,0.590868505944047
"GO:0031998","regulation of fatty acid beta-oxidation",0.0025672407377877,9,2.69877552367107,0.00729057048752413,0.135240082543573,207813,2,9,1.01922687715037,0.616482123379327,0.814840345306899
"GO:0009145","purine nucleoside triphosphate biosynthetic process",0.0135543241375645,29,1.64706591449398,0.00743722523810531,0.136594582343419,204722,11,38,1.32767711628799,0.188901502094089,0.597284770758932
"GO:0009206","purine ribonucleoside triphosphate biosynthetic process",0.0135543241375645,29,1.64706591449398,0.00743722523810531,0.136594582343419,204722,11,38,1.32767711628799,0.188901502094089,0.597284770758932
"GO:0048841","regulation of axon extension involved in axon guidance",0.0021328336788391,8,2.88751232076436,0.00759167809879058,0.138215068845472,214090,7,11,2.91869514820334,0.00330900405709644,0.291755094426912
"GO:0034381","plasma lipoprotein particle clearance",0.00454313506617764,13,2.20281767625878,0.00763097468269325,0.138215068845472,80911,5,13,1.76404651814488,0.132865333619212,0.554477376521119
"GO:0051150","regulation of smooth muscle cell differentiation",0.00506232392494552,14,2.12896711666804,0.0076485146192582,0.138215068845472,88013,4,21,0.873623037557464,0.703122337618131,0.854160883857257
"GO:0050679","positive regulation of epithelial cell proliferation",0.0184763195662574,37,1.54161919015477,0.00767447552079981,0.138215068845472,162702,27,88,1.40722801788376,0.0322913388567785,0.427860239852315
"GO:0019083","viral transcription",0.00559759209057567,15,2.06291275319902,0.00774710504390175,0.138849080738529,149029,5,23,0.997069771125366,0.584453933174545,0.806068435716566
"GO:0031579","membrane raft organization",0.00306649657151969,10,2.51043144112216,0.00781513111100995,0.138907098838703,116443,5,13,1.76404651814488,0.132865333619212,0.554477376521119
"GO:0007059","chromosome segregation",0.0425204645723702,74,1.33975247416666,0.00786831577021063,0.138907098838703,130717,38,164,1.06273046337021,0.363768811230028,0.710658612643248
"GO:0030316","osteoclast differentiation",0.0136186413650136,29,1.63928725947202,0.00789863810813918,0.138907098838703,123717,14,51,1.25904496589164,0.205780267702913,0.616159221484306
"GO:0048842","positive regulation of axon extension involved in axon guidance",0.00130680912135226,6,3.53451592039871,0.0079001072385354,0.138907098838703,283336,5,6,3.8221007893139,0.00240888455805743,0.272430394640544
"GO:0043065","positive regulation of apoptotic process",0.0554377292297879,93,1.29142254709865,0.00815760730201032,0.14128054121875,135492,64,253,1.16022664276406,0.0996904147615703,0.522389037804274
"GO:0002092","positive regulation of receptor internalization",0.00216127146122362,8,2.8495187375964,0.00817889845171837,0.14128054121875,166845,6,15,1.83460837887067,0.0870320823186246,0.503981106904705
"GO:0097006","regulation of plasma lipoprotein particle levels",0.00617192898527614,16,1.99567543323363,0.00819201546025206,0.14128054121875,77262,8,25,1.46768670309654,0.159225173432425,0.590868505944047
"GO:0019220","regulation of phosphate metabolic process",0.0957880189230851,151,1.21354701095352,0.00820614285654375,0.14128054121875,135543,105,406,1.18616921047673,0.0257564112978537,0.405821798307366
"GO:0043068","positive regulation of programmed cell death",0.0568249348854516,95,1.28699099288311,0.00823621230726146,0.14128054121875,133639,66,261,1.15980989468836,0.0963578825951946,0.521003496228806
"GO:1902275","regulation of chromatin organization",0.00173018657311434,7,3.11455462017929,0.00826357882600237,0.14128054121875,363782,3,10,1.37595628415301,0.377084061829277,0.714045860789383
"GO:0055007","cardiac muscle cell differentiation",0.018586482751289,37,1.53248192183102,0.00837119538235775,0.142463921415354,204967,17,58,1.34432510520696,0.111483321093852,0.53758873962322
"GO:0060419","heart growth",0.0167388242172966,34,1.56366896771384,0.00844401126213945,0.142808105595468,215988,16,44,1.66782579897334,0.0192539813124772,0.390909911318569
"GO:0000245","spliceosomal complex assembly",0.00674732897464519,17,1.93958083879999,0.00854061035810605,0.142808105595468,111014,14,33,1.9457967654689,0.00620889247446177,0.343375384974478
"GO:0002021","response to dietary excess",0.00311061500026577,10,2.4748255269709,0.00857731337801271,0.142808105595468,112446,5,14,1.63804319542024,0.171372945805701,0.593229738391896
"GO:0002204","somatic recombination of immunoglobulin genes involved in immune response",0.00410394408122043,12,2.25097494163138,0.00863533212047152,0.142808105595468,91976,8,24,1.52884031572556,0.132220877457738,0.554477376521119
"GO:0002208","somatic diversification of immunoglobulins involved in immune response",0.00410394408122043,12,2.25097494163138,0.00863533212047152,0.142808105595468,91976,8,24,1.52884031572556,0.132220877457738,0.554477376521119
"GO:0045190","isotype switching",0.00410394408122043,12,2.25097494163138,0.00863533212047152,0.142808105595468,91976,8,24,1.52884031572556,0.132220877457738,0.554477376521119
"GO:0043403","skeletal muscle tissue regeneration",0.00311526603944081,10,2.47113065458068,0.00866086893773055,0.142808105595468,97505,4,19,0.965583357300355,0.62085454826009,0.814840345306899
"GO:0060055","angiogenesis involved in wound healing",0.00361040238133206,11,2.34545944012913,0.00876543560877496,0.143892770391837,194018,4,13,1.4112372145159,0.309606601725307,0.668216294192446
"GO:0048519","negative regulation of biological process",0.490225907617073,680,1.06783340406597,0.00890343893389056,0.145216033039138,142154,526,2314,1.04257131297102,0.102610694284971,0.533168600567762
"GO:0045618","positive regulation of keratinocyte differentiation",0.000958778504225801,5,4.01460262892134,0.00895434053239863,0.145216033039138,80619,3,7,1.96565183450429,0.180308104461953,0.593229738391896
"GO:0048872","homeostasis of number of cells",0.03215369691171,58,1.388634429334,0.00896346942478776,0.145216033039138,215951,35,136,1.18035465552341,0.154827322215338,0.587330639487633
"GO:0045724","positive regulation of cilium assembly",0.00266225482379206,9,2.60245803842475,0.00909209268065414,0.146659408022725,92990,6,14,1.96565183450429,0.0635516316835313,0.479523898061771
"GO:1902894","negative regulation of miRNA transcription",0.00465808217721788,13,2.14845892551095,0.00925128809494014,0.148458944755788,146426,7,15,2.14037644201579,0.0283309557308916,0.405821798307366
"GO:1902117","positive regulation of organelle assembly",0.00680965289959071,17,1.92182923054542,0.00928368603324603,0.148458944755788,75361,12,38,1.44837503595053,0.105667696872347,0.53758873962322
"GO:0055006","cardiac cell development",0.0125974060490087,27,1.64996026314273,0.00934182059295119,0.148747443776176,188793,10,44,1.04239112435834,0.499831132082436,0.772977699052037
"GO:0051174","regulation of phosphorus metabolic process",0.0961905331419763,151,1.2084688612516,0.00941431881679666,0.149261208591092,135543,105,407,1.18325478981217,0.0274875406848866,0.405821798307366
"GO:0009615","response to virus",0.0270610747887099,50,1.42238057197346,0.00966157612066776,0.151260272064149,98728,38,140,1.24491282851939,0.0772477636776814,0.481334270273792
"GO:0035313","wound healing, spreading of epidermal cells",0.000979243076595971,5,3.93070402600997,0.00974139926235806,0.151260272064149,153660,3,8,1.71994535519126,0.243958709948775,0.640269346339134
"GO:0032535","regulation of cellular component size",0.0483440971668527,82,1.30575364602362,0.00974576549127604,0.151260272064149,132881,53,165,1.47324612242645,0.00123698105235448,0.272430394640544
"GO:0060363","cranial suture morphogenesis",0.00223143570934992,8,2.75991976823892,0.00977291144856252,0.151260272064149,110274,2,6,1.52884031572556,0.388893045673,0.717450621306231
"GO:2000403","positive regulation of lymphocyte migration",0.00269454632435018,9,2.57127012584709,0.00977516262496758,0.151260272064149,73391,8,16,2.29326047358834,0.0119029160406291,0.347715106383732
"GO:0009142","nucleoside triphosphate biosynthetic process",0.0144627385318663,30,1.59684061015303,0.00980036517476235,0.151260272064149,198235,12,43,1.27995933409582,0.21177139161198,0.616159221484306
"GO:0032692","negative regulation of interleukin-1 production",0.000981369265933131,5,3.92218794416621,0.00982580203974659,0.151260272064149,92322,4,9,2.03845375430075,0.1112028574589,0.53758873962322
"GO:0045766","positive regulation of angiogenesis",0.0169421410726625,34,1.54490390986281,0.00996561307114341,0.152441060001592,173765,28,72,1.78364703501316,0.000723647936327732,0.272430394640544
"GO:0007507","heart development",0.082970020730346,132,1.22473909589315,0.00999198205129748,0.152441060001592,175603,79,294,1.23243249941142,0.0207816310043067,0.401561724093636
"GO:0051851","modulation by host of symbiont process",0.00856056981874236,20,1.79853200668534,0.0100363635958347,0.152441060001592,152224,9,40,1.03196721311475,0.519376819525846,0.781065261629869
"GO:0032526","response to retinoic acid",0.0108896773507681,24,1.69662975148332,0.0100668624529353,0.152441060001592,131343,14,49,1.3104345563362,0.163439134158775,0.590868505944047
"GO:0015693","magnesium ion transport",0.0018034072184128,7,2.98809970928704,0.0101984521009372,0.153213378620902,103744,5,11,2.08478224871667,0.0697427210073327,0.479523898061771
"GO:0061448","connective tissue development",0.0336965130494871,60,1.37074647384386,0.0102004594391814,0.153213378620902,105522,39,146,1.22516655438281,0.0906874529985681,0.518413637326175
"GO:0002712","regulation of B cell mediated immunity",0.00420493807473556,12,2.19691113745226,0.0102997813465586,0.153462605605351,97623,8,24,1.52884031572556,0.132220877457738,0.554477376521119
"GO:0002889","regulation of immunoglobulin mediated immune response",0.00420493807473556,12,2.19691113745226,0.0102997813465586,0.153462605605351,97623,8,24,1.52884031572556,0.132220877457738,0.554477376521119
"GO:0031329","regulation of cellular catabolic process",0.0546410726625206,91,1.28207379892639,0.0105017530474378,0.154414400975856,144388,56,208,1.23483256270142,0.0443950232424559,0.442114843387871
"GO:0032527","protein exit from endoplasmic reticulum",0.00370767554350715,11,2.28392486035871,0.0105147786238486,0.154414400975856,101928,3,12,1.14663023679417,0.504706732604915,0.774119999011001
"GO:0019722","calcium-mediated signaling",0.0226912241535109,43,1.45881889082633,0.0105568816162261,0.154414400975856,127938,26,91,1.3104345563362,0.0771984427033535,0.481334270273792
"GO:2000573","positive regulation of DNA biosynthetic process",0.00581021102429171,15,1.98742249852486,0.0105880311658244,0.154414400975856,115819,5,21,1.09202879694683,0.496178188229511,0.769895892233997
"GO:0036035","osteoclast development",0.00321878488279381,10,2.39165700335789,0.010687100132581,0.154414400975856,156562,5,11,2.08478224871667,0.0697427210073327,0.479523898061771
"GO:0098751","bone cell development",0.00321878488279381,10,2.39165700335789,0.010687100132581,0.154414400975856,156562,5,11,2.08478224871667,0.0697427210073327,0.479523898061771
"GO:0043401","steroid hormone receptor signaling pathway",0.0145661244883857,30,1.58550671732372,0.0107210540863578,0.154414400975856,85926,20,67,1.3691107305005,0.0764929099676379,0.481334270273792
"GO:0030324","lung development",0.024003348748206,45,1.44321664014287,0.0107740399029814,0.154414400975856,140446,28,106,1.21153383510328,0.149442415405118,0.585009351115636
"GO:0006914","autophagy",0.0622678467017488,102,1.26103509456359,0.010779873275673,0.154414400975856,147293,69,269,1.17646819834644,0.0711931336016446,0.479523898061771
"GO:0061919","process utilizing autophagic mechanism",0.0622678467017488,102,1.26103509456359,0.010779873275673,0.154414400975856,147293,69,269,1.17646819834644,0.0711931336016446,0.479523898061771
"GO:0009894","regulation of catabolic process",0.11369996810716,175,1.18486413733789,0.0108307349416059,0.154546256282146,146777,117,441,1.21683208802647,0.00876467029153449,0.347715106383732
"GO:0006091","generation of precursor metabolites and energy",0.0438468080582576,75,1.31678275138204,0.0109144698891679,0.155144380416908,181414,39,178,1.00491189292073,0.51608408561456,0.780319356815216
"GO:0012501","programmed cell death",0.198788337851486,292,1.13079218389179,0.01116148261081,0.158050001855362,133496,202,876,1.05762241019371,0.180006877713157,0.593229738391896
"GO:2001241","positive regulation of extrinsic apoptotic signaling pathway in absence of ligand",0.00101817891883272,5,3.78039127742984,0.0113675264605031,0.160037206601075,382549,1,5,0.917304189435337,0.707726406600702,0.857780126915584
"GO:2000278","regulation of DNA biosynthetic process",0.0080998511667464,19,1.80579069573501,0.0114204170499114,0.160037206601075,102596,9,34,1.21407907425265,0.314635509361047,0.670860769959473
"GO:0055088","lipid homeostasis",0.0164928506883538,33,1.54031328627856,0.0114312290429339,0.160037206601075,152487,14,53,1.21153383510328,0.252460946656634,0.640269346339134
"GO:0002377","immunoglobulin production",0.00642188911922607,16,1.91799746506096,0.0115566199225071,0.161184435761283,82663,12,41,1.34239637478342,0.164837979421048,0.590868505944047
"GO:0036303","lymph vessel morphogenesis",0.00278025833200447,9,2.49200097226849,0.0117757433502044,0.162007618368806,274326,6,13,2.11685582177385,0.0442580058862119,0.442114843387871
"GO:0071230","cellular response to amino acid stimulus",0.0110472811353851,24,1.67242512894763,0.0117861521482807,0.162007618368806,103061,13,38,1.56907295561308,0.0535704962225882,0.468665754590752
"GO:0045725","positive regulation of glycogen biosynthetic process",0.00102774677084994,5,3.7451975649945,0.0117936841569273,0.162007618368806,277032,1,7,0.655217278168098,0.821354088224379,0.904220672793011
"GO:0070875","positive regulation of glycogen metabolic process",0.00102774677084994,5,3.7451975649945,0.0117936841569273,0.162007618368806,277032,1,7,0.655217278168098,0.821354088224379,0.904220672793011
"GO:0035630","bone mineralization involved in bone maturation",0.00185775793334396,7,2.90067962480218,0.0118339796706055,0.162007618368806,72930,3,8,1.71994535519126,0.243958709948775,0.640269346339134
"GO:0009062","fatty acid catabolic process",0.0104677616541753,23,1.69147218112109,0.0119458158394414,0.162937414574734,150257,11,42,1.20123167664151,0.298509600158855,0.668216294192446
"GO:0008219","cell death",0.199107399138893,292,1.12898013666731,0.0120487448432562,0.163739352998098,133496,202,878,1.05521324752812,0.190258706475171,0.598186272053293
"GO:0035987","endodermal cell differentiation",0.00646002764046138,16,1.90667404802287,0.0121537899676849,0.164499313844935,184768,6,21,1.3104345563362,0.299941317186444,0.668216294192446
"GO:0140053","mitochondrial gene expression",0.00931284218359645,21,1.73591277898722,0.0121933453658645,0.164499313844935,124496,15,59,1.16606464758729,0.294956117119069,0.668216294192446
"GO:0090314","positive regulation of protein targeting to membrane",0.00702652421198108,17,1.86251261612205,0.0122795180202864,0.165061637156748,82278,3,11,1.25086934923,0.442336217723005,0.741424756334832
"GO:0010885","regulation of cholesterol storage",0.00329280284909371,10,2.33789563482525,0.0123430272499687,0.165316357752289,109596,5,10,2.29326047358834,0.0461181790811607,0.442114843387871
"GO:0006259","DNA metabolic process",0.0815001594642003,129,1.21849036868413,0.0125383400099717,0.167328206607895,162729,89,399,1.02305855713966,0.421649457456353,0.733733342947031
"GO:0048630","skeletal muscle tissue growth",0.00144992824110987,6,3.18563189086252,0.0126476436413756,0.168017332734788,134714,2,5,1.83460837887067,0.299989147301495,0.668216294192446
"GO:0008361","regulation of cell size",0.023607611757827,44,1.43480034064054,0.0126805534139462,0.168017332734788,169521,29,86,1.54661752869911,0.00703410492131007,0.343375384974478
"GO:0030323","respiratory tube development",0.0242910487428906,45,1.42612337158569,0.0129937847174972,0.170970228885579,140446,28,107,1.20021108898081,0.162353422069406,0.590868505944047
"GO:0002091","negative regulation of receptor internalization",0.00235090097273162,8,2.61966947873314,0.0130020541223568,0.170970228885579,72766,2,10,0.917304189435337,0.67633163876684,0.840881494579416
"GO:0032869","cellular response to insulin stimulus",0.0249443204167331,46,1.41963600056758,0.0130416643597355,0.170970228885579,157915,16,97,0.756539537678628,0.922806225572114,0.951680799853861
"GO:1900102","negative regulation of endoplasmic reticulum unfolded protein response",0.00146707064264073,6,3.14840847474646,0.0133260011868634,0.174082621138251,99159,3,5,2.75191256830601,0.0726397134239565,0.479523898061771
"GO:0001704","formation of primary germ layer",0.0167071971509063,33,1.52055170082804,0.013531021473181,0.175698491720123,173488,18,58,1.42340305257207,0.0646974930427919,0.479523898061771
"GO:0050892","intestinal absorption",0.00284789773029288,9,2.43281435032436,0.0135586236303379,0.175698491720123,55634,8,14,2.62086911267239,0.00422318733909632,0.302405250559475
"GO:0060841","venous blood vessel development",0.00237043533726678,8,2.59808121696759,0.0135963291264279,0.175698491720123,326602,5,11,2.08478224871667,0.0697427210073327,0.479523898061771
"GO:0048240","sperm capacitation",0.00147477807898793,6,3.13195436666074,0.0136391281982198,0.175698491720123,66778,5,9,2.54806719287594,0.027999892640187,0.405821798307366
"GO:0048291","isotype switching to IgG isotypes",0.00191489927178015,7,2.81412221753882,0.0137492470828793,0.17589554026718,109886,4,6,3.05768063145112,0.0230980762894285,0.405821798307366
"GO:0048302","regulation of isotype switching to IgG isotypes",0.00191489927178015,7,2.81412221753882,0.0137492470828793,0.17589554026718,109886,4,6,3.05768063145112,0.0230980762894285,0.405821798307366
"GO:0055013","cardiac muscle cell development",0.0118151012597672,25,1.6288961977521,0.0138508182569443,0.176586033447641,198815,9,39,1.05842791088693,0.485822510557555,0.766979367731289
"GO:0006631","fatty acid metabolic process",0.0382807101472386,66,1.32725630983167,0.0139223338985025,0.176659605880255,89281,35,148,1.08465022399449,0.321694674452098,0.680437424297197
"GO:0032489","regulation of Cdc42 protein signal transduction",0.00148235262850157,6,3.11595065541918,0.0139518233215403,0.176659605880255,65850,4,5,3.66921675774135,0.00930528180184775,0.347715106383732
"GO:0051148","negative regulation of muscle cell differentiation",0.0118281241694573,25,1.62710276307269,0.0140189987007298,0.176906412175875,143385,10,32,1.43328779599271,0.140275215998898,0.571102770811118
"GO:0051607","defense response to virus",0.0199233242970287,38,1.46829270614547,0.0141390521653402,0.177221551369727,100558,26,102,1.16911318261366,0.213087586125335,0.616159221484306
"GO:0010876","lipid localization",0.0477948758836974,80,1.28854472617006,0.0141395092197949,0.177221551369727,167606,52,188,1.26861217687866,0.0325426191079942,0.429655220251453
"GO:0051154","negative regulation of striated muscle cell differentiation",0.00946978153404561,21,1.70714410856001,0.0143936409557284,0.179073508029315,158409,7,21,1.52884031572556,0.154106991659078,0.587040640423195
"GO:0006120","mitochondrial electron transport, NADH to ubiquinone",0.00947376813905278,21,1.70642573450322,0.0144533661720315,0.179073508029315,258624,6,22,1.25086934923,0.342715901316634,0.702085032515025
"GO:0042776","proton motive force-driven mitochondrial ATP synthesis",0.0100713602296284,22,1.68161045874384,0.0145518958887028,0.179073508029315,246337,7,22,1.45934757410167,0.185875759505939,0.597284770758932
"GO:0002551","mast cell chemotaxis",0.0014967044065274,6,3.08607205550927,0.0145579331869888,0.179073508029315,159920,3,7,1.96565183450429,0.180308104461953,0.593229738391896
"GO:0009152","purine ribonucleotide biosynthetic process",0.0155571944931696,31,1.53398552501933,0.0146098473752467,0.179073508029315,199495,13,52,1.14663023679417,0.338048667361001,0.698696688528866
"GO:0045823","positive regulation of heart contraction",0.00495614734492106,13,2.01924953657055,0.0147160975565416,0.179073508029315,59535,5,17,1.34897674916961,0.305433703579954,0.668216294192446
"GO:1903524","positive regulation of blood circulation",0.00495614734492106,13,2.01924953657055,0.0147160975565416,0.179073508029315,59535,5,17,1.34897674916961,0.305433703579954,0.668216294192446
"GO:0044319","wound healing, spreading of cells",0.00240578323499708,8,2.55990790699668,0.0147216765361027,0.179073508029315,117234,5,14,1.63804319542024,0.171372945805701,0.593229738391896
"GO:0090505","epiboly involved in wound healing",0.00240578323499708,8,2.55990790699668,0.0147216765361027,0.179073508029315,117234,5,14,1.63804319542024,0.171372945805701,0.593229738391896
"GO:0048845","venous blood vessel morphogenesis",0.00194333705416467,7,2.77294181856773,0.0147807780378093,0.179204857909387,341175,4,8,2.29326047358834,0.0742237619839166,0.479523898061771
"GO:0080090","regulation of primary metabolic process",0.486012597671823,671,1.06283498761149,0.0148532087007062,0.179496430878241,143241,521,2255,1.05967956251843,0.0399162155934789,0.442114843387871
"GO:0006612","protein targeting to membrane",0.0162282730027109,32,1.5179886423553,0.0151570781628576,0.182432193321863,81366,15,58,1.18616921047673,0.270667409646428,0.655895551788536
"GO:0016051","carbohydrate biosynthetic process",0.0162314622867166,32,1.51769037613551,0.0151944872605002,0.182432193321863,110395,22,87,1.15980989468836,0.250022981297714,0.640269346339134
"GO:0046321","positive regulation of fatty acid oxidation",0.00291128474990698,9,2.37984500373386,0.0154038411629691,0.184349195853598,207813,2,8,1.14663023679417,0.548449792893634,0.788457974921475
"GO:0050688","regulation of defense response to virus",0.00445835326635837,12,2.07203752972882,0.0155694508528883,0.185732034290082,106760,9,23,1.79472558802566,0.0452686535933275,0.442114843387871
"GO:0016064","immunoglobulin mediated immune response",0.00722824642534418,17,1.81053456429145,0.015704479105801,0.186742363726031,98765,13,52,1.14663023679417,0.338048667361001,0.698696688528866
"GO:0044331","cell-cell adhesion mediated by cadherin",0.00667384255567958,16,1.84558849700402,0.0159627729015871,0.187017812915287,185749,11,34,1.48387442408657,0.102650889250951,0.533168600567762
"GO:0043066","negative regulation of apoptotic process",0.0921277839791633,143,1.19491293254571,0.0159943724924705,0.187017812915287,142781,95,386,1.12880696886473,0.096533000292637,0.521003496228806
"GO:0090313","regulation of protein targeting to membrane",0.00724499016637432,17,1.80635027678043,0.0160190730927456,0.187017812915287,82278,3,14,0.982825917252147,0.617328601262156,0.814840345306899
"GO:0010562","positive regulation of phosphorus metabolic process",0.0549562802317546,90,1.26071241308457,0.0160628043019886,0.187017812915287,141027,61,235,1.19054373522459,0.0705920548768516,0.479523898061771
"GO:0045937","positive regulation of phosphate metabolic process",0.0549562802317546,90,1.26071241308457,0.0160628043019886,0.187017812915287,141027,61,235,1.19054373522459,0.0705920548768516,0.479523898061771
"GO:0034368","protein-lipid complex remodeling",0.00197722319672567,7,2.72541845249912,0.0160805073638751,0.187017812915287,84125,5,10,2.29326047358834,0.0461181790811607,0.442114843387871
"GO:0034369","plasma lipoprotein particle remodeling",0.00197722319672567,7,2.72541845249912,0.0160805073638751,0.187017812915287,84125,5,10,2.29326047358834,0.0461181790811607,0.442114843387871
"GO:0009150","purine ribonucleotide metabolic process",0.0325632541327805,57,1.34752833492383,0.0162887063088438,0.188302717843344,204125,27,131,0.94531347766237,0.664251273128963,0.835308084274144
"GO:0140014","mitotic nuclear division",0.0220573539573699,41,1.43093956920989,0.0162962942867009,0.188302717843344,179806,19,104,0.837922096118818,0.841100488293962,0.916210439400109
"GO:0150172","regulation of phosphatidylcholine metabolic process",0.00153670334343273,6,3.00574451411284,0.0163432547562148,0.188302717843344,115755,4,7,2.62086911267239,0.0446790120205265,0.442114843387871
"GO:0071827","plasma lipoprotein particle organization",0.00245641311858821,8,2.50714486060416,0.0164492471964846,0.188435288753259,74054,6,15,1.83460837887067,0.0870320823186246,0.503981106904705
"GO:0032885","regulation of polysaccharide biosynthetic process",0.00198665816190932,7,2.71247499362772,0.016456343276565,0.188435288753259,203552,3,13,1.05842791088693,0.563236771868797,0.794225930685381
"GO:0034453","microtubule anchoring",0.00112435549885717,5,3.42339652141206,0.0167163500955692,0.18880460376769,17322,3,8,1.71994535519126,0.243958709948775,0.640269346339134
"GO:0032890","regulation of organic acid transport",0.0090252750757455,20,1.7059268205408,0.016722945668868,0.18880460376769,128449,11,32,1.57661657559199,0.0703472707795398,0.479523898061771
"GO:0000280","nuclear division",0.0339482007122734,59,1.33790753411781,0.0167231557718032,0.18880460376769,149990,32,165,0.889507092785781,0.801904346504279,0.896644100521663
"GO:0032147","activation of protein kinase activity",0.00614893956306809,15,1.87794073960499,0.0167365847072118,0.18880460376769,93865,10,28,1.63804319542024,0.0652383885149981,0.479523898061771
"GO:0032964","collagen biosynthetic process",0.00345851273055866,10,2.22587858047087,0.0167430497680782,0.18880460376769,91670,6,21,1.3104345563362,0.299941317186444,0.668216294192446
"GO:0006629","lipid metabolic process",0.119507787168447,181,1.16593199131517,0.0168482967278194,0.189415699576394,107373,126,549,1.05264415181104,0.265024222690883,0.64814757164349
"GO:0001938","positive regulation of endothelial cell proliferation",0.0078763355126774,18,1.75929693583039,0.0170808798758628,0.191045531972881,194588,15,43,1.59994916761977,0.033628404578157,0.437104268694792
"GO:0045923","positive regulation of fatty acid metabolic process",0.00347033965874661,10,2.21829277944993,0.017096257847708,0.191045531972881,194624,3,12,1.14663023679417,0.504706732604915,0.774119999011001
"GO:0030852","regulation of granulocyte differentiation",0.00200473077127518,7,2.6880220837024,0.0171935215631795,0.191555450448637,29109,2,7,1.3104345563362,0.47232702215742,0.754978406316201
"GO:0006641","triglyceride metabolic process",0.0102508903417849,22,1.65215938628126,0.0173665140384893,0.192903494259866,104227,13,40,1.49061930783242,0.0777140775994613,0.481334270273792
"GO:0006863","purine nucleobase transport",0.00156381225748153,6,2.95363949364386,0.0176356450937489,0.194619999903138,87094,3,7,1.96565183450429,0.180308104461953,0.593229738391896
"GO:0015851","nucleobase transport",0.00156381225748153,6,2.95363949364386,0.0176356450937489,0.194619999903138,87094,3,7,1.96565183450429,0.180308104461953,0.593229738391896
"GO:0044272","sulfur compound biosynthetic process",0.0158015733801095,31,1.51026170548766,0.0176784204763767,0.194619999903138,80123,23,80,1.3186247723133,0.0871855000690074,0.503981106904705
"GO:0019216","regulation of lipid metabolic process",0.0374485727954074,64,1.31563540419769,0.0179619908286063,0.197156763237069,151153,36,133,1.24146431652903,0.0864767067535597,0.503981106904705
"GO:0048265","response to pain",0.00455629086270132,12,2.02749902652323,0.0180767570674371,0.197339104866021,126130,6,20,1.37595628415301,0.258274367035768,0.640269346339134
"GO:0032881","regulation of polysaccharide metabolic process",0.00250093020783501,8,2.46251714921721,0.018084985351603,0.197339104866021,189335,4,17,1.07918139933569,0.525531603716431,0.78428087280288
"GO:0009260","ribonucleotide biosynthetic process",0.0164742465316536,32,1.49532387146349,0.0182678592772603,0.198168882803028,193577,14,56,1.14663023679417,0.328688886297674,0.688169169392986
"GO:0046390","ribose phosphate biosynthetic process",0.0164742465316536,32,1.49532387146349,0.0182678592772603,0.198168882803028,193577,14,56,1.14663023679417,0.328688886297674,0.688169169392986
"GO:0051702","biological process involved in interaction with symbiont",0.00971083825014618,21,1.66476686551266,0.0183720557417084,0.198718153940928,149251,10,52,0.882023259072439,0.725366728064106,0.864950897800897
"GO:0090049","regulation of cell migration involved in sprouting angiogenesis",0.00404348057194493,11,2.0942483084287,0.0186592941682243,0.200360859023507,198787,8,20,1.83460837887067,0.0509434016520354,0.463160125076864
"GO:1900118","negative regulation of execution phase of apoptosis",0.00115784298091745,5,3.32438402016153,0.0186981622667932,0.200360859023507,148751,2,5,1.83460837887067,0.299989147301495,0.668216294192446
"GO:0007009","plasma membrane organization",0.0171416042098549,33,1.48201747822848,0.0187444871964324,0.200360859023507,121584,19,68,1.28152791171113,0.139886444724119,0.571102770811118
"GO:0006898","receptor-mediated endocytosis",0.0255401849784723,46,1.38651522309394,0.0187651676114573,0.200360859023507,139125,30,118,1.16606464758729,0.196651057766802,0.611546877045127
"GO:0009134","nucleoside diphosphate catabolic process",0.0133855578589273,27,1.55280935009187,0.0187939565876497,0.200360859023507,204274,12,42,1.3104345563362,0.187621679361692,0.597284770758932
"GO:0015986","proton motive force-driven ATP synthesis",0.0109494764258757,23,1.61705701240664,0.0190161975165615,0.202149262998404,235866,8,27,1.35896916953383,0.219975836193115,0.616159221484306
"GO:0006734","NADH metabolic process",0.00406075586030936,11,2.08533894655633,0.0191775054685015,0.202712629917027,295100,4,18,1.01922687715037,0.574708313790709,0.800731083677225
"GO:0019752","carboxylic acid metabolic process",0.0820430021793441,128,1.20104498610649,0.019178472533929,0.202712629917027,137427,71,343,0.949396464284387,0.714171900750547,0.861371180684177
"GO:0002312","B cell activation involved in immune response",0.00857385850209961,19,1.705957226862,0.0193045934854184,0.203466027928699,106561,15,45,1.52884031572556,0.0495984752880309,0.460025858296486
"GO:0007498","mesoderm development",0.0115877318875246,24,1.59442337436702,0.0195439965101084,0.205405742358363,202940,19,62,1.40554674187673,0.0658759642430755,0.479523898061771
"GO:0043535","regulation of blood vessel endothelial cell migration",0.00978020517727104,21,1.65295936661598,0.0196626868142925,0.206069401358828,172440,14,43,1.49328588977846,0.0678259761563357,0.479523898061771
"GO:0016447","somatic recombination of immunoglobulin gene segments",0.00516557699463137,13,1.9373824530751,0.0198331593099965,0.207270481803062,90463,9,29,1.42340305257207,0.162334581189554,0.590868505944047
"GO:0009259","ribonucleotide metabolic process",0.0336341891245415,58,1.32751024252853,0.0200757414460695,0.208630254243467,200780,28,137,0.937391142488666,0.684467927157751,0.846740916890716
"GO:0019693","ribose phosphate metabolic process",0.0336341891245415,58,1.32751024252853,0.0200757414460695,0.208630254243467,200780,28,137,0.937391142488666,0.684467927157751,0.846740916890716
"GO:0010984","regulation of lipoprotein particle clearance",0.00255860309360549,8,2.40701011469138,0.0203731695480045,0.2107690162888,80471,2,8,1.14663023679417,0.548449792893634,0.788457974921475
"GO:0006910","phagocytosis, recognition",0.00255913464093978,8,2.40651016451697,0.0203951689616386,0.2107690162888,58226,4,11,1.66782579897334,0.203078312779333,0.616159221484306
"GO:0006096","glycolytic process",0.012880189230851,26,1.55396757765585,0.0206433034337208,0.2127407103864,212106,11,38,1.32767711628799,0.188901502094089,0.597284770758932
"GO:2000142","regulation of DNA-templated transcription initiation",0.005758518046032,14,1.87157895208079,0.0208220295016952,0.213988170225178,91221,10,29,1.58155894730231,0.0808682839119204,0.493456140317803
"GO:0035357","peroxisome proliferator activated receptor signaling pathway",0.00209336628926806,7,2.57420816065095,0.0211478984141953,0.216514391061672,133033,6,12,2.29326047358834,0.0290827013607793,0.408700083517012
"GO:1901137","carbohydrate derivative biosynthetic process",0.0598253867006857,96,1.23531173612325,0.0212051291173878,0.216514391061672,142483,59,241,1.12284122773205,0.172107943866184,0.593229738391896
"GO:0048705","skeletal system morphogenesis",0.0324032583851592,56,1.33042437177454,0.0212429213871829,0.216514391061672,151857,31,117,1.21523204583314,0.13097572888939,0.554477376521119
"GO:0010595","positive regulation of endothelial cell migration",0.0135450220592144,27,1.5345282797379,0.0214061244960466,0.217351303129489,169965,19,61,1.42858849174356,0.0568767354417271,0.47608274490417
"GO:0015874","norepinephrine transport",0.00308749269122415,9,2.24402360083504,0.0214970138084181,0.217351303129489,84177,3,10,1.37595628415301,0.377084061829277,0.714045860789383
"GO:0009235","cobalamin metabolic process",0.0036053526816563,10,2.13522228945984,0.021527578668443,0.217351303129489,238108,2,6,1.52884031572556,0.388893045673,0.717450621306231
"GO:0050873","brown fat cell differentiation",0.00692765640780311,16,1.7779702581243,0.0216135284488178,0.217351303129489,241725,7,21,1.52884031572556,0.154106991659078,0.587040640423195
"GO:0060742","epithelial cell differentiation involved in prostate gland development",0.00210838250146176,7,2.55587426917524,0.0218753528262414,0.217351303129489,131947,3,6,2.29326047358834,0.122181350558484,0.547048978101158
"GO:0043436","oxoacid metabolic process",0.083160580449689,129,1.19416145024899,0.0218970625437536,0.217351303129489,136405,72,351,0.940824809677269,0.745148760164868,0.873040703943482
"GO:0006112","energy reserve metabolic process",0.00637006325413278,15,1.81275187547985,0.0220292496685819,0.217351303129489,149669,7,41,0.783064551956995,0.821351781424384,0.904220672793011
"GO:0009117","nucleotide metabolic process",0.0433270876521554,72,1.27927480787747,0.0220348081069035,0.217351303129489,180885,38,183,0.952392327829038,0.663285926737756,0.835308084274144
"GO:0016445","somatic diversification of immunoglobulins",0.00524371445277202,13,1.90851319604499,0.0220495091649656,0.217351303129489,90463,9,30,1.37595628415301,0.189648796210348,0.597284770758932
"GO:0043648","dicarboxylic acid metabolic process",0.00580409822994738,14,1.85688124892893,0.0220669031973344,0.217351303129489,78907,9,37,1.11564023039433,0.417289323932718,0.731786363378155
"GO:0002562","somatic diversification of immune receptors via germline recombination within a single locus",0.00580555998511667,14,1.85641371336451,0.0221077280437219,0.217351303129489,132453,10,33,1.38985483247778,0.164062018630941,0.590868505944047
"GO:0016444","somatic cell DNA recombination",0.00580555998511667,14,1.85641371336451,0.0221077280437219,0.217351303129489,132453,10,33,1.38985483247778,0.164062018630941,0.590868505944047
"GO:0009056","catabolic process",0.224813161111997,323,1.10604205120296,0.0223684529214149,0.217351303129489,126228,241,1072,1.03111151890819,0.29304890870234,0.668216294192446
"GO:0006082","organic acid metabolic process",0.0832341997554882,129,1.19310523372697,0.0224184513319252,0.217351303129489,136405,72,352,0.938152011922504,0.754171257614533,0.873275707162895
"GO:0046209","nitric oxide metabolic process",0.00695981502152767,16,1.76975494513567,0.0224256600142683,0.217351303129489,117131,9,31,1.33157059756742,0.218786731111825,0.616159221484306
"GO:2001057","reactive nitrogen species metabolic process",0.00695981502152767,16,1.76975494513567,0.0224256600142683,0.217351303129489,117131,9,31,1.33157059756742,0.218786731111825,0.616159221484306
"GO:0044255","cellular lipid metabolic process",0.0889301281029076,137,1.18593940129149,0.0224265459237347,0.217351303129489,88942,91,391,1.06745116673422,0.252618360536756,0.640269346339134
"GO:0048048","embryonic eye morphogenesis",0.00754106203157391,17,1.73543062469284,0.0224296011052163,0.217351303129489,122470,11,26,1.94045116995937,0.0150507604203818,0.386281270938799
"GO:0048799","animal organ maturation",0.00416640089299952,11,2.03246220549448,0.0225809990617055,0.217351303129489,59557,6,16,1.71994535519126,0.114586339749142,0.543625729500403
"GO:0070977","bone maturation",0.00416640089299952,11,2.03246220549448,0.0225809990617055,0.217351303129489,59557,6,16,1.71994535519126,0.114586339749142,0.543625729500403
"GO:2001244","positive regulation of intrinsic apoptotic signaling pathway",0.0047092436081433,12,1.96164735939957,0.0225814081210727,0.217351303129489,118146,7,25,1.28422586520947,0.293926480419984,0.668216294192446
"GO:0051293","establishment of spindle localization",0.00639358422367512,15,1.80608305245988,0.0226588331932935,0.217351303129489,88859,12,33,1.66782579897334,0.0399106724482213,0.442114843387871
"GO:0032271","regulation of protein polymerization",0.0252094296497103,45,1.37416961882601,0.0227065269508857,0.217351303129489,113824,29,92,1.44575116813178,0.0189314287331872,0.388041992265881
"GO:0019364","pyridine nucleotide catabolic process",0.0129972625312284,26,1.53997015992588,0.0227310796803886,0.217351303129489,212106,11,40,1.26129326047359,0.241396183989325,0.640269346339134
"GO:0099566","regulation of postsynaptic cytosolic calcium ion concentration",0.00213004305533408,7,2.52988340849301,0.0229549320423902,0.218321011805995,55287,4,6,3.05768063145112,0.0230980762894285,0.405821798307366
"GO:0050864","regulation of B cell activation",0.0117747036623611,24,1.56910535561303,0.0230050858387739,0.218321011805995,170185,16,52,1.4112372145159,0.0839557882890726,0.503981106904705
"GO:0006869","lipid transport",0.044116834104077,73,1.27382383196966,0.0230623644390069,0.218321011805995,166161,46,167,1.26335307527022,0.0451963924488179,0.442114843387871
"GO:0003209","cardiac atrium morphogenesis",0.00262212300005315,8,2.3487012339483,0.0231231661350729,0.218321011805995,124679,5,14,1.63804319542024,0.171372945805701,0.593229738391896
"GO:0045623","negative regulation of T-helper cell differentiation",0.00166586934566523,6,2.77268902051699,0.0231267271266189,0.218321011805995,94749,4,8,2.29326047358834,0.0742237619839166,0.479523898061771
"GO:0090066","regulation of anatomical structure size",0.0607889491309201,97,1.22839473815168,0.0234079963738978,0.220332530006074,129973,64,224,1.3104345563362,0.00942970927967002,0.347715106383732
"GO:0003407","neural retina development",0.0111860149896348,23,1.58286285625848,0.0235159228015012,0.220332530006074,105140,14,48,1.33773527625987,0.144113158760053,0.573054468381347
"GO:0050878","regulation of body fluid levels",0.0326039175038537,56,1.32223634400461,0.0235179735532089,0.220332530006074,101604,38,146,1.19375202734736,0.126650751254601,0.554477376521119
"GO:0060340","positive regulation of type I interferon-mediated signaling pathway",0.00123199383405092,5,3.12429705184634,0.0236205778465968,0.220490824834749,58917,5,11,2.08478224871667,0.0697427210073327,0.479523898061771
"GO:0090504","epiboly",0.00263634189124542,8,2.33603370876899,0.0237727736582187,0.220490824834749,117234,5,15,1.52884031572556,0.213543377549239,0.616159221484306
"GO:0046032","ADP catabolic process",0.0130591877956732,26,1.5326677870002,0.023899928980752,0.220490824834749,212106,11,39,1.29363411330624,0.214482940367403,0.616159221484306
"GO:0022618","protein-RNA complex assembly",0.0118233402434487,24,1.56265067205561,0.0239788472487041,0.220490824834749,117146,21,70,1.37595628415301,0.0675404630039231,0.479523898061771
"GO:0006897","endocytosis",0.0692829426460426,109,1.2111307247379,0.0239873671437719,0.220490824834749,117498,78,318,1.12499570402447,0.129190487736799,0.554477376521119
"GO:1901661","quinone metabolic process",0.00123717642056025,5,3.11120923390628,0.0239928679379293,0.220490824834749,39058,4,14,1.3104345563362,0.364900064093148,0.710658612643248
"GO:0010828","positive regulation of D-glucose transmembrane transport",0.0021502418540371,7,2.50611835824327,0.0239942507906459,0.220490824834749,198555,3,18,0.764420157862781,0.786239957927728,0.888514060872553
"GO:0050730","regulation of peptidyl-tyrosine phosphorylation",0.0162156487535215,31,1.47169635487141,0.0240299548489812,0.220490824834749,145017,20,73,1.25658108141827,0.153662195675073,0.587040640423195
"GO:1901135","carbohydrate derivative metabolic process",0.0934488119917079,143,1.17802118804087,0.0240716931048217,0.220490824834749,147130,90,381,1.08343014500237,0.205440172097022,0.616159221484306
"GO:0014706","striated muscle tissue development",0.0650784032318078,103,1.21840363249385,0.0241291846045575,0.220490824834749,193403,53,190,1.27939794842297,0.0267510036016219,0.405821798307366
"GO:0035051","cardiocyte differentiation",0.02466113857439,44,1.37350549690416,0.0242062214737953,0.220651306309043,205205,22,79,1.27725899794794,0.122238167882981,0.547048978101158
"GO:0072526","pyridine-containing compound catabolic process",0.0130792537075427,26,1.53031640079524,0.0242885092565021,0.22085874838633,212106,11,41,1.23053001021813,0.26946752566436,0.654269973962549
"GO:0002200","somatic diversification of immune receptors",0.00588369744325732,14,1.83175992206769,0.0243734113815789,0.22108889052728,132453,10,34,1.34897674916961,0.189649989205936,0.597284770758932
"GO:0019219","regulation of nucleobase-containing compound metabolic process",0.390135677457078,542,1.06948443318956,0.024478673845766,0.221332266296961,143806,400,1639,1.11934617380761,0.00236072452450586,0.272430394640544
"GO:0010507","negative regulation of autophagy",0.00880986551852442,19,1.66025642990733,0.0245431938543429,0.221332266296961,277703,13,42,1.41963743603088,0.107878729569439,0.53758873962322
"GO:0006360","transcription by RNA polymerase I",0.00589273374794025,14,1.82895098118052,0.0246461570434839,0.221332266296961,74968,8,27,1.35896916953383,0.219975836193115,0.616159221484306
"GO:0048846","axon extension involved in axon guidance",0.00265614202944772,8,2.31861980929897,0.0246985332202,0.221332266296961,214090,7,13,2.46966512540283,0.0113781794144412,0.347715106383732
"GO:1902284","neuron projection extension involved in neuron projection guidance",0.00265614202944772,8,2.31861980929897,0.0246985332202,0.221332266296961,214090,7,13,2.46966512540283,0.0113781794144412,0.347715106383732
"GO:0097531","mast cell migration",0.00169497156221762,6,2.72508267825958,0.024880857676014,0.22192063993198,159920,3,8,1.71994535519126,0.243958709948775,0.640269346339134
"GO:0097190","apoptotic signaling pathway",0.0581636368468612,93,1.23089850237179,0.0249331035358702,0.22192063993198,131069,65,262,1.13787733422322,0.131293238692106,0.554477376521119
"GO:0046460","neutral lipid biosynthetic process",0.00317293892521129,9,2.18359276047248,0.025003457544897,0.22192063993198,123679,6,19,1.44837503595053,0.218322033449073,0.616159221484306
"GO:0046463","acylglycerol biosynthetic process",0.00317293892521129,9,2.18359276047248,0.025003457544897,0.22192063993198,123679,6,19,1.44837503595053,0.218322033449073,0.616159221484306
"GO:0035265","organ growth",0.0273861159836283,48,1.34927863362677,0.0252412955320346,0.223496912706082,191222,25,86,1.33329097301648,0.068849919634377,0.479523898061771
"GO:1901401","regulation of tetrapyrrole metabolic process",0.00318091213522564,9,2.17811941102901,0.025350127591963,0.22392612706234,258855,1,6,0.764420157862781,0.771493078786242,0.883502943897388
"GO:0097242","amyloid-beta clearance",0.00371059905384574,10,2.0746594540463,0.0255201194832492,0.22489226432982,95614,4,16,1.14663023679417,0.473743862507848,0.754978406316201
"GO:0051294","establishment of spindle orientation",0.00592608834316696,14,1.81865685187731,0.0256725620982039,0.224954428590192,82068,11,28,1.80184751496227,0.0272865925838124,0.405821798307366
"GO:0001782","B cell homeostasis",0.00650082389836815,15,1.7762893275348,0.0257019476915853,0.224954428590192,281127,7,14,2.29326047358834,0.0185331714897861,0.386281270938799
"GO:0071407","cellular response to organic cyclic compound",0.0575564769042683,92,1.23050809145898,0.025795816721075,0.224954428590192,120082,62,253,1.12396956017769,0.162950310923586,0.590868505944047
"GO:0072530","purine-containing compound transmembrane transport",0.00267939722532291,8,2.29849589586212,0.0258176645243435,0.224954428590192,77421,5,12,1.91105039465695,0.0987855921834425,0.521003496228806
"GO:2001204","regulation of osteoclast development",0.00126202625843831,5,3.04994819076208,0.0258303467869061,0.224954428590192,168687,4,5,3.66921675774135,0.00930528180184775,0.347715106383732
"GO:0036152","phosphatidylethanolamine acyl-chain remodeling",0.00126601286344549,5,3.04034407134118,0.0261332519639623,0.225460863685123,20912,3,6,2.29326047358834,0.122181350558484,0.547048978101158
"GO:0033344","cholesterol efflux",0.00372667836070802,10,2.06570802793235,0.0261738187276463,0.225460863685123,124397,7,17,1.88856744883746,0.0571042645505002,0.47608274490417
"GO:0035331","negative regulation of hippo signaling",0.00171689788975708,6,2.69028092578955,0.0262595410770399,0.225460863685123,168780,4,9,2.03845375430075,0.1112028574589,0.53758873962322
"GO:2000317","negative regulation of T-helper 17 type immune response",0.00126827193961622,5,3.0349285381043,0.0263059007365534,0.225460863685123,95199,3,6,2.29326047358834,0.122181350558484,0.547048978101158
"GO:2000320","negative regulation of T-helper 17 cell differentiation",0.00126827193961622,5,3.0349285381043,0.0263059007365534,0.225460863685123,95199,3,6,2.29326047358834,0.122181350558484,0.547048978101158
"GO:0030888","regulation of B cell proliferation",0.00594628714186998,14,1.81247910048649,0.0263093211321063,0.225460863685123,194673,8,23,1.59531163380059,0.107771010940171,0.53758873962322
"GO:0060261","positive regulation of transcription initiation by RNA polymerase II",0.00373199383405092,10,2.06276584301862,0.0263925279209625,0.225460863685123,108132,9,22,1.87630402384501,0.0339315443083827,0.437104268694792
"GO:0006163","purine nucleotide metabolic process",0.0375954127465051,63,1.29002029031048,0.0265347858106988,0.225460863685123,191437,32,161,0.911606647886049,0.753618592256353,0.873040703943482
"GO:0009137","purine nucleoside diphosphate catabolic process",0.0131949981395843,26,1.51689270790947,0.0266262821439274,0.225460863685123,212106,11,40,1.26129326047359,0.241396183989325,0.640269346339134
"GO:0009181","purine ribonucleoside diphosphate catabolic process",0.0131949981395843,26,1.51689270790947,0.0266262821439274,0.225460863685123,212106,11,40,1.26129326047359,0.241396183989325,0.640269346339134
"GO:0009191","ribonucleoside diphosphate catabolic process",0.0131949981395843,26,1.51689270790947,0.0266262821439274,0.225460863685123,212106,11,40,1.26129326047359,0.241396183989325,0.640269346339134
"GO:0061081","positive regulation of myeloid leukocyte cytokine production involved in immune response",0.00373784085472811,10,2.05953910464074,0.0266346134889106,0.225460863685123,74059,8,16,2.29326047358834,0.0119029160406291,0.347715106383732
"GO:0015802","basic amino acid transport",0.00172340934460214,6,2.68011639765602,0.0266785226840348,0.225460863685123,73998,4,9,2.03845375430075,0.1112028574589,0.53758873962322
"GO:0010467","gene expression",0.521756099505661,713,1.05199298533547,0.02674331709041,0.225494787285048,134565,570,2463,1.06143602918827,0.0270303062551989,0.405821798307366
"GO:0120254","olefinic compound metabolic process",0.0101164088662095,21,1.59802573907371,0.0269417089255939,0.226652471913726,70439,12,57,0.965583357300355,0.606638024626994,0.814840345306899
"GO:0048523","negative regulation of cellular process",0.469476558762558,645,1.05763703746042,0.0271040204875139,0.226857597928455,143431,496,2162,1.052226822294,0.0689002637991576,0.479523898061771
"GO:0045671","negative regulation of osteoclast differentiation",0.00484252910221655,12,1.90765508966279,0.027139233715179,0.226857597928455,94877,6,16,1.71994535519126,0.114586339749142,0.543625729500403
"GO:0009060","aerobic respiration",0.0183168553659703,34,1.42895597861358,0.0271495346307908,0.226857597928455,189974,14,63,1.01922687715037,0.517408522308741,0.780319356815216
"GO:0051258","protein polymerization",0.0335758518046032,57,1.30688888778188,0.0272227090717059,0.226957866642761,124347,38,128,1.36162340619308,0.0218604584737738,0.405821798307366
"GO:0043170","macromolecule metabolic process",0.681605671610057,918,1.03681276289114,0.0273273429492694,0.227319377447959,135049,821,3631,1.03705141768991,0.0539407755283696,0.468665754590752
"GO:0032640","tumor necrosis factor production",0.0132367246053261,26,1.51211096820439,0.0275102411509602,0.227819184531389,82964,21,66,1.45934757410167,0.0377499660529992,0.442114843387871
"GO:0032680","regulation of tumor necrosis factor production",0.0132367246053261,26,1.51211096820439,0.0275102411509602,0.227819184531389,82964,21,66,1.45934757410167,0.0377499660529992,0.442114843387871
"GO:0051495","positive regulation of cytoskeleton organization",0.0249019295168235,44,1.36022428980679,0.0277542090590908,0.228460805387447,143612,27,83,1.49200079004543,0.015122677685528,0.386281270938799
"GO:0042181","ketone biosynthetic process",0.00272072503056397,8,2.26358174993982,0.0278927751707594,0.228460805387447,100334,5,23,0.997069771125366,0.584453933174545,0.806068435716566
"GO:0061082","myeloid leukocyte cytokine production",0.00431058310742572,11,1.96447954648463,0.0279120516432254,0.228460805387447,75735,9,19,2.1725625539258,0.0118272759721535,0.347715106383732
"GO:0098856","intestinal lipid absorption",0.00128886939881996,5,2.98642725720873,0.0279136555643456,0.228460805387447,69891,4,7,2.62086911267239,0.0446790120205265,0.442114843387871
"GO:1990822","basic amino acid transmembrane transport",0.00129019826715569,5,2.9833513201841,0.0280194698254475,0.228460805387447,80449,3,7,1.96565183450429,0.180308104461953,0.593229738391896
"GO:1905515","non-motile cilium assembly",0.00487123265826822,12,1.89641430347278,0.0282023808910463,0.228460805387447,64737,7,23,1.39589767957551,0.220046587003463,0.616159221484306
"GO:0071706","tumor necrosis factor superfamily cytokine production",0.0132706107478871,26,1.50824983409307,0.0282445410257144,0.228460805387447,82964,21,67,1.43756626702553,0.0440647828265424,0.442114843387871
"GO:1903555","regulation of tumor necrosis factor superfamily cytokine production",0.0132706107478871,26,1.50824983409307,0.0282445410257144,0.228460805387447,82964,21,67,1.43756626702553,0.0440647828265424,0.442114843387871
"GO:0065004","protein-DNA complex assembly",0.0126447137617605,25,1.52202524159087,0.0282651972087933,0.228460805387447,148118,18,74,1.11564023039433,0.341537414308049,0.702085032515025
"GO:0007595","lactation",0.00377690958379844,10,2.03823502692755,0.0282930233589115,0.228460805387447,149539,5,18,1.27403359643797,0.353413118456461,0.706445403811136
"GO:0050871","positive regulation of B cell activation",0.00776005953330144,17,1.68645484433984,0.0283041539510054,0.228460805387447,167916,10,33,1.38985483247778,0.164062018630941,0.590868505944047
"GO:0042113","B cell activation",0.0262745176207941,46,1.34776424002782,0.0284354244225735,0.228460805387447,162905,34,121,1.28877448102485,0.0600782286984227,0.479523898061771
"GO:0030890","positive regulation of B cell proliferation",0.00488026896295115,12,1.89290290326486,0.0285432345815928,0.228460805387447,206582,6,17,1.61877209900354,0.145940198948401,0.575998019253794
"GO:0070861","regulation of protein exit from endoplasmic reticulum",0.00223276457768564,7,2.41349251010204,0.0285757453755291,0.228460805387447,122871,1,6,0.764420157862781,0.771493078786242,0.883502943897388
"GO:0016553","base conversion or substitution editing",0.0022378142773614,7,2.40804638686071,0.0288739563658909,0.228460805387447,214744,3,5,2.75191256830601,0.0726397134239565,0.479523898061771
"GO:0042773","ATP synthesis coupled electron transport",0.0114298623292404,23,1.549093692174,0.0289721246204375,0.228460805387447,238987,8,33,1.11188386598223,0.433367940649336,0.741424756334832
"GO:0042775","mitochondrial ATP synthesis coupled electron transport",0.0114298623292404,23,1.549093692174,0.0289721246204375,0.228460805387447,238987,8,33,1.11188386598223,0.433367940649336,0.741424756334832
"GO:0006735","NADH regeneration",0.0032599798012013,9,2.12529122541176,0.0289739401377676,0.228460805387447,358989,3,10,1.37595628415301,0.377084061829277,0.714045860789383
"GO:0061615","glycolytic process through fructose-6-phosphate",0.0032599798012013,9,2.12529122541176,0.0289739401377676,0.228460805387447,358989,3,10,1.37595628415301,0.377084061829277,0.714045860789383
"GO:0061620","glycolytic process through glucose-6-phosphate",0.0032599798012013,9,2.12529122541176,0.0289739401377676,0.228460805387447,358989,3,10,1.37595628415301,0.377084061829277,0.714045860789383
"GO:0061621","canonical glycolysis",0.0032599798012013,9,2.12529122541176,0.0289739401377676,0.228460805387447,358989,3,10,1.37595628415301,0.377084061829277,0.714045860789383
"GO:0061718","glucose catabolic process to pyruvate",0.0032599798012013,9,2.12529122541176,0.0289739401377676,0.228460805387447,358989,3,10,1.37595628415301,0.377084061829277,0.714045860789383
"GO:0048261","negative regulation of receptor-mediated endocytosis",0.00274198692393558,8,2.24602950219385,0.029004053729781,0.228460805387447,72766,2,13,0.705618607257952,0.811204240230693,0.902152902279088
"GO:0015840","urea transport",0.00175928878966672,6,2.62545732768343,0.0290666177214571,0.22846854183603,137556,2,5,1.83460837887067,0.299989147301495,0.668216294192446
"GO:0006767","water-soluble vitamin metabolic process",0.00546550257800457,13,1.83106641824346,0.0293427167036147,0.230151118330677,203003,5,26,0.882023259072439,0.699274543083001,0.854160883857257
"GO:0001738","morphogenesis of a polarized epithelium",0.0054677616541753,13,1.83030988956242,0.0294250328048817,0.230309855920066,114299,9,29,1.42340305257207,0.162334581189554,0.590868505944047
"GO:0032056","positive regulation of translation in response to stress",0.00131026417902514,5,2.93766307988514,0.0296482365742878,0.231568331980227,83403,2,5,1.83460837887067,0.299989147301495,0.668216294192446
"GO:0042325","regulation of phosphorylation",0.0805848349545527,124,1.18456586408058,0.0298218366473962,0.232434903281177,139710,86,349,1.13020286950486,0.106929366345314,0.53758873962322
"GO:0051653","spindle localization",0.00663623558177856,15,1.74004433214526,0.0299668578671952,0.232999524150192,88859,12,36,1.52884031572556,0.074441775919207,0.479523898061771
"GO:0006351","DNA-templated transcription",0.360930606495508,502,1.07070752462793,0.0300648382402975,0.232999524150192,138661,364,1474,1.13262796795951,0.00168020813413361,0.272430394640544
"GO:0032611","interleukin-1 beta production",0.00381903471004093,10,2.01575266833692,0.0301619718786416,0.232999524150192,103378,9,26,1.58764186633039,0.0932073991218807,0.519218394507774
"GO:0032651","regulation of interleukin-1 beta production",0.00381903471004093,10,2.01575266833692,0.0301619718786416,0.232999524150192,103378,9,26,1.58764186633039,0.0932073991218807,0.519218394507774
"GO:0010888","negative regulation of lipid storage",0.00226067081273587,7,2.38369980923668,0.0302500345020047,0.232999524150192,85320,4,12,1.52884031572556,0.255224673077277,0.640269346339134
"GO:0070242","thymocyte apoptotic process",0.00226173390740445,7,2.38257938629462,0.0303150910448183,0.232999524150192,191089,4,11,1.66782579897334,0.203078312779333,0.616159221484306
"GO:0060044","negative regulation of cardiac muscle cell proliferation",0.00131850316270664,5,2.91930638658208,0.0303339003138929,0.232999524150192,277830,3,6,2.29326047358834,0.122181350558484,0.547048978101158
"GO:0060479","lung cell differentiation",0.00178427151437836,6,2.58869662331131,0.0308097732527708,0.235450036540513,124284,2,15,0.611536126290225,0.870723125178951,0.927836029273419
"GO:0060487","lung epithelial cell differentiation",0.00178427151437836,6,2.58869662331131,0.0308097732527708,0.235450036540513,124284,2,15,0.611536126290225,0.870723125178951,0.927836029273419
"GO:0051480","regulation of cytosolic calcium ion concentration",0.00844349651836496,18,1.64112259688699,0.0308460760340712,0.235450036540513,52508,10,27,1.69871146191729,0.0516841756824318,0.463160125076864
"GO:0046031","ADP metabolic process",0.0133880827087652,26,1.49501589542096,0.0309067837722992,0.235450036540513,212106,11,42,1.20123167664151,0.298509600158855,0.668216294192446
"GO:0006007","glucose catabolic process",0.00330423111678095,9,2.09682864837327,0.0311530318266695,0.236839647698655,358989,3,11,1.25086934923,0.442336217723005,0.741424756334832
"GO:0006081","cellular aldehyde metabolic process",0.0043909796417371,11,1.92851095629538,0.0312498028028492,0.237089505927547,55542,6,31,0.887713731711616,0.69772684614409,0.854160883857257
"GO:0006309","apoptotic DNA fragmentation",0.00227914208260246,7,2.36438115297851,0.0313937972567907,0.237695893515701,115543,3,11,1.25086934923,0.442336217723005,0.741424756334832
"GO:0051701","biological process involved in interaction with host",0.014684792430766,28,1.46784794145963,0.0315570068016831,0.238310917910657,122058,19,73,1.19375202734736,0.227243323878418,0.630570479872051
"GO:0072521","purine-containing compound metabolic process",0.0483349279753362,78,1.24229396611666,0.0316034963913864,0.238310917910657,166760,43,222,0.888380183462151,0.834811228594517,0.913883050482637
"GO:0002042","cell migration involved in sprouting angiogenesis",0.006103890926487,14,1.76568049788755,0.0316846124538948,0.238437955788944,275515,11,30,1.68172434729812,0.0454020261203552,0.442114843387871
"GO:0042327","positive regulation of phosphorylation",0.0490485302716207,79,1.2399150796238,0.0318321212311805,0.238987063924194,145844,53,213,1.14124699624584,0.153911539987372,0.587040640423195
"GO:0060425","lung morphogenesis",0.00728206559294105,16,1.69143863020376,0.0318864141893467,0.238987063924194,118395,7,30,1.07018822100789,0.49036218872413,0.769093063738652
"GO:0072678","T cell migration",0.00497023334927975,12,1.8586401562056,0.0321008723516381,0.23977322913052,68026,11,28,1.80184751496227,0.0272865925838124,0.405821798307366
"GO:1903556","negative regulation of tumor necrosis factor superfamily cytokine production",0.00497169510444905,12,1.85809368728522,0.0321611782778526,0.23977322913052,86647,9,26,1.58764186633039,0.0932073991218807,0.519218394507774
"GO:0060541","respiratory system development",0.0312156487535215,53,1.30705647608076,0.032185193559838,0.23977322913052,124819,33,121,1.25086934923,0.0895626317601856,0.512773709614643
"GO:0048524","positive regulation of viral process",0.0067119810769149,15,1.72040772739516,0.0325682402600204,0.241247780168866,83209,7,27,1.1890980233421,0.372211979527185,0.714045860789383
"GO:1900026","positive regulation of substrate adhesion-dependent cell spreading",0.00387125923563493,10,1.9885595199552,0.0325979757818611,0.241247780168866,128723,9,20,2.06393442622951,0.0174188679705248,0.386281270938799
"GO:0046471","phosphatidylglycerol metabolic process",0.0038728538776378,10,1.98774073343861,0.0326744612593776,0.241247780168866,57350,5,17,1.34897674916961,0.305433703579954,0.668216294192446
"GO:1901292","nucleoside phosphate catabolic process",0.0192652686971775,35,1.39856875856991,0.032861644058332,0.241247780168866,185079,17,73,1.06809391920553,0.423967628485332,0.735121112733222
"GO:0086014","atrial cardiac muscle cell action potential",0.00498910327964705,12,1.85161035378228,0.0328856134002894,0.241247780168866,81005,5,11,2.08478224871667,0.0697427210073327,0.479523898061771
"GO:0086026","atrial cardiac muscle cell to AV node cell signaling",0.00498910327964705,12,1.85161035378228,0.0328856134002894,0.241247780168866,81005,5,11,2.08478224871667,0.0697427210073327,0.479523898061771
"GO:0086066","atrial cardiac muscle cell to AV node cell communication",0.00498910327964705,12,1.85161035378228,0.0328856134002894,0.241247780168866,81005,5,11,2.08478224871667,0.0697427210073327,0.479523898061771
"GO:0019677","NAD catabolic process",0.0033402434486791,9,2.07422200595963,0.0330085263325246,0.241247780168866,358989,3,11,1.25086934923,0.442336217723005,0.741424756334832
"GO:0034612","response to tumor necrosis factor",0.0258860894062616,45,1.33824896410131,0.0330249667942555,0.241247780168866,105385,30,92,1.49560465668805,0.0104434991007485,0.347715106383732
"GO:0090051","negative regulation of cell migration involved in sprouting angiogenesis",0.00181483548610004,6,2.54509991661426,0.0330333887670576,0.241247780168866,127331,4,9,2.03845375430075,0.1112028574589,0.53758873962322
"GO:0045292","mRNA cis splicing, via spliceosome",0.00388282039015574,10,1.98263855489014,0.0331553471832124,0.241366871679948,153880,4,12,1.52884031572556,0.255224673077277,0.640269346339134
"GO:1902850","microtubule cytoskeleton organization involved in mitosis",0.0179774623930261,33,1.41311139962305,0.0331798125489955,0.241366871679948,91895,19,73,1.19375202734736,0.227243323878418,0.630570479872051
"GO:0048243","norepinephrine secretion",0.00181948652527508,6,2.53859403748181,0.0333806265939232,0.241717514552658,100666,2,5,1.83460837887067,0.299989147301495,0.668216294192446
"GO:0032148","activation of protein kinase B activity",0.00282304789241482,8,2.18153703390453,0.0335200111636077,0.241717514552658,122827,3,10,1.37595628415301,0.377084061829277,0.714045860789383
"GO:0005979","regulation of glycogen biosynthetic process",0.00182214426194653,6,2.53489130405491,0.0335801048319773,0.241717514552658,230874,2,11,0.83391289948667,0.728330621221025,0.864950897800897
"GO:0010962","regulation of glucan biosynthetic process",0.00182214426194653,6,2.53489130405491,0.0335801048319773,0.241717514552658,230874,2,11,0.83391289948667,0.728330621221025,0.864950897800897
"GO:0006164","purine nucleotide biosynthetic process",0.0179969967575613,33,1.41157757519774,0.033597512019499,0.241717514552658,196274,15,65,1.05842791088693,0.449613163862315,0.741424756334832
"GO:0003181","atrioventricular valve morphogenesis",0.00231382554616489,7,2.32893987794248,0.0336189319431729,0.241717514552658,157957,4,12,1.52884031572556,0.255224673077277,0.640269346339134
"GO:0016310","phosphorylation",0.13305759315367,196,1.13398486178517,0.0337501165869567,0.242191358873519,125587,139,599,1.06431788256688,0.20683730704048,0.616159221484306
"GO:0031670","cellular response to nutrient",0.00282823047892415,8,2.17753947978518,0.0338240448382664,0.242253294111908,87713,6,18,1.52884031572556,0.180687224901036,0.593229738391896
"GO:0008228","opsonization",0.00182812416945729,6,2.52659951742392,0.0340317456269225,0.243138062626379,36020,3,6,2.29326047358834,0.122181350558484,0.547048978101158
"GO:1900157","regulation of bone mineralization involved in bone maturation",0.00136155849678414,5,2.82699179852308,0.0340786502872553,0.243138062626379,80789,2,5,1.83460837887067,0.299989147301495,0.668216294192446
"GO:0019222","regulation of metabolic process",0.555871870515069,755,1.04559404977228,0.0349038875847902,0.248547836736222,143015,605,2649,1.04750667158999,0.0581226587134751,0.479523898061771
"GO:0070873","regulation of glycogen metabolic process",0.00233641630787222,7,2.3064214056839,0.0351232646817476,0.24963086584154,210722,3,15,0.917304189435337,0.666676036777689,0.835308084274144
"GO:0019318","hexose metabolic process",0.0220185510019667,39,1.36353635103146,0.0353460113560986,0.250733656082459,182337,22,101,0.999044166711753,0.541517083947919,0.788457974921475
"GO:0071318","cellular response to ATP",0.00234106734704725,7,2.30183919820256,0.0354384151764441,0.250909389894289,47199,5,6,3.8221007893139,0.00240888455805743,0.272430394640544
"GO:0030574","collagen catabolic process",0.00393345027374688,10,1.95711878159915,0.0356748662418058,0.252102388108761,96758,6,17,1.61877209900354,0.145940198948401,0.575998019253794
"GO:0031323","regulation of cellular metabolic process",0.519693828735449,708,1.0487610433215,0.0358215616384751,0.252502396012246,138289,554,2374,1.07031701968656,0.0158797404982287,0.386281270938799
"GO:0048596","embryonic camera-type eye morphogenesis",0.0068019454632435,15,1.69765314544997,0.035867591023842,0.252502396012246,123097,9,20,2.06393442622951,0.0174188679705248,0.386281270938799
"GO:0034248","regulation of amide metabolic process",0.00564064742465317,13,1.77421091516327,0.0362351191374616,0.25460661363633,90663,10,26,1.76404651814488,0.0401366306919704,0.442114843387871
"GO:0007172","signal complex assembly",0.00185749215967682,6,2.48665256554592,0.036306657685421,0.254627032160514,87761,3,5,2.75191256830601,0.0726397134239565,0.479523898061771
"GO:0045070","positive regulation of viral genome replication",0.00185988412268112,6,2.48345452709352,0.036496125175083,0.255457812357124,56084,3,12,1.14663023679417,0.504706732604915,0.774119999011001
"GO:0010894","negative regulation of steroid biosynthetic process",0.00287474087067453,8,2.14230909944381,0.0366365447950195,0.255457812357124,181041,2,10,0.917304189435337,0.67633163876684,0.840881494579416
"GO:0038063","collagen-activated tyrosine kinase receptor signaling pathway",0.00186426938818902,6,2.47761277077489,0.0368451249198811,0.255457812357124,147527,3,5,2.75191256830601,0.0726397134239565,0.479523898061771
"GO:0032098","regulation of appetite",0.00186466804868974,6,2.47708306450976,0.0368769576708217,0.255457812357124,96189,3,6,2.29326047358834,0.122181350558484,0.547048978101158
"GO:1903321","negative regulation of protein modification by small protein conjugation or removal",0.00623877106256312,14,1.72750707824548,0.0368845711980681,0.255457812357124,134302,14,41,1.56612910391399,0.0468686222951956,0.446247940790258
"GO:0031330","negative regulation of cellular catabolic process",0.00985940573008026,20,1.56160109807626,0.0369075396035754,0.255457812357124,271437,14,53,1.21153383510328,0.252460946656634,0.640269346339134
"GO:0045739","positive regulation of DNA repair",0.0104794556955297,21,1.54266425899319,0.0369262534155899,0.255457812357124,211925,12,59,0.932851718069834,0.657904507080854,0.835308084274144
"GO:0071880","adenylate cyclase-activating adrenergic receptor signaling pathway",0.00341279965980971,9,2.03012399119233,0.0369759690662468,0.255457812357124,91339,3,12,1.14663023679417,0.504706732604915,0.774119999011001
"GO:1902905","positive regulation of supramolecular fiber organization",0.024773693722426,43,1.33619099444791,0.037214175335742,0.256180221179198,143390,26,82,1.4542627393487,0.0235424493019741,0.405821798307366
"GO:0032070","regulation of deoxyribonuclease activity",0.00139544463934513,5,2.75834282141391,0.0372186359071665,0.256180221179198,142292,2,5,1.83460837887067,0.299989147301495,0.668216294192446
"GO:0043252","sodium-independent organic anion transport",0.00236857492159677,7,2.27510666263097,0.0373405318257471,0.256467174394019,143768,3,9,1.52884031572556,0.310336636193712,0.668216294192446
"GO:0072538","T-helper 17 type immune response",0.00396667198214001,10,1.94072750202127,0.0373985825733596,0.256467174394019,74925,7,29,1.10709126311161,0.451406565439207,0.741424756334832
"GO:2000048","negative regulation of cell-cell adhesion mediated by cadherin",0.0013985010365173,5,2.75231451612195,0.0375102667790264,0.256599950897544,147777,3,9,1.52884031572556,0.310336636193712,0.668216294192446
"GO:0019432","triglyceride biosynthetic process",0.00237202997926965,7,2.27179278177784,0.0375840892442263,0.256599950897544,156819,5,14,1.63804319542024,0.171372945805701,0.593229738391896
"GO:0045600","positive regulation of fat cell differentiation",0.0050967416148408,12,1.81250610424993,0.0376254375440065,0.256599950897544,201850,11,31,1.62747517480463,0.0569766401563983,0.47608274490417
"GO:0002090","regulation of receptor internalization",0.00927045128368681,19,1.57776956333156,0.0377879436192528,0.25716140695709,171689,10,42,1.09202879694683,0.435332898277466,0.741424756334832
"GO:0031669","cellular response to nutrient levels",0.0241380959974486,42,1.3394827625928,0.0378711078011289,0.25716140695709,116420,28,125,1.02738069216758,0.470653907372303,0.754978406316201
"GO:0006930","substrate-dependent cell migration, cell extension",0.00187755807154627,6,2.46007711523823,0.0379157114839699,0.25716140695709,209428,5,7,3.27608639084049,0.00691237449110493,0.343375384974478
"GO:0006282","regulation of DNA repair",0.0162478073672461,30,1.42140337460337,0.038200229433766,0.258280217613354,189246,19,90,0.968265533292856,0.6049422953459,0.814840345306899
"GO:0008299","isoprenoid biosynthetic process",0.00188287354488917,6,2.45313215902328,0.0383494388994112,0.258280217613354,16037,3,14,0.982825917252147,0.617328601262156,0.814840345306899
"GO:0003171","atrioventricular valve development",0.00238412268112475,7,2.26026983750819,0.0384447465597986,0.258280217613354,157957,4,13,1.4112372145159,0.309606601725307,0.668216294192446
"GO:0070227","lymphocyte apoptotic process",0.00686905331419763,15,1.68106776620693,0.0384814185146094,0.258280217613354,199095,8,35,1.04834764506896,0.505878787189,0.774119999011001
"GO:2000047","regulation of cell-cell adhesion mediated by cadherin",0.00290410886089406,8,2.12064485898544,0.0384911577470297,0.258280217613354,126378,6,15,1.83460837887067,0.0870320823186246,0.503981106904705
"GO:2000515","negative regulation of CD4-positive, alpha-beta T cell activation",0.00290450752139478,8,2.12035378818081,0.0385167569025754,0.258280217613354,101218,6,14,1.96565183450429,0.0635516316835313,0.479523898061771
"GO:0045939","negative regulation of steroid metabolic process",0.00290530484239622,8,2.11977188621268,0.0385679893686788,0.258280217613354,181041,2,11,0.83391289948667,0.728330621221025,0.864950897800897
"GO:0003190","atrioventricular valve formation",0.00141125817254026,5,2.72743483688017,0.0387426133695866,0.25872067526966,137297,2,5,1.83460837887067,0.299989147301495,0.668216294192446
"GO:0042100","B cell proliferation",0.0080795194812098,17,1.61977330740246,0.0388332983907723,0.25872067526966,165676,11,35,1.44147801196982,0.121589390132109,0.547048978101158
"GO:0006352","DNA-templated transcription initiation",0.0143380906819752,27,1.44965043537266,0.038842969305984,0.25872067526966,115370,20,75,1.22307225258045,0.18653281361048,0.597284770758932
"GO:0036148","phosphatidylglycerol acyl-chain remodeling",0.00189004943390209,6,2.44381843220143,0.0389399637816649,0.258901909731141,64405,2,5,1.83460837887067,0.299989147301495,0.668216294192446
"GO:0060976","coronary vasculature development",0.0039981661616967,10,1.92544008825522,0.0390850379570795,0.259401593597075,160391,8,25,1.46768670309654,0.159225173432425,0.590868505944047
"GO:0009165","nucleotide biosynthetic process",0.0208758571200765,37,1.36442056692281,0.0392003699147386,0.259702450685143,190666,19,77,1.13173893501762,0.310549113385738,0.668216294192446
"GO:0071300","cellular response to retinoic acid",0.00809333971190134,17,1.61700737373685,0.0393451580328259,0.260197034406032,114099,9,31,1.33157059756742,0.218786731111825,0.616159221484306
"GO:0030279","negative regulation of ossification",0.00689430181257641,15,1.67491131441187,0.0394993738881271,0.260450823992547,113873,9,19,2.1725625539258,0.0118272759721535,0.347715106383732
"GO:0006002","fructose 6-phosphate metabolic process",0.00189735820974858,6,2.43440464779387,0.0395473334623714,0.260450823992547,250687,2,9,1.01922687715037,0.616482123379327,0.814840345306899
"GO:0030154","cell differentiation",0.455707356615107,624,1.05411841182382,0.0395941414371419,0.260450823992547,142324,482,1980,1.11651671542382,0.000868821918756701,0.272430394640544
"GO:0043255","regulation of carbohydrate biosynthetic process",0.00932626375378728,19,1.56832749532838,0.0396922397136741,0.260633998827842,131933,11,46,1.0967767482379,0.420406893019618,0.731914393760105
"GO:0051216","cartilage development",0.0269186201031202,46,1.31551525069379,0.0398086388666463,0.260936484443918,115371,28,114,1.12651391685041,0.268464570666516,0.653974758485078
"GO:0007599","hemostasis",0.0229002551427205,40,1.34465391049295,0.0399065501392584,0.261116933009962,81550,27,94,1.31740495291245,0.0687998258506342,0.479523898061771
"GO:1905651","regulation of artery morphogenesis",0.00190533141976293,6,2.42421743347754,0.0402167354058564,0.262221596407253,216781,4,6,3.05768063145112,0.0230980762894285,0.405821798307366
"GO:1905653","positive regulation of artery morphogenesis",0.00190533141976293,6,2.42421743347754,0.0402167354058564,0.262221596407253,216781,4,6,3.05768063145112,0.0230980762894285,0.405821798307366
"GO:0042573","retinoic acid metabolic process",0.0024100356136714,7,2.23596720085655,0.0403322105363668,0.262513159806879,101751,3,9,1.52884031572556,0.310336636193712,0.668216294192446
"GO:1901653","cellular response to peptide",0.00241123159517355,7,2.23485815126671,0.0404207528164547,0.262628709192727,352099,3,11,1.25086934923,0.442336217723005,0.741424756334832
"GO:0035821","modulation of process of another organism",0.00190931802477011,6,2.41915573226621,0.0405541089426926,0.263034517792639,98472,3,7,1.96565183450429,0.180308104461953,0.593229738391896
"GO:0032868","response to insulin",0.033091877956732,55,1.2794759425609,0.0409635021535555,0.264582193484265,146526,21,124,0.776749515247664,0.927590515887925,0.954607715379806
"GO:0008064","regulation of actin polymerization or depolymerization",0.0209565194280551,37,1.35916886888396,0.0410494454664039,0.264582193484265,139674,25,64,1.79160974499089,0.00126973326195334,0.272430394640544
"GO:0048332","mesoderm morphogenesis",0.00753255727422527,16,1.63519062692357,0.0410539213773814,0.264582193484265,187073,13,34,1.7536697739205,0.0217037510424771,0.405821798307366
"GO:0009135","purine nucleoside diphosphate metabolic process",0.0150661776431191,28,1.43069083949811,0.0411621092321024,0.264582193484265,205351,13,46,1.29619070246298,0.185959654243172,0.597284770758932
"GO:0009179","purine ribonucleoside diphosphate metabolic process",0.0150661776431191,28,1.43069083949811,0.0411621092321024,0.264582193484265,205351,13,46,1.29619070246298,0.185959654243172,0.597284770758932
"GO:0071826","protein-RNA complex organization",0.0125050496996758,24,1.47746318655945,0.0412206220576564,0.264582193484265,117146,21,73,1.31941013548918,0.0984122457040066,0.521003496228806
"GO:0036151","phosphatidylcholine acyl-chain remodeling",0.00242398873119651,7,2.22309638477794,0.0413730814742863,0.265102128272197,68351,3,7,1.96565183450429,0.180308104461953,0.593229738391896
"GO:0045948","positive regulation of translational initiation",0.00192207516079307,6,2.40309938891046,0.0416457056881526,0.266388910522493,65608,5,11,2.08478224871667,0.0697427210073327,0.479523898061771
"GO:0048869","cellular developmental process",0.456064290650082,624,1.05329341687072,0.0418554540289013,0.266848973408912,142324,482,1981,1.11595310274566,0.000911410796265555,0.272430394640544
"GO:0002011","morphogenesis of an epithelial sheet",0.00518630734066869,12,1.78120475357184,0.0419209748390657,0.266848973408912,91126,7,25,1.28422586520947,0.293926480419984,0.668216294192446
"GO:0033143","regulation of intracellular steroid hormone receptor signaling pathway",0.00576821878488279,13,1.7349720256165,0.0419334101071147,0.266848973408912,75230,9,31,1.33157059756742,0.218786731111825,0.616159221484306
"GO:0046785","microtubule polymerization",0.00816496571519694,17,1.60282240597089,0.0420763969527442,0.267300398449796,110996,12,51,1.07918139933569,0.436225896829527,0.741424756334832
"GO:0051252","regulation of RNA metabolic process",0.377449901663743,521,1.06259863984365,0.0423747230287457,0.268185778854563,143529,381,1541,1.13398084417542,0.00115213501841993,0.272430394640544
"GO:0042476","odontogenesis",0.0138223568808802,26,1.44804512221072,0.0424253700780818,0.268185778854563,107750,20,68,1.34897674916961,0.0870683977601906,0.503981106904705
"GO:0009166","nucleotide catabolic process",0.0183725349492372,33,1.38272465471264,0.0424326286220023,0.268185778854563,192996,15,68,1.01173256187721,0.527406156719087,0.784760956846717
"GO:0038065","collagen-activated signaling pathway",0.00193204167331101,6,2.39070290674743,0.0425112715809264,0.268225880212988,147527,3,6,2.29326047358834,0.122181350558484,0.547048978101158
"GO:0010657","muscle cell apoptotic process",0.00637245521713709,14,1.691266678681,0.0426156029046896,0.268427651572832,97781,8,36,1.01922687715037,0.541047926978345,0.788457974921475
"GO:1901874","negative regulation of post-translational protein modification",0.00637843512464785,14,1.6896810831365,0.0428858272430396,0.269379123213907,134302,14,43,1.49328588977846,0.0678259761563357,0.479523898061771
"GO:0007098","centrosome cycle",0.00879976611917291,18,1.57467968413776,0.0429399247937254,0.269379123213907,66355,9,55,0.750521609538003,0.876342919074431,0.930518669080177
"GO:0030808","regulation of nucleotide biosynthetic process",0.00193908467549035,6,2.38201956970949,0.0431297032854611,0.269379123213907,85334,3,6,2.29326047358834,0.122181350558484,0.547048978101158
"GO:1900371","regulation of purine nucleotide biosynthetic process",0.00193908467549035,6,2.38201956970949,0.0431297032854611,0.269379123213907,85334,3,6,2.29326047358834,0.122181350558484,0.547048978101158
"GO:2001169","regulation of ATP biosynthetic process",0.00193908467549035,6,2.38201956970949,0.0431297032854611,0.269379123213907,85334,3,6,2.29326047358834,0.122181350558484,0.547048978101158
"GO:0034655","nucleobase-containing compound catabolic process",0.0540789613565088,85,1.20998902937756,0.0432203338464514,0.269491493395521,165111,49,221,1.0169209339894,0.473392308574977,0.754978406316201
"GO:0090317","negative regulation of intracellular protein transport",0.00351977356083559,9,1.96842391897162,0.0434005122735122,0.270160906937467,97811,2,12,0.764420157862781,0.773055398944247,0.883502943897388
"GO:0071709","membrane assembly",0.00580250358794451,13,1.72472073092718,0.0435663499852861,0.270738958870036,145338,7,21,1.52884031572556,0.154106991659078,0.587040640423195
"GO:0060039","pericardium development",0.00194665922500399,6,2.37275101107249,0.0438010745286601,0.27127245845346,74441,4,12,1.52884031572556,0.255224673077277,0.640269346339134
"GO:0001501","skeletal system development",0.0633196459894754,98,1.19145720118928,0.0439351786330943,0.27127245845346,134479,63,258,1.11996441733384,0.168552199670658,0.593229738391896
"GO:0002040","sprouting angiogenesis",0.0177734811034923,32,1.38601627670541,0.0439464426394403,0.27127245845346,228846,24,74,1.48752030719244,0.0219855241488168,0.405821798307366
"GO:0019646","aerobic electron transport chain",0.0113235528623824,22,1.49565290167742,0.0439762446833019,0.27127245845346,249792,7,31,1.03566602033022,0.528442811964507,0.784760956846717
"GO:0060907","positive regulation of macrophage cytokine production",0.00352947429968639,9,1.96301371768831,0.0440177951452785,0.27127245845346,81941,7,12,2.67547055251973,0.00645475617872848,0.343375384974478
"GO:0071560","cellular response to transforming growth factor beta stimulus",0.0360084781799819,59,1.26135720803509,0.0441413056325153,0.271375658432331,118415,36,133,1.24146431652903,0.0864767067535597,0.503981106904705
"GO:1901223","negative regulation of non-canonical NF-kappaB signal transduction",0.00195091160367831,6,2.36757915409038,0.0441808349577164,0.271375658432331,344198,2,12,0.764420157862781,0.773055398944247,0.883502943897388
"GO:0031295","T cell costimulation",0.00195423377451762,6,2.36355430172725,0.0444789506087948,0.272543670612368,267220,5,13,1.76404651814488,0.132865333619212,0.554477376521119
"GO:0098914","membrane repolarization during atrial cardiac muscle cell action potential",0.0014686652846436,5,2.62082500612264,0.0445913768360398,0.272543670612368,99831,4,5,3.66921675774135,0.00930528180184775,0.347715106383732
"GO:0099624","atrial cardiac muscle cell membrane repolarization",0.0014686652846436,5,2.62082500612264,0.0445913768360398,0.272543670612368,99831,4,5,3.66921675774135,0.00930528180184775,0.347715106383732
"GO:0071402","cellular response to lipoprotein particle stimulus",0.00196127677669697,6,2.355066709208,0.0451151025357858,0.275206508504493,193546,5,16,1.43328779599271,0.258523849276556,0.640269346339134
"GO:0003207","cardiac chamber formation",0.00196194121086483,6,2.35426913852621,0.0451754079997941,0.275206508504493,200534,4,7,2.62086911267239,0.0446790120205265,0.442114843387871
"GO:0043604","amide biosynthetic process",0.0132870887152501,25,1.44844171138874,0.0457263217341574,0.278105989563482,81396,19,75,1.16191863995143,0.267690619640313,0.652517870476717
"GO:0050974","detection of mechanical stimulus involved in sensory perception",0.00248099718279913,7,2.17201398793436,0.0458060961699116,0.27813521569619,248891,5,15,1.52884031572556,0.213543377549239,0.616159221484306
"GO:1901532","regulation of hematopoietic progenitor cell differentiation",0.00301400627225854,8,2.04332140330091,0.045984466620838,0.278494791154781,128755,5,19,1.20697919662544,0.401659934530528,0.722895245575533
"GO:0033013","tetrapyrrole metabolic process",0.00526590655397863,12,1.75428014036899,0.0460154466247658,0.278494791154781,223436,4,28,0.655217278168098,0.888870824285686,0.937274472507013
"GO:0060537","muscle tissue development",0.0677694944984851,104,1.18138089162001,0.0465161538535652,0.281066662535386,193682,54,203,1.22005975934749,0.0580542462925746,0.479523898061771
"GO:0046326","positive regulation of D-glucose import",0.00197855206506139,6,2.33450396676747,0.046699386117337,0.28171499592735,231128,2,15,0.611536126290225,0.870723125178951,0.927836029273419
"GO:0036314","response to sterol",0.00767235422314357,16,1.60539603534252,0.0469230399343195,0.282528323533403,124570,4,18,1.01922687715037,0.574708313790709,0.800731083677225
"GO:0006915","apoptotic process",0.194331845000797,277,1.09730319587905,0.0469865163396522,0.282528323533403,134655,193,850,1.04141005035894,0.262245585290061,0.646036865214677
"GO:0046320","regulation of fatty acid oxidation",0.00358090150427896,9,1.93482184813899,0.0473883342271135,0.284047779312988,207813,2,14,0.655217278168098,0.843516846725449,0.916210439400109
"GO:0030520","estrogen receptor signaling pathway",0.00198599372774146,6,2.3257564109201,0.0473923383813315,0.284047779312988,27057,6,19,1.44837503595053,0.218322033449073,0.616159221484306
"GO:0070206","protein trimerization",0.00529447722319673,12,1.74481349135088,0.0475499915607603,0.284074828809051,214965,3,7,1.96565183450429,0.180308104461953,0.593229738391896
"GO:0070207","protein homotrimerization",0.00529447722319673,12,1.74481349135088,0.0475499915607603,0.284074828809051,214965,3,7,1.96565183450429,0.180308104461953,0.593229738391896
"GO:0019896","axonal transport of mitochondrion",0.0014981661616967,5,2.56921748870564,0.0477910932694938,0.285056199404859,235898,4,9,2.03845375430075,0.1112028574589,0.53758873962322
"GO:0061387","regulation of extent of cell growth",0.0146450592675278,27,1.41926495617705,0.0478783026799872,0.285117982251609,194163,20,58,1.58155894730231,0.0177867792969196,0.386281270938799
"GO:0007631","feeding behavior",0.00770105777919524,16,1.59941236707164,0.0481978100371789,0.285889470424671,69442,12,45,1.22307225258045,0.263638763863887,0.646036865214677
"GO:0010874","regulation of cholesterol efflux",0.00251156115452081,7,2.14558207167907,0.0483032052638392,0.285889470424671,123980,5,13,1.76404651814488,0.132865333619212,0.554477376521119
"GO:1900117","regulation of execution phase of apoptosis",0.00304603199914952,8,2.02183809215024,0.0483354656318961,0.285889470424671,152009,4,11,1.66782579897334,0.203078312779333,0.616159221484306
"GO:1903670","regulation of sprouting angiogenesis",0.00649444533035667,14,1.65949832847988,0.0483695672832893,0.285889470424671,174092,8,21,1.74724607511493,0.0670857819221957,0.479523898061771
"GO:0031623","receptor internalization",0.0159650241854037,29,1.39836088074306,0.0484312641565112,0.285889470424671,137232,17,72,1.08292855697227,0.399423814763233,0.722895245575533
"GO:0042594","response to starvation",0.0212551161430925,37,1.34007495489649,0.0484702094062313,0.285889470424671,172354,23,110,0.958999834409671,0.627731903037421,0.817578361985218
"GO:0046459","short-chain fatty acid metabolic process",0.00251554775952799,7,2.14218178313441,0.0486351606823666,0.286346311767275,159168,3,10,1.37595628415301,0.377084061829277,0.714045860789383
"GO:1902857","positive regulation of non-motile cilium assembly",0.00200021261893372,6,2.30922332986985,0.0487339830936313,0.286346311767275,109994,3,5,2.75191256830601,0.0726397134239565,0.479523898061771
"GO:0006006","glucose metabolic process",0.0192697868495189,34,1.35829110041541,0.0487792099829967,0.286346311767275,187562,19,86,1.01330113949252,0.51655386137248,0.780319356815216
"GO:0032370","positive regulation of lipid transport",0.00650574071121033,14,1.65661707844576,0.048928341223484,0.28676800306339,180280,10,33,1.38985483247778,0.164062018630941,0.590868505944047
"GO:0046949","fatty-acyl-CoA biosynthetic process",0.0025203316855366,7,2.13811563612435,0.0490354153482118,0.286942257006097,80355,4,15,1.22307225258045,0.419938859200025,0.731786363378155
"GO:0005975","carbohydrate metabolic process",0.0474160155211822,75,1.21766284913754,0.0492142686364292,0.287535333293153,148191,50,220,1.04239112435834,0.394455140839219,0.721967722009622
"GO:0055002","striated muscle cell development",0.0226335512677404,39,1.32648625631337,0.0494998083176323,0.288748881852855,169859,18,78,1.05842791088693,0.436062790093617,0.741424756334832
"GO:0006809","nitric oxide biosynthetic process",0.00533407749960134,12,1.73185996817145,0.0497344641179137,0.289662263543893,115745,8,26,1.4112372145159,0.188566406459334,0.597284770758932
"GO:0006493","protein O-linked glycosylation",0.0108541965662042,21,1.48940381322482,0.049860525427923,0.28988863065186,114295,10,48,0.955525197328476,0.621123583969787,0.814840345306899
"GO:0038061","non-canonical NF-kappaB signal transduction",0.00652633817041408,14,1.65138870967317,0.0499587893424871,0.28988863065186,236778,10,49,0.936024683097283,0.649010778586445,0.830859209301487
"GO:0097193","intrinsic apoptotic signaling pathway",0.034934088130548,57,1.25607708600461,0.050208550352383,0.28988863065186,138206,39,138,1.29619070246298,0.0430002240223043,0.442114843387871
"GO:0061469","regulation of type B pancreatic cell proliferation",0.00201602615212885,6,2.29110998360035,0.050253306967461,0.28988863065186,231380,2,7,1.3104345563362,0.47232702215742,0.754978406316201
"GO:0071549","cellular response to dexamethasone stimulus",0.00362382395152288,9,1.91190481634769,0.0503291002824473,0.28988863065186,170332,7,17,1.88856744883746,0.0571042645505002,0.47608274490417
"GO:0001736","establishment of planar polarity",0.00253614521873173,7,2.12478392217629,0.0503733184708866,0.28988863065186,32065,5,16,1.43328779599271,0.258523849276556,0.640269346339134
"GO:0007164","establishment of tissue polarity",0.00253614521873173,7,2.12478392217629,0.0503733184708866,0.28988863065186,32065,5,16,1.43328779599271,0.258523849276556,0.640269346339134
"GO:0030198","extracellular matrix organization",0.0349469781534046,57,1.25561378808291,0.050480959986192,0.28988863065186,111487,38,147,1.18563126525656,0.136465264117333,0.564396324603374
"GO:0043062","extracellular structure organization",0.0349469781534046,57,1.25561378808291,0.050480959986192,0.28988863065186,111487,38,147,1.18563126525656,0.136465264117333,0.564396324603374
"GO:0072070","loop of Henle development",0.00775275075745495,16,1.58874797306415,0.0505547018953514,0.28988863065186,143386,6,9,3.05768063145112,0.00484175759069594,0.304456282397999
"GO:0006383","transcription by RNA polymerase III",0.00363020251953436,9,1.90854544043493,0.0507761179187496,0.290708946726174,110190,7,21,1.52884031572556,0.154106991659078,0.587040640423195
"GO:0045913","positive regulation of carbohydrate metabolic process",0.00776005953330144,16,1.5872516182022,0.0508943294894748,0.290756155915106,152991,7,34,0.944283724418729,0.63487232966514,0.819546396331826
"GO:0043330","response to exogenous dsRNA",0.00152647105724765,5,2.52157725843714,0.0509855089785228,0.290756155915106,57836,5,14,1.63804319542024,0.171372945805701,0.593229738391896
"GO:0051123","RNA polymerase II preinitiation complex assembly",0.00308137989687982,8,1.99864467605088,0.0510194764152923,0.290756155915106,128692,7,21,1.52884031572556,0.154106991659078,0.587040640423195
"GO:0060713","labyrinthine layer morphogenesis",0.00420467230106841,10,1.83087500190686,0.0514467777792326,0.29229366541824,99470,5,14,1.63804319542024,0.171372945805701,0.593229738391896
"GO:0045746","negative regulation of Notch signaling pathway",0.00595864561739223,13,1.67952566271042,0.0515657610537408,0.29229366541824,150295,11,27,1.86858260810902,0.020505804208186,0.398306458703509
"GO:0061614","miRNA transcription",0.0102692287248179,20,1.49928093209801,0.0517181844722706,0.29229366541824,133680,13,40,1.49061930783242,0.0777140775994613,0.481334270273792
"GO:1902893","regulation of miRNA transcription",0.0102692287248179,20,1.49928093209801,0.0517181844722706,0.29229366541824,133680,13,40,1.49061930783242,0.0777140775994613,0.481334270273792
"GO:0055090","acylglycerol homeostasis",0.00203144102482326,6,2.27372470472957,0.0517619779460333,0.29229366541824,87849,3,8,1.71994535519126,0.243958709948775,0.640269346339134
"GO:0070328","triglyceride homeostasis",0.00203144102482326,6,2.27372470472957,0.0517619779460333,0.29229366541824,87849,3,8,1.71994535519126,0.243958709948775,0.640269346339134
"GO:0045229","external encapsulating structure organization",0.0350132886833573,57,1.25323582192108,0.0518999180839071,0.292627197707136,111487,38,148,1.17762024319401,0.146731926120086,0.578507381408629
"GO:0030832","regulation of actin filament length",0.0214051453781959,37,1.33068233378077,0.0525543958272042,0.295867691227508,139674,25,66,1.73731854059723,0.00210758083361529,0.272430394640544
"GO:0045069","regulation of viral genome replication",0.00422978791261362,10,1.82000364232909,0.0531087257604351,0.298535412986688,104926,6,26,1.05842791088693,0.513803584254512,0.777727987590469
"GO:0002639","positive regulation of immunoglobulin production",0.0036672779461011,9,1.88925043815637,0.0534259978691933,0.299864526618317,79260,6,20,1.37595628415301,0.258274367035768,0.640269346339134
"GO:0001101","response to acid chemical",0.0154718811460161,28,1.39317527951745,0.0536046411362828,0.300015895732291,112081,16,55,1.33426063917867,0.126554467484998,0.554477376521119
"GO:2001141","regulation of RNA biosynthetic process",0.354621006750651,489,1.06153727739696,0.0536147005041803,0.300015895732291,139605,352,1432,1.12741297025572,0.00283559303718328,0.276843425472368
"GO:0071897","DNA biosynthetic process",0.0135203051081699,25,1.42345704213889,0.0536980380058192,0.300029700303598,122500,13,61,0.977455283824539,0.587521186880319,0.809396065104338
"GO:0061744","motor behavior",0.00155065646095785,5,2.48224851895342,0.0538116862974213,0.300128232550789,74627,3,12,1.14663023679417,0.504706732604915,0.774119999011001
"GO:0032069","regulation of nuclease activity",0.00155171955562643,5,2.48054791193521,0.0539379586164609,0.300128232550789,142292,2,7,1.3104345563362,0.47232702215742,0.754978406316201
"GO:1903522","regulation of blood circulation",0.0330346037314623,54,1.25839072074245,0.053958364180964,0.300128232550789,113395,31,108,1.3165013829859,0.0545959556414828,0.471048826581165
"GO:0015911","long-chain fatty acid import across plasma membrane",0.00155278265029501,5,2.47884963351882,0.0540644031174424,0.300178237892653,277032,1,6,0.764420157862781,0.771493078786242,0.883502943897388
"GO:0045717","negative regulation of fatty acid biosynthetic process",0.0025793334396428,7,2.08920665403062,0.0541438312086171,0.300178237892653,122871,1,5,0.917304189435337,0.707726406600702,0.857780126915584
"GO:0051493","regulation of cytoskeleton organization",0.0625669749641206,96,1.18118228269545,0.0542918509878656,0.300178237892653,137610,62,242,1.17505908564031,0.0851673243081378,0.503981106904705
"GO:0072329","monocarboxylic acid catabolic process",0.013537979057035,25,1.42159870664668,0.0543403634125523,0.300178237892653,160650,12,53,1.03845757294566,0.494893033205743,0.769895892233997
"GO:0019724","B cell mediated immunity",0.00845160261521288,17,1.54846253286272,0.0543719072409333,0.300178237892653,98765,13,54,1.10416245024624,0.393989108407927,0.72147067729191
"GO:0001707","mesoderm formation",0.00722598734917344,15,1.59802993734488,0.0547067315951208,0.300635467761317,190948,12,32,1.71994535519126,0.0314508907849462,0.419722319468167
"GO:0006637","acyl-CoA metabolic process",0.00661789719874555,14,1.62854164192423,0.054721091784546,0.300635467761317,65378,10,40,1.14663023679417,0.370246557444554,0.714045860789383
"GO:0035383","thioester metabolic process",0.00661789719874555,14,1.62854164192423,0.054721091784546,0.300635467761317,65378,10,40,1.14663023679417,0.370246557444554,0.714045860789383
"GO:0062125","regulation of mitochondrial gene expression",0.00155876255780577,5,2.4693399801933,0.0547788615112265,0.300635467761317,332575,4,11,1.66782579897334,0.203078312779333,0.616159221484306
"GO:0035872","nucleotide-binding domain, leucine rich repeat containing receptor signaling pathway",0.00258903417849359,7,2.08137869705561,0.0550143139694197,0.301418328668297,127602,6,18,1.52884031572556,0.180687224901036,0.593229738391896
"GO:1904753","negative regulation of vascular associated smooth muscle cell migration",0.00368986870780843,9,1.87768373759504,0.05508399645205,0.301418328668297,225965,3,7,1.96565183450429,0.180308104461953,0.593229738391896
"GO:0031294","lymphocyte costimulation",0.00206612448838569,6,2.23555631342944,0.0552565734669562,0.301917360180276,267220,5,14,1.63804319542024,0.171372945805701,0.593229738391896
"GO:0032495","response to muramyl dipeptide",0.00156434380481582,5,2.46052989871453,0.0554506038642905,0.302531971083114,71783,4,13,1.4112372145159,0.309606601725307,0.668216294192446
"GO:0006355","regulation of DNA-templated transcription",0.354113511933238,488,1.06088466667705,0.0557293145110463,0.302796178950582,139954,350,1427,1.12493506062498,0.00340111559910228,0.291755094426912
"GO:0031113","regulation of microtubule polymerization",0.00544012119279222,12,1.69810100938985,0.0559183324747833,0.302796178950582,76625,8,34,1.07918139933569,0.469900996430349,0.754978406316201
"GO:0072017","distal tubule development",0.00370129697549567,9,1.87188612866842,0.0559353225135343,0.302796178950582,84416,3,6,2.29326047358834,0.122181350558484,0.547048978101158
"GO:0050433","regulation of catecholamine secretion",0.00786530590549088,16,1.56601246023748,0.0559629082025822,0.302796178950582,161634,10,20,2.29326047358834,0.0049931079741441,0.308740509734577
"GO:0051225","spindle assembly",0.0116479296231329,22,1.45400128983305,0.0560332976576332,0.302796178950582,91643,11,50,1.00903460837887,0.542169195075227,0.788457974921475
"GO:0045670","regulation of osteoclast differentiation",0.00911151863073407,18,1.52080169010301,0.056046503157501,0.302796178950582,110043,10,32,1.43328779599271,0.140275215998898,0.571102770811118
"GO:0097009","energy homeostasis",0.00848748206027747,17,1.54191666024846,0.0560703436493395,0.302796178950582,84932,11,39,1.29363411330624,0.214482940367403,0.616159221484306
"GO:0098528","skeletal muscle fiber differentiation",0.00314662733216393,8,1.95720143368672,0.0562219434093237,0.303173561117138,158377,3,6,2.29326047358834,0.122181350558484,0.547048978101158
"GO:0007000","nucleolus organization",0.00157789826184022,5,2.43939346198985,0.0571017273016158,0.307470839316393,41789,2,11,0.83391289948667,0.728330621221025,0.864950897800897
"GO:0032543","mitochondrial translation",0.00606203157391166,13,1.65088190442227,0.0573838636665053,0.308182395862539,185512,9,39,1.05842791088693,0.485822510557555,0.766979367731289
"GO:0071875","adrenergic receptor signaling pathway",0.00372069845319726,9,1.86212523096544,0.0574000095797882,0.308182395862539,91339,3,15,0.917304189435337,0.666676036777689,0.835308084274144
"GO:0090257","regulation of muscle system process",0.0359759209057567,58,1.24110042044333,0.0579524439269574,0.310698796197994,177020,31,110,1.29256499420434,0.0677867894998033,0.479523898061771
"GO:0010889","regulation of sequestering of triglyceride",0.001586668792856,5,2.42590937752659,0.0581850031850289,0.311046630859449,97353,2,5,1.83460837887067,0.299989147301495,0.668216294192446
"GO:0030730","sequestering of triglyceride",0.001586668792856,5,2.42590937752659,0.0581850031850289,0.311046630859449,97353,2,5,1.83460837887067,0.299989147301495,0.668216294192446
"GO:0060561","apoptotic process involved in morphogenesis",0.00262730558656248,7,2.05105969120097,0.0585332707169828,0.312458178935261,60776,5,16,1.43328779599271,0.258523849276556,0.640269346339134
"GO:0060711","labyrinthine layer development",0.00669151650454473,14,1.6106246114481,0.0587687663964749,0.313046832224086,98801,8,27,1.35896916953383,0.219975836193115,0.616159221484306
"GO:0019362","pyridine nucleotide metabolic process",0.0182723382767235,32,1.34817633792042,0.0588966816421596,0.313046832224086,185630,16,67,1.0952885844004,0.385759095396296,0.717450621306231
"GO:0046496","nicotinamide nucleotide metabolic process",0.0182723382767235,32,1.34817633792042,0.0588966816421596,0.313046832224086,185630,16,67,1.0952885844004,0.385759095396296,0.717450621306231
"GO:0072676","lymphocyte migration",0.00918593525753468,18,1.50848144957907,0.0595473858799145,0.316052648947758,67521,15,40,1.71994535519126,0.0171755941276874,0.386281270938799
"GO:0003012","muscle system process",0.0664505926752777,101,1.17007409389162,0.0596473529287277,0.316130970522257,141687,58,199,1.33677494942838,0.00845001885432728,0.347715106383732
"GO:0043931","ossification involved in bone maturation",0.00375790676659757,9,1.84368769552677,0.0602776400667403,0.319015755560066,64351,5,14,1.63804319542024,0.171372945805701,0.593229738391896
"GO:0040008","regulation of growth",0.0707994471907723,107,1.16344205958948,0.0604368524704999,0.319402738839821,180118,78,295,1.21270723349078,0.0309490266372393,0.419362978000806
"GO:0060379","cardiac muscle cell myoblast differentiation",0.00211622282464253,6,2.18263293947886,0.0605497325953044,0.319544108006514,226279,4,8,2.29326047358834,0.0742237619839166,0.479523898061771
"GO:0006413","translational initiation",0.00796430659650242,16,1.54654606805159,0.0610393204755749,0.320910255113529,72297,12,47,1.17102662481107,0.31924083223203,0.677564924245326
"GO:0006606","protein import into nucleus",0.0176776696964865,31,1.34998060107299,0.0613134988559895,0.320910255113529,92009,20,64,1.43328779599271,0.0500434648617127,0.462995647473701
"GO:0002820","negative regulation of adaptive immune response",0.00612794344336363,13,1.63312509684554,0.0613156035880262,0.320910255113529,139205,10,23,1.99413954225073,0.0162960409762464,0.386281270938799
"GO:0090307","mitotic spindle assembly",0.00735116674639877,15,1.57081787275624,0.0613719978774174,0.320910255113529,109221,6,29,0.948935368381383,0.630042193238743,0.817578361985218
"GO:0062012","regulation of small molecule metabolic process",0.0417093233402435,66,1.21815244216003,0.0613845189010251,0.320910255113529,168355,32,137,1.07130416284419,0.360589182340617,0.710658612643248
"GO:0070507","regulation of microtubule cytoskeleton organization",0.015033886142561,27,1.38255798949382,0.0614136708916653,0.320910255113529,128461,19,81,1.07585059254762,0.401064534754116,0.722895245575533
"GO:0072529","pyrimidine-containing compound catabolic process",0.00320802104927444,8,1.91974536051812,0.0614140919489503,0.320910255113529,124425,5,13,1.76404651814488,0.132865333619212,0.554477376521119
"GO:0060349","bone morphogenesis",0.0163561101366077,29,1.36492510104946,0.0615184286803845,0.321003333901866,122945,15,56,1.22853239656518,0.224400235440259,0.624857201421022
"GO:0005996","monosaccharide metabolic process",0.0237416945729017,40,1.29699746302405,0.0616335564891638,0.321152380020783,181482,23,111,0.950360196261836,0.646408619171864,0.829244805369161
"GO:0006900","vesicle budding from membrane",0.0117913145165577,22,1.43632032477276,0.0620464568893302,0.322850427853317,172871,10,36,1.27403359643797,0.245543416700729,0.640269346339134
"GO:0043117","positive regulation of vascular permeability",0.00213097326316909,6,2.1675249165129,0.0621635674060489,0.323006771815744,181960,4,7,2.62086911267239,0.0446790120205265,0.442114843387871
"GO:0015980","energy derivation by oxidation of organic compounds",0.0292429437091373,48,1.2636040175117,0.0625223514250769,0.324416676625224,175208,24,125,0.880612021857924,0.791997144694366,0.890303056065182
"GO:0034616","response to laminar fluid shear stress",0.00162467442725775,5,2.36916063861176,0.0630142918810483,0.326512601785879,133606,4,7,2.62086911267239,0.0446790120205265,0.442114843387871
"GO:0050432","catecholamine secretion",0.00800603306224419,16,1.53848565897946,0.0632700622863721,0.327380434989762,161634,10,22,2.08478224871667,0.0113949628530636,0.347715106383732
"GO:0009892","negative regulation of metabolic process",0.2807405783235,390,1.06942483582212,0.0634337417836878,0.327380434989762,145895,297,1238,1.10032045340184,0.0234493251924672,0.405821798307366
"GO:0043603","amide metabolic process",0.0306553978631797,50,1.25560748576725,0.0634465047864257,0.327380434989762,82506,42,163,1.1818029434443,0.127394797693229,0.554477376521119
"GO:0043371","negative regulation of CD4-positive, alpha-beta T cell differentiation",0.00214426194652634,6,2.15409206502237,0.0636390535891596,0.32791790113303,94749,4,10,1.83460837887067,0.15459264304406,0.587040640423195
"GO:0061515","myeloid cell development",0.0124812629564663,23,1.41860064148961,0.0638981488116516,0.32879629971044,235113,12,37,1.48752030719244,0.089215949298739,0.511578318235428
"GO:1902855","regulation of non-motile cilium assembly",0.00214824855153351,6,2.15009461593473,0.0640856881900207,0.329107369399994,109994,3,6,2.29326047358834,0.122181350558484,0.547048978101158
"GO:0060669","embryonic placenta morphogenesis",0.00438460107372562,10,1.75574226201954,0.0641360183493789,0.329107369399994,99470,5,15,1.52884031572556,0.213543377549239,0.616159221484306
"GO:0035437","maintenance of protein localization in endoplasmic reticulum",0.00324801998617977,8,1.89610395009688,0.0649530321645886,0.332764983715318,110060,2,6,1.52884031572556,0.388893045673,0.717450621306231
"GO:0071383","cellular response to steroid hormone stimulus",0.0252160739913889,42,1.2822203615612,0.0650281976263087,0.332764983715318,103437,29,106,1.25480290064268,0.102897228573185,0.533168600567762
"GO:0010887","negative regulation of cholesterol storage",0.00164221548928932,5,2.34385482826246,0.0653170650761365,0.333782798116345,112217,2,6,1.52884031572556,0.388893045673,0.717450621306231
"GO:0072524","pyridine-containing compound metabolic process",0.0184686121299102,32,1.33384869040921,0.0656816954353482,0.335184443005697,185630,16,69,1.06354108920039,0.436408417056636,0.741424756334832
"GO:0002063","chondrocyte development",0.00619983522032637,13,1.61418777657133,0.0658047650598241,0.335254289680005,135389,7,22,1.45934757410167,0.185875759505939,0.597284770758932
"GO:0007051","spindle organization",0.0184741933769202,32,1.33344572077133,0.0658824018105182,0.335254289680005,92341,19,83,1.04992648188382,0.447427051647472,0.741424756334832
"GO:0032715","negative regulation of interleukin-6 production",0.00216485940573008,6,2.13359705120624,0.0659664774842059,0.335254289680005,83194,5,16,1.43328779599271,0.258523849276556,0.640269346339134
"GO:0097475","motor neuron migration",0.00164939137830224,5,2.33365758682464,0.0662725174053458,0.336348891345873,138677,4,9,2.03845375430075,0.1112028574589,0.53758873962322
"GO:0010745","negative regulation of macrophage derived foam cell differentiation",0.00165258066230798,5,2.32915390540909,0.0666996582190367,0.338054278678451,103941,2,5,1.83460837887067,0.299989147301495,0.668216294192446
"GO:0006929","substrate-dependent cell migration",0.00271421357571892,7,1.98538561345089,0.0670286990519759,0.339258490426781,181776,6,16,1.71994535519126,0.114586339749142,0.543625729500403
"GO:0072044","collecting duct development",0.00442712486046882,10,1.73887786088353,0.0674040378072348,0.339435732800917,61933,5,10,2.29326047358834,0.0461181790811607,0.442114843387871
"GO:2000144","positive regulation of DNA-templated transcription initiation",0.00442752352096954,10,1.73872128985338,0.0674351677595393,0.339435732800917,108132,9,24,1.71994535519126,0.0588712779050359,0.479523898061771
"GO:0090407","organophosphate biosynthetic process",0.0525923563493329,81,1.18564108032032,0.0677613011785321,0.339435732800917,122624,56,238,1.07918139933569,0.279291161650177,0.668216294192446
"GO:0010934","macrophage cytokine production",0.00385052888959762,9,1.7993389129556,0.0678357625608905,0.339435732800917,81941,7,14,2.29326047358834,0.0185331714897861,0.386281270938799
"GO:0010935","regulation of macrophage cytokine production",0.00385052888959762,9,1.7993389129556,0.0678357625608905,0.339435732800917,81941,7,14,2.29326047358834,0.0185331714897861,0.386281270938799
"GO:0071559","response to transforming growth factor beta",0.0370802104927444,59,1.22490009897818,0.0679581488278378,0.339435732800917,118415,36,137,1.20521718319971,0.121081503931046,0.547048978101158
"GO:0031023","microtubule organizing center organization",0.0106322755541381,20,1.44808688752243,0.0680000137832273,0.339435732800917,72667,10,60,0.764420157862781,0.871722081283941,0.928002559989504
"GO:0035767","endothelial cell chemotaxis",0.0062345186838888,13,1.60520783348826,0.0680461392840699,0.339435732800917,132267,9,19,2.1725625539258,0.0118272759721535,0.347715106383732
"GO:0045981","positive regulation of nucleotide metabolic process",0.00443562961781747,10,1.73554378307723,0.0680701307827176,0.339435732800917,106337,5,14,1.63804319542024,0.171372945805701,0.593229738391896
"GO:1900544","positive regulation of purine nucleotide metabolic process",0.00443562961781747,10,1.73554378307723,0.0680701307827176,0.339435732800917,106337,5,14,1.63804319542024,0.171372945805701,0.593229738391896
"GO:1903580","positive regulation of ATP metabolic process",0.00443562961781747,10,1.73554378307723,0.0680701307827176,0.339435732800917,106337,5,14,1.63804319542024,0.171372945805701,0.593229738391896
"GO:0008016","regulation of heart contraction",0.0273785414341147,45,1.26529867984122,0.0682532996189996,0.339641713234213,114926,26,85,1.4029358191364,0.0364840814896732,0.442114843387871
"GO:0150105","protein localization to cell-cell junction",0.00328456386541221,8,1.87500800049633,0.0682945331732406,0.339641713234213,85270,5,20,1.14663023679417,0.449455123695447,0.741424756334832
"GO:0009132","nucleoside diphosphate metabolic process",0.0165444107797799,29,1.34939017038129,0.0686444937045911,0.340925129376216,198292,14,52,1.23483256270142,0.228628237789739,0.63252107546602
"GO:0001569","branching involved in blood vessel morphogenesis",0.00563971721681816,12,1.63800327809618,0.0689117412146465,0.341562526645307,164004,9,22,1.87630402384501,0.0339315443083827,0.437104268694792
"GO:0010742","macrophage derived foam cell differentiation",0.00329585924626588,8,1.86858208000435,0.0693483205700387,0.341562526645307,82472,5,12,1.91105039465695,0.0987855921834425,0.521003496228806
"GO:0090077","foam cell differentiation",0.00329585924626588,8,1.86858208000435,0.0693483205700387,0.341562526645307,82472,5,12,1.91105039465695,0.0987855921834425,0.521003496228806
"GO:0097094","craniofacial suture morphogenesis",0.00386833572529634,9,1.79105614365515,0.069353802046376,0.341562526645307,98178,3,12,1.14663023679417,0.504706732604915,0.774119999011001
"GO:0051053","negative regulation of DNA metabolic process",0.00811539892627438,16,1.51775250526504,0.0693772712370417,0.341562526645307,68688,12,46,1.19648372535044,0.29105492020061,0.668216294192446
"GO:0007440","foregut morphogenesis",0.00167304523467815,5,2.3006638576384,0.0694769496537966,0.341562526645307,151659,4,6,3.05768063145112,0.0230980762894285,0.405821798307366
"GO:0006366","transcription by RNA polymerase II",0.290390687290703,402,1.06569816359537,0.0695331509128767,0.341562526645307,148103,285,1159,1.12783301979755,0.00744275918570159,0.347715106383732
"GO:0010907","positive regulation of glucose metabolic process",0.00446047945569553,10,1.72587487145727,0.0700402928834193,0.341562526645307,187228,3,20,0.687978142076503,0.844345954800262,0.916210439400109
"GO:0000132","establishment of mitotic spindle orientation",0.00505421782809759,11,1.67544269676785,0.0700503625644379,0.341562526645307,86518,8,20,1.83460837887067,0.0509434016520354,0.463160125076864
"GO:0040001","establishment of mitotic spindle localization",0.00505421782809759,11,1.67544269676785,0.0700503625644379,0.341562526645307,86518,8,20,1.83460837887067,0.0509434016520354,0.463160125076864
"GO:0044804","nucleophagy",0.00167782916068676,5,2.29410406840388,0.0701352701938369,0.341562526645307,130810,3,9,1.52884031572556,0.310336636193712,0.668216294192446
"GO:0072234","metanephric nephron tubule development",0.00565752405251688,12,1.63284772683802,0.0701585586344637,0.341562526645307,73096,4,15,1.22307225258045,0.419938859200025,0.731786363378155
"GO:0072243","metanephric nephron epithelium development",0.00565752405251688,12,1.63284772683802,0.0701585586344637,0.341562526645307,73096,4,15,1.22307225258045,0.419938859200025,0.731786363378155
"GO:0019320","hexose catabolic process",0.004464997608037,10,1.72412845045639,0.0704023387087971,0.341562526645307,342948,4,18,1.01922687715037,0.574708313790709,0.800731083677225
"GO:0000018","regulation of DNA recombination",0.00876494976877691,17,1.49310496209814,0.0704561608883296,0.341562526645307,112197,12,51,1.07918139933569,0.436225896829527,0.741424756334832
"GO:0050884","neuromuscular process controlling posture",0.00220406102163398,6,2.09564871344513,0.0705317315148528,0.341562526645307,97256,4,8,2.29326047358834,0.0742237619839166,0.479523898061771
"GO:1901342","regulation of vasculature development",0.0442105193217456,69,1.20147385112945,0.0705520975597225,0.341562526645307,156194,44,135,1.49486608648722,0.0022560759673127,0.272430394640544
"GO:0031110","regulation of microtubule polymerization or depolymerization",0.00876906926061766,17,1.49240353831804,0.0706867556885646,0.341562526645307,117014,12,50,1.1007650273224,0.406688876391565,0.726789851354867
"GO:0044539","long-chain fatty acid import into cell",0.00168301174719609,5,2.28703971319917,0.0708523269498413,0.341562526645307,277032,1,8,0.573315118397086,0.860340416128771,0.923571453656754
"GO:0016226","iron-sulfur cluster assembly",0.0016839419550311,5,2.28577635477174,0.0709814558105782,0.341562526645307,364092,4,9,2.03845375430075,0.1112028574589,0.53758873962322
"GO:0031163","metallo-sulfur cluster assembly",0.0016839419550311,5,2.28577635477174,0.0709814558105782,0.341562526645307,364092,4,9,2.03845375430075,0.1112028574589,0.53758873962322
"GO:0021869","forebrain ventricular zone progenitor cell division",0.00275248498378781,7,1.9577801938268,0.0709927471376239,0.341562526645307,160661,3,5,2.75191256830601,0.0726397134239565,0.479523898061771
"GO:0051170","import into nucleus",0.0179462339871366,31,1.32977822419668,0.0711946897057312,0.341562526645307,92009,20,66,1.38985483247778,0.0668128720150725,0.479523898061771
"GO:0030833","regulation of actin filament polymerization",0.0192914474033913,33,1.3168611205095,0.0712156569220121,0.341562526645307,127350,21,55,1.75121708892201,0.00416211940580902,0.302405250559475
"GO:0042733","embryonic digit morphogenesis",0.00628262371764206,13,1.59291701670831,0.0712369681308909,0.341562526645307,127882,10,35,1.3104345563362,0.216874228835467,0.616159221484306
"GO:0060536","cartilage morphogenesis",0.00168580237070111,5,2.28325382056341,0.0712401025879421,0.341562526645307,42903,2,6,1.52884031572556,0.388893045673,0.717450621306231
"GO:0007494","midgut development",0.00168593525753468,5,2.28307385257882,0.0712585972030909,0.341562526645307,144518,5,8,2.86657559198543,0.0151342620571364,0.386281270938799
"GO:0036499","PERK-mediated unfolded protein response",0.00168872588103971,5,2.27930106764774,0.0716475951310345,0.342351820682465,83403,2,5,1.83460837887067,0.299989147301495,0.668216294192446
"GO:1903897","regulation of PERK-mediated unfolded protein response",0.00168872588103971,5,2.27930106764774,0.0716475951310345,0.342351820682465,83403,2,5,1.83460837887067,0.299989147301495,0.668216294192446
"GO:0009154","purine ribonucleotide catabolic process",0.0152902248445224,27,1.35937957818745,0.0717000982938748,0.342351820682465,210041,12,55,1.000695479384,0.552034825250051,0.788457974921475
"GO:0010506","regulation of autophagy",0.0463937171105087,72,1.19471461189616,0.0720586022192958,0.342837198391914,143638,45,172,1.19996187571483,0.0973092453383999,0.521003496228806
"GO:0045333","cellular respiration",0.0227041141763674,38,1.2884568638202,0.0720681974844202,0.342837198391914,177626,18,84,0.982825917252147,0.576377883695633,0.802086252254613
"GO:0031112","positive regulation of microtubule polymerization or depolymerization",0.00332536012331898,8,1.85200498514498,0.0721473145447211,0.342837198391914,101143,6,21,1.3104345563362,0.299941317186444,0.668216294192446
"GO:0044091","membrane biogenesis",0.0062964439483336,13,1.58942068118558,0.0721713886641738,0.342837198391914,145338,7,24,1.33773527625987,0.256210114463468,0.640269346339134
"GO:0031076","embryonic camera-type eye development",0.00754079625790677,15,1.53131628490118,0.072481537829546,0.343758996417857,123097,9,26,1.58764186633039,0.0932073991218807,0.519218394507774
"GO:0046365","monosaccharide catabolic process",0.00449197363525222,10,1.71377439680901,0.0725885605106978,0.343758996417857,342948,4,19,0.965583357300355,0.62085454826009,0.814840345306899
"GO:0051953","negative regulation of amine transport",0.00508983149949503,11,1.66371958458745,0.0727454147274624,0.343758996417857,75545,5,12,1.91105039465695,0.0987855921834425,0.521003496228806
"GO:0048732","gland development",0.0571000106309467,87,1.17293491021975,0.0727925457277641,0.343758996417857,148476,60,223,1.23404151045113,0.0389857250889051,0.442114843387871
"GO:0003230","cardiac atrium development",0.0039082017753681,9,1.77278627479774,0.0728287253866403,0.343758996417857,112228,6,19,1.44837503595053,0.218322033449073,0.616159221484306
"GO:0009185","ribonucleoside diphosphate metabolic process",0.0159853558709403,28,1.34842430248591,0.0729813414248234,0.343833588446592,205351,13,49,1.21683208802647,0.257968990161826,0.640269346339134
"GO:0035337","fatty-acyl-CoA metabolic process",0.00333532663583692,8,1.84647088522522,0.0731082096812601,0.343833588446592,83842,5,18,1.27403359643797,0.353413118456461,0.706445403811136
"GO:0072202","cell differentiation involved in metanephros development",0.00333599107000478,8,1.84610312094757,0.0731725440112712,0.343833588446592,88423,4,16,1.14663023679417,0.473743862507848,0.754978406316201
"GO:0097212","lysosomal membrane organization",0.0016998883750598,5,2.26433379984892,0.0732152385101907,0.343833588446592,312550,2,7,1.3104345563362,0.47232702215742,0.754978406316201
"GO:0006357","regulation of transcription by RNA polymerase II",0.283189549779408,392,1.06561344865561,0.0734114859908575,0.344319359072163,150714,276,1117,1.13328539070794,0.00651004630785401,0.343375384974478
"GO:0060294","cilium movement involved in cell motility",0.0153482963907936,27,1.35423625334768,0.0741868083520808,0.347202305805681,124932,17,75,1.03961141469338,0.473083261106474,0.754978406316201
"GO:0045922","negative regulation of fatty acid metabolic process",0.00278304895550949,7,1.93627948024325,0.0742564811287776,0.347202305805681,122871,1,9,0.509613438575187,0.890822702722452,0.938107359381293
"GO:0051259","protein complex oligomerization",0.0373176792643385,59,1.21710552204939,0.074306908574046,0.347202305805681,139562,31,117,1.21523204583314,0.13097572888939,0.554477376521119
"GO:0006308","DNA catabolic process",0.00278583957901451,7,1.93433987572669,0.0745588080564002,0.347548063465281,115543,3,17,0.809386049501768,0.750984683904892,0.873040703943482
"GO:0030041","actin filament polymerization",0.0234606389198958,39,1.27972195432242,0.0746443881685991,0.347548063465281,133405,26,74,1.61148033279181,0.00571133104883881,0.33633393954273
"GO:0071825","protein-lipid complex organization",0.00451708924679743,10,1.70424558529462,0.0746619424748864,0.347548063465281,77952,8,18,2.03845375430075,0.0267098777763669,0.405821798307366
"GO:0016266","O-glycan processing",0.00633870196140966,13,1.57882454331101,0.0750778223561558,0.349046016217215,87238,4,21,0.873623037557464,0.703122337618131,0.854160883857257
"GO:0003188","heart valve formation",0.00171463881358635,5,2.24485452744846,0.0753152931009301,0.349204168495211,137297,2,8,1.14663023679417,0.548449792893634,0.788457974921475
"GO:0043536","positive regulation of blood vessel endothelial cell migration",0.00572954871631319,12,1.61232162358294,0.0753500415996391,0.349204168495211,107964,7,27,1.1890980233421,0.372211979527185,0.714045860789383
"GO:2001026","regulation of endothelial cell chemotaxis",0.00512451496305746,11,1.65245928814844,0.0754326344051011,0.349204168495211,148674,7,14,2.29326047358834,0.0185331714897861,0.386281270938799
"GO:0055094","response to lipoprotein particle",0.00171649922925637,5,2.24242145758825,0.0755824655799608,0.349204168495211,206971,4,13,1.4112372145159,0.309606601725307,0.668216294192446
"GO:0071404","cellular response to low-density lipoprotein particle stimulus",0.00171649922925637,5,2.24242145758825,0.0755824655799608,0.349204168495211,206971,4,13,1.4112372145159,0.309606601725307,0.668216294192446
"GO:0043067","regulation of programmed cell death",0.15524623930261,221,1.09587755983125,0.0757734573320308,0.349618735874434,139782,155,665,1.06903871701111,0.174572464982565,0.593229738391896
"GO:0060043","regulation of cardiac muscle cell proliferation",0.00573645883165896,12,1.61037942740923,0.0758606691048299,0.349618735874434,291516,8,20,1.83460837887067,0.0509434016520354,0.463160125076864
"GO:0032957","inositol trisphosphate metabolic process",0.00172035294742997,5,2.23739826723833,0.0761375306546874,0.350162278076229,95900,3,7,1.96565183450429,0.180308104461953,0.593229738391896
"GO:0010906","regulation of glucose metabolic process",0.0120936320629352,22,1.40041507859546,0.0761673742338321,0.350162278076229,216049,12,52,1.05842791088693,0.465679065670085,0.754978406316201
"GO:0050848","regulation of calcium-mediated signaling",0.0101540158401106,19,1.44047794528453,0.076611545491396,0.351153978463735,144134,13,38,1.56907295561308,0.0535704962225882,0.468665754590752
"GO:0010878","cholesterol storage",0.00574895019401478,12,1.60688038283949,0.0767893191630927,0.351153978463735,130736,6,11,2.50173869846001,0.0177687287697539,0.386281270938799
"GO:0005978","glycogen biosynthetic process",0.00225615266039441,6,2.04726290265054,0.0768725262625995,0.351153978463735,230874,2,17,0.539590699667845,0.912515991084296,0.947455450352248
"GO:0009250","glucan biosynthetic process",0.00225615266039441,6,2.04726290265054,0.0768725262625995,0.351153978463735,230874,2,17,0.539590699667845,0.912515991084296,0.947455450352248
"GO:0001539","cilium or flagellum-dependent cell motility",0.0154152713549142,27,1.34835248248239,0.0771277648960653,0.351153978463735,124932,17,76,1.02593231713163,0.497470679449558,0.770612200733971
"GO:0060285","cilium-dependent cell motility",0.0154152713549142,27,1.34835248248239,0.0771277648960653,0.351153978463735,124932,17,76,1.02593231713163,0.497470679449558,0.770612200733971
"GO:0006766","vitamin metabolic process",0.0088810928613193,17,1.47357878097422,0.0771520184131553,0.351153978463735,203224,8,43,0.853306222730546,0.750331373697291,0.873040703943482
"GO:0001934","positive regulation of protein phosphorylation",0.0458899431244352,71,1.19105462046812,0.0771619538688355,0.351153978463735,154667,48,199,1.10629650987176,0.234857749095957,0.640269346339134
"GO:0030575","nuclear body organization",0.0017279274969436,5,2.22759039972833,0.0772349451284118,0.351153978463735,51508,4,7,2.62086911267239,0.0446790120205265,0.442114843387871
"GO:0099601","regulation of neurotransmitter receptor activity",0.00172899059161218,5,2.22622073381504,0.0773896488931735,0.351426679796418,58833,4,15,1.22307225258045,0.419938859200025,0.731786363378155
"GO:0060765","regulation of androgen receptor signaling pathway",0.00396321692446712,9,1.74817745244774,0.0777978025427749,0.352848224246571,100516,5,17,1.34897674916961,0.305433703579954,0.668216294192446
"GO:0045926","negative regulation of growth",0.0256223090416202,42,1.26189109099701,0.0782336273773172,0.354391645384428,153726,25,107,1.07161704373287,0.383693098093474,0.717450621306231
"GO:0009261","ribonucleotide catabolic process",0.0154441077977994,27,1.34583490815182,0.078418237880219,0.354794710409283,210041,12,57,0.965583357300355,0.606638024626994,0.814840345306899
"GO:0006790","sulfur compound metabolic process",0.0270174879072981,44,1.25371424271796,0.078772951877766,0.355891683316646,115627,30,123,1.11866364565285,0.273119219140519,0.661404897526976
"GO:0045056","transcytosis",0.00282477542125126,7,1.90767752527329,0.0788525508588365,0.355891683316646,82768,1,9,0.509613438575187,0.890822702722452,0.938107359381293
"GO:0043331","response to dsRNA",0.00174108329346728,5,2.21075850768336,0.0791611725660253,0.35685048629399,57836,5,16,1.43328779599271,0.258523849276556,0.640269346339134
"GO:2000736","regulation of stem cell differentiation",0.00640076011268804,13,1.56351715315331,0.0794811922601899,0.357734955390116,101248,10,33,1.38985483247778,0.164062018630941,0.590868505944047
"GO:0060343","trabecula formation",0.00227741455376601,6,2.02814970015176,0.079550225929069,0.357734955390116,212686,3,13,1.05842791088693,0.563236771868797,0.794225930685381
"GO:1903241","U2-type prespliceosome assembly",0.00174506989847446,5,2.2057080389634,0.079749924795931,0.357942138001083,48915,5,7,3.27608639084049,0.00691237449110493,0.343375384974478
"GO:0001562","response to protozoan",0.0017453356721416,5,2.20537216138781,0.079789258255228,0.357942138001083,175496,3,11,1.25086934923,0.442336217723005,0.741424756334832
"GO:0008333","endosome to lysosome transport",0.00518059320682507,11,1.63457195149079,0.0799085327884492,0.358044271310564,118573,8,27,1.35896916953383,0.219975836193115,0.616159221484306
"GO:0030282","bone mineralization",0.0115202253760697,21,1.40329561509947,0.080302752119084,0.359357817564396,131095,11,55,0.917304189435337,0.678885489959921,0.842081299816552
"GO:0006304","DNA modification",0.00283846276510923,7,1.89847851848008,0.0803954147111721,0.359357817564396,63993,4,13,1.4112372145159,0.309606601725307,0.668216294192446
"GO:0044092","negative regulation of molecular function",0.0747507043002179,111,1.143137676364,0.0807662325015843,0.360580893599131,140883,78,289,1.23788454629682,0.019394419690506,0.390909911318569
"GO:0019674","NAD metabolic process",0.0064202944772232,13,1.5587600015717,0.080900651506296,0.360746895538892,272216,6,30,0.917304189435337,0.664962194367397,0.835308084274144
"GO:0031397","negative regulation of protein ubiquitination",0.00580795194812098,12,1.59055642525973,0.0812732451206717,0.361294820231764,90060,13,38,1.56907295561308,0.0535704962225882,0.468665754590752
"GO:0030317","flagellated sperm motility",0.0141754371976825,25,1.35767054304592,0.0813156805642918,0.361294820231764,124837,15,70,0.982825917252147,0.577480425541174,0.802416621257587
"GO:0097722","sperm motility",0.0141754371976825,25,1.35767054304592,0.0813156805642918,0.361294820231764,124837,15,70,0.982825917252147,0.577480425541174,0.802416621257587
"GO:0034308","primary alcohol metabolic process",0.0052031839685324,11,1.62747509970293,0.0817574852757238,0.362189267742548,72093,7,33,0.972898382734448,0.600907643410918,0.813546739063194
"GO:0043200","response to amino acid",0.0148509009727316,26,1.34775637488699,0.0818072645281034,0.362189267742548,97200,15,49,1.40403702464592,0.0957982202632486,0.521003496228806
"GO:0006672","ceramide metabolic process",0.00831964598947536,16,1.48049172610947,0.0818098669456213,0.362189267742548,87747,13,42,1.41963743603088,0.107878729569439,0.53758873962322
"GO:0050798","activated T cell proliferation",0.0028521501089672,7,1.88936780295086,0.0819556529286484,0.362402231663034,55548,6,16,1.71994535519126,0.114586339749142,0.543625729500403
"GO:0086019","cell-cell signaling involved in cardiac conduction",0.00582031042364323,12,1.58717913930459,0.0822328755259911,0.363195200239794,81005,5,14,1.63804319542024,0.171372945805701,0.593229738391896
"GO:0014912","negative regulation of smooth muscle cell migration",0.0046086482751289,10,1.67038770321891,0.0825311126139133,0.364078986679689,203554,4,14,1.3104345563362,0.364900064093148,0.710658612643248
"GO:0030837","negative regulation of actin filament polymerization",0.00644700473077128,13,1.55230198322035,0.0828674881190843,0.365128718434445,49714,8,26,1.4112372145159,0.188566406459334,0.597284770758932
"GO:0006972","hyperosmotic response",0.00230425769414766,6,2.00452304274515,0.083004642378024,0.365299197179678,84552,4,12,1.52884031572556,0.255224673077277,0.640269346339134
"GO:0045765","regulation of angiogenesis",0.043280577260405,67,1.1917155521784,0.0832225355886911,0.365593438925005,154995,42,131,1.47048763191924,0.00393167279814111,0.302405250559475
"GO:0015914","phospholipid transport",0.00962472758199118,18,1.43970962450437,0.0832685864937006,0.365593438925005,191050,13,41,1.4542627393487,0.09203518184787,0.519218394507774
"GO:0007411","axon guidance",0.0327232498804019,52,1.22331348701413,0.0834955909959776,0.366156787937443,197346,38,134,1.30065519397548,0.0431745901054836,0.442114843387871
"GO:0033144","negative regulation of intracellular steroid hormone receptor signaling pathway",0.00344230053686281,8,1.78908943592757,0.0839082245856781,0.367531892813301,60398,5,15,1.52884031572556,0.213543377549239,0.616159221484306
"GO:0006195","purine nucleotide catabolic process",0.0155683569871897,27,1.33509396120869,0.0841467151096387,0.367871961263333,210041,12,58,0.948935368381383,0.632729461198008,0.819546396331826
"GO:0042475","odontogenesis of dentin-containing tooth",0.00964226864402275,18,1.43709052761305,0.0843290580374516,0.367871961263333,115472,13,48,1.24218275652702,0.232889640609996,0.640015234565247
"GO:0070306","lens fiber cell differentiation",0.00403245096475841,9,1.71816260806727,0.084337865838118,0.367871961263333,199112,6,23,1.19648372535044,0.386010953427164,0.717450621306231
"GO:0007492","endoderm development",0.0115954393238718,21,1.39419312228338,0.0843824903059558,0.367871961263333,164270,10,41,1.11866364565285,0.40275592253494,0.722895245575533
"GO:0006656","phosphatidylcholine biosynthetic process",0.00231581884866847,6,1.99451595576984,0.0845177241256878,0.368029056932279,74681,5,12,1.91105039465695,0.0987855921834425,0.521003496228806
"GO:0000271","polysaccharide biosynthetic process",0.00287859458884814,7,1.87201094796115,0.0850192141248207,0.369778762488962,203552,3,22,0.625434674615002,0.888220621086991,0.937274472507013
"GO:0022613","ribonucleoprotein complex biogenesis",0.0279033115398926,45,1.24150254650014,0.0854747800968435,0.369979353360667,113306,31,149,0.954242613170988,0.648951485305019,0.830859209301487
"GO:0071375","cellular response to peptide hormone stimulus",0.0327849093711795,52,1.22101276731968,0.0854944922802559,0.369979353360667,157914,21,136,0.708212793314047,0.976116959514783,0.984074434728219
"GO:0006376","mRNA splice site recognition",0.00464240153085632,10,1.65824290640718,0.085555308133235,0.369979353360667,150840,7,19,1.68977087527562,0.0991451397136218,0.521003496228806
"GO:0045830","positive regulation of isotype switching",0.00288337851485675,7,1.86890502141831,0.0855803288001451,0.369979353360667,98891,4,13,1.4112372145159,0.309606601725307,0.668216294192446
"GO:2000404","regulation of T cell migration",0.00345837984372508,8,1.78077128715727,0.085608432989706,0.369979353360667,68871,7,19,1.68977087527562,0.0991451397136218,0.521003496228806
"GO:0061077","chaperone-mediated protein folding",0.00464359751235848,10,1.65781581774653,0.0856636831635615,0.369979353360667,130759,6,23,1.19648372535044,0.386010953427164,0.717450621306231
"GO:2001239","regulation of extrinsic apoptotic signaling pathway in absence of ligand",0.00464519215436135,10,1.6572467083,0.0858083129250892,0.370173070874513,251004,4,19,0.965583357300355,0.62085454826009,0.814840345306899
"GO:1905477","positive regulation of protein localization to membrane",0.0162767766969649,28,1.32428199646439,0.0859091074522795,0.370177454875676,102954,14,49,1.3104345563362,0.163439134158775,0.590868505944047
"GO:0051937","catecholamine transport",0.0103210545899112,19,1.41716485910718,0.0861790718222538,0.370909926288355,144197,11,31,1.62747517480463,0.0569766401563983,0.47608274490417
"GO:0006687","glycosphingolipid metabolic process",0.00405278265029501,9,1.70954306321075,0.0863191555432716,0.371082348859256,96659,7,26,1.23483256270142,0.332743349773908,0.692655801326738
"GO:0030097","hemopoiesis",0.107915670015415,156,1.11283540875697,0.086878061426669,0.373052786913127,158421,100,396,1.15821236039815,0.0516693968877776,0.463160125076864
"GO:0030522","intracellular receptor signaling pathway",0.0349386062828895,55,1.21184747316424,0.0870912393399588,0.373535835781789,107400,43,165,1.19527515593089,0.108264746975557,0.53758873962322
"GO:0018198","peptidyl-cysteine modification",0.00233774517620794,6,1.97580886546163,0.0874290059496525,0.37417780670272,91944,4,17,1.07918139933569,0.525531603716431,0.78428087280288
"GO:0097485","neuron projection guidance",0.0328440440121193,52,1.21881437325007,0.0874426302995306,0.37417780670272,197346,38,135,1.29102071105714,0.0478823183585148,0.449730129392632
"GO:0035050","embryonic heart tube development",0.0103468346356243,19,1.41363386860261,0.087722075676484,0.374462041219111,137280,16,39,1.88164961935454,0.00524934355864515,0.319263354140549
"GO:0061640","cytoskeleton-dependent cytokinesis",0.00905171955562643,17,1.44580153106567,0.0877283423888859,0.374462041219111,148978,11,48,1.05107771706132,0.482027826107924,0.763914239581546
"GO:0007052","mitotic spindle organization",0.0129766650720247,23,1.36444360229458,0.0878118533317054,0.374462041219111,90504,12,55,1.000695479384,0.552034825250051,0.788457974921475
"GO:0050792","regulation of viral process",0.0123207356615107,22,1.37460174142259,0.0881042899851773,0.375277744942604,106659,12,55,1.000695479384,0.552034825250051,0.788457974921475
"GO:0072523","purine-containing compound catabolic process",0.0163319247328975,28,1.31981029136409,0.0885184782354526,0.376609580565974,206406,13,63,0.946424957353919,0.638121259499827,0.822594837080773
"GO:0042474","middle ear morphogenesis",0.00291115186307341,7,1.85107505156956,0.0888795801632103,0.3777127633511,122871,1,10,0.458652094717668,0.914655043161964,0.947665089290987
"GO:0006665","sphingolipid metabolic process",0.0130040397597406,23,1.36157132427875,0.0892851132907502,0.379002025524809,98715,17,71,1.09818107185921,0.375017007975786,0.714045860789383
"GO:0009451","RNA modification",0.0130101525540849,23,1.3609315926956,0.0896163022903531,0.37960859436134,134574,15,57,1.20697919662544,0.24711340786626,0.640269346339134
"GO:1903427","negative regulation of reactive oxygen species biosynthetic process",0.00180978578642428,5,2.1268344201239,0.0896326492346453,0.37960859436134,125449,2,5,1.83460837887067,0.299989147301495,0.668216294192446
"GO:0085029","extracellular matrix assembly",0.00408826343485887,9,1.69470646324724,0.089842624465742,0.380064009997609,110855,4,20,0.917304189435337,0.663704404401251,0.835308084274144
"GO:0140354","lipid import into cell",0.00181231063626216,5,2.12387138639591,0.0900305297099279,0.380094076143227,277032,1,9,0.509613438575187,0.890822702722452,0.938107359381293
"GO:0071711","basement membrane organization",0.00469130388561101,10,1.64095731057799,0.09005463421291,0.380094076143227,98510,5,17,1.34897674916961,0.305433703579954,0.668216294192446
"GO:0002285","lymphocyte activation involved in immune response",0.0177204592568968,30,1.30327819877019,0.0902755153364313,0.380289988793455,102806,24,87,1.26524715784184,0.119841086307285,0.547048978101158
"GO:0010002","cardioblast differentiation",0.00292297879126136,7,1.84358524980607,0.0903060593334323,0.380289988793455,248585,5,10,2.29326047358834,0.0461181790811607,0.442114843387871
"GO:2000117","negative regulation of cysteine-type endopeptidase activity",0.00350409291447403,8,1.75754001851674,0.0905514392542497,0.380890974640892,186717,6,19,1.44837503595053,0.218322033449073,0.616159221484306
"GO:0001783","B cell apoptotic process",0.00350582044331048,8,1.75667397271882,0.0907414055791607,0.381257774290698,206101,4,10,1.83460837887067,0.15459264304406,0.587040640423195
"GO:0008037","cell recognition",0.0218282570562909,36,1.26962156413051,0.0908842101270291,0.381425813994658,156659,23,73,1.44506824363101,0.034234091770216,0.437169325069785
"GO:0030168","platelet activation",0.0137051506936693,24,1.34808810135168,0.0912332238188645,0.381733380868544,86753,17,61,1.27821075577055,0.159191852527309,0.590868505944047
"GO:0032623","interleukin-2 production",0.00593246691117844,12,1.55717266138928,0.0912661748868999,0.381733380868544,156437,11,27,1.86858260810902,0.020505804208186,0.398306458703509
"GO:0032663","regulation of interleukin-2 production",0.00593246691117844,12,1.55717266138928,0.0912661748868999,0.381733380868544,156437,11,27,1.86858260810902,0.020505804208186,0.398306458703509
"GO:0060260","regulation of transcription initiation by RNA polymerase II",0.00470884494764259,10,1.63484453041724,0.0917024724241343,0.383126320600831,108132,9,26,1.58764186633039,0.0932073991218807,0.519218394507774
"GO:0030516","regulation of axon extension",0.0130506830383246,23,1.35670505403039,0.0918326609649297,0.383193379730565,218044,17,51,1.52884031572556,0.0381166188357946,0.442114843387871
"GO:0055012","ventricular cardiac muscle cell differentiation",0.0023708339977675,6,1.94823325829275,0.0919250964852298,0.383193379730565,328928,4,6,3.05768063145112,0.0230980762894285,0.405821798307366
"GO:0032387","negative regulation of intracellular transport",0.00532530696858555,11,1.59015290534682,0.0922098287611303,0.383948894168118,85648,4,24,0.764420157862781,0.800901062093878,0.896603180557721
"GO:0001890","placenta development",0.0177656407803115,30,1.29996370563247,0.0923920990798541,0.384276555589976,98972,22,74,1.36356028159307,0.0680861597086595,0.479523898061771
"GO:0002521","leukocyte differentiation",0.0774888375059799,114,1.1325478361412,0.093031485947289,0.386502589993776,140837,68,269,1.15941793460228,0.0931473030056386,0.519218394507774
"GO:1904752","regulation of vascular associated smooth muscle cell migration",0.00533607080210493,11,1.58694527528,0.0931681028396121,0.386637205296377,191446,5,15,1.52884031572556,0.213543377549239,0.616159221484306
"GO:0046339","diacylglycerol metabolic process",0.00352867697868495,8,1.74529535091767,0.0932764629041019,0.386654388127618,64820,7,16,2.0066029143898,0.0411083199344292,0.442114843387871
"GO:0044282","small molecule catabolic process",0.0281196513049487,45,1.23195099245299,0.0933812991572438,0.386656941822963,185378,25,143,0.80183932642949,0.916843149220337,0.949036176783593
"GO:0031116","positive regulation of microtubule polymerization",0.00238412268112475,6,1.93737414643559,0.0937653190595836,0.387814195887464,97782,5,19,1.20697919662544,0.401659934530528,0.722895245575533
"GO:0061180","mammary gland epithelium development",0.00722412693350343,14,1.49187870995841,0.0940932408127464,0.38847518228983,109017,11,37,1.36356028159307,0.16480750584569,0.590868505944047
"GO:0010460","positive regulation of heart rate",0.00413038856110137,9,1.67742244198576,0.0941345522583713,0.38847518228983,53056,3,13,1.05842791088693,0.563236771868797,0.794225930685381
"GO:0060900","embryonic camera-type eye formation",0.00239183011747196,6,1.93113114957503,0.0948416775846913,0.39095847093245,114653,3,8,1.71994535519126,0.243958709948775,0.640269346339134
"GO:0001947","heart looping",0.00851472386115984,16,1.44657269600524,0.0949557941087272,0.390994446330053,141284,14,28,2.29326047358834,0.000916609323223905,0.272430394640544
"GO:0071677","positive regulation of mononuclear cell migration",0.00851645138999628,16,1.44627926439483,0.0950778079979954,0.391062824470691,70316,12,35,1.57252146760343,0.0613305236920596,0.479523898061771
"GO:0032760","positive regulation of tumor necrosis factor production",0.007879259023016,15,1.46553680709362,0.0954338322720336,0.391771123989331,79498,13,41,1.4542627393487,0.09203518184787,0.519218394507774
"GO:0006970","response to osmotic stress",0.00660952532823048,13,1.51413266950692,0.0954828909669402,0.391771123989331,91339,9,33,1.25086934923,0.281551106967047,0.668216294192446
"GO:2000846","regulation of corticosteroid hormone secretion",0.00184686121299102,5,2.08413857876439,0.0955668105688261,0.391771123989331,303139,4,9,2.03845375430075,0.1112028574589,0.53758873962322
"GO:0002823","negative regulation of adaptive immune response based on somatic recombination of immune receptors built from immunoglobulin superfamily domains",0.00475083718705151,10,1.62039428086864,0.0957200161045108,0.391966070361738,142579,8,20,1.83460837887067,0.0509434016520354,0.463160125076864
"GO:0006909","phagocytosis",0.0185193749003349,31,1.28862401084613,0.0958774244215296,0.392177777953555,112672,24,97,1.13480930651794,0.275376032210202,0.662283342781832
"GO:0072132","mesenchyme morphogenesis",0.00599067134428321,12,1.54204341346469,0.0961846596195406,0.392706721408493,151551,8,31,1.18361830894882,0.359800051899977,0.710658612643248
"GO:0015748","organophosphate ester transport",0.0124637218944347,22,1.35883204386021,0.0962184392884959,0.392706721408493,162520,16,59,1.24380229075978,0.199420534393348,0.616159221484306
"GO:0007585","respiratory gaseous exchange by respiratory system",0.00853917503853718,16,1.44243056220196,0.0966919335803396,0.39404795345285,184098,10,35,1.3104345563362,0.216874228835467,0.616159221484306
"GO:1905332","positive regulation of morphogenesis of an epithelium",0.00355950672407378,8,1.73017892736011,0.0967594839880178,0.39404795345285,104327,7,19,1.68977087527562,0.0991451397136218,0.521003496228806
"GO:0009987","cellular process",0.953641630787222,1249,1.00824966310468,0.0972782052051679,0.394744768227234,132236,1402,6388,1.00662216154379,0.251423065175343,0.640269346339134
"GO:0071887","leukocyte apoptotic process",0.0105016477967363,19,1.39279436492764,0.0973645299565813,0.394744768227234,195040,12,54,1.01922687715037,0.52372272600512,0.78428087280288
"GO:0043616","keratinocyte proliferation",0.00416387604316164,9,1.66393196980281,0.0976303311188003,0.394744768227234,299974,7,24,1.33773527625987,0.256210114463468,0.640269346339134
"GO:0000966","RNA 5'-end processing",0.00241229468984213,6,1.9147485022421,0.0977316282855809,0.394744768227234,112768,5,12,1.91105039465695,0.0987855921834425,0.521003496228806
"GO:0043588","skin development",0.0296321692446712,47,1.22102698304875,0.0977422873454623,0.394744768227234,106453,32,116,1.26524715784184,0.0823121495887418,0.500116197311529
"GO:2000781","positive regulation of double-strand break repair",0.0085555201190666,16,1.43967483918697,0.0978635171722909,0.394744768227234,252140,9,45,0.917304189435337,0.672651340690624,0.839784447766504
"GO:0006244","pyrimidine nucleotide catabolic process",0.00241362355817786,6,1.913694299466,0.0979208915214611,0.394744768227234,116294,3,10,1.37595628415301,0.377084061829277,0.714045860789383
"GO:0009223","pyrimidine deoxyribonucleotide catabolic process",0.00241362355817786,6,1.913694299466,0.0979208915214611,0.394744768227234,116294,3,10,1.37595628415301,0.377084061829277,0.714045860789383
"GO:1903557","positive regulation of tumor necrosis factor superfamily cytokine production",0.00791314516557699,15,1.45926099790089,0.0979555863670606,0.394744768227234,79498,13,42,1.41963743603088,0.107878729569439,0.53758873962322
"GO:1902001","fatty acid transmembrane transport",0.001862408972519,5,2.06673977650142,0.0981133893706696,0.394744768227234,277032,1,8,0.573315118397086,0.860340416128771,0.923571453656754
"GO:0007017","microtubule-based process",0.095258332004465,138,1.11523646891993,0.0981252317992878,0.394744768227234,110827,90,415,0.994667193363618,0.543801895658942,0.788457974921475
"GO:0031214","biomineral tissue development",0.0172061872109711,29,1.29749054844355,0.0982073911249965,0.394744768227234,118429,14,74,0.867720179195589,0.7682939071522,0.883502943897388
"GO:2000401","regulation of lymphocyte migration",0.00601591984266199,12,1.53557153856557,0.0983672329602372,0.394959344461558,63820,10,27,1.69871146191729,0.0516841756824318,0.463160125076864
"GO:0006029","proteoglycan metabolic process",0.0111850847817998,20,1.37651695224747,0.0989783672114115,0.396983505247932,96752,15,41,1.67799546847927,0.0217658473601378,0.405821798307366
"GO:0003016","respiratory system process",0.00602522192101207,12,1.53320083638212,0.0991788042227175,0.397357844132054,187160,7,23,1.39589767957551,0.220046587003463,0.616159221484306
"GO:0030855","epithelial cell differentiation",0.0704915483973848,104,1.13576148709238,0.099599468399916,0.397552324339175,145130,76,314,1.11011335027206,0.162748072032599,0.590868505944047
"GO:0051093","negative regulation of developmental process",0.124815021527667,178,1.09785250021715,0.0996751254413061,0.397552324339175,137353,118,450,1.20268771503744,0.0123761361718231,0.356534282661975
"GO:0034250","positive regulation of amide metabolic process",0.00187224259820337,5,2.05588458852065,0.0997415804979693,0.397552324339175,99633,5,14,1.63804319542024,0.171372945805701,0.593229738391896
"GO:0032785","negative regulation of DNA-templated transcription, elongation",0.00187237548503694,5,2.05573867762012,0.0997636757246398,0.397552324339175,36307,4,11,1.66782579897334,0.203078312779333,0.616159221484306
"GO:0006119","oxidative phosphorylation",0.0152086323287089,26,1.31605498944386,0.0999562793598315,0.397552324339175,214129,11,47,1.07344107274348,0.451318744926937,0.741424756334832
"GO:0018230","peptidyl-L-cysteine S-palmitoylation",0.00187397012703981,5,2.05398936091813,0.100029010760363,0.397552324339175,99358,3,14,0.982825917252147,0.617328601262156,0.814840345306899
"GO:0018231","peptidyl-S-diacylglycerol-L-cysteine biosynthetic process from peptidyl-cysteine",0.00187397012703981,5,2.05398936091813,0.100029010760363,0.397552324339175,99358,3,14,0.982825917252147,0.617328601262156,0.814840345306899
"GO:0050817","coagulation",0.0220403444426726,36,1.25740439030499,0.100084601329593,0.397552324339175,87420,26,94,1.26861217687866,0.106186938038246,0.53758873962322
"GO:0010818","T cell chemotaxis",0.00187503322170839,5,2.0528248028113,0.10020609793534,0.397609222823648,122442,5,9,2.54806719287594,0.027999892640187,0.405821798307366
"GO:1901570","fatty acid derivative biosynthetic process",0.00359525328230479,8,1.71297626125551,0.100889100600914,0.399891627381826,77336,5,23,0.997069771125366,0.584453933174545,0.806068435716566
"GO:0042246","tissue regeneration",0.0073132939988306,14,1.47368903422373,0.101069387423153,0.400178684460937,83021,7,37,0.867720179195589,0.72610364221146,0.864950897800897
"GO:0006486","protein glycosylation",0.0248539573699038,40,1.23895431100373,0.101980195541916,0.402924947242288,132781,24,99,1.11188386598223,0.313333019325195,0.670782170626932
"GO:0043413","macromolecule glycosylation",0.0248539573699038,40,1.23895431100373,0.101980195541916,0.402924947242288,132781,24,99,1.11188386598223,0.313333019325195,0.670782170626932
"GO:0009303","rRNA transcription",0.00360628288949131,8,1.70773722264971,0.102182962888949,0.403296587572342,105812,6,15,1.83460837887067,0.0870320823186246,0.503981106904705
"GO:0001558","regulation of cell growth",0.0503809865518524,76,1.16128221178799,0.102947302748393,0.405809449873795,171473,53,209,1.16308904402088,0.12048061488884,0.547048978101158
"GO:0070431","nucleotide-binding oligomerization domain containing 2 signaling pathway",0.0018919098495721,5,2.03451274620127,0.103038410183589,0.405809449873795,117778,4,12,1.52884031572556,0.255224673077277,0.640269346339134
"GO:0072170","metanephric tubule development",0.00607027055759315,12,1.52182266029776,0.103165935811728,0.405880829121432,73096,4,17,1.07918139933569,0.525531603716431,0.78428087280288
"GO:0007422","peripheral nervous system development",0.0132514750438527,23,1.33614768001675,0.103338807946764,0.406130272756879,120296,12,48,1.14663023679417,0.348024562772708,0.706445403811136
"GO:1904706","negative regulation of vascular associated smooth muscle cell proliferation",0.00422181470259927,9,1.64109676870637,0.103853282547593,0.4073587559478,225965,3,13,1.05842791088693,0.563236771868797,0.794225930685381
"GO:0022009","central nervous system vasculogenesis",0.00189682666241429,5,2.02923903374439,0.103870992756501,0.4073587559478,59258,2,5,1.83460837887067,0.299989147301495,0.668216294192446
"GO:0071396","cellular response to lipid",0.0670382182533355,99,1.1368510846102,0.104200352646604,0.408218910579619,109860,67,280,1.09748894093156,0.209367323294878,0.616159221484306
"GO:1903725","regulation of phospholipid metabolic process",0.00423098389411577,9,1.637540260115,0.104858313684565,0.410345856466326,88804,7,19,1.68977087527562,0.0991451397136218,0.521003496228806
"GO:0015837","amine transport",0.0132821719024079,23,1.33305966574892,0.10517529951502,0.410345856466326,141976,17,45,1.73268569115564,0.0106637800320017,0.347715106383732
"GO:0030810","positive regulation of nucleotide biosynthetic process",0.00190519853292936,5,2.02032210139272,0.105296295244189,0.410345856466326,102107,2,5,1.83460837887067,0.299989147301495,0.668216294192446
"GO:1900373","positive regulation of purine nucleotide biosynthetic process",0.00190519853292936,5,2.02032210139272,0.105296295244189,0.410345856466326,102107,2,5,1.83460837887067,0.299989147301495,0.668216294192446
"GO:2001171","positive regulation of ATP biosynthetic process",0.00190519853292936,5,2.02032210139272,0.105296295244189,0.410345856466326,102107,2,5,1.83460837887067,0.299989147301495,0.668216294192446
"GO:0001892","embryonic placenta development",0.0132876202625844,23,1.33251306755811,0.105503408015869,0.410721556913822,99856,16,45,1.6307630034406,0.0239934027086016,0.405821798307366
"GO:0036490","regulation of translation in response to endoplasmic reticulum stress",0.00190958379843725,5,2.01568253080497,0.106046722313957,0.412044808168675,83403,2,6,1.52884031572556,0.388893045673,0.717450621306231
"GO:0071214","cellular response to abiotic stimulus",0.0256478233136661,41,1.2306206333249,0.106176505824597,0.412044808168675,140954,30,138,0.997069771125366,0.541260471472113,0.788457974921475
"GO:0104004","cellular response to environmental stimulus",0.0256478233136661,41,1.2306206333249,0.106176505824597,0.412044808168675,140954,30,138,0.997069771125366,0.541260471472113,0.788457974921475
"GO:0072207","metanephric epithelium development",0.00610628288949131,12,1.5128475794303,0.106420906578243,0.412561717246897,73096,4,18,1.01922687715037,0.574708313790709,0.800731083677225
"GO:0032956","regulation of actin cytoskeleton organization",0.0461947855206506,70,1.16653005838862,0.106616263520508,0.412887617600297,140326,45,159,1.29807196618208,0.0308105825210203,0.419362978000806
"GO:1903533","regulation of protein targeting",0.0126452453090948,22,1.33932591119755,0.107193182470864,0.414639654154706,130623,7,33,0.972898382734448,0.600907643410918,0.813546739063194
"GO:0097696","cell surface receptor signaling pathway via STAT",0.00999215967681922,18,1.38676856467494,0.107325910694297,0.414639654154706,119234,11,56,0.900923757481135,0.703128662884114,0.854160883857257
"GO:0016339","calcium-dependent cell-cell adhesion via plasma membrane cell adhesion molecules",0.00305746026683676,7,1.76249570387406,0.107420945311318,0.414639654154706,286917,4,15,1.22307225258045,0.419938859200025,0.731786363378155
"GO:0001776","leukocyte homeostasis",0.0126508265561048,22,1.33873503211908,0.107542604750402,0.414639654154706,262622,13,43,1.38662261193714,0.125234922715117,0.554477376521119
"GO:1902237","positive regulation of endoplasmic reticulum stress-induced intrinsic apoptotic signaling pathway",0.00191915165045447,5,2.00563342803403,0.107693142395961,0.414639654154706,83403,2,6,1.52884031572556,0.388893045673,0.717450621306231
"GO:0003015","heart process",0.0305908148620635,48,1.20792797842594,0.107739252454215,0.414639654154706,110231,30,105,1.3104345563362,0.061124021331759,0.479523898061771
"GO:0030308","negative regulation of cell growth",0.022223329612502,36,1.24705102022427,0.108502137392223,0.417142932357665,143132,21,86,1.11996441733384,0.316248013194681,0.673524758296364
"GO:0032720","negative regulation of tumor necrosis factor production",0.00488080051028544,10,1.577247296015,0.108801159905837,0.417859527174593,100132,8,25,1.46768670309654,0.159225173432425,0.590868505944047
"GO:0014888","striated muscle adaptation",0.00805839047467177,15,1.43295911846774,0.109227870845277,0.4190645303371,117720,6,24,1.14663023679417,0.429277899748396,0.740753957240256
"GO:0072359","circulatory system development",0.155068170945623,218,1.08224273269207,0.109860656575527,0.420849092077693,171767,141,557,1.16104031158333,0.0223558441366816,0.405821798307366
"GO:0031324","negative regulation of cellular metabolic process",0.25797759527986,355,1.05934448943298,0.10991988415722,0.420849092077693,150458,267,1090,1.12348724118915,0.0117089195091422,0.347715106383732
"GO:0070085","glycosylation",0.0257549301015255,41,1.22550286276255,0.110875525816199,0.424070310080515,131265,25,107,1.07161704373287,0.383693098093474,0.717450621306231
"GO:0002902","regulation of B cell apoptotic process",0.00308868867272631,7,1.74467586605578,0.111627248148096,0.425641381591073,217617,3,7,1.96565183450429,0.180308104461953,0.593229738391896
"GO:0002903","negative regulation of B cell apoptotic process",0.00308868867272631,7,1.74467586605578,0.111627248148096,0.425641381591073,217617,3,7,1.96565183450429,0.180308104461953,0.593229738391896
"GO:0043537","negative regulation of blood vessel endothelial cell migration",0.0036846861212991,8,1.67139976732068,0.111645445957595,0.425641381591073,199997,6,14,1.96565183450429,0.0635516316835313,0.479523898061771
"GO:0007275","multicellular organism development",0.516226412587041,693,1.03343665669475,0.111745203684557,0.425641381591073,145239,522,2171,1.10279315266063,0.00160306197962645,0.272430394640544
"GO:0045197","establishment or maintenance of epithelial cell apical/basal polarity",0.0140671344283208,24,1.31339830947877,0.111953036531734,0.425995656956648,79754,9,29,1.42340305257207,0.162334581189554,0.590868505944047
"GO:0071356","cellular response to tumor necrosis factor",0.0243974910965822,39,1.23058123351166,0.112639501704091,0.428168597666166,105164,25,81,1.41559288493108,0.0358407701905958,0.442114843387871
"GO:0050918","positive chemotaxis",0.00811008345293148,15,1.42382555961007,0.113420656022513,0.430696656953453,193599,10,27,1.69871146191729,0.0516841756824318,0.463160125076864
"GO:0032331","negative regulation of chondrocyte differentiation",0.00310370488492,7,1.73623484992012,0.113680453658796,0.431241802734289,97650,5,14,1.63804319542024,0.171372945805701,0.593229738391896
"GO:0071679","commissural neuron axon guidance",0.00195463243501834,5,1.96922686570586,0.113906794910651,0.43165904915068,212553,4,12,1.52884031572556,0.255224673077277,0.640269346339134
"GO:2001028","positive regulation of endothelial cell chemotaxis",0.00370634667517142,8,1.6616318076895,0.114340943557529,0.432609754035384,185785,5,9,2.54806719287594,0.027999892640187,0.405821798307366
"GO:1904894","positive regulation of receptor signaling pathway via STAT",0.00370674533567214,8,1.66145309917071,0.114390881053561,0.432609754035384,163213,5,18,1.27403359643797,0.353413118456461,0.706445403811136
"GO:0061028","establishment of endothelial barrier",0.00494073247222665,10,1.55811500632961,0.115160273282898,0.435075981547404,179808,9,27,1.52884031572556,0.113969010841605,0.543625729500403
"GO:0062208","positive regulation of pattern recognition receptor signaling pathway",0.00432732684845586,9,1.60108230996811,0.115749326355294,0.435838476955673,78803,7,25,1.28422586520947,0.293926480419984,0.668216294192446
"GO:0098930","axonal transport",0.00814051453781959,15,1.41850297757068,0.11593317244248,0.435838476955673,128787,12,30,1.83460837887067,0.0185099201398744,0.386281270938799
"GO:0080135","regulation of cellular response to stress",0.0522376813905278,78,1.14948037083689,0.115996333245722,0.435838476955673,180318,50,214,1.07161704373287,0.312564470771937,0.670297217666987
"GO:0032371","regulation of sterol transport",0.00372003401902939,8,1.65551806630949,0.116062208513648,0.435838476955673,112191,6,19,1.44837503595053,0.218322033449073,0.616159221484306
"GO:0032374","regulation of cholesterol transport",0.00372003401902939,8,1.65551806630949,0.116062208513648,0.435838476955673,112191,6,19,1.44837503595053,0.218322033449073,0.616159221484306
"GO:0001767","establishment of lymphocyte polarity",0.00312098017328443,7,1.7266244211332,0.116066958283613,0.435838476955673,131097,5,12,1.91105039465695,0.0987855921834425,0.521003496228806
"GO:0051254","positive regulation of RNA metabolic process",0.223672593419444,309,1.0634977001296,0.116504115691647,0.436686960814882,139968,217,855,1.16406438074543,0.0045183731367936,0.302405250559475
"GO:1903587","regulation of blood vessel endothelial cell proliferation involved in sprouting angiogenesis",0.00253827140806889,6,1.81971779284859,0.116528326470817,0.436686960814882,135822,4,12,1.52884031572556,0.255224673077277,0.640269346339134
"GO:0010743","regulation of macrophage derived foam cell differentiation",0.00312802317546378,7,1.7227367838368,0.117047378135148,0.437963237061893,92451,4,11,1.66782579897334,0.203078312779333,0.616159221484306
"GO:0071397","cellular response to cholesterol",0.00372827300271089,8,1.65185959325164,0.117104994923288,0.437963237061893,139712,2,11,0.83391289948667,0.728330621221025,0.864950897800897
"GO:0097300","programmed necrotic cell death",0.00686174453835114,13,1.45847723905677,0.117265552878996,0.438122055570064,114217,9,23,1.79472558802566,0.0452686535933275,0.442114843387871
"GO:0055085","transmembrane transport",0.148747674480412,209,1.08165048746645,0.117491579314938,0.438524908710686,134892,134,644,0.954338209505708,0.753489262894321,0.873040703943482
"GO:0035930","corticosteroid hormone secretion",0.0019756285547228,5,1.94829878036372,0.117662947840809,0.438723152250655,303139,4,10,1.83460837887067,0.15459264304406,0.587040640423195
"GO:0007163","establishment or maintenance of cell polarity",0.0443887205655664,67,1.16196493999636,0.118318223767933,0.440723504195815,113665,42,137,1.406086713733,0.00934285091274667,0.347715106383732
"GO:0032303","regulation of icosanoid secretion",0.00198041248073141,5,1.94359242888462,0.118526904133941,0.441057988301828,32997,3,8,1.71994535519126,0.243958709948775,0.640269346339134
"GO:1903053","regulation of extracellular matrix organization",0.00687901982671557,13,1.45481456392102,0.118855003461584,0.441835734311097,105701,8,28,1.3104345563362,0.253145395787625,0.640269346339134
"GO:0048286","lung alveolus development",0.00624328921490459,12,1.47964878298927,0.119350072753171,0.44323200191618,87492,7,29,1.10709126311161,0.451406565439207,0.741424756334832
"GO:0003007","heart morphogenesis",0.0379839738478712,58,1.17548866110735,0.119668774536466,0.443884681643012,153327,44,133,1.5173452757577,0.00162192489902502,0.272430394640544
"GO:0003382","epithelial cell morphogenesis",0.00624754159357891,12,1.4786416625346,0.119765112216888,0.443884681643012,108393,8,21,1.74724607511493,0.0670857819221957,0.479523898061771
"GO:0140353","lipid export from cell",0.0043653324828576,9,1.58714290233794,0.120210317427677,0.445090097461758,182897,6,20,1.37595628415301,0.258274367035768,0.640269346339134
"GO:0038007","netrin-activated signaling pathway",0.00199343539042152,5,1.93089513816862,0.12089392647797,0.446931887707017,87713,3,5,2.75191256830601,0.0726397134239565,0.479523898061771
"GO:0060047","heart contraction",0.0302058417052038,47,1.19783711267273,0.121138825649644,0.446931887707017,109567,29,99,1.34352633806186,0.0485449705293927,0.454802627939512
"GO:0045934","negative regulation of nucleobase-containing compound metabolic process",0.18634614362409,259,1.06996655669802,0.121285262814794,0.446931887707017,142440,187,702,1.2217655514559,0.000820944444956284,0.272430394640544
"GO:0007596","blood coagulation",0.0217882581193855,35,1.23662032906406,0.121301279465437,0.446931887707017,88973,25,92,1.24633721390671,0.130626622120504,0.554477376521119
"GO:0050830","defense response to Gram-positive bacterium",0.0056278902886302,11,1.50465839127455,0.121417358352282,0.446931887707017,63930,8,32,1.14663023679417,0.396563859756661,0.722895245575533
"GO:0016052","carbohydrate catabolic process",0.0176379365332483,29,1.26572999278584,0.121430550622284,0.446931887707017,197887,14,62,1.03566602033022,0.490685520719512,0.769093063738652
"GO:0031109","microtubule polymerization or depolymerization",0.0115232817732419,20,1.3361175329605,0.121753741439313,0.447677285173292,101584,15,71,0.9689832986993,0.601717588137306,0.813546739063194
"GO:0070307","lens fiber cell development",0.00200034550576729,5,1.92422493640254,0.12215883928113,0.448722073002962,159305,2,10,0.917304189435337,0.67633163876684,0.840881494579416
"GO:0033555","multicellular organismal response to stress",0.0122035294742997,21,1.32472181832658,0.122358161141936,0.449009671450626,110069,13,53,1.12499570402447,0.36586467658992,0.710658612643248
"GO:0005977","glycogen metabolic process",0.00501408600435869,10,1.53532057498502,0.123220532728155,0.451257891501676,166021,6,33,0.83391289948667,0.756573947687579,0.874965506833205
"GO:0044042","glucan metabolic process",0.00501408600435869,10,1.53532057498502,0.123220532728155,0.451257891501676,166021,6,33,0.83391289948667,0.756573947687579,0.874965506833205
"GO:0018108","peptidyl-tyrosine phosphorylation",0.0204379950034551,33,1.24298675283878,0.123396023514337,0.451257891501676,140268,22,90,1.12114956486541,0.308566587752552,0.668216294192446
"GO:0070374","positive regulation of ERK1 and ERK2 cascade",0.0149347525647159,25,1.28864361392632,0.123690613562561,0.451257891501676,102169,21,74,1.30158026879338,0.110428242041786,0.53758873962322
"GO:0060766","negative regulation of androgen receptor signaling pathway",0.00258358581831712,6,1.78780112957519,0.123702096503638,0.451257891501676,75243,3,9,1.52884031572556,0.310336636193712,0.668216294192446
"GO:0090207","regulation of triglyceride metabolic process",0.00258398447881784,6,1.78752530528161,0.123766151543908,0.451257891501676,174018,5,17,1.34897674916961,0.305433703579954,0.668216294192446
"GO:0006851","mitochondrial calcium ion transmembrane transport",0.00200938181045022,5,1.91557158704235,0.123822246239543,0.451257891501676,27076,4,15,1.22307225258045,0.419938859200025,0.731786363378155
"GO:0042157","lipoprotein metabolic process",0.00955296869186201,17,1.36993958783203,0.123962584826148,0.451325995785092,116049,10,45,1.01922687715037,0.531361484243297,0.78539884722814
"GO:0048172","regulation of short-term neuronal synaptic plasticity",0.00201164088662095,5,1.91342039686005,0.124239735887011,0.451891588373342,44860,4,9,2.03845375430075,0.1112028574589,0.53758873962322
"GO:0009264","deoxyribonucleotide catabolic process",0.00258876840482645,6,1.78422203999799,0.12453608326204,0.45208304197864,116294,3,12,1.14663023679417,0.504706732604915,0.774119999011001
"GO:0046386","deoxyribose phosphate catabolic process",0.00258876840482645,6,1.78422203999799,0.12453608326204,0.45208304197864,116294,3,12,1.14663023679417,0.504706732604915,0.774119999011001
"GO:0048675","axon extension",0.0170055280922766,28,1.26753148877813,0.124671655662255,0.452132788374356,239085,22,66,1.52884031572556,0.0200806673574987,0.396272744129363
"GO:0042304","regulation of fatty acid biosynthetic process",0.00318543028756711,7,1.69169000687224,0.125198260599165,0.453288468413406,122871,1,10,0.458652094717668,0.914655043161964,0.947665089290987
"GO:0048285","organelle fission",0.041706665603572,63,1.16285597430822,0.12523681688708,0.453288468413406,152570,35,192,0.836084547662416,0.905908886392056,0.943549120863146
"GO:0045861","negative regulation of proteolysis",0.0197800722904375,32,1.245411732649,0.125356864849637,0.453288468413406,111263,28,98,1.3104345563362,0.068646267313355,0.479523898061771
"GO:0016050","vesicle organization",0.0388561101366077,59,1.16891663481011,0.12583137857124,0.454395725001514,142272,40,142,1.29197773159907,0.0427991067134894,0.442114843387871
"GO:0001932","regulation of protein phosphorylation",0.0758512730558656,110,1.11640213892298,0.126033389447138,0.454395725001514,139951,79,325,1.11487739946756,0.147251776582087,0.579940648746862
"GO:0018212","peptidyl-tyrosine modification",0.0204895550948812,33,1.23985889035856,0.126193238156542,0.454395725001514,140268,22,91,1.10882923997678,0.328974724960314,0.688379148112108
"GO:0086015","SA node cell action potential",0.00319287195024717,7,1.68774716588565,0.126275469670232,0.454395725001514,67558,1,5,0.917304189435337,0.707726406600702,0.857780126915584
"GO:0086018","SA node cell to atrial cardiac muscle cell signaling",0.00319287195024717,7,1.68774716588565,0.126275469670232,0.454395725001514,67558,1,5,0.917304189435337,0.707726406600702,0.857780126915584
"GO:0007413","axonal fasciculation",0.00380242385584436,8,1.61964677249835,0.126714030599016,0.455091048908371,276275,8,14,2.62086911267239,0.00422318733909632,0.302405250559475
"GO:0106030","neuron projection fasciculation",0.00380242385584436,8,1.61964677249835,0.126714030599016,0.455091048908371,276275,8,14,2.62086911267239,0.00422318733909632,0.302405250559475
"GO:1900745","positive regulation of p38MAPK cascade",0.00319832031042364,7,1.68487207722845,0.127067111511019,0.45591777921265,159236,5,13,1.76404651814488,0.132865333619212,0.554477376521119
"GO:0030857","negative regulation of epithelial cell differentiation",0.0050551480359326,10,1.52284945020727,0.127864148627503,0.458334291215494,148103,8,31,1.18361830894882,0.359800051899977,0.710658612643248
"GO:0048103","somatic stem cell division",0.00261189071386807,6,1.76842684106848,0.128290334838107,0.459418090974301,103077,3,6,2.29326047358834,0.122181350558484,0.547048978101158
"GO:0008154","actin polymerization or depolymerization",0.028253867006857,44,1.19885215654266,0.128767191300806,0.460681079774341,141054,31,89,1.59755224002783,0.00313303777551432,0.291755094426912
"GO:0060038","cardiac muscle cell proliferation",0.00829280284909371,15,1.39245371209041,0.128996650204187,0.460718031094845,251773,10,25,1.83460837887067,0.0304882190490516,0.419362978000806
"GO:0097084","vascular associated smooth muscle cell development",0.00203742093233402,5,1.889209363923,0.129050004108784,0.460718031094845,147971,3,7,1.96565183450429,0.180308104461953,0.593229738391896
"GO:0035338","long-chain fatty-acyl-CoA biosynthetic process",0.00203795247966831,5,1.88871661239355,0.129150068015806,0.460718031094845,90435,2,10,0.917304189435337,0.67633163876684,0.840881494579416
"GO:0060338","regulation of type I interferon-mediated signaling pathway",0.00322024663796311,7,1.67339995686603,0.13027825079732,0.463867135699429,49167,7,21,1.52884031572556,0.154106991659078,0.587040640423195
"GO:0045727","positive regulation of translation",0.0103003242438739,18,1.34527929460732,0.130496931249244,0.463867135699429,142726,13,54,1.10416245024624,0.393989108407927,0.72147067729191
"GO:0002714","positive regulation of B cell mediated immunity",0.00322197416679955,7,1.67250272848034,0.130532962175257,0.463867135699429,98891,4,18,1.01922687715037,0.574708313790709,0.800731083677225
"GO:0002891","positive regulation of immunoglobulin mediated immune response",0.00322197416679955,7,1.67250272848034,0.130532962175257,0.463867135699429,98891,4,18,1.01922687715037,0.574708313790709,0.800731083677225
"GO:0003300","cardiac muscle hypertrophy",0.0219685855525435,35,1.2264696268626,0.130820414226966,0.464185241855106,181592,16,46,1.59531163380059,0.029558388518913,0.412261734605892
"GO:0046486","glycerolipid metabolic process",0.0389819539680009,59,1.16514306953361,0.13087271239365,0.464185241855106,82726,41,167,1.12603208882781,0.21718734066936,0.616159221484306
"GO:0061157","mRNA destabilization",0.0103067028118854,18,1.3444467339299,0.131005190145657,0.464211323247745,184888,12,46,1.19648372535044,0.29105492020061,0.668216294192446
"GO:0030518","nuclear receptor-mediated steroid hormone signaling pathway",0.0116559028331473,20,1.32091516503448,0.131480422791155,0.465385482586334,80718,14,56,1.14663023679417,0.328688886297674,0.688169169392986
"GO:0002072","optic cup morphogenesis involved in camera-type eye development",0.00205084250252485,5,1.87684558852248,0.131587431599209,0.465385482586334,19938,2,5,1.83460837887067,0.299989147301495,0.668216294192446
"GO:1901222","regulation of non-canonical NF-kappaB signal transduction",0.00509049593366289,10,1.51227493500757,0.131936383603311,0.466175222065032,258702,6,38,0.724187517975266,0.866035557910819,0.927270395338857
"GO:0007218","neuropeptide signaling pathway",0.00833040982299474,15,1.38616759033631,0.13234742620223,0.466689698832677,208433,12,43,1.27995933409582,0.21177139161198,0.616159221484306
"GO:0045428","regulation of nitric oxide biosynthetic process",0.004465927815872,9,1.55139239866103,0.132459367350622,0.466689698832677,151413,6,19,1.44837503595053,0.218322033449073,0.616159221484306
"GO:0080164","regulation of nitric oxide metabolic process",0.004465927815872,9,1.55139239866103,0.132459367350622,0.466689698832677,151413,6,19,1.44837503595053,0.218322033449073,0.616159221484306
"GO:0046636","negative regulation of alpha-beta T cell activation",0.00509953223834582,10,1.50959520352664,0.132988437122913,0.468030451186441,94574,8,22,1.66782579897334,0.0860310605586603,0.503981106904705
"GO:0044342","type B pancreatic cell proliferation",0.00264099293042045,6,1.74893979879244,0.133092217251131,0.468030451186441,231380,2,14,0.655217278168098,0.843516846725449,0.916210439400109
"GO:1904738","vascular associated smooth muscle cell migration",0.00574057832349971,11,1.4751218206178,0.133479005571923,0.468946127530147,191446,5,16,1.43328779599271,0.258523849276556,0.640269346339134
"GO:0086065","cell communication involved in cardiac conduction",0.00900653803221177,16,1.36758064058864,0.133661210415223,0.469141996821642,75006,8,27,1.35896916953383,0.219975836193115,0.616159221484306
"GO:0045672","positive regulation of osteoclast differentiation",0.00264537819592835,6,1.74604056669518,0.133823118782365,0.469192448985137,140375,4,11,1.66782579897334,0.203078312779333,0.616159221484306
"GO:0006643","membrane lipid metabolic process",0.0178489608249615,29,1.25076554875757,0.133928518456943,0.469192448985137,86083,23,94,1.12223384877727,0.301207588209546,0.668216294192446
"GO:0045773","positive regulation of axon extension",0.00511056184553234,10,1.50633719734086,0.134278618758465,0.469975165654628,285327,8,29,1.26524715784184,0.287739991824985,0.668216294192446
"GO:0070986","left/right axis specification",0.00207104130122787,5,1.85854077431296,0.135448209166589,0.473283045762798,101229,4,8,2.29326047358834,0.0742237619839166,0.479523898061771
"GO:0033198","response to ATP",0.0032555945356934,7,1.65523087288193,0.135539408067815,0.473283045762798,47199,5,12,1.91105039465695,0.0987855921834425,0.521003496228806
"GO:2000316","regulation of T-helper 17 type immune response",0.00265707223728273,6,1.73835606707682,0.135781490261911,0.473283045762798,80233,4,19,0.965583357300355,0.62085454826009,0.814840345306899
"GO:0043010","camera-type eye development",0.0520933662892681,77,1.13788704125138,0.135809276216462,0.473283045762798,130602,54,198,1.25086934923,0.0382748021055483,0.442114843387871
"GO:0006826","iron ion transport",0.00387032902779993,8,1.59122996560576,0.135861575131369,0.473283045762798,83773,5,22,1.04239112435834,0.541314154968593,0.788457974921475
"GO:0032091","negative regulation of protein binding",0.00450100993993515,9,1.53930041456707,0.136879440041507,0.476381540857402,68690,3,25,0.550382513661202,0.933448978829523,0.956920616595062
"GO:0008610","lipid biosynthetic process",0.0732921384149259,106,1.11336950294368,0.137124775235774,0.476524494014364,104107,70,306,1.04920413824303,0.343276590998995,0.702711448142345
"GO:0051260","protein homooligomerization",0.0291380959974486,45,1.18889142020799,0.137177401511413,0.476524494014364,110130,24,91,1.20963189815649,0.17408049364735,0.593229738391896
"GO:0031327","negative regulation of cellular biosynthetic process",0.233898633923351,321,1.05649682440328,0.137567941601689,0.477288784590214,148961,239,964,1.13711463316932,0.00964187958898455,0.347715106383732
"GO:0045606","positive regulation of epidermal cell differentiation",0.00208246956891511,5,1.84834139287011,0.137654716849469,0.477288784590214,80619,3,14,0.982825917252147,0.617328601262156,0.814840345306899
"GO:0009954","proximal/distal pattern formation",0.00774105671610057,14,1.39225451580981,0.138776559192735,0.480729257334311,202141,9,20,2.06393442622951,0.0174188679705248,0.386281270938799
"GO:0042158","lipoprotein biosynthetic process",0.00643584223675118,12,1.43537938763193,0.138959992188486,0.48091564460754,118607,8,33,1.11188386598223,0.433367940649336,0.741424756334832
"GO:0045893","positive regulation of DNA-templated transcription",0.213601100302982,294,1.05958229733702,0.139118932227226,0.481016997728805,138877,203,796,1.16967808074983,0.00478909370304081,0.304456282397999
"GO:0015844","monoamine transport",0.0110816988252804,19,1.31989111997717,0.139252868847039,0.481031790896196,144197,11,36,1.40143695608176,0.142334340385786,0.57273362563044
"GO:0060255","regulation of macromolecule metabolic process",0.518865279328124,694,1.02966442764104,0.139494835798926,0.481265916897563,142758,556,2427,1.05072338138864,0.0583276642993641,0.479523898061771
"GO:0099170","postsynaptic modulation of chemical synaptic transmission",0.00267953011215649,6,1.72378642933946,0.139580088027433,0.481265916897563,146186,4,13,1.4112372145159,0.309606601725307,0.668216294192446
"GO:0033209","tumor necrosis factor-mediated signaling pathway",0.00974405995853931,17,1.34307363131862,0.139797311900266,0.481429580427645,121171,16,40,1.83460837887067,0.00701158831895565,0.343375384974478
"GO:0061371","determination of heart left/right asymmetry",0.00907909424334237,16,1.35665152508029,0.140038207271155,0.481429580427645,141284,14,32,2.0066029143898,0.00445342891496769,0.302405250559475
"GO:0006664","glycolipid metabolic process",0.00841479296231329,15,1.37226716837488,0.14004375672383,0.481429580427645,73059,13,47,1.26861217687866,0.20884601010897,0.616159221484306
"GO:0022904","respiratory electron transport chain",0.0144976877690958,24,1.27439291503789,0.140146616404813,0.481429580427645,239360,9,47,0.878269968608301,0.724953585355021,0.864950897800897
"GO:0019082","viral protein processing",0.00268364960399724,6,1.72114035955439,0.140282200871725,0.48144955155791,188160,4,12,1.52884031572556,0.255224673077277,0.640269346339134
"GO:0032891","negative regulation of organic acid transport",0.00328841758358582,7,1.63870933301279,0.140516739646777,0.481808783816584,198238,3,11,1.25086934923,0.442336217723005,0.741424756334832
"GO:0019058","viral life cycle",0.0270876521554244,42,1.1936273887775,0.140963688377383,0.482894998965918,131024,29,119,1.11772359216911,0.279229541365041,0.668216294192446
"GO:0070266","necroptotic process",0.00646029341412853,12,1.42994670621006,0.141568029018857,0.484305757968062,120700,8,19,1.93116671460071,0.0375335881794311,0.442114843387871
"GO:0060065","uterus development",0.00269295168234731,6,1.71519514242294,0.141873645967884,0.484305757968062,99574,2,13,0.705618607257952,0.811204240230693,0.902152902279088
"GO:0009890","negative regulation of biosynthetic process",0.234885983096795,322,1.05533324570866,0.141978872133668,0.484305757968062,148557,240,974,1.1301488986883,0.0127311139673063,0.360552922280201
"GO:1901568","fatty acid derivative metabolic process",0.00454193908467549,9,1.52542919166159,0.142131304630442,0.484305757968062,80771,6,28,0.982825917252147,0.593083097831942,0.810139283120952
"GO:0009411","response to UV",0.0131591186945197,22,1.28702423688702,0.142354807604612,0.484305757968062,123642,16,65,1.12898977161272,0.335891355824688,0.696648590073105
"GO:1902680","positive regulation of RNA biosynthetic process",0.213769733694786,294,1.05874644020417,0.142455123850292,0.484305757968062,138437,204,798,1.17249407672186,0.00417662078654235,0.302405250559475
"GO:0045601","regulation of endothelial cell differentiation",0.00391949715622176,8,1.57126878278582,0.142687808266267,0.484305757968062,201803,5,20,1.14663023679417,0.449455123695447,0.741424756334832
"GO:0042116","macrophage activation",0.00778172008717376,14,1.3849792911332,0.142719765671282,0.484305757968062,171644,12,39,1.4112372145159,0.123785113762019,0.551204372571497
"GO:0014896","muscle hypertrophy",0.022183862222931,35,1.21456771839648,0.142771373024795,0.484305757968062,181592,16,48,1.52884031572556,0.0434533741271637,0.442114843387871
"GO:0014897","striated muscle hypertrophy",0.022183862222931,35,1.21456771839648,0.142771373024795,0.484305757968062,181592,16,48,1.52884031572556,0.0434533741271637,0.442114843387871
"GO:0030521","androgen receptor signaling pathway",0.00647318343698506,12,1.42709925936939,0.142953436538525,0.484305757968062,104620,6,26,1.05842791088693,0.513803584254512,0.777727987590469
"GO:2000319","regulation of T-helper 17 cell differentiation",0.00210997714346463,5,1.82424473911497,0.143030189221973,0.484305757968062,95199,3,14,0.982825917252147,0.617328601262156,0.814840345306899
"GO:0070972","protein localization to endoplasmic reticulum",0.00647504385265508,12,1.4266892238723,0.143153990050833,0.484305757968062,91792,6,27,1.01922687715037,0.55425832846232,0.788457974921475
"GO:0019319","hexose biosynthetic process",0.00844867910487429,15,1.36676324991353,0.143203077221284,0.484305757968062,80330,10,38,1.20697919662544,0.306354214410659,0.668216294192446
"GO:0051055","negative regulation of lipid biosynthetic process",0.00647796736299367,12,1.42604535821781,0.143469449788568,0.48448276645178,256824,5,23,0.997069771125366,0.584453933174545,0.806068435716566
"GO:0048731","system development",0.474471243289215,636,1.03190108404903,0.143516593080999,0.48448276645178,145609,472,1920,1.1275197328476,0.000395693065568858,0.272430394640544
"GO:0015918","sterol transport",0.0152369372242598,25,1.26308674997024,0.143736996633687,0.484719557145735,124881,13,41,1.4542627393487,0.09203518184787,0.519218394507774
"GO:0015732","prostaglandin transport",0.00392773613990326,8,1.56797282363798,0.143848041082872,0.484719557145735,136355,4,12,1.52884031572556,0.255224673077277,0.640269346339134
"GO:0018279","protein N-linked glycosylation via asparagine",0.00331180566629458,7,1.6271367127331,0.14411655111812,0.484996958275649,231938,4,14,1.3104345563362,0.364900064093148,0.710658612643248
"GO:0086070","SA node cell to atrial cardiac muscle cell communication",0.00331286876096316,7,1.62661456697691,0.144281220436212,0.484996958275649,67558,1,6,0.764420157862781,0.771493078786242,0.883502943897388
"GO:0030166","proteoglycan biosynthetic process",0.00912680061659491,16,1.34956022038898,0.144322544996312,0.484996958275649,102548,12,32,1.71994535519126,0.0314508907849462,0.419722319468167
"GO:0001945","lymph vessel development",0.0071449263806942,13,1.40067198683087,0.144864943370676,0.485985363038113,275814,9,20,2.06393442622951,0.0174188679705248,0.386281270938799
"GO:1902475","L-alpha-amino acid transmembrane transport",0.00714505926752777,13,1.40064593654098,0.144878655396268,0.485985363038113,74645,11,33,1.52884031572556,0.0855655699451988,0.503981106904705
"GO:2000272","negative regulation of signaling receptor activity",0.00393756976558763,8,1.56405699261813,0.145238928678566,0.486753771813443,168696,3,10,1.37595628415301,0.377084061829277,0.714045860789383
"GO:0060317","cardiac epithelial to mesenchymal transition",0.00331991176314251,7,1.62316379757173,0.145374429144857,0.486768169790089,129061,4,17,1.07918139933569,0.525531603716431,0.78428087280288
"GO:0002753","cytoplasmic pattern recognition receptor signaling pathway",0.0104843725083719,18,1.32166354466713,0.145622485870978,0.487159082580099,105811,17,65,1.19955163233852,0.236884660537577,0.640269346339134
"GO:1905475","regulation of protein localization to membrane",0.025057805772604,39,1.19815338025512,0.145854411627533,0.487495375800132,112778,20,86,1.06663277841318,0.412967568635422,0.730438882885953
"GO:0015908","fatty acid transport",0.0111650188699304,19,1.3100413034806,0.146008902269841,0.487572481927193,161668,8,43,0.853306222730546,0.750331373697291,0.873040703943482
"GO:0110053","regulation of actin filament organization",0.0386302025195344,58,1.15582439774662,0.146342261564934,0.488246214393799,131658,37,117,1.45043824825246,0.00833589291011694,0.347715106383732
"GO:0008088","axo-dendritic transport",0.00848562164460745,15,1.36081298394829,0.146691790088409,0.488844940134804,128787,12,35,1.57252146760343,0.0613305236920596,0.479523898061771
"GO:0042981","regulation of apoptotic process",0.153086429596556,213,1.07110922115218,0.146785246175248,0.488844940134804,141994,149,645,1.05952189322376,0.21541682687893,0.616159221484306
"GO:0003143","embryonic heart tube morphogenesis",0.00915736458831659,16,1.34505587637004,0.147105192240823,0.489471088083813,141284,14,32,2.0066029143898,0.00445342891496769,0.302405250559475
"GO:0046639","negative regulation of alpha-beta T cell differentiation",0.00333745282517408,7,1.61463273560559,0.148114235922532,0.492386931247844,98622,5,13,1.76404651814488,0.132865333619212,0.554477376521119
"GO:0007350","blastoderm segmentation",0.00396029341412853,8,1.55508263701322,0.14847821633358,0.493090827433806,125398,8,16,2.29326047358834,0.0119029160406291,0.347715106383732
"GO:0042307","positive regulation of protein import into nucleus",0.00522936267474619,10,1.47211618050759,0.148591791124258,0.493090827433806,102019,8,16,2.29326047358834,0.0119029160406291,0.347715106383732
"GO:0003272","endocardial cushion formation",0.00214293307819061,5,1.79618987769239,0.149587772072747,0.495907598722573,167460,3,15,0.917304189435337,0.666676036777689,0.835308084274144
"GO:2000345","regulation of hepatocyte proliferation",0.00214412905969277,5,1.79518797444484,0.14982811022984,0.495907598722573,191411,5,9,2.54806719287594,0.027999892640187,0.405821798307366
"GO:0060612","adipose tissue development",0.00653630468293202,12,1.41331772871697,0.14984162214771,0.495907598722573,79396,8,27,1.35896916953383,0.219975836193115,0.616159221484306
"GO:0009081","branched-chain amino acid metabolic process",0.00214532504119492,5,1.79418718828465,0.150068611932358,0.496216176710381,234966,2,11,0.83391289948667,0.728330621221025,0.864950897800897
"GO:2000785","regulation of autophagosome assembly",0.00460771806729389,9,1.50365242953802,0.150782764348993,0.498133620422762,77356,6,23,1.19648372535044,0.386010953427164,0.717450621306231
"GO:0050691","regulation of defense response to virus by host",0.00274650507627704,6,1.68175099483264,0.151195922141569,0.498421942726885,100652,5,18,1.27403359643797,0.353413118456461,0.706445403811136
"GO:0035336","long-chain fatty-acyl-CoA metabolic process",0.00274663796311061,6,1.68166962897097,0.151219388669687,0.498421942726885,93404,3,12,1.14663023679417,0.504706732604915,0.774119999011001
"GO:0043524","negative regulation of neuron apoptotic process",0.0230355339392973,36,1.20308154953478,0.151273074800666,0.498421942726885,90664,22,75,1.34537947783849,0.0772904679805397,0.481334270273792
"GO:0006497","protein lipidation",0.00589937808961888,11,1.43541441476029,0.151528714462897,0.498821233946183,117897,7,30,1.07018822100789,0.49036218872413,0.769093063738652
"GO:0035278","miRNA-mediated gene silencing by inhibition of translation",0.00275221921012066,6,1.67825935788716,0.15220645600919,0.500608113292639,324454,3,9,1.52884031572556,0.310336636193712,0.668216294192446
"GO:0070229","negative regulation of lymphocyte apoptotic process",0.00461981076914899,9,1.49971650630811,0.152401104101051,0.500611256933678,246329,5,20,1.14663023679417,0.449455123695447,0.741424756334832
"GO:0032481","positive regulation of type I interferon production",0.004620740976984,9,1.49941459627865,0.152525946434672,0.500611256933678,95121,8,25,1.46768670309654,0.159225173432425,0.590868505944047
"GO:0031331","positive regulation of cellular catabolic process",0.0280215808217722,43,1.1813175945233,0.152612218757949,0.500611256933678,111226,27,104,1.19073139974779,0.179144164397046,0.593229738391896
"GO:0071824","protein-DNA complex organization",0.0153695582841652,25,1.25218780932169,0.153099450002758,0.501765865291725,148118,18,83,0.994667193363618,0.553711548508774,0.788457974921475
"GO:0001701","in utero embryonic development",0.0453175995322383,67,1.13814803875019,0.154333476826463,0.505326708028869,145135,48,182,1.20963189815649,0.079828897602314,0.492787371222271
"GO:0060271","cilium assembly",0.036650720246638,55,1.15523682631268,0.154458352265428,0.505326708028869,105174,36,151,1.09347519270438,0.299381330940287,0.668216294192446
"GO:0021756","striatum development",0.00337957795141657,7,1.59450696582001,0.154792316790694,0.505973123606586,143681,4,11,1.66782579897334,0.203078312779333,0.616159221484306
"GO:0050879","multicellular organismal movement",0.00658547281135385,12,1.4027656864298,0.15532546484268,0.506975909139403,75136,6,21,1.3104345563362,0.299941317186444,0.668216294192446
"GO:0010656","negative regulation of muscle cell apoptotic process",0.00400786690054749,8,1.53662376486299,0.155372401264556,0.506975909139403,89459,6,20,1.37595628415301,0.258274367035768,0.640269346339134
"GO:0042117","monocyte activation",0.00217495880508159,5,1.76974142895261,0.156079398505438,0.507939308179287,291751,4,6,3.05768063145112,0.0230980762894285,0.405821798307366
"GO:0009101","glycoprotein biosynthetic process",0.0359656886195716,54,1.15583603135725,0.156084104603662,0.507939308179287,124143,36,137,1.20521718319971,0.121081503931046,0.547048978101158
"GO:0010712","regulation of collagen metabolic process",0.00217509169191517,5,1.76963330692005,0.156106574222072,0.507939308179287,88840,3,15,0.917304189435337,0.666676036777689,0.835308084274144
"GO:1902065","response to L-glutamate",0.00217562323924946,5,1.76920095087145,0.15621529666646,0.507939308179287,67222,2,6,1.52884031572556,0.388893045673,0.717450621306231
"GO:0071548","response to dexamethasone",0.00529142082602456,10,1.4548510996091,0.156365501314138,0.507982495512653,153306,8,26,1.4112372145159,0.188566406459334,0.597284770758932
"GO:0097435","supramolecular fiber organization",0.0931207143996173,132,1.09123548751401,0.157192628709497,0.50977024412698,108618,93,394,1.08260519819145,0.203267285634644,0.616159221484306
"GO:0048259","regulation of receptor-mediated endocytosis",0.0140428161377771,23,1.260853055607,0.157223696870324,0.50977024412698,148749,13,59,1.01058936124232,0.53412719815686,0.787604095851332
"GO:0032330","regulation of chondrocyte differentiation",0.00594828044437357,11,1.42361350093535,0.157328013349162,0.50977024412698,168488,9,31,1.33157059756742,0.218786731111825,0.616159221484306
"GO:0098656","monoatomic anion transmembrane transport",0.00994963589007601,17,1.31532350900951,0.15804472922425,0.511645676633479,296014,15,57,1.20697919662544,0.24711340786626,0.640269346339134
"GO:0070168","negative regulation of biomineral tissue development",0.00278849731568596,6,1.65642535080065,0.158691799580301,0.513292568825558,100350,3,11,1.25086934923,0.442336217723005,0.741424756334832
"GO:0031960","response to corticosteroid",0.0140654068994844,23,1.25882797157419,0.1589587046718,0.51370800900033,103421,17,68,1.14663023679417,0.303597042427526,0.668216294192446
"GO:1902106","negative regulation of leukocyte differentiation",0.0217599532238346,34,1.2028509305771,0.159403120424188,0.514695889272181,85795,17,53,1.47114822833969,0.05386814396358,0.468665754590752
"GO:0010605","negative regulation of macromolecule metabolic process",0.264606256312125,360,1.04735338658661,0.160497347569389,0.517778399549942,143595,278,1149,1.1097065477068,0.0188771966368138,0.388041992265881
"GO:0002702","positive regulation of production of molecular mediator of immune response",0.0134045606761282,22,1.26345839338703,0.161249675388915,0.519753514937338,101055,17,54,1.4439047426297,0.063239385414012,0.479523898061771
"GO:1903779","regulation of cardiac conduction",0.00220259926646468,5,1.74753290905988,0.161773706174643,0.520989973878406,63091,3,9,1.52884031572556,0.310336636193712,0.668216294192446
"GO:0072009","nephron epithelium development",0.0225094349651837,35,1.19700041191626,0.162046024025686,0.521259606428841,176343,22,73,1.3822391895601,0.0596642611897127,0.479523898061771
"GO:0018209","peptidyl-serine modification",0.0154932759262212,25,1.24218877981248,0.162138432835278,0.521259606428841,119578,19,73,1.19375202734736,0.227243323878418,0.630570479872051
"GO:0007584","response to nutrient",0.0148051879019827,24,1.24792408577894,0.162607685118415,0.522315594622786,130275,15,69,0.997069771125366,0.552683306625323,0.788457974921475
"GO:0032731","positive regulation of interleukin-1 beta production",0.00220884494764259,5,1.74259162361132,0.163071888357232,0.522910263436594,114433,5,15,1.52884031572556,0.213543377549239,0.616159221484306
"GO:0002573","myeloid leukocyte differentiation",0.0339524530909477,51,1.15635149754092,0.163161223675298,0.522910263436594,123244,26,114,1.04604863707538,0.433427470112761,0.741424756334832
"GO:0001885","endothelial cell development",0.0073186094721735,13,1.36743165043279,0.16337555381571,0.522910263436594,157066,11,36,1.40143695608176,0.142334340385786,0.57273362563044
"GO:0048477","oogenesis",0.00731953968000851,13,1.36725786960904,0.163477816872681,0.522910263436594,61048,12,41,1.34239637478342,0.164837979421048,0.590868505944047
"GO:0009219","pyrimidine deoxyribonucleotide metabolic process",0.0028158720034019,6,1.64032230114209,0.163663715653751,0.522910263436594,116294,3,12,1.14663023679417,0.504706732604915,0.774119999011001
"GO:0008150","biological_process",0.97120554935417,1268,1.0050761030831,0.16368239439462,0.522910263436594,131897,1485,6782,1.0042736075726,0.297930185011745,0.668216294192446
"GO:0010638","positive regulation of organelle organization",0.053553526816563,78,1.12123688103903,0.163779441000896,0.522910263436594,130588,55,215,1.1732960562545,0.102186050586899,0.533168600567762
"GO:2000779","regulation of double-strand break repair",0.0120626694307128,20,1.27637244002324,0.164050254272846,0.523324542865226,214035,12,63,0.873623037557464,0.748347181697662,0.873040703943482
"GO:0000910","cytokinesis",0.0148338914580343,24,1.24550935468524,0.164800762402087,0.524920413296257,169580,17,77,1.01260852080524,0.521628072932101,0.783498036671293
"GO:0032488","Cdc42 protein signal transduction",0.0034413703290278,7,1.56587640092422,0.164833499053946,0.524920413296257,62672,5,11,2.08478224871667,0.0697427210073327,0.479523898061771
"GO:0022900","electron transport chain",0.0148384096103758,24,1.24513010912221,0.165147445992019,0.525469146338243,239360,9,50,0.825573770491803,0.792393717284968,0.890303056065182
"GO:0043122","regulation of canonical NF-kappaB signal transduction",0.0282605113485356,43,1.17133005991527,0.165568626227319,0.526357843447603,121630,36,113,1.46119251414478,0.00808645521210261,0.347715106383732
"GO:0022414","reproductive process",0.139628581300165,194,1.06959226477659,0.165751199593785,0.526487115148067,125278,145,618,1.07612546495246,0.160541446817201,0.590868505944047
"GO:0070166","enamel mineralization",0.00282809759209058,6,1.6332313486139,0.165905471681681,0.526526347253238,92396,2,9,1.01922687715037,0.616482123379327,0.814840345306899
"GO:0032272","negative regulation of protein polymerization",0.0080108169882528,14,1.34537103842657,0.166053889235781,0.526546947918588,47579,9,36,1.14663023679417,0.382786797926292,0.717450621306231
"GO:0042219","cellular modified amino acid catabolic process",0.00282982512092702,6,1.63223430670115,0.166223289271457,0.526633990774643,69676,4,12,1.52884031572556,0.255224673077277,0.640269346339134
"GO:0055001","muscle cell development",0.0282864242810822,43,1.17025701524441,0.167010895159286,0.528677833652687,157832,21,94,1.02464829670968,0.490227806526517,0.769093063738652
"GO:0051983","regulation of chromosome segregation",0.0134793759634295,22,1.25644575400736,0.167271254554419,0.529032138711587,195568,12,52,1.05842791088693,0.465679065670085,0.754978406316201
"GO:0032886","regulation of microtubule-based process",0.0218876574708978,34,1.19583285782889,0.1674080137055,0.529032138711587,121017,25,111,1.03300021332808,0.464052098425393,0.754978406316201
"GO:0021761","limbic system development",0.0148700366767661,24,1.2424818431171,0.16758544162414,0.529142117808985,163683,20,62,1.47952288618603,0.0365100597334114,0.442114843387871
"GO:0032703","negative regulation of interleukin-2 production",0.00346103758039653,7,1.55697835111286,0.16808897911014,0.530280707906991,187317,6,12,2.29326047358834,0.0290827013607793,0.408700083517012
"GO:0045933","positive regulation of muscle contraction",0.00603864349120289,11,1.40231036329537,0.168333004597813,0.530599360287073,239803,6,18,1.52884031572556,0.180687224901036,0.593229738391896
"GO:0006950","response to stress",0.320532344655292,433,1.03993665192138,0.168732142945788,0.531405984999043,137423,336,1530,1.00723597271331,0.445715170222676,0.741424756334832
"GO:2000059","negative regulation of ubiquitin-dependent protein catabolic process",0.00539082017753681,10,1.42802563500715,0.169226941590307,0.532512258948294,95732,8,23,1.59531163380059,0.107771010940171,0.53758873962322
"GO:0035282","segmentation",0.0128241109870834,21,1.26061617616061,0.170229962463873,0.535214543000821,177755,17,56,1.39233671610721,0.0851660223583716,0.503981106904705
"GO:0071478","cellular response to radiation",0.0121365545101791,20,1.26860212274904,0.170397432917083,0.53528744802911,125684,17,69,1.13001240727542,0.327005941528053,0.687360930917324
"GO:0006635","fatty acid beta-oxidation",0.0067211502684314,12,1.37444855712764,0.17098209340955,0.536024719655942,185695,5,30,0.764420157862781,0.815096932472051,0.903186317995806
"GO:0045684","positive regulation of epidermis development",0.00224671769521076,5,1.71321689049905,0.171032222081015,0.536024719655942,80619,3,15,0.917304189435337,0.666676036777689,0.835308084274144
"GO:0051179","localization",0.456080369956945,610,1.02962553263528,0.171065570909066,0.536024719655942,127304,484,2237,0.992345166934964,0.601098743695523,0.813546739063194
"GO:0061045","negative regulation of wound healing",0.00738917238080051,13,1.35437336059591,0.171225175646894,0.536072068902934,186992,7,28,1.14663023679417,0.411900840773705,0.729974447948049
"GO:0002700","regulation of production of molecular mediator of immune response",0.0163150481050338,26,1.22680585003234,0.171422523746725,0.536237405649535,101273,20,67,1.3691107305005,0.0764929099676379,0.481334270273792
"GO:0002440","production of molecular mediator of immune response",0.0184219688513262,29,1.21186098300118,0.171607976390284,0.536365284252699,97672,23,83,1.27096363596462,0.121074810925451,0.547048978101158
"GO:0070918","regulatory ncRNA processing",0.00476239834157232,9,1.45481456392102,0.172115431272125,0.537045400205007,88300,7,27,1.1890980233421,0.372211979527185,0.714045860789383
"GO:0000819","sister chromatid segregation",0.0205460319991495,32,1.19898256287034,0.172176404474565,0.537045400205007,111008,21,94,1.02464829670968,0.490227806526517,0.769093063738652
"GO:0032970","regulation of actin filament-based process",0.0501064423536916,73,1.1215538767678,0.172291737301289,0.537045400205007,136219,48,177,1.24380229075978,0.0529864770788333,0.468665754590752
"GO:0005976","polysaccharide metabolic process",0.00607133365226173,11,1.39475983910148,0.172404601521338,0.537045400205007,154531,7,41,0.783064551956995,0.821351781424384,0.904220672793011
"GO:0050728","negative regulation of inflammatory response",0.0135527294955616,22,1.24964529849625,0.173291580438446,0.539355506230398,204954,16,68,1.07918139933569,0.411039727078995,0.729974447948049
"GO:0002684","positive regulation of immune system process",0.102571360229628,144,1.08075493213731,0.173643041854543,0.539426746696733,127220,107,438,1.12045146426462,0.0958988999083663,0.521003496228806
"GO:0048247","lymphocyte chemotaxis",0.00349465794929038,7,1.5419994354983,0.173718963751799,0.539426746696733,103267,7,17,1.88856744883746,0.0571042645505002,0.47608274490417
"GO:0006470","protein dephosphorylation",0.0177488970392813,28,1.21444404644169,0.173750663693422,0.539426746696733,175018,16,73,1.00526486513462,0.536730515837019,0.788457974921475
"GO:0065003","protein-containing complex assembly",0.157954871631319,218,1.06246423009645,0.174079748500963,0.539996544263022,130575,159,648,1.12539634352021,0.0446498247953336,0.442114843387871
"GO:0045834","positive regulation of lipid metabolic process",0.021999813958433,34,1.1897364238651,0.174621687563552,0.541225113501068,140226,18,56,1.47423887587822,0.0472710082831729,0.446247940790258
"GO:0010634","positive regulation of epithelial cell migration",0.00543307819061287,10,1.41691857491341,0.174843450489011,0.541460101263966,172988,6,22,1.25086934923,0.342715901316634,0.702085032515025
"GO:0048511","rhythmic process",0.0305893531068942,46,1.15765296341968,0.17543001932734,0.541789533504164,146398,31,141,1.00838403803175,0.5124281087773,0.777727987590469
"GO:0035088","establishment or maintenance of apical/basal cell polarity",0.0149718279912826,24,1.23403438699167,0.175564265782196,0.541789533504164,79754,9,33,1.25086934923,0.281551106967047,0.668216294192446
"GO:0061245","establishment or maintenance of bipolar cell polarity",0.0149718279912826,24,1.23403438699167,0.175564265782196,0.541789533504164,79754,9,33,1.25086934923,0.281551106967047,0.668216294192446
"GO:0000070","mitotic sister chromatid segregation",0.014275368096529,23,1.24031321062388,0.175586710341883,0.541789533504164,96327,14,70,0.917304189435337,0.688558762877027,0.850950369844694
"GO:2000831","regulation of steroid hormone secretion",0.00226851113591665,5,1.6967581259251,0.175680002373452,0.541789533504164,303139,4,11,1.66782579897334,0.203078312779333,0.616159221484306
"GO:0006285","base-excision repair, AP site formation",0.0022702386647531,5,1.69546698476162,0.176050471205891,0.54186155167505,77130,2,7,1.3104345563362,0.47232702215742,0.754978406316201
"GO:0006094","gluconeogenesis",0.00810397065858715,14,1.32990624277628,0.176068671811832,0.54186155167505,78806,9,36,1.14663023679417,0.382786797926292,0.717450621306231
"GO:1990868","response to chemokine",0.00610216339765056,11,1.38771314305027,0.176287572202638,0.54186155167505,102086,9,29,1.42340305257207,0.162334581189554,0.590868505944047
"GO:1990869","cellular response to chemokine",0.00610216339765056,11,1.38771314305027,0.176287572202638,0.54186155167505,102086,9,29,1.42340305257207,0.162334581189554,0.590868505944047
"GO:0033598","mammary gland epithelial cell proliferation",0.00227608568543029,5,1.69111151142383,0.177306571079762,0.544118902077143,141331,5,14,1.63804319542024,0.171372945805701,0.593229738391896
"GO:0008593","regulation of Notch signaling pathway",0.0129080954659012,21,1.25241417666162,0.177388594689657,0.544118902077143,129034,17,61,1.27821075577055,0.159191852527309,0.590868505944047
"GO:0046006","regulation of activated T cell proliferation",0.00227728166693244,5,1.69022337443353,0.177563918556074,0.544118902077143,47241,4,14,1.3104345563362,0.364900064093148,0.710658612643248
"GO:0030834","regulation of actin filament depolymerization",0.00545420719715091,10,1.41142958618397,0.177684146260978,0.544118902077143,121648,6,23,1.19648372535044,0.386010953427164,0.717450621306231
"GO:0061337","cardiac conduction",0.0143019454632435,23,1.23800833125454,0.177755285530323,0.544118902077143,68338,13,41,1.4542627393487,0.09203518184787,0.519218394507774
"GO:0002260","lymphocyte homeostasis",0.0108450273746877,18,1.27771119926974,0.177953348098458,0.544276110012595,292199,10,30,1.52884031572556,0.0986014128077031,0.521003496228806
"GO:0018105","peptidyl-serine phosphorylation",0.0143152341466008,23,1.23685910096329,0.178844862921641,0.546466206498426,115938,17,69,1.13001240727542,0.327005941528053,0.687360930917324
"GO:0051145","smooth muscle cell differentiation",0.0185252219210121,29,1.20510649622305,0.178964000241398,0.546466206498426,140334,13,41,1.4542627393487,0.09203518184787,0.519218394507774
"GO:0010558","negative regulation of macromolecule biosynthetic process",0.229099691702546,312,1.04838533705938,0.179143906858375,0.546565702668232,149460,237,951,1.14301310670965,0.00772955407345366,0.347715106383732
"GO:0039702","viral budding via host ESCRT complex",0.0022861850847818,5,1.68364089558634,0.179484160374275,0.546967076963281,188425,2,9,1.01922687715037,0.616482123379327,0.814840345306899
"GO:0032536","regulation of cell projection size",0.00228658374528252,5,1.68334735675408,0.179570323380398,0.546967076963281,54970,2,8,1.14663023679417,0.548449792893634,0.788457974921475
"GO:0072539","T-helper 17 cell differentiation",0.00290384308722692,6,1.59062921294165,0.180078049868147,0.54806363003349,81886,4,21,0.873623037557464,0.703122337618131,0.854160883857257
"GO:0097186","amelogenesis",0.00290743103173338,6,1.58866628096352,0.180761158108417,0.549521907270671,92396,2,11,0.83391289948667,0.728330621221025,0.864950897800897
"GO:1903510","mucopolysaccharide metabolic process",0.00747355552011907,13,1.33908127162047,0.180853436328164,0.549521907270671,131149,10,34,1.34897674916961,0.189649989205936,0.597284770758932
"GO:0034162","toll-like receptor 9 signaling pathway",0.00229628448413331,5,1.67623599349927,0.1816717278944,0.55155655522768,156056,4,9,2.03845375430075,0.1112028574589,0.53758873962322
"GO:0031663","lipopolysaccharide-mediated signaling pathway",0.00418646680486897,8,1.47106947524974,0.182555083842782,0.55311262546079,59546,6,29,0.948935368381383,0.630042193238743,0.817578361985218
"GO:0070228","regulation of lymphocyte apoptotic process",0.00549141551055121,10,1.40186612949702,0.182738340786,0.55311262546079,222959,6,28,0.982825917252147,0.593083097831942,0.810139283120952
"GO:0002062","chondrocyte differentiation",0.0150612608302769,24,1.22670676682169,0.182738609554528,0.55311262546079,148106,17,72,1.08292855697227,0.399423814763233,0.722895245575533
"GO:0009887","animal organ morphogenesis",0.142517142401531,197,1.06411844054015,0.182925793805294,0.55311262546079,150485,136,517,1.20651228010837,0.00674164080346884,0.343375384974478
"GO:0033554","cellular response to stress",0.163561898687078,225,1.0589884505694,0.182929701196871,0.55311262546079,149507,163,766,0.975982916957963,0.659335178791351,0.835308084274144
"GO:1990542","mitochondrial transmembrane transport",0.0074932227714878,13,1.33556662261359,0.183134477281195,0.553280871916313,68698,7,45,0.713458814005262,0.88852424662009,0.937274472507013
"GO:0021783","preganglionic parasympathetic fiber development",0.00230545367564982,5,1.66956931048864,0.183666345691812,0.553835842679949,86044,3,10,1.37595628415301,0.377084061829277,0.714045860789383
"GO:1903900","regulation of viral life cycle",0.00885424972093765,15,1.30415839566265,0.183961988888061,0.553835842679949,98382,9,44,0.938152011922504,0.644393369401158,0.827231626463079
"GO:1900016","negative regulation of cytokine production involved in inflammatory response",0.00292444054643066,6,1.57942607175903,0.184013652426611,0.553835842679949,148751,2,11,0.83391289948667,0.728330621221025,0.864950897800897
"GO:0001706","endoderm formation",0.00953768670600117,16,1.29142080582581,0.184124738907753,0.553835842679949,184768,6,27,1.01922687715037,0.55425832846232,0.788457974921475
"GO:0001942","hair follicle development",0.0102231169935683,17,1.28013696806319,0.184190642051903,0.553835842679949,85103,12,48,1.14663023679417,0.348024562772708,0.706445403811136
"GO:0035330","regulation of hippo signaling",0.0041969648647212,8,1.46738982200133,0.184213862497859,0.553835842679949,130583,6,19,1.44837503595053,0.218322033449073,0.616159221484306
"GO:0072332","intrinsic apoptotic signaling pathway by p53 class mediator",0.0116070004783926,19,1.26015639449466,0.184816603791883,0.555027910994445,167963,10,34,1.34897674916961,0.189649989205936,0.597284770758932
"GO:0050779","RNA destabilization",0.010917982246319,18,1.2691734260419,0.184909568191141,0.555027910994445,184888,12,48,1.14663023679417,0.348024562772708,0.706445403811136
"GO:0050671","positive regulation of lymphocyte proliferation",0.0144002817200872,23,1.22955425323001,0.185900946424265,0.557552555565097,139078,14,54,1.1890980233421,0.277164545471591,0.665553698187444
"GO:0002762","negative regulation of myeloid leukocyte differentiation",0.0158118056662946,25,1.21716481496581,0.186730184003669,0.559182665464935,69650,10,28,1.63804319542024,0.0652383885149981,0.479523898061771
"GO:0030851","granulocyte differentiation",0.00421291128474991,8,1.46183555967157,0.186745909032629,0.559182665464935,29830,3,19,0.724187517975266,0.81724972224041,0.903186317995806
"GO:0048754","branching morphogenesis of an epithelial tube",0.0200572742252698,31,1.18981826216277,0.187321488048045,0.560126705782496,132435,25,86,1.33329097301648,0.068849919634377,0.479523898061771
"GO:0032946","positive regulation of mononuclear cell proliferation",0.0144195503109552,23,1.22791122155811,0.187519318954518,0.560126705782496,139078,14,55,1.16747805928134,0.30261672358332,0.668216294192446
"GO:0045935","positive regulation of nucleobase-containing compound metabolic process",0.234776484345931,319,1.04598856557115,0.18763809395182,0.560126705782496,143310,229,924,1.13670270227647,0.0114383539058445,0.347715106383732
"GO:0006555","methionine metabolic process",0.00357598469143677,7,1.5069305520154,0.187665093069445,0.560126705782496,235505,2,8,1.14663023679417,0.548449792893634,0.788457974921475
"GO:0031290","retinal ganglion cell axon guidance",0.00232472226651783,5,1.65573099163527,0.18788397946957,0.560329231376289,137757,4,12,1.52884031572556,0.255224673077277,0.640269346339134
"GO:0009792","embryo development ending in birth or egg hatching",0.0740424174772764,105,1.09169056778554,0.188066662295801,0.56042354788548,154189,80,305,1.20302188778405,0.0348260238959149,0.442114843387871
"GO:0046651","lymphocyte proliferation",0.0264988305958646,40,1.16204817105216,0.188316259024995,0.560716951029479,131213,30,111,1.2396002559937,0.111575021431234,0.53758873962322
"GO:1902679","negative regulation of RNA biosynthetic process",0.165296736299367,227,1.05718849298862,0.188938936259222,0.562119850458471,148701,164,611,1.23107927223728,0.0012100300788771,0.272430394640544
"GO:0032943","mononuclear cell proliferation",0.0265180991867326,40,1.16120380318781,0.189514052270072,0.56256800977411,131213,30,112,1.22853239656518,0.122003041279183,0.547048978101158
"GO:0045429","positive regulation of nitric oxide biosynthetic process",0.00358674852495615,7,1.50240825292632,0.189544477686695,0.56256800977411,136482,5,13,1.76404651814488,0.132865333619212,0.554477376521119
"GO:1904407","positive regulation of nitric oxide metabolic process",0.00358674852495615,7,1.50240825292632,0.189544477686695,0.56256800977411,136482,5,13,1.76404651814488,0.132865333619212,0.554477376521119
"GO:0017145","stem cell division",0.00423749534896082,8,1.45335463962205,0.190678386530029,0.565481066368033,92437,5,18,1.27403359643797,0.353413118456461,0.706445403811136
"GO:2001233","regulation of apoptotic signaling pathway",0.0366601552118216,54,1.13394061096804,0.191076926114539,0.566210380099791,137365,36,162,1.01922687715037,0.479352261039154,0.761626076426235
"GO:1903707","negative regulation of hemopoiesis",0.0222516345080529,34,1.17627224081589,0.191430222371995,0.566467425975774,85795,17,56,1.39233671610721,0.0851660223583716,0.503981106904705
"GO:0051693","actin filament capping",0.00424241216180301,8,1.45167025053306,0.191469043712566,0.566467425975774,57736,4,18,1.01922687715037,0.574708313790709,0.800731083677225
"GO:0098813","nuclear chromosome segregation",0.0294392175623239,44,1.15058117017313,0.192093730296216,0.567862740556942,121078,28,126,1.01922687715037,0.489628146606569,0.769093063738652
"GO:0060736","prostate gland growth",0.00297095093818104,6,1.55470007430339,0.193023074577098,0.570155737803372,153074,3,8,1.71994535519126,0.243958709948775,0.640269346339134
"GO:0002181","cytoplasmic translation",0.00894235369159624,15,1.29130925806551,0.193502439726497,0.571116985986719,61780,13,53,1.12499570402447,0.36586467658992,0.710658612643248
"GO:0060231","mesenchymal to epithelial transition",0.00235209695423377,5,1.6364609021281,0.193935155760805,0.571939131854201,68659,3,14,0.982825917252147,0.617328601262156,0.814840345306899
"GO:0007020","microtubule nucleation",0.00297799394036039,6,1.55102318434632,0.194401795214875,0.572487919265937,16836,4,20,0.917304189435337,0.663704404401251,0.835308084274144
"GO:0097049","motor neuron apoptotic process",0.00235462180407165,5,1.63470613283297,0.194496699022348,0.572487919265937,43507,3,10,1.37595628415301,0.377084061829277,0.714045860789383
"GO:0035456","response to interferon-beta",0.0029789241481954,6,1.55053885717094,0.194584168785538,0.572487919265937,100230,6,14,1.96565183450429,0.0635516316835313,0.479523898061771
"GO:0010659","cardiac muscle cell apoptotic process",0.00235953861691384,5,1.63129972784791,0.195591864232123,0.57342229431387,45094,4,14,1.3104345563362,0.364900064093148,0.710658612643248
"GO:0010665","regulation of cardiac muscle cell apoptotic process",0.00235953861691384,5,1.63129972784791,0.195591864232123,0.57342229431387,45094,4,14,1.3104345563362,0.364900064093148,0.710658612643248
"GO:0003161","cardiac conduction system development",0.00298410673470473,6,1.54784599043467,0.195601433533442,0.57342229431387,120733,4,16,1.14663023679417,0.473743862507848,0.754978406316201
"GO:0043249","erythrocyte maturation",0.00235967150374741,5,1.63120785986751,0.195621493145715,0.57342229431387,558849,3,8,1.71994535519126,0.243958709948775,0.640269346339134
"GO:0060438","trachea development",0.00362382395152288,7,1.48703707938153,0.196075832795753,0.57342229431387,95064,4,15,1.22307225258045,0.419938859200025,0.731786363378155
"GO:0048668","collateral sprouting",0.00362408972519003,7,1.48692802708765,0.196122972038366,0.57342229431387,70199,6,16,1.71994535519126,0.114586339749142,0.543625729500403
"GO:0048873","homeostasis of number of cells within a tissue",0.00298676447137618,6,1.54646865817765,0.196123883651832,0.57342229431387,240728,4,16,1.14663023679417,0.473743862507848,0.754978406316201
"GO:0072527","pyrimidine-containing compound metabolic process",0.00492943709137299,9,1.40551676349377,0.196613974101813,0.57342229431387,111724,6,23,1.19648372535044,0.386010953427164,0.717450621306231
"GO:0042303","molting cycle",0.0117324456492851,19,1.24668260233026,0.196701633310926,0.57342229431387,77578,13,56,1.06472807702316,0.45056331517676,0.741424756334832
"GO:0042633","hair cycle",0.0117324456492851,19,1.24668260233026,0.196701633310926,0.57342229431387,77578,13,56,1.06472807702316,0.45056331517676,0.741424756334832
"GO:0043094","cellular metabolic compound salvage",0.00236472120342316,5,1.62772452754523,0.196748550650874,0.57342229431387,80490,5,16,1.43328779599271,0.258523849276556,0.640269346339134
"GO:0007351","tripartite regional subdivision",0.0023655185244246,5,1.62717588717867,0.196926712941031,0.57342229431387,151133,5,12,1.91105039465695,0.0987855921834425,0.521003496228806
"GO:0008595","anterior/posterior axis specification, embryo",0.0023655185244246,5,1.62717588717867,0.196926712941031,0.57342229431387,151133,5,12,1.91105039465695,0.0987855921834425,0.521003496228806
"GO:0035196","miRNA processing",0.00299154839738479,6,1.54399562727438,0.197065613274982,0.57342229431387,85602,5,18,1.27403359643797,0.353413118456461,0.706445403811136
"GO:1902742","apoptotic process involved in development",0.00559785786424281,10,1.37520987383584,0.197550732646698,0.574282039585532,60874,7,23,1.39589767957551,0.220046587003463,0.616159221484306
"GO:0034405","response to fluid shear stress",0.00693988199649179,12,1.33112858307295,0.197766199736143,0.574282039585532,122320,8,16,2.29326047358834,0.0119029160406291,0.347715106383732
"GO:0048009","insulin-like growth factor receptor signaling pathway",0.00299540211555839,6,1.54200920816294,0.19782545730197,0.574282039585532,101917,2,24,0.38221007893139,0.979125169080982,0.98477630665106
"GO:0030859","polarized epithelial cell differentiation",0.00299673098389412,6,1.54132542065544,0.198087725708927,0.574303593099203,203957,4,13,1.4112372145159,0.309606601725307,0.668216294192446
"GO:0044419","biological process involved in interspecies interaction between organisms",0.137795938978366,190,1.06147075031329,0.198142479559833,0.574303593099203,110598,150,635,1.08343014500237,0.133909932897482,0.558208821404111
"GO:0032233","positive regulation of actin filament bundle assembly",0.00762478073672461,13,1.31252275638634,0.198741188847969,0.57558923546133,84154,6,28,0.982825917252147,0.593083097831942,0.810139283120952
"GO:0043277","apoptotic cell clearance",0.00300151490990273,6,1.53886879891977,0.199032963180768,0.575984628237636,85442,4,18,1.01922687715037,0.574708313790709,0.800731083677225
"GO:1901699","cellular response to nitrogen compound",0.0639827512890023,91,1.09488707807243,0.199745144918717,0.576832735372765,157084,55,272,0.927421515054109,0.761804048884981,0.879490092194061
"GO:0010827","regulation of D-glucose transmembrane transport",0.00429383936639558,8,1.43428363296199,0.199820353433567,0.576832735372765,203005,4,29,0.632623578920922,0.904678239991992,0.943439549157421
"GO:0051253","negative regulation of RNA metabolic process",0.179286663477383,245,1.05198354868756,0.199941829417092,0.576832735372765,146188,177,659,1.23188802374852,0.000747533936589218,0.272430394640544
"GO:0045892","negative regulation of DNA-templated transcription",0.164957874873758,226,1.05469341634456,0.200099692921412,0.576832735372765,148958,163,608,1.22961005656217,0.0013247702038035,0.272430394640544
"GO:0038093","Fc receptor signaling pathway",0.00429556689523202,8,1.43370681355817,0.200103431381334,0.576832735372765,50212,8,29,1.26524715784184,0.287739991824985,0.668216294192446
"GO:0051289","protein homotetramerization",0.00696313719236698,12,1.32668293521636,0.200720047867996,0.578161007445857,49325,7,27,1.1890980233421,0.372211979527185,0.714045860789383
"GO:0007589","body fluid secretion",0.00696845266570988,12,1.32567095334392,0.201397967257525,0.579663660609322,136035,7,37,0.867720179195589,0.72610364221146,0.864950897800897
"GO:0000422","autophagy of mitochondrion",0.0145872534949237,23,1.2137944708238,0.201906008871672,0.580675420863492,178220,16,61,1.20302188778405,0.241922889625388,0.640269346339134
"GO:0032107","regulation of response to nutrient levels",0.00431111465476001,8,1.428536241547,0.202658436028329,0.581945653740554,108242,4,12,1.52884031572556,0.255224673077277,0.640269346339134
"GO:0098773","skin epidermis development",0.0145958911391059,23,1.21307616423673,0.202661397475147,0.581945653740554,116837,16,64,1.14663023679417,0.311520476984784,0.668444748185974
"GO:0071715","icosanoid transport",0.00563812257481529,10,1.36538879832504,0.203285882529943,0.583287412363564,116660,6,23,1.19648372535044,0.386010953427164,0.717450621306231
"GO:0031326","regulation of cellular biosynthetic process",0.470847286450858,627,1.02512852409545,0.204208477510012,0.584926720117104,139543,488,2087,1.07245913858276,0.0219138407159405,0.405821798307366
"GO:2000786","positive regulation of autophagosome assembly",0.00239847445915059,5,1.60481788285597,0.204338965661392,0.584926720117104,51355,3,12,1.14663023679417,0.504706732604915,0.774119999011001
"GO:0035914","skeletal muscle cell differentiation",0.0125107638335194,20,1.23065697821118,0.204468535707891,0.584926720117104,131165,13,40,1.49061930783242,0.0777140775994613,0.481334270273792
"GO:0051100","negative regulation of binding",0.00835512677403923,14,1.28992910120986,0.204498102584563,0.584926720117104,60722,8,43,0.853306222730546,0.750331373697291,0.873040703943482
"GO:0030278","regulation of ossification",0.0139164407590496,22,1.21698536207304,0.204785761311208,0.584926720117104,114970,15,57,1.20697919662544,0.24711340786626,0.640269346339134
"GO:0009893","positive regulation of metabolic process",0.35817214160421,480,1.03166876656663,0.204803183135342,0.584926720117104,146328,364,1559,1.07087467913554,0.0527958055366999,0.468665754590752
"GO:0006220","pyrimidine nucleotide metabolic process",0.00432745973528943,8,1.42314057264756,0.205358510592538,0.586061595614088,118086,5,18,1.27403359643797,0.353413118456461,0.706445403811136
"GO:0002244","hematopoietic progenitor cell differentiation",0.0104357359272843,17,1.25405530414829,0.205909960584595,0.587158698266799,132915,13,52,1.14663023679417,0.338048667361001,0.698696688528866
"GO:0070098","chemokine-mediated signaling pathway",0.00499162812948493,9,1.38800533348778,0.20609453641973,0.587158698266799,79512,8,24,1.52884031572556,0.132220877457738,0.554477376521119
"GO:0061013","regulation of mRNA catabolic process",0.0253415191622814,38,1.15436140825523,0.20642040240564,0.587158698266799,162394,24,87,1.26524715784184,0.119841086307285,0.547048978101158
"GO:0031640","killing of cells of another organism",0.00566071333652262,10,1.35993980786269,0.206534259093847,0.587158698266799,82357,7,33,0.972898382734448,0.600907643410918,0.813546739063194
"GO:0141061","disruption of cell in another organism",0.00566071333652262,10,1.35993980786269,0.206534259093847,0.587158698266799,82357,7,33,0.972898382734448,0.600907643410918,0.813546739063194
"GO:1990403","embryonic brain development",0.00499787381066284,9,1.38627078813617,0.207056856702897,0.588190729760937,41566,1,11,0.416956449743335,0.933287485356058,0.956920616595062
"GO:1903035","negative regulation of response to wounding",0.0118410141923138,19,1.23525195022935,0.207280250462434,0.588190729760937,167958,12,39,1.4112372145159,0.123785113762019,0.551204372571497
"GO:0044458","motile cilium assembly",0.00701496305746027,12,1.31688153066741,0.207372904185257,0.588190729760937,106854,8,28,1.3104345563362,0.253145395787625,0.640269346339134
"GO:0071385","cellular response to glucocorticoid stimulus",0.00701735502046457,12,1.31643265329221,0.207682259955657,0.588618169927797,160415,9,29,1.42340305257207,0.162334581189554,0.590868505944047
"GO:0032273","positive regulation of protein polymerization",0.0139579014511242,22,1.21337041640711,0.208542905947485,0.590606245087916,141146,14,44,1.45934757410167,0.0803151545183444,0.493313418755286
"GO:1902017","regulation of cilium assembly",0.00567905171955563,10,1.35554838860293,0.209187086202735,0.591521727340982,85276,7,31,1.03566602033022,0.528442811964507,0.784760956846717
"GO:0016054","organic acid catabolic process",0.0203578642428108,31,1.17225023596766,0.209344481940353,0.591521727340982,140813,18,100,0.825573770491803,0.853671040332401,0.921209877729264
"GO:0046395","carboxylic acid catabolic process",0.0203578642428108,31,1.17225023596766,0.209344481940353,0.591521727340982,140813,18,100,0.825573770491803,0.853671040332401,0.921209877729264
"GO:0043434","response to peptide hormone",0.0472588103970659,68,1.10768678960351,0.210018497923691,0.592974602204637,146807,33,190,0.796606269772793,0.946965398645127,0.96783515949681
"GO:0051952","regulation of amine transport",0.0118737043533727,19,1.23185110884072,0.210517141927614,0.593199389544244,155815,13,39,1.52884031572556,0.0649035088705867,0.479523898061771
"GO:0000226","microtubule cytoskeleton organization",0.069425530218466,98,1.0866701046937,0.210577307822318,0.593199389544244,101874,59,296,0.914205188795353,0.806178553831564,0.899676192863757
"GO:1902074","response to salt",0.0024259820337001,5,1.58662127342613,0.210595747268614,0.593199389544244,283074,4,14,1.3104345563362,0.364900064093148,0.710658612643248
"GO:0019221","cytokine-mediated signaling pathway",0.0370193483229682,54,1.12293815753867,0.210737680706014,0.593199389544244,161810,41,166,1.13281541466412,0.204872835623912,0.616159221484306
"GO:0050869","negative regulation of B cell activation",0.00242996863870728,5,1.58401826357144,0.211507636121787,0.594634099709583,161115,5,13,1.76404651814488,0.132865333619212,0.554477376521119
"GO:0141060","disruption of anatomical structure in another organism",0.00569606123425291,10,1.3515004650834,0.211660258997763,0.594634099709583,82357,7,34,0.944283724418729,0.63487232966514,0.819546396331826
"GO:1903509","liposaccharide metabolic process",0.00910514006272259,15,1.26822256783622,0.21172820639255,0.594634099709583,73059,13,48,1.24218275652702,0.232889640609996,0.640015234565247
"GO:0010811","positive regulation of cell-substrate adhesion",0.0126023228618508,20,1.22171594738936,0.21327126751846,0.598400752753634,202164,18,60,1.37595628415301,0.0860562835962397,0.503981106904705
"GO:0046461","neutral lipid catabolic process",0.00503973316323819,9,1.37475660756233,0.213553260551432,0.598400752753634,54653,8,18,2.03845375430075,0.0267098777763669,0.405821798307366
"GO:0046464","acylglycerol catabolic process",0.00503973316323819,9,1.37475660756233,0.213553260551432,0.598400752753634,54653,8,18,2.03845375430075,0.0267098777763669,0.405821798307366
"GO:0002043","blood vessel endothelial cell proliferation involved in sprouting angiogenesis",0.00372229309520013,7,1.44769915942788,0.213839359142821,0.598750205599898,217368,5,18,1.27403359643797,0.353413118456461,0.706445403811136
"GO:2000107","negative regulation of leukocyte apoptotic process",0.00571267208844948,10,1.34757067936763,0.214087012139781,0.598991564885812,229542,6,27,1.01922687715037,0.55425832846232,0.788457974921475
"GO:0032502","developmental process",0.61712618933716,816,1.01790449098456,0.214800400249083,0.600419813284566,138703,663,2849,1.06734411652444,0.00888142645695478,0.347715106383732
"GO:0001649","osteoblast differentiation",0.0290854728113538,43,1.13810721475342,0.214921162275446,0.600419813284566,142480,28,108,1.1890980233421,0.175867676319142,0.593229738391896
"GO:1900024","regulation of substrate adhesion-dependent cell spreading",0.00775966087280072,13,1.2897081964608,0.215345090972282,0.600908307245473,104782,12,33,1.66782579897334,0.0399106724482213,0.442114843387871
"GO:0009072","aromatic amino acid metabolic process",0.00373093073938234,7,1.44434752652566,0.21542512588993,0.600908307245473,231131,5,14,1.63804319542024,0.171372945805701,0.593229738391896
"GO:1901879","regulation of protein depolymerization",0.00914101950778717,15,1.26324466335701,0.215845652335246,0.600908307245473,149191,10,40,1.14663023679417,0.370246557444554,0.714045860789383
"GO:0048468","cell development",0.31971695104449,429,1.03295755977756,0.215951378944415,0.600908307245473,145029,318,1320,1.10493459181984,0.0152529549803588,0.386281270938799
"GO:0006109","regulation of carbohydrate metabolic process",0.0211627597937596,32,1.16404166296025,0.216005593659238,0.600908307245473,186348,20,85,1.07918139933569,0.390474648765482,0.7185818189087
"GO:0007368","determination of left/right symmetry",0.0119295168234731,19,1.22608787012806,0.216097524879637,0.600908307245473,140347,17,54,1.4439047426297,0.063239385414012,0.479523898061771
"GO:0000423","mitophagy",0.0119317758996439,19,1.22585573151651,0.216324815185484,0.600908307245473,207804,14,50,1.28422586520947,0.184020317997414,0.597284770758932
"GO:0060213","positive regulation of nuclear-transcribed mRNA poly(A) tail shortening",0.00245149630574603,5,1.57010830267061,0.216453567482414,0.600908307245473,372377,2,8,1.14663023679417,0.548449792893634,0.788457974921475
"GO:0062197","cellular response to chemical stress",0.0312901982671557,46,1.13172358228416,0.216570934834786,0.600908307245473,152058,30,134,1.02683304787538,0.468497788397955,0.754978406316201
"GO:0050982","detection of mechanical stimulus",0.00506126083027694,9,1.36890919058475,0.216925422522367,0.600908307245473,201504,6,22,1.25086934923,0.342715901316634,0.702085032515025
"GO:0033138","positive regulation of peptidyl-serine phosphorylation",0.00506165949077765,9,1.36880137416123,0.216988066171115,0.600908307245473,138466,6,26,1.05842791088693,0.513803584254512,0.777727987590469
"GO:0030206","chondroitin sulfate biosynthetic process",0.00373970127039813,7,1.44096017179783,0.21703965814257,0.600908307245473,142506,4,9,2.03845375430075,0.1112028574589,0.53758873962322
"GO:0010463","mesenchymal cell proliferation",0.00846223356189869,14,1.27360242320146,0.217218825471384,0.600955885532315,181116,9,36,1.14663023679417,0.382786797926292,0.717450621306231
"GO:0001768","establishment of T cell polarity",0.00309785786424281,6,1.49101019051136,0.218411933614664,0.603133474007201,146760,4,11,1.66782579897334,0.203078312779333,0.616159221484306
"GO:0090150","establishment of protein localization to membrane",0.0269660607027056,40,1.14191382895818,0.218491011785382,0.603133474007201,79848,23,120,0.879083181542198,0.790925174315084,0.890000726936294
"GO:0061097","regulation of protein tyrosine kinase activity",0.00507122734279488,9,1.36621886541065,0.21849363586676,0.603133474007201,227098,6,20,1.37595628415301,0.258274367035768,0.640269346339134
"GO:0048844","artery morphogenesis",0.0133640301918886,21,1.20968611437353,0.218869609001059,0.603273754382641,187450,15,41,1.67799546847927,0.0217658473601378,0.405821798307366
"GO:0030224","monocyte differentiation",0.00507375219263275,9,1.36553899431134,0.218891616121027,0.603273754382641,94901,3,13,1.05842791088693,0.563236771868797,0.794225930685381
"GO:0007007","inner mitochondrial membrane organization",0.00246265879976612,5,1.56299147246209,0.21903227686076,0.603273754382641,106795,4,18,1.01922687715037,0.574708313790709,0.800731083677225
"GO:0044849","estrous cycle",0.00246637963110615,5,1.56063351118898,0.219893951425222,0.605197744649534,96838,3,9,1.52884031572556,0.310336636193712,0.668216294192446
"GO:1904036","negative regulation of epithelial cell apoptotic process",0.00441689257428374,8,1.39432495181021,0.220378282230526,0.606081117179578,125312,5,15,1.52884031572556,0.213543377549239,0.616159221484306
"GO:0030850","prostate gland development",0.0064347791420826,11,1.31598181708833,0.22067779416604,0.606113009875727,97750,7,25,1.28422586520947,0.293926480419984,0.668216294192446
"GO:0006974","DNA damage response",0.0763615584967841,107,1.07869792443927,0.220784778394571,0.606113009875727,167687,75,365,0.942435811063702,0.743418519863502,0.873040703943482
"GO:0060837","blood vessel endothelial cell differentiation",0.00247063200978047,5,1.55794739499072,0.220879997129914,0.606113009875727,202819,4,9,2.03845375430075,0.1112028574589,0.53758873962322
"GO:0030099","myeloid cell differentiation",0.0563339180354011,80,1.0932283321602,0.221123012953298,0.606126950240639,155847,45,187,1.10370824932059,0.249077422331387,0.640269346339134
"GO:0048880","sensory system development",0.0622604050390687,88,1.08808188352083,0.22131920294761,0.606126950240639,129078,61,226,1.23795476892822,0.035479575437419,0.442114843387871
"GO:0060706","cell differentiation involved in embryonic placenta development",0.00576210599053846,10,1.33600968463215,0.221375206893818,0.606126950240639,157333,8,13,2.82247442903181,0.00223467911954611,0.272430394640544
"GO:0150052","regulation of postsynapse assembly",0.00780922766172328,13,1.28152215083442,0.221592396221227,0.606274181401735,117082,9,23,1.79472558802566,0.0452686535933275,0.442114843387871
"GO:0015718","monocarboxylic acid transport",0.0141051400627226,22,1.20070446805977,0.222147422511257,0.606921873294673,191551,11,64,0.788308287795993,0.854167165313985,0.921477226901681
"GO:0051153","regulation of striated muscle cell differentiation",0.0190910540583639,29,1.16938882540143,0.22215630833805,0.606921873294673,212370,13,43,1.38662261193714,0.125234922715117,0.554477376521119
"GO:0141193","nuclear receptor-mediated signaling pathway",0.0190954393238718,29,1.16912027538829,0.222509184989139,0.607095141501427,112118,21,85,1.13314046930247,0.295575857071146,0.668216294192446
"GO:0048486","parasympathetic nervous system development",0.00247780789879339,5,1.55343548040692,0.22254700604904,0.607095141501427,86044,3,11,1.25086934923,0.442336217723005,0.741424756334832
"GO:0035929","steroid hormone secretion",0.00247913676712911,5,1.55260280701476,0.222856129583078,0.607466496922649,303139,4,13,1.4112372145159,0.309606601725307,0.668216294192446
"GO:0006446","regulation of translational initiation",0.00713402966034125,12,1.2949028429245,0.223010611538719,0.607466496922649,77271,8,38,0.965583357300355,0.608113769905779,0.814840345306899
"GO:0043903","regulation of biological process involved in symbiotic interaction",0.00510192420135013,9,1.35799870658197,0.223351203042806,0.607947882090103,70068,5,21,1.09202879694683,0.496178188229511,0.769895892233997
"GO:0042445","hormone metabolic process",0.0219863923882422,33,1.15544908847645,0.22388211988875,0.608849025947416,155066,24,95,1.15870002876043,0.239284250023318,0.640269346339134
"GO:0044283","small molecule biosynthetic process",0.0541767660660182,77,1.09412891798465,0.224010490678766,0.608849025947416,82902,49,243,0.924854018154969,0.758236492823911,0.876614954308729
"GO:0051384","response to glucocorticoid",0.0127191303885611,20,1.21049618520457,0.224751545784544,0.610132916087542,110867,14,59,1.08832700441481,0.409290699997393,0.729974447948049
"GO:0010232","vascular transport",0.00578629139424866,10,1.3304254629983,0.224976234287805,0.610132916087542,100481,9,36,1.14663023679417,0.382786797926292,0.717450621306231
"GO:0150104","transport across blood-brain barrier",0.00578629139424866,10,1.3304254629983,0.224976234287805,0.610132916087542,100481,9,36,1.14663023679417,0.382786797926292,0.717450621306231
"GO:0006468","protein phosphorylation",0.119129458353266,164,1.05977953752036,0.225334489836076,0.610658113434507,123575,120,520,1.05842791088693,0.248609267366992,0.640269346339134
"GO:0001935","endothelial cell proliferation",0.0191330462977728,29,1.16682231012968,0.225546242124854,0.610785808965845,208494,23,78,1.35243566391107,0.0684733796038116,0.479523898061771
"GO:0002262","myeloid cell homeostasis",0.0155649019295168,24,1.18701361955454,0.225866178920608,0.611206071331479,237047,17,71,1.09818107185921,0.375017007975786,0.714045860789383
"GO:0010765","positive regulation of sodium ion transport",0.00579346728326157,10,1.3287775749555,0.226049041510391,0.611255061227079,59596,2,14,0.655217278168098,0.843516846725449,0.916210439400109
"GO:0046323","D-glucose import",0.0057977196619359,10,1.32780297360322,0.226685714171736,0.612530225474976,197172,4,32,0.573315118397086,0.94078662049151,0.963643943131833
"GO:0001936","regulation of endothelial cell proliferation",0.0148671131664275,23,1.19094591118245,0.22706799503582,0.613116638706618,191591,19,65,1.34067535379011,0.0985189422711427,0.521003496228806
"GO:0090102","cochlea development",0.00445994790836124,8,1.38086445230522,0.22775109858104,0.61405653212659,284126,7,26,1.23483256270142,0.332743349773908,0.692655801326738
"GO:0046324","regulation of D-glucose import",0.00379803859033647,7,1.41882723329255,0.227887704990988,0.61405653212659,231560,3,23,0.59824186267522,0.90570883820219,0.943549120863146
"GO:0060219","camera-type eye photoreceptor cell differentiation",0.00379817147717004,7,1.4187775927064,0.227912626614101,0.61405653212659,90852,4,17,1.07918139933569,0.525531603716431,0.78428087280288
"GO:0009225","nucleotide-sugar metabolic process",0.00379950034550577,7,1.41828137782367,0.228161894329393,0.61428202319452,115219,6,15,1.83460837887067,0.0870320823186246,0.503981106904705
"GO:1901652","response to peptide",0.0825114282676872,115,1.0729378952938,0.228330460419275,0.61429007117876,164785,76,351,0.993092854659339,0.549745363890486,0.788457974921475
"GO:0072205","metanephric collecting duct development",0.00380189230851007,7,1.41738906517771,0.228610811746289,0.614598631578792,57351,3,7,1.96565183450429,0.180308104461953,0.593229738391896
"GO:0007602","phototransduction",0.00251023228618508,5,1.5333699294689,0.230126071755553,0.618224276765462,37814,3,13,1.05842791088693,0.563236771868797,0.794225930685381
"GO:0008630","intrinsic apoptotic signaling pathway in response to DNA damage",0.0106673576782012,17,1.22682583514051,0.230848226188234,0.619715571026301,126279,11,48,1.05107771706132,0.482027826107924,0.763914239581546
"GO:0032892","positive regulation of organic acid transport",0.005827220538989,10,1.32108084046738,0.231121582209532,0.619811441198596,69861,8,20,1.83460837887067,0.0509434016520354,0.463160125076864
"GO:0001696","gastric acid secretion",0.0025150162121937,5,1.5304532372222,0.231250592931551,0.619811441198596,191197,3,7,1.96565183450429,0.180308104461953,0.593229738391896
"GO:0072073","kidney epithelium development",0.0271556902142136,40,1.13393978890023,0.23138513370891,0.619811441198596,191554,27,90,1.37595628415301,0.0422787516807779,0.442114843387871
"GO:0060428","lung epithelium development",0.00788802955403179,13,1.26871966704182,0.231677799577934,0.620147645334875,88243,5,27,0.849355730958645,0.73223277367861,0.867087006175436
"GO:0090148","membrane fission",0.00515521182161271,9,1.34396154925508,0.23187948146927,0.620239997297038,125655,5,20,1.14663023679417,0.449455123695447,0.741424756334832
"GO:0043525","positive regulation of neuron apoptotic process",0.00516066018178919,9,1.34254266362306,0.232758126228077,0.622141677454009,231854,8,29,1.26524715784184,0.287739991824985,0.668216294192446
"GO:1904892","regulation of receptor signaling pathway via STAT",0.00584130654334769,10,1.31789512330994,0.233251143952334,0.622390395363893,142226,7,33,0.972898382734448,0.600907643410918,0.813546739063194
"GO:0003203","endocardial cushion morphogenesis",0.00382674214638814,7,1.4081849204686,0.233292275187597,0.622390395363893,146963,4,21,0.873623037557464,0.703122337618131,0.854160883857257
"GO:0002673","regulation of acute inflammatory response",0.00317067984904056,6,1.45676569829006,0.233462919971518,0.622390395363893,267797,6,19,1.44837503595053,0.218322033449073,0.616159221484306
"GO:0000041","transition metal ion transport",0.00652593950991336,11,1.29759896411795,0.233576509455078,0.622390395363893,104422,6,37,0.743760153596219,0.848147814546437,0.918991936906332
"GO:0002366","leukocyte activation involved in immune response",0.0271890448094403,40,1.13254871014276,0.233689978636631,0.622390395363893,135132,32,121,1.21296421743516,0.128953187065026,0.554477376521119
"GO:0060627","regulation of vesicle-mediated transport",0.0543849997342263,77,1.08993962904104,0.234184995090501,0.623261357091648,127631,61,246,1.13730803974706,0.140991423303831,0.57273362563044
"GO:0009889","regulation of biosynthetic process",0.473813852123532,629,1.02195963149875,0.234696573076648,0.624175115494168,138659,492,2110,1.06946365213788,0.0257849078199638,0.405821798307366
"GO:0050930","induction of positive chemotaxis",0.00253362036889385,5,1.51921525058573,0.235638605580377,0.626231537753006,211367,3,7,1.96565183450429,0.180308104461953,0.593229738391896
"GO:0000959","mitochondrial RNA metabolic process",0.00318356987189709,6,1.45086736908632,0.236160310456984,0.627168755759062,34274,6,22,1.25086934923,0.342715901316634,0.702085032515025
"GO:0010977","negative regulation of neuron projection development",0.0178322170839313,27,1.16559928031987,0.236723992248528,0.627892903615047,136249,21,64,1.50495218579235,0.0271562983141422,0.405821798307366
"GO:2000300","regulation of synaptic vesicle exocytosis",0.00451243820762239,8,1.36480174185788,0.236856993084286,0.627892903615047,159539,8,24,1.52884031572556,0.132220877457738,0.554477376521119
"GO:0030091","protein repair",0.00318729070323712,6,1.44917363190331,0.236940718345301,0.627892903615047,266012,1,6,0.764420157862781,0.771493078786242,0.883502943897388
"GO:0051235","maintenance of location",0.0360078137458141,52,1.11172517165896,0.237143683775557,0.627982203288591,96496,35,142,1.13048051514918,0.231176841079782,0.638619568433351
"GO:0008277","regulation of G protein-coupled receptor signaling pathway",0.014273507680859,22,1.18654118347038,0.238184919901613,0.629571082911891,57983,13,70,0.851782461618527,0.786251121790995,0.888514060872553
"GO:0060972","left/right pattern formation",0.0121474512305321,19,1.2040909320126,0.238514104789495,0.629571082911891,140347,17,56,1.39233671610721,0.0851660223583716,0.503981106904705
"GO:0045581","negative regulation of T cell differentiation",0.00452227183330676,8,1.36183399689307,0.238576737167215,0.629571082911891,89266,6,24,1.14663023679417,0.429277899748396,0.740753957240256
"GO:0045880","positive regulation of smoothened signaling pathway",0.0031951310264179,6,1.44561759945104,0.238587726803911,0.629571082911891,78524,4,15,1.22307225258045,0.419938859200025,0.731786363378155
"GO:0002064","epithelial cell development",0.0272594748312337,40,1.12962255581179,0.238592167809735,0.629571082911891,134975,30,115,1.19648372535044,0.156786876238554,0.590868505944047
"GO:0050853","B cell receptor signaling pathway",0.00864428852389305,14,1.24677943596416,0.239591602601736,0.631476360775909,294488,6,24,1.14663023679417,0.429277899748396,0.740753957240256
"GO:0000045","autophagosome assembly",0.0121595439323872,19,1.20289346007384,0.239786003041692,0.631476360775909,93768,15,55,1.25086934923,0.202626023858667,0.616159221484306
"GO:1904019","epithelial cell apoptotic process",0.00864614893956307,14,1.24651116300057,0.239824849685514,0.631476360775909,89843,11,40,1.26129326047359,0.241396183989325,0.640269346339134
"GO:0002687","positive regulation of leukocyte migration",0.0135810343911125,21,1.19035717675346,0.240053636294704,0.631517497728856,88356,16,59,1.24380229075978,0.199420534393348,0.616159221484306
"GO:0001654","eye development",0.061931111465476,87,1.08143700731565,0.240313146808846,0.631517497728856,128048,60,222,1.2396002559937,0.0358849961068985,0.442114843387871
"GO:0001503","ossification",0.048586482751289,69,1.09326256814755,0.240351133906508,0.631517497728856,125048,45,209,0.987528433602636,0.566215483247323,0.797214209809323
"GO:0002237","response to molecule of bacterial origin",0.0331346675171424,48,1.1151915478137,0.240787171716502,0.631838931809083,117100,35,147,1.09202879694683,0.305828188472941,0.668216294192446
"GO:0086011","membrane repolarization during action potential",0.00453502896932972,8,1.35800312797105,0.240814083444217,0.631838931809083,93193,7,16,2.0066029143898,0.0411083199344292,0.442114843387871
"GO:0043030","regulation of macrophage activation",0.00386833572529634,7,1.39304366728734,0.241198372959166,0.632122461026373,141380,6,19,1.44837503595053,0.218322033449073,0.616159221484306
"GO:0046364","monosaccharide biosynthetic process",0.00935629617817467,15,1.23417898396492,0.24126291234861,0.632122461026373,80330,10,40,1.14663023679417,0.370246557444554,0.714045860789383
"GO:0072010","glomerular epithelium development",0.00256033062244193,5,1.50336627226177,0.241978612241945,0.633112722125735,196551,4,16,1.14663023679417,0.473743862507848,0.754978406316201
"GO:0070301","cellular response to hydrogen peroxide",0.00454167331100835,8,1.35601640718225,0.241982167108973,0.633112722125735,109503,8,27,1.35896916953383,0.219975836193115,0.616159221484306
"GO:0071498","cellular response to fluid shear stress",0.00321479827778664,6,1.43677370871366,0.242734341277813,0.634633126244318,197941,5,9,2.54806719287594,0.027999892640187,0.405821798307366
"GO:0045446","endothelial cell differentiation",0.0157562589698613,24,1.17259754442395,0.243380345475777,0.635874001207839,164453,19,60,1.45239829993928,0.0487721345988114,0.455779897636247
"GO:2000649","regulation of sodium ion transmembrane transporter activity",0.00659517355020465,11,1.28397718172211,0.24356115499373,0.635898582003335,73096,3,17,0.809386049501768,0.750984683904892,0.873040703943482
"GO:0006354","DNA-templated transcription elongation",0.0122010046244618,19,1.19880586262742,0.244168269759557,0.636340749873719,114052,9,54,0.764420157862781,0.862204591542723,0.925037314813043
"GO:0051301","cell division",0.0649893690533142,91,1.07792841546718,0.244182905621254,0.636340749873719,122949,53,279,0.871274588531772,0.892179436434247,0.938470572489667
"GO:0140894","endolysosomal toll-like receptor signaling pathway",0.00322263860096742,6,1.43327819723727,0.244393305105879,0.636340749873719,163160,5,18,1.27403359643797,0.353413118456461,0.706445403811136
"GO:0048260","positive regulation of receptor-mediated endocytosis",0.00591439430181258,10,1.30160909374559,0.2444165953019,0.636340749873719,148181,8,27,1.35896916953383,0.219975836193115,0.616159221484306
"GO:0010556","regulation of macromolecule biosynthetic process",0.462727900919577,614,1.02148862142303,0.244698908205863,0.636628996804874,140650,479,2048,1.0727263348133,0.0229402010753983,0.405821798307366
"GO:0060211","regulation of nuclear-transcribed mRNA poly(A) tail shortening",0.00257521394780205,5,1.4946776390767,0.245531047776831,0.638346312019652,372377,2,9,1.01922687715037,0.616482123379327,0.814840345306899
"GO:0060717","chorion development",0.00257813745814065,5,1.49298273118228,0.246230454087248,0.639055698367374,194190,4,8,2.29326047358834,0.0742237619839166,0.479523898061771
"GO:2000177","regulation of neural precursor cell proliferation",0.0150717588901292,23,1.1747751384372,0.246319329241265,0.639055698367374,128438,18,63,1.3104345563362,0.125812400452832,0.554477376521119
"GO:0031297","replication fork processing",0.00524384733960559,9,1.32124488334815,0.246320660017613,0.639055698367374,389897,6,17,1.61877209900354,0.145940198948401,0.575998019253794
"GO:0001961","positive regulation of cytokine-mediated signaling pathway",0.00592861319300484,10,1.29848737919341,0.246610690668772,0.639361049882001,133698,8,24,1.52884031572556,0.132220877457738,0.554477376521119
"GO:0002263","cell activation involved in immune response",0.0273760165842768,40,1.12481366798378,0.246807430309722,0.639424278246557,135132,32,122,1.20302188778405,0.139915675703431,0.571102770811118
"GO:0150063","visual system development",0.0621192792218147,87,1.0781611873474,0.249253181495048,0.645310051183969,128048,60,224,1.22853239656518,0.0422892382037761,0.442114843387871
"GO:0046718","symbiont entry into host cell",0.0101330197204061,16,1.21554752595355,0.250122042565475,0.646555940274059,121064,14,57,1.12651391685041,0.355248344391623,0.708967916994578
"GO:0072006","nephron development",0.0252373358847605,37,1.12862343857673,0.250323653110855,0.646555940274059,186843,24,86,1.27995933409582,0.108129458148331,0.53758873962322
"GO:0035329","hippo signaling",0.0052689629511508,9,1.31494689386637,0.250467684611198,0.646555940274059,133949,7,28,1.14663023679417,0.411900840773705,0.729974447948049
"GO:0022404","molting cycle process",0.0108432998458513,17,1.20691949667969,0.250605779545578,0.646555940274059,85103,12,50,1.1007650273224,0.406688876391565,0.726789851354867
"GO:0022405","hair cycle process",0.0108432998458513,17,1.20691949667969,0.250605779545578,0.646555940274059,85103,12,50,1.1007650273224,0.406688876391565,0.726789851354867
"GO:0061037","negative regulation of cartilage development",0.00392135757189178,7,1.37420790791739,0.251397905288621,0.648148873259752,97650,5,18,1.27403359643797,0.353413118456461,0.706445403811136
"GO:0048821","erythrocyte development",0.00325758783819699,6,1.41790118141474,0.251828029649301,0.648806937499239,481124,4,14,1.3104345563362,0.364900064093148,0.710658612643248
"GO:0001771","immunological synapse formation",0.00260325306968586,5,1.47857876302539,0.252260072452347,0.649260840327,119658,2,9,1.01922687715037,0.616482123379327,0.814840345306899
"GO:0043086","negative regulation of catalytic activity",0.0458488810928613,65,1.09137867608349,0.252354213410117,0.649260840327,139479,45,168,1.22853239656518,0.0708757017820573,0.479523898061771
"GO:0097284","hepatocyte apoptotic process",0.00260537925902302,5,1.4773721293312,0.252772212828608,0.649377984577273,97291,2,8,1.14663023679417,0.548449792893634,0.788457974921475
"GO:0014821","phasic smooth muscle contraction",0.00326210599053846,6,1.41593732936292,0.252793779765017,0.649377984577273,233072,5,16,1.43328779599271,0.258523849276556,0.640269346339134
"GO:0010466","negative regulation of peptidase activity",0.0122843246691118,19,1.1906748044951,0.253073223523864,0.649377984577273,111839,16,60,1.22307225258045,0.220222945468515,0.616159221484306
"GO:0070665","positive regulation of leukocyte proliferation",0.0151421889119226,23,1.16931097212123,0.253099882937665,0.649377984577273,139078,14,60,1.07018822100789,0.436506555633492,0.741424756334832
"GO:0031325","positive regulation of cellular metabolic process",0.321300829213842,429,1.02786551276106,0.253575921250001,0.650149735893231,136659,322,1343,1.09967218539903,0.018921013979641,0.388041992265881
"GO:0002532","production of molecular mediator involved in inflammatory response",0.00597698400042524,10,1.28797892159133,0.254125950149718,0.650747066196917,124534,6,32,0.859972677595628,0.728270983273641,0.864950897800897
"GO:0006956","complement activation",0.00261162494020092,5,1.47383900512224,0.254278119121703,0.650747066196917,91193,4,20,0.917304189435337,0.663704404401251,0.835308084274144
"GO:0070231","T cell apoptotic process",0.00461130601180035,8,1.33553997718417,0.254335106734644,0.650747066196917,172911,5,26,0.882023259072439,0.699274543083001,0.854160883857257
"GO:0050678","regulation of epithelial cell proliferation",0.0451673045234678,64,1.09080381763126,0.255639353215758,0.653633356602662,175057,49,162,1.38728102723245,0.00701330990953575,0.343375384974478
"GO:0048646","anatomical structure formation involved in morphogenesis",0.148694785520651,202,1.04579480364211,0.25589222729455,0.653829313541861,166820,132,575,1.05290567830839,0.258088864508554,0.640269346339134
"GO:0071495","cellular response to endogenous stimulus",0.138144766916494,188,1.04764527883657,0.25690446421382,0.655963910690482,136942,125,575,0.997069771125366,0.532996929020308,0.787188935774419
"GO:0030100","regulation of endocytosis",0.0333871525009302,48,1.10675809066691,0.257147013174649,0.656131649847282,140608,34,135,1.15512379410376,0.194766724503506,0.607724598745171
"GO:1903051","negative regulation of proteolysis involved in protein catabolic process",0.00599864455429756,10,1.28332814814326,0.257516278431916,0.656386157563752,95732,8,28,1.3104345563362,0.253145395787625,0.640269346339134
"GO:0001578","microtubule bundle formation",0.0187929888906607,28,1.14697254735108,0.257600605232567,0.656386157563752,83576,10,50,0.917304189435337,0.675721174464249,0.840881494579416
"GO:0098586","cellular response to virus",0.00531387870089832,9,1.3038322582225,0.257941322189633,0.656471618544604,174491,8,27,1.35896916953383,0.219975836193115,0.616159221484306
"GO:0061351","neural precursor cell proliferation",0.0253395258597778,37,1.12407189323093,0.257988037692192,0.656471618544604,146871,26,104,1.14663023679417,0.24595664965015,0.640269346339134
"GO:0060710","chorio-allantoic fusion",0.00263089353106894,5,1.46304464934172,0.258937755408102,0.65806113554994,155029,2,5,1.83460837887067,0.299989147301495,0.668216294192446
"GO:0048545","response to steroid hormone",0.0334147929623133,48,1.10584258883214,0.258967454960354,0.65806113554994,92564,36,154,1.07217372791143,0.346684466137514,0.706445403811136
"GO:0062013","positive regulation of small molecule metabolic process",0.0253565353744751,37,1.12331785025517,0.25927349835275,0.658218005338679,157987,14,63,1.01922687715037,0.517408522308741,0.780319356815216
"GO:0007030","Golgi organization",0.0137719927709563,21,1.17385203608946,0.259384022588989,0.658218005338679,92161,15,65,1.05842791088693,0.449613163862315,0.741424756334832
"GO:0001756","somitogenesis",0.00670719715090629,11,1.26253219600318,0.260037002868681,0.659423978566511,169163,9,35,1.17939110070258,0.348475952619901,0.706445403811136
"GO:0048592","eye morphogenesis",0.0275672407377877,40,1.11701123524982,0.260557333275572,0.6602921492161,164150,25,98,1.1700308538716,0.217502429909889,0.616159221484306
"GO:0038094","Fc-gamma receptor signaling pathway",0.00264019560941902,5,1.45788997219989,0.261194472802475,0.661427084108341,55414,5,16,1.43328779599271,0.258523849276556,0.640269346339134
"GO:0014910","regulation of smooth muscle cell migration",0.00881504810503375,14,1.22262760698679,0.261361753450897,0.661427084108341,157635,8,30,1.22307225258045,0.323409517503035,0.682120130719874
"GO:0046513","ceramide biosynthetic process",0.00603067028118854,10,1.27651306542979,0.262556325290384,0.663780042653054,114888,8,28,1.3104345563362,0.253145395787625,0.640269346339134
"GO:0051897","positive regulation of phosphatidylinositol 3-kinase/protein kinase B signal transduction",0.0203009886780418,30,1.13761396491438,0.262649353804497,0.663780042653054,148275,19,79,1.10308731640958,0.355220613201008,0.708967916994578
"GO:0071470","cellular response to osmotic stress",0.00534723329612502,9,1.29569930519649,0.263536997414334,0.664660822737891,93010,5,26,0.882023259072439,0.699274543083001,0.854160883857257
"GO:0045332","phospholipid translocation",0.00742903843087227,12,1.24348196265811,0.263677826399054,0.664660822737891,207513,8,25,1.46768670309654,0.159225173432425,0.590868505944047
"GO:0019076","viral release from host cell",0.00265056078243768,5,1.45218880816542,0.263714482768241,0.664660822737891,188425,2,10,0.917304189435337,0.67633163876684,0.840881494579416
"GO:0035891","exit from host cell",0.00265056078243768,5,1.45218880816542,0.263714482768241,0.664660822737891,188425,2,10,0.917304189435337,0.67633163876684,0.840881494579416
"GO:0010837","regulation of keratinocyte proliferation",0.0039860734598416,7,1.35189695808556,0.264017818243257,0.66483293423868,301888,5,21,1.09202879694683,0.496178188229511,0.769895892233997
"GO:0086010","membrane depolarization during action potential",0.00535082124063148,9,1.29483048581437,0.264141171177309,0.66483293423868,78191,3,12,1.14663023679417,0.504706732604915,0.774119999011001
"GO:0006520","amino acid metabolic process",0.0239646786796364,35,1.12431313123435,0.26453815976956,0.664870852345421,184077,21,115,0.837538607745308,0.851605752887688,0.920322529875546
"GO:0009651","response to salt stress",0.00331884866847393,6,1.3917289113594,0.265007316909029,0.664870852345421,69788,4,12,1.52884031572556,0.255224673077277,0.640269346339134
"GO:0060439","trachea morphogenesis",0.00265600914261415,5,1.4492098848085,0.26504133186664,0.664870852345421,66031,2,8,1.14663023679417,0.548449792893634,0.788457974921475
"GO:0046330","positive regulation of JNK cascade",0.0174327592622123,26,1.1481485035017,0.265363347768326,0.664870852345421,82092,17,51,1.52884031572556,0.0381166188357946,0.442114843387871
"GO:0032373","positive regulation of sterol transport",0.00265747089778345,5,1.44841273965734,0.26539757330923,0.664870852345421,123382,4,12,1.52884031572556,0.255224673077277,0.640269346339134
"GO:0032376","positive regulation of cholesterol transport",0.00265747089778345,5,1.44841273965734,0.26539757330923,0.664870852345421,123382,4,12,1.52884031572556,0.255224673077277,0.640269346339134
"GO:0031399","regulation of protein modification process",0.0999293042045394,137,1.05540355472971,0.265432989619067,0.664870852345421,146220,102,443,1.05603868309711,0.277914071212748,0.66692186558816
"GO:0072080","nephron tubule development",0.0203372667836071,30,1.13558466176608,0.265743013976444,0.664870852345421,172975,18,60,1.37595628415301,0.0860562835962397,0.503981106904705
"GO:0007176","regulation of epidermal growth factor-activated receptor activity",0.00265919842661989,5,1.44747178889948,0.26581872538419,0.664870852345421,318020,3,8,1.71994535519126,0.243958709948775,0.640269346339134
"GO:0021602","cranial nerve morphogenesis",0.00265972997395418,5,1.44718251149975,0.265948340938168,0.664870852345421,56458,3,15,0.917304189435337,0.666676036777689,0.835308084274144
"GO:0031507","heterochromatin formation",0.0102689629511508,16,1.19945578829825,0.266367841804171,0.665071729668869,123079,12,55,1.000695479384,0.552034825250051,0.788457974921475
"GO:0061564","axon development",0.0789284005740711,109,1.06312429909345,0.266472603040056,0.665071729668869,154781,84,300,1.28422586520947,0.00586227433940478,0.339828715612371
"GO:0032259","methylation",0.0247221336309998,36,1.12100461391002,0.266645631173886,0.665071729668869,142200,25,87,1.31796578941859,0.0773864342310756,0.481334270273792
"GO:0006281","DNA repair",0.0490732472226652,69,1.08241834229787,0.266745750336193,0.665071729668869,199350,47,234,0.921224292808992,0.764237304105613,0.881081540780555
"GO:0045132","meiotic chromosome segregation",0.00675384042949025,11,1.25381291375862,0.267006172340008,0.665273941827689,80742,7,34,0.944283724418729,0.63487232966514,0.819546396331826
"GO:0045620","negative regulation of lymphocyte differentiation",0.00537048849200021,9,1.29008869059735,0.267460521924032,0.66595874922024,130640,7,28,1.14663023679417,0.411900840773705,0.729974447948049
"GO:0034332","adherens junction organization",0.00816097911018976,13,1.22628646566583,0.267946815656274,0.666629720441429,320065,8,38,0.965583357300355,0.608113769905779,0.814840345306899
"GO:0032496","response to lipopolysaccharide",0.0320811407005794,46,1.10382157554166,0.268235898877898,0.666629720441429,122030,33,137,1.10478241793307,0.287000136626147,0.668216294192446
"GO:0006346","DNA methylation-dependent heterochromatin formation",0.00266969648647212,5,1.4417798888834,0.268381245458072,0.666629720441429,63896,5,19,1.20697919662544,0.401659934530528,0.722895245575533
"GO:0065007","biological regulation",0.840869744325732,1101,1.00797425933831,0.268474071610794,0.666629720441429,136647,1076,4846,1.01838558381389,0.135659331961647,0.563601479930246
"GO:0000281","mitotic cytokinesis",0.00606973901025886,10,1.2682966094959,0.268747529854998,0.666629720441429,176232,7,33,0.972898382734448,0.600907643410918,0.813546739063194
"GO:0032870","cellular response to hormone stimulus",0.0692458672194759,96,1.06725506195528,0.268808102905762,0.666629720441429,151296,54,286,0.86598647254385,0.90363309188909,0.943439549157421
"GO:0043254","regulation of protein-containing complex assembly",0.0476335512677404,67,1.08281107865696,0.26932200359579,0.667458004903394,115442,48,183,1.20302188778405,0.0861739707404374,0.503981106904705
"GO:0060760","positive regulation of response to cytokine stimulus",0.00607611757827034,10,1.26696518098449,0.269762677287827,0.668103826927795,133698,8,26,1.4112372145159,0.188566406459334,0.597284770758932
"GO:0098696","regulation of neurotransmitter receptor localization to postsynaptic specialization membrane",0.00267793547015362,5,1.43734408334991,0.270396132521901,0.66922591838309,183046,3,7,1.96565183450429,0.180308104461953,0.593229738391896
"GO:0051496","positive regulation of stress fiber assembly",0.00678015202253761,11,1.24894726841105,0.270964164724881,0.670184700752871,96068,5,25,0.917304189435337,0.663607051000599,0.835308084274144
"GO:0003341","cilium movement",0.0196758890129166,29,1.13463057584487,0.27142424876546,0.670875391685449,122175,19,85,1.02522232936891,0.493668517628246,0.769895892233997
"GO:2000725","regulation of cardiac muscle cell differentiation",0.00470711741880614,8,1.30835561934018,0.271641901421951,0.670966347719998,259025,5,11,2.08478224871667,0.0697427210073327,0.479523898061771
"GO:0030218","erythrocyte differentiation",0.0110266836761814,17,1.1868473220621,0.271872771241696,0.671089807921951,286142,11,52,0.970225584979683,0.599641892352547,0.813546739063194
"GO:0099633","protein localization to postsynaptic specialization membrane",0.00471323021315048,8,1.30665875573102,0.272757350096964,0.672378583959959,236014,6,14,1.96565183450429,0.0635516316835313,0.479523898061771
"GO:0099645","neurotransmitter receptor localization to postsynaptic specialization membrane",0.00471323021315048,8,1.30665875573102,0.272757350096964,0.672378583959959,236014,6,14,1.96565183450429,0.0635516316835313,0.479523898061771
"GO:0060840","artery development",0.0160701376707596,24,1.14969460473165,0.273299016623644,0.673080529680065,190989,18,56,1.47423887587822,0.0472710082831729,0.446247940790258
"GO:0003151","outflow tract morphogenesis",0.0117557008451603,18,1.17873133346449,0.27357351899755,0.673080529680065,199389,14,50,1.28422586520947,0.184020317997414,0.597284770758932
"GO:0007028","cytoplasm organization",0.00269095837984373,5,1.43038804778605,0.273587574657949,0.673080529680065,108480,2,7,1.3104345563362,0.47232702215742,0.754978406316201
"GO:0031098","stress-activated protein kinase signaling cascade",0.00403603890926487,7,1.33516071232498,0.273879310013189,0.673080529680065,45504,7,29,1.10709126311161,0.451406565439207,0.741424756334832
"GO:1902476","chloride transmembrane transport",0.0082048317652687,13,1.21973228893859,0.273949218279487,0.673080529680065,349392,11,41,1.23053001021813,0.26946752566436,0.654269973962549
"GO:0001525","angiogenesis",0.0753575984691437,104,1.06242220375481,0.274453440565103,0.673814202575897,176272,67,261,1.1773827718806,0.0735237258624746,0.479523898061771
"GO:0051146","striated muscle cell differentiation",0.0440131823738904,62,1.08442561411281,0.274665855512373,0.673814202575897,182209,34,140,1.11386937288577,0.265563042834352,0.648255783706824
"GO:0071398","cellular response to fatty acid",0.00336469462605645,6,1.37276578045817,0.274982726869611,0.673814202575897,92248,5,19,1.20697919662544,0.401659934530528,0.722895245575533
"GO:0002534","cytokine production involved in inflammatory response",0.00541580290224845,9,1.27929442624957,0.275155934475063,0.673814202575897,124016,5,26,0.882023259072439,0.699274543083001,0.854160883857257
"GO:1900015","regulation of cytokine production involved in inflammatory response",0.00541580290224845,9,1.27929442624957,0.275155934475063,0.673814202575897,124016,5,26,0.882023259072439,0.699274543083001,0.854160883857257
"GO:0086005","ventricular cardiac muscle cell action potential",0.00822130973263169,13,1.21728758006587,0.276216090873454,0.675964180171844,69039,7,18,1.78364703501316,0.0764461470431306,0.481334270273792
"GO:0044089","positive regulation of cellular component biogenesis",0.0574522936267475,80,1.07194737355479,0.276849365138043,0.677060664851475,113024,52,238,1.00209701366886,0.519274316784293,0.781065261629869
"GO:0072698","protein localization to microtubule cytoskeleton",0.00473675118269282,8,1.30017036746438,0.277061265764313,0.677060664851475,78451,6,27,1.01922687715037,0.55425832846232,0.788457974921475
"GO:0034204","lipid translocation",0.00752352096954234,12,1.227865958782,0.27721163070334,0.677060664851475,207513,8,27,1.35896916953383,0.219975836193115,0.616159221484306
"GO:0021955","central nervous system neuron axonogenesis",0.00405397863179716,7,1.32925234060165,0.277443311883417,0.677180715189129,79094,5,19,1.20697919662544,0.401659934530528,0.722895245575533
"GO:0002009","morphogenesis of an epithelium",0.0612036889385,85,1.06913408483042,0.27773795826189,0.677366496113238,149668,63,241,1.19896605673083,0.0594075043762624,0.479523898061771
"GO:0033135","regulation of peptidyl-serine phosphorylation",0.00682586509328656,11,1.24058302240526,0.27788458411977,0.677366496113238,127124,8,37,0.991680204794959,0.575188231266794,0.800731083677225
"GO:2001014","regulation of skeletal muscle cell differentiation",0.00338130548025302,6,1.36602199100809,0.278618844681363,0.678156845744846,205731,4,7,2.62086911267239,0.0446790120205265,0.442114843387871
"GO:0034389","lipid droplet organization",0.00271168872588104,5,1.41945300243396,0.278683937330093,0.678156845744846,51550,4,18,1.01922687715037,0.574708313790709,0.800731083677225
"GO:0043154","negative regulation of cysteine-type endopeptidase activity involved in apoptotic process",0.00338369744325732,6,1.36505633904885,0.279143358724812,0.678156845744846,242549,5,17,1.34897674916961,0.305433703579954,0.668216294192446
"GO:0006940","regulation of smooth muscle contraction",0.00683623026630521,11,1.23870203578393,0.279461274276279,0.678156845744846,264840,5,21,1.09202879694683,0.496178188229511,0.769895892233997
"GO:0035886","vascular associated smooth muscle cell differentiation",0.0132442991548397,20,1.16249705888337,0.279497720567121,0.678156845744846,94166,5,19,1.20697919662544,0.401659934530528,0.722895245575533
"GO:0007259","cell surface receptor signaling pathway via JAK-STAT",0.00895484505395205,14,1.20354077655139,0.279689639395776,0.678156845744846,85265,9,51,0.809386049501768,0.811937612051179,0.902152902279088
"GO:0030835","negative regulation of actin filament depolymerization",0.00475150162121937,8,1.29613415226166,0.279769724959677,0.678156845744846,57736,4,19,0.965583357300355,0.62085454826009,0.814840345306899
"GO:0001754","eye photoreceptor cell differentiation",0.00683862222930952,11,1.23826877169306,0.279825512438237,0.678156845744846,127331,7,29,1.10709126311161,0.451406565439207,0.741424756334832
"GO:0048670","regulation of collateral sprouting",0.00271713708605751,5,1.41660673779368,0.280026531190136,0.678156845744846,97869,4,9,2.03845375430075,0.1112028574589,0.53758873962322
"GO:0033036","macromolecule localization",0.278776776696965,372,1.02725247541148,0.280036735224017,0.678156845744846,126320,284,1258,1.03543080206532,0.244503884525529,0.640269346339134
"GO:0007249","canonical NF-kappaB signal transduction",0.0300463775049168,43,1.10170973008974,0.280531936563392,0.678912905838345,121630,36,123,1.34239637478342,0.0309718210167711,0.419362978000806
"GO:0051090","regulation of DNA-binding transcription factor activity",0.0411490724499017,58,1.08507258860649,0.281009109818633,0.679624379026811,129391,48,159,1.38461009726089,0.00786568054677428,0.347715106383732
"GO:0043009","chordate embryonic development",0.0725207303460373,100,1.06152121889889,0.282019428493402,0.680626626377947,153847,76,294,1.18563126525656,0.0522712700924484,0.46616925971871
"GO:0140719","constitutive heterochromatin formation",0.003396853239781,6,1.35976956267901,0.282032197301601,0.680626626377947,53824,6,23,1.19648372535044,0.386010953427164,0.717450621306231
"GO:0040037","negative regulation of fibroblast growth factor receptor signaling pathway",0.00272617339074045,5,1.41191118536034,0.28225607962731,0.680626626377947,57096,4,14,1.3104345563362,0.364900064093148,0.710658612643248
"GO:0043549","regulation of kinase activity",0.0530763301972041,74,1.07330136431606,0.282259871022267,0.680626626377947,156694,52,206,1.15776256919023,0.130653564512014,0.554477376521119
"GO:0043542","endothelial cell migration",0.0337625578057726,48,1.09445206631876,0.282340802694248,0.680626626377947,195220,38,114,1.52884031572556,0.00281308885046494,0.276843425472368
"GO:1905037","autophagosome organization",0.0125563440174348,19,1.16488014771176,0.282995845939245,0.681356717282436,93768,15,59,1.16606464758729,0.294956117119069,0.668216294192446
"GO:0035020","regulation of Rac protein signal transduction",0.00272922978791261,5,1.41033002082323,0.283010970709497,0.681356717282436,215350,5,13,1.76404651814488,0.132865333619212,0.554477376521119
"GO:0003158","endothelium development",0.0190798915643438,28,1.12972562069186,0.283219911357091,0.68141755585915,151485,22,72,1.40143695608176,0.0520003745153437,0.464870817956446
"GO:0098693","regulation of synaptic vesicle cycle",0.00273162175091692,5,1.40909505583126,0.283602025784635,0.681617942138412,88880,4,11,1.66782579897334,0.203078312779333,0.616159221484306
"GO:0045859","regulation of protein kinase activity",0.0478843087226918,67,1.07714068354173,0.283670647617711,0.681617942138412,143798,49,194,1.1584511670704,0.137833153837831,0.56629125220194
"GO:0097035","regulation of membrane lipid distribution",0.00757361930579918,12,1.21974381279108,0.284475534922236,0.682904688498738,207513,8,29,1.26524715784184,0.287739991824985,0.668216294192446
"GO:0018210","peptidyl-threonine modification",0.0104191250730878,16,1.18216903676422,0.284738206095772,0.682904688498738,118983,12,42,1.3104345563362,0.187621679361692,0.597284770758932
"GO:0022600","digestive system process",0.00970512411630256,15,1.1898193132283,0.284758370109851,0.682904688498738,98698,12,46,1.19648372535044,0.29105492020061,0.668216294192446
"GO:0046890","regulation of lipid biosynthetic process",0.0264265401584011,38,1.10696563273715,0.285112467363617,0.683076447194135,155017,19,72,1.21033191661607,0.208092071332342,0.616159221484306
"GO:2001242","regulation of intrinsic apoptotic signaling pathway",0.016919284537288,25,1.13749334232638,0.285373194217848,0.683076447194135,107867,17,72,1.08292855697227,0.399423814763233,0.722895245575533
"GO:0003197","endocardial cushion development",0.00547586775102323,9,1.26526183274204,0.285452877497446,0.683076447194135,140038,6,29,0.948935368381383,0.630042193238743,0.817578361985218
"GO:0003013","circulatory system process",0.0673474459150587,93,1.06304749221811,0.285602677005286,0.683076447194135,118207,64,251,1.16947147657095,0.0879250156963461,0.506830861046322
"GO:0051298","centrosome duplication",0.00547759527985967,9,1.26486279334792,0.285750578448867,0.683076447194135,75724,3,26,0.529213955443464,0.944296503612485,0.966037096546241
"GO:0021544","subpallium development",0.00409929304204539,7,1.3145585177235,0.286496973796863,0.684151507693865,143681,4,15,1.22307225258045,0.419938859200025,0.731786363378155
"GO:0019229","regulation of vasoconstriction",0.0068827406580556,11,1.23033145786903,0.286569122090638,0.684151507693865,86768,7,30,1.07018822100789,0.49036218872413,0.769093063738652
"GO:0070661","leukocyte proliferation",0.0279237761122628,40,1.10274905174528,0.28703092525779,0.684193526277687,131213,30,124,1.10964216463952,0.289686868504864,0.668216294192446
"GO:0033619","membrane protein proteolysis",0.00688911922606708,11,1.22919230602346,0.287548013417521,0.684193526277687,103752,11,28,1.80184751496227,0.0272865925838124,0.405821798307366
"GO:0045833","negative regulation of lipid metabolic process",0.00830383245628023,13,1.20519028799026,0.287658539484181,0.684193526277687,237113,6,38,0.724187517975266,0.866035557910819,0.927270395338857
"GO:0043038","amino acid activation",0.00274823260511349,5,1.40057821032191,0.287712986649435,0.684193526277687,27723,4,15,1.22307225258045,0.419938859200025,0.731786363378155
"GO:0043039","tRNA aminoacylation",0.00274823260511349,5,1.40057821032191,0.287712986649435,0.684193526277687,27723,4,15,1.22307225258045,0.419938859200025,0.731786363378155
"GO:0007015","actin filament organization",0.0628958698772126,87,1.06484886803706,0.287747448426159,0.684193526277687,120779,61,222,1.26026026026026,0.0251343990136024,0.405821798307366
"GO:0002431","Fc receptor mediated stimulatory signaling pathway",0.00274889703928135,5,1.40023967744694,0.287877653509291,0.684193526277687,47515,5,14,1.63804319542024,0.171372945805701,0.593229738391896
"GO:0034101","erythrocyte homeostasis",0.0118834050922235,18,1.16606417314624,0.288301719357176,0.684762726514164,271178,12,55,1.000695479384,0.552034825250051,0.788457974921475
"GO:0021511","spinal cord patterning",0.00411271461223622,7,1.3102685435631,0.289191986331668,0.685810911431371,58063,6,12,2.29326047358834,0.0290827013607793,0.408700083517012
"GO:0042790","nucleolar large rRNA transcription by RNA polymerase I",0.00275447828629139,5,1.39740244923135,0.28926153218073,0.685810911431371,107039,3,10,1.37595628415301,0.377084061829277,0.714045860789383
"GO:1903008","organelle disassembly",0.00342980917450699,6,1.34670397370015,0.289297594714311,0.685810911431371,39096,6,22,1.25086934923,0.342715901316634,0.702085032515025
"GO:2000630","positive regulation of miRNA metabolic process",0.00619996810715994,10,1.24165629148094,0.28969948836608,0.685967152750282,145080,8,30,1.22307225258045,0.323409517503035,0.682120130719874
"GO:0098657","import into cell",0.100529022484452,137,1.04910741468166,0.289733296053825,0.685967152750282,113860,99,422,1.07598477196799,0.214343931522307,0.616159221484306
"GO:0061326","renal tubule development",0.0213542497209376,31,1.11755324932038,0.290523790092706,0.687400039058634,168708,19,63,1.38323647613265,0.0758011924163051,0.481334270273792
"GO:0007214","gamma-aminobutyric acid signaling pathway",0.00276391325147504,5,1.39263224038018,0.291603651524439,0.689443260157222,484111,3,15,0.917304189435337,0.666676036777689,0.835308084274144
"GO:0048525","negative regulation of viral process",0.00412547174825918,7,1.30621681928602,0.291759007667612,0.689443260157222,156908,5,28,0.819021597710122,0.762482703210494,0.879490092194061
"GO:0071363","cellular response to growth factor stimulus",0.0862783713389677,118,1.05286070652056,0.292634583164745,0.691072121923108,121573,83,333,1.14318690274974,0.0909719897223447,0.519218394507774
"GO:0007041","lysosomal transport",0.0119235369159624,18,1.16213947511454,0.292983893465152,0.691456898699564,113928,11,54,0.93429130405451,0.653515357017947,0.835308084274144
"GO:0060429","epithelium development",0.124808908733323,169,1.04239415521433,0.293739155484738,0.692319367305374,145499,126,537,1.07616692615319,0.180278131769884,0.593229738391896
"GO:0030204","chondroitin sulfate metabolic process",0.00413570403444427,7,1.30298506377271,0.29382169941166,0.692319367305374,142506,4,10,1.83460837887067,0.15459264304406,0.587040640423195
"GO:0014855","striated muscle cell proliferation",0.0112116621485143,17,1.16726581830117,0.293944602977286,0.692319367305374,233787,12,36,1.52884031572556,0.074441775919207,0.479523898061771
"GO:0098661","inorganic anion transmembrane transport",0.00906261627597938,14,1.18922845698508,0.294095774359372,0.692319367305374,328990,12,51,1.07918139933569,0.436225896829527,0.741424756334832
"GO:0032094","response to food",0.00277520863232871,5,1.38696408579139,0.2944119402554,0.692624158749229,97465,2,17,0.539590699667845,0.912515991084296,0.947455450352248
"GO:0055119","relaxation of cardiac muscle",0.00345386169138362,6,1.33732559582936,0.294624646931004,0.692685323266175,57808,2,12,0.764420157862781,0.773055398944247,0.883502943897388
"GO:0019369","arachidonate metabolic process",0.00414500611279434,7,1.30006095007484,0.295699687643503,0.69390935511452,34073,5,23,0.997069771125366,0.584453933174545,0.806068435716566
"GO:0042462","eye photoreceptor cell development",0.00414500611279434,7,1.30006095007484,0.295699687643503,0.69390935511452,132640,4,17,1.07918139933569,0.525531603716431,0.78428087280288
"GO:0045055","regulated exocytosis",0.0228819167596875,33,1.11022854032211,0.295706385562279,0.69390935511452,97709,25,100,1.14663023679417,0.251416754755883,0.640269346339134
"GO:0006605","protein targeting",0.0354641737096688,50,1.08535299176271,0.297405695293206,0.696998348257229,107812,28,141,0.910798485964164,0.744381654498714,0.873040703943482
"GO:0002220","innate immune response activating cell surface receptor signaling pathway",0.00980439058098124,15,1.17777275552999,0.297582054607227,0.696998348257229,50433,14,38,1.68977087527562,0.0246079246270916,0.405821798307366
"GO:0033559","unsaturated fatty acid metabolic process",0.00554589911231595,9,1.2492846202569,0.297586356776132,0.696998348257229,29062,7,38,0.84488543763781,0.752746516603065,0.873040703943482
"GO:0061762","CAMKK-AMPK signaling cascade",0.00279088927869027,5,1.37917141070695,0.298318031664595,0.698271228691261,182704,3,5,2.75191256830601,0.0726397134239565,0.479523898061771
"GO:0061005","cell differentiation involved in kidney development",0.00909716685270823,14,1.18471182782829,0.298761004105815,0.698492345307348,147864,9,38,1.0862812769629,0.451717461370599,0.741424756334832
"GO:0044409","symbiont entry into host",0.0105318131079573,16,1.16952009357932,0.298789043666513,0.698492345307348,121064,14,58,1.10709126311161,0.382160459992366,0.717450621306231
"GO:0140013","meiotic nuclear division",0.0134228990591612,20,1.14702932254895,0.299128534725052,0.698578315588989,82902,15,70,0.982825917252147,0.577480425541174,0.802416621257587
"GO:0071479","cellular response to ionizing radiation",0.00416307872216021,7,1.29441717169096,0.299355806300586,0.698578315588989,186117,6,27,1.01922687715037,0.55425832846232,0.788457974921475
"GO:0050670","regulation of lymphocyte proliferation",0.0236610322649232,34,1.10620617441977,0.299390706680995,0.698578315588989,145561,24,92,1.19648372535044,0.189417154186237,0.597284770758932
"GO:0000184","nuclear-transcribed mRNA catabolic process, nonsense-mediated decay",0.0027970020730346,5,1.37615725806098,0.299843024224029,0.699193978548805,85915,3,17,0.809386049501768,0.750984683904892,0.873040703943482
"GO:1903867","extraembryonic membrane development",0.00279952692287248,5,1.37491612321011,0.300473274591223,0.700108534975983,194190,4,9,2.03845375430075,0.1112028574589,0.53758873962322
"GO:0016236","macroautophagy",0.0355152022537607,50,1.08379354737043,0.300901930772442,0.700108534975983,162653,39,168,1.06472807702316,0.356351251043817,0.710658612643248
"GO:0032944","regulation of mononuclear cell proliferation",0.0236803008557912,34,1.10530605772276,0.301005049952011,0.700108534975983,145561,24,93,1.18361830894882,0.205418362242443,0.616159221484306
"GO:0018107","peptidyl-threonine phosphorylation",0.00983282836336576,15,1.17436648786391,0.301287482197683,0.700108534975983,109908,11,38,1.32767711628799,0.188901502094089,0.597284770758932
"GO:0019098","reproductive behavior",0.00348389411577101,6,1.32579736664,0.30130302405032,0.700108534975983,129220,6,20,1.37595628415301,0.258274367035768,0.640269346339134
"GO:0055074","calcium ion homeostasis",0.0340386966459363,48,1.08557332670803,0.301478127395373,0.700108534975983,64525,33,140,1.08110850897736,0.335931085617462,0.696648590073105
"GO:0048644","muscle organ morphogenesis",0.0112755807154627,17,1.16064886789866,0.301701210952764,0.700108534975983,147247,12,40,1.37595628415301,0.143529843545972,0.573054468381347
"GO:0006644","phospholipid metabolic process",0.0355292882581194,50,1.08336386466693,0.301869717351839,0.700108534975983,58176,39,161,1.11102060211112,0.252956003019725,0.640269346339134
"GO:0051894","positive regulation of focal adhesion assembly",0.00280537394354967,5,1.37205049347105,0.301933599989642,0.700108534975983,196355,4,14,1.3104345563362,0.364900064093148,0.710658612643248
"GO:0006066","alcohol metabolic process",0.0370208100781375,52,1.08130515872393,0.302226751204954,0.700350560256328,73979,31,142,1.00128274198928,0.530237801554958,0.78539884722814
"GO:0006690","icosanoid metabolic process",0.00628063041513847,10,1.22570966581332,0.302895466927349,0.701462036392299,38165,8,42,0.873623037557464,0.725120666192436,0.864950897800897
"GO:0048588","developmental cell growth",0.0452289640142455,63,1.07229617840271,0.303109306458361,0.701519355558652,205648,42,128,1.50495218579235,0.00243616563760729,0.272430394640544
"GO:0050673","epithelial cell proliferation",0.0534549247860522,74,1.06569970571567,0.303367261580399,0.701678641186583,186430,56,199,1.29067926151706,0.0196461269981183,0.39186629657537
"GO:0045944","positive regulation of transcription by RNA polymerase II",0.160721309732632,216,1.03459681527561,0.303556651798715,0.701679238737217,151413,156,608,1.17680471670981,0.0102776040223629,0.347715106383732
"GO:0070527","platelet aggregation",0.00699848509009727,11,1.20998362344761,0.304475886865153,0.702952397016045,57057,9,34,1.21407907425265,0.314635509361047,0.670860769959473
"GO:0051091","positive regulation of DNA-binding transcription factor activity",0.0229851698293733,33,1.10524121563876,0.304492539121945,0.702952397016045,97811,24,89,1.2368146374409,0.145503102137056,0.575998019253794
"GO:0006650","glycerophospholipid metabolic process",0.0303752724180088,43,1.08978072675623,0.304675863720162,0.702952397016045,63872,32,131,1.12037152908133,0.261496905622871,0.645704888073381
"GO:0035458","cellular response to interferon-beta",0.0028202572689098,5,1.36480978031699,0.305655675869902,0.704405029925516,108169,5,11,2.08478224871667,0.0697427210073327,0.479523898061771
"GO:1902115","regulation of organelle assembly",0.022262797002073,32,1.10652466987245,0.30568520166579,0.704405029925516,121302,23,105,1.00466649319108,0.528603135083543,0.784760956846717
"GO:0042592","homeostatic process",0.181321293786212,243,1.03168784365948,0.306017038822507,0.704731976431719,148521,153,726,0.96658086076864,0.70619332265557,0.857603020311674
"GO:0042306","regulation of protein import into nucleus",0.00843937702652421,13,1.18583376450109,0.306753157966075,0.70598896777552,91821,10,25,1.83460837887067,0.0304882190490516,0.419362978000806
"GO:0001556","oocyte maturation",0.00282543985541913,5,1.36230636664789,0.30695334682366,0.706011727660123,67577,5,16,1.43328779599271,0.258523849276556,0.640269346339134
"GO:0002026","regulation of the force of heart contraction",0.00420294477223197,7,1.28213928021798,0.307453869629871,0.706012884049564,183367,4,14,1.3104345563362,0.364900064093148,0.710658612643248
"GO:0071260","cellular response to mechanical stimulus",0.00630880242385584,10,1.22023624929615,0.307539467207086,0.706012884049564,234847,6,33,0.83391289948667,0.756573947687579,0.874965506833205
"GO:0032612","interleukin-1 production",0.00630986551852442,10,1.22003066224406,0.307715049463112,0.706012884049564,103378,9,30,1.37595628415301,0.189648796210348,0.597284770758932
"GO:0032652","regulation of interleukin-1 production",0.00630986551852442,10,1.22003066224406,0.307715049463112,0.706012884049564,103378,9,30,1.37595628415301,0.189648796210348,0.597284770758932
"GO:0034220","monoatomic ion transmembrane transport",0.111573380109499,151,1.04185482177906,0.308836472850667,0.708119290011413,148681,100,448,1.02377699713765,0.411268142469879,0.729974447948049
"GO:0045911","positive regulation of DNA recombination",0.0049085738585021,8,1.25465842082051,0.309014859980722,0.708119290011413,86714,5,30,0.764420157862781,0.815096932472051,0.903186317995806
"GO:0009267","cellular response to starvation",0.0186295380853665,27,1.11571308447336,0.309418430306359,0.708606405207772,134914,18,94,0.878269968608301,0.771107513794541,0.883502943897388
"GO:1903034","regulation of response to wounding",0.0186343220113751,27,1.11542665125407,0.309875905136663,0.708723185311438,149684,19,61,1.42858849174356,0.0568767354417271,0.47608274490417
"GO:0006820","monoatomic anion transport",0.0113446818689204,17,1.15357928441824,0.310155144391136,0.708723185311438,296014,15,66,1.04239112435834,0.475771868380957,0.757234505230953
"GO:0030149","sphingolipid catabolic process",0.00283832987827566,5,1.3561195733727,0.310184294616717,0.708723185311438,24172,5,18,1.27403359643797,0.353413118456461,0.706445403811136
"GO:0006412","translation",0.0588263434858874,81,1.05999547997699,0.310335209239589,0.708723185311438,125280,58,256,1.03913365209472,0.392858319477099,0.72147067729191
"GO:2001234","negative regulation of apoptotic signaling pathway",0.021581087545846,31,1.10580669819053,0.310479468358409,0.708723185311438,126035,22,94,1.07344107274348,0.39201789903,0.720706841130475
"GO:0006111","regulation of gluconeogenesis",0.006327406580556,10,1.21664844976026,0.310615606284744,0.708723185311438,104593,6,26,1.05842791088693,0.513803584254512,0.777727987590469
"GO:0086013","membrane repolarization during cardiac muscle cell action potential",0.00422101738159783,7,1.27664970264244,0.311139118145664,0.709481332710765,106321,6,13,2.11685582177385,0.0442580058862119,0.442114843387871
"GO:0048589","developmental growth",0.0927342794875884,126,1.04597448825987,0.311411881255873,0.709667124974992,188180,87,331,1.20552061149357,0.0273292422139497,0.405821798307366
"GO:0071482","cellular response to light stimulus",0.00847352894275235,13,1.18105435138297,0.311617857697239,0.709700584442454,93144,11,45,1.12114956486541,0.389474899519421,0.717453762272618
"GO:0034505","tooth mineralization",0.00422580130760644,7,1.27520443882813,0.312116024832763,0.710350158209643,79562,3,15,0.917304189435337,0.666676036777689,0.835308084274144
"GO:0009895","negative regulation of catabolic process",0.0461255514803593,64,1.06814263732525,0.312286012948768,0.710350158209643,156788,42,159,1.21153383510328,0.0942671472511878,0.521003496228806
"GO:0006886","intracellular protein transport",0.0618730399192048,85,1.05756804655073,0.312692465107031,0.710759393256934,111126,59,262,1.03284250337185,0.412066067205478,0.729974447948049
"GO:0042987","amyloid precursor protein catabolic process",0.0042293892521129,7,1.27412263658951,0.31284908064382,0.710759393256934,110403,7,19,1.68977087527562,0.0991451397136218,0.521003496228806
"GO:1903672","positive regulation of sprouting angiogenesis",0.00285268165630149,5,1.34929696593224,0.313787099215161,0.712454184876528,301910,4,11,1.66782579897334,0.203078312779333,0.616159221484306
"GO:0009755","hormone-mediated signaling pathway",0.024573167490565,35,1.09647252173218,0.314013312722663,0.712531737126043,107622,24,101,1.08986636368555,0.352749460717132,0.706445403811136
"GO:0000731","DNA synthesis involved in DNA repair",0.00285520650613937,5,1.34810378700863,0.314421495406541,0.713021850830236,203143,3,13,1.05842791088693,0.563236771868797,0.794225930685381
"GO:0080134","regulation of response to stress",0.124614096635305,168,1.03784609874489,0.315340218318766,0.714668423923409,155011,125,535,1.07161704373287,0.196132327832684,0.61114053244014
"GO:0006399","tRNA metabolic process",0.0142996863870728,21,1.13053400736194,0.315660102902316,0.714956643325759,54311,16,67,1.0952885844004,0.385759095396296,0.717450621306231
"GO:0016126","sterol biosynthetic process",0.0135751873704353,20,1.13416179050344,0.316202955454043,0.71552954482594,99900,8,31,1.18361830894882,0.359800051899977,0.710658612643248
"GO:0071695","anatomical structure maturation",0.0246004092914474,35,1.09525831892132,0.316298774532222,0.71552954482594,172477,26,107,1.11448172548219,0.298916048330485,0.668216294192446
"GO:0060048","cardiac muscle contraction",0.0194397491096582,28,1.10881278450001,0.316599611496997,0.715773649392967,82630,16,58,1.26524715784184,0.179591936096447,0.593229738391896
"GO:0007288","sperm axoneme assembly",0.00425264444798809,7,1.26715521388458,0.317607961574783,0.717616039855325,153079,4,14,1.3104345563362,0.364900064093148,0.710658612643248
"GO:0006874","intracellular calcium ion homeostasis",0.0312936533248286,44,1.08239869088616,0.317831874360352,0.717684877587891,67907,30,126,1.09202879694683,0.323840435686881,0.682640918408141
"GO:0001824","blastocyst development",0.00851977356083559,13,1.17464368717632,0.318236536753149,0.718161527587702,131764,10,52,0.882023259072439,0.725366728064106,0.864950897800897
"GO:0006289","nucleotide-excision repair",0.00852256418434062,13,1.17425906252433,0.318637055825512,0.71862825356392,149885,9,34,1.21407907425265,0.314635509361047,0.670860769959473
"GO:0019433","triglyceride catabolic process",0.00287354488917238,5,1.33950046095391,0.319034056564317,0.719086482292597,63928,4,10,1.83460837887067,0.15459264304406,0.587040640423195
"GO:1902305","regulation of sodium ion transmembrane transport",0.00852814543135066,13,1.17349056837346,0.319438465648713,0.719560842475244,79035,5,25,0.917304189435337,0.663607051000599,0.835308084274144
"GO:0007219","Notch signaling pathway",0.0202092967628767,29,1.10468293592456,0.319712699937625,0.719741575709094,137315,23,96,1.09885397692775,0.341126393139576,0.702085032515025
"GO:0010468","regulation of gene expression",0.455826290331154,601,1.01499978651688,0.320052088141145,0.720068676169587,141151,468,2000,1.07324590163934,0.0239769477247929,0.405821798307366
"GO:0086012","membrane depolarization during cardiac muscle cell action potential",0.00496956891511189,8,1.23925910496211,0.320543700895593,0.720261373884319,85125,2,10,0.917304189435337,0.67633163876684,0.840881494579416
"GO:1903146","regulation of autophagy of mitochondrion",0.00925729548716313,14,1.16421920258199,0.320648934997915,0.720261373884319,206256,9,33,1.25086934923,0.281551106967047,0.668216294192446
"GO:0042440","pigment metabolic process",0.0049704991229469,8,1.2390271828753,0.320720158937169,0.720261373884319,280050,5,29,0.790779473651153,0.790074476121275,0.889313199760295
"GO:1902221","erythrose 4-phosphate/phosphoenolpyruvate family amino acid metabolic process",0.00288284696752246,5,1.33517829665656,0.32137685940007,0.721299545295983,322579,3,9,1.52884031572556,0.310336636193712,0.668216294192446
"GO:0009066","aspartate family amino acid metabolic process",0.00497608036995694,8,1.23763747124574,0.321779287885982,0.721597256325444,206221,3,19,0.724187517975266,0.81724972224041,0.903186317995806
"GO:0009799","specification of symmetry",0.0128999893690533,19,1.13384867656076,0.3223971251433,0.721597256325444,140347,17,59,1.32153993393227,0.126302578173525,0.554477376521119
"GO:0009855","determination of bilateral symmetry",0.0128999893690533,19,1.13384867656076,0.3223971251433,0.721597256325444,140347,17,59,1.32153993393227,0.126302578173525,0.554477376521119
"GO:0010658","striated muscle cell apoptotic process",0.00288723223303035,5,1.33315036441605,0.322482008352449,0.721597256325444,45094,4,16,1.14663023679417,0.473743862507848,0.754978406316201
"GO:0010662","regulation of striated muscle cell apoptotic process",0.00288723223303035,5,1.33315036441605,0.322482008352449,0.721597256325444,45094,4,16,1.14663023679417,0.473743862507848,0.754978406316201
"GO:1900153","positive regulation of nuclear-transcribed mRNA catabolic process, deadenylation-dependent decay",0.00358169882528039,6,1.28959409198237,0.323231503724946,0.722171335014892,344381,3,8,1.71994535519126,0.243958709948775,0.640269346339134
"GO:0071496","cellular response to external stimulus",0.00640341784935949,10,1.202206319865,0.32325594620427,0.722171335014892,234847,6,34,0.809386049501768,0.782652865835245,0.888514060872553
"GO:1904035","regulation of epithelial cell apoptotic process",0.0064038165098602,10,1.2021314782182,0.323322530312597,0.722171335014892,120354,7,26,1.23483256270142,0.332743349773908,0.692655801326738
"GO:2000241","regulation of reproductive process",0.0151029872960187,22,1.12137449128256,0.323521660100202,0.722175310680073,134090,17,83,0.939407904843417,0.657601235736393,0.835308084274144
"GO:0043488","regulation of mRNA stability",0.0246886461489396,35,1.09134388183066,0.323737895865668,0.722175310680073,175488,22,82,1.23053001021813,0.164547431428413,0.590868505944047
"GO:0043487","regulation of RNA stability",0.0254317493222771,36,1.08972550471685,0.323908279507181,0.722175310680073,175181,23,87,1.2125285262651,0.17713133878574,0.593229738391896
"GO:0007623","circadian rhythm",0.0239543135066178,34,1.09266249593722,0.324277248793711,0.722563719534335,166885,23,105,1.00466649319108,0.528603135083543,0.784760956846717
"GO:0000002","mitochondrial genome maintenance",0.0028952054430447,5,1.32947895385631,0.324492451724889,0.722609241236097,22743,4,14,1.3104345563362,0.364900064093148,0.710658612643248
"GO:0046676","negative regulation of insulin secretion",0.00641285281454314,10,1.20043756341611,0.32483253551323,0.722932637524944,166508,4,21,0.873623037557464,0.703122337618131,0.854160883857257
"GO:0060759","regulation of response to cytokine stimulus",0.013657975867751,20,1.12728701262583,0.325600802424159,0.724208019780353,135394,17,62,1.25759445325812,0.177199902908593,0.593229738391896
"GO:0061025","membrane fusion",0.0210228299580078,30,1.09855277656908,0.326705183974401,0.726229018900556,171695,22,75,1.34537947783849,0.0772904679805397,0.481334270273792
"GO:0048771","tissue remodeling",0.0180755328762026,26,1.1073198558459,0.327048596035468,0.726557060653644,96177,14,75,0.856150576806314,0.785856411617402,0.888514060872553
"GO:0010604","positive regulation of macromolecule metabolic process",0.330228432466911,437,1.0187270144582,0.327405023622352,0.726668037360741,149090,331,1422,1.06760789979992,0.0729711461928073,0.479523898061771
"GO:0008543","fibroblast growth factor receptor signaling pathway",0.0100312284058895,15,1.15113958566379,0.327490285301121,0.726668037360741,90001,13,44,1.35510846166584,0.144072244862151,0.573054468381347
"GO:0086002","cardiac muscle cell action potential involved in contraction",0.0107700792005528,16,1.14364684067931,0.329141284679171,0.729894899079332,84707,9,27,1.52884031572556,0.113969010841605,0.543625729500403
"GO:0006997","nucleus organization",0.0151607930686228,22,1.11709886278782,0.329786679611276,0.73002621241119,110965,15,61,1.12783301979755,0.345283788915442,0.705786698003466
"GO:0050789","regulation of biological process",0.828662626906926,1083,1.00610093629495,0.329875135742422,0.73002621241119,135368,1043,4700,1.01781730806495,0.153707351348318,0.587040640423195
"GO:0001944","vasculature development",0.106782809759209,144,1.0381306102937,0.330039470392253,0.73002621241119,167450,93,369,1.15595243384128,0.0614085794597459,0.479523898061771
"GO:0051241","negative regulation of multicellular organismal process",0.131831712113964,177,1.03358029963453,0.330410716164023,0.73002621241119,134490,115,485,1.08752558541303,0.159739626310238,0.590868505944047
"GO:1905523","positive regulation of macrophage migration",0.00431616435443576,7,1.24850680895118,0.330668108177494,0.73002621241119,66362,4,11,1.66782579897334,0.203078312779333,0.616159221484306
"GO:0061138","morphogenesis of a branching epithelium",0.0255128102907564,36,1.08626315761427,0.330690532244959,0.73002621241119,134039,28,107,1.20021108898081,0.162353422069406,0.590868505944047
"GO:0006367","transcription initiation at RNA polymerase II promoter",0.0115106575240525,17,1.13694547552608,0.330724366572121,0.73002621241119,138376,13,57,1.04604863707538,0.478724556545096,0.760954629298332
"GO:0006310","DNA recombination",0.0232882846967522,33,1.09085565444941,0.330774680070946,0.73002621241119,137946,28,128,1.0033014571949,0.527269931908364,0.784760956846717
"GO:2000628","regulation of miRNA metabolic process",0.0188573061181098,27,1.1022369403855,0.331428225823006,0.730411922025158,126302,15,43,1.59994916761977,0.033628404578157,0.437104268694792
"GO:0044088","regulation of vacuole organization",0.0057381863604954,9,1.20742095694406,0.331496827329605,0.730411922025158,77356,6,27,1.01922687715037,0.55425832846232,0.788457974921475
"GO:0003006","developmental process involved in reproduction",0.0999985382448307,135,1.03927616164992,0.331540074579613,0.730411922025158,135722,99,409,1.11018477694497,0.126032421244318,0.554477376521119
"GO:0006509","membrane protein ectodomain proteolysis",0.00645577526178706,10,1.19245622641228,0.332024402561675,0.730954048916801,99690,10,24,1.91105039465695,0.0225976130738137,0.405821798307366
"GO:0043123","positive regulation of canonical NF-kappaB signal transduction",0.0210842236751183,30,1.09535397544484,0.332365386178421,0.730954048916801,133124,24,81,1.35896916953383,0.0606771010054904,0.479523898061771
"GO:0050805","negative regulation of synaptic transmission",0.00717549035241588,11,1.18013570251807,0.332377218469715,0.730954048916801,144462,7,28,1.14663023679417,0.411900840773705,0.729974447948049
"GO:0045722","positive regulation of gluconeogenesis",0.0029290915856057,5,1.3140984469498,0.333051108325572,0.731422421760671,97425,2,10,0.917304189435337,0.67633163876684,0.840881494579416
"GO:0060045","positive regulation of cardiac muscle cell proliferation",0.00432785839579014,7,1.24513329509747,0.333081373883176,0.731422421760671,301291,5,14,1.63804319542024,0.171372945805701,0.593229738391896
"GO:0051276","chromosome organization",0.0442141072662521,61,1.06208634048312,0.333337874312475,0.731422421760671,128582,48,234,0.940824809677269,0.710939494650424,0.859181934058344
"GO:0001959","regulation of cytokine-mediated signaling pathway",0.0129935416998884,19,1.12568506813463,0.333378791158301,0.731422421760671,119916,16,58,1.26524715784184,0.179591936096447,0.593229738391896
"GO:0048025","negative regulation of mRNA splicing, via spliceosome",0.0029329453037793,5,1.31237179863474,0.334025778306453,0.732270804743537,178985,4,11,1.66782579897334,0.203078312779333,0.616159221484306
"GO:0006356","regulation of transcription by RNA polymerase I",0.00293347685111359,5,1.31213399627033,0.334160235156552,0.732270804743537,30940,3,17,0.809386049501768,0.750984683904892,0.873040703943482
"GO:0051385","response to mineralocorticoid",0.00293666613511933,5,1.310708989894,0.334967074346382,0.733389061395581,39678,5,16,1.43328779599271,0.258523849276556,0.640269346339134
"GO:0048856","anatomical structure development",0.589625259129326,774,1.01054516728125,0.335065891931404,0.733389061395581,141320,620,2630,1.08123307499983,0.00361984033892448,0.298435725720219
"GO:0061101","neuroendocrine cell differentiation",0.00293879232445649,5,1.30976070394155,0.335505059272587,0.733917317158785,198439,4,12,1.52884031572556,0.255224673077277,0.640269346339134
"GO:0097345","mitochondrial outer membrane permeabilization",0.00294251315579652,5,1.30810450109143,0.336446706430099,0.735543477227854,23681,3,16,0.859972677595628,0.711198846224575,0.859181934058344
"GO:0071222","cellular response to lipopolysaccharide",0.0204055706160634,29,1.0940573876141,0.33812064229869,0.738356861463985,107722,22,84,1.20123167664151,0.196649938001272,0.611546877045127
"GO:0009100","glycoprotein metabolic process",0.0450471748259182,62,1.05953419963207,0.338661182831569,0.738356861463985,116564,43,159,1.24037987879621,0.0667335613958395,0.479523898061771
"GO:2000737","negative regulation of stem cell differentiation",0.00295367564981662,5,1.30316092894531,0.339272918328214,0.738356861463985,99673,4,13,1.4112372145159,0.309606601725307,0.668216294192446
"GO:0002520","immune system development",0.0204197895072556,29,1.09329556374971,0.339465436669157,0.738356861463985,150615,24,93,1.18361830894882,0.205418362242443,0.616159221484306
"GO:0009262","deoxyribonucleotide metabolic process",0.00365385637591027,6,1.26412676611874,0.339550247984406,0.738356861463985,116294,3,17,0.809386049501768,0.750984683904892,0.873040703943482
"GO:0009394","2'-deoxyribonucleotide metabolic process",0.00365385637591027,6,1.26412676611874,0.339550247984406,0.738356861463985,116294,3,17,0.809386049501768,0.750984683904892,0.873040703943482
"GO:0019692","deoxyribose phosphate metabolic process",0.00365385637591027,6,1.26412676611874,0.339550247984406,0.738356861463985,116294,3,17,0.809386049501768,0.750984683904892,0.873040703943482
"GO:2000106","regulation of leukocyte apoptotic process",0.00866780949343539,13,1.15458216253906,0.339643040420539,0.738356861463985,225276,9,43,0.959969500571864,0.614823820858693,0.814840345306899
"GO:0044793","negative regulation by host of viral process",0.00295540317865306,5,1.30239918919368,0.339710471394781,0.738356861463985,206615,3,9,1.52884031572556,0.310336636193712,0.668216294192446
"GO:0008015","blood circulation",0.0616174985382448,84,1.04946043826574,0.339723763482216,0.738356861463985,117707,56,212,1.21153383510328,0.0610491390169747,0.479523898061771
"GO:0044057","regulation of system process",0.0888280710147239,120,1.039972520303,0.340086697124412,0.738712907688271,138386,71,258,1.26218212112227,0.0161229185463128,0.386281270938799
"GO:0071216","cellular response to biotic stimulus",0.0226623877106256,32,1.08701406125913,0.341084669313566,0.74044711711722,107154,24,99,1.11188386598223,0.313333019325195,0.670782170626932
"GO:0042755","eating behavior",0.00507840323180779,8,1.21270077319102,0.341301991386789,0.740485607043853,86172,4,19,0.965583357300355,0.62085454826009,0.814840345306899
"GO:0051234","establishment of localization",0.416739089990964,549,1.0141424325384,0.343105766995318,0.743963995062905,126506,425,1962,0.993512437589241,0.581360835587294,0.806068435716566
"GO:0009311","oligosaccharide metabolic process",0.00437941848721629,7,1.23047400032572,0.343750164329106,0.744925881811323,166103,6,21,1.3104345563362,0.299941317186444,0.668216294192446
"GO:0002028","regulation of sodium ion transport",0.0116202891617499,17,1.12621896151946,0.344490633653091,0.745274667574217,68814,7,33,0.972898382734448,0.600907643410918,0.813546739063194
"GO:0019755","one-carbon compound transport",0.00367564981661617,6,1.25663158211139,0.344496795086716,0.745274667574217,137556,2,12,0.764420157862781,0.773055398944247,0.883502943897388
"GO:0017158","regulation of calcium ion-dependent exocytosis",0.00367804177962048,6,1.25581434934608,0.345040135280435,0.745274667574217,191177,5,21,1.09202879694683,0.496178188229511,0.769895892233997
"GO:2000819","regulation of nucleotide-excision repair",0.00367950353478977,6,1.25531545238907,0.34537221602647,0.745274667574217,221440,4,14,1.3104345563362,0.364900064093148,0.710658612643248
"GO:1904262","negative regulation of TORC1 signaling",0.00581658959230319,9,1.19114583495468,0.345523370974686,0.745274667574217,61478,6,28,0.982825917252147,0.593083097831942,0.810139283120952
"GO:0010839","negative regulation of keratinocyte proliferation",0.00298025301653112,5,1.29153957139463,0.346008862883089,0.745274667574217,282224,3,11,1.25086934923,0.442336217723005,0.741424756334832
"GO:0002792","negative regulation of peptide secretion",0.00653989262743847,10,1.17711862346761,0.346202902437987,0.745274667574217,166508,4,22,0.83391289948667,0.739079711540251,0.870836413296154
"GO:0090278","negative regulation of peptide hormone secretion",0.00653989262743847,10,1.17711862346761,0.346202902437987,0.745274667574217,166508,4,22,0.83391289948667,0.739079711540251,0.870836413296154
"GO:0010043","response to zinc ion",0.00439297294424068,7,1.22667738988246,0.346561826419192,0.745274667574217,57088,5,19,1.20697919662544,0.401659934530528,0.722895245575533
"GO:0051156","glucose 6-phosphate metabolic process",0.00298291075320257,5,1.29038882557435,0.346682929262776,0.745274667574217,107924,3,13,1.05842791088693,0.563236771868797,0.794225930685381
"GO:0030511","positive regulation of transforming growth factor beta receptor signaling pathway",0.00439363737840855,7,1.22649188381981,0.346699721066082,0.745274667574217,38559,5,17,1.34897674916961,0.305433703579954,0.668216294192446
"GO:1903846","positive regulation of cellular response to transforming growth factor beta stimulus",0.00439363737840855,7,1.22649188381981,0.346699721066082,0.745274667574217,38559,5,17,1.34897674916961,0.305433703579954,0.668216294192446
"GO:0048679","regulation of axon regeneration",0.00582389836814968,9,1.18965099123355,0.346835615153826,0.745274667574217,134901,7,15,2.14037644201579,0.0283309557308916,0.405821798307366
"GO:0021535","cell migration in hindbrain",0.00368747674480412,6,1.25260115900396,0.34718408090674,0.745274667574217,100625,5,12,1.91105039465695,0.0987855921834425,0.521003496228806
"GO:2001235","positive regulation of apoptotic signaling pathway",0.0153202572689098,22,1.10547129846764,0.347230627395437,0.745274667574217,156782,13,65,0.917304189435337,0.685329731367229,0.847524434457473
"GO:0000122","negative regulation of transcription by RNA polymerase II",0.135305241056716,181,1.0298045455059,0.347257702134934,0.745274667574217,158773,123,447,1.26206281096808,0.00192407902702874,0.272430394640544
"GO:0021766","hippocampus development",0.0101788656779886,15,1.13444311735296,0.347332557183988,0.745274667574217,204099,14,44,1.45934757410167,0.0803151545183444,0.493313418755286
"GO:0044782","cilium organization",0.0406777228512199,56,1.05979591921111,0.347537539934271,0.745274667574217,106033,37,163,1.04111211684379,0.420388228526092,0.731914393760105
"GO:0090169","regulation of spindle assembly",0.00298703024504332,5,1.28860921646354,0.347727883981394,0.745274667574217,203517,3,14,0.982825917252147,0.617328601262156,0.814840345306899
"GO:0045669","positive regulation of osteoblast differentiation",0.00799805985222984,12,1.15501452344197,0.347982953798768,0.745390738217915,118104,7,34,0.944283724418729,0.63487232966514,0.819546396331826
"GO:0033043","regulation of organelle organization",0.118609737947164,159,1.03197131781526,0.348601914684733,0.746285691563969,138217,113,512,1.01225950591985,0.458110717321437,0.750040053513916
"GO:0036092","phosphatidylinositol-3-phosphate biosynthetic process",0.00299314303938766,5,1.28597753363823,0.349278786825617,0.747303517371995,51628,2,11,0.83391289948667,0.728330621221025,0.864950897800897
"GO:0035751","regulation of lysosomal lumen pH",0.00299805985222984,5,1.28386853276306,0.350526518300455,0.749540854694345,310356,2,11,0.83391289948667,0.728330621221025,0.864950897800897
"GO:0009247","glycolipid biosynthetic process",0.00729282942646043,11,1.16114773194002,0.351148250234623,0.750065575817371,89688,9,37,1.11564023039433,0.417289323932718,0.731786363378155
"GO:0019079","viral genome replication",0.0116731781215117,17,1.12111627665345,0.351176254769481,0.750065575817371,126554,10,48,0.955525197328476,0.621123583969787,0.814840345306899
"GO:0045596","negative regulation of cell differentiation",0.100468027427842,135,1.03441960251814,0.35233709401477,0.752111978593094,128915,89,335,1.21850855014545,0.0198196692232044,0.3932137583855
"GO:0099504","synaptic vesicle cycle",0.0272711688725881,38,1.07268125851776,0.353152600395535,0.75304551604822,81340,31,108,1.3165013829859,0.0545959556414828,0.471048826581165
"GO:0007586","digestion",0.0116889916547069,17,1.11959956674552,0.353180376798895,0.75304551604822,95302,14,58,1.10709126311161,0.382160459992366,0.717450621306231
"GO:0140962","multicellular organismal-level chemical homeostasis",0.00514139159092117,8,1.19784369987769,0.353404001616017,0.753089515218509,147972,6,31,0.887713731711616,0.69772684614409,0.854160883857257
"GO:0034314","Arp2/3 complex-mediated actin nucleation",0.00514564396959549,8,1.19685379753804,0.354222913687842,0.754072904685305,66950,5,21,1.09202879694683,0.496178188229511,0.769895892233997
"GO:0060350","endochondral bone morphogenesis",0.00803912188380375,12,1.14911496830207,0.354271987295549,0.754072904685305,147174,8,34,1.07918139933569,0.469900996430349,0.754978406316201
"GO:0090075","relaxation of muscle",0.0044325732206453,7,1.21571834616664,0.354790586885193,0.754219892045816,49736,3,19,0.724187517975266,0.81724972224041,0.903186317995806
"GO:0050927","positive regulation of positive chemotaxis",0.00514883325360123,8,1.19611244382047,0.354837241251973,0.754219892045816,237633,6,13,2.11685582177385,0.0442580058862119,0.442114843387871
"GO:0046578","regulation of Ras protein signal transduction",0.0102350768085898,15,1.12821274591348,0.354950924935848,0.754219892045816,257677,6,24,1.14663023679417,0.429277899748396,0.740753957240256
"GO:0141188","nucleic acid catabolic process",0.0347934938606283,48,1.0620232996074,0.355969845254447,0.755951989635946,151230,30,145,0.948935368381383,0.660578115446416,0.835308084274144
"GO:0007033","vacuole organization",0.0243289214904587,34,1.07583807177266,0.35692578982646,0.757548444082474,168101,24,102,1.07918139933569,0.372869532656335,0.714045860789383
"GO:0001822","kidney development",0.0415719183543295,57,1.05551798806218,0.357245349093114,0.75779316474297,191272,43,153,1.2890222269843,0.0380889003531759,0.442114843387871
"GO:0046173","polyol biosynthetic process",0.00373279115505236,6,1.23739514279818,0.357496228950933,0.757892005375979,28995,5,25,0.917304189435337,0.663607051000599,0.835308084274144
"GO:0071384","cellular response to corticosteroid stimulus",0.00806490192951682,12,1.14544173871152,0.358229921443363,0.759013711339164,160415,9,34,1.21407907425265,0.314635509361047,0.670860769959473
"GO:0006821","chloride transport",0.00953635783766544,14,1.13015066691009,0.359652986618615,0.761593938558826,340910,12,46,1.19648372535044,0.29105492020061,0.668216294192446
"GO:0046530","photoreceptor cell differentiation",0.00735023653856376,11,1.15207888937063,0.360394237500915,0.762582319493789,127331,7,35,0.917304189435337,0.667120715284175,0.835308084274144
"GO:0070570","regulation of neuron projection regeneration",0.00590044118428746,9,1.17421837623984,0.360619176213779,0.762582319493789,134901,7,16,2.0066029143898,0.0411083199344292,0.442114843387871
"GO:0061756","leukocyte adhesion to vascular endothelial cell",0.00374701004624462,6,1.23269956240738,0.360736380245714,0.762582319493789,149541,6,23,1.19648372535044,0.386010953427164,0.717450621306231
"GO:0120316","sperm flagellum assembly",0.00518112475415936,8,1.18865764057216,0.361063853916707,0.762839919152042,140128,5,19,1.20697919662544,0.401659934530528,0.722895245575533
"GO:0033157","regulation of intracellular protein transport",0.0139697283793122,20,1.10213014859139,0.36160065740423,0.763539236749967,97815,12,57,0.965583357300355,0.606638024626994,0.814840345306899
"GO:0061035","regulation of cartilage development",0.00808842289905916,12,1.14211081739533,0.361846959606676,0.76362469860112,155499,10,41,1.11866364565285,0.40275592253494,0.722895245575533
"GO:0016579","protein deubiquitination",0.00882142667304523,13,1.13447615678616,0.362149799186817,0.763829309257016,127580,12,42,1.3104345563362,0.187621679361692,0.597284770758932
"GO:0010586","miRNA metabolic process",0.019915749747515,28,1.08231136731125,0.362444688790566,0.764016929211933,123869,16,51,1.43890853244759,0.0721261952316798,0.479523898061771
"GO:0045987","positive regulation of smooth muscle contraction",0.00304749375431882,5,1.26304268816411,0.36308142034252,0.764635811402412,434697,3,11,1.25086934923,0.442336217723005,0.741424756334832
"GO:0030182","neuron differentiation",0.205915590283315,273,1.02062045194536,0.363150485091927,0.764635811402412,155097,199,767,1.1899839224096,0.00226341142778619,0.272430394640544
"GO:0045616","regulation of keratinocyte differentiation",0.00304922128315526,5,1.26232711442811,0.363520408534218,0.764980553410068,80619,3,16,0.859972677595628,0.711198846224575,0.859181934058344
"GO:0048666","neuron development",0.160129298889066,213,1.02399927753215,0.364142415153919,0.765855079490385,154900,157,616,1.16896718945899,0.0128892583037723,0.362266275052994
"GO:0050764","regulation of phagocytosis",0.00664925849146867,10,1.1577575780989,0.364774941899558,0.766374635615225,161477,7,35,0.917304189435337,0.667120715284175,0.835308084274144
"GO:0009790","embryo development",0.138798437250837,185,1.02607238852765,0.364802589352153,0.766374635615225,138779,128,521,1.12682280468064,0.0644932174731809,0.479523898061771
"GO:0021513","spinal cord dorsal/ventral patterning",0.00376654441077978,6,1.22630643385552,0.365190501307062,0.766755381918053,67406,5,11,2.08478224871667,0.0697427210073327,0.479523898061771
"GO:0021952","central nervous system projection neuron axonogenesis",0.00376787327911551,6,1.22587393528959,0.365493603076155,0.766957730436955,70223,4,15,1.22307225258045,0.419938859200025,0.731786363378155
"GO:0034446","substrate adhesion-dependent cell spreading",0.0140118535055547,20,1.09881671317568,0.366527274615995,0.768439875747822,90935,18,55,1.50104321907601,0.039941376669244,0.442114843387871
"GO:0097352","autophagosome maturation",0.0052108914048796,8,1.1818675630089,0.366813159254432,0.768439875747822,158831,5,21,1.09202879694683,0.496178188229511,0.769895892233997
"GO:0030902","hindbrain development",0.028933716047414,40,1.06425726921784,0.366821299177734,0.768439875747822,142532,27,84,1.47423887587822,0.0177828381013382,0.386281270938799
"GO:0050686","negative regulation of mRNA processing",0.00306397172168182,5,1.25625007449657,0.367269062436294,0.768943691669668,178985,4,12,1.52884031572556,0.255224673077277,0.640269346339134
"GO:0002313","mature B cell differentiation involved in immune response",0.00377930154680274,6,1.22216700285517,0.368100742730866,0.770250285127757,167080,6,18,1.52884031572556,0.180687224901036,0.593229738391896
"GO:0090101","negative regulation of transmembrane receptor protein serine/threonine kinase signaling pathway",0.0192343060649551,27,1.0806326638115,0.368736345085922,0.771145344007199,100390,20,83,1.10518577040402,0.34605578463288,0.706445403811136
"GO:1901880","negative regulation of protein depolymerization",0.0074085738585021,11,1.14300707662407,0.369824317610165,0.772984911737303,114620,7,34,0.944283724418729,0.63487232966514,0.819546396331826
"GO:0051147","regulation of muscle cell differentiation",0.0244772231967257,34,1.06931982334111,0.370069344103461,0.77306152399991,181086,17,71,1.09818107185921,0.375017007975786,0.714045860789383
"GO:1900182","positive regulation of protein localization to nucleus",0.0103501568064636,15,1.11566851853329,0.370638910111939,0.773589165011617,112317,13,42,1.41963743603088,0.107878729569439,0.53758873962322
"GO:0048711","positive regulation of astrocyte differentiation",0.00379086270132355,6,1.21843970838858,0.370738958326322,0.773589165011617,130034,5,9,2.54806719287594,0.027999892640187,0.405821798307366
"GO:0009988","cell-cell recognition",0.0103542762983044,15,1.11522464517829,0.371202503760065,0.774086747522577,145574,7,30,1.07018822100789,0.49036218872413,0.769093063738652
"GO:0060070","canonical Wnt signaling pathway",0.046305347366183,63,1.04737029358747,0.37139471983563,0.774086747522577,125587,42,173,1.11349063457469,0.238042027545807,0.640269346339134
"GO:0030838","positive regulation of actin filament polymerization",0.0110959177164727,16,1.11006294083206,0.371741806972876,0.774262250738318,157408,9,22,1.87630402384501,0.0339315443083827,0.437104268694792
"GO:0032196","transposition",0.00308217721788125,5,1.24882978217071,0.371896315583742,0.774262250738318,88168,4,15,1.22307225258045,0.419938859200025,0.731786363378155
"GO:0003229","ventricular cardiac muscle tissue development",0.0111070802104927,16,1.1089473397286,0.373217876981497,0.775359061285443,178117,12,32,1.71994535519126,0.0314508907849462,0.419722319468167
"GO:0045655","regulation of monocyte differentiation",0.00452120873863818,7,1.19188493533005,0.373268886008033,0.775359061285443,34719,2,9,1.01922687715037,0.616482123379327,0.814840345306899
"GO:0008631","intrinsic apoptotic signaling pathway in response to oxidative stress",0.00816616169669909,12,1.13123835062165,0.373837609101147,0.775359061285443,268237,9,30,1.37595628415301,0.189648796210348,0.597284770758932
"GO:0031345","negative regulation of cell projection organization",0.0230243714452772,32,1.06992428269782,0.374047604509195,0.775359061285443,127396,26,88,1.35510846166584,0.0541324059994414,0.469231837051232
"GO:0060236","regulation of mitotic spindle organization",0.00452678998564822,7,1.19041541625523,0.374434491163363,0.775359061285443,155555,4,19,0.965583357300355,0.62085454826009,0.814840345306899
"GO:0050650","chondroitin sulfate proteoglycan biosynthetic process",0.00452798596715037,7,1.19010099063023,0.374684287394137,0.775359061285443,142506,4,11,1.66782579897334,0.203078312779333,0.616159221484306
"GO:0060292","long-term synaptic depression",0.00525314941795567,8,1.1723602425506,0.374988213273387,0.775359061285443,139231,5,17,1.34897674916961,0.305433703579954,0.668216294192446
"GO:0030539","male genitalia development",0.00309493435390422,5,1.24368217980539,0.375138798267469,0.775359061285443,171637,3,14,0.982825917252147,0.617328601262156,0.814840345306899
"GO:0002448","mast cell mediated immunity",0.00744166268006166,11,1.13792477730122,0.375186193154685,0.775359061285443,153363,7,25,1.28422586520947,0.293926480419984,0.668216294192446
"GO:0007032","endosome organization",0.00964705257003136,14,1.11718279670325,0.375349211889494,0.775359061285443,124538,10,36,1.27403359643797,0.245543416700729,0.640269346339134
"GO:0008089","anterograde axonal transport",0.00598190081326742,9,1.15822824262582,0.375355310599264,0.775359061285443,83839,8,21,1.74724607511493,0.0670857819221957,0.479523898061771
"GO:0030203","glycosaminoglycan metabolic process",0.0111244883856907,16,1.10721200153542,0.375521581089208,0.775359061285443,125220,12,42,1.3104345563362,0.187621679361692,0.597284770758932
"GO:0051346","negative regulation of hydrolase activity",0.0222945569552969,31,1.07041872194562,0.375769601385898,0.775359061285443,115524,22,74,1.36356028159307,0.0680861597086595,0.479523898061771
"GO:0050801","monoatomic ion homeostasis",0.0539331845000797,73,1.04197582979255,0.375863450580499,0.775359061285443,96504,49,250,0.89895810564663,0.824910883917921,0.907059685635889
"GO:0071674","mononuclear cell migration",0.0208010418327752,29,1.07325707339375,0.376001233410358,0.775359061285443,78041,23,83,1.27096363596462,0.121074810925451,0.547048978101158
"GO:0006368","transcription elongation by RNA polymerase II",0.0111283421038643,16,1.10682857667549,0.376031840644366,0.775359061285443,118607,7,48,0.668867638129933,0.923713892373376,0.952202984358217
"GO:0061436","establishment of skin barrier",0.00309958539307925,5,1.24181599003933,0.376320907644754,0.775359061285443,203408,3,15,0.917304189435337,0.666676036777689,0.835308084274144
"GO:0060914","heart formation",0.00526098974113645,8,1.17061310301258,0.376506399671441,0.775359061285443,145825,6,21,1.3104345563362,0.299941317186444,0.668216294192446
"GO:0006936","muscle contraction",0.0441180300855791,60,1.04695010982632,0.37651653594024,0.775359061285443,129052,39,149,1.20049877140866,0.11543317736291,0.5462462857352
"GO:0010256","endomembrane system organization",0.0569725721575506,77,1.04043690131803,0.376602972624358,0.775359061285443,110063,56,242,1.06134369025576,0.328437876135267,0.688169169392986
"GO:0051224","negative regulation of protein transport",0.0163315260723967,23,1.08415634633005,0.376850774682146,0.77543892072699,155333,9,51,0.809386049501768,0.811937612051179,0.902152902279088
"GO:0018345","protein palmitoylation",0.00310290756391857,5,1.24048642259818,0.377165246769189,0.775655801282535,99358,3,17,0.809386049501768,0.750984683904892,0.873040703943482
"GO:0003416","endochondral bone growth",0.00382036357837665,6,1.2090309075516,0.377473578185979,0.77585981998337,112171,4,17,1.07918139933569,0.525531603716431,0.78428087280288
"GO:0007080","mitotic metaphase chromosome alignment",0.00526829851698294,8,1.16898909694206,0.377922009467948,0.775934928124091,164922,6,22,1.25086934923,0.342715901316634,0.702085032515025
"GO:0008283","cell population proliferation",0.204059161218307,270,1.0185879073227,0.377928413779039,0.775934928124091,138837,198,854,1.06338541866626,0.159942490960888,0.590868505944047
"GO:0022402","cell cycle process",0.12923151544145,172,1.02459175961962,0.378522819303049,0.776725475450394,149002,117,544,0.98643924783028,0.586667917355842,0.808821246150194
"GO:0030488","tRNA methylation",0.00382860256205815,6,1.20642912641703,0.379354888797794,0.777936453922002,77607,2,14,0.655217278168098,0.843516846725449,0.916210439400109
"GO:0017156","calcium-ion regulated exocytosis",0.00893903152075692,13,1.11955061419896,0.379532340053591,0.777936453922002,98355,9,35,1.17939110070258,0.348475952619901,0.706445403811136
"GO:0045017","glycerolipid biosynthetic process",0.023086296709722,32,1.06705438351151,0.379753336769315,0.77795962419335,92246,24,101,1.08986636368555,0.352749460717132,0.706445403811136
"GO:0003338","metanephros morphogenesis",0.00600794663264764,9,1.15320705894144,0.380078128208234,0.77819528457646,139229,5,24,0.955525197328476,0.625289731444584,0.81540418406306
"GO:0046622","positive regulation of organ growth",0.00601020570881837,9,1.15277359913773,0.380487966444315,0.778604718978714,301931,7,26,1.23483256270142,0.332743349773908,0.692655801326738
"GO:2001236","regulation of extrinsic apoptotic signaling pathway",0.0133908733322702,19,1.09228393927831,0.380918943311186,0.779056934776461,225821,12,67,0.821466438300302,0.82122949287724,0.904220672793011
"GO:2001238","positive regulation of extrinsic apoptotic signaling pathway",0.00456306809121352,7,1.1809511664842,0.382014822036308,0.780466828476625,273581,3,28,0.491412958626073,0.961234942658957,0.976461175677138
"GO:0010921","regulation of phosphatase activity",0.00312390368362303,5,1.23214896918783,0.382500732963119,0.780466828476625,247730,3,9,1.52884031572556,0.310336636193712,0.668216294192446
"GO:0007018","microtubule-based movement",0.0411885398394727,56,1.04665241468961,0.382732188103374,0.780466828476625,127164,42,182,1.05842791088693,0.365120368851949,0.710658612643248
"GO:0006688","glycosphingolipid biosynthetic process",0.0031264285334609,5,1.23115390690132,0.38314222839241,0.780466828476625,152123,3,18,0.764420157862781,0.786239957927728,0.888514060872553
"GO:0010594","regulation of endothelial cell migration",0.028383165895923,39,1.05777821960778,0.383381100158203,0.780466828476625,179474,29,89,1.49448435357443,0.0118106520387358,0.347715106383732
"GO:0031047","regulatory ncRNA-mediated gene silencing",0.0104438420241322,15,1.10566054945799,0.383485394949764,0.780466828476625,179974,10,56,0.819021597710122,0.808814499411309,0.901111649494281
"GO:0071840","cellular component organization or biogenesis",0.576758225694998,755,1.00772957255351,0.383690579517304,0.780466828476625,135882,629,2896,0.996174611800461,0.565865132027887,0.79702340160344
"GO:0001662","behavioral fear response",0.00529872960187105,8,1.16227548648914,0.383819311093045,0.780466828476625,99382,6,24,1.14663023679417,0.429277899748396,0.740753957240256
"GO:0042461","photoreceptor cell development",0.00457197150906288,7,1.17865139237711,0.383876021617069,0.780466828476625,132640,4,23,0.797655816900293,0.771632506985662,0.883502943897388
"GO:0051402","neuron apoptotic process",0.04422779461011,60,1.04435178942564,0.383898467453031,0.780466828476625,107309,37,138,1.22971938438795,0.093170543026007,0.519218394507774
"GO:0050926","regulation of positive chemotaxis",0.00529926114920534,8,1.16215890336195,0.383922361716938,0.780466828476625,237633,6,14,1.96565183450429,0.0635516316835313,0.479523898061771
"GO:0009791","post-embryonic development",0.00971641949715622,14,1.10920706678887,0.385231414044627,0.7819735010448,264018,12,43,1.27995933409582,0.21177139161198,0.616159221484306
"GO:0032922","circadian regulation of gene expression",0.0067695210758518,10,1.13718966541037,0.385327306099595,0.7819735010448,138306,7,36,0.891823517506578,0.697552077978685,0.854160883857257
"GO:0006695","cholesterol biosynthetic process",0.012684978472333,18,1.09237969644555,0.385511527990514,0.7819735010448,82198,7,29,1.10709126311161,0.451406565439207,0.741424756334832
"GO:1902653","secondary alcohol biosynthetic process",0.012684978472333,18,1.09237969644555,0.385511527990514,0.7819735010448,82198,7,29,1.10709126311161,0.451406565439207,0.741424756334832
"GO:0061383","trabecula morphogenesis",0.00750651145484505,11,1.12809424176583,0.385717387307812,0.7819735010448,135770,6,24,1.14663023679417,0.429277899748396,0.740753957240256
"GO:0039532","negative regulation of cytoplasmic pattern recognition receptor signaling pathway",0.00386009674161484,6,1.1965859804875,0.386547114393712,0.782698231840607,75808,6,21,1.3104345563362,0.299941317186444,0.668216294192446
"GO:0031099","regeneration",0.0246655238398979,34,1.06115646091674,0.386900934680384,0.782698231840607,80912,23,93,1.13430087940929,0.281839895447831,0.668216294192446
"GO:1902473","regulation of protein localization to synapse",0.00458645617392229,7,1.17492904777002,0.386904434668255,0.782698231840607,164319,5,14,1.63804319542024,0.171372945805701,0.593229738391896
"GO:1901989","positive regulation of cell cycle phase transition",0.0119529049061819,17,1.09487945357395,0.386918748570263,0.782698231840607,124911,14,56,1.14663023679417,0.328688886297674,0.688169169392986
"GO:0048488","synaptic vesicle endocytosis",0.0119559613033541,17,1.09459956085927,0.387312142359551,0.782809014818803,74231,12,36,1.52884031572556,0.074441775919207,0.479523898061771
"GO:0006884","cell volume homeostasis",0.00314317227449104,5,1.22459552562751,0.387395512454804,0.782809014818803,77571,3,10,1.37595628415301,0.377084061829277,0.714045860789383
"GO:0033119","negative regulation of RNA splicing",0.00314715887949822,5,1.22304429200977,0.388407949884126,0.784427596118729,178985,4,14,1.3104345563362,0.364900064093148,0.710658612643248
"GO:0002209","behavioral defense response",0.00532490830808484,8,1.15656142218232,0.388895919238881,0.784948971375608,99382,6,25,1.1007650273224,0.472020453220527,0.754978406316201
"GO:1902808","positive regulation of cell cycle G1/S phase transition",0.00752724180088237,11,1.12498742194881,0.389089261013408,0.784948971375608,148669,8,38,0.965583357300355,0.608113769905779,0.814840345306899
"GO:0021915","neural tube development",0.0194413437516611,27,1.06912462765143,0.3895800290218,0.785511906342868,119426,20,73,1.25658108141827,0.153662195675073,0.587040640423195
"GO:0051642","centrosome localization",0.00387644182214426,6,1.19154055607284,0.390279699669554,0.786068233319242,112419,6,21,1.3104345563362,0.299941317186444,0.668216294192446
"GO:0061842","microtubule organizing center localization",0.00387644182214426,6,1.19154055607284,0.390279699669554,0.786068233319242,112419,6,21,1.3104345563362,0.299941317186444,0.668216294192446
"GO:0048593","camera-type eye morphogenesis",0.0247164194971562,34,1.05897134443826,0.391474031264358,0.786834368432326,169980,21,81,1.1890980233421,0.218144491764709,0.616159221484306
"GO:0061053","somite development",0.00901956094190188,13,1.10955492111759,0.391490176735844,0.786834368432326,154059,11,44,1.14663023679417,0.358714955248068,0.710658612643248
"GO:0048568","embryonic organ development",0.0655747355552012,88,1.03308718228306,0.391677044464643,0.786834368432326,137108,61,226,1.23795476892822,0.035479575437419,0.442114843387871
"GO:0086091","regulation of heart rate by cardiac conduction",0.00828137458140647,12,1.11550023463794,0.391689790956016,0.786834368432326,56260,6,18,1.52884031572556,0.180687224901036,0.593229738391896
"GO:0072001","renal system development",0.0435898049221283,59,1.04197652602105,0.391924383695074,0.786834368432326,189317,45,160,1.28995901639344,0.0340966624380368,0.437169325069785
"GO:0048662","negative regulation of smooth muscle cell proliferation",0.00680805825758784,10,1.13075257525248,0.391932591068178,0.786834368432326,246316,4,27,0.679484584766916,0.870815378417802,0.927836029273419
"GO:0007049","cell cycle",0.161644873225961,214,1.0191607443347,0.392262035798099,0.787069850087045,138594,150,711,0.967620452990862,0.69895252293397,0.854160883857257
"GO:0097192","extrinsic apoptotic signaling pathway in absence of ligand",0.00754876946792112,11,1.12177916996212,0.392593093757133,0.787308312345385,229387,5,31,0.739761443093014,0.837668102919736,0.914312639550521
"GO:0051262","protein tetramerization",0.0149833891458034,21,1.07894693235837,0.392995808946259,0.787690141107845,117827,10,41,1.11866364565285,0.40275592253494,0.722895245575533
"GO:1903038","negative regulation of leukocyte cell-cell adhesion",0.0179791899218625,25,1.0704360764713,0.39333128015268,0.787936851709741,127146,19,65,1.34067535379011,0.0985189422711427,0.521003496228806
"GO:0034599","cellular response to oxidative stress",0.0254931430393877,35,1.05690392446699,0.393652254376617,0.788154270770237,159392,24,105,1.04834764506896,0.434202915606248,0.741424756334832
"GO:0035116","embryonic hindlimb morphogenesis",0.00608555254345399,9,1.13850080449397,0.394172072458789,0.788287427182203,110415,7,18,1.78364703501316,0.0764461470431306,0.481334270273792
"GO:0002444","myeloid leukocyte mediated immunity",0.0105237070111093,15,1.09726963119218,0.394478268076674,0.788287427182203,133293,11,48,1.05107771706132,0.482027826107924,0.763914239581546
"GO:0060042","retina morphogenesis in camera-type eye",0.00978219847977462,14,1.10174836386873,0.394628153651251,0.788287427182203,198081,9,37,1.11564023039433,0.417289323932718,0.731786363378155
"GO:0045453","bone resorption",0.00609193111146548,9,1.13730873506972,0.395331543641786,0.788287427182203,107170,4,27,0.679484584766916,0.870815378417802,0.927836029273419
"GO:0010660","regulation of muscle cell apoptotic process",0.00609206399829905,9,1.13728392683451,0.395355700530686,0.788287427182203,87123,7,35,0.917304189435337,0.667120715284175,0.835308084274144
"GO:0060421","positive regulation of heart growth",0.00535999043214798,8,1.14899151477049,0.395702411247148,0.788287427182203,337158,6,21,1.3104345563362,0.299941317186444,0.668216294192446
"GO:0008038","neuron recognition",0.00756817094562271,11,1.11890341917524,0.395752617410179,0.788287427182203,255101,11,26,1.94045116995937,0.0150507604203818,0.386281270938799
"GO:0070663","regulation of leukocyte proliferation",0.0247645245309095,34,1.05691429495991,0.39580455124264,0.788287427182203,145561,24,102,1.07918139933569,0.372869532656335,0.714045860789383
"GO:0050922","negative regulation of chemotaxis",0.00462911284749907,7,1.16410222921586,0.395824901390047,0.788287427182203,131836,6,24,1.14663023679417,0.429277899748396,0.740753957240256
"GO:0007281","germ cell development",0.0391079306862276,53,1.04328240186641,0.395977640108055,0.788287427182203,122642,39,139,1.28686558949562,0.0476183822621592,0.448386289828961
"GO:0003018","vascular process in circulatory system",0.0247673151544145,34,1.05679520858111,0.396056001150304,0.788287427182203,122501,26,114,1.04604863707538,0.433427470112761,0.741424756334832
"GO:0042098","T cell proliferation",0.0195160261521288,27,1.06503338525557,0.397144655616059,0.78988366250379,94805,23,83,1.27096363596462,0.121074810925451,0.547048978101158
"GO:0050729","positive regulation of inflammatory response",0.00905849678413863,13,1.10478575727163,0.397283804375222,0.78988366250379,79956,12,43,1.27995933409582,0.21177139161198,0.616159221484306
"GO:0060562","epithelial tube morphogenesis",0.0444398819964918,60,1.03936766634674,0.398246133168977,0.790307239444986,168328,50,168,1.36503599618354,0.00909224546152432,0.347715106383732
"GO:0000768","syncytium formation by plasma membrane fusion",0.0075846489129857,11,1.11647255464413,0.398437188342773,0.790307239444986,187305,8,32,1.14663023679417,0.396563859756661,0.722895245575533
"GO:0140253","cell-cell fusion",0.0075846489129857,11,1.11647255464413,0.398437188342773,0.790307239444986,187305,8,32,1.14663023679417,0.396563859756661,0.722895245575533
"GO:0030201","heparan sulfate proteoglycan metabolic process",0.00318675915590283,5,1.20784612683656,0.398457844958263,0.790307239444986,35033,4,10,1.83460837887067,0.15459264304406,0.587040640423195
"GO:0051403","stress-activated MAPK cascade",0.00391271992770956,6,1.18049278498848,0.398561952830611,0.790307239444986,48747,6,28,0.982825917252147,0.593083097831942,0.810139283120952
"GO:0006805","xenobiotic metabolic process",0.00832921384149258,12,1.10909330273938,0.399123151704511,0.790997271807551,98360,9,41,1.00679728108756,0.552176446804538,0.788457974921475
"GO:0070167","regulation of biomineral tissue development",0.00907537341200234,13,1.10273128995132,0.399797002212378,0.791909705396648,136311,8,36,1.01922687715037,0.541047926978345,0.788457974921475
"GO:0002697","regulation of immune effector process",0.0338785680114814,46,1.04525832559647,0.4007929887761,0.793187192732933,108213,37,146,1.1623375003119,0.171809702364612,0.593229738391896
"GO:0045638","negative regulation of myeloid cell differentiation",0.0233140647424653,32,1.0566297372541,0.400869538106267,0.793187192732933,105478,15,43,1.59994916761977,0.033628404578157,0.437104268694792
"GO:0010629","negative regulation of gene expression",0.0969639345133684,129,1.02416594223141,0.401151189174421,0.79332138157628,160977,105,455,1.05842791088693,0.265592666100909,0.648255783706824
"GO:0034504","protein localization to nucleus",0.0293535055546696,40,1.04903714384624,0.401457729110047,0.793504621735894,104661,30,125,1.1007650273224,0.30660570462247,0.668216294192446
"GO:0044380","protein localization to cytoskeleton",0.00539746451921544,8,1.14101417505645,0.402975047793357,0.795803683645949,78451,6,30,0.917304189435337,0.664962194367397,0.835308084274144
"GO:0060351","cartilage development involved in endochondral bone morphogenesis",0.00466366342422793,7,1.15547802122053,0.403049897997504,0.795803683645949,133375,5,21,1.09202879694683,0.496178188229511,0.769895892233997
"GO:0006949","syncytium formation",0.00761574443204167,11,1.11191393349971,0.403505615055063,0.795895209404685,187305,8,33,1.11188386598223,0.433367940649336,0.741424756334832
"GO:0030301","cholesterol transport",0.0128320841970978,18,1.07985676529144,0.403922410666389,0.795895209404685,112469,12,40,1.37595628415301,0.143529843545972,0.573054468381347
"GO:0045005","DNA-templated DNA replication maintenance of fidelity",0.00613963748471801,9,1.1284715887148,0.404006313908581,0.795895209404685,389897,6,20,1.37595628415301,0.258274367035768,0.640269346339134
"GO:0015909","long-chain fatty acid transport",0.00393703821825334,6,1.17320111928987,0.404110618967516,0.795895209404685,236629,2,22,0.416956449743335,0.968294330091052,0.979915975078506
"GO:0031401","positive regulation of protein modification process",0.0650361452187317,87,1.02980574290965,0.404197890527761,0.795895209404685,169251,61,273,1.02482702482702,0.436958339822861,0.741424756334832
"GO:0050766","positive regulation of phagocytosis",0.00393823419975549,6,1.17284483605078,0.404383415020979,0.795895209404685,93849,5,24,0.955525197328476,0.625289731444584,0.81540418406306
"GO:0045010","actin nucleation",0.00614521873172806,9,1.12744668155439,0.405021407216396,0.796398437683583,137818,6,26,1.05842791088693,0.513803584254512,0.777727987590469
"GO:0045806","negative regulation of endocytosis",0.00688460107372562,10,1.11818089745473,0.405068423695127,0.796398437683583,138412,3,29,0.474467684190692,0.967760716043607,0.979815957148538
"GO:0051125","regulation of actin nucleation",0.00467854674958805,7,1.15180223122488,0.406161459244085,0.79812447764595,73944,4,17,1.07918139933569,0.525531603716431,0.78428087280288
"GO:0022412","cellular process involved in reproduction in multicellular organism",0.0407838994312444,55,1.03816119425214,0.407528318715975,0.800386136322485,125218,41,150,1.25364905889496,0.0624240182562064,0.479523898061771
"GO:0002053","positive regulation of mesenchymal cell proliferation",0.0061605007175889,9,1.12464989196923,0.407800921006775,0.800386136322485,196039,5,20,1.14663023679417,0.449455123695447,0.741424756334832
"GO:0043162","ubiquitin-dependent protein catabolic process via the multivesicular body sorting pathway",0.00395431350661776,6,1.16807573213701,0.408050052694357,0.800386136322485,157034,3,17,0.809386049501768,0.750984683904892,0.873040703943482
"GO:0002768","immune response-regulating cell surface receptor signaling pathway",0.0377640461383086,51,1.03963886266621,0.408411890594492,0.800386136322485,122110,39,145,1.2336159788958,0.0833074172586684,0.503981106904705
"GO:0044703","multi-organism reproductive process",0.0181223090416202,25,1.06198241481761,0.408452412786903,0.800386136322485,81863,19,87,1.00165399995813,0.539187559350724,0.788457974921475
"GO:0051957","positive regulation of amino acid transport",0.00395736990378993,6,1.16717359171259,0.40874680155191,0.800386136322485,88945,6,14,1.96565183450429,0.0635516316835313,0.479523898061771
"GO:0033002","muscle cell proliferation",0.0233993780896189,32,1.05277730069609,0.408822568283318,0.800386136322485,228684,21,101,0.953633068224855,0.636566128566531,0.821161452358077
"GO:0006402","mRNA catabolic process",0.0287003667676607,39,1.04608749188709,0.410046195357364,0.802358325303702,160752,25,112,1.02377699713765,0.48416156878375,0.766968155502866
"GO:0048878","chemical homeostasis",0.107863578376654,143,1.02059177138616,0.411195968807975,0.803960610154173,123133,87,419,0.952332511704944,0.7204836469301,0.864950897800897
"GO:2000243","positive regulation of reproductive process",0.00692087917929092,10,1.11231957787552,0.411298446919844,0.803960610154173,228396,9,42,0.982825917252147,0.584042869130104,0.806068435716566
"GO:0001510","RNA methylation",0.00692300536862808,10,1.11197796294095,0.41166360866277,0.804092116941598,122983,6,27,1.01922687715037,0.55425832846232,0.788457974921475
"GO:0046467","membrane lipid biosynthetic process",0.0128956041035454,18,1.07453771236787,0.411897408454888,0.804092116941598,84892,16,65,1.12898977161272,0.335891355824688,0.696648590073105
"GO:2000179","positive regulation of neural precursor cell proliferation",0.0113986339233509,16,1.08058273775646,0.412015933775196,0.804092116941598,138307,12,40,1.37595628415301,0.143529843545972,0.573054468381347
"GO:0140238","presynaptic endocytosis",0.0129025142188912,18,1.07396222921708,0.412765669105928,0.804775453103093,76461,13,38,1.56907295561308,0.0535704962225882,0.468665754590752
"GO:1905207","regulation of cardiocyte differentiation",0.00544809440280657,8,1.13041057486384,0.412799915702207,0.804775453103093,259025,5,15,1.52884031572556,0.213543377549239,0.616159221484306
"GO:0071219","cellular response to molecule of bacterial origin",0.0211833572529634,29,1.05388702151366,0.413332476526728,0.805390487349875,107722,22,89,1.1337467509875,0.288565984163291,0.668216294192446
"GO:0071459","protein localization to chromosome, centromeric region",0.0032488173071812,5,1.1847741315309,0.414170529448138,0.806599823754642,406108,3,11,1.25086934923,0.442336217723005,0.741424756334832
"GO:0006022","aminoglycan metabolic process",0.0114175038537182,16,1.07879683767893,0.414538299626078,0.806892492976258,125220,12,45,1.22307225258045,0.263638763863887,0.646036865214677
"GO:0150076","neuroinflammatory response",0.005465369691171,8,1.1268375011736,0.416151030181862,0.809313968551009,145109,8,31,1.18361830894882,0.359800051899977,0.710658612643248
"GO:0034315","regulation of Arp2/3 complex-mediated actin nucleation",0.00325692340402913,5,1.18182536895293,0.416218612397662,0.809313968551009,29575,3,14,0.982825917252147,0.617328601262156,0.814840345306899
"GO:0046824","positive regulation of nucleocytoplasmic transport",0.00695197469834689,10,1.10734427860718,0.416638963640609,0.80970694348175,92776,9,28,1.47423887587822,0.13705193720684,0.564396324603374
"GO:2000629","negative regulation of miRNA metabolic process",0.0129389252112901,18,1.07094002838307,0.417342599627461,0.810649761580041,123633,8,16,2.29326047358834,0.0119029160406291,0.347715106383732
"GO:0002218","activation of innate immune response",0.0242515813533195,33,1.04752579527778,0.417810006080498,0.811132978837596,74145,31,119,1.19480797783594,0.15407824374261,0.587040640423195
"GO:0001889","liver development",0.0174617285919311,24,1.05807111135061,0.418342962998002,0.811214815999143,160153,18,71,1.16277995843916,0.274063374992444,0.662283342781832
"GO:0061008","hepaticobiliary system development",0.0174617285919311,24,1.05807111135061,0.418342962998002,0.811214815999143,160153,18,71,1.16277995843916,0.274063374992444,0.662283342781832
"GO:0072595","maintenance of protein localization in organelle",0.00622003401902939,9,1.11388562270176,0.41862792221033,0.811214815999143,102595,3,21,0.655217278168098,0.867883224330617,0.927836029273419
"GO:0048515","spermatid differentiation",0.0250179397225323,34,1.04620845181068,0.418726785077725,0.811214815999143,130912,22,80,1.26129326047359,0.135534007398626,0.563601479930246
"GO:0090224","regulation of spindle organization",0.00474153510870143,7,1.13650125149896,0.419319777314722,0.811939652316084,155555,4,20,0.917304189435337,0.663704404401251,0.835308084274144
"GO:0061572","actin filament bundle organization",0.0235204379950035,32,1.04735864648394,0.420139170327289,0.813101889365801,116322,19,82,1.06273046337021,0.424221580885096,0.735121112733222
"GO:0002764","immune response-regulating signaling pathway",0.0508516717163663,68,1.0294245636837,0.420518070650293,0.813410866586333,125784,55,218,1.157149780251,0.123909554373215,0.551204372571497
"GO:0051338","regulation of transferase activity",0.0577183330675597,77,1.02699373466549,0.421432248565194,0.814469053090046,153605,55,231,1.09202879694683,0.249197598105728,0.640269346339134
"GO:0007423","sensory organ development",0.0867006856960612,115,1.02109501755924,0.42150419998191,0.814469053090046,140637,79,324,1.11831837909555,0.140276557319025,0.571102770811118
"GO:0098927","vesicle-mediated transport between endosomal compartments",0.00328057726040504,5,1.17330408586169,0.42218815440307,0.814851825384236,31770,4,24,0.764420157862781,0.800901062093878,0.896603180557721
"GO:0006906","vesicle fusion",0.0159912028916175,22,1.05908885095803,0.422440291604181,0.814851825384236,189925,17,51,1.52884031572556,0.0381166188357946,0.442114843387871
"GO:0090174","organelle membrane fusion",0.0159912028916175,22,1.05908885095803,0.422440291604181,0.814851825384236,189925,17,51,1.52884031572556,0.0381166188357946,0.442114843387871
"GO:0006487","protein N-linked glycosylation",0.0077326848455855,11,1.09509859991181,0.422580838824601,0.814851825384236,168674,7,27,1.1890980233421,0.372211979527185,0.714045860789383
"GO:0051248","negative regulation of protein metabolic process",0.0836752511561154,111,1.02121410141806,0.422942750380996,0.815126028007011,129503,87,336,1.18758131667968,0.0386368592461953,0.442114843387871
"GO:0035902","response to immobilization stress",0.0047658533992452,7,1.13070212900776,0.424393403167803,0.817497157711605,321827,5,12,1.91105039465695,0.0987855921834425,0.521003496228806
"GO:0070646","protein modification by small protein removal",0.0092444054643066,13,1.08256807515072,0.425008593009895,0.81755826109587,127580,12,45,1.22307225258045,0.263638763863887,0.646036865214677
"GO:0032101","regulation of response to external stimulus",0.104347658533992,138,1.01809247387428,0.425138249044232,0.81755826109587,130355,111,424,1.20071656871842,0.01572584577581,0.386281270938799
"GO:0015012","heparan sulfate proteoglycan biosynthetic process",0.00402966034125339,6,1.14623498091284,0.425200377501669,0.81755826109587,83405,5,15,1.52884031572556,0.213543377549239,0.616159221484306
"GO:0006939","smooth muscle contraction",0.0137556476904268,19,1.06331858760299,0.425370076780862,0.81755826109587,249078,12,48,1.14663023679417,0.348024562772708,0.706445403811136
"GO:0031333","negative regulation of protein-containing complex assembly",0.0152641790251422,21,1.05909932847146,0.425526954764454,0.81755826109587,39742,15,71,0.9689832986993,0.601717588137306,0.813546739063194
"GO:1903047","mitotic cell cycle process",0.0745743634720672,99,1.02196609643455,0.426049850055954,0.817881122318849,162753,69,330,0.958999834409671,0.677627461117242,0.842081299816552
"GO:0051781","positive regulation of cell division",0.00775447828629139,11,1.09202089880502,0.426135905510063,0.817881122318849,146477,10,38,1.20697919662544,0.306354214410659,0.668216294192446
"GO:0002252","immune effector process",0.0524723595386169,70,1.02697127258011,0.426787769375398,0.818708699267181,117008,58,254,1.04731580683562,0.367019953463624,0.712529579984325
"GO:0046189","phenol-containing compound biosynthetic process",0.00478312868760963,7,1.12661835735774,0.427994725822175,0.820599706873525,239109,5,20,1.14663023679417,0.449455123695447,0.741424756334832
"GO:0032879","regulation of localization",0.207815340456068,273,1.01129041944803,0.42831221094752,0.820784247218646,126068,203,888,1.048495216528,0.220179402932024,0.616159221484306
"GO:0021695","cerebellar cortex development",0.00627624514963058,9,1.10390947156048,0.428843843457981,0.821378760572592,153002,9,28,1.47423887587822,0.13705193720684,0.564396324603374
"GO:0009612","response to mechanical stimulus",0.0258903417849359,35,1.0406893485278,0.42909383746826,0.82143350722768,123940,24,107,1.02875236198356,0.475339965576236,0.756871790681474
"GO:0010608","post-transcriptional regulation of gene expression",0.0532755275607293,71,1.02593876201551,0.429401775330716,0.8215990647122,142741,50,231,0.992753451769845,0.550080685095047,0.788457974921475
"GO:0048667","cell morphogenesis involved in neuron differentiation",0.0876311593047361,116,1.01903776958381,0.429875521309027,0.822081538173449,165660,83,334,1.13976418747205,0.0960782394698546,0.521003496228806
"GO:0002526","acute inflammatory response",0.00554058363897305,8,1.11154057534101,0.430726553742882,0.822709159124335,210398,8,36,1.01922687715037,0.541047926978345,0.788457974921475
"GO:0050886","endocrine process",0.00703489608249615,10,1.09429184410992,0.430874949088404,0.822709159124335,214520,9,41,1.00679728108756,0.552176446804538,0.788457974921475
"GO:0045321","leukocyte activation",0.0952951416573646,126,1.01786606162919,0.430881503998727,0.822709159124335,158354,100,401,1.14377080976975,0.0683590663515818,0.479523898061771
"GO:2001237","negative regulation of extrinsic apoptotic signaling pathway",0.0085366501886993,12,1.08214288795769,0.431414529608971,0.822709159124335,197961,9,37,1.11564023039433,0.417289323932718,0.731786363378155
"GO:0039531","regulation of cytoplasmic pattern recognition receptor signaling pathway",0.00778756710785095,11,1.08738097928209,0.431532187137869,0.822709159124335,90962,10,42,1.09202879694683,0.435332898277466,0.741424756334832
"GO:0030036","actin cytoskeleton organization",0.0945440652740127,125,1.01780970927748,0.431534238182198,0.822709159124335,147282,89,366,1.1153015417998,0.129977699133005,0.554477376521119
"GO:0043242","negative regulation of protein-containing complex disassembly",0.00779062350502312,11,1.08695438080149,0.432030527668074,0.823232284359813,114620,7,38,0.84488543763781,0.752746516603065,0.873040703943482
"GO:0048729","tissue morphogenesis",0.0754589911231595,100,1.02018716294149,0.432575193746586,0.823599202883617,152067,77,292,1.20945929086508,0.033784632493308,0.437104268694792
"GO:1903046","meiotic cell cycle process",0.0145702439802264,20,1.05670562794745,0.432667074506784,0.823599202883617,82902,15,76,0.905234397469083,0.712314493458289,0.859410331944797
"GO:0007399","nervous system development",0.360755328762026,472,1.0072101478541,0.432926920726839,0.8236712184085,145300,335,1294,1.18739143532008,6.80936014880729e-05,0.25262726152075
"GO:0008645","hexose transmembrane transport",0.00930593206825068,13,1.07541062582552,0.434190973776864,0.825652748699214,199400,7,49,0.655217278168098,0.933073416723219,0.956920616595062
"GO:1903131","mononuclear cell differentiation",0.0655650348163504,87,1.0214986696881,0.434452876316931,0.82572754668843,146224,55,219,1.15186599130008,0.131765316558733,0.554477376521119
"GO:0060415","muscle tissue morphogenesis",0.0108164567054696,15,1.06757179594823,0.434951950311191,0.826205789607247,163913,10,35,1.3104345563362,0.216874228835467,0.616159221484306
"GO:1904862","inhibitory synapse assembly",0.00407351299633232,6,1.13389539900832,0.435149895658372,0.826205789607247,413710,4,15,1.22307225258045,0.419938859200025,0.731786363378155
"GO:1902110","positive regulation of mitochondrial membrane permeability involved in apoptotic process",0.00333306755966619,5,1.15482648782663,0.435393635223757,0.826245722087027,23681,3,18,0.764420157862781,0.786239957927728,0.888514060872553
"GO:0046889","positive regulation of lipid biosynthetic process",0.0183866209535959,25,1.0467161729533,0.436514080215945,0.82744402701798,124784,13,38,1.56907295561308,0.0535704962225882,0.468665754590752
"GO:0008217","regulation of blood pressure",0.0183867538404295,25,1.04670860800741,0.436528214488066,0.82744402701798,109242,18,69,1.19648372535044,0.231993351061209,0.639922180250621
"GO:0016125","sterol metabolic process",0.0236975761441556,32,1.03952969507524,0.436745949975995,0.82744402701798,94453,17,70,1.11386937288577,0.350845011345971,0.706445403811136
"GO:0017015","regulation of transforming growth factor beta receptor signaling pathway",0.0214252112900654,29,1.04199043728158,0.437150577306939,0.82744402701798,74615,22,79,1.27725899794794,0.122238167882981,0.547048978101158
"GO:1903844","regulation of cellular response to transforming growth factor beta stimulus",0.0214252112900654,29,1.04199043728158,0.437150577306939,0.82744402701798,74615,22,79,1.27725899794794,0.122238167882981,0.547048978101158
"GO:0034109","homotypic cell-cell adhesion",0.00932719396162228,13,1.07295916334376,0.437363271423789,0.82744402701798,57306,11,45,1.12114956486541,0.389474899519421,0.717453762272618
"GO:0044090","positive regulation of vacuole organization",0.00334423005368628,5,1.15097186551965,0.438193568366315,0.828592323465355,51355,3,14,0.982825917252147,0.617328601262156,0.814840345306899
"GO:0007286","spermatid development",0.0244754956678892,33,1.03794249516299,0.438476804003052,0.828705523612493,132205,21,76,1.26732815645672,0.137067678832248,0.564396324603374
"GO:0071345","cellular response to cytokine stimulus",0.0740486631584543,98,1.01882525589259,0.438952112563328,0.828857739169426,158655,68,307,1.01590691989581,0.463429547541261,0.754978406316201
"GO:0062014","negative regulation of small molecule metabolic process",0.011600356136714,16,1.06179214727689,0.439004166433402,0.828857739169426,172356,7,40,0.80264116575592,0.800334182984382,0.896603180557721
"GO:0045807","positive regulation of endocytosis",0.0146324350183384,20,1.05221439870922,0.440082477526799,0.830471002860847,111455,17,66,1.18137660760612,0.258446941217678,0.640269346339134
"GO:0098868","bone growth",0.00409916015521182,6,1.12680097128411,0.440954921140245,0.831694335246726,112171,4,20,0.917304189435337,0.663704404401251,0.835308084274144
"GO:0048699","generation of neurons",0.215096741614841,282,1.00926712164145,0.441424653718809,0.832157248626414,152004,208,812,1.17487236085314,0.00346016823579087,0.291755094426912
"GO:0048598","embryonic morphogenesis",0.0901835167171637,119,1.01580569577276,0.442785933564718,0.83402359188436,146259,80,296,1.2396002559937,0.017477197854198,0.386281270938799
"GO:0032102","negative regulation of response to external stimulus",0.0389963057460267,52,1.02652782492628,0.443292086012873,0.83402359188436,161719,37,156,1.08782868618934,0.308316753161356,0.668216294192446
"GO:2000036","regulation of stem cell population maintenance",0.00785985754531441,11,1.07737987605235,0.44331161517085,0.83402359188436,56669,10,41,1.11866364565285,0.40275592253494,0.722895245575533
"GO:1901524","regulation of mitophagy",0.00710745229362675,10,1.08312079901533,0.443313887653897,0.83402359188436,275809,7,28,1.14663023679417,0.411900840773705,0.729974447948049
"GO:0007265","Ras protein signal transduction",0.0161776431191198,22,1.04688331737914,0.443602325561979,0.834143247762262,203666,12,50,1.1007650273224,0.406688876391565,0.726789851354867
"GO:0016331","morphogenesis of embryonic epithelium",0.0207376548131611,28,1.03941562025528,0.444275470049354,0.834985812504106,84121,18,78,1.05842791088693,0.436062790093617,0.741424756334832
"GO:0007292","female gamete generation",0.010134614362409,14,1.06343673125902,0.445165802770195,0.835255209166478,66863,13,58,1.0280133157465,0.506620851104774,0.774119999011001
"GO:0072574","hepatocyte proliferation",0.00411935895391485,6,1.12127583345272,0.445518586293512,0.835255209166478,257547,6,13,2.11685582177385,0.0442580058862119,0.442114843387871
"GO:0072575","epithelial cell proliferation involved in liver morphogenesis",0.00411935895391485,6,1.12127583345272,0.445518586293512,0.835255209166478,257547,6,13,2.11685582177385,0.0442580058862119,0.442114843387871
"GO:0072576","liver morphogenesis",0.00411935895391485,6,1.12127583345272,0.445518586293512,0.835255209166478,257547,6,13,2.11685582177385,0.0442580058862119,0.442114843387871
"GO:1902108","regulation of mitochondrial membrane permeability involved in apoptotic process",0.00337359804390581,5,1.14095237592734,0.445544490280447,0.835255209166478,23681,3,19,0.724187517975266,0.81724972224041,0.903186317995806
"GO:0034644","cellular response to UV",0.00637179078296922,9,1.08735623979231,0.446174089238703,0.835520350912727,113835,9,36,1.14663023679417,0.382786797926292,0.717450621306231
"GO:0043388","positive regulation of DNA binding",0.00787753149417956,11,1.07496267761249,0.446188542891623,0.835520350912727,130127,7,17,1.88856744883746,0.0571042645505002,0.47608274490417
"GO:0019226","transmission of nerve impulse",0.00787859458884814,11,1.07481762800007,0.446361545959306,0.835520350912727,77780,5,31,0.739761443093014,0.837668102919736,0.914312639550521
"GO:0051092","positive regulation of NF-kappaB transcription factor activity",0.00863538510604369,12,1.06976992632538,0.446775292029776,0.835873087962919,110145,10,44,1.04239112435834,0.499831132082436,0.772977699052037
"GO:0000289","nuclear-transcribed mRNA poly(A) tail shortening",0.00338010949875086,5,1.13875444125128,0.44717111887696,0.836191961206412,372377,2,15,0.611536126290225,0.870723125178951,0.927836029273419
"GO:0045143","homologous chromosome segregation",0.00562749162812949,8,1.09437453358524,0.447519663828605,0.836422142470591,87936,4,21,0.873623037557464,0.703122337618131,0.854160883857257
"GO:0038034","signal transduction in absence of ligand",0.007896667198214,11,1.07235775997692,0.449301757285617,0.839330070256616,229387,5,32,0.716643897996357,0.857926828780124,0.922020255158991
"GO:0006396","RNA processing",0.079600542178281,105,1.01546304288913,0.449544022860389,0.839360002421763,119804,71,345,0.943892716665347,0.733373444853408,0.868160651054927
"GO:0022408","negative regulation of cell-cell adhesion",0.0291751714240153,39,1.02906318019124,0.450346638507081,0.840284032383888,109056,30,95,1.44837503595053,0.0167515009086546,0.386281270938799
"GO:1905330","regulation of morphogenesis of an epithelium",0.00865930473608675,12,1.06681489683412,0.450491897685055,0.840284032383888,129201,10,38,1.20697919662544,0.306354214410659,0.668216294192446
"GO:0015749","monosaccharide transmembrane transport",0.00941955031095519,13,1.06243906545815,0.451131336828866,0.841053899314116,199400,7,51,0.629522482945819,0.948809741087031,0.969186161738129
"GO:0010803","regulation of tumor necrosis factor-mediated signaling pathway",0.00489701270398129,7,1.10041793044244,0.451654685351055,0.84160667134727,211146,6,18,1.52884031572556,0.180687224901036,0.593229738391896
"GO:0001763","morphogenesis of a branching structure",0.0284379152713549,38,1.02867145739633,0.452495564496313,0.842750273233595,130238,30,117,1.17603101209659,0.182819769624631,0.597284770758932
"GO:0019748","secondary metabolic process",0.00490405570616063,7,1.09883755567782,0.453112244284762,0.843456325497887,216768,5,20,1.14663023679417,0.449455123695447,0.741424756334832
"GO:0010648","negative regulation of cell communication",0.158636182427045,208,1.00937358186966,0.453329356615306,0.843456325497887,120523,153,675,1.03961141469338,0.299421717874037,0.668216294192446
"GO:0033993","response to lipid",0.0934784457555945,123,1.01294176367219,0.454262683015613,0.844769199993948,111816,87,405,0.985252647912029,0.584334685175601,0.806068435716566
"GO:0086001","cardiac muscle cell action potential",0.0139937808961888,19,1.0452240164581,0.454519241102981,0.844822837921873,95038,12,35,1.57252146760343,0.0613305236920596,0.479523898061771
"GO:0038179","neurotrophin signaling pathway",0.00341758358581832,5,1.12626790448975,0.456508154067652,0.848094767947416,226359,4,22,0.83391289948667,0.739079711540251,0.870836413296154
"GO:0030225","macrophage differentiation",0.0140127837133897,19,1.04380658211208,0.456843819866217,0.848293579431265,131387,9,33,1.25086934923,0.281551106967047,0.668216294192446
"GO:0050654","chondroitin sulfate proteoglycan metabolic process",0.00492398873119651,7,1.09438930087803,0.45723318688373,0.848591857598118,142506,4,12,1.52884031572556,0.255224673077277,0.640269346339134
"GO:0006913","nucleocytoplasmic transport",0.0277471695104449,37,1.0265352938451,0.458757075382918,0.850161046115923,80325,26,131,0.910301867378579,0.739615708989217,0.870836413296154
"GO:0051169","nuclear transport",0.0277471695104449,37,1.0265352938451,0.458757075382918,0.850161046115923,80325,26,131,0.910301867378579,0.739615708989217,0.870836413296154
"GO:1903902","positive regulation of viral life cycle",0.00342728432466911,5,1.12308006543629,0.458918080454471,0.850161046115923,85294,3,11,1.25086934923,0.442336217723005,0.741424756334832
"GO:0060412","ventricular septum morphogenesis",0.0064444798809334,9,1.07509164347166,0.459312974773298,0.850161046115923,241118,7,25,1.28422586520947,0.293926480419984,0.668216294192446
"GO:0046148","pigment biosynthetic process",0.00342887896667198,5,1.12255776334796,0.45931394102391,0.850161046115923,299965,3,20,0.687978142076503,0.844345954800262,0.916210439400109
"GO:0006633","fatty acid biosynthetic process",0.0208916706532717,28,1.0317529267046,0.459749254239031,0.850161046115923,72585,13,59,1.01058936124232,0.53412719815686,0.787604095851332
"GO:0001775","cell activation",0.112772683782491,148,1.01029603451529,0.460303660719924,0.850161046115923,143992,118,471,1.14906469589564,0.0455329767267876,0.442114843387871
"GO:0006941","striated muscle contraction",0.0247148248551534,33,1.02789144542867,0.460614521816912,0.850161046115923,80117,19,75,1.16191863995143,0.267690619640313,0.652517870476717
"GO:0032729","positive regulation of type II interferon production",0.00872455217137086,12,1.05883661501815,0.46061644033564,0.850161046115923,111078,8,28,1.3104345563362,0.253145395787625,0.640269346339134
"GO:1900180","regulation of protein localization to nucleus",0.0148071812044863,20,1.03979674469087,0.46091142853095,0.850161046115923,101058,17,61,1.27821075577055,0.159191852527309,0.590868505944047
"GO:0009896","positive regulation of catabolic process",0.0629620475203317,83,1.01482252557667,0.461008206552263,0.850161046115923,144092,57,232,1.12686074995289,0.169265439172882,0.593229738391896
"GO:0060078","regulation of postsynaptic membrane potential",0.0209068197522989,28,1.03100531767351,0.461270904961439,0.850161046115923,155039,21,70,1.37595628415301,0.0675404630039231,0.479523898061771
"GO:0030148","sphingolipid biosynthetic process",0.0087292032105459,12,1.05827245234974,0.461337277726471,0.850161046115923,108508,10,46,0.997069771125366,0.562182204027652,0.794225930685381
"GO:0007409","axonogenesis",0.0698620634667517,92,1.0137649395409,0.461346579347359,0.850161046115923,173001,69,263,1.20330777701594,0.0470893877807996,0.446247940790258
"GO:0106056","regulation of calcineurin-mediated signaling",0.00419045340987615,6,1.10225247546144,0.46151599646293,0.850161046115923,155006,4,12,1.52884031572556,0.255224673077277,0.640269346339134
"GO:0031175","neuron projection development",0.142735475469091,187,1.00855718903948,0.461935872573531,0.85051220210809,156056,140,548,1.17173892811083,0.016920668272448,0.386281270938799
"GO:0098655","monoatomic cation transmembrane transport",0.100551879019827,132,1.01058905279615,0.462684453105067,0.850693764198123,128051,81,375,0.990688524590164,0.560076305780288,0.794225930685381
"GO:0072583","clathrin-dependent endocytosis",0.00646348269813427,9,1.07193084442117,0.46273940384737,0.850693764198123,60232,7,21,1.52884031572556,0.154106991659078,0.587040640423195
"GO:0042698","ovulation cycle",0.005707223728273,8,1.07908570243708,0.462857241518162,0.850693764198123,78946,5,30,0.764420157862781,0.815096932472051,0.903186317995806
"GO:0034643","establishment of mitochondrion localization, microtubule-mediated",0.00344469249986711,5,1.11740444285423,0.463234999993869,0.850693764198123,235898,4,14,1.3104345563362,0.364900064093148,0.710658612643248
"GO:0047497","mitochondrion transport along microtubule",0.00344469249986711,5,1.11740444285423,0.463234999993869,0.850693764198123,235898,4,14,1.3104345563362,0.364900064093148,0.710658612643248
"GO:0008203","cholesterol metabolic process",0.0224545527029182,30,1.02850805033883,0.46341026885294,0.850693764198123,83469,16,64,1.14663023679417,0.311520476984784,0.668444748185974
"GO:0035909","aorta morphogenesis",0.00722930952001276,10,1.064863717057,0.464134287950945,0.850921340282627,244877,6,19,1.44837503595053,0.218322033449073,0.616159221484306
"GO:0014904","myotube cell development",0.00647132302131505,9,1.07063214796914,0.464151968243014,0.850921340282627,122534,5,22,1.04239112435834,0.541314154968593,0.788457974921475
"GO:0034219","carbohydrate transmembrane transport",0.0102690958379844,14,1.04951023343904,0.464423075377639,0.850921340282627,204010,8,58,0.632623578920922,0.956223039494313,0.973809353973072
"GO:0009968","negative regulation of signal transduction",0.148938632860256,195,1.00790151324913,0.464451674952108,0.850921340282627,122184,142,624,1.04372752323572,0.288745710431974,0.668216294192446
"GO:0000096","sulfur amino acid metabolic process",0.0049607983840961,7,1.0862688155885,0.464825672213214,0.851186201338117,235505,2,16,0.573315118397086,0.893512307886719,0.93854209010751
"GO:0055080","monoatomic cation homeostasis",0.0530747355552012,70,1.01531557881448,0.465272828607674,0.851584703569053,98815,48,246,0.89493091652228,0.832073861690972,0.912501929315255
"GO:0009880","embryonic pattern specification",0.0133220379524797,18,1.0401421300895,0.465544649935605,0.851604866248892,135024,15,45,1.52884031572556,0.0495984752880309,0.460025858296486
"GO:0002335","mature B cell differentiation",0.00420932334024345,6,1.09731119968433,0.465742930894609,0.851604866248892,167080,6,21,1.3104345563362,0.299941317186444,0.668216294192446
"GO:1900151","regulation of nuclear-transcribed mRNA catabolic process, deadenylation-dependent decay",0.00421703077659066,6,1.09530565201994,0.467466913013958,0.85433608240482,344381,3,12,1.14663023679417,0.504706732604915,0.774119999011001
"GO:0000578","embryonic axis specification",0.00421835964492638,6,1.09496060865678,0.467764000650363,0.854348593511106,139039,6,23,1.19648372535044,0.386010953427164,0.717450621306231
"GO:1902414","protein localization to cell junction",0.0225011959815022,30,1.02637603088719,0.467934323993145,0.854348593511106,97107,21,75,1.28422586520947,0.123315154176715,0.551203881922424
"GO:0060544","regulation of necroptotic process",0.00422367511826928,6,1.0935826063806,0.468951902983688,0.855414780227867,127872,5,14,1.63804319542024,0.171372945805701,0.593229738391896
"GO:0040007","growth",0.116809785786424,153,1.00833084435298,0.46931683006582,0.855414780227867,179708,111,453,1.12384950361283,0.0855148144040204,0.503981106904705
"GO:0006810","transport",0.395825891670653,516,1.00354384534276,0.469323795242182,0.855414780227867,128487,394,1820,0.992906183070117,0.584319898704978,0.806068435716566
"GO:0150117","positive regulation of cell-substrate junction organization",0.00346994099824589,5,1.10927381922746,0.469477762439839,0.855414780227867,196355,4,17,1.07918139933569,0.525531603716431,0.78428087280288
"GO:0006575","cellular modified amino acid metabolic process",0.0141188274065806,19,1.03596675931684,0.469802702959716,0.855414780227867,121831,16,65,1.12898977161272,0.335891355824688,0.696648590073105
"GO:0019228","neuronal action potential",0.0042279274969436,6,1.09248269930855,0.469901704071265,0.855414780227867,45126,4,16,1.14663023679417,0.473743862507848,0.754978406316201
"GO:0050727","regulation of inflammatory response",0.0301926859086802,40,1.01988003724083,0.471803280223987,0.858455208254532,155334,34,142,1.09818107185921,0.296529791406698,0.668216294192446
"GO:1904659","D-glucose transmembrane transport",0.0088002976665072,12,1.04972304787391,0.472338530098039,0.859007816992023,170897,6,47,0.585513312405534,0.961173378082507,0.976461175677138
"GO:0050850","positive regulation of calcium-mediated signaling",0.0065223515654069,9,1.06225590525654,0.473328056314246,0.859776039179426,186498,7,23,1.39589767957551,0.220046587003463,0.616159221484306
"GO:0090398","cellular senescence",0.010332615744432,14,1.04305835392539,0.473492442153388,0.859776039179426,166242,13,44,1.35510846166584,0.144072244862151,0.573054468381347
"GO:0045123","cellular extravasation",0.00500398660500718,7,1.07689348721942,0.473702004038376,0.859776039179426,90795,7,34,0.944283724418729,0.63487232966514,0.819546396331826
"GO:0048871","multicellular organismal-level homeostasis",0.092341466007548,121,1.0087404917304,0.473868286163217,0.859776039179426,166030,81,363,1.02343855846091,0.425742389826407,0.737396949699333
"GO:1904950","negative regulation of establishment of protein localization",0.0172108382501462,23,1.02876614022523,0.474096148829946,0.859776039179426,155333,9,57,0.724187517975266,0.90106433833965,0.943269947866846
"GO:0045860","positive regulation of protein kinase activity",0.028689071386807,38,1.01966603774253,0.474151422145851,0.859776039179426,178083,28,111,1.15696023892745,0.219848398764338,0.616159221484306
"GO:0045747","positive regulation of Notch signaling pathway",0.00576808589804922,8,1.0676996900951,0.474507043979312,0.860000553572667,71519,5,29,0.790779473651153,0.790074476121275,0.889313199760295
"GO:0036465","synaptic vesicle recycling",0.0126367405517461,17,1.03563018792005,0.475412509020738,0.86051652437515,74231,12,41,1.34239637478342,0.164837979421048,0.590868505944047
"GO:0030500","regulation of bone mineralization",0.00805852336150534,11,1.05081935834683,0.475540441105649,0.86051652437515,149545,7,31,1.03566602033022,0.528442811964507,0.784760956846717
"GO:0035296","regulation of tube diameter",0.0134048264497954,18,1.03371818985668,0.475930927466589,0.86051652437515,127863,12,62,0.887713731711616,0.727351767945693,0.864950897800897
"GO:0097746","blood vessel diameter maintenance",0.0134048264497954,18,1.03371818985668,0.475930927466589,0.86051652437515,127863,12,62,0.887713731711616,0.727351767945693,0.864950897800897
"GO:0016079","synaptic vesicle exocytosis",0.011877026524212,16,1.03705814131752,0.47595145768674,0.86051652437515,87423,14,50,1.28422586520947,0.184020317997414,0.597284770758932
"GO:0051310","metaphase chromosome alignment",0.00959004411842875,13,1.04355080183374,0.476455165871128,0.86100763048314,185364,10,40,1.14663023679417,0.370246557444554,0.714045860789383
"GO:0034340","response to type I interferon",0.00806848987402328,11,1.04952134540357,0.47714925007855,0.861842121612181,96128,11,35,1.44147801196982,0.121589390132109,0.547048978101158
"GO:0043491","phosphatidylinositol 3-kinase/protein kinase B signal transduction",0.0394619412108648,52,1.01441519827229,0.477696124781325,0.862321408402929,126888,32,137,1.07130416284419,0.360589182340617,0.710658612643248
"GO:0035850","epithelial cell differentiation involved in kidney development",0.00578642428108223,8,1.06431592752774,0.478005877865024,0.862321408402929,173356,7,31,1.03566602033022,0.528442811964507,0.784760956846717
"GO:0051438","regulation of ubiquitin-protein transferase activity",0.00350555466964333,5,1.09800447186002,0.47824407726234,0.862321408402929,199374,5,18,1.27403359643797,0.353413118456461,0.706445403811136
"GO:0023057","negative regulation of signaling",0.158505554669643,207,1.00534867097822,0.478344328434833,0.862321408402929,120792,153,675,1.03961141469338,0.299421717874037,0.668216294192446
"GO:0048583","regulation of response to stimulus",0.403085499388721,525,1.0026583553435,0.47915619567193,0.862576173629184,136442,401,1773,1.0373349688764,0.179687009887203,0.593229738391896
"GO:0055023","positive regulation of cardiac muscle tissue growth",0.00503322170839313,7,1.0706384294734,0.479689241153558,0.862576173629184,301291,5,17,1.34897674916961,0.305433703579954,0.668216294192446
"GO:0061041","regulation of wound healing",0.0126699622601393,17,1.03291467832343,0.479696828910194,0.862576173629184,164916,11,44,1.14663023679417,0.358714955248068,0.710658612643248
"GO:0002274","myeloid leukocyte activation",0.0218580237070111,29,1.02135790409197,0.479848820060677,0.862576173629184,192776,25,91,1.26003322724634,0.118550315016382,0.547048978101158
"GO:0030858","positive regulation of epithelial cell differentiation",0.00808523361505342,11,1.04734788765952,0.479849904639257,0.862576173629184,147833,6,32,0.859972677595628,0.728270983273641,0.864950897800897
"GO:0008202","steroid metabolic process",0.037192234093446,49,1.01422581931171,0.480019849318621,0.862576173629184,110642,30,136,1.01173256187721,0.505098933492756,0.774119999011001
"GO:0007229","integrin-mediated signaling pathway",0.00961622282464253,13,1.04070989326095,0.4803279892988,0.862576173629184,160172,13,54,1.10416245024624,0.393989108407927,0.72147067729191
"GO:0007338","single fertilization",0.0149706320097805,20,1.02844414346796,0.480345653562774,0.862576173629184,136337,11,61,0.827077547851533,0.806441006364705,0.899676192863757
"GO:0032366","intracellular sterol transport",0.00885424972093765,12,1.04332671653012,0.480662313999087,0.862721300413911,151368,4,19,0.965583357300355,0.62085454826009,0.814840345306899
"GO:0035137","hindlimb morphogenesis",0.00656474246531654,9,1.05539653735352,0.480925533102436,0.862721300413911,110415,7,21,1.52884031572556,0.154106991659078,0.587040640423195
"GO:0032735","positive regulation of interleukin-12 production",0.00504026471057248,7,1.06914237535222,0.481128884066764,0.862721300413911,165743,5,20,1.14663023679417,0.449455123695447,0.741424756334832
"GO:2000178","negative regulation of neural precursor cell proliferation",0.00428028490937118,6,1.07911920401121,0.481556378926728,0.862721300413911,130486,5,17,1.34897674916961,0.305433703579954,0.668216294192446
"GO:0045776","negative regulation of blood pressure",0.00351977356083559,5,1.09356884387312,0.481730552800761,0.862721300413911,97598,2,16,0.573315118397086,0.893512307886719,0.93854209010751
"GO:0014002","astrocyte development",0.00428148089087333,6,1.07881776471029,0.481821707400977,0.862721300413911,195316,6,21,1.3104345563362,0.299941317186444,0.668216294192446
"GO:0002752","cell surface pattern recognition receptor signaling pathway",0.00887524584064211,12,1.04085852432176,0.483894997759092,0.866015649631563,44419,10,28,1.63804319542024,0.0652383885149981,0.479523898061771
"GO:0045662","negative regulation of myoblast differentiation",0.00429596555573274,6,1.07518032545165,0.485031807822706,0.866615286281846,97112,5,15,1.52884031572556,0.213543377549239,0.616159221484306
"GO:0032309","icosanoid secretion",0.00353372667836071,5,1.08925082610061,0.485144057379753,0.866615286281846,32997,3,14,0.982825917252147,0.617328601262156,0.814840345306899
"GO:0046907","intracellular transport",0.127160208366555,166,1.00495752406878,0.485280540979128,0.866615286281846,115277,120,550,1.000695479384,0.514383738089139,0.778288608609586
"GO:0010464","regulation of mesenchymal cell proliferation",0.00735409025673736,10,1.04679561148759,0.485313867818162,0.866615286281846,192600,6,26,1.05842791088693,0.513803584254512,0.777727987590469
"GO:0009607","response to biotic stimulus",0.122550496996758,160,1.00506871480938,0.485397995928215,0.866615286281846,101887,136,579,1.07731752817967,0.165885709578856,0.593229738391896
"GO:0048706","embryonic skeletal system development",0.0127166055387232,17,1.02912604723412,0.485703356309671,0.866743363111534,141612,14,54,1.1890980233421,0.277164545471591,0.665553698187444
"GO:0031114","regulation of microtubule depolymerization",0.00353824483070217,5,1.08785991015051,0.486247692979913,0.867297567767057,204276,4,16,1.14663023679417,0.473743862507848,0.754978406316201
"GO:0062098","regulation of programmed necrotic cell death",0.00430460319991495,6,1.07302286176646,0.486943120792326,0.86779977888382,127872,5,15,1.52884031572556,0.213543377549239,0.616159221484306
"GO:0046466","membrane lipid catabolic process",0.00354249720937649,5,1.08655405385503,0.487285643588443,0.86779977888382,24172,5,21,1.09202879694683,0.496178188229511,0.769895892233997
"GO:0097250","mitochondrial respirasome assembly",0.00813174400680381,11,1.04135746782914,0.487336745149118,0.86779977888382,225404,9,39,1.05842791088693,0.485822510557555,0.766979367731289
"GO:0046888","negative regulation of hormone secretion",0.00813254132780524,11,1.04125537229151,0.487464889270588,0.86779977888382,154658,5,32,0.716643897996357,0.857926828780124,0.922020255158991
"GO:0060443","mammary gland morphogenesis",0.00507707436347207,7,1.06139091123736,0.488634856246002,0.869249676969917,153176,6,29,0.948935368381383,0.630042193238743,0.817578361985218
"GO:0035150","regulation of tube size",0.0135072821984798,18,1.02587720678442,0.488747931579312,0.869249676969917,127863,12,63,0.873623037557464,0.748347181697662,0.873040703943482
"GO:0001570","vasculogenesis",0.0181131398501037,24,1.02001920872164,0.489003440786959,0.869287381561867,152925,16,47,1.56136883308142,0.0360222438213483,0.442114843387871
"GO:0006400","tRNA modification",0.00737734545261256,10,1.04349585588542,0.489240951690004,0.869293070292105,66239,6,34,0.809386049501768,0.782652865835245,0.888514060872553
"GO:0045185","maintenance of protein location",0.0119853292935736,16,1.02768699548226,0.490333010124383,0.870570006360035,80114,8,43,0.853306222730546,0.750331373697291,0.873040703943482
"GO:0006952","defense response",0.14266105884229,186,1.0036871178202,0.490428925415761,0.870570006360035,119362,148,653,1.03951776444433,0.303635303890608,0.668216294192446
"GO:0006954","inflammatory response",0.0734634295434008,96,1.00598355901433,0.490949374624237,0.871077082666629,142219,75,308,1.11684763324108,0.150437883002457,0.587040640423195
"GO:0019233","sensory perception of pain",0.00969409450911604,13,1.03234997554401,0.491816545142389,0.872198557589992,184823,10,31,1.47952288618603,0.118422733117848,0.547048978101158
"GO:1902099","regulation of metaphase/anaphase transition of cell cycle",0.00893079253707543,12,1.03438471449576,0.492427434046621,0.872772736662661,127811,10,40,1.14663023679417,0.370246557444554,0.714045860789383
"GO:0001655","urogenital system development",0.00893198851857758,12,1.03424621174443,0.492610811474828,0.872772736662661,109793,8,36,1.01922687715037,0.541047926978345,0.788457974921475
"GO:0008643","carbohydrate transport",0.0104704193908468,14,1.02933041818292,0.493082526719657,0.872836603754372,204010,8,62,0.591809154474411,0.974538230558282,0.983471509854116
"GO:0032507","maintenance of protein location in cell",0.00816775633870196,11,1.03676603424555,0.493117391231581,0.872836603754372,101297,4,29,0.632623578920922,0.904678239991992,0.943439549157421
"GO:0001974","blood vessel remodeling",0.00740285972465848,10,1.03989940287454,0.493541257852035,0.873170274979042,92125,7,18,1.78364703501316,0.0764461470431306,0.481334270273792
"GO:0086003","cardiac muscle cell contraction",0.0120129697549567,16,1.02532240593513,0.493992386498846,0.873551836945052,84707,9,36,1.14663023679417,0.382786797926292,0.717450621306231
"GO:0002761","regulation of myeloid leukocyte differentiation",0.0243116462020943,32,1.01327297618514,0.494367237123277,0.873798213305078,93880,15,60,1.14663023679417,0.31986717433592,0.678118409592152
"GO:0071675","regulation of mononuclear cell migration",0.0158710731940679,21,1.01860041583317,0.495940066394989,0.87616078396448,64183,16,57,1.28744447640047,0.160803352647455,0.590868505944047
"GO:0072330","monocarboxylic acid biosynthetic process",0.0281890182320736,37,1.01044486800771,0.497305919308167,0.878008879198828,86589,18,86,0.959969500571864,0.620315958672375,0.814840345306899
"GO:0051703","biological process involved in intraspecies interaction between organisms",0.00665856056981874,9,1.0405261608518,0.497645197634959,0.878008879198828,138182,5,27,0.849355730958645,0.73223277367861,0.867087006175436
"GO:0030038","contractile actin filament bundle assembly",0.0135822303726147,18,1.02021630857951,0.498091346021672,0.878008879198828,95225,11,53,0.951919441866859,0.627076117367186,0.817159253752111
"GO:0043149","stress fiber assembly",0.0135822303726147,18,1.02021630857951,0.498091346021672,0.878008879198828,95225,11,53,0.951919441866859,0.627076117367186,0.817159253752111
"GO:1902895","positive regulation of miRNA transcription",0.00589273374794025,8,1.04511484638887,0.498169458413351,0.878008879198828,132059,7,28,1.14663023679417,0.411900840773705,0.729974447948049
"GO:1901890","positive regulation of cell junction assembly",0.0112822250571413,15,1.0234988269043,0.499093327596365,0.878877317255311,111061,12,58,0.948935368381383,0.632729461198008,0.819546396331826
"GO:0034614","cellular response to reactive oxygen species",0.0135931270929676,18,1.01939846793562,0.499447163709843,0.878877317255311,117796,13,58,1.0280133157465,0.506620851104774,0.774119999011001
"GO:0002758","innate immune response-activating signaling pathway",0.0235975123584755,31,1.01131470130839,0.499542535387628,0.878877317255311,76683,29,113,1.17707174750552,0.186349384269403,0.597284770758932
"GO:0021696","cerebellar cortex morphogenesis",0.00513288683357253,7,1.04984987197055,0.499953599490311,0.878877317255311,188225,7,23,1.39589767957551,0.220046587003463,0.616159221484306
"GO:0006397","mRNA processing",0.0482324722266518,63,1.00552269097229,0.500159480087678,0.878877317255311,116829,44,188,1.07344107274348,0.322176879170271,0.6810690722061
"GO:0046847","filopodium assembly",0.00975362781055653,13,1.02604881217384,0.500563519678611,0.878877317255311,118753,10,39,1.17603101209659,0.338033964080747,0.698696688528866
"GO:0030325","adrenal gland development",0.00359724658480838,5,1.07001691790423,0.500580574956198,0.878877317255311,196220,5,20,1.14663023679417,0.449455123695447,0.741424756334832
"GO:0060986","endocrine hormone secretion",0.00513780364641471,7,1.04884517897562,0.500946922509315,0.878877317255311,234970,6,27,1.01922687715037,0.55425832846232,0.788457974921475
"GO:0050771","negative regulation of axonogenesis",0.00821719024079094,11,1.0305289399196,0.501027082113652,0.878877317255311,131251,10,28,1.63804319542024,0.0652383885149981,0.479523898061771
"GO:1903578","regulation of ATP metabolic process",0.00975681709456227,13,1.02571341990051,0.501031139082206,0.878877317255311,123860,8,29,1.26524715784184,0.287739991824985,0.668216294192446
"GO:0006858","extracellular transport",0.00668061978419178,9,1.03709037339728,0.501555357871804,0.879381085871642,130338,7,18,1.78364703501316,0.0764461470431306,0.481334270273792
"GO:0060563","neuroepithelial cell differentiation",0.00745335672141604,10,1.03285401396618,0.502025080998675,0.87978887600618,173433,7,26,1.23483256270142,0.332743349773908,0.692655801326738
"GO:1901615","organic hydroxy compound metabolic process",0.0536593047360867,70,1.00425464168219,0.5026722959155,0.879791605461935,138627,44,213,0.947450336505982,0.685613002320894,0.847592215465018
"GO:1902532","negative regulation of intracellular signal transduction",0.0782955934725987,102,1.00289092235173,0.502688117528736,0.879791605461935,121818,73,296,1.13113523359425,0.127096999470562,0.554477376521119
"GO:0040036","regulation of fibroblast growth factor receptor signaling pathway",0.00514670706426407,7,1.04703075535075,0.502744013128167,0.879791605461935,88163,6,22,1.25086934923,0.342715901316634,0.702085032515025
"GO:0006811","monoatomic ion transport",0.134503534789773,175,1.00160203846835,0.503184770787345,0.879791605461935,140269,118,539,1.00409920550436,0.497304463869274,0.770612200733971
"GO:0035107","appendage morphogenesis",0.0205581247010046,27,1.01104646955091,0.503471946511006,0.879791605461935,136937,18,77,1.07217372791143,0.412209290687645,0.729974447948049
"GO:0035108","limb morphogenesis",0.0205581247010046,27,1.01104646955091,0.503471946511006,0.879791605461935,136937,18,77,1.07217372791143,0.412209290687645,0.729974447948049
"GO:0097479","synaptic vesicle localization",0.00900441184287461,12,1.02592767299885,0.503686622641819,0.879791605461935,86903,8,25,1.46768670309654,0.159225173432425,0.590868505944047
"GO:1901617","organic hydroxy compound biosynthetic process",0.0298170148301706,39,1.00691148524508,0.504889971159441,0.881478490824248,141390,21,107,0.900158316735611,0.743695119409887,0.873040703943482
"GO:0007566","embryo implantation",0.00593020783500771,8,1.03851057115287,0.505223112603254,0.881645224721576,112062,6,27,1.01922687715037,0.55425832846232,0.788457974921475
"GO:0061900","glial cell activation",0.00361771115717855,5,1.06396407462781,0.505515916307578,0.881741443112888,116956,5,22,1.04239112435834,0.541314154968593,0.788457974921475
"GO:0016043","cellular component organization",0.569497289108595,740,1.00030147119254,0.506709014460828,0.883053205377106,136205,621,2839,1.00325097153812,0.464804487997642,0.754978406316201
"GO:1904029","regulation of cyclin-dependent protein kinase activity",0.00593950991335778,8,1.03688412270154,0.506969257602769,0.883053205377106,152927,7,35,0.917304189435337,0.667120715284175,0.835308084274144
"GO:0042596","fear response",0.00671131664274704,9,1.03234683078175,0.506982028963136,0.883053205377106,88654,7,28,1.14663023679417,0.411900840773705,0.729974447948049
"GO:1901099","negative regulation of signal transduction in absence of ligand",0.00362701323552862,5,1.06123536189886,0.507752854760543,0.883540631779541,119458,3,14,0.982825917252147,0.617328601262156,0.814840345306899
"GO:2001240","negative regulation of extrinsic apoptotic signaling pathway in absence of ligand",0.00362701323552862,5,1.06123536189886,0.507752854760543,0.883540631779541,119458,3,14,0.982825917252147,0.617328601262156,0.814840345306899
"GO:0003044","regulation of systemic arterial blood pressure mediated by a chemical signal",0.00362794344336363,5,1.0609632602347,0.507976325494814,0.883540631779541,100854,5,20,1.14663023679417,0.449455123695447,0.741424756334832
"GO:1900542","regulation of purine nucleotide metabolic process",0.0098118322436613,13,1.01996222325065,0.509080939315484,0.884006355705343,123860,8,31,1.18361830894882,0.359800051899977,0.710658612643248
"GO:0090316","positive regulation of intracellular protein transport",0.00749588050815925,10,1.02699468045906,0.509139268412037,0.884006355705343,92776,9,33,1.25086934923,0.281551106967047,0.668216294192446
"GO:0045814","negative regulation of gene expression, epigenetic",0.0159872162866103,21,1.0112005408181,0.5092940227684,0.884006355705343,136134,16,68,1.07918139933569,0.411039727078995,0.729974447948049
"GO:0002833","positive regulation of response to biotic stimulus",0.0337240206240366,44,1.00439416075133,0.509306879033807,0.884006355705343,83684,41,153,1.22906770479898,0.0811792241015648,0.494540100848613
"GO:0051489","regulation of filopodium assembly",0.00595266570988146,8,1.03459253819105,0.50943546859785,0.884006355705343,98972,6,29,0.948935368381383,0.630042193238743,0.817578361985218
"GO:0045089","positive regulation of innate immune response",0.0314202944772232,41,1.00453356961848,0.510054456100328,0.884148386243706,86354,38,144,1.21033191661607,0.108384544938188,0.53758873962322
"GO:0046633","alpha-beta T cell proliferation",0.00518750332217084,7,1.03879655595293,0.510950814023796,0.884148386243706,62721,7,17,1.88856744883746,0.0571042645505002,0.47608274490417
"GO:0007186","G protein-coupled receptor signaling pathway",0.0923265826821879,120,1.00056506157959,0.511328932786203,0.884148386243706,130222,87,386,1.0337495399077,0.379865378622646,0.717450621306231
"GO:1902229","regulation of intrinsic apoptotic signaling pathway in response to DNA damage",0.00364402275022591,5,1.05628174340557,0.511832689004348,0.884148386243706,51014,3,17,0.809386049501768,0.750984683904892,0.873040703943482
"GO:0017121","plasma membrane phospholipid scrambling",0.00364495295806092,5,1.0560121757143,0.512055406089183,0.884148386243706,197209,4,10,1.83460837887067,0.15459264304406,0.587040640423195
"GO:0043933","protein-containing complex organization",0.17553898899697,228,0.999889719588267,0.512131726764564,0.884148386243706,129895,170,727,1.07250145944984,0.149612169651206,0.585009351115636
"GO:0034605","cellular response to heat",0.00519414766384947,7,1.03746772980107,0.512283007815979,0.884148386243706,220204,5,29,0.790779473651153,0.790074476121275,0.889313199760295
"GO:0098660","inorganic ion transmembrane transport",0.10621671184819,138,1.00017750475743,0.512365716968814,0.884148386243706,145848,89,402,1.01542379178787,0.453808665109435,0.743981505769334
"GO:0071103","DNA conformation change",0.00519467921118376,7,1.03736157055932,0.512389528593195,0.884148386243706,64260,7,35,0.917304189435337,0.667120715284175,0.835308084274144
"GO:0032435","negative regulation of proteasomal ubiquitin-dependent protein catabolic process",0.00364681337373093,5,1.05547345289026,0.512500715092127,0.884148386243706,137956,3,13,1.05842791088693,0.563236771868797,0.794225930685381
"GO:0070723","response to cholesterol",0.00596914367724446,8,1.03173652014221,0.512518835591977,0.884148386243706,139712,2,14,0.655217278168098,0.843516846725449,0.916210439400109
"GO:0035295","tube development",0.141666268006166,184,0.999866962592559,0.512856022905846,0.884148386243706,159025,132,533,1.13587385558597,0.0495411379271246,0.460025858296486
"GO:0099072","regulation of postsynaptic membrane neurotransmitter receptor levels",0.0144778876308935,19,1.01027416752,0.51336562805526,0.884148386243706,174144,15,59,1.16606464758729,0.294956117119069,0.668216294192446
"GO:0019953","sexual reproduction",0.0977653750066443,127,1.00002187344197,0.513533186393721,0.884148386243706,122527,94,412,1.04643924522963,0.3232443418757,0.682120130719874
"GO:0050920","regulation of chemotaxis",0.0299213309945251,39,1.00340104167543,0.513700916517761,0.884148386243706,142780,31,96,1.48106405585914,0.0108666422469053,0.347715106383732
"GO:0035924","cellular response to vascular endothelial growth factor stimulus",0.0129358688141179,17,1.01168233694663,0.513767032042625,0.884148386243706,139961,14,35,1.83460837887067,0.0113506131441004,0.347715106383732
"GO:0061384","heart trabecula morphogenesis",0.00597698400042524,8,1.03038313727306,0.51398368455653,0.884148386243706,110088,4,15,1.22307225258045,0.419938859200025,0.731786363378155
"GO:0048512","circadian behavior",0.00365359060224313,5,1.05351560222839,0.514121495021945,0.884148386243706,100734,5,21,1.09202879694683,0.496178188229511,0.769895892233997
"GO:0050794","regulation of cellular process",0.809778876308935,1052,1.00009244169553,0.514266132967463,0.884148386243706,133429,983,4453,1.01247475658538,0.255532570493657,0.640269346339134
"GO:0030010","establishment of cell polarity",0.0283847605379259,37,1.00347680470007,0.514287540671017,0.884148386243706,156630,30,99,1.38985483247778,0.02951148054676,0.412261734605892
"GO:1904377","positive regulation of protein localization to cell periphery",0.00752817200871738,10,1.02258946771169,0.514521931509478,0.884148386243706,82216,10,35,1.3104345563362,0.216874228835467,0.616159221484306
"GO:0001656","metanephros development",0.0160367830755329,21,1.00807510328309,0.514971457263485,0.884511160392376,155139,11,52,0.970225584979683,0.599641892352547,0.813546739063194
"GO:0098732","macromolecule deacylation",0.00753401902939457,10,1.02179585387309,0.515494678505207,0.884726194704384,150696,9,33,1.25086934923,0.281551106967047,0.668216294192446
"GO:0030029","actin filament-based process",0.110910141923138,144,0.999498346517548,0.515600050043343,0.884726194704384,137325,99,406,1.1183881127352,0.109687855646549,0.53758873962322
"GO:0009891","positive regulation of biosynthetic process",0.288086030936055,374,0.999402084492413,0.515960175055295,0.884726194704384,136405,283,1158,1.12088551645164,0.010690195751474,0.347715106383732
"GO:0030856","regulation of epithelial cell differentiation",0.0160462180407165,21,1.00748236837958,0.516050535132153,0.884726194704384,173893,15,79,0.870858407691776,0.768728737579516,0.883502943897388
"GO:0035904","aorta development",0.00909357890820178,12,1.01586794175742,0.517237627636285,0.8863005150349,247849,8,33,1.11188386598223,0.433367940649336,0.741424756334832
"GO:0032609","type II interferon production",0.0129666985595067,17,1.00927695143394,0.517685502986692,0.8863005150349,152353,12,44,1.25086934923,0.237158571643165,0.640269346339134
"GO:0032649","regulation of type II interferon production",0.0129666985595067,17,1.00927695143394,0.517685502986692,0.8863005150349,152353,12,44,1.25086934923,0.237158571643165,0.640269346339134
"GO:0008104","protein localization",0.238875378727476,310,0.99903603667998,0.518481342533826,0.886909964464676,122356,232,1075,0.989835218367433,0.588930053503245,0.810139283120952
"GO:0046649","lymphocyte activation",0.0816803540105246,106,0.999031317937123,0.518727147492255,0.886909964464676,167338,84,335,1.15005301362042,0.0799813252372676,0.492908167159905
"GO:0048639","positive regulation of developmental growth",0.0253482963907936,33,1.00220372415665,0.518948577695461,0.886909964464676,256834,28,93,1.38088802710696,0.0374972541074438,0.442114843387871
"GO:0002695","negative regulation of leukocyte activation",0.0222576144155637,29,1.00302147679289,0.518997717750084,0.886909964464676,133048,21,82,1.17459682793549,0.236595938765728,0.640269346339134
"GO:0007189","adenylate cyclase-activating G protein-coupled receptor signaling pathway",0.0160770477861054,21,1.00555039521423,0.519572775803562,0.887483885005164,160324,11,76,0.663838558143994,0.960454771983506,0.976461175677138
"GO:0060996","dendritic spine development",0.0199529580609153,26,1.00312928026554,0.520474969805226,0.888615802106483,157904,16,54,1.35896916953383,0.111167619867494,0.53758873962322
"GO:0051604","protein maturation",0.0547265188965077,71,0.99873753882902,0.52148068452163,0.889923339271042,111211,51,231,1.01260852080524,0.485578677114799,0.766979367731289
"GO:0045927","positive regulation of growth",0.0346587466113857,45,0.999517747164673,0.522186768565505,0.890718579943918,234205,38,129,1.35106818599003,0.0246679411132769,0.405821798307366
"GO:0006140","regulation of nucleotide metabolic process",0.00990644766916494,13,1.01022067280055,0.522845152342521,0.891431762495751,123860,8,32,1.14663023679417,0.396563859756661,0.722895245575533
"GO:0030512","negative regulation of transforming growth factor beta receptor signaling pathway",0.0137967097220007,18,1.00435634381209,0.52463176469592,0.893915249180832,83322,13,53,1.12499570402447,0.36586467658992,0.710658612643248
"GO:0034097","response to cytokine",0.0802560729282943,104,0.997576668207898,0.524965287723543,0.893915249180832,157095,73,342,0.97899423726286,0.604976586126954,0.814840345306899
"GO:0048730","epidermis morphogenesis",0.0044794822728964,6,1.03113202887066,0.525105940613422,0.893915249180832,150199,5,14,1.63804319542024,0.171372945805701,0.593229738391896
"GO:0021515","cell differentiation in spinal cord",0.00837001009939935,11,1.01171351616023,0.525265564208683,0.893915249180832,52736,9,31,1.33157059756742,0.218786731111825,0.616159221484306
"GO:0060603","mammary gland duct morphogenesis",0.00370329027799926,5,1.0393769903713,0.525937591159707,0.894345389297808,98184,5,20,1.14663023679417,0.449455123695447,0.741424756334832
"GO:0007622","rhythmic behavior",0.0037035560516664,5,1.03930240285854,0.526000441899681,0.894345389297808,100734,5,22,1.04239112435834,0.541314154968593,0.788457974921475
"GO:1904356","regulation of telomere maintenance via telomere lengthening",0.00370554935416999,5,1.03874333755307,0.526471705896905,0.894568048745288,75532,5,20,1.14663023679417,0.449455123695447,0.741424756334832
"GO:0048566","embryonic digestive tract development",0.0052660394408122,7,1.02330425847215,0.526613643789679,0.894568048745288,202424,6,18,1.52884031572556,0.180687224901036,0.593229738391896
"GO:1902652","secondary alcohol metabolic process",0.0231187210971137,30,0.998960458266539,0.527426140347204,0.895156204129991,83469,16,65,1.12898977161272,0.335891355824688,0.696648590073105
"GO:0006996","organelle organization",0.323109419018764,419,0.998286627306495,0.5274424426491,0.895156204129991,128622,313,1518,0.945705570794666,0.900954741611898,0.943269947866846
"GO:0031102","neuron projection regeneration",0.0115028172008717,15,1.00387095693213,0.52897093039955,0.897339804198597,89720,11,31,1.62747517480463,0.0569766401563983,0.47608274490417
"GO:0030183","B cell differentiation",0.0161648859830968,21,1.00008634592913,0.529574630279759,0.897953326479848,174693,17,64,1.21829462659381,0.216107903987756,0.616159221484306
"GO:0060041","retina development in camera-type eye",0.0270236007016425,35,0.997047107926278,0.530460334426719,0.899044239709058,117572,25,91,1.26003322724634,0.118550315016382,0.547048978101158
"GO:0002720","positive regulation of cytokine production involved in immune response",0.00996292457343326,13,1.00449402739567,0.531007963946042,0.899324310765007,116144,11,36,1.40143695608176,0.142334340385786,0.57273362563044
"GO:0046755","viral budding",0.00372521660553872,5,1.0332593003841,0.531110394848013,0.899324310765007,188425,2,11,0.83391289948667,0.728330621221025,0.864950897800897
"GO:0050954","sensory perception of mechanical stimulus",0.0270396800085048,35,0.996454207921565,0.531879889419275,0.899924224336522,156557,22,94,1.07344107274348,0.39201789903,0.720706841130475
"GO:0000302","response to reactive oxygen species",0.0208405092223462,27,0.997347002310824,0.531949817781669,0.899924224336522,107618,18,83,0.994667193363618,0.553711548508774,0.788457974921475
"GO:0035194","regulatory ncRNA-mediated post-transcriptional gene silencing",0.0068556317440068,9,1.01061531967051,0.532242820102667,0.899956811893539,243087,5,32,0.716643897996357,0.857926828780124,0.922020255158991
"GO:0043244","regulation of protein-containing complex disassembly",0.0123062509966513,16,1.0008870333402,0.53245423237367,0.899956811893539,143089,11,54,0.93429130405451,0.653515357017947,0.835308084274144
"GO:0034205","amyloid-beta formation",0.00373385424972094,5,1.03086902867348,0.533141207194021,0.900707595031794,88684,5,14,1.63804319542024,0.171372945805701,0.593229738391896
"GO:2000677","regulation of transcription regulatory region DNA binding",0.00451855100196673,6,1.02221655622154,0.533476847851057,0.900864408524088,88294,5,18,1.27403359643797,0.353413118456461,0.706445403811136
"GO:0098743","cell aggregation",0.00373890394939669,5,1.0294767546086,0.534326606416801,0.901473027556758,26368,3,15,0.917304189435337,0.666676036777689,0.835308084274144
"GO:0001508","action potential",0.0255173284430979,33,0.995564919757555,0.534337112998247,0.901473027556758,74507,22,80,1.26129326047359,0.135534007398626,0.563601479930246
"GO:1904888","cranial skeletal system development",0.00920865890607559,12,1.00317270765548,0.534566215801851,0.901473027556758,138893,5,36,0.637016798218984,0.918970959357346,0.949688651592131
"GO:2000772","regulation of cellular senescence",0.00452625843831393,6,1.02047589798306,0.53512093589488,0.901854557126105,188683,5,20,1.14663023679417,0.449455123695447,0.741424756334832
"GO:0021549","cerebellum development",0.0185451549460479,24,0.996257547112297,0.535278634714739,0.901854557126105,190620,20,54,1.69871146191729,0.00755416617892779,0.347715106383732
"GO:0099622","cardiac muscle cell membrane repolarization",0.00531308137989688,7,1.01424393864075,0.535903293676422,0.902497149132785,106321,6,18,1.52884031572556,0.180687224901036,0.593229738391896
"GO:0060993","kidney morphogenesis",0.0170132355286238,22,0.995466421858787,0.537625020243627,0.904069422970876,179540,15,57,1.20697919662544,0.24711340786626,0.640269346339134
"GO:0048854","brain morphogenesis",0.00688672726306278,9,1.00605210600883,0.53762613886162,0.904069422970876,86323,8,24,1.52884031572556,0.132220877457738,0.554477376521119
"GO:0060337","type I interferon-mediated signaling pathway",0.00767115824164142,10,1.00352895413472,0.538129689370827,0.904069422970876,105607,10,32,1.43328779599271,0.140275215998898,0.571102770811118
"GO:0071357","cellular response to type I interferon",0.00767115824164142,10,1.00352895413472,0.538129689370827,0.904069422970876,105607,10,32,1.43328779599271,0.140275215998898,0.571102770811118
"GO:0044770","cell cycle phase transition",0.058861292723117,76,0.993973132228176,0.538273063313414,0.904069422970876,174694,57,244,1.07144136880767,0.29798887607828,0.668216294192446
"GO:0051654","establishment of mitochondrion localization",0.00532929357359273,7,1.01115851672488,0.539087898890133,0.904069422970876,178685,5,18,1.27403359643797,0.353413118456461,0.706445403811136
"GO:0008033","tRNA processing",0.0100240525168766,13,0.998368495432176,0.53979397026615,0.904069422970876,53123,9,43,0.959969500571864,0.614823820858693,0.814840345306899
"GO:0051954","positive regulation of amine transport",0.00611691383617711,8,1.00681220803954,0.53986618673653,0.904069422970876,193989,8,25,1.46768670309654,0.159225173432425,0.590868505944047
"GO:0007187","G protein-coupled receptor signaling pathway, coupled to cyclic nucleotide second messenger",0.00454951363418912,6,1.01525965536864,0.540066560567472,0.904069422970876,186327,5,22,1.04239112435834,0.541314154968593,0.788457974921475
"GO:0010563","negative regulation of phosphorus metabolic process",0.0449646521022697,58,0.992996242035128,0.540466999393087,0.904069422970876,133601,37,140,1.21215196461098,0.110040259978016,0.53758873962322
"GO:0045936","negative regulation of phosphate metabolic process",0.0449646521022697,58,0.992996242035128,0.540466999393087,0.904069422970876,133601,37,140,1.21215196461098,0.110040259978016,0.53758873962322
"GO:0022029","telencephalon cell migration",0.0131495508425025,17,0.995242358393068,0.540753672780356,0.904069422970876,108094,12,36,1.52884031572556,0.074441775919207,0.479523898061771
"GO:1902683","regulation of receptor localization to synapse",0.00376760750544836,5,1.02163367549617,0.541038428234481,0.904069422970876,183046,3,11,1.25086934923,0.442336217723005,0.741424756334832
"GO:0048514","blood vessel morphogenesis",0.0906091532450965,117,0.99404178097801,0.541042098941595,0.904069422970876,177798,78,304,1.17680471670981,0.0577795975441309,0.479523898061771
"GO:0050795","regulation of behavior",0.00612408972519003,8,1.00563247799214,0.541179281919552,0.904069422970876,92225,8,29,1.26524715784184,0.287739991824985,0.668216294192446
"GO:1902533","positive regulation of intracellular signal transduction",0.124602269707117,161,0.994696916419215,0.541300601479046,0.904069422970876,121389,115,471,1.11985118667796,0.0879781872004937,0.506830861046322
"GO:0043647","inositol phosphate metabolic process",0.00534072184127997,7,1.00899480355149,0.541327431678026,0.904069422970876,74367,5,22,1.04239112435834,0.541314154968593,0.788457974921475
"GO:0002286","T cell activation involved in immune response",0.010035746558231,13,0.997205157716865,0.541468666015744,0.904069422970876,93910,11,48,1.05107771706132,0.482027826107924,0.763914239581546
"GO:0019395","fatty acid oxidation",0.0092574283739967,12,0.997887849138749,0.54184900588137,0.904069422970876,185695,5,42,0.546014398473415,0.967531324303314,0.979815957148538
"GO:1902686","mitochondrial outer membrane permeabilization involved in programmed cell death",0.00455801839153777,6,1.01336529332947,0.541869546960544,0.904069422970876,24552,4,20,0.917304189435337,0.663704404401251,0.835308084274144
"GO:0009123","nucleoside monophosphate metabolic process",0.0045588157125392,6,1.01318805926663,0.542038418709752,0.904069422970876,134118,6,25,1.1007650273224,0.472020453220527,0.754978406316201
"GO:0034198","cellular response to amino acid starvation",0.00455974592037421,6,1.01298136453242,0.542235401351381,0.904069422970876,140625,5,29,0.790779473651153,0.790074476121275,0.889313199760295
"GO:0010951","negative regulation of endopeptidase activity",0.00848004039759741,11,0.998586321635822,0.542484800269918,0.904069422970876,144605,9,36,1.14663023679417,0.382786797926292,0.717450621306231
"GO:0055123","digestive system development",0.0186151863073407,24,0.992509571074318,0.542685338263111,0.904069422970876,120412,19,72,1.21033191661607,0.208092071332342,0.616159221484306
"GO:0035725","sodium ion transmembrane transport",0.0178451071067879,23,0.992200692923197,0.543532528831432,0.904689018890583,61411,12,76,0.724187517975266,0.926150112682797,0.95338982187935
"GO:0055010","ventricular cardiac muscle tissue morphogenesis",0.00927045128368681,12,0.99648603999888,0.543787174420648,0.904689018890583,187709,9,25,1.65114754098361,0.0748367485115271,0.479523898061771
"GO:0072175","epithelial tube formation",0.0162908627013236,21,0.992352710325333,0.543823347604986,0.904689018890583,152688,16,66,1.11188386598223,0.360673568498931,0.710658612643248
"GO:0002694","regulation of leukocyte activation",0.0628392600861107,81,0.992304144147565,0.54480183422143,0.904689018890583,148637,61,244,1.14663023679417,0.125738205558449,0.554477376521119
"GO:0097120","receptor localization to synapse",0.0108406421091798,14,0.994177380046934,0.544838634371135,0.904689018890583,160123,11,36,1.40143695608176,0.142334340385786,0.57273362563044
"GO:0042554","superoxide anion generation",0.00378647743581566,5,1.01654235866033,0.54542609598378,0.904689018890583,157123,3,19,0.724187517975266,0.81724972224041,0.903186317995806
"GO:0110020","regulation of actomyosin structure organization",0.0124068463296657,16,0.992771791017264,0.545456741316339,0.904689018890583,122220,9,47,0.878269968608301,0.724953585355021,0.864950897800897
"GO:0042542","response to hydrogen peroxide",0.00928187955137405,12,0.995259121555404,0.545485680388188,0.904689018890583,89713,12,44,1.25086934923,0.237158571643165,0.640269346339134
"GO:0021587","cerebellum morphogenesis",0.00614907244990166,8,1.00154674968703,0.545739272195944,0.904689018890583,166015,8,26,1.4112372145159,0.188566406459334,0.597284770758932
"GO:0051955","regulation of amino acid transport",0.00457675543507149,6,1.00921661859995,0.545830797257447,0.904689018890583,88945,6,19,1.44837503595053,0.218322033449073,0.616159221484306
"GO:0009566","fertilization",0.0186452187317281,24,0.990910905535665,0.545851692506892,0.904689018890583,138828,15,75,0.917304189435337,0.691771566268102,0.853783270410731
"GO:0000278","mitotic cell cycle",0.088392202200606,114,0.992845670292539,0.546146632323321,0.904689018890583,157069,81,397,0.935788908617913,0.773958104492321,0.883502943897388
"GO:0007274","neuromuscular synaptic transmission",0.00379232445649285,5,1.01497504967648,0.546781605537465,0.904689018890583,92024,3,13,1.05842791088693,0.563236771868797,0.794225930685381
"GO:0015698","inorganic anion transport",0.0124181417105193,16,0.99186877865505,0.546909626466628,0.904689018890583,308257,14,65,0.987866050161132,0.569577975950565,0.800429655597195
"GO:0007127","meiosis I",0.00929370647956201,12,0.99399258078559,0.54724110875057,0.904689018890583,65099,8,41,0.89493091652228,0.698248704847229,0.854160883857257
"GO:0021795","cerebral cortex cell migration",0.0124210652208579,16,0.991635325357981,0.54728542424982,0.904689018890583,109946,11,31,1.62747517480463,0.0569766401563983,0.47608274490417
"GO:0023019","signal transduction involved in regulation of gene expression",0.00379577951416574,5,1.01405118217573,0.547581680149602,0.904689018890583,83021,5,15,1.52884031572556,0.213543377549239,0.616159221484306
"GO:0042310","vasoconstriction",0.00929769308456918,12,0.993566383043461,0.547832287690253,0.904689018890583,118206,8,40,0.917304189435337,0.669746800838899,0.837183501048624
"GO:0010770","positive regulation of cell morphogenesis",0.0124261149205337,16,0.991232346581995,0.547934292573353,0.904689018890583,73212,5,17,1.34897674916961,0.305433703579954,0.668216294192446
"GO:0050775","positive regulation of dendrite morphogenesis",0.0124261149205337,16,0.991232346581995,0.547934292573353,0.904689018890583,73212,5,17,1.34897674916961,0.305433703579954,0.668216294192446
"GO:0007369","gastrulation",0.0272267846701749,35,0.989606494182999,0.548323998779052,0.904776793441383,164564,21,86,1.11996441733384,0.316248013194681,0.673524758296364
"GO:0007131","reciprocal meiotic recombination",0.00380069632700792,5,1.01273934364769,0.548719079580354,0.904776793441383,55860,5,14,1.63804319542024,0.171372945805701,0.593229738391896
"GO:0140527","reciprocal homologous recombination",0.00380069632700792,5,1.01273934364769,0.548719079580354,0.904776793441383,55860,5,14,1.63804319542024,0.171372945805701,0.593229738391896
"GO:0003206","cardiac chamber morphogenesis",0.0225683038324563,29,0.989213254426289,0.549016640737785,0.904865276382577,178687,22,73,1.3822391895601,0.0596642611897127,0.479523898061771
"GO:0030042","actin filament depolymerization",0.00774318290543773,10,0.994194441904527,0.549866244407106,0.905863129107621,121648,6,26,1.05842791088693,0.513803584254512,0.777727987590469
"GO:1990000","amyloid fibril formation",0.00380813798968798,5,1.01076030176458,0.55043792655041,0.906356552713547,137154,5,16,1.43328779599271,0.258523849276556,0.640269346339134
"GO:0045666","positive regulation of neuron differentiation",0.014792032105459,19,0.988818559172211,0.550791682723913,0.906356552713547,213747,13,45,1.32499494029549,0.16433804303618,0.590868505944047
"GO:0035036","sperm-egg recognition",0.00775102322861851,10,0.993188793295413,0.551137042923533,0.906356552713547,158532,5,21,1.09202879694683,0.496178188229511,0.769895892233997
"GO:0050851","antigen receptor-mediated signaling pathway",0.0241472651889651,31,0.988290432712784,0.55114296035627,0.906356552713547,168460,22,83,1.21570434744442,0.180226081445875,0.593229738391896
"GO:0046165","alcohol biosynthetic process",0.0187048849200021,24,0.987750026604553,0.552123687222749,0.907567071154806,68897,12,67,0.821466438300302,0.82122949287724,0.904220672793011
"GO:0007019","microtubule depolymerization",0.00461037580396534,6,1.00185708079786,0.552900049715338,0.908440737131933,175223,5,25,0.917304189435337,0.663607051000599,0.835308084274144
"GO:1990928","response to amino acid starvation",0.00461515972997395,6,1.00081858799887,0.553901858869943,0.909295997951791,140625,5,30,0.764420157862781,0.815096932472051,0.903186317995806
"GO:0015872","dopamine transport",0.00776816563014936,10,0.99099707366671,0.553910769641792,0.909295997951791,191922,8,24,1.52884031572556,0.132220877457738,0.554477376521119
"GO:0006937","regulation of muscle contraction",0.0226300962100675,29,0.98651216829797,0.554927308259934,0.910561837082864,163572,17,70,1.11386937288577,0.350845011345971,0.706445403811136
"GO:0009725","response to hormone",0.0924615957050975,119,0.990778163058047,0.556155173927225,0.912173163249339,143937,76,399,0.873623037557464,0.925621615565947,0.953110239730687
"GO:0070884","regulation of calcineurin-NFAT signaling cascade",0.00383617711157179,5,1.00337252208908,0.556885596629107,0.912592285328226,184825,3,11,1.25086934923,0.442336217723005,0.741424756334832
"GO:0031349","positive regulation of defense response",0.0405494870568224,52,0.987208367433437,0.557258684036833,0.912592285328226,95496,48,181,1.21631494731757,0.0738187826026635,0.479523898061771
"GO:0002690","positive regulation of leukocyte chemotaxis",0.009362408972519,12,0.986698542629259,0.557390103747666,0.912592285328226,124390,10,39,1.17603101209659,0.338033964080747,0.698696688528866
"GO:0043543","protein acylation",0.0077902248445224,10,0.988190913725583,0.557470227711731,0.912592285328226,117208,8,48,0.764420157862781,0.851856487221732,0.920322529875546
"GO:0015813","L-glutamate transmembrane transport",0.00383989794291182,5,1.00240026189325,0.557737764923513,0.912592285328226,85805,5,19,1.20697919662544,0.401659934530528,0.722895245575533
"GO:1902235","regulation of endoplasmic reticulum stress-induced intrinsic apoptotic signaling pathway",0.00542776271726997,7,0.992814326226819,0.558233370059682,0.912592285328226,168892,4,14,1.3104345563362,0.364900064093148,0.710658612643248
"GO:0044788","modulation by host of viral process",0.00463708605751342,6,0.996086246201488,0.558480203560626,0.912592285328226,195562,4,21,0.873623037557464,0.703122337618131,0.854160883857257
"GO:1990776","response to angiotensin",0.00463721894434699,6,0.996057701776734,0.558507884117352,0.912592285328226,221058,5,19,1.20697919662544,0.401659934530528,0.722895245575533
"GO:0008284","positive regulation of cell population proliferation",0.0994800138202307,128,0.990523951782826,0.558733748699648,0.912592285328226,145498,95,388,1.12298837624171,0.106600070598916,0.53758873962322
"GO:0007204","positive regulation of cytosolic calcium ion concentration",0.0179884920002126,23,0.9842919371137,0.558899297594001,0.912592285328226,187697,17,61,1.27821075577055,0.159191852527309,0.590868505944047
"GO:0030003","intracellular monoatomic cation homeostasis",0.0452393291872641,58,0.986967122725167,0.559310513489605,0.912592285328226,107809,39,206,0.868321926892673,0.864573726579346,0.927270395338857
"GO:0051882","mitochondrial depolarization",0.00543493860628289,7,0.991503487976097,0.559614830097503,0.912592285328226,85263,3,12,1.14663023679417,0.504706732604915,0.774119999011001
"GO:0032365","intracellular lipid transport",0.00937875405304842,12,0.984978946716378,0.559792158035053,0.912592285328226,151368,4,22,0.83391289948667,0.739079711540251,0.870836413296154
"GO:1902531","regulation of intracellular signal transduction",0.224677084994419,290,0.993642288066002,0.559862347294568,0.912592285328226,137002,209,865,1.10818829821957,0.0418500471573829,0.442114843387871
"GO:0014059","regulation of dopamine secretion",0.00543746345612077,7,0.991043089953918,0.560100440348348,0.912592285328226,252231,7,14,2.29326047358834,0.0185331714897861,0.386281270938799
"GO:0090092","regulation of transmembrane receptor protein serine/threonine kinase signaling pathway",0.0320465901238505,41,0.984901683695157,0.56111625603497,0.913846053507348,87766,33,143,1.05842791088693,0.386961205824803,0.717450621306231
"GO:0043114","regulation of vascular permeability",0.00702625843831393,9,0.986073388466948,0.561488808432108,0.914051548610408,167153,7,23,1.39589767957551,0.220046587003463,0.616159221484306
"GO:0002253","activation of immune response",0.051501488332536,66,0.986540694896029,0.56257957803439,0.915425541450695,118645,55,222,1.13630023466089,0.157175996939701,0.590868505944047
"GO:0045216","cell-cell junction organization",0.0227227183330676,29,0.982490957012691,0.563744185159113,0.916918424787509,181532,21,112,0.859972677595628,0.815934772995916,0.903186317995806
"GO:0045087","innate immune response",0.0755885557858927,97,0.98788532832544,0.564697049572797,0.918065755440437,91926,80,339,1.08236482529243,0.224510687195208,0.624857201421022
"GO:0035303","regulation of dephosphorylation",0.00387272099080423,5,0.993904469947069,0.565219511456265,0.91827766724654,247730,3,13,1.05842791088693,0.563236771868797,0.794225930685381
"GO:0009994","oocyte differentiation",0.00546510391750385,7,0.986030762892924,0.565400803847344,0.91827766724654,66087,6,25,1.1007650273224,0.472020453220527,0.754978406316201
"GO:0015695","organic cation transport",0.0180512145856589,23,0.980871816277138,0.5655699379133,0.91827766724654,65052,14,50,1.28422586520947,0.184020317997414,0.597284770758932
"GO:0016049","cell growth",0.0701821878488279,90,0.987202975409723,0.56588078708248,0.918380454976378,185410,64,252,1.16483071674328,0.0936802930828584,0.521003496228806
"GO:0051938","L-glutamate import",0.0046758890129166,6,0.987820205223546,0.566528054614074,0.919028894892091,96313,6,25,1.1007650273224,0.472020453220527,0.754978406316201
"GO:0008209","androgen metabolic process",0.00387976399298358,5,0.992100218100679,0.566816480590761,0.919094905153725,150983,3,17,0.809386049501768,0.750984683904892,0.873040703943482
"GO:0033674","positive regulation of kinase activity",0.0305658321373518,39,0.982243655376655,0.567397439230283,0.919468842034378,173552,29,117,1.13682997836003,0.246394114441274,0.640269346339134
"GO:0033059","cellular pigmentation",0.00468080582575878,6,0.986782578957555,0.567542762333888,0.919468842034378,83480,4,19,0.965583357300355,0.62085454826009,0.814840345306899
"GO:0033044","regulation of chromosome organization",0.0196397437941849,25,0.979929968525825,0.568004095727406,0.919814576668998,153717,22,96,1.05107771706132,0.434917847706387,0.741424756334832
"GO:0019827","stem cell population maintenance",0.0258975176739489,33,0.980949501173032,0.568490717521035,0.920035957020163,119675,27,104,1.19073139974779,0.179144164397046,0.593229738391896
"GO:0050829","defense response to Gram-negative bacterium",0.00706864933822357,9,0.980159877085357,0.568636778826748,0.920035957020163,60298,6,28,0.982825917252147,0.593083097831942,0.810139283120952
"GO:0016241","regulation of macroautophagy",0.0204332110774464,26,0.979552180171371,0.569111757608974,0.920236800331307,178188,20,93,0.986348590790685,0.568900789088263,0.800129588557676
"GO:0002221","pattern recognition receptor signaling pathway",0.0227809227661723,29,0.979980728179099,0.569256996431361,0.920236800331307,79184,26,104,1.14663023679417,0.24595664965015,0.640269346339134
"GO:0098542","defense response to other organism",0.0896538297985436,115,0.987460751895911,0.570452407065839,0.921767608978337,98240,96,421,1.0458575081448,0.323273458055304,0.682120130719874
"GO:0002027","regulation of heart rate",0.013391271992771,17,0.977277587921936,0.570709414685426,0.921781422935538,81533,11,41,1.23053001021813,0.26946752566436,0.654269973962549
"GO:0002931","response to ischemia",0.00945569552968692,12,0.976964122806254,0.571031675806978,0.921900573213181,201476,9,26,1.58764186633039,0.0932073991218807,0.519218394507774
"GO:0048536","spleen development",0.00470432679530112,6,0.981848805434901,0.572380902917861,0.923306782005027,244843,5,20,1.14663023679417,0.449455123695447,0.741424756334832
"GO:0009161","ribonucleoside monophosphate metabolic process",0.00390634135969808,5,0.985350318671501,0.572815523473064,0.923306782005027,98519,5,20,1.14663023679417,0.449455123695447,0.741424756334832
"GO:0051707","response to other organism",0.120692074629246,155,0.98865278584953,0.572874717387045,0.923306782005027,100108,130,560,1.06472807702316,0.21458149896851,0.616159221484306
"GO:0031328","positive regulation of cellular biosynthetic process",0.286808456918089,370,0.993117466369174,0.572898170397728,0.923306782005027,137147,278,1146,1.11261153866939,0.0166075482202597,0.386281270938799
"GO:0030071","regulation of mitotic metaphase/anaphase transition",0.00868096528995907,11,0.975473586762826,0.573329203473722,0.923531453366919,139069,9,38,1.0862812769629,0.451717461370599,0.741424756334832
"GO:0030326","embryonic limb morphogenesis",0.0173447881783873,22,0.976437678093031,0.573817360681131,0.923531453366919,141477,17,61,1.27821075577055,0.159191852527309,0.590868505944047
"GO:0035113","embryonic appendage morphogenesis",0.0173447881783873,22,0.976437678093031,0.573817360681131,0.923531453366919,141477,17,61,1.27821075577055,0.159191852527309,0.590868505944047
"GO:0051017","actin filament bundle assembly",0.0220488492000213,28,0.97760396221681,0.574033296890597,0.923531453366919,118328,17,79,0.986972862050679,0.568933114451522,0.800129588557676
"GO:0006401","RNA catabolic process",0.0322250571413384,41,0.979447156020095,0.575403026709801,0.925333866100288,157323,27,130,0.952585119798234,0.647377395303734,0.83020053113614
"GO:0046854","phosphatidylinositol phosphate biosynthetic process",0.00790822835273481,10,0.973445513188064,0.576314339933029,0.926397834121117,78566,6,26,1.05842791088693,0.513803584254512,0.777727987590469
"GO:0021885","forebrain cell migration",0.0134444267262,17,0.97341376161457,0.577201277925961,0.927421715506849,108094,12,38,1.44837503595053,0.105667696872347,0.53758873962322
"GO:0051347","positive regulation of transferase activity",0.0330375272418009,42,0.978661728335518,0.57792077622415,0.928175792117574,166634,32,131,1.12037152908133,0.261496905622871,0.645704888073381
"GO:0002429","immune response-activating cell surface receptor signaling pathway",0.0361756498166162,46,0.978886501080122,0.579141321438159,0.929733579634604,124782,36,129,1.27995933409582,0.0593101584662387,0.479523898061771
"GO:0043207","response to external biotic stimulus",0.120857252963376,155,0.987301571783381,0.580016080398038,0.930581788491521,100108,130,562,1.0609390091334,0.228551552486096,0.63252107546602
"GO:0051303","establishment of chromosome localization",0.0103104236432254,13,0.970638896684221,0.580171341450374,0.930581788491521,185364,10,43,1.06663277841318,0.467759273710989,0.754978406316201
"GO:0051321","meiotic cell cycle",0.0197663849465795,25,0.973651660134304,0.580815491599631,0.930937897391208,84039,20,99,0.926569888318522,0.689236627101645,0.851504457724643
"GO:0016441","post-transcriptional gene silencing",0.00714479349386063,9,0.969714026369851,0.581348172975326,0.930937897391208,243087,5,37,0.619800127996849,0.93003707573405,0.955752234748459
"GO:1903305","regulation of regulated secretory pathway",0.0103195928347419,13,0.969776462082431,0.581440476940837,0.930937897391208,126006,12,56,0.982825917252147,0.579708873451858,0.804609023758471
"GO:0032689","negative regulation of type II interferon production",0.00394580874926912,5,0.975494492562807,0.581643239286071,0.930937897391208,251412,4,14,1.3104345563362,0.364900064093148,0.710658612643248
"GO:0031400","negative regulation of protein modification process",0.0416745069898474,53,0.97903055861686,0.581898149185231,0.930937897391208,117300,42,156,1.23483256270142,0.0736253156425264,0.479523898061771
"GO:0043303","mast cell degranulation",0.00635106043693191,8,0.969693736494213,0.58189891753375,0.930937897391208,195317,6,22,1.25086934923,0.342715901316634,0.702085032515025
"GO:1900407","regulation of cellular response to oxidative stress",0.00475269760272152,6,0.971855992204695,0.582245766461985,0.930946211942455,190412,6,14,1.96565183450429,0.0635516316835313,0.479523898061771
"GO:1903313","positive regulation of mRNA metabolic process",0.0205672938925211,26,0.973166259178737,0.582405972484754,0.930946211942455,143093,16,64,1.14663023679417,0.311520476984784,0.668444748185974
"GO:0140546","defense response to symbiont",0.0860327964705257,110,0.984281889623461,0.58326079830227,0.931911094617322,94618,91,392,1.06472807702316,0.26158879966962,0.645704888073381
"GO:0016311","dephosphorylation",0.0276342157019083,35,0.975016016954177,0.58356212410477,0.931991166779464,177952,21,106,0.908650376327456,0.727327004553618,0.864950897800897
"GO:2000378","negative regulation of reactive oxygen species metabolic process",0.00716632116089938,9,0.966801000255923,0.584911069323324,0.933419902796438,141282,6,16,1.71994535519126,0.114586339749142,0.543625729500403
"GO:0036257","multivesicular body organization",0.0039618880561314,5,0.971535452058343,0.585211507790975,0.933419902796438,188425,2,14,0.655217278168098,0.843516846725449,0.916210439400109
"GO:0036258","multivesicular body assembly",0.0039618880561314,5,0.971535452058343,0.585211507790975,0.933419902796438,188425,2,14,0.655217278168098,0.843516846725449,0.916210439400109
"GO:0009583","detection of light stimulus",0.0039642800191357,5,0.970949248044631,0.585740912366297,0.933760592041967,37814,3,23,0.59824186267522,0.90570883820219,0.943549120863146
"GO:0003148","outflow tract septum morphogenesis",0.00477090309892096,6,0.968147444744051,0.585928479319056,0.933760592041967,310913,5,18,1.27403359643797,0.353413118456461,0.706445403811136
"GO:0014046","dopamine secretion",0.00557819061287408,7,0.966040954683146,0.586773464933112,0.934636249855603,252231,7,16,2.0066029143898,0.0411083199344292,0.442114843387871
"GO:0001841","neural tube formation",0.0103601233189816,13,0.965982539133621,0.587031258638438,0.934636249855603,49654,11,45,1.12114956486541,0.389474899519421,0.717453762272618
"GO:0002279","mast cell activation involved in immune response",0.00638295327698932,8,0.964848598843876,0.587484545451022,0.934636249855603,195317,6,23,1.19648372535044,0.386010953427164,0.717450621306231
"GO:0010842","retina layer formation",0.00397305055015149,5,0.968805872221133,0.587678916246244,0.934636249855603,291122,3,13,1.05842791088693,0.563236771868797,0.794225930685381
"GO:0006739","NADP metabolic process",0.00397331632381864,5,0.968741069152757,0.58773756628386,0.934636249855603,125125,3,19,0.724187517975266,0.81724972224041,0.903186317995806
"GO:0006024","glycosaminoglycan biosynthetic process",0.00957489501940148,12,0.964801730981387,0.588210776723609,0.934671998223647,93041,9,31,1.33157059756742,0.218786731111825,0.616159221484306
"GO:0007179","transforming growth factor beta receptor signaling pathway",0.0269065274012651,34,0.972774360446562,0.588336318889731,0.934671998223647,72440,27,107,1.1573464072315,0.22447728095693,0.624857201421022
"GO:0051101","regulation of DNA binding",0.0127499601339499,16,0.966055338383422,0.588854861034376,0.934671998223647,102025,12,37,1.48752030719244,0.089215949298739,0.511578318235428
"GO:0007040","lysosome organization",0.0127512890022857,16,0.965954661475424,0.589019712088109,0.934671998223647,248826,10,42,1.09202879694683,0.435332898277466,0.741424756334832
"GO:0080171","lytic vacuole organization",0.0127512890022857,16,0.965954661475424,0.589019712088109,0.934671998223647,248826,10,42,1.09202879694683,0.435332898277466,0.741424756334832
"GO:0050865","regulation of cell activation",0.067517408175198,86,0.980558565436051,0.590468878693968,0.936190885355106,140733,66,266,1.13800895681828,0.128991332769322,0.554477376521119
"GO:1904705","regulation of vascular associated smooth muscle cell proliferation",0.00800005315473343,10,0.962272282238711,0.590733925233505,0.936190885355106,203680,4,33,0.555941932991113,0.949719180897697,0.969581222105244
"GO:1990874","vascular associated smooth muscle cell proliferation",0.00800005315473343,10,0.962272282238711,0.590733925233505,0.936190885355106,203680,4,33,0.555941932991113,0.949719180897697,0.969581222105244
"GO:0042149","cellular response to glucose starvation",0.00640355073619306,8,0.961745097291191,0.591072855818964,0.936328050848999,97336,6,27,1.01922687715037,0.55425832846232,0.788457974921475
"GO:0006887","exocytosis",0.0355629086270132,45,0.974105709290881,0.591820314620211,0.937111979189493,96414,37,149,1.13893473184924,0.208763468138893,0.616159221484306
"GO:0032467","positive regulation of cytokinesis",0.00399510976452453,5,0.963456558264617,0.592531293531736,0.937837499574549,190980,4,19,0.965583357300355,0.62085454826009,0.814840345306899
"GO:0048489","synaptic vesicle transport",0.00641418168287886,8,0.960151088677134,0.592918949869209,0.938050875912479,116937,6,17,1.61877209900354,0.145940198948401,0.575998019253794
"GO:0098703","calcium ion import across plasma membrane",0.00561606336044225,7,0.959526315714694,0.593813836033967,0.938277732390404,53702,6,20,1.37595628415301,0.258274367035768,0.640269346339134
"GO:1902656","calcium ion import into cytosol",0.00561606336044225,7,0.959526315714694,0.593813836033967,0.938277732390404,53702,6,20,1.37595628415301,0.258274367035768,0.640269346339134
"GO:0170033","L-amino acid metabolic process",0.0143772922978791,18,0.963798512677488,0.59430254325042,0.938277732390404,193744,11,77,0.655217278168098,0.964921381140026,0.978370681615057
"GO:0006023","aminoglycan biosynthetic process",0.00961888056131398,12,0.960389853039371,0.594474079439426,0.938277732390404,93041,9,32,1.28995901639344,0.249508628329927,0.640269346339134
"GO:0032204","regulation of telomere maintenance",0.00642388242172966,8,0.958701159435425,0.594599953280083,0.938277732390404,110569,8,37,0.991680204794959,0.575188231266794,0.800731083677225
"GO:0006873","intracellular monoatomic ion homeostasis",0.0457695476532185,58,0.975533577484045,0.595071562268343,0.938277732390404,107809,39,208,0.859972677595628,0.879561808825679,0.933313900402783
"GO:0030513","positive regulation of BMP signaling pathway",0.00400773401371392,5,0.960421697260103,0.595293979084401,0.938277732390404,61783,4,21,0.873623037557464,0.703122337618131,0.854160883857257
"GO:0002757","immune response-activating signaling pathway",0.0488965077340137,62,0.97612333757046,0.595327019802314,0.938277732390404,119320,51,200,1.16956284153005,0.116871691435538,0.547048978101158
"GO:1905517","macrophage migration",0.00882873544889172,11,0.959146686066233,0.595447738192146,0.938277732390404,101903,8,26,1.4112372145159,0.188566406459334,0.597284770758932
"GO:0006476","protein deacetylation",0.00643079253707543,8,0.957671000935422,0.595795298534246,0.938277732390404,183328,7,22,1.45934757410167,0.185875759505939,0.597284770758932
"GO:0016072","rRNA metabolic process",0.0175530218465954,22,0.964854077202943,0.596027497163902,0.938277732390404,125220,13,81,0.736108300164159,0.922950813443179,0.951680799853861
"GO:1902459","positive regulation of stem cell population maintenance",0.00643291872641259,8,0.957354474338819,0.596162747290754,0.938277732390404,32874,7,30,1.07018822100789,0.49036218872413,0.769093063738652
"GO:0043467","regulation of generation of precursor metabolites and energy",0.0175560782437676,22,0.964686102486029,0.596350105923604,0.938277732390404,152207,12,57,0.965583357300355,0.606638024626994,0.814840345306899
"GO:0001893","maternal placenta development",0.00482419071918354,6,0.957453366421533,0.596610548762024,0.938289587073807,103687,5,18,1.27403359643797,0.353413118456461,0.706445403811136
"GO:0030866","cortical actin cytoskeleton organization",0.00401504278956041,5,0.958673395368619,0.596888641855065,0.938329178509446,94524,5,19,1.20697919662544,0.401659934530528,0.722895245575533
"GO:0030501","positive regulation of bone mineralization",0.00482738000318928,6,0.956820809898999,0.597245207358148,0.938412922452101,194565,4,19,0.965583357300355,0.62085454826009,0.814840345306899
"GO:0009581","detection of external stimulus",0.0120259926646468,15,0.960198832051563,0.597447795911553,0.938412922452101,150568,10,57,0.804652797750296,0.826391518187547,0.9081494468234
"GO:1904375","regulation of protein localization to cell periphery",0.015201456439696,19,0.962186480734446,0.598096354175176,0.93903405585692,114795,15,64,1.07496584699454,0.423369669699786,0.735003029754893
"GO:0009408","response to heat",0.00805839047467177,10,0.955306078978494,0.599776714084707,0.940041639970672,155641,8,45,0.8153815017203,0.795758949562552,0.893542888279984
"GO:0099024","plasma membrane invagination",0.00484120023388083,6,0.954089362389199,0.599989221641351,0.940041639970672,93477,5,26,0.882023259072439,0.699274543083001,0.854160883857257
"GO:0050866","negative regulation of cell activation",0.0246893105831074,31,0.966592853295826,0.600469682340639,0.940041639970672,123927,24,91,1.20963189815649,0.17408049364735,0.593229738391896
"GO:0043433","negative regulation of DNA-binding transcription factor activity",0.0215436134587785,27,0.964797267612905,0.60080093876442,0.940041639970672,177895,23,71,1.48577439133893,0.0249329073482971,0.405821798307366
"GO:0090279","regulation of calcium ion import",0.00403364694626056,5,0.954251761470232,0.600931836770132,0.940041639970672,118399,4,17,1.07918139933569,0.525531603716431,0.78428087280288
"GO:0051899","membrane depolarization",0.0168112475415936,21,0.961634864705815,0.601159050238805,0.940041639970672,76767,9,41,1.00679728108756,0.552176446804538,0.788457974921475
"GO:0072089","stem cell proliferation",0.0128512199011322,16,0.958443412091407,0.601337586566412,0.940041639970672,101722,12,59,0.932851718069834,0.657904507080854,0.835308084274144
"GO:0003128","heart field specification",0.00403789932493489,5,0.953246823131292,0.601852764072591,0.940041639970672,206668,4,14,1.3104345563362,0.364900064093148,0.710658612643248
"GO:0061982","meiosis I cell cycle process",0.00967256684207729,12,0.955059338385474,0.602060594030304,0.940041639970672,65099,8,43,0.853306222730546,0.750331373697291,0.873040703943482
"GO:0006835","dicarboxylic acid transport",0.00967283261574443,12,0.95503309688696,0.602097988954328,0.940041639970672,168678,12,46,1.19648372535044,0.29105492020061,0.668216294192446
"GO:0043267","negative regulation of potassium ion transport",0.00403962685377133,5,0.952839171277589,0.602226545915735,0.940041639970672,126242,5,11,2.08478224871667,0.0697427210073327,0.479523898061771
"GO:0036010","protein localization to endosome",0.00404188592994206,5,0.952306613876494,0.602715036492987,0.940041639970672,161124,4,17,1.07918139933569,0.525531603716431,0.78428087280288
"GO:0046849","bone remodeling",0.00807845638654122,10,0.952933213832986,0.602865120501418,0.940041639970672,98830,5,40,0.573315118397086,0.955580646147626,0.973689699864788
"GO:0001568","blood vessel development",0.101204220485834,129,0.981255118379662,0.603076398061094,0.940041639970672,176794,87,348,1.14663023679417,0.0804459887727623,0.493313418755286
"GO:0042752","regulation of circadian rhythm",0.0152466379631106,19,0.959335160258827,0.603192086349806,0.940041639970672,184989,14,62,1.03566602033022,0.490685520719512,0.769093063738652
"GO:0070925","organelle assembly",0.0949901663743156,121,0.980612829548071,0.603264712849658,0.940041639970672,121072,85,423,0.921641325082785,0.825181296253793,0.90708818047454
"GO:1903859","regulation of dendrite extension",0.00566935098070483,7,0.950507492551729,0.603615639401744,0.940041639970672,270384,7,18,1.78364703501316,0.0764461470431306,0.481334270273792
"GO:2000058","regulation of ubiquitin-dependent protein catabolic process",0.0168368947004731,21,0.960170033892418,0.603909904453032,0.940041639970672,156915,18,70,1.17939110070258,0.252684135625131,0.640269346339134
"GO:0032418","lysosome localization",0.00968585552543454,12,0.953749027582069,0.603928358743032,0.940041639970672,147636,9,35,1.17939110070258,0.348475952619901,0.706445403811136
"GO:1990849","vacuolar localization",0.00968585552543454,12,0.953749027582069,0.603928358743032,0.940041639970672,147636,9,35,1.17939110070258,0.348475952619901,0.706445403811136
"GO:0032945","negative regulation of mononuclear cell proliferation",0.010486498697709,13,0.954341245624109,0.604254934964862,0.940041639970672,143848,12,35,1.57252146760343,0.0613305236920596,0.479523898061771
"GO:0043266","regulation of potassium ion transport",0.0152566044756286,19,0.95870846603608,0.604312482838289,0.940041639970672,160852,16,45,1.6307630034406,0.0239934027086016,0.405821798307366
"GO:0042908","xenobiotic transport",0.00405145378195928,5,0.950057660970462,0.604780146693533,0.940244968891541,46024,4,24,0.764420157862781,0.800901062093878,0.896603180557721
"GO:0046640","regulation of alpha-beta T cell proliferation",0.00486631584542604,6,0.949165198285115,0.604950064890595,0.940244968891541,73102,6,15,1.83460837887067,0.0870320823186246,0.503981106904705
"GO:0097028","dendritic cell differentiation",0.0064860734598416,8,0.949508753473087,0.605294815975739,0.94038683721524,73025,3,17,0.809386049501768,0.750984683904892,0.873040703943482
"GO:0043555","regulation of translation in response to stress",0.00406075586030936,5,0.947881339343787,0.606781992268977,0.942085728827762,83403,2,11,0.83391289948667,0.728330621221025,0.864950897800897
"GO:0018193","peptidyl-amino acid modification",0.0631383883484824,80,0.97541031484645,0.607098086987576,0.942085728827762,130965,63,270,1.07018822100789,0.289713451056482,0.668216294192446
"GO:0045921","positive regulation of exocytosis",0.00487894009461543,6,0.946709234950318,0.607430889825902,0.942085728827762,164978,6,30,0.917304189435337,0.664962194367397,0.835308084274144
"GO:0070727","cellular macromolecule localization",0.245426566735768,315,0.988052066054527,0.607477446700564,0.942085728827762,121524,234,1078,0.995589890203473,0.546618512871505,0.788457974921475
"GO:0071621","granulocyte chemotaxis",0.00891245415404242,11,0.950136988263678,0.60774312752248,0.942085728827762,192329,9,42,0.982825917252147,0.584042869130104,0.806068435716566
"GO:0030307","positive regulation of cell growth",0.0216185616329134,27,0.961452466286815,0.607911923130367,0.942085728827762,224188,23,85,1.24105860923604,0.147582242421568,0.580625789378597
"GO:0043412","macromolecule modification",0.265578190612874,341,0.988445708516073,0.609221196341365,0.943720517088295,128693,267,1237,0.989976631282276,0.593557295646194,0.81048861496039
"GO:0009888","tissue development",0.22847977462393,293,0.98721264060806,0.609616490652228,0.943938723004911,147650,201,884,1.04286279455035,0.249462298970553,0.640269346339134
"GO:0048565","digestive tract development",0.0176879019826716,22,0.957496525733344,0.610164785071353,0.944393555533884,130810,18,68,1.21407907425265,0.212062678771746,0.616159221484306
"GO:0050000","chromosome localization",0.0105373943549673,13,0.949731773556489,0.611098282554717,0.944924871985662,185364,10,45,1.01922687715037,0.531361484243297,0.78539884722814
"GO:0003351","epithelial cilium movement involved in extracellular fluid movement",0.00652394620740977,8,0.943996674711124,0.611736769960218,0.944924871985662,130053,6,17,1.61877209900354,0.145940198948401,0.575998019253794
"GO:0170039","proteinogenic amino acid metabolic process",0.0137329240418859,17,0.952964565476803,0.6117441704378,0.944924871985662,204945,10,72,0.637016798218984,0.967931397021399,0.979815957148538
"GO:0007398","ectoderm development",0.00408414394301813,5,0.942453242912326,0.611789334808657,0.944924871985662,82990,3,16,0.859972677595628,0.711198846224575,0.859181934058344
"GO:0010557","positive regulation of macromolecule biosynthetic process",0.281123292404189,361,0.988555872494794,0.612040937250801,0.944924871985662,137920,271,1119,1.11076602027246,0.0194928122894704,0.390909911318569
"GO:0035825","homologous recombination",0.00408613724552171,5,0.941993494671939,0.612214376205922,0.944924871985662,55860,5,19,1.20697919662544,0.401659934530528,0.722895245575533
"GO:0032103","positive regulation of response to external stimulus",0.059329453037793,75,0.973154438445507,0.612529447952946,0.944924871985662,105663,66,239,1.26657063813247,0.0183901872936154,0.386281270938799
"GO:0009653","anatomical structure morphogenesis",0.345225376069739,444,0.990081869335833,0.612545638039223,0.944924871985662,147999,326,1332,1.12252689848318,0.00551124589058816,0.329785842807775
"GO:0045445","myoblast differentiation",0.0161278105565301,20,0.954652757143079,0.612918396033212,0.945106919901586,235560,15,59,1.16606464758729,0.294956117119069,0.668216294192446
"GO:0007379","segment specification",0.00409411045553607,5,0.94015897846952,0.613911825883541,0.946245481523862,290638,3,8,1.71994535519126,0.243958709948775,0.640269346339134
"GO:0044706","multi-multicellular organism process",0.0193216127146122,24,0.956221970197895,0.615189301452912,0.947820726075707,83373,18,89,0.927610978080678,0.681973107631954,0.8443728149549
"GO:0051783","regulation of nuclear division",0.00977103598575453,12,0.945434578498305,0.615802947607673,0.948064339672027,214824,8,52,0.705618607257952,0.906671706939066,0.94381370166777
"GO:0021522","spinal cord motor neuron differentiation",0.00410327964705257,5,0.938058098570744,0.61585850636377,0.948064339672027,43340,5,16,1.43328779599271,0.258523849276556,0.640269346339134
"GO:1904951","positive regulation of establishment of protein localization",0.0382561260830277,48,0.965897620541561,0.616860649500641,0.949213193549307,125268,26,124,0.961689876020918,0.625018227089928,0.81540418406306
"GO:0044839","cell cycle G2/M phase transition",0.0145802104927444,18,0.950384971459845,0.617655885000522,0.950042841356524,200479,14,63,1.01922687715037,0.517408522308741,0.780319356815216
"GO:0002275","myeloid cell activation involved in immune response",0.00978817838728539,12,0.943778803692767,0.618171817697861,0.950442372009558,214385,9,35,1.17939110070258,0.348475952619901,0.706445403811136
"GO:0002698","negative regulation of immune effector process",0.00979415829479615,12,0.943202571434024,0.61899649265366,0.950444934581041,138466,10,36,1.27403359643797,0.245543416700729,0.640269346339134
"GO:0021846","cell proliferation in forebrain",0.00575546164885983,7,0.93628642041824,0.619189072378483,0.950444934581041,160661,3,16,0.859972677595628,0.711198846224575,0.859181934058344
"GO:0050776","regulation of immune response",0.081306277574018,103,0.975223134798543,0.619278418990179,0.950444934581041,116686,86,366,1.07770710780654,0.228196028562077,0.63226830916005
"GO:1903829","positive regulation of protein localization",0.0571000106309467,72,0.970704753285309,0.619299600957423,0.950444934581041,129865,48,215,1.02396746727666,0.452575352940198,0.742287603628707
"GO:0006911","phagocytosis, engulfment",0.00412028916174985,5,0.934185575942316,0.619454407497832,0.950444934581041,81455,4,22,0.83391289948667,0.739079711540251,0.870836413296154
"GO:0070169","positive regulation of biomineral tissue development",0.00494498485090097,6,0.934065074739356,0.620268418409819,0.950768608885973,194565,4,20,0.917304189435337,0.663704404401251,0.835308084274144
"GO:0001958","endochondral ossification",0.00412494020092489,5,0.933132243409279,0.6204341784671,0.950768608885973,166493,3,18,0.764420157862781,0.786239957927728,0.888514060872553
"GO:0036075","replacement ossification",0.00412494020092489,5,0.933132243409279,0.6204341784671,0.950768608885973,166493,3,18,0.764420157862781,0.786239957927728,0.888514060872553
"GO:0030514","negative regulation of BMP signaling pathway",0.00900574071121033,11,0.940294931811544,0.621229678177244,0.950963912333785,120591,9,35,1.17939110070258,0.348475952619901,0.706445403811136
"GO:0055008","cardiac muscle tissue morphogenesis",0.00981302822516345,12,0.941388843149866,0.621593081134171,0.950963912333785,187709,9,30,1.37595628415301,0.189648796210348,0.597284770758932
"GO:0006979","response to oxidative stress",0.0383227023866475,48,0.964219610139214,0.621595675074427,0.950963912333785,137174,33,168,0.900923757481135,0.780385396459043,0.888514060872553
"GO:0002682","regulation of immune system process",0.16222027321533,207,0.982326965497511,0.621818207687507,0.950963912333785,135532,154,632,1.11760162320445,0.0582669154261328,0.479523898061771
"GO:0030865","cortical cytoskeleton organization",0.00658520703768671,8,0.935214867284187,0.62203997957123,0.950963912333785,100578,7,29,1.10709126311161,0.451406565439207,0.741424756334832
"GO:0032412","regulation of monoatomic ion transmembrane transporter activity",0.0178033806410461,22,0.95128588425916,0.622099572839379,0.950963912333785,97525,14,71,0.904384412119346,0.709888174216608,0.859181934058344
"GO:0031396","regulation of protein ubiquitination",0.0178153404560676,22,0.950647265915807,0.623326338718487,0.951484275836136,152109,22,89,1.1337467509875,0.288565984163291,0.668216294192446
"GO:0006626","protein targeting to mitochondrion",0.0106294849306331,13,0.941503590692912,0.623337797466644,0.951484275836136,198980,8,45,0.8153815017203,0.795758949562552,0.893542888279984
"GO:0002831","regulation of response to biotic stimulus",0.0454155371285813,57,0.966187133205394,0.623361134514061,0.951484275836136,92194,52,200,1.19249544626594,0.0872118249684153,0.503981106904705
"GO:0060560","developmental growth involved in morphogenesis",0.0438505288895976,55,0.965558747225144,0.623658201398563,0.951484275836136,216757,42,140,1.37595628415301,0.0138045478252289,0.379369425419253
"GO:0001843","neural tube closure",0.00983043640036145,12,0.939721789802123,0.623980771472165,0.951484275836136,53370,10,41,1.11866364565285,0.40275592253494,0.722895245575533
"GO:0010543","regulation of platelet activation",0.00496505076277042,6,0.930290114851616,0.624121116045142,0.951484275836136,30069,5,22,1.04239112435834,0.541314154968593,0.788457974921475
"GO:0035094","response to nicotine",0.00821944931696168,10,0.936587003626904,0.624235236491956,0.951484275836136,79242,7,21,1.52884031572556,0.154106991659078,0.587040640423195
"GO:0010332","response to gamma radiation",0.00414633498113007,5,0.928317350415596,0.624921750250222,0.952075009489337,117169,4,18,1.01922687715037,0.574708313790709,0.800731083677225
"GO:0051051","negative regulation of transport",0.0477964705257003,60,0.9663763021703,0.625136043966583,0.952075009489337,139039,37,176,0.964211790031462,0.629746268229373,0.817578361985218
"GO:0010970","transport along microtubule",0.017057619731037,21,0.947745465668993,0.627247232174505,0.954898330474933,101960,17,75,1.03961141469338,0.473083261106474,0.754978406316201
"GO:0006919","activation of cysteine-type endopeptidase activity involved in apoptotic process",0.00498524956147345,6,0.926520846626707,0.627976564173838,0.95542853474304,207652,5,22,1.04239112435834,0.541314154968593,0.788457974921475
"GO:0006302","double-strand break repair",0.0242121139637485,30,0.953848484947967,0.628110565023794,0.95542853474304,206614,22,128,0.788308287795993,0.919920471080505,0.950140575642726
"GO:0061014","positive regulation of mRNA catabolic process",0.0186687397012704,23,0.948426509768021,0.62920536062358,0.956701593407165,158688,13,48,1.24218275652702,0.232889640609996,0.640015234565247
"GO:0000086","G2/M transition of mitotic cell cycle",0.0130910806357306,16,0.940882375894915,0.630226012144403,0.957755278002426,224268,12,58,0.948935368381383,0.632729461198008,0.819546396331826
"GO:0016197","endosomal transport",0.0305678254398554,38,0.956995511671452,0.630631981452843,0.957755278002426,119984,31,138,1.03030543016288,0.458424406629865,0.750222562239436
"GO:0009913","epidermal cell differentiation",0.0210684101419231,26,0.950019309667163,0.630672815137446,0.957755278002426,126362,20,84,1.09202879694683,0.368145521307991,0.713967529562283
"GO:0060606","tube closure",0.00988611598362834,12,0.934429183713984,0.631567066252773,0.9584849402808,53370,10,42,1.09202879694683,0.435332898277466,0.741424756334832
"GO:0060674","placenta blood vessel development",0.00664500611279434,8,0.926798775087849,0.631954411617653,0.9584849402808,72396,6,19,1.44837503595053,0.218322033449073,0.616159221484306
"GO:0046425","regulation of receptor signaling pathway via JAK-STAT",0.00500651145484505,6,0.922586053382904,0.63201005563928,0.9584849402808,78295,5,30,0.764420157862781,0.815096932472051,0.903186317995806
"GO:0032511","late endosome to vacuole transport via multivesicular body sorting pathway",0.00418500504969968,5,0.919739560145665,0.632951427281494,0.9584849402808,188425,2,14,0.655217278168098,0.843516846725449,0.916210439400109
"GO:0140115","export across plasma membrane",0.00828071014723861,10,0.929658117523107,0.633333311035517,0.9584849402808,96510,7,37,0.867720179195589,0.72610364221146,0.864950897800897
"GO:0042130","negative regulation of T cell proliferation",0.00909331313453463,11,0.931239496834213,0.633675533486579,0.9584849402808,141037,10,31,1.47952288618603,0.118422733117848,0.547048978101158
"GO:0045649","regulation of macrophage differentiation",0.0107084197097752,13,0.934563502425268,0.633677034473736,0.9584849402808,75811,4,15,1.22307225258045,0.419938859200025,0.731786363378155
"GO:0010257","NADH dehydrogenase complex assembly",0.00418912454154042,5,0.918835108731996,0.633800598718802,0.9584849402808,141056,5,20,1.14663023679417,0.449455123695447,0.741424756334832
"GO:0032981","mitochondrial respiratory chain complex I assembly",0.00418912454154042,5,0.918835108731996,0.633800598718802,0.9584849402808,141056,5,20,1.14663023679417,0.449455123695447,0.741424756334832
"GO:0086009","membrane repolarization",0.00665736458831659,8,0.925078301494429,0.633985442805204,0.9584849402808,93193,7,26,1.23483256270142,0.332743349773908,0.692655801326738
"GO:0048663","neuron fate commitment",0.018720166905863,23,0.945821034912795,0.634313525793775,0.9584849402808,204004,19,52,1.67584419223764,0.0106918764682318,0.347715106383732
"GO:0042129","regulation of T cell proliferation",0.0179245734332642,22,0.944853988239971,0.634447291239358,0.9584849402808,106204,18,72,1.14663023679417,0.296053809545812,0.668216294192446
"GO:0090100","positive regulation of transmembrane receptor protein serine/threonine kinase signaling pathway",0.0107163929197895,13,0.933868168544515,0.634713401313605,0.9584849402808,38670,10,53,0.865381310788054,0.748225009621529,0.873040703943482
"GO:0048741","skeletal muscle fiber development",0.00584356561951842,7,0.922169944847738,0.634770215167096,0.9584849402808,91486,3,19,0.724187517975266,0.81724972224041,0.903186317995806
"GO:0002699","positive regulation of immune effector process",0.0258883484824324,32,0.951560665210952,0.636027087590623,0.959207999573262,82646,26,107,1.11448172548219,0.298916048330485,0.668216294192446
"GO:0048814","regulation of dendrite morphogenesis",0.0179402540796258,22,0.944028140334632,0.636031139809132,0.959207999573262,89993,10,36,1.27403359643797,0.245543416700729,0.640269346339134
"GO:0042127","regulation of cell population proliferation",0.179697283793122,229,0.981035715757769,0.636554410485664,0.959207999573262,139142,169,737,1.05172597024811,0.23060623032669,0.637517969084963
"GO:0045650","negative regulation of macrophage differentiation",0.00911497368840695,11,0.929026526837946,0.63672089958643,0.959207999573262,44340,2,5,1.83460837887067,0.299989147301495,0.668216294192446
"GO:0003205","cardiac chamber development",0.0258965874661139,32,0.951257926759297,0.636722882334611,0.959207999573262,176513,25,93,1.23293573848836,0.143413681024643,0.573054468381347
"GO:0006814","sodium ion transport",0.023517780258332,29,0.949276038629369,0.636800351199176,0.959207999573262,70325,16,97,0.756539537678628,0.922806225572114,0.951680799853861
"GO:0022411","cellular component disassembly",0.0401189337160474,50,0.959425973497032,0.637113512832831,0.959290232390343,120403,32,178,0.824543091627269,0.912751384820266,0.947455450352248
"GO:1901657","glycosyl compound metabolic process",0.00503946738957104,6,0.916552740057509,0.638211078142532,0.960552981707422,77700,6,26,1.05842791088693,0.513803584254512,0.777727987590469
"GO:0010721","negative regulation of cell development",0.0464350449157497,58,0.961552436160701,0.638470371985881,0.960553560449157,113664,36,138,1.19648372535044,0.130932431309295,0.554477376521119
"GO:0048284","organelle fusion",0.0211585074150853,26,0.945973932194487,0.639082849775675,0.960966509115688,192871,20,74,1.2396002559937,0.169674771094809,0.593229738391896
"GO:0060384","innervation",0.00668965608887471,8,0.920612875156789,0.639262896090975,0.960966509115688,131048,6,18,1.52884031572556,0.180687224901036,0.593229738391896
"GO:0051656","establishment of organelle localization",0.0504009195768883,63,0.962261118898878,0.640694187887014,0.961738952261419,135064,51,203,1.15227866160597,0.141558385497525,0.57273362563044
"GO:0060324","face development",0.00833227023866475,10,0.923905392736035,0.640899453542346,0.961738952261419,80709,5,30,0.764420157862781,0.815096932472051,0.903186317995806
"GO:0048678","response to axon injury",0.0139929835751874,17,0.935253723552415,0.641759745766773,0.961738952261419,90510,12,36,1.52884031572556,0.074441775919207,0.479523898061771
"GO:0007565","female pregnancy",0.0163981023760166,20,0.938917105249392,0.64176327209115,0.961738952261419,96327,17,77,1.01260852080524,0.521628072932101,0.783498036671293
"GO:0035195","miRNA-mediated post-transcriptional gene silencing",0.00505926752777335,6,0.912965685049404,0.641906682509038,0.961738952261419,324454,3,25,0.550382513661202,0.933448978829523,0.956920616595062
"GO:0070848","response to growth factor",0.0950438526550789,120,0.971959262027027,0.641987083580209,0.961738952261419,119607,85,354,1.10128327827689,0.167099724986168,0.593229738391896
"GO:0051932","synaptic transmission, GABAergic",0.0050604635092755,6,0.912749916262727,0.642129181148863,0.961738952261419,404375,4,30,0.611536126290225,0.918459979610444,0.949688651592131
"GO:0099111","microtubule-based transport",0.0235815659384468,29,0.94670834580105,0.642420877256411,0.961738952261419,109710,23,92,1.14663023679417,0.26293994637553,0.646036865214677
"GO:0070664","negative regulation of leukocyte proliferation",0.0107772550895657,13,0.9285943541502,0.642574972693776,0.961738952261419,143848,12,38,1.44837503595053,0.105667696872347,0.53758873962322
"GO:0051249","regulation of lymphocyte activation",0.0559310051560091,70,0.96346571459506,0.642616298503484,0.961738952261419,164021,54,218,1.13611069333734,0.160086498122719,0.590868505944047
"GO:1903078","positive regulation of protein localization to plasma membrane",0.00671038643491203,8,0.917768832767648,0.642628264866862,0.961738952261419,98160,8,32,1.14663023679417,0.396563859756661,0.722895245575533
"GO:0032386","regulation of intracellular transport",0.0267776271726997,33,0.948708295923244,0.644062413180823,0.963496593911634,118441,25,120,0.955525197328476,0.637883854960344,0.822575287418448
"GO:0014909","smooth muscle cell migration",0.0116011534577154,14,0.929004276119046,0.644578619976387,0.963880161270615,157635,8,35,1.04834764506896,0.505878787189,0.774119999011001
"GO:0048562","embryonic organ morphogenesis",0.0441815499920268,55,0.958324498516706,0.645383560050577,0.964532759968511,148948,38,152,1.14663023679417,0.192213290721045,0.601773572293633
"GO:0043243","positive regulation of protein-containing complex disassembly",0.00424666454047733,5,0.906385391859919,0.645534998113696,0.964532759968511,205721,4,15,1.22307225258045,0.419938859200025,0.731786363378155
"GO:0030335","positive regulation of cell migration",0.0662010312018285,83,0.965170827706031,0.646631073206992,0.965781514330893,145581,65,256,1.16454633424408,0.0921179091533884,0.519218394507774
"GO:1903573","negative regulation of response to endoplasmic reticulum stress",0.005914261414979,7,0.911146837611432,0.64700576182717,0.965952264136338,168892,4,19,0.965583357300355,0.62085454826009,0.814840345306899
"GO:0032465","regulation of cytokinesis",0.00674374103013873,8,0.913229541031526,0.648005533694893,0.967055724057945,193475,7,37,0.867720179195589,0.72610364221146,0.864950897800897
"GO:0051251","positive regulation of lymphocyte activation",0.0347549566788923,43,0.952450804555896,0.64839491763734,0.967168518582743,154228,31,137,1.03782590775531,0.440350744686099,0.741424756334832
"GO:0002347","response to tumor cell",0.00674746186147876,8,0.912725948248541,0.648602499793494,0.967168518582743,125925,6,20,1.37595628415301,0.258274367035768,0.640269346339134
"GO:0044784","metaphase/anaphase transition of cell cycle",0.0100172752883644,12,0.922194411429809,0.64912338103584,0.967556345376845,127811,10,42,1.09202879694683,0.435332898277466,0.741424756334832
"GO:0010508","positive regulation of autophagy",0.021281693509807,26,0.940498294912055,0.6504358732136,0.969080898677297,74761,19,81,1.07585059254762,0.401064534754116,0.722895245575533
"GO:0001541","ovarian follicle development",0.00510670812735874,6,0.904484362361782,0.650668603397614,0.969080898677297,237485,3,24,0.573315118397086,0.920681377646235,0.95066181771988
"GO:0051247","positive regulation of protein metabolic process",0.104624860468825,132,0.971247442722263,0.651530711287898,0.969975497142096,164603,100,464,0.988474342063941,0.573020271527539,0.800731083677225
"GO:0034763","negative regulation of transmembrane transport",0.0132783181842343,16,0.927614994661194,0.652053383118985,0.970364240421754,179045,12,47,1.17102662481107,0.31924083223203,0.677564924245326
"GO:0061844","antimicrobial humoral immune response mediated by antimicrobial peptide",0.00428161377770691,5,0.89898690154151,0.652545940290866,0.970551503025044,55135,4,29,0.632623578920922,0.904678239991992,0.943439549157421
"GO:0048813","dendrite morphogenesis",0.0276779354701536,34,0.945662295254216,0.652711776389917,0.970551503025044,109830,22,81,1.24572173873935,0.149642553695078,0.585009351115636
"GO:0002292","T cell differentiation involved in immune response",0.00923350874395365,11,0.917100160164475,0.65314707273877,0.970551503025044,105957,9,40,1.03196721311475,0.519376819525846,0.781065261629869
"GO:0007034","vacuolar transport",0.0173128953383299,21,0.933771124891223,0.653425524995687,0.970551503025044,103251,13,73,0.816777702921875,0.834566522334497,0.913883050482637
"GO:0035794","positive regulation of mitochondrial membrane permeability",0.00512212300005315,6,0.901762344304084,0.653487238424949,0.970551503025044,24552,4,21,0.873623037557464,0.703122337618131,0.854160883857257
"GO:0048246","macrophage chemotaxis",0.00595625365438792,7,0.904723152798501,0.654158244279511,0.971112748172448,128945,6,20,1.37595628415301,0.258274367035768,0.640269346339134
"GO:0042326","negative regulation of phosphorylation",0.0364210917982246,45,0.95115304407904,0.654388644321057,0.971112748172448,126532,30,120,1.14663023679417,0.225849199822635,0.628111342835065
"GO:0072088","nephron epithelium morphogenesis",0.0141089937808962,17,0.927563665810228,0.6547697785322,0.971289835407622,210613,13,47,1.26861217687866,0.20884601010897,0.616159221484306
"GO:0048585","negative regulation of response to stimulus",0.177123398713655,225,0.977906718822824,0.6551253137296,0.971428822516713,127738,166,756,1.00709322385097,0.472461408379612,0.754978406316201
"GO:0033077","T cell differentiation in thymus",0.0108918035401052,13,0.918828382513272,0.657128930968368,0.973398432243792,134873,11,37,1.36356028159307,0.16480750584569,0.590868505944047
"GO:0031146","SCF-dependent proteasomal ubiquitin-dependent protein catabolic process",0.00597578801892309,7,0.901765686466997,0.657455826232688,0.973398432243792,191397,6,20,1.37595628415301,0.258274367035768,0.640269346339134
"GO:0032392","DNA geometric change",0.00430646361558497,5,0.893799425052224,0.65747684483659,0.973398432243792,87199,5,31,0.739761443093014,0.837668102919736,0.914312639550521
"GO:0042274","ribosomal small subunit biogenesis",0.00430659650241854,5,0.893771845459993,0.657503091968448,0.973398432243792,85477,3,27,0.509613438575187,0.953481644261821,0.97261943915627
"GO:0045778","positive regulation of ossification",0.00598030617126455,7,0.901084397812022,0.6582158314021,0.973852260156735,168573,5,25,0.917304189435337,0.663607051000599,0.835308084274144
"GO:0048681","negative regulation of axon regeneration",0.00431138042842715,5,0.892780112429646,0.658447127130529,0.973852260156735,147308,4,9,2.03845375430075,0.1112028574589,0.53758873962322
"GO:0051128","regulation of cellular component organization",0.261774969436028,334,0.982220961597812,0.658711167205627,0.973852260156735,137292,242,1119,0.991901759800498,0.57502739177055,0.800731083677225
"GO:0099003","vesicle-mediated transport in synapse",0.0349029926114921,43,0.948411123928011,0.659038893522476,0.973852260156735,106236,35,130,1.23483256270142,0.0956545721101475,0.521003496228806
"GO:2000379","positive regulation of reactive oxygen species metabolic process",0.00681643012810291,8,0.903491037104355,0.659561509151921,0.973852260156735,91414,6,32,0.859972677595628,0.728270983273641,0.864950897800897
"GO:0002443","leukocyte mediated immunity",0.0357033700100994,44,0.948711826986037,0.659605294290317,0.973852260156735,120134,34,161,0.968582063378927,0.615334611465918,0.814840345306899
"GO:0043368","positive T cell selection",0.00515627491628129,6,0.895789638709369,0.659681949119033,0.973852260156735,147840,6,25,1.1007650273224,0.472020453220527,0.754978406316201
"GO:0099565","chemical synaptic transmission, postsynaptic",0.0173798703024504,21,0.930172750076103,0.660139156953712,0.973852260156735,78466,16,52,1.4112372145159,0.0839557882890726,0.503981106904705
"GO:0009582","detection of abiotic stimulus",0.0117293892521129,14,0.918847600542325,0.660248066069852,0.973852260156735,145280,9,56,0.73711943793911,0.889273893052476,0.937274472507013
"GO:0032732","positive regulation of interleukin-1 production",0.00432147982777866,5,0.890693664442418,0.660434578586077,0.973852260156735,114433,5,17,1.34897674916961,0.305433703579954,0.668216294192446
"GO:0061024","membrane organization",0.0899840535799713,113,0.966726757029902,0.660800923942939,0.974005334854313,127906,78,353,1.01345222062261,0.467375956913213,0.754978406316201
"GO:0043473","pigmentation",0.012553154733429,15,0.919875868342797,0.661726206610896,0.97413782210263,235255,10,46,0.997069771125366,0.562182204027652,0.794225930685381
"GO:0019730","antimicrobial humoral response",0.0092980917450699,11,0.910730134755872,0.661922285024989,0.97413782210263,41437,7,40,0.80264116575592,0.800334182984382,0.896603180557721
"GO:0035855","megakaryocyte development",0.00600342848030617,7,0.89761385560649,0.662089316941221,0.97413782210263,136463,3,11,1.25086934923,0.442336217723005,0.741424756334832
"GO:0045661","regulation of myoblast differentiation",0.0117453356721416,14,0.917600098539009,0.662170278894509,0.97413782210263,217807,10,41,1.11866364565285,0.40275592253494,0.722895245575533
"GO:1901605","alpha-amino acid metabolic process",0.0174006006484877,21,0.9290645812621,0.662203662356559,0.97413782210263,217415,13,86,0.693311305968569,0.954729336520613,0.973356921816839
"GO:0042446","hormone biosynthetic process",0.00683782490830809,8,0.900664115910057,0.662919785085908,0.974730706194177,256741,5,28,0.819021597710122,0.762482703210494,0.879490092194061
"GO:0036297","interstrand cross-link repair",0.00433556583213735,5,0.887799851887067,0.663194033771877,0.974730706194177,187814,3,17,0.809386049501768,0.750984683904892,0.873040703943482
"GO:0030216","keratinocyte differentiation",0.0133779833094137,16,0.920704321922042,0.663394887638894,0.974730706194177,130825,11,48,1.05107771706132,0.482027826107924,0.763914239581546
"GO:0021700","developmental maturation",0.0381433051613246,47,0.948572182221303,0.663993582054275,0.975224144664038,146205,36,141,1.17102662481107,0.163351194048576,0.590868505944047
"GO:0031347","regulation of defense response",0.0673293733056929,84,0.96042965864525,0.66478037015172,0.975826174172814,131519,73,296,1.13113523359425,0.127096999470562,0.554477376521119
"GO:0098662","inorganic cation transmembrane transport",0.100245840642109,126,0.967598155792541,0.664929533236893,0.975826174172814,120532,78,364,0.982825917252147,0.591691068113243,0.810139283120952
"GO:0014020","primary neural tube formation",0.0101428533460905,12,0.910776777842727,0.665503040688357,0.976281645296088,53370,10,43,1.06663277841318,0.467759273710989,0.754978406316201
"GO:0000288","nuclear-transcribed mRNA catabolic process, deadenylation-dependent decay",0.00602668367618136,7,0.894150228319245,0.665958022950413,0.976562950650605,295401,4,24,0.764420157862781,0.800901062093878,0.896603180557721
"GO:0055117","regulation of cardiac muscle contraction",0.0101498963482698,12,0.910144790814374,0.666408875966044,0.976837980969586,102611,7,32,1.0033014571949,0.565368918582704,0.796626922879541
"GO:0036293","response to decreased oxygen levels",0.0326358103439111,40,0.943531577872721,0.66723984393484,0.976849119329243,102642,26,145,0.822410652597199,0.894962491853253,0.939001935739697
"GO:0006110","regulation of glycolytic process",0.00852203263700632,10,0.903332542263135,0.668000067048091,0.976849119329243,157016,5,21,1.09202879694683,0.496178188229511,0.769895892233997
"GO:0030811","regulation of nucleotide catabolic process",0.00852203263700632,10,0.903332542263135,0.668000067048091,0.976849119329243,157016,5,21,1.09202879694683,0.496178188229511,0.769895892233997
"GO:0033121","regulation of purine nucleotide catabolic process",0.00852203263700632,10,0.903332542263135,0.668000067048091,0.976849119329243,157016,5,21,1.09202879694683,0.496178188229511,0.769895892233997
"GO:0006654","phosphatidic acid biosynthetic process",0.00520504438420241,6,0.887396399223899,0.668407601917912,0.976849119329243,107250,5,16,1.43328779599271,0.258523849276556,0.640269346339134
"GO:0046473","phosphatidic acid metabolic process",0.00520756923404029,6,0.886966151913875,0.668855454444274,0.976849119329243,107250,5,17,1.34897674916961,0.305433703579954,0.668216294192446
"GO:0070482","response to oxygen levels",0.0350434539945782,43,0.944609696756424,0.668996493572075,0.976849119329243,109748,28,155,0.828532816264175,0.89402086786844,0.9386795621066
"GO:0060688","regulation of morphogenesis of a branching structure",0.00770491149736884,9,0.899219474341619,0.669030467626576,0.976849119329243,98779,8,34,1.07918139933569,0.469900996430349,0.754978406316201
"GO:0010628","positive regulation of gene expression",0.116758890129166,147,0.969210756981203,0.669224064443205,0.976849119329243,127637,114,470,1.11247529357052,0.102664050262568,0.533168600567762
"GO:0016358","dendrite development",0.0429754690905225,53,0.94939314734206,0.669386058093537,0.976849119329243,142859,35,124,1.29458252541277,0.0538894283155065,0.468665754590752
"GO:0031069","hair follicle morphogenesis",0.0043677244458619,5,0.881263172924043,0.669439085435871,0.976849119329243,94344,4,13,1.4112372145159,0.309606601725307,0.668216294192446
"GO:0042254","ribosome biogenesis",0.0182840323180779,22,0.926278427060903,0.669913825393302,0.976849119329243,111442,11,95,0.531070846515195,0.996796243315866,0.996796243315866
"GO:0030101","natural killer cell activation",0.00605126774039228,7,0.890517626429813,0.670018135611361,0.976849119329243,160331,8,25,1.46768670309654,0.159225173432425,0.590868505944047
"GO:0035235","ionotropic glutamate receptor signaling pathway",0.00521461223621964,6,0.885768190443692,0.670102697760896,0.976849119329243,262422,5,13,1.76404651814488,0.132865333619212,0.554477376521119
"GO:0032784","regulation of DNA-templated transcription elongation",0.00605618455323447,7,0.889794645076895,0.670826484457441,0.977090250969043,39084,6,38,0.724187517975266,0.866035557910819,0.927270395338857
"GO:1901799","negative regulation of proteasomal protein catabolic process",0.004378886939882,5,0.879016689963202,0.671588897341146,0.977090250969043,137956,3,20,0.687978142076503,0.844345954800262,0.916210439400109
"GO:1905818","regulation of chromosome separation",0.00438340509222346,5,0.878110652024114,0.672456430989717,0.977090250969043,40850,5,23,0.997069771125366,0.584453933174545,0.806068435716566
"GO:2000242","negative regulation of reproductive process",0.00522856535374475,6,0.883404400986147,0.672564814159127,0.977090250969043,166056,6,26,1.05842791088693,0.513803584254512,0.777727987590469
"GO:0071453","cellular response to oxygen levels",0.0150830542709828,18,0.918700727589604,0.672711850546065,0.977090250969043,134444,12,72,0.764420157862781,0.888566862867562,0.937274472507013
"GO:0006812","monoatomic cation transport",0.116846329665657,147,0.968485468137345,0.672756855919313,0.977090250969043,123072,94,446,0.966665849853382,0.66797601202223,0.836096830162778
"GO:0033045","regulation of sister chromatid segregation",0.0102017222133631,12,0.905521155691049,0.673031847152221,0.977090250969043,127811,10,44,1.04239112435834,0.499831132082436,0.772977699052037
"GO:0042391","regulation of membrane potential",0.0596211396374847,74,0.955481528194958,0.673270549425924,0.977090250969043,133849,53,217,1.12021018525513,0.192372899390903,0.601773572293633
"GO:0070571","negative regulation of neuron projection regeneration",0.00438792324456493,5,0.877206479941473,0.673322448416932,0.977090250969043,147308,4,10,1.83460837887067,0.15459264304406,0.587040640423195
"GO:0006885","regulation of pH",0.0102041141763674,12,0.905308891003827,0.673335701460455,0.977090250969043,216404,8,47,0.780684416540712,0.83469946516902,0.913883050482637
"GO:0045324","late endosome to vacuole transport",0.00438898633923351,5,0.876994004107649,0.673525996759407,0.977090250969043,188425,2,16,0.573315118397086,0.893512307886719,0.93854209010751
"GO:1905521","regulation of macrophage migration",0.00773587412959124,9,0.89562037210639,0.673546912823781,0.977090250969043,72792,6,18,1.52884031572556,0.180687224901036,0.593229738391896
"GO:0033108","mitochondrial respiratory chain complex assembly",0.00690732472226652,8,0.891601853599875,0.673691876544154,0.977090250969043,286630,7,34,0.944283724418729,0.63487232966514,0.819546396331826
"GO:0009966","regulation of signal transduction",0.328864614893956,420,0.983157264299121,0.674279839416927,0.977171357077288,129630,319,1405,1.04135244281093,0.191499361501742,0.600562611380413
"GO:0031103","axon regeneration",0.0110366501886993,13,0.906769541328252,0.67506283108831,0.977171357077288,99381,10,26,1.76404651814488,0.0401366306919704,0.442114843387871
"GO:0042176","regulation of protein catabolic process",0.0367204858342635,45,0.943397984681329,0.67514426508798,0.977171357077288,162532,37,146,1.1623375003119,0.171809702364612,0.593229738391896
"GO:0071772","response to BMP",0.0183394461276777,22,0.923479617542003,0.675218014902105,0.977171357077288,95935,18,82,1.00679728108756,0.530661898587046,0.78539884722814
"GO:0071773","cellular response to BMP stimulus",0.0183394461276777,22,0.923479617542003,0.675218014902105,0.977171357077288,95935,18,82,1.00679728108756,0.530661898587046,0.78539884722814
"GO:0034440","lipid oxidation",0.010221655238399,12,0.903755318803976,0.675559025074641,0.977171357077288,185695,5,44,0.521195562179169,0.976447879382123,0.984140622794804
"GO:0072331","signal transduction by p53 class mediator",0.0215618189549779,26,0.928279589982994,0.675591517763678,0.977171357077288,151127,17,73,1.06809391920553,0.423967628485332,0.735121112733222
"GO:0090068","positive regulation of cell cycle process",0.0207633019720406,25,0.926903319327845,0.676034976036723,0.977241986694832,153963,21,107,0.900158316735611,0.743695119409887,0.873040703943482
"GO:0014812","muscle cell migration",0.0126812576409929,15,0.910583511333057,0.676482372469093,0.977241986694832,148467,9,41,1.00679728108756,0.552176446804538,0.788457974921475
"GO:0099068","postsynapse assembly",0.0159294105140063,19,0.918215765792981,0.676519109209082,0.977241986694832,101287,15,51,1.34897674916961,0.126511879490023,0.554477376521119
"GO:0006260","DNA replication",0.0223797374156169,27,0.928751710242763,0.676901650117964,0.977241986694832,219073,22,111,0.909040187728712,0.729820609088417,0.866165854036477
"GO:0006417","regulation of translation",0.0430975920905757,53,0.946702910283348,0.677140348101851,0.977241986694832,158765,36,168,0.982825917252147,0.578056964365548,0.802917011529833
"GO:0050672","negative regulation of lymphocyte proliferation",0.0102348110349227,12,0.902593634329215,0.677220794553211,0.977241986694832,148127,11,34,1.48387442408657,0.102650889250951,0.533168600567762
"GO:0006694","steroid biosynthetic process",0.0239979003880296,29,0.930284104859494,0.678074448511931,0.977849770180605,144246,14,75,0.856150576806314,0.785856411617402,0.888514060872553
"GO:0003281","ventricular septum development",0.00859551905597193,10,0.895609602760151,0.678169126327411,0.977849770180605,224863,8,41,0.89493091652228,0.698248704847229,0.854160883857257
"GO:0098771","inorganic ion homeostasis",0.0478716844735024,59,0.948777006746749,0.678569840715076,0.978047439414504,81670,41,218,0.862602563459835,0.880298222667327,0.933649630101711
"GO:0072028","nephron morphogenesis",0.014330383245628,17,0.913233775258202,0.678900314119497,0.978143753546926,210613,13,48,1.24218275652702,0.232889640609996,0.640015234565247
"GO:0007339","binding of sperm to zona pellucida",0.00694386860149896,8,0.886909571482908,0.679270989823769,0.978297892952711,159914,3,16,0.859972677595628,0.711198846224575,0.859181934058344
"GO:1903861","positive regulation of dendrite extension",0.00527122202732153,6,0.876255566622153,0.68001871567621,0.978994736188879,276423,6,15,1.83460837887067,0.0870320823186246,0.503981106904705
"GO:0044344","cellular response to fibroblast growth factor stimulus",0.0151626534842928,18,0.913877834600645,0.681021996704756,0.980058808291173,88053,15,55,1.25086934923,0.202626023858667,0.616159221484306
"GO:0048469","cell maturation",0.0176019242013501,21,0.918438323575799,0.681911314195701,0.980958113868186,237967,17,77,1.01260852080524,0.521628072932101,0.783498036671293
"GO:0045815","transcription initiation-coupled chromatin remodeling",0.00443682559931962,5,0.867537976748156,0.682598525896792,0.981214985352179,203657,3,20,0.687978142076503,0.844345954800262,0.916210439400109
"GO:0050793","regulation of developmental process",0.298217721788125,380,0.980936732132963,0.68261910166273,0.981214985352179,148492,282,1166,1.10926149837378,0.0184174162201987,0.386281270938799
"GO:0070588","calcium ion transmembrane transport",0.0376298304364004,46,0.941058061187336,0.682883313255883,0.981214985352179,81732,32,139,1.05588971445794,0.395499610114089,0.722895245575533
"GO:0009719","response to endogenous stimulus",0.167047387444852,211,0.972374623615776,0.683213324419496,0.981303857339482,136004,146,690,0.970481243895357,0.681567043070225,0.8443728149549
"GO:0010324","membrane invagination",0.0052916865996917,6,0.872866818040755,0.683555426844481,0.981303857339482,93477,5,28,0.819021597710122,0.762482703210494,0.879490092194061
"GO:0031348","negative regulation of defense response",0.0224593366289268,27,0.925460076713375,0.683738671488561,0.981303857339482,172057,21,96,1.0033014571949,0.533613068688271,0.787604095851332
"GO:0043470","regulation of carbohydrate catabolic process",0.00864202944772232,10,0.890789536625019,0.684508609029423,0.981873322272199,157016,5,24,0.955525197328476,0.625289731444584,0.81540418406306
"GO:0022037","metencephalon development",0.020055015149099,24,0.921253384253725,0.684745580503216,0.981873322272199,190620,20,59,1.55475286344972,0.0215448018347107,0.405821798307366
"GO:0035418","protein localization to synapse",0.0184421676500292,22,0.918335903745734,0.684929422652413,0.981873322272199,101412,16,51,1.43890853244759,0.0721261952316798,0.479523898061771
"GO:0046928","regulation of neurotransmitter secretion",0.0119404135438261,14,0.902608701999564,0.685197979653765,0.981878912520459,304445,13,42,1.41963743603088,0.107878729569439,0.53758873962322
"GO:0048704","embryonic skeletal system morphogenesis",0.00947881783872854,11,0.893365870305178,0.685799670818972,0.981924444619383,171979,8,38,0.965583357300355,0.608113769905779,0.814840345306899
"GO:0010975","regulation of neuron projection development",0.0708902088981024,88,0.95562447673212,0.685836115884854,0.981924444619383,135929,63,239,1.20899924549009,0.0512923904429053,0.463160125076864
"GO:0030001","metal ion transport",0.091329266996226,114,0.960916671389914,0.686074470060425,0.981924444619383,92988,81,373,0.99600052740298,0.537966309143875,0.788457974921475
"GO:1902806","regulation of cell cycle G1/S phase transition",0.0249016637431563,30,0.927435550488311,0.686421406881082,0.981924444619383,171081,24,104,1.05842791088693,0.413652855240805,0.730438882885953
"GO:1903036","positive regulation of response to wounding",0.00699356827725509,8,0.880606763477007,0.686763488608915,0.981924444619383,55569,7,22,1.45934757410167,0.185875759505939,0.597284770758932
"GO:0010212","response to ionizing radiation",0.011134056237708,13,0.898836687703618,0.686817771910323,0.981924444619383,121056,12,55,1.000695479384,0.552034825250051,0.788457974921475
"GO:0003222","ventricular trabecula myocardium morphogenesis",0.00446180832403126,5,0.862680425532149,0.687268418176529,0.982167630088417,43472,3,8,1.71994535519126,0.243958709948775,0.640269346339134
"GO:0043299","leukocyte degranulation",0.00783367883910062,9,0.884438411226486,0.687568960221642,0.982167630088417,174724,7,31,1.03566602033022,0.528442811964507,0.784760956846717
"GO:0045667","regulation of osteoblast differentiation",0.0176631850316271,21,0.915252924444235,0.687782076272158,0.982167630088417,119748,16,66,1.11188386598223,0.360673568498931,0.710658612643248
"GO:0044060","regulation of endocrine process",0.00446672513687344,5,0.861730817471438,0.688181982905246,0.982360583523841,303139,4,20,0.917304189435337,0.663704404401251,0.835308084274144
"GO:0002437","inflammatory response to antigenic stimulus",0.00447243927071706,5,0.860629842157934,0.689241413839753,0.983203859973568,202280,4,27,0.679484584766916,0.870815378417802,0.927836029273419
"GO:0032388","positive regulation of intracellular transport",0.0152431829054377,18,0.909049836834421,0.689309258684365,0.983203859973568,125045,17,60,1.29951426836673,0.142213903936638,0.57273362563044
"GO:1903311","regulation of mRNA metabolic process",0.0401176048477117,49,0.940268598752342,0.689567774569063,0.983203859973568,173825,33,138,1.0967767482379,0.303023637883915,0.668216294192446
"GO:0002763","positive regulation of myeloid leukocyte differentiation",0.00701536171796098,8,0.877871131009772,0.690014153797774,0.983454322403546,167506,6,28,0.982825917252147,0.593083097831942,0.810139283120952
"GO:0141137","positive regulation of gene expression, epigenetic",0.00447895072556211,5,0.859378666894153,0.690445683656749,0.983454322403546,203657,3,22,0.625434674615002,0.888220621086991,0.937274472507013
"GO:0071867","response to monoamine",0.00702067719130389,8,0.877206479941473,0.6908037639309,0.983454322403546,102104,7,27,1.1890980233421,0.372211979527185,0.714045860789383
"GO:0071869","response to catecholamine",0.00702067719130389,8,0.877206479941473,0.6908037639309,0.983454322403546,102104,7,27,1.1890980233421,0.372211979527185,0.714045860789383
"GO:0014070","response to organic cyclic compound",0.09379817147717,117,0.96024562788612,0.691086688297523,0.983479713687691,126716,86,397,0.993553656063463,0.548445644512634,0.788457974921475
"GO:0007200","phospholipase C-activating G protein-coupled receptor signaling pathway",0.0144543666613512,17,0.905400443956802,0.69199643328764,0.984212327192197,106960,14,61,1.05264415181104,0.46367929465589,0.754978406316201
"GO:1990573","potassium ion import across plasma membrane",0.00786690054749375,9,0.880703451719618,0.692246384842887,0.984212327192197,83778,7,23,1.39589767957551,0.220046587003463,0.616159221484306
"GO:0070542","response to fatty acid",0.00534351246478499,6,0.864401023630373,0.692397351474834,0.984212327192197,92248,5,32,0.716643897996357,0.857926828780124,0.922020255158991
"GO:1902904","negative regulation of supramolecular fiber organization",0.0193359644926381,23,0.915699221695659,0.692765910401612,0.984359068399074,105374,18,76,1.0862812769629,0.38844457391577,0.717450621306231
"GO:0044087","regulation of cellular component biogenesis",0.115025248498379,144,0.963740612703529,0.693700628125379,0.984822346274477,118647,105,466,1.03344356105912,0.365406766866952,0.710658612643248
"GO:0072273","metanephric nephron morphogenesis",0.00449755488226227,5,0.855823843039369,0.69386889661704,0.984822346274477,208953,4,20,0.917304189435337,0.663704404401251,0.835308084274144
"GO:1903828","negative regulation of protein localization",0.0217727103598575,26,0.919288234124354,0.693888305434362,0.984822346274477,153865,12,88,0.625434674615002,0.981583600287729,0.986086515845628
"GO:0051261","protein depolymerization",0.0136595705097539,16,0.901724328944517,0.694335825546146,0.984985476322743,141739,11,55,0.917304189435337,0.678885489959921,0.842081299816552
"GO:0032409","regulation of transporter activity",0.0209728645085845,25,0.917641627361554,0.694534233439433,0.984985476322743,103247,16,81,0.905979446355888,0.714784061243994,0.861829336111544
"GO:0097530","granulocyte migration",0.010377398607346,12,0.890191813788888,0.694912646626324,0.985024694293577,183634,10,50,0.917304189435337,0.675721174464249,0.840881494579416
"GO:1903579","negative regulation of ATP metabolic process",0.00535959177164727,6,0.861807734830926,0.69510705840683,0.985024694293577,165268,3,11,1.25086934923,0.442336217723005,0.741424756334832
"GO:0045576","mast cell activation",0.00705150693669271,8,0.873371263912783,0.695358402791072,0.985024694293577,195317,6,27,1.01922687715037,0.55425832846232,0.788457974921475
"GO:0002685","regulation of leukocyte migration",0.0226067081273587,27,0.919427069277005,0.696190783131268,0.98505858986008,77281,21,91,1.05842791088693,0.42423027017839,0.735121112733222
"GO:0050867","positive regulation of cell activation",0.0394256631052995,48,0.937244886815041,0.696234225667979,0.98505858986008,145668,35,151,1.06310088179592,0.370667226351099,0.714045860789383
"GO:0040029","epigenetic regulation of gene expression",0.0234175835858183,28,0.920463986442883,0.696571538311655,0.98505858986008,167958,21,101,0.953633068224855,0.636566128566531,0.821161452358077
"GO:0035239","tube morphogenesis",0.123710731940679,155,0.964528735222258,0.696636645294707,0.98505858986008,171305,112,428,1.20021108898081,0.015500894461036,0.386281270938799
"GO:0002367","cytokine production involved in immune response",0.0128718173603359,15,0.897102855610525,0.697751033103336,0.98505858986008,107158,13,47,1.26861217687866,0.20884601010897,0.616159221484306
"GO:0002718","regulation of cytokine production involved in immune response",0.0128718173603359,15,0.897102855610525,0.697751033103336,0.98505858986008,107158,13,47,1.26861217687866,0.20884601010897,0.616159221484306
"GO:1900543","negative regulation of purine nucleotide metabolic process",0.00537553819167597,6,0.859251200464771,0.697778622595704,0.98505858986008,165268,3,12,1.14663023679417,0.504706732604915,0.774119999011001
"GO:0051304","chromosome separation",0.00452054430447031,5,0.851471514129797,0.698063033473879,0.98505858986008,40850,5,25,0.917304189435337,0.663607051000599,0.835308084274144
"GO:0048736","appendage development",0.0242432094828044,29,0.920870864759893,0.698185977586499,0.98505858986008,132966,19,96,0.907748937462052,0.722307444646645,0.864950897800897
"GO:0060173","limb development",0.0242432094828044,29,0.920870864759893,0.698185977586499,0.98505858986008,132966,19,96,0.907748937462052,0.722307444646645,0.864950897800897
"GO:0031334","positive regulation of protein-containing complex assembly",0.0258545952267049,31,0.923027839081512,0.698302989577361,0.98505858986008,140153,21,84,1.14663023679417,0.275368627272524,0.662283342781832
"GO:0032637","interleukin-8 production",0.00538550470419391,6,0.857661054635204,0.699440374191472,0.985323030436165,146219,6,26,1.05842791088693,0.513803584254512,0.777727987590469
"GO:0032677","regulation of interleukin-8 production",0.00538550470419391,6,0.857661054635204,0.699440374191472,0.985323030436165,146219,6,26,1.05842791088693,0.513803584254512,0.777727987590469
"GO:0120031","plasma membrane bounded cell projection assembly",0.0640647424653165,79,0.949289889834361,0.699505741405697,0.985323030436165,128745,57,250,1.04572677595628,0.373491549093908,0.714045860789383
"GO:0032509","endosome transport via multivesicular body sorting pathway",0.00452918194865253,5,0.849847665043202,0.699628575231905,0.985323030436165,188425,2,18,0.509613438575187,0.928300495228867,0.955073443510564
"GO:0060411","cardiac septum morphogenesis",0.01371113060118,16,0.898333435064653,0.699818378759917,0.985323030436165,201281,13,42,1.41963743603088,0.107878729569439,0.53758873962322
"GO:0048538","thymus development",0.00792510498059852,9,0.874235291958171,0.700335451095022,0.985676981624633,257331,8,27,1.35896916953383,0.219975836193115,0.616159221484306
"GO:0006284","base-excision repair",0.00539493966937756,6,0.856161130134512,0.7010078391001,0.985959188683011,64520,3,21,0.655217278168098,0.867883224330617,0.927836029273419
"GO:0042102","positive regulation of T cell proliferation",0.00959868176261096,11,0.882209928132523,0.701067477020427,0.985959188683011,65437,8,36,1.01922687715037,0.541047926978345,0.788457974921475
"GO:0070585","protein localization to mitochondrion",0.0129068994843991,15,0.894664448639434,0.701575287814409,0.986103455464896,173821,9,57,0.724187517975266,0.90106433833965,0.943269947866846
"GO:0043367","CD4-positive, alpha-beta T cell differentiation",0.00960638919895817,11,0.881502109958063,0.702033373141619,0.986103455464896,109139,9,44,0.938152011922504,0.644393369401158,0.827231626463079
"GO:0010833","telomere maintenance via telomere lengthening",0.00454326795301122,5,0.847212786793046,0.702169545146748,0.986103455464896,75532,5,27,0.849355730958645,0.73223277367861,0.867087006175436
"GO:0035710","CD4-positive, alpha-beta T cell activation",0.0112669430712805,13,0.888235448257204,0.702446771295864,0.986103455464896,110906,11,52,0.970225584979683,0.599641892352547,0.813546739063194
"GO:0016485","protein processing",0.0259090788284697,31,0.921086825217792,0.702541441534251,0.986103455464896,107684,24,98,1.12322961971674,0.294145849172465,0.668216294192446
"GO:0000956","nuclear-transcribed mRNA catabolic process",0.00961223621963536,11,0.880965901635031,0.702764834568514,0.986103455464896,226897,6,49,0.56161480985837,0.971192358736452,0.981510120106847
"GO:0006959","humoral immune response",0.0210754531441025,25,0.913174838353419,0.703373653687498,0.986584595531425,85916,20,85,1.07918139933569,0.390474648765482,0.7185818189087
"GO:0051341","regulation of oxidoreductase activity",0.0054169988837506,6,0.852674653154767,0.704651107907308,0.987970162250677,141563,5,20,1.14663023679417,0.449455123695447,0.741424756334832
"GO:0031503","protein-containing complex localization",0.022711688725881,27,0.915177186972115,0.704894075330874,0.987970162250677,150127,20,92,0.997069771125366,0.54726347859128,0.788457974921475
"GO:0033673","negative regulation of kinase activity",0.0251428533460905,30,0.918538874797202,0.705619702740128,0.988613707388925,131940,20,77,1.19130414212381,0.222628899398069,0.621484737973542
"GO:0042692","muscle cell differentiation",0.0657804443735715,81,0.947936104604165,0.706288367499141,0.988755104662764,162154,47,197,1.09424611430104,0.264405680709053,0.647133716229459
"GO:0098900","regulation of action potential",0.00964479349386063,11,0.877992084884999,0.706817384888149,0.988755104662764,68428,10,28,1.63804319542024,0.0652383885149981,0.479523898061771
"GO:0048806","genitalia development",0.00964505926752777,11,0.877967891443606,0.706850324597646,0.988755104662764,106968,7,29,1.10709126311161,0.451406565439207,0.741424756334832
"GO:0051651","maintenance of location in cell",0.0235491415510551,28,0.915321787570467,0.707268562681911,0.988755104662764,70079,18,91,0.907223923617366,0.719791468560735,0.864950897800897
"GO:0006275","regulation of DNA replication",0.00881491521820018,10,0.873318598838226,0.707402921304943,0.988755104662764,86802,10,47,0.97585552067589,0.592145301081899,0.810139283120952
"GO:0097484","dendrite extension",0.00797759527985967,9,0.868483073339686,0.707513979787564,0.988755104662764,301474,9,25,1.65114754098361,0.0748367485115271,0.479523898061771
"GO:0050821","protein stabilization",0.0227445117737735,27,0.913856476950427,0.707586200237099,0.988755104662764,117418,23,92,1.14663023679417,0.26293994637553,0.646036865214677
"GO:0051492","regulation of stress fiber assembly",0.0113187689363738,13,0.884168436131485,0.70841213374601,0.989029985560678,102936,7,41,0.783064551956995,0.821351781424384,0.904220672793011
"GO:0051588","regulation of neurotransmitter transport",0.0129716153723489,15,0.890200933298526,0.708553966795882,0.989029985560678,304220,14,50,1.28422586520947,0.184020317997414,0.597284770758932
"GO:0031647","regulation of protein stability",0.0348235262850157,42,0.928468967954721,0.708582668900346,0.989029985560678,102342,37,151,1.12384950361283,0.235452673814277,0.640269346339134
"GO:1903599","positive regulation of autophagy of mitochondrion",0.00714745123053208,8,0.861647505824339,0.709256951799937,0.989598830830299,113664,5,20,1.14663023679417,0.449455123695447,0.741424756334832
"GO:0050881","musculoskeletal movement",0.00630508159251581,7,0.854669444954041,0.710117487570983,0.990117891970435,45258,5,20,1.14663023679417,0.449455123695447,0.741424756334832
"GO:0007162","negative regulation of cell adhesion",0.0428405889544464,52,0.934412758895421,0.710333639223973,0.990117891970435,138490,41,147,1.27923373356629,0.0470177355346115,0.446247940790258
"GO:0044818","mitotic G2/M transition checkpoint",0.00631252325519588,7,0.853661898295569,0.711242388825496,0.990117891970435,401872,4,19,0.965583357300355,0.62085454826009,0.814840345306899
"GO:2000351","regulation of endothelial cell apoptotic process",0.00545845957582523,6,0.846198012493936,0.711417005726697,0.990117891970435,211618,4,22,0.83391289948667,0.739079711540251,0.870836413296154
"GO:1900271","regulation of long-term synaptic potentiation",0.00459642268644023,5,0.837415304509163,0.711623215579709,0.990117891970435,59884,4,20,0.917304189435337,0.663704404401251,0.835308084274144
"GO:0045184","establishment of protein localization",0.164773029288258,207,0.967108205864294,0.711645875718903,0.990117891970435,119053,144,699,0.944862684396914,0.803490912119711,0.897876892760279
"GO:0072148","epithelial cell fate commitment",0.00546297772816669,6,0.845498164952589,0.71214786099991,0.990117891970435,175587,5,10,2.29326047358834,0.0461181790811607,0.442114843387871
"GO:0048609","multicellular organismal reproductive process",0.0872097751554776,108,0.953343560970417,0.712168110191983,0.990117891970435,124516,84,374,1.03012769936589,0.396863258648216,0.722895245575533
"GO:0001954","positive regulation of cell-matrix adhesion",0.00631890182320736,7,0.852800175700499,0.712204262935058,0.990117891970435,228850,6,27,1.01922687715037,0.55425832846232,0.788457974921475
"GO:0022008","neurogenesis",0.251979349386063,319,0.97457795128517,0.712297750315119,0.990117891970435,143620,233,943,1.13325491059615,0.0123970141410767,0.356534282661975
"GO:2000027","regulation of animal organ morphogenesis",0.0096932971881146,11,0.873598754234322,0.712790554268482,0.99043181885246,154564,9,46,0.89736279401283,0.699522211770806,0.854160883857257
"GO:0045980","negative regulation of nucleotide metabolic process",0.00547015361717961,6,0.844389018589081,0.713306021288764,0.990578461246354,165268,3,13,1.05842791088693,0.563236771868797,0.794225930685381
"GO:1903432","regulation of TORC1 signaling",0.00886381757295487,10,0.868500433800109,0.713684065407461,0.990578461246354,59367,7,49,0.655217278168098,0.933073416723219,0.956920616595062
"GO:2001251","negative regulation of chromosome organization",0.0063327220538989,7,0.850939065255155,0.714280949190466,0.990578461246354,54977,7,32,1.0033014571949,0.565368918582704,0.796626922879541
"GO:0002696","positive regulation of leukocyte activation",0.0381147344921065,46,0.929085713049395,0.714412284873419,0.990578461246354,151074,34,146,1.06809391920553,0.361836159280624,0.710658612643248
"GO:0002287","alpha-beta T cell activation involved in immune response",0.00887205655663637,10,0.867693905927369,0.714733754016735,0.990578461246354,109617,8,39,0.940824809677269,0.639672804576288,0.822594837080773
"GO:0002293","alpha-beta T cell differentiation involved in immune response",0.00887205655663637,10,0.867693905927369,0.714733754016735,0.990578461246354,109617,8,39,0.940824809677269,0.639672804576288,0.822594837080773
"GO:0043112","receptor metabolic process",0.00548304364003615,6,0.842403954368554,0.715378372673536,0.990578461246354,52462,5,31,0.739761443093014,0.837668102919736,0.914312639550521
"GO:0048812","neuron projection morphogenesis",0.105381518099187,131,0.956968613223786,0.715493222734195,0.990578461246354,173255,96,374,1.1772887992753,0.0382931216506068,0.442114843387871
"GO:1904263","positive regulation of TORC1 signaling",0.00462180407165258,5,0.832816502808149,0.716062045567616,0.990578461246354,85941,3,25,0.550382513661202,0.933448978829523,0.956920616595062
"GO:0007283","spermatogenesis",0.0588489342475947,72,0.941856508376225,0.716148613106675,0.990578461246354,122526,52,238,1.00209701366886,0.519274316784293,0.781065261629869
"GO:0006338","chromatin remodeling",0.0857388507946633,106,0.951741607922092,0.716705421040473,0.990578461246354,148341,79,352,1.02936123530386,0.404232639657207,0.724494247888037
"GO:1902107","positive regulation of leukocyte differentiation",0.0220477861053527,26,0.907818878647195,0.716876759487737,0.990578461246354,130554,17,81,0.962603161753131,0.614417352529774,0.814840345306899
"GO:1903708","positive regulation of hemopoiesis",0.0220477861053527,26,0.907818878647195,0.716876759487737,0.990578461246354,130554,17,81,0.962603161753131,0.614417352529774,0.814840345306899
"GO:0000377","RNA splicing, via transesterification reactions with bulged adenosine as nucleophile",0.0341471323021315,41,0.924315994983239,0.716901123570475,0.990578461246354,116680,28,117,1.09762894462348,0.320848690106329,0.679035162746424
"GO:0000398","mRNA splicing, via spliceosome",0.0341471323021315,41,0.924315994983239,0.716901123570475,0.990578461246354,116680,28,117,1.09762894462348,0.320848690106329,0.679035162746424
"GO:0045920","negative regulation of exocytosis",0.00549566788922554,6,0.840468845178473,0.71739796833184,0.990848366538056,158272,5,13,1.76404651814488,0.132865333619212,0.554477376521119
"GO:0071622","regulation of granulocyte chemotaxis",0.00463084037633551,5,0.831191401735177,0.717630609403708,0.990848366538056,72758,4,22,0.83391289948667,0.739079711540251,0.870836413296154
"GO:0097529","myeloid leukocyte migration",0.0196212725243183,23,0.902384267620723,0.717996919145238,0.990985331111917,144346,17,86,0.906637861651205,0.717280517669561,0.863996987192881
"GO:0070509","calcium ion import",0.00974392707170573,11,0.869059495790909,0.718942972769939,0.991618702767795,75074,9,38,1.0862812769629,0.451717461370599,0.741424756334832
"GO:0040014","regulation of multicellular organism growth",0.00890647424653165,10,0.864340837254896,0.719091989237516,0.991618702767795,102360,9,28,1.47423887587822,0.13705193720684,0.564396324603374
"GO:0021954","central nervous system neuron development",0.0122451230532079,14,0.880148049415269,0.719289299613931,0.991618702767795,159194,11,50,1.00903460837887,0.542169195075227,0.788457974921475
"GO:0010972","negative regulation of G2/M transition of mitotic cell cycle",0.00722027321532983,8,0.852957130862221,0.719524945512373,0.991618702767795,377841,5,27,0.849355730958645,0.73223277367861,0.867087006175436
"GO:0042403","thyroid hormone metabolic process",0.0046449263806942,5,0.828670766369155,0.720063416128855,0.991736975923791,404109,4,11,1.66782579897334,0.203078312779333,0.616159221484306
"GO:0060395","SMAD protein signal transduction",0.00891670653271674,10,0.863348970720341,0.720379338730849,0.991736975923791,70368,10,37,1.2396002559937,0.275445605906298,0.662283342781832
"GO:0048665","neuron fate specification",0.00722665178334131,8,0.852204272521568,0.720412708925773,0.991736975923791,309972,7,23,1.39589767957551,0.220046587003463,0.616159221484306
"GO:0051445","regulation of meiotic cell cycle",0.00551852442460001,6,0.836987804883474,0.721029238319465,0.99221753492775,16529,6,28,0.982825917252147,0.593083097831942,0.810139283120952
"GO:0007091","metaphase/anaphase transition of mitotic cell cycle",0.00976744804124807,11,0.86696671558418,0.721772337147143,0.992730598645647,139069,9,40,1.03196721311475,0.519376819525846,0.781065261629869
"GO:0098727","maintenance of cell number",0.0286012331898156,34,0.915134666078793,0.722885716421856,0.992730598645647,117249,28,107,1.20021108898081,0.162353422069406,0.590868505944047
"GO:1903426","regulation of reactive oxygen species biosynthetic process",0.00553194599479084,6,0.834957110696892,0.723146379198954,0.992730598645647,123940,3,14,0.982825917252147,0.617328601262156,0.814840345306899
"GO:1990138","neuron projection extension",0.0350491681284218,42,0.922491609270855,0.723401115241813,0.992730598645647,232726,34,102,1.52884031572556,0.00456460755561472,0.302405250559475
"GO:0046822","regulation of nucleocytoplasmic transport",0.0122857864242811,14,0.877234944344357,0.723659690531588,0.992730598645647,79807,12,54,1.01922687715037,0.52372272600512,0.78428087280288
"GO:0009967","positive regulation of signal transduction",0.172181071599426,216,0.96573771815728,0.723994582221703,0.992730598645647,115347,153,682,1.0289409163021,0.353374090801089,0.706445403811136
"GO:0021575","hindbrain morphogenesis",0.00725269760272152,8,0.849143844557659,0.724018256600889,0.992730598645647,166015,8,29,1.26524715784184,0.287739991824985,0.668216294192446
"GO:0042659","regulation of cell fate specification",0.00466858023707011,5,0.82447221813923,0.724114968619548,0.992730598645647,71970,3,12,1.14663023679417,0.504706732604915,0.774119999011001
"GO:0034341","response to type II interferon",0.010625764099293,12,0.869384564004976,0.724296860967206,0.992730598645647,149107,9,51,0.809386049501768,0.811937612051179,0.902152902279088
"GO:0051098","regulation of binding",0.0334594429383937,40,0.920305747039543,0.72455264372698,0.992730598645647,91678,27,99,1.25086934923,0.115840449119317,0.547048978101158
"GO:0071168","protein localization to chromatin",0.00467216818157657,5,0.823839073001719,0.724725838112815,0.992730598645647,428134,4,27,0.679484584766916,0.870815378417802,0.927836029273419
"GO:0009952","anterior/posterior pattern specification",0.0253926805932068,30,0.909501780914277,0.724794134273337,0.992730598645647,139083,24,102,1.07918139933569,0.372869532656335,0.714045860789383
"GO:0048858","cell projection morphogenesis",0.108765879976612,135,0.955502746082116,0.724880644671444,0.992730598645647,169090,100,388,1.18209302762286,0.0316645244802289,0.421058730543546
"GO:0045604","regulation of epidermal cell differentiation",0.00554656354648381,6,0.832756643934951,0.725439397623679,0.992805636403944,104427,4,26,0.705618607257952,0.850284622160144,0.920232190260832
"GO:0072078","nephron tubule morphogenesis",0.013960160527295,16,0.882308410959571,0.725470641587895,0.992805636403944,221516,12,45,1.22307225258045,0.263638763863887,0.646036865214677
"GO:1905710","positive regulation of membrane permeability",0.00555666294583533,6,0.831243084089464,0.727015880549864,0.994180553518014,24552,4,24,0.764420157862781,0.800901062093878,0.896603180557721
"GO:0002065","columnar/cuboidal epithelial cell differentiation",0.0180934725987349,21,0.893486955971439,0.727275675519787,0.994180553518014,168036,18,68,1.21407907425265,0.212062678771746,0.616159221484306
"GO:0006935","chemotaxis",0.0519121086482751,63,0.934249186335072,0.727547224474773,0.994180553518014,152014,49,190,1.18283961269293,0.10550972345881,0.53758873962322
"GO:0042330","taxis",0.0519121086482751,63,0.934249186335072,0.727547224474773,0.994180553518014,152014,49,190,1.18283961269293,0.10550972345881,0.53758873962322
"GO:0002294","CD4-positive, alpha-beta T cell differentiation involved in immune response",0.00813426885664168,9,0.851755282327017,0.728276328706428,0.994444306036381,79305,7,38,0.84488543763781,0.752746516603065,0.873040703943482
"GO:0042093","T-helper cell differentiation",0.00813426885664168,9,0.851755282327017,0.728276328706428,0.994444306036381,79305,7,38,0.84488543763781,0.752746516603065,0.873040703943482
"GO:0010799","regulation of peptidyl-threonine phosphorylation",0.00556955296869186,6,0.829319277562534,0.729018728566511,0.994539247229401,151140,4,20,0.917304189435337,0.663704404401251,0.835308084274144
"GO:2000514","regulation of CD4-positive, alpha-beta T cell activation",0.00898660500717589,10,0.856633778950919,0.729070777197145,0.994539247229401,129653,8,35,1.04834764506896,0.505878787189,0.774119999011001
"GO:0051865","protein autoubiquitination",0.00814224206665604,9,0.850921209390935,0.729306131619266,0.994539247229401,126885,8,37,0.991680204794959,0.575188231266794,0.800731083677225
"GO:0050777","negative regulation of immune response",0.0172972146919683,20,0.890112026049013,0.729418137927548,0.994539247229401,112379,17,70,1.11386937288577,0.350845011345971,0.706445403811136
"GO:0003215","cardiac right ventricle morphogenesis",0.00470791473980758,5,0.817583774632139,0.730758831295186,0.996001199156921,218373,4,10,1.83460837887067,0.15459264304406,0.587040640423195
"GO:1901976","regulation of cell cycle checkpoint",0.0064468718439377,7,0.835872143190304,0.731046547631135,0.996027429934451,458135,4,20,0.917304189435337,0.663704404401251,0.835308084274144
"GO:1901701","cellular response to oxygen-containing compound",0.130165178334131,162,0.958100453541406,0.732101114286092,0.997033538011305,141697,104,503,0.948306517905319,0.753230531470461,0.873040703943482
"GO:1902750","negative regulation of cell cycle G2/M phase transition",0.00731515441450061,8,0.841893851697934,0.732536406995481,0.997033538011305,377841,5,28,0.819021597710122,0.762482703210494,0.879490092194061
"GO:1901992","positive regulation of mitotic cell cycle phase transition",0.0107023069154308,12,0.863166732339196,0.732977039871133,0.997033538011305,115436,10,45,1.01922687715037,0.531361484243297,0.78539884722814
"GO:0030510","regulation of BMP signaling pathway",0.0132085525966087,15,0.874232360161799,0.733249394043743,0.997033538011305,118459,13,58,1.0280133157465,0.506620851104774,0.774119999011001
"GO:0071277","cellular response to calcium ion",0.00732073566151066,8,0.841252001239207,0.733288808153104,0.997033538011305,216497,8,37,0.991680204794959,0.575188231266794,0.800731083677225
"GO:0016525","negative regulation of angiogenesis",0.0246956891511189,29,0.903998472947004,0.733397446154407,0.997033538011305,160975,13,47,1.26861217687866,0.20884601010897,0.616159221484306
"GO:0003208","cardiac ventricle morphogenesis",0.0132177217881252,15,0.873625901343196,0.734177719325333,0.997728695493401,198130,12,39,1.4112372145159,0.123785113762019,0.551204372571497
"GO:0045595","regulation of cell differentiation",0.21002976665072,264,0.96764025210301,0.736136298932565,0.999999337058203,147108,183,739,1.13576905728462,0.0235716814184928,0.405821798307366
"GO:0035148","tube formation",0.0231110136607665,27,0.899364247048295,0.736681670922546,0.999999337058203,135688,21,78,1.23483256270142,0.16711346349081,0.593229738391896
"GO:0022612","gland morphogenesis",0.0190349758145963,22,0.889736076414297,0.737736733528829,0.999999337058203,145491,20,75,1.22307225258045,0.18653281361048,0.597284770758932
"GO:0007088","regulation of mitotic nuclear division",0.00821267208844948,9,0.843623901197395,0.738289307876069,0.999999337058203,280570,5,41,0.559331822826425,0.961985336145537,0.976461175677138
"GO:0001838","embryonic epithelial tube formation",0.0149218625418594,17,0.877034616529248,0.738522648832168,0.999999337058203,110308,13,59,1.01058936124232,0.53412719815686,0.787604095851332
"GO:0000375","RNA splicing, via transesterification reactions",0.0344858608409079,41,0.915237137772955,0.738850116669039,0.999999337058203,116680,28,118,1.08832700441481,0.338969718887559,0.699820621632077
"GO:1901698","response to nitrogen compound",0.108354728113539,134,0.95202374509099,0.739112562434733,0.999999337058203,151537,88,448,0.900923757481135,0.885975592749145,0.937274472507013
"GO:0051246","regulation of protein metabolic process",0.19533886142561,245,0.965535578024839,0.739839219273966,0.999999337058203,144446,193,841,1.0525547476874,0.208501244766407,0.616159221484306
"GO:0140895","cell surface toll-like receptor signaling pathway",0.00822689097964174,9,0.842165829553076,0.740078131276816,0.999999337058203,49040,8,25,1.46768670309654,0.159225173432425,0.590868505944047
"GO:1902175","regulation of oxidative stress-induced intrinsic apoptotic signaling pathway",0.00476545473874449,5,0.807711942435165,0.740267601417264,0.999999337058203,292840,5,19,1.20697919662544,0.401659934530528,0.722895245575533
"GO:0010389","regulation of G2/M transition of mitotic cell cycle",0.0099259820337001,11,0.853119854459714,0.740361445821022,0.999999337058203,302660,8,40,0.917304189435337,0.669746800838899,0.837183501048624
"GO:0002819","regulation of adaptive immune response",0.021529793228087,25,0.893904243027461,0.740730239977991,0.999999337058203,134279,18,83,0.994667193363618,0.553711548508774,0.788457974921475
"GO:0043523","regulation of neuron apoptotic process",0.0393574921596768,47,0.91930852878579,0.741375196399804,0.999999337058203,113210,31,111,1.28092026452682,0.075160719785057,0.480769431728554
"GO:0042982","amyloid precursor protein metabolic process",0.00738930526763408,8,0.833445540917669,0.742414618392482,0.999999337058203,124400,8,27,1.35896916953383,0.219975836193115,0.616159221484306
"GO:0001658","branching involved in ureteric bud morphogenesis",0.00824655823101047,9,0.840157344728256,0.742538660938272,0.999999337058203,147339,8,34,1.07918139933569,0.469900996430349,0.754978406316201
"GO:1903320","regulation of protein modification by small protein conjugation or removal",0.0231903471004093,27,0.896287550571904,0.742741546446013,0.999999337058203,187664,25,104,1.10252907384055,0.324978480723281,0.683874171005884
"GO:0048167","regulation of synaptic plasticity",0.0296968851326211,35,0.907293906583162,0.742785412735634,0.999999337058203,126285,24,103,1.06870391002175,0.393189538044453,0.72147067729191
"GO:0032501","multicellular organismal process",0.654083346622017,839,0.987460467542483,0.742907529965128,0.999999337058203,138938,697,3037,1.05261939419893,0.0256490133857643,0.405821798307366
"GO:0035601","protein deacylation",0.0073979429118163,8,0.832472431755634,0.743548702762243,0.999999337058203,183328,7,29,1.10709126311161,0.451406565439207,0.741424756334832
"GO:0008544","epidermis development",0.0353824483070217,42,0.913802324526427,0.744484475973201,0.999999337058203,125590,29,150,0.886727383120826,0.797993699422283,0.895781127036814
"GO:0006942","regulation of striated muscle contraction",0.0133242970286504,15,0.866638148791262,0.744816428405953,0.999999337058203,99999,9,39,1.05842791088693,0.485822510557555,0.766979367731289
"GO:0019218","regulation of steroid metabolic process",0.0191346409397757,22,0.885101776888554,0.746049709666894,0.999999337058203,125787,10,48,0.955525197328476,0.621123583969787,0.814840345306899
"GO:0009266","response to temperature stimulus",0.0141722479136767,16,0.869104684493392,0.746209521388098,0.999999337058203,117153,14,76,0.84488543763781,0.802462651201718,0.896998022283331
"GO:0007520","myoblast fusion",0.00655836389730506,7,0.821662333692671,0.746753194325608,0.999999337058203,193421,6,27,1.01922687715037,0.55425832846232,0.788457974921475
"GO:0002688","regulation of leukocyte chemotaxis",0.0133531334715356,15,0.864766620918568,0.747646872762001,0.999999337058203,107417,13,54,1.10416245024624,0.393989108407927,0.72147067729191
"GO:0035176","social behavior",0.00656766597565513,7,0.820498576669454,0.748033750072694,0.999999337058203,172171,4,26,0.705618607257952,0.850284622160144,0.920232190260832
"GO:0006890","retrograde vesicle-mediated transport, Golgi to endoplasmic reticulum",0.00569685855525435,6,0.810786787058571,0.748243060134482,0.999999337058203,193186,5,20,1.14663023679417,0.449455123695447,0.741424756334832
"GO:0019068","virion assembly",0.00481993834050922,5,0.798581731070757,0.749041944466384,0.999999337058203,188425,2,16,0.573315118397086,0.893512307886719,0.93854209010751
"GO:0008585","female gonad development",0.0108541965662042,12,0.851087893271325,0.749669121181388,0.999999337058203,215634,8,44,0.83391289948667,0.773873152429765,0.883502943897388
"GO:0033687","osteoblast proliferation",0.00482512092701855,5,0.797723986991667,0.749864995093872,0.999999337058203,134886,4,15,1.22307225258045,0.419938859200025,0.731786363378155
"GO:0033688","regulation of osteoblast proliferation",0.00482512092701855,5,0.797723986991667,0.749864995093872,0.999999337058203,134886,4,15,1.22307225258045,0.419938859200025,0.731786363378155
"GO:1990778","protein localization to cell periphery",0.0443356987189709,53,0.920265543055359,0.750330308631784,0.999999337058203,110390,41,173,1.0869789527991,0.298040094195582,0.668216294192446
"GO:0016239","positive regulation of macroautophagy",0.0133852920852602,15,0.862688990072198,0.750779143239664,0.999999337058203,87245,11,52,0.970225584979683,0.599641892352547,0.813546739063194
"GO:0009057","macromolecule catabolic process",0.12520942964971,155,0.952983782020121,0.750923890880639,0.999999337058203,125308,123,575,0.98111665478736,0.615472552288926,0.814840345306899
"GO:0035556","intracellular signal transduction",0.313996305746027,397,0.973322621554919,0.75123331419574,0.999999337058203,131592,303,1308,1.06247388913955,0.101591969099159,0.531602546343976
"GO:0044772","mitotic cell cycle phase transition",0.0491654706851645,59,0.923810000590507,0.751251749733342,0.999999337058203,179119,42,199,0.968009446137793,0.623402660227364,0.81540418406306
"GO:0061333","renal tubule morphogenesis",0.0158924679742731,18,0.871910703577126,0.751484946879872,0.999999337058203,226310,14,48,1.33773527625987,0.144113158760053,0.573054468381347
"GO:0050900","leukocyte migration",0.0355100196672514,42,0.910519448126661,0.7522943137441,0.999999337058203,113253,33,147,1.02962715140701,0.456695865841273,0.748053714026986
"GO:0050868","negative regulation of T cell activation",0.0159023015999575,18,0.871371533606334,0.752360932865014,0.999999337058203,121352,15,59,1.16606464758729,0.294956117119069,0.668216294192446
"GO:0000079","regulation of cyclin-dependent protein serine/threonine kinase activity",0.00572715675330888,6,0.80649750710476,0.752669763435165,0.999999337058203,196361,6,34,0.809386049501768,0.782652865835245,0.888514060872553
"GO:0032411","positive regulation of transporter activity",0.00918686546536969,10,0.837960394244932,0.752973390228687,0.999999337058203,71146,7,36,0.891823517506578,0.697552077978685,0.854160883857257
"GO:0042742","defense response to bacterium",0.0183952585977781,21,0.878828730200561,0.753079085142162,0.999999337058203,101818,16,83,0.884148616323216,0.752002933007005,0.873040703943482
"GO:0036294","cellular response to decreased oxygen levels",0.0142457343326423,16,0.864621420277008,0.753153158678852,0.999999337058203,115072,11,65,0.776180467983747,0.867848877323568,0.927836029273419
"GO:0043370","regulation of CD4-positive, alpha-beta T cell differentiation",0.00747568170945623,8,0.823815641856298,0.753599460080853,0.999999337058203,131911,6,28,0.982825917252147,0.593083097831942,0.810139283120952
"GO:0003231","cardiac ventricle development",0.0184016371657896,21,0.878524101390878,0.753607123033867,0.999999337058203,171830,17,66,1.18137660760612,0.258446941217678,0.640269346339134
"GO:0060135","maternal process involved in female pregnancy",0.00661045553606549,7,0.815187479238806,0.753865060598056,0.999999337058203,100162,6,26,1.05842791088693,0.513803584254512,0.777727987590469
"GO:0051896","regulation of phosphatidylinositol 3-kinase/protein kinase B signal transduction",0.034737947164195,41,0.908595445219667,0.754513257866715,0.999999337058203,130321,27,112,1.10567915690867,0.310071428704046,0.668216294192446
"GO:0050852","T cell receptor signaling pathway",0.0175885026311593,20,0.875370640545417,0.754764883095075,0.999999337058203,72701,19,66,1.32036209085389,0.111336289821468,0.53758873962322
"GO:0021799","cerebral cortex radially oriented cell migration",0.0117473289746452,13,0.851912656145692,0.754864942833623,0.999999337058203,125179,9,26,1.58764186633039,0.0932073991218807,0.519218394507774
"GO:0010812","negative regulation of cell-substrate adhesion",0.0100567426779355,11,0.842027346144483,0.755058538528011,0.999999337058203,110727,8,34,1.07918139933569,0.469900996430349,0.754978406316201
"GO:0022898","regulation of transmembrane transporter activity",0.0192493222771488,22,0.879828622123756,0.755407659294951,0.999999337058203,97525,14,74,0.867720179195589,0.7682939071522,0.883502943897388
"GO:1901873","regulation of post-translational protein modification",0.0233605751342157,27,0.889756321499742,0.755451990284149,0.999999337058203,187664,25,107,1.07161704373287,0.383693098093474,0.717450621306231
"GO:0071868","cellular response to monoamine stimulus",0.00662454154042417,7,0.813454116361445,0.755763405459256,0.999999337058203,114039,6,25,1.1007650273224,0.472020453220527,0.754978406316201
"GO:0071870","cellular response to catecholamine stimulus",0.00662454154042417,7,0.813454116361445,0.755763405459256,0.999999337058203,114039,6,25,1.1007650273224,0.472020453220527,0.754978406316201
"GO:0090263","positive regulation of canonical Wnt signaling pathway",0.0134379152713549,15,0.859310680092583,0.755849371834877,0.999999337058203,142898,9,50,0.825573770491803,0.792393717284968,0.890303056065182
"GO:2000181","negative regulation of blood vessel morphogenesis",0.0250059799075108,29,0.892781061312454,0.756060028464297,0.999999337058203,160975,13,48,1.24218275652702,0.232889640609996,0.640015234565247
"GO:0072655","establishment of protein localization to mitochondrion",0.0117594216765003,13,0.851036598968668,0.756100098374281,0.999999337058203,198980,8,53,0.692305048630443,0.917316369257672,0.949036176783593
"GO:0019751","polyol metabolic process",0.00921769521075852,10,0.835157729911841,0.756521023758381,0.999999337058203,54295,7,45,0.713458814005262,0.88852424662009,0.937274472507013
"GO:1903076","regulation of protein localization to plasma membrane",0.0109205070961569,12,0.845919993214834,0.756732893315832,0.999999337058203,102415,10,51,0.899317832779742,0.701188875042652,0.854160883857257
"GO:0050732","negative regulation of peptidyl-tyrosine phosphorylation",0.00663557114761069,7,0.812101997731694,0.757242494210469,0.999999337058203,187403,4,19,0.965583357300355,0.62085454826009,0.814840345306899
"GO:0032434","regulation of proteasomal ubiquitin-dependent protein catabolic process",0.0126160102057088,14,0.854273339542321,0.757546032668887,0.999999337058203,152994,12,51,1.07918139933569,0.436225896829527,0.741424756334832
"GO:0001666","response to hypoxia",0.0282954605857652,33,0.897817406678306,0.75777826986284,0.999999337058203,100644,23,134,0.787238670037789,0.925122294035905,0.953110239730687
"GO:0007254","JNK cascade",0.0274873757508106,32,0.896205382662978,0.758252224723068,0.999999337058203,103113,23,89,1.1852806942142,0.209544296787972,0.616159221484306
"GO:0034762","regulation of transmembrane transport",0.0525138202306915,63,0.923544412738114,0.758584526232498,0.999999337058203,114280,47,188,1.14663023679417,0.161955986880343,0.590868505944047
"GO:0046717","acid secretion",0.00577592622123,6,0.799687784681949,0.759675633850635,0.999999337058203,159739,4,19,0.965583357300355,0.62085454826009,0.814840345306899
"GO:0051099","positive regulation of binding",0.0209549247860522,24,0.881690140432518,0.759865027125881,0.999999337058203,96191,17,49,1.59124196126538,0.0260041772659867,0.405821798307366
"GO:0003279","cardiac septum development",0.016829453037793,19,0.869109402480447,0.760727822060504,0.999999337058203,194052,16,62,1.18361830894882,0.264435232831229,0.647133716229459
"GO:0006801","superoxide metabolic process",0.00666427470366236,7,0.808604210463298,0.761061450704957,0.999999337058203,279549,5,29,0.790779473651153,0.790074476121275,0.889313199760295
"GO:0030177","positive regulation of Wnt signaling pathway",0.020158533992452,23,0.878334091321979,0.762042094554336,0.999999337058203,109898,16,76,0.965583357300355,0.608230329028009,0.814840345306899
"GO:0003254","regulation of membrane depolarization",0.00840761707330038,9,0.824063037851102,0.76208790948398,0.999999337058203,75830,3,19,0.724187517975266,0.81724972224041,0.903186317995806
"GO:0071763","nuclear membrane organization",0.00579399883059586,6,0.797193402931147,0.762234449393589,0.999999337058203,183536,4,18,1.01922687715037,0.574708313790709,0.800731083677225
"GO:0032984","protein-containing complex disassembly",0.026747063200978,31,0.892229213469687,0.763403294684089,0.999999337058203,122728,21,107,0.900158316735611,0.743695119409887,0.873040703943482
"GO:0051646","mitochondrion localization",0.00668354329453038,7,0.806273012321988,0.763600620655551,0.999999337058203,178685,5,29,0.790779473651153,0.790074476121275,0.889313199760295
"GO:0048534","hematopoietic or lymphoid organ development",0.0109894753627811,12,0.840611128714139,0.763935136533656,0.999999337058203,206956,11,48,1.05107771706132,0.482027826107924,0.763914239581546
"GO:0071985","multivesicular body sorting pathway",0.00580888215595599,6,0.795150860412255,0.764326573724344,0.999999337058203,161620,3,21,0.655217278168098,0.867883224330617,0.927836029273419
"GO:0031100","animal organ regeneration",0.00669005474937543,7,0.805488263839473,0.764454244019664,0.999999337058203,52851,6,28,0.982825917252147,0.593083097831942,0.810139283120952
"GO:0030031","cell projection assembly",0.0662358475522245,80,0.929796138100785,0.764900943392018,0.999999337058203,127039,59,260,1.04078744570548,0.386194335864857,0.717450621306231
"GO:0051453","regulation of intracellular pH",0.00843764949768777,9,0.82112992112452,0.765614816563125,0.999999337058203,231379,6,35,0.786260733801717,0.806556069397535,0.899676192863757
"GO:0001676","long-chain fatty acid metabolic process",0.0168903152075692,19,0.865977673832532,0.765859419808441,0.999999337058203,59791,10,43,1.06663277841318,0.467759273710989,0.754978406316201
"GO:0021871","forebrain regionalization",0.00670201456439696,7,0.804050861615862,0.766016284226245,0.999999337058203,102208,4,17,1.07918139933569,0.525531603716431,0.78428087280288
"GO:0017157","regulation of exocytosis",0.0177334821665869,20,0.868214074925587,0.766791747191472,0.999999337058203,121988,19,81,1.07585059254762,0.401064534754116,0.722895245575533
"GO:0043584","nose development",0.00582695476532185,6,0.792684657830302,0.766848661871549,0.999999337058203,122837,3,10,1.37595628415301,0.377084061829277,0.714045860789383
"GO:0045637","regulation of myeloid cell differentiation",0.0365713868069952,43,0.905144413194214,0.767221426679058,0.999999337058203,167820,22,88,1.14663023679417,0.269032533351414,0.654269973962549
"GO:0120039","plasma membrane bounded cell projection morphogenesis",0.108346754903524,133,0.944988626631336,0.767437460761728,0.999999337058203,171366,98,384,1.17051836672738,0.0420341891730884,0.442114843387871
"GO:0046474","glycerophospholipid biosynthetic process",0.0210591080635731,24,0.877328257283868,0.767761419998816,0.999999337058203,78397,19,87,1.00165399995813,0.539187559350724,0.788457974921475
"GO:2000147","positive regulation of cell motility",0.0694958273534258,84,0.930489347107507,0.767958302271817,0.999999337058203,149567,67,264,1.16400342220014,0.0890771393401112,0.511578318235428
"GO:0031346","positive regulation of cell projection organization",0.0543282570562909,65,0.921039876084927,0.76889777195037,0.999999337058203,125902,45,181,1.14029526311023,0.178652823148774,0.593229738391896
"GO:0050435","amyloid-beta metabolic process",0.00494897145590815,5,0.777760538308024,0.768939262597111,0.999999337058203,88684,5,16,1.43328779599271,0.258523849276556,0.640269346339134
"GO:0140888","interferon-mediated signaling pathway",0.010186838888003,11,0.831273807415643,0.76910767686807,0.999999337058203,120558,11,40,1.26129326047359,0.241396183989325,0.640269346339134
"GO:0051602","response to electrical stimulus",0.0058460904693563,6,0.790090004346167,0.76949721292806,0.999999337058203,372165,4,22,0.83391289948667,0.739079711540251,0.870836413296154
"GO:0048232","male gamete generation",0.059954286929251,72,0.924491884917395,0.769787176465844,0.999999337058203,122526,52,244,0.977455283824539,0.600562632497044,0.813546739063194
"GO:0032835","glomerulus development",0.00933915377664381,10,0.824296246892171,0.770153776199038,0.999999337058203,233960,8,38,0.965583357300355,0.608113769905779,0.814840345306899
"GO:0017148","negative regulation of translation",0.0194362940519853,22,0.87136491404286,0.770183898069941,0.999999337058203,175697,14,62,1.03566602033022,0.490685520719512,0.769093063738652
"GO:0007010","cytoskeleton organization",0.172152368043374,214,0.956955232084582,0.770539343267036,0.999999337058203,128202,149,702,0.973492337791063,0.666901843956963,0.835308084274144
"GO:0031122","cytoplasmic microtubule organization",0.00761428267687238,8,0.808819922656031,0.770823151863251,0.999999337058203,100514,6,32,0.859972677595628,0.728270983273641,0.864950897800897
"GO:0007276","gamete generation",0.0735495402115558,89,0.931538681646832,0.770883026700393,0.999999337058203,126665,68,306,1.01922687715037,0.451181695263556,0.741424756334832
"GO:0001708","cell fate specification",0.0219307128049753,25,0.877562607710804,0.771170450262602,0.999999337058203,190786,21,67,1.43756626702553,0.0440647828265424,0.442114843387871
"GO:0043276","anoikis",0.00497342263328549,5,0.773936781052408,0.772571012280852,0.999999337058203,98271,4,20,0.917304189435337,0.663704404401251,0.835308084274144
"GO:1990806","ligand-gated ion channel signaling pathway",0.00587280072290437,6,0.786496573317666,0.773156580970566,0.999999337058203,262422,5,16,1.43328779599271,0.258523849276556,0.640269346339134
"GO:0006892","post-Golgi vesicle-mediated transport",0.00850621910381119,9,0.814510698814288,0.773528126154111,0.999999337058203,83373,7,44,0.729673787050836,0.874094089300028,0.929460897478677
"GO:0050921","positive regulation of chemotaxis",0.0219691170998777,25,0.876028537268707,0.773959078568219,0.999999337058203,155331,20,60,1.52884031572556,0.0258846033652437,0.405821798307366
"GO:1901343","negative regulation of vasculature development",0.0252648434593101,29,0.883633627769766,0.774011681957996,0.999999337058203,160975,13,49,1.21683208802647,0.257968990161826,0.640269346339134
"GO:0140694","non-membrane-bounded organelle assembly",0.0342590230159996,40,0.8988264964405,0.774362805094097,0.999999337058203,154763,26,170,0.701467909568199,0.987724408285661,0.990124849375795
"GO:0006364","rRNA processing",0.0144820071227343,16,0.850515190828921,0.774624604717921,0.999999337058203,135070,8,65,0.564494885806361,0.983333435522873,0.987058183384702
"GO:0048659","smooth muscle cell proliferation",0.0144847977462393,16,0.850351331607378,0.774870395492952,0.999999337058203,239508,10,70,0.655217278168098,0.958877436652221,0.975441538245062
"GO:0060538","skeletal muscle organ development",0.0285596396109074,33,0.889512521515772,0.774999084974947,0.999999337058203,107979,23,87,1.2125285262651,0.17713133878574,0.593229738391896
"GO:0046545","development of primary female sexual characteristics",0.0111008345293148,12,0.832178451474835,0.775252531106084,0.999999337058203,215634,8,47,0.780684416540712,0.83469946516902,0.913883050482637
"GO:0016053","organic acid biosynthetic process",0.0350943496518365,41,0.899368157062209,0.775652497725063,0.999999337058203,88202,22,127,0.794515439668402,0.913097402991252,0.947455450352248
"GO:0046394","carboxylic acid biosynthetic process",0.0350943496518365,41,0.899368157062209,0.775652497725063,0.999999337058203,88202,22,127,0.794515439668402,0.913097402991252,0.947455450352248
"GO:0034764","positive regulation of transmembrane transport",0.0211684739276033,24,0.872795584629991,0.775866542403891,0.999999337058203,93371,15,83,0.828889327803015,0.831487637744661,0.912128662339649
"GO:1901987","regulation of cell cycle phase transition",0.0472375485036943,56,0.912623242443498,0.775941096893824,0.999999337058203,189010,46,195,1.08194853112886,0.296131466393632,0.668216294192446
"GO:0050709","negative regulation of protein secretion",0.0119620740976984,13,0.836618979925296,0.776175182700459,0.999999337058203,196903,6,33,0.83391289948667,0.756573947687579,0.874965506833205
"GO:1901379","regulation of potassium ion transmembrane transport",0.0136582416414182,15,0.845448807688214,0.776329260454796,0.999999337058203,182626,14,37,1.73544035839118,0.0193155968240728,0.390909911318569
"GO:0000902","cell morphogenesis",0.150383777175357,186,0.952144371314934,0.776582876036897,0.999999337058203,155836,142,564,1.15476236613314,0.0260580219320881,0.405821798307366
"GO:0072593","reactive oxygen species metabolic process",0.0244821400095679,28,0.880439468601921,0.776712024526253,0.999999337058203,159422,17,93,0.838396302172082,0.829649113419645,0.910650358220971
"GO:0030641","regulation of cellular pH",0.00854356030404508,9,0.810950730134408,0.777756190122999,0.999999337058203,231379,6,38,0.724187517975266,0.866035557910819,0.927270395338857
"GO:0045663","positive regulation of myoblast differentiation",0.00768152341466008,8,0.80173986243868,0.778859002675371,0.999999337058203,308328,5,24,0.955525197328476,0.625289731444584,0.81540418406306
"GO:0090596","sensory organ morphogenesis",0.0481112794344336,57,0.912050316205931,0.779302470753066,0.999999337058203,167610,34,161,0.968582063378927,0.615334611465918,0.814840345306899
"GO:0061061","muscle structure development",0.107126455110828,131,0.941380960757686,0.779950784148155,0.999999337058203,162808,84,347,1.11028172784681,0.148418005430262,0.583295339137999
"GO:0051648","vesicle localization",0.0253597246584808,29,0.880327589578914,0.780371066925909,0.999999337058203,104146,22,86,1.1732960562545,0.23159061192687,0.639286585006463
"GO:1990830","cellular response to leukemia inhibitory factor",0.0120075213947802,13,0.8334524587029,0.780515498080913,0.999999337058203,278248,7,44,0.729673787050836,0.874094089300028,0.929460897478677
"GO:0006903","vesicle targeting",0.00593273268484559,6,0.778551451701219,0.781208784530615,0.999999337058203,222371,5,22,1.04239112435834,0.541314154968593,0.788457974921475
"GO:0021782","glial cell development",0.0245605432413756,28,0.877628891528314,0.78201612184582,0.999999337058203,101932,17,75,1.03961141469338,0.473083261106474,0.754978406316201
"GO:0007517","muscle organ development",0.0506224419284537,60,0.912428849416211,0.783816674681061,0.999999337058203,150860,43,175,1.12697371844913,0.208775041439806,0.616159221484306
"GO:0040013","negative regulation of locomotion",0.0417381597831287,49,0.903761073594473,0.783937634020227,0.999999337058203,116199,38,157,1.11011335027206,0.258214753452547,0.640269346339134
"GO:0051208","sequestering of calcium ion",0.0146113060118004,16,0.842988781538801,0.785821147949856,0.999999337058203,52949,13,54,1.10416245024624,0.393989108407927,0.72147067729191
"GO:0044843","cell cycle G1/S phase transition",0.0311971774836549,36,0.888337602995359,0.786203156723757,0.999999337058203,164780,30,133,1.03455359710752,0.450125235217972,0.741424756334832
"GO:0070372","regulation of ERK1 and ERK2 cascade",0.0336554510179131,39,0.892072272995001,0.78656959497339,0.999999337058203,89535,32,120,1.22307225258045,0.118535850124902,0.547048978101158
"GO:0032608","interferon-beta production",0.00507069579546059,5,0.759090045800813,0.786587238349941,0.999999337058203,134164,5,18,1.27403359643797,0.353413118456461,0.706445403811136
"GO:0032648","regulation of interferon-beta production",0.00507069579546059,5,0.759090045800813,0.786587238349941,0.999999337058203,134164,5,18,1.27403359643797,0.353413118456461,0.706445403811136
"GO:0048839","inner ear development",0.0303908201775368,35,0.886577024506977,0.786944986163007,0.999999337058203,196079,23,101,1.04445526519865,0.445086219438115,0.741424756334832
"GO:0010718","positive regulation of epithelial to mesenchymal transition",0.0129289586987721,14,0.833595451979781,0.786986028028237,0.999999337058203,172244,10,37,1.2396002559937,0.275445605906298,0.662283342781832
"GO:0006261","DNA-templated DNA replication",0.0137878063041514,15,0.837504085575796,0.787807075232442,0.999999337058203,277456,12,66,0.83391289948667,0.80466361256573,0.898900030496811
"GO:1902749","regulation of cell cycle G2/M phase transition",0.0112363790995588,12,0.82213987324852,0.788509005533056,0.999999337058203,278875,9,43,0.959969500571864,0.614823820858693,0.814840345306899
"GO:0046777","protein autophosphorylation",0.0213472067187583,24,0.865487968556191,0.788704874856467,0.999999337058203,77581,17,88,0.886032455704587,0.753322320059589,0.873040703943482
"GO:0042472","inner ear morphogenesis",0.0205167968957636,23,0.862996681528762,0.788801633092783,0.999999337058203,167681,12,62,0.887713731711616,0.727351767945693,0.864950897800897
"GO:0007062","sister chromatid cohesion",0.00508929995216074,5,0.756315159216341,0.789189997090381,0.999999337058203,272116,5,18,1.27403359643797,0.353413118456461,0.706445403811136
"GO:0015711","organic anion transport",0.0418451336841546,49,0.901450677160626,0.789449439357533,0.999999337058203,129195,33,168,0.900923757481135,0.780385396459043,0.888514060872553
"GO:0072210","metanephric nephron development",0.00778145431350662,8,0.791443768435335,0.790418037195513,0.999999337058203,294677,6,27,1.01922687715037,0.55425832846232,0.788457974921475
"GO:0045622","regulation of T-helper cell differentiation",0.00600356136713974,6,0.769366274762073,0.790444157912068,0.999999337058203,94749,4,22,0.83391289948667,0.739079711540251,0.870836413296154
"GO:0048010","vascular endothelial growth factor receptor signaling pathway",0.0112662786371126,12,0.819957999108313,0.791356739846258,0.999999337058203,171560,10,28,1.63804319542024,0.0652383885149981,0.479523898061771
"GO:1902105","regulation of leukocyte differentiation",0.0483689470047308,57,0.907191707459652,0.791756229507013,0.999999337058203,115651,35,145,1.10709126311161,0.274953630865567,0.662283342781832
"GO:0071456","cellular response to hypoxia",0.0129892893212141,14,0.829723698010873,0.792361201526348,0.999999337058203,117108,9,60,0.687978142076503,0.930284217730199,0.955752234748459
"GO:0050810","regulation of steroid biosynthetic process",0.0172241269335034,19,0.849194616958965,0.792699137708581,0.999999337058203,141412,7,35,0.917304189435337,0.667120715284175,0.835308084274144
"GO:0040017","positive regulation of locomotion",0.0716961675437198,86,0.923407417305274,0.792762211324901,0.999999337058203,149318,69,268,1.18085800505668,0.066654396310214,0.479523898061771
"GO:0099175","regulation of postsynapse organization",0.027201270398129,31,0.877330757466172,0.792840959026345,0.999999337058203,122338,22,83,1.21570434744442,0.180226081445875,0.593229738391896
"GO:0045682","regulation of epidermis development",0.00602668367618136,6,0.766414481416496,0.793393721432546,0.999999337058203,104427,4,29,0.632623578920922,0.904678239991992,0.943439549157421
"GO:0006334","nucleosome assembly",0.0051238505288896,5,0.751215259289056,0.79395796672748,0.999999337058203,204017,5,33,0.694927416238892,0.87602555754665,0.930518669080177
"GO:0048384","retinoic acid receptor signaling pathway",0.0060357199808643,6,0.765267053306934,0.794537731235633,0.999999337058203,218396,4,18,1.01922687715037,0.574708313790709,0.800731083677225
"GO:0010647","positive regulation of cell communication",0.191058709403072,237,0.954931798301822,0.794569057929207,0.999999337058203,122609,172,768,1.02718958712811,0.352126903735907,0.706445403811136
"GO:0023056","positive regulation of signaling",0.191089406261628,237,0.954778396776767,0.795364060000291,0.999999337058203,122178,172,771,1.02319274048559,0.374859410875904,0.714045860789383
"GO:1990823","response to leukemia inhibitory factor",0.012172035294743,13,0.822187743222325,0.795732419981436,0.999999337058203,278248,7,45,0.713458814005262,0.88852424662009,0.937274472507013
"GO:0061462","protein localization to lysosome",0.00515122521660554,5,0.747223144352168,0.797675354526621,0.999999337058203,39587,4,26,0.705618607257952,0.850284622160144,0.920232190260832
"GO:0010758","regulation of macrophage chemotaxis",0.00515242119810769,5,0.747049698699287,0.797836554754414,0.999999337058203,87364,4,13,1.4112372145159,0.309606601725307,0.668216294192446
"GO:0030812","negative regulation of nucleotide catabolic process",0.00515468027427842,5,0.746722298728214,0.79814076835819,0.999999337058203,198027,2,8,1.14663023679417,0.548449792893634,0.788457974921475
"GO:0033122","negative regulation of purine nucleotide catabolic process",0.00515468027427842,5,0.746722298728214,0.79814076835819,0.999999337058203,198027,2,8,1.14663023679417,0.548449792893634,0.788457974921475
"GO:0045820","negative regulation of glycolytic process",0.00515468027427842,5,0.746722298728214,0.79814076835819,0.999999337058203,198027,2,8,1.14663023679417,0.548449792893634,0.788457974921475
"GO:0009617","response to bacterium",0.0573877106256312,68,0.912180663743481,0.798316981398821,0.999999337058203,102295,53,249,0.976247430523551,0.605069425008227,0.814840345306899
"GO:0010810","regulation of cell-substrate adhesion",0.0272915005581247,31,0.874430158635164,0.798384220848459,0.999999337058203,170122,26,111,1.07432022186121,0.374571208232499,0.714045860789383
"GO:0008380","RNA splicing",0.0444663264763727,52,0.900249606607359,0.798750486544744,0.999999337058203,108840,39,174,1.0280133157465,0.451849426973869,0.741424756334832
"GO:1901526","positive regulation of mitophagy",0.00516119172912348,5,0.745780220079493,0.79901560357214,0.999999337058203,155979,4,17,1.07918139933569,0.525531603716431,0.78428087280288
"GO:1990266","neutrophil migration",0.00696978153404561,7,0.773160616117264,0.799026072100113,0.999999337058203,185873,7,38,0.84488543763781,0.752746516603065,0.873040703943482
"GO:0051641","cellular localization",0.330864428852389,416,0.96790804757046,0.800062589234638,0.999999337058203,122231,316,1450,0.999545254695057,0.516532994915657,0.780319356815216
"GO:0006998","nuclear envelope organization",0.00608302769361612,6,0.759315570630918,0.800447598499728,0.999999337058203,183536,4,22,0.83391289948667,0.739079711540251,0.870836413296154
"GO:0002822","regulation of adaptive immune response based on somatic recombination of immune receptors built from immunoglobulin superfamily domains",0.0198518311805666,22,0.853125565187107,0.800870763110813,0.999999337058203,135141,16,76,0.965583357300355,0.608230329028009,0.814840345306899
"GO:1903350","response to dopamine",0.00698679104874289,7,0.77127833757602,0.800997506983961,0.999999337058203,116245,6,26,1.05842791088693,0.513803584254512,0.777727987590469
"GO:0048645","animal organ formation",0.00963801626534843,10,0.798735880423214,0.801374624587746,0.999999337058203,129138,8,42,0.873623037557464,0.725120666192436,0.864950897800897
"GO:0030593","neutrophil chemotaxis",0.00609339286663477,6,0.75802393599688,0.801724732748255,0.999999337058203,202186,6,31,0.887713731711616,0.69772684614409,0.854160883857257
"GO:0097581","lamellipodium organization",0.0139583001116249,15,0.827274382876858,0.802273645735483,0.999999337058203,233706,11,50,1.00903460837887,0.542169195075227,0.788457974921475
"GO:0045639","positive regulation of myeloid cell differentiation",0.010519454632435,11,0.80498967330969,0.802432026150094,0.999999337058203,311768,7,41,0.783064551956995,0.821351781424384,0.904220672793011
"GO:0009798","axis specification",0.0156680221123691,17,0.835267521225302,0.80295948957801,0.999999337058203,141994,15,58,1.18616921047673,0.270667409646428,0.655895551788536
"GO:0060079","excitatory postsynaptic potential",0.0165155743368947,18,0.839014898929079,0.80300868169074,0.999999337058203,74506,14,48,1.33773527625987,0.144113158760053,0.573054468381347
"GO:0060675","ureteric bud morphogenesis",0.00966313187689364,10,0.796659872317819,0.803849120723064,0.999999337058203,224323,9,39,1.05842791088693,0.485822510557555,0.766979367731289
"GO:0036211","protein modification process",0.252478472332961,315,0.960455060137366,0.804797427779231,0.999999337058203,129531,247,1168,0.969923522219727,0.734276163896313,0.868952015328651
"GO:0072659","protein localization to plasma membrane",0.0372596077180673,43,0.888425522393914,0.804822761453309,0.999999337058203,94220,33,147,1.02962715140701,0.456695865841273,0.748053714026986
"GO:0046942","carboxylic acid transport",0.0364660075479721,42,0.886649394449286,0.806075292008002,0.999999337058203,142187,29,135,0.985252647912029,0.570580382708536,0.800731083677225
"GO:0051963","regulation of synapse assembly",0.0232732684845585,26,0.860016566735969,0.806296826608727,0.999999337058203,121703,21,85,1.13314046930247,0.295575857071146,0.668216294192446
"GO:0099505","regulation of presynaptic membrane potential",0.00521859884122681,5,0.737576276837041,0.806599605540233,0.999999337058203,96380,4,13,1.4112372145159,0.309606601725307,0.668216294192446
"GO:0030705","cytoskeleton-dependent intracellular transport",0.0207732684845586,23,0.85234192442104,0.806656560298578,0.999999337058203,98986,19,88,0.99027156814042,0.561503644108319,0.794225930685381
"GO:0045088","regulation of innate immune response",0.0389395630680912,45,0.889635876807018,0.807153599532771,0.999999337058203,89525,42,169,1.13984544249361,0.189224132743686,0.597284770758932
"GO:0060828","regulation of canonical Wnt signaling pathway",0.0397796736299367,46,0.890199743786673,0.808328636498877,0.999999337058203,127029,34,140,1.11386937288577,0.265563042834352,0.648255783706824
"GO:0090162","establishment of epithelial cell polarity",0.00795208100781375,8,0.774461869759327,0.809106755913969,0.999999337058203,177532,6,18,1.52884031572556,0.180687224901036,0.593229738391896
"GO:0048599","oocyte development",0.0052394620740977,5,0.734639291053754,0.809298896417484,0.999999337058203,67577,5,24,0.955525197328476,0.625289731444584,0.81540418406306
"GO:0006839","mitochondrial transport",0.0182971881146016,20,0.841465842622338,0.809787914033382,0.999999337058203,94636,13,82,0.727131369674352,0.930505949302273,0.955752234748459
"GO:0030178","negative regulation of Wnt signaling pathway",0.029139823526285,33,0.871802021071424,0.809963767753564,0.999999337058203,142934,24,103,1.06870391002175,0.393189538044453,0.72147067729191
"GO:0034142","toll-like receptor 4 signaling pathway",0.00796603412533886,8,0.773105340611015,0.810577290140491,0.999999337058203,40428,7,22,1.45934757410167,0.185875759505939,0.597284770758932
"GO:0001933","negative regulation of protein phosphorylation",0.0349204007866901,40,0.8818030989118,0.810921324684143,0.999999337058203,108179,29,112,1.18758131667968,0.172662342132546,0.593229738391896
"GO:1903409","reactive oxygen species biosynthetic process",0.00617219475894328,6,0.748346062419552,0.811227760499081,0.999999337058203,123940,3,18,0.764420157862781,0.786239957927728,0.888514060872553
"GO:0072657","protein localization to membrane",0.0777926168075267,93,0.920312703510586,0.811375626722367,0.999999337058203,102157,64,285,1.02995558112038,0.416347995666671,0.731786363378155
"GO:0071526","semaphorin-plexin signaling pathway",0.00708313400308297,7,0.760787609371776,0.811886191030483,0.999999337058203,137512,6,30,0.917304189435337,0.664962194367397,0.835308084274144
"GO:0009948","anterior/posterior axis specification",0.00708432998458513,7,0.76065917267983,0.812018414704995,0.999999337058203,125771,7,30,1.07018822100789,0.49036218872413,0.769093063738652
"GO:0033365","protein localization to organelle",0.0898126295646627,108,0.925714768637223,0.812437350924506,0.999999337058203,140472,76,399,0.873623037557464,0.925621615565947,0.953110239730687
"GO:1901797","negative regulation of signal transduction by p53 class mediator",0.00618548344230054,6,0.746738341057446,0.812794592002066,0.999999337058203,149243,3,13,1.05842791088693,0.563236771868797,0.794225930685381
"GO:0060999","positive regulation of dendritic spine development",0.010636660819646,11,0.796119429917274,0.813294752565461,0.999999337058203,74825,6,19,1.44837503595053,0.218322033449073,0.616159221484306
"GO:1900076","regulation of cellular response to insulin stimulus",0.00619013448147558,6,0.746177269357282,0.813340565783585,0.999999337058203,65377,5,32,0.716643897996357,0.857926828780124,0.922020255158991
"GO:0060998","regulation of dendritic spine development",0.0149654494232711,16,0.823040237764263,0.814487058432321,0.999999337058203,175773,10,31,1.47952288618603,0.118422733117848,0.547048978101158
"GO:0007613","memory",0.0149697018019455,16,0.822806440271068,0.814813568038216,0.999999337058203,86692,15,58,1.18616921047673,0.270667409646428,0.655895551788536
"GO:0031629","synaptic vesicle fusion to presynaptic active zone membrane",0.0052902248445224,5,0.72759000169976,0.8157412429641,0.999999337058203,205970,5,16,1.43328779599271,0.258523849276556,0.640269346339134
"GO:0099500","vesicle fusion to plasma membrane",0.0052902248445224,5,0.72759000169976,0.8157412429641,0.999999337058203,205970,5,16,1.43328779599271,0.258523849276556,0.640269346339134
"GO:0048146","positive regulation of fibroblast proliferation",0.00529354701536172,5,0.727133374360925,0.816156709503131,0.999999337058203,15245,5,22,1.04239112435834,0.541314154968593,0.788457974921475
"GO:0015849","organic acid transport",0.0366826130866954,42,0.881413857676336,0.817080057659629,0.999999337058203,142187,29,136,0.97800814314797,0.588327691374494,0.810139283120952
"GO:0050778","positive regulation of immune response",0.0691436772444586,82,0.912961006053479,0.8178411808271,0.999999337058203,116968,68,298,1.04658867251012,0.354795759663053,0.708827285056503
"GO:0032007","negative regulation of TOR signaling",0.00981289533832988,10,0.784501326246342,0.818131283070036,0.999999337058203,59078,7,42,0.764420157862781,0.840598004470774,0.916210439400109
"GO:0007006","mitochondrial membrane organization",0.0115712539201616,12,0.798346951196677,0.818839290444672,0.999999337058203,60586,9,55,0.750521609538003,0.876342919074431,0.930518669080177
"GO:0019731","antibacterial humoral response",0.00531720087173763,5,0.723898682119997,0.819093137555855,0.999999337058203,32579,2,17,0.539590699667845,0.912515991084296,0.947455450352248
"GO:0072171","mesonephric tubule morphogenesis",0.00982419071918354,10,0.783599344443113,0.819175845457247,0.999999337058203,224323,9,40,1.03196721311475,0.519376819525846,0.781065261629869
"GO:0090630","activation of GTPase activity",0.0124464466060703,13,0.804060672587979,0.819404004444426,0.999999337058203,91774,6,23,1.19648372535044,0.386010953427164,0.717450621306231
"GO:1901796","regulation of signal transduction by p53 class mediator",0.0133139318556317,14,0.809491988316886,0.819632277768766,0.999999337058203,117361,10,42,1.09202879694683,0.435332898277466,0.741424756334832
"GO:0051965","positive regulation of synapse assembly",0.00715582310104715,7,0.753059502585645,0.819792575356295,0.999999337058203,96620,6,34,0.809386049501768,0.782652865835245,0.888514060872553
"GO:0032008","positive regulation of TOR signaling",0.00894673895710413,9,0.774405791845667,0.819802937713231,0.999999337058203,104427,5,33,0.694927416238892,0.87602555754665,0.930518669080177
"GO:0006325","chromatin organization",0.0980152022537607,118,0.92678589562267,0.819813301341666,0.999999337058203,164349,88,405,0.996577390991477,0.535424003455504,0.788457974921475
"GO:0006661","phosphatidylinositol biosynthetic process",0.0133195131026418,14,0.809152788625078,0.820076956355456,0.999999337058203,76076,10,53,0.865381310788054,0.748225009621529,0.873040703943482
"GO:0007519","skeletal muscle tissue development",0.0268439377026524,30,0.860331612952113,0.820833070038534,0.999999337058203,117303,20,77,1.19130414212381,0.222628899398069,0.621484737973542
"GO:0051209","release of sequestered calcium ion into cytosol",0.0141963004305533,15,0.813405166179934,0.821267137080667,0.999999337058203,54377,12,51,1.07918139933569,0.436225896829527,0.741424756334832
"GO:0009416","response to light stimulus",0.0301727528836443,34,0.867470730481197,0.821349872253219,0.999999337058203,120285,26,137,0.870434632310904,0.818476391685478,0.904003397783008
"GO:1905039","carboxylic acid transmembrane transport",0.0184776484345931,20,0.833247740856897,0.822288754400568,0.999999337058203,161092,14,63,1.01922687715037,0.517408522308741,0.780319356815216
"GO:0046626","regulation of insulin receptor signaling pathway",0.00626800616594908,6,0.73690700392641,0.822296918863664,0.999999337058203,57459,5,31,0.739761443093014,0.837668102919736,0.914312639550521
"GO:2001257","regulation of cation channel activity",0.00808576516238771,8,0.761657481030583,0.822842518673935,0.999999337058203,140998,8,39,0.940824809677269,0.639672804576288,0.822594837080773
"GO:0030032","lamellipodium assembly",0.0107450964758412,11,0.788085278433673,0.822943004067545,0.999999337058203,211110,8,39,0.940824809677269,0.639672804576288,0.822594837080773
"GO:0072384","organelle transport along microtubule",0.011621485143252,12,0.79489627829947,0.823095532100159,0.999999337058203,139906,9,47,0.878269968608301,0.724953585355021,0.864950897800897
"GO:1900087","positive regulation of G1/S transition of mitotic cell cycle",0.00627664381013129,6,0.735892904562508,0.823269036026261,0.999999337058203,149518,4,27,0.679484584766916,0.870815378417802,0.927836029273419
"GO:0046637","regulation of alpha-beta T cell differentiation",0.00986923935576463,10,0.780022566049104,0.823296711898295,0.999999337058203,120090,8,37,0.991680204794959,0.575188231266794,0.800731083677225
"GO:0060021","roof of mouth development",0.0159474831233721,17,0.820630433721663,0.823940490937997,0.999999337058203,127528,9,56,0.73711943793911,0.889273893052476,0.937274472507013
"GO:0090287","regulation of cellular response to growth factor stimulus",0.0450179397225323,52,0.88921867958326,0.824238579264478,0.999999337058203,98018,43,167,1.18096048340478,0.125231916217309,0.554477376521119
"GO:0050905","neuromuscular process",0.0244077233827672,27,0.85158370051888,0.824675101784046,0.999999337058203,89328,19,74,1.17762024319401,0.247130642112756,0.640269346339134
"GO:0021517","ventral spinal cord development",0.00899829904853027,9,0.769968460610825,0.824712937634744,0.999999337058203,49999,8,29,1.26524715784184,0.287739991824985,0.668216294192446
"GO:0046632","alpha-beta T cell differentiation",0.0151019242013501,16,0.815602494579927,0.824758640584921,0.999999337058203,151090,14,60,1.07018822100789,0.436506555633492,0.741424756334832
"GO:0040018","positive regulation of multicellular organism growth",0.00630056344017435,6,0.73309914076732,0.825939018072687,0.999999337058203,160823,5,12,1.91105039465695,0.0987855921834425,0.521003496228806
"GO:0051283","negative regulation of sequestering of calcium ion",0.0142622123000053,15,0.809646068082313,0.826282440429875,0.999999337058203,54377,12,52,1.05842791088693,0.465679065670085,0.754978406316201
"GO:0099518","vesicle cytoskeletal trafficking",0.00902075692340403,9,0.768051564335716,0.826819202900318,0.999999337058203,70545,7,29,1.10709126311161,0.451406565439207,0.741424756334832
"GO:0008285","negative regulation of cell population proliferation",0.0926560091426142,111,0.922232105732074,0.826977993441047,0.999999337058203,150557,79,352,1.02936123530386,0.404232639657207,0.724494247888037
"GO:0051348","negative regulation of transferase activity",0.0269701801945463,30,0.856304557667695,0.827918276192213,0.999999337058203,131940,20,84,1.09202879694683,0.368145521307991,0.713967529562283
"GO:0010632","regulation of epithelial cell migration",0.0125546164885983,13,0.797132930224981,0.828155698241687,0.999999337058203,141418,9,34,1.21407907425265,0.314635509361047,0.670860769959473
"GO:1903214","regulation of protein targeting to mitochondrion",0.00540025514272046,5,0.712765341986993,0.829105510001983,0.999999337058203,294993,4,19,0.965583357300355,0.62085454826009,0.814840345306899
"GO:2000377","regulation of reactive oxygen species metabolic process",0.016877956732047,18,0.821000619507147,0.82925811712486,0.999999337058203,111293,13,61,0.977455283824539,0.587521186880319,0.809396065104338
"GO:0032231","regulation of actin filament bundle assembly",0.0151666400893,16,0.812122327625344,0.829480623770646,0.999999337058203,122669,9,46,0.89736279401283,0.699522211770806,0.854160883857257
"GO:0070373","negative regulation of ERK1 and ERK2 cascade",0.0125713602296284,13,0.796071232277704,0.829481501074637,0.999999337058203,65271,10,37,1.2396002559937,0.275445605906298,0.662283342781832
"GO:0045214","sarcomere organization",0.00541128474990698,5,0.711312540646532,0.83040065521249,0.999999337058203,191956,4,23,0.797655816900293,0.771632506985662,0.883502943897388
"GO:0000724","double-strand break repair via homologous recombination",0.0117260670812736,12,0.787806791881346,0.831715872708679,0.999999337058203,177536,12,71,0.77518663895944,0.877050115023414,0.931003126391092
"GO:0034143","regulation of toll-like receptor 4 signaling pathway",0.0063554457024398,6,0.726768484949628,0.831943685456951,0.999999337058203,32507,5,12,1.91105039465695,0.0987855921834425,0.521003496228806
"GO:0045058","T cell selection",0.00635863498644554,6,0.726403961571597,0.832287460880774,0.999999337058203,147840,6,32,0.859972677595628,0.728270983273641,0.864950897800897
"GO:0006457","protein folding",0.0203263700632541,22,0.833208518944408,0.832287874464001,0.999999337058203,115536,13,80,0.745309653916211,0.914713931199737,0.947665089290987
"GO:2000116","regulation of cysteine-type endopeptidase activity",0.0143442034763196,15,0.805018147568646,0.832374796288374,0.999999337058203,183003,12,64,0.859972677595628,0.768232058946992,0.883502943897388
"GO:0045165","cell fate commitment",0.0501152128847074,58,0.890941652082567,0.832885533808052,0.999999337058203,169674,47,167,1.29081727255871,0.0305390372607544,0.419362978000806
"GO:0071542","dopaminergic neuron differentiation",0.0143521766863339,15,0.804570927687215,0.832958631576895,0.999999337058203,113002,6,28,0.982825917252147,0.593083097831942,0.810139283120952
"GO:0048584","positive regulation of response to stimulus",0.238146361558497,295,0.953605866691728,0.83325735228975,0.999999337058203,123542,220,971,1.03917055445816,0.257160194557119,0.640269346339134
"GO:0048660","regulation of smooth muscle cell proliferation",0.0143780896188806,15,0.803120888583914,0.834845597061239,0.999999337058203,249971,9,68,0.607039537126326,0.974727127507117,0.983471509854116
"GO:0007178","cell surface receptor protein serine/threonine kinase signaling pathway",0.0411769786849519,47,0.878687056931483,0.835343605406562,0.999999337058203,85771,39,186,0.961689876020918,0.638743632843527,0.822594837080773
"GO:0050919","negative chemotaxis",0.00545593472598735,5,0.705491340518485,0.835562189193747,0.999999337058203,234187,6,25,1.1007650273224,0.472020453220527,0.754978406316201
"GO:0072163","mesonephric epithelium development",0.0152542125126242,16,0.807460040391109,0.835719344937652,0.999999337058203,187007,14,59,1.08832700441481,0.409290699997393,0.729974447948049
"GO:0072164","mesonephric tubule development",0.0152542125126242,16,0.807460040391109,0.835719344937652,0.999999337058203,187007,14,59,1.08832700441481,0.409290699997393,0.729974447948049
"GO:0008654","phospholipid biosynthetic process",0.023764285334609,26,0.842246933875394,0.83597735496879,0.999999337058203,72915,21,105,0.917304189435337,0.710338360515298,0.859181934058344
"GO:0051129","negative regulation of cellular component organization",0.070460718651996,83,0.906821634840814,0.836084868149255,0.999999337058203,119155,63,302,0.956790793616328,0.679431024791121,0.84247630413605
"GO:0090128","regulation of synapse maturation",0.0100176739488651,10,0.768464760036279,0.83636992401793,0.999999337058203,65273,8,15,2.4461445051609,0.00733570378566539,0.347715106383732
"GO:0034502","protein localization to chromosome",0.0109038962419603,11,0.776607935370224,0.836387071825341,0.999999337058203,344747,9,50,0.825573770491803,0.792393717284968,0.890303056065182
"GO:0006469","negative regulation of protein kinase activity",0.0220880508159252,24,0.836459076056021,0.836533190417788,0.999999337058203,84708,18,73,1.13092297327644,0.31857360485514,0.67731121719918
"GO:0051250","negative regulation of lymphocyte activation",0.0195602774677085,21,0.826485298170476,0.837414478174265,0.999999337058203,170737,18,70,1.17939110070258,0.252684135625131,0.640269346339134
"GO:0098659","inorganic cation import across plasma membrane",0.0152847764843459,16,0.805845415154935,0.837856130079516,0.999999337058203,71394,13,56,1.06472807702316,0.45056331517676,0.741424756334832
"GO:0099587","inorganic ion import across plasma membrane",0.0152847764843459,16,0.805845415154935,0.837856130079516,0.999999337058203,71394,13,56,1.06472807702316,0.45056331517676,0.741424756334832
"GO:0000725","recombinational repair",0.0118079253707543,12,0.782345331514702,0.838238195555115,0.999999337058203,177536,12,72,0.764420157862781,0.888566862867562,0.937274472507013
"GO:0062207","regulation of pattern recognition receptor signaling pathway",0.0170127039812895,18,0.814497974470433,0.838333994329306,0.999999337058203,67046,16,66,1.11188386598223,0.360673568498931,0.710658612643248
"GO:1902254","negative regulation of intrinsic apoptotic signaling pathway by p53 class mediator",0.00548437250837187,5,0.701833199284423,0.83878210419269,0.999999337058203,156612,2,9,1.01922687715037,0.616482123379327,0.814840345306899
"GO:0009314","response to radiation",0.0379829107532026,43,0.871507364619895,0.839691261136502,0.999999337058203,130877,34,180,0.866342845577818,0.853579701408002,0.921209877729264
"GO:0060390","regulation of SMAD protein signal transduction",0.0064323871790783,6,0.718075189777935,0.84008092951209,0.999999337058203,45080,6,28,0.982825917252147,0.593083097831942,0.810139283120952
"GO:0043113","receptor clustering",0.0082691489927178,8,0.744766303184597,0.840424605993271,0.999999337058203,47962,6,34,0.809386049501768,0.782652865835245,0.888514060872553
"GO:0048608","reproductive structure development",0.0363513262105991,41,0.868269300184876,0.840584248218208,0.999999337058203,137533,27,134,0.924149743087839,0.712297134903722,0.859410331944797
"GO:0061458","reproductive system development",0.0363513262105991,41,0.868269300184876,0.840584248218208,0.999999337058203,137533,27,134,0.924149743087839,0.712297134903722,0.859410331944797
"GO:0045787","positive regulation of cell cycle",0.0297165523839898,33,0.854882380553901,0.8408244644092,0.999999337058203,152310,28,146,0.879606756992789,0.808595123313044,0.901111649494281
"GO:0031648","protein destabilization",0.00736219635358529,7,0.731950130947157,0.840828153920166,0.999999337058203,245229,6,23,1.19648372535044,0.386010953427164,0.717450621306231
"GO:0042147","retrograde transport, endosome to Golgi",0.0127201934832297,13,0.786756761412584,0.840929999647779,0.999999337058203,138707,11,44,1.14663023679417,0.358714955248068,0.710658612643248
"GO:0046328","regulation of JNK cascade",0.0263745814064742,29,0.846453823737473,0.840954433238445,0.999999337058203,102570,20,76,1.20697919662544,0.204198933174134,0.616159221484306
"GO:0009605","response to external stimulus",0.215028703556052,265,0.94872487215915,0.841605331178237,0.999999337058203,125816,215,931,1.05918582561008,0.164447114447657,0.590868505944047
"GO:0051049","regulation of transport",0.174120687822251,213,0.941716279811182,0.841642738082235,0.999999337058203,128853,164,718,1.04761759796236,0.253096651203825,0.640269346339134
"GO:2001243","negative regulation of intrinsic apoptotic signaling pathway",0.011858688141179,12,0.778996393083762,0.842184773893723,0.999999337058203,101457,9,43,0.959969500571864,0.614823820858693,0.814840345306899
"GO:1902692","regulation of neuroblast proliferation",0.0091945729017169,9,0.753532169527849,0.84246635322086,0.999999337058203,196650,7,31,1.03566602033022,0.528442811964507,0.784760956846717
"GO:0051893","regulation of focal adhesion assembly",0.00829240418859299,8,0.74267768257857,0.842552423740023,0.999999337058203,133653,7,33,0.972898382734448,0.600907643410918,0.813546739063194
"GO:0090109","regulation of cell-substrate junction assembly",0.00829240418859299,8,0.74267768257857,0.842552423740023,0.999999337058203,133653,7,33,0.972898382734448,0.600907643410918,0.813546739063194
"GO:0002460","adaptive immune response based on somatic recombination of immune receptors built from immunoglobulin superfamily domains",0.026411656833041,29,0.845265612154137,0.84291249106988,0.999999337058203,124744,22,128,0.788308287795993,0.919920471080505,0.950140575642726
"GO:0008589","regulation of smoothened signaling pathway",0.0109852229841067,11,0.770858485095062,0.842962186480841,0.999999337058203,141961,9,41,1.00679728108756,0.552176446804538,0.788457974921475
"GO:0098926","postsynaptic signal transduction",0.00552317546377505,5,0.696902484605717,0.843091954828705,0.999999337058203,283183,5,25,0.917304189435337,0.663607051000599,0.835308084274144
"GO:0030098","lymphocyte differentiation",0.0495818051347472,57,0.885000203239793,0.844132126172542,0.999999337058203,171167,44,183,1.10277006380204,0.254068980006423,0.640269346339134
"GO:0051282","regulation of sequestering of calcium ion",0.0145096475841174,15,0.795839047358705,0.844179525160302,0.999999337058203,54377,12,53,1.03845757294566,0.494893033205743,0.769895892233997
"GO:1903531","negative regulation of secretion by cell",0.019677616541753,21,0.821556905578163,0.844571685893978,0.999999337058203,140669,13,64,0.931637067395264,0.662179380283896,0.835308084274144
"GO:0030258","lipid modification",0.0196877159411046,21,0.821135463532562,0.845176580241832,0.999999337058203,139545,13,84,0.709818718015439,0.943736460373871,0.966037096546241
"GO:0097150","neuronal stem cell population maintenance",0.00648248551533514,6,0.71252571770737,0.845205974193143,0.999999337058203,200984,5,14,1.63804319542024,0.171372945805701,0.593229738391896
"GO:0002449","lymphocyte mediated immunity",0.0272958858236326,30,0.846086782855524,0.84526956428736,0.999999337058203,126963,24,120,0.917304189435337,0.719058745042613,0.864950897800897
"GO:0042471","ear morphogenesis",0.0214008929995216,23,0.827345271855682,0.845809874031895,0.999999337058203,167681,12,72,0.764420157862781,0.888566862867562,0.937274472507013
"GO:0045104","intermediate filament cytoskeleton organization",0.00554922128315526,5,0.693631503811572,0.845931271820017,0.999999337058203,154203,5,30,0.764420157862781,0.815096932472051,0.903186317995806
"GO:0002052","positive regulation of neuroblast proliferation",0.00833439642800191,8,0.738935756055166,0.846337677274569,0.999999337058203,147703,6,23,1.19648372535044,0.386010953427164,0.717450621306231
"GO:1903312","negative regulation of mRNA metabolic process",0.0171410726625206,18,0.808398237720775,0.846641489028737,0.999999337058203,111116,12,50,1.1007650273224,0.406688876391565,0.726789851354867
"GO:1900101","regulation of endoplasmic reticulum unfolded protein response",0.00742385584436294,7,0.72587085445055,0.846718507561291,0.999999337058203,88311,4,13,1.4112372145159,0.309606601725307,0.668216294192446
"GO:0007610","behavior",0.0820794131717429,97,0.909763147233364,0.84709719444131,0.999999337058203,119809,76,306,1.13913592152101,0.1083356118275,0.53758873962322
"GO:2001252","positive regulation of chromosome organization",0.00742943709137299,7,0.725325555461372,0.84724293021316,0.999999337058203,147916,7,36,0.891823517506578,0.697552077978685,0.854160883857257
"GO:0043270","positive regulation of monoatomic ion transport",0.0231308137989688,25,0.832031837935111,0.847726604824751,0.999999337058203,57186,14,82,0.783064551956995,0.882850476960293,0.936088959566358
"GO:0001823","mesonephros development",0.0154316164354436,16,0.798177371962659,0.847832002863203,0.999999337058203,187007,14,61,1.05264415181104,0.46367929465589,0.754978406316201
"GO:0007043","cell-cell junction assembly",0.0171944931696168,18,0.805886675247332,0.850002386054715,0.999999337058203,151226,13,78,0.764420157862781,0.896028549660065,0.939563475653034
"GO:0006414","translational elongation",0.00653789932493489,6,0.706486505034674,0.8507184254357,0.999999337058203,194023,6,27,1.01922687715037,0.55425832846232,0.788457974921475
"GO:0016055","Wnt signaling pathway",0.0701024557486844,82,0.900474604850381,0.851041619800611,0.999999337058203,129854,53,247,0.984152268017669,0.578779539581413,0.803619794852935
"GO:1903747","regulation of establishment of protein localization to mitochondrion",0.00559785786424281,5,0.687604936917921,0.851119524005484,0.999999337058203,294993,4,22,0.83391289948667,0.739079711540251,0.870836413296154
"GO:0051494","negative regulation of cytoskeleton organization",0.0189379684260883,20,0.812994217123258,0.851458019305803,0.999999337058203,116687,15,73,0.942435811063702,0.648235399374439,0.830859209301487
"GO:0120163","negative regulation of cold-induced thermogenesis",0.0128672992079945,13,0.77776214477001,0.851660057926383,0.999999337058203,74363,6,27,1.01922687715037,0.55425832846232,0.788457974921475
"GO:0021510","spinal cord development",0.0215106575240525,23,0.823123496659522,0.85200815448624,0.999999337058203,86618,18,58,1.42340305257207,0.0646974930427919,0.479523898061771
"GO:2000146","negative regulation of cell motility",0.0399399351512252,45,0.867353244350494,0.852885735744414,0.999999337058203,108867,34,146,1.06809391920553,0.361836159280624,0.710658612643248
"GO:0030595","leukocyte chemotaxis",0.0215343113804284,23,0.822219356070782,0.853319104360796,0.999999337058203,152373,19,85,1.02522232936891,0.493668517628246,0.769895892233997
"GO:0032088","negative regulation of NF-kappaB transcription factor activity",0.00932360601711582,9,0.743103736236159,0.853348159606244,0.999999337058203,155817,8,33,1.11188386598223,0.433367940649336,0.741424756334832
"GO:0051668","localization within membrane",0.0839019560941902,99,0.90835154124514,0.853476946003201,0.999999337058203,108012,70,328,0.978830689946244,0.604258085474871,0.814840345306899
"GO:0032414","positive regulation of ion transmembrane transporter activity",0.00750053154733429,7,0.718450492616169,0.853797472929464,0.999999337058203,39405,5,29,0.790779473651153,0.790074476121275,0.889313199760295
"GO:0043161","proteasome-mediated ubiquitin-dependent protein catabolic process",0.0391363684686121,44,0.865491886887917,0.853853310002764,0.999999337058203,129858,39,186,0.961689876020918,0.638743632843527,0.822594837080773
"GO:0048483","autonomic nervous system development",0.0102354754690905,10,0.752112535512761,0.854182609115372,0.999999337058203,222654,7,30,1.07018822100789,0.49036218872413,0.769093063738652
"GO:0030901","midbrain development",0.0198441237442194,21,0.814663421956615,0.854321522707586,0.999999337058203,80942,13,49,1.21683208802647,0.257968990161826,0.640269346339134
"GO:0038202","TORC1 signaling",0.0129138095997449,13,0.774960955720221,0.854933597286293,0.999999337058203,84754,8,58,0.632623578920922,0.956223039494313,0.973809353973072
"GO:1901186","positive regulation of ERBB signaling pathway",0.00563453463030883,5,0.683129123550563,0.854935302792322,0.999999337058203,41706,4,13,1.4112372145159,0.309606601725307,0.668216294192446
"GO:0140029","exocytic process",0.0102491628129485,10,0.751108119534468,0.855248906360992,0.999999337058203,112436,9,38,1.0862812769629,0.451717461370599,0.741424756334832
"GO:0045668","negative regulation of osteoblast differentiation",0.00844044012119279,8,0.729651942003084,0.85557463741837,0.999999337058203,133561,8,28,1.3104345563362,0.253145395787625,0.640269346339134
"GO:0001709","cell fate determination",0.012039281348004,12,0.767311189235986,0.855626431705892,0.999999337058203,256871,10,30,1.52884031572556,0.0986014128077031,0.521003496228806
"GO:0030219","megakaryocyte differentiation",0.00935310689416893,9,0.740759893467285,0.855750303906078,0.999999337058203,218275,5,26,0.882023259072439,0.699274543083001,0.854160883857257
"GO:1903351","cellular response to dopamine",0.00659065539786318,6,0.700831308194228,0.855816350298179,0.999999337058203,132526,5,24,0.955525197328476,0.625289731444584,0.81540418406306
"GO:1903037","regulation of leukocyte cell-cell adhesion",0.0425066443416786,48,0.869311180099501,0.856501481540583,0.999999337058203,140829,37,167,1.01617529967388,0.486464575858306,0.76733995596697
"GO:0141091","transforming growth factor beta receptor superfamily signaling pathway",0.040036676766066,45,0.865257437198812,0.85685224381854,0.999999337058203,86557,37,175,0.969721571688785,0.614589524260613,0.814840345306899
"GO:0070936","protein K48-linked ubiquitination",0.00937237548503694,9,0.739236971200519,0.857302274568278,0.999999337058203,195033,10,46,0.997069771125366,0.562182204027652,0.794225930685381
"GO:0120034","positive regulation of plasma membrane bounded cell projection assembly",0.0147113697974805,15,0.78492650717217,0.85770576790303,0.999999337058203,160449,10,54,0.849355730958645,0.769749930667798,0.883502943897388
"GO:0051640","organelle localization",0.0670956253654388,78,0.894934491621468,0.858559285014842,0.999999337058203,137533,63,265,1.09038045159295,0.235275563757947,0.640269346339134
"GO:0120036","plasma membrane bounded cell projection organization",0.197773481103492,242,0.941972354512142,0.858684866349232,0.999999337058203,145733,182,774,1.07848425372888,0.121265757964341,0.547048978101158
"GO:1901888","regulation of cell junction assembly",0.0342761654175304,38,0.853458121442505,0.859025753445833,0.999999337058203,118963,31,136,1.04545698060645,0.42230250795099,0.734181023663623
"GO:0021532","neural tube patterning",0.00663517248710998,6,0.696129249588451,0.860006046846459,0.999999337058203,216074,5,19,1.20697919662544,0.401659934530528,0.722895245575533
"GO:2000045","regulation of G1/S transition of mitotic cell cycle",0.0208030351352788,22,0.81411700676306,0.860042477643025,0.999999337058203,159765,17,86,0.906637861651205,0.717280517669561,0.863996987192881
"GO:0043410","positive regulation of MAPK cascade",0.0590081326742146,68,0.887131274907841,0.860150086851724,0.999999337058203,99801,48,205,1.07391709982674,0.311217139164283,0.668444748185974
"GO:0051968","positive regulation of synaptic transmission, glutamatergic",0.00568662626906926,5,0.676871403446064,0.860214360977588,0.999999337058203,186774,5,20,1.14663023679417,0.449455123695447,0.741424756334832
"GO:0097553","calcium ion transmembrane import into cytosol",0.0242275288364429,26,0.826142715335765,0.860813574965668,0.999999337058203,50892,20,81,1.13247430794486,0.302894131247573,0.668216294192446
"GO:0032880","regulation of protein localization",0.101056716100569,120,0.914127793296819,0.861304934549481,0.999999337058203,130670,77,386,0.914927753711411,0.833668908893818,0.913883050482637
"GO:0051050","positive regulation of transport",0.0850160793068623,100,0.905502755478746,0.862332820300182,0.999999337058203,122658,78,355,1.00774263064727,0.49030646889884,0.769093063738652
"GO:0072091","regulation of stem cell proliferation",0.00944878541434115,9,0.733258949451527,0.863325737812972,0.999999337058203,100451,8,46,0.797655816900293,0.816019315413446,0.903186317995806
"GO:0010817","regulation of hormone levels",0.0656219103811194,76,0.891570256873069,0.863327837401782,0.999999337058203,150556,53,231,1.05231865887604,0.360175126794503,0.710658612643248
"GO:1903825","organic acid transmembrane transport",0.019149790038803,20,0.804001442484489,0.863603527836501,0.999999337058203,161092,14,66,0.972898382734448,0.594833466450075,0.811335353135948
"GO:1990845","adaptive thermogenesis",0.0268323765481316,29,0.832012223775232,0.863907947819466,0.999999337058203,123919,18,89,0.927610978080678,0.681973107631954,0.8443728149549
"GO:0001657","ureteric bud development",0.0139374368787541,14,0.773278563618818,0.864426620485232,0.999999337058203,207188,13,58,1.0280133157465,0.506620851104774,0.774119999011001
"GO:0034243","regulation of transcription elongation by RNA polymerase II",0.00573911656833041,5,0.670680697593485,0.865370061570635,0.999999337058203,34925,4,35,0.524173822534478,0.963980799308689,0.977951535530554
"GO:0002224","toll-like receptor signaling pathway",0.00574190719183543,5,0.670354740162175,0.865639624386751,0.999999337058203,101750,5,34,0.674488374584807,0.892124297496892,0.938470572489667
"GO:0048522","positive regulation of cellular process",0.536975229894222,678,0.972000056526704,0.86745514870172,0.999999337058203,133864,549,2449,1.02817476521029,0.193159780463715,0.60372601981498
"GO:0048499","synaptic vesicle membrane organization",0.00576170733003774,5,0.668051062495213,0.867539210782533,0.999999337058203,205970,5,20,1.14663023679417,0.449455123695447,0.741424756334832
"GO:0002068","glandular epithelial cell development",0.0067211502684314,6,0.687224278563821,0.867813279096823,0.999999337058203,133996,6,23,1.19648372535044,0.386010953427164,0.717450621306231
"GO:0050885","neuromuscular process controlling balance",0.0122173497049912,12,0.756127598190105,0.867987409545899,0.999999337058203,83826,8,25,1.46768670309654,0.159225173432425,0.590868505944047
"GO:0048513","animal organ development",0.34849425928879,434,0.958704906519544,0.868305929418385,0.999999337058203,140657,318,1359,1.07322565209874,0.0627569770772086,0.479523898061771
"GO:0051302","regulation of cell division",0.0175269760272152,18,0.790599183310862,0.869676473974981,0.999999337058203,142755,16,79,0.928915634871227,0.674353889409455,0.840881494579416
"GO:0097191","extrinsic apoptotic signaling pathway",0.023557247647903,25,0.816970378107987,0.869784853593581,0.999999337058203,195460,17,98,0.79562098063269,0.886950522601301,0.937274472507013
"GO:1902253","regulation of intrinsic apoptotic signaling pathway by p53 class mediator",0.00578987933875512,5,0.664800504192505,0.870202890502912,0.999999337058203,156612,2,12,0.764420157862781,0.773055398944247,0.883502943897388
"GO:1905898","positive regulation of response to endoplasmic reticulum stress",0.00769082549301015,7,0.700673886042927,0.870224449325942,0.999999337058203,88311,4,15,1.22307225258045,0.419938859200025,0.731786363378155
"GO:0032479","regulation of type I interferon production",0.0184154573964812,19,0.794258625177776,0.870769013763813,0.999999337058203,119406,13,42,1.41963743603088,0.107878729569439,0.53758873962322
"GO:0032606","type I interferon production",0.0184154573964812,19,0.794258625177776,0.870769013763813,0.999999337058203,119406,13,42,1.41963743603088,0.107878729569439,0.53758873962322
"GO:0030334","regulation of cell migration",0.115062589698613,137,0.916594552194486,0.870927127580047,0.999999337058203,129397,111,450,1.13134183363692,0.0737958692696905,0.479523898061771
"GO:0045732","positive regulation of protein catabolic process",0.0210116674639877,22,0.806033349087933,0.871034307168338,0.999999337058203,211850,20,82,1.11866364565285,0.324280644951393,0.682792958439086
"GO:0071248","cellular response to metal ion",0.0166799553500239,17,0.784593826402719,0.871071113482163,0.999999337058203,155627,15,74,0.929700191995274,0.670399754627306,0.837717443471643
"GO:1903539","protein localization to postsynaptic membrane",0.00955748684420348,9,0.724919278409963,0.871540628887789,0.999999337058203,214270,7,26,1.23483256270142,0.332743349773908,0.692655801326738
"GO:0060341","regulation of cellular localization",0.110286105352682,131,0.914410794653598,0.871584502676695,0.999999337058203,129618,86,442,0.892400003296821,0.902780254438119,0.943439549157421
"GO:0043632","modification-dependent macromolecule catabolic process",0.0577669696486472,66,0.879539196824559,0.872925360631613,0.999999337058203,120061,57,272,0.961145933783349,0.65853698962658,0.835308084274144
"GO:0014074","response to purine-containing compound",0.0132032371232658,13,0.757973074025336,0.874056117513015,0.999999337058203,65176,11,62,0.813737587402315,0.823499469553119,0.905776173152111
"GO:1902600","proton transmembrane transport",0.0287491362355818,31,0.830094892830081,0.87411223219987,0.999999337058203,199197,13,79,0.754743953332872,0.905753641952415,0.943549120863146
"GO:0007616","long-term memory",0.00583918035401052,5,0.659187500686544,0.87475532475244,0.999999337058203,19544,5,13,1.76404651814488,0.132865333619212,0.554477376521119
"GO:0010092","specification of animal organ identity",0.00680566629458353,6,0.678689998070858,0.875131417213256,0.999999337058203,172710,5,26,0.882023259072439,0.699274543083001,0.854160883857257
"GO:0045930","negative regulation of mitotic cell cycle",0.0245251953436454,26,0.816115679339557,0.875208535191091,0.999999337058203,191876,22,105,0.96098534131321,0.622373436506866,0.81540418406306
"GO:0045664","regulation of neuron differentiation",0.0413474724924255,46,0.85644546422455,0.875351706320201,0.999999337058203,197217,34,106,1.47114822833969,0.00882838507385009,0.347715106383732
"GO:0043407","negative regulation of MAP kinase activity",0.00775487694679211,7,0.69488666577676,0.875399683140225,0.999999337058203,37224,6,18,1.52884031572556,0.180687224901036,0.593229738391896
"GO:0090559","regulation of membrane permeability",0.00868853983947271,8,0.708816859860635,0.875444036107735,0.999999337058203,24485,6,37,0.743760153596219,0.848147814546437,0.918991936906332
"GO:1902882","regulation of response to oxidative stress",0.00681523414660075,6,0.677737190679736,0.87593810271964,0.999999337058203,190412,6,23,1.19648372535044,0.386010953427164,0.717450621306231
"GO:0051928","positive regulation of calcium ion transport",0.00962140541115186,9,0.720103370603447,0.876181177908611,0.999999337058203,60892,7,45,0.713458814005262,0.88852424662009,0.937274472507013
"GO:0003002","regionalization",0.0578942752352097,66,0.877605149755111,0.876892889366536,0.999999337058203,134381,50,216,1.06169466369831,0.339267199158776,0.700045221845972
"GO:0070534","protein K63-linked ubiquitination",0.0096425344176899,9,0.718525458804903,0.877684772901681,0.999999337058203,218248,7,33,0.972898382734448,0.600907643410918,0.813546739063194
"GO:0030030","cell projection organization",0.200375405304842,244,0.937424417187328,0.878244843393629,0.999999337058203,146891,186,790,1.0798644255378,0.114258100874071,0.543625729500403
"GO:0007188","adenylate cyclase-modulating G protein-coupled receptor signaling pathway",0.0339285334609047,37,0.839513114812212,0.879111729081446,0.999999337058203,158788,22,114,0.885118077525325,0.775811263869922,0.885345982453832
"GO:0071347","cellular response to interleukin-1",0.0132878860362515,13,0.753144495829103,0.879253508532312,0.999999337058203,94554,10,41,1.11866364565285,0.40275592253494,0.722895245575533
"GO:0030517","negative regulation of axon extension",0.00685603040450752,6,0.673704369995948,0.879328828863466,0.999999337058203,190777,6,18,1.52884031572556,0.180687224901036,0.593229738391896
"GO:0045580","regulation of T cell differentiation",0.0237617604847712,25,0.809938873444384,0.879457245587663,0.999999337058203,139966,19,87,1.00165399995813,0.539187559350724,0.788457974921475
"GO:2000026","regulation of multicellular organismal development",0.183867804177962,223,0.933662728767967,0.879730828130143,0.999999337058203,153928,148,651,1.0427113674073,0.288548125480754,0.668216294192446
"GO:0001819","positive regulation of cytokine production",0.0464517886567799,52,0.86177075361739,0.879774192923196,0.999999337058203,116864,43,174,1.13345057889999,0.197012904684603,0.612159025443782
"GO:1903532","positive regulation of secretion by cell",0.0297452559400415,32,0.828176908371962,0.880435154659846,0.999999337058203,174367,23,125,0.84391985428051,0.850980540256589,0.920322529875546
"GO:1902369","negative regulation of RNA catabolic process",0.0142196885132621,14,0.757929483481943,0.881609347575547,0.999999337058203,90687,9,41,1.00679728108756,0.552176446804538,0.788457974921475
"GO:0055082","intracellular chemical homeostasis",0.0776445808749269,90,0.892323248891415,0.881824032310836,0.999999337058203,132454,56,296,0.867720179195589,0.904434533619702,0.943439549157421
"GO:0002707","negative regulation of lymphocyte mediated immunity",0.00784789773029288,7,0.686650204966971,0.882609926840933,0.999999337058203,138000,7,24,1.33773527625987,0.256210114463468,0.640269346339134
"GO:0150116","regulation of cell-substrate junction organization",0.00879033115398926,8,0.700608818701234,0.882920127205671,0.999999337058203,133653,7,36,0.891823517506578,0.697552077978685,0.854160883857257
"GO:0002250","adaptive immune response",0.0407315420188168,45,0.850496460864651,0.883063398405745,0.999999337058203,117293,38,185,0.942096194555211,0.691112740296474,0.853253998835247
"GO:0003073","regulation of systemic arterial blood pressure",0.00880548025301653,8,0.699403479291126,0.884000367462632,0.999999337058203,86887,8,35,1.04834764506896,0.505878787189,0.774119999011001
"GO:0038066","p38MAPK cascade",0.0124712964439483,12,0.740730952086883,0.884145096294509,0.999999337058203,123907,10,30,1.52884031572556,0.0986014128077031,0.521003496228806
"GO:0040011","locomotion",0.144432440333812,173,0.922087644835087,0.884443978741969,0.999999337058203,134146,135,553,1.11967509560371,0.0693859965600604,0.479523898061771
"GO:0006955","immune response",0.144443204167331,173,0.922018931336542,0.884656401939697,0.999999337058203,109284,148,670,1.01314194057037,0.441735943869063,0.741424756334832
"GO:0034765","regulation of monoatomic ion transmembrane transport",0.0457829692234093,51,0.85754529780106,0.885075549442733,0.999999337058203,102715,39,147,1.21683208802647,0.0984985959378172,0.521003496228806
"GO:0051047","positive regulation of secretion",0.0307141338436188,33,0.82711617958121,0.88534077342067,0.999999337058203,170132,24,132,0.83391289948667,0.870548807544383,0.927836029273419
"GO:0010171","body morphogenesis",0.00596303088290012,5,0.645496355663037,0.885596715508192,0.999999337058203,131487,3,27,0.509613438575187,0.953481644261821,0.97261943915627
"GO:0045103","intermediate filament-based process",0.00597060543241376,5,0.644677453097428,0.886232861440332,0.999999337058203,154203,5,31,0.739761443093014,0.837668102919736,0.914312639550521
"GO:0015031","protein transport",0.134965980970605,161,0.918316545882021,0.886526907244588,0.999999337058203,122295,117,567,0.946424957353919,0.773255297685586,0.883502943897388
"GO:0070050","neuron cellular homeostasis",0.00885092755009834,8,0.695812217525229,0.887191612366294,0.999999337058203,168315,8,31,1.18361830894882,0.359800051899977,0.710658612643248
"GO:0008608","attachment of spindle microtubules to kinetochore",0.00598283102110243,5,0.643360089904212,0.887253220641341,0.999999337058203,59108,5,23,0.997069771125366,0.584453933174545,0.806068435716566
"GO:0019941","modification-dependent protein catabolic process",0.0574287726572051,65,0.871313956955308,0.88752391246282,0.999999337058203,121035,56,268,0.958377511350352,0.666728308135033,0.835308084274144
"GO:0034331","cell junction maintenance",0.00698838569074576,6,0.66094486605946,0.889796671816165,0.999999337058203,214920,5,25,0.917304189435337,0.663607051000599,0.835308084274144
"GO:0009063","amino acid catabolic process",0.00794689842130442,7,0.678096069608615,0.889897597127558,0.999999337058203,85269,7,46,0.697948839787756,0.901537952221282,0.943439549157421
"GO:0048518","positive regulation of biological process",0.573066762345187,723,0.971234108684757,0.890382802306078,0.999999337058203,139508,598,2687,1.02074414827378,0.24853298434419,0.640269346339134
"GO:0060113","inner ear receptor cell differentiation",0.00795659916015521,7,0.67726933035047,0.890590787026463,0.999999337058203,245527,6,35,0.786260733801717,0.806556069397535,0.899676192863757
"GO:0042759","long-chain fatty acid biosynthetic process",0.0107567905171956,10,0.715662296753862,0.890601614711276,0.999999337058203,88222,3,9,1.52884031572556,0.310336636193712,0.668216294192446
"GO:0035082","axoneme assembly",0.0107644979535428,10,0.715149878838774,0.891078251832071,0.999999337058203,129277,7,37,0.867720179195589,0.72610364221146,0.864950897800897
"GO:0030968","endoplasmic reticulum unfolded protein response",0.00892109179822463,8,0.690339665265487,0.891974810839838,0.999999337058203,79116,5,24,0.955525197328476,0.625289731444584,0.81540418406306
"GO:0051130","positive regulation of cellular component organization",0.124060224312975,147,0.912169657221381,0.892390773713075,0.999999337058203,125311,112,513,1.00134570386703,0.511847836844573,0.777727987590469
"GO:0071346","cellular response to type II interferon",0.00986671450592675,9,0.702199953424307,0.892735473919806,0.999999337058203,150524,8,44,0.83391289948667,0.773873152429765,0.883502943897388
"GO:0006513","protein monoubiquitination",0.00606694838675384,5,0.634439994911126,0.894062742214478,0.999999337058203,193934,3,21,0.655217278168098,0.867883224330617,0.927836029273419
"GO:0060074","synapse maturation",0.0108264232179876,10,0.711059345476732,0.894845973880715,0.999999337058203,65273,8,19,1.93116671460071,0.0375335881794311,0.442114843387871
"GO:0060795","cell fate commitment involved in formation of primary germ layer",0.00608103439111253,5,0.632970388926541,0.895167635517279,0.999999337058203,219782,3,14,0.982825917252147,0.617328601262156,0.814840345306899
"GO:0016482","cytosolic transport",0.0189293307819061,19,0.772696934839879,0.896442576848494,0.999999337058203,127355,15,64,1.07496584699454,0.423369669699786,0.735003029754893
"GO:0070613","regulation of protein processing",0.00708140647424653,6,0.652262747681527,0.896683241764457,0.999999337058203,167708,6,29,0.948935368381383,0.630042193238743,0.817578361985218
"GO:0047496","vesicle transport along microtubule",0.00805015149099027,7,0.669398655552822,0.897089048370883,0.999999337058203,71340,5,24,0.955525197328476,0.625289731444584,0.81540418406306
"GO:1904427","positive regulation of calcium ion transmembrane transport",0.00805214479349386,7,0.669232946409453,0.897223872493126,0.999999337058203,41662,5,32,0.716643897996357,0.857926828780124,0.922020255158991
"GO:0032200","telomere organization",0.0108721362887365,10,0.708069619694859,0.897557581042891,0.999999337058203,94804,10,70,0.655217278168098,0.958877436652221,0.975441538245062
"GO:0006816","calcium ion transport",0.0486957157284856,54,0.85367753974214,0.898037491618714,0.999999337058203,88425,40,180,1.01922687715037,0.474940476621253,0.75656039856799
"GO:0043281","regulation of cysteine-type endopeptidase activity involved in apoptotic process",0.013623159517355,13,0.7346091937526,0.898171310414408,0.999999337058203,208200,11,55,0.917304189435337,0.678885489959921,0.842081299816552
"GO:0048278","vesicle docking",0.00995721043958965,9,0.695818021377304,0.898359524272762,0.999999337058203,213914,8,25,1.46768670309654,0.159225173432425,0.590868505944047
"GO:0002683","negative regulation of immune system process",0.0627756072928294,71,0.870679411135243,0.898770311014501,0.999999337058203,104118,54,207,1.19648372535044,0.0786423518075055,0.486271875343075
"GO:0051650","establishment of vesicle localization",0.0224787381066284,23,0.787674448301106,0.898806499984923,0.999999337058203,117715,19,77,1.13173893501762,0.310549113385738,0.668216294192446
"GO:2000060","positive regulation of ubiquitin-dependent protein catabolic process",0.0108943283899431,10,0.706627258853588,0.898852903455495,0.999999337058203,224196,10,45,1.01922687715037,0.531361484243297,0.78539884722814
"GO:0006511","ubiquitin-dependent protein catabolic process",0.0570169563599639,64,0.864105545993472,0.899034560533287,0.999999337058203,121447,55,266,0.948340797348563,0.698056588594573,0.854160883857257
"GO:0051048","negative regulation of secretion",0.0207530696858555,21,0.778982675811791,0.899559725267619,0.999999337058203,140669,13,70,0.851782461618527,0.786251121790995,0.888514060872553
"GO:0048546","digestive tract morphogenesis",0.00997900388029554,9,0.694298403891142,0.899676498635897,0.999999337058203,161158,8,29,1.26524715784184,0.287739991824985,0.668216294192446
"GO:0022603","regulation of anatomical structure morphogenesis",0.12847937596343,152,0.910753855337054,0.900327374923839,0.999999337058203,151485,108,443,1.11815860563224,0.0988581851637249,0.521003496228806
"GO:0007169","cell surface receptor protein tyrosine kinase signaling pathway",0.0808920693137724,93,0.885050093224759,0.901464240311779,0.999999337058203,169016,62,308,0.923260710145956,0.785839210884627,0.888514060872553
"GO:1903706","regulation of hemopoiesis",0.0612608302769362,69,0.867075791656856,0.902140497942595,0.999999337058203,158441,43,177,1.11423955213897,0.233337462853606,0.640269346339134
"GO:0007167","enzyme-linked receptor protein signaling pathway",0.119760803699569,141,0.906348582248389,0.902413909953681,0.999999337058203,145091,101,480,0.965080449301761,0.67982534813934,0.842683608953208
"GO:0002793","positive regulation of peptide secretion",0.0146099771434646,14,0.737682274537431,0.902449059599949,0.999999337058203,154901,9,44,0.938152011922504,0.644393369401158,0.827231626463079
"GO:0090277","positive regulation of peptide hormone secretion",0.0146099771434646,14,0.737682274537431,0.902449059599949,0.999999337058203,154901,9,44,0.938152011922504,0.644393369401158,0.827231626463079
"GO:0002376","immune system process",0.237343326423218,289,0.937371331319498,0.902484747534736,0.999999337058203,134678,228,1013,1.03230678771598,0.292349683923876,0.668216294192446
"GO:0007159","leukocyte cell-cell adhesion",0.0480243714452772,53,0.849581465211763,0.902657085343404,0.999999337058203,137192,41,186,1.01100730556045,0.497410190647857,0.770612200733971
"GO:0050818","regulation of coagulation",0.00716990910540584,6,0.644211464390713,0.902890270510907,0.999999337058203,24565,6,25,1.1007650273224,0.472020453220527,0.754978406316201
"GO:0060761","negative regulation of response to cytokine stimulus",0.00619119757614416,5,0.621707618966891,0.903469728701261,0.999999337058203,215205,5,28,0.819021597710122,0.762482703210494,0.879490092194061
"GO:0030163","protein catabolic process",0.0923877106256312,107,0.891580212342403,0.903922159579756,0.999999337058203,119545,91,415,1.00571905106766,0.495059395278435,0.769895892233997
"GO:0070059","intrinsic apoptotic signaling pathway in response to endoplasmic reticulum stress",0.012827034497422,12,0.720187919549156,0.904048235603422,0.999999337058203,160989,8,26,1.4112372145159,0.188566406459334,0.597284770758932
"GO:0045785","positive regulation of cell adhesion",0.0514234837612289,57,0.853304840741472,0.904582876030121,0.999999337058203,163941,50,212,1.08172663848507,0.286633917694523,0.668216294192446
"GO:0033273","response to vitamin",0.0100632541327805,9,0.688485690125203,0.904634086290124,0.999999337058203,174566,5,40,0.573315118397086,0.955580646147626,0.973689699864788
"GO:1903050","regulation of proteolysis involved in protein catabolic process",0.0252345452612555,26,0.793174446045818,0.904878120884749,0.999999337058203,142086,22,89,1.1337467509875,0.288565984163291,0.668216294192446
"GO:0002704","negative regulation of leukocyte mediated immunity",0.00913477382660926,8,0.674191134086904,0.90550773241925,0.999999337058203,148824,8,27,1.35896916953383,0.219975836193115,0.616159221484306
"GO:0034766","negative regulation of monoatomic ion transmembrane transport",0.0110193749003349,10,0.69860853967337,0.905899464658833,0.999999337058203,124541,10,37,1.2396002559937,0.275445605906298,0.662283342781832
"GO:0042490","mechanoreceptor differentiation",0.0081859618349014,7,0.65829290360115,0.905938553556606,0.999999337058203,245527,6,37,0.743760153596219,0.848147814546437,0.918991936906332
"GO:0021953","central nervous system neuron differentiation",0.0295709084143943,31,0.807026650247108,0.906000349437412,0.999999337058203,160672,28,118,1.08832700441481,0.338969718887559,0.699820621632077
"GO:0070201","regulation of establishment of protein localization",0.0696478498910328,79,0.873192961625039,0.906104546527334,0.999999337058203,125534,43,230,0.857480003167815,0.894149210912325,0.9386795621066
"GO:0046887","positive regulation of hormone secretion",0.0173797374156169,17,0.753002745630796,0.906291040604773,0.999999337058203,192688,11,59,0.855114074897348,0.768744212199223,0.883502943897388
"GO:0048144","fibroblast proliferation",0.0164990963695317,16,0.74653585721966,0.906827334571243,0.999999337058203,51691,10,45,1.01922687715037,0.531361484243297,0.78539884722814
"GO:0045931","positive regulation of mitotic cell cycle",0.0156082230372615,15,0.739824391494635,0.907109664910572,0.999999337058203,95149,13,60,0.993746205221615,0.561128652471834,0.794225930685381
"GO:0021543","pallium development",0.0330416467336416,35,0.815449760798215,0.907761008306989,0.999999337058203,141228,28,109,1.17818886716465,0.189968770331716,0.597781287472998
"GO:0000082","G1/S transition of mitotic cell cycle",0.0270533673523627,28,0.796760050588646,0.908171710760485,0.999999337058203,154089,23,114,0.92535071741284,0.699535553712983,0.854160883857257
"GO:0006813","potassium ion transport",0.0304935416998884,32,0.807854146481333,0.908236031259231,0.999999337058203,115091,26,108,1.10416245024624,0.317380983836805,0.675162528689534
"GO:0007416","synapse assembly",0.0381569925051826,41,0.82718103543884,0.908500897029536,0.999999337058203,204720,32,136,1.07918139933569,0.343400500129938,0.702711448142345
"GO:0002089","lens morphogenesis in camera-type eye",0.00725562111306012,6,0.636601274014669,0.908593030390092,0.999999337058203,243654,3,14,0.982825917252147,0.617328601262156,0.814840345306899
"GO:0030217","T cell differentiation",0.0381627066390262,41,0.8270571809336,0.908672274048907,0.999999337058203,158155,32,139,1.05588971445794,0.395499610114089,0.722895245575533
"GO:0072594","establishment of protein localization to organelle",0.0440769680540052,48,0.83834035747331,0.909222009201094,0.999999337058203,126998,31,186,0.764420157862781,0.967851363497625,0.979815957148538
"GO:1901606","alpha-amino acid catabolic process",0.00627411896029341,5,0.613490870666909,0.90933538491853,0.999999337058203,47788,5,41,0.559331822826425,0.961985336145537,0.976461175677138
"GO:0050770","regulation of axonogenesis",0.0244930367299208,25,0.785756936973861,0.90953764716368,0.999999337058203,169087,22,87,1.15980989468836,0.250022981297714,0.640269346339134
"GO:0046683","response to organophosphorus",0.0129431775899644,12,0.713725453002072,0.909899547459073,0.999999337058203,67652,10,58,0.790779473651153,0.842706588136746,0.916210439400109
"GO:0009595","detection of biotic stimulus",0.00826330197204061,7,0.652131630103636,0.910681357444265,0.999999337058203,92560,5,21,1.09202879694683,0.496178188229511,0.769895892233997
"GO:0009628","response to abiotic stimulus",0.102459203742093,119,0.894101521389013,0.910782566274484,0.999999337058203,140208,90,492,0.838997734239638,0.979202101141715,0.98477630665106
"GO:0050773","regulation of dendrite development",0.0262646839951098,27,0.791375194287817,0.910835529306739,0.999999337058203,112894,15,57,1.20697919662544,0.24711340786626,0.640269346339134
"GO:0032410","negative regulation of transporter activity",0.00629910168500505,5,0.61105771840149,0.911040346273916,0.999999337058203,143453,5,25,0.917304189435337,0.663607051000599,0.835308084274144
"GO:0046660","female sex differentiation",0.0157039015574337,15,0.73531689361542,0.911429462782513,0.999999337058203,186060,11,58,0.869857421016268,0.748079182431391,0.873040703943482
"GO:0071805","potassium ion transmembrane transport",0.0297383458246957,31,0.802482804629125,0.911633870079815,0.999999337058203,115264,25,102,1.12414729097468,0.287359226914724,0.668216294192446
"GO:0000723","telomere maintenance",0.0101912241535109,9,0.679840455096444,0.911768903531541,0.999999337058203,104952,9,62,0.665785298783712,0.945327643608453,0.966693924417684
"GO:0002706","regulation of lymphocyte mediated immunity",0.0219376229203211,22,0.772011842733966,0.911952175074938,0.999999337058203,143464,18,75,1.1007650273224,0.364857454729439,0.710658612643248
"GO:0001659","temperature homeostasis",0.0263066762345187,27,0.790111955392695,0.912295967600221,0.999999337058203,128953,18,91,0.907223923617366,0.719791468560735,0.864950897800897
"GO:0042491","inner ear auditory receptor cell differentiation",0.00632461595705098,5,0.608592637048103,0.91275249722363,0.999999337058203,126784,4,26,0.705618607257952,0.850284622160144,0.920232190260832
"GO:0021675","nerve development",0.0148447881783873,14,0.726013806368891,0.91346890856123,0.999999337058203,115885,11,51,0.989249616057716,0.571303602092795,0.800731083677225
"GO:0000075","cell cycle checkpoint signaling",0.0166577632488173,16,0.739425027694078,0.913741258236161,0.999999337058203,229156,13,67,0.889921974825327,0.728736661137975,0.865156164103004
"GO:0050863","regulation of T cell activation",0.0434045606761282,47,0.83359162379243,0.913834018426216,0.999999337058203,148211,38,171,1.01922687715037,0.477097576751438,0.759018872104561
"GO:0046902","regulation of mitochondrial membrane permeability",0.00734027002604582,6,0.629259908416477,0.913938398332162,0.999999337058203,24552,4,28,0.655217278168098,0.888870824285686,0.937274472507013
"GO:0045665","negative regulation of neuron differentiation",0.016675570084516,16,0.73863544029689,0.914490051633249,0.999999337058203,147593,13,47,1.26861217687866,0.20884601010897,0.616159221484306
"GO:1902932","positive regulation of alcohol biosynthetic process",0.0102454419816085,9,0.676242809138917,0.914652439704059,0.999999337058203,57392,4,17,1.07918139933569,0.525531603716431,0.78428087280288
"GO:0065008","regulation of biological quality",0.317506777228512,390,0.945589097350632,0.914761809170909,0.999999337058203,142559,310,1303,1.0911907088448,0.0312290093819374,0.419722319468167
"GO:0071774","response to fibroblast growth factor",0.0184736618295859,18,0.750084799692146,0.914793503124388,0.999999337058203,88053,15,60,1.14663023679417,0.31986717433592,0.678118409592152
"GO:0030509","BMP signaling pathway",0.0176089672035295,17,0.743200316125222,0.915959232407031,0.999999337058203,107612,15,76,0.905234397469083,0.712314493458289,0.859410331944797
"GO:0120162","positive regulation of cold-induced thermogenesis",0.0121454579280285,11,0.697219684769395,0.915975998495573,0.999999337058203,185535,9,51,0.809386049501768,0.811937612051179,0.902152902279088
"GO:0045619","regulation of lymphocyte differentiation",0.026429065008239,27,0.7864530732759,0.916442560728676,0.999999337058203,154266,21,95,1.01386252516537,0.512023489098483,0.777727987590469
"GO:0050896","response to stimulus",0.670541380959975,848,0.97355640124559,0.917159687498898,0.999999337058203,140163,744,3522,0.968873249488772,0.913620140849664,0.947590361350923
"GO:0141124","intracellular signaling cassette",0.220260192420135,266,0.929686385826326,0.917176271890341,0.999999337058203,130247,200,846,1.0842839118621,0.0926134567924169,0.519218394507774
"GO:0051155","positive regulation of striated muscle cell differentiation",0.009345000797321,8,0.659024398109692,0.917391145075806,0.999999337058203,354018,6,21,1.3104345563362,0.299941317186444,0.668216294192446
"GO:2000463","positive regulation of excitatory postsynaptic potential",0.008379445064583,7,0.643092775659077,0.917417245433858,0.999999337058203,53527,4,18,1.01922687715037,0.574708313790709,0.800731083677225
"GO:0099173","postsynapse organization",0.0401673045234678,43,0.824112716644357,0.917580782139514,0.999999337058203,131720,34,137,1.13826067302195,0.221836023878658,0.62020470880921
"GO:0031929","TOR signaling",0.0194489183011747,19,0.752053952165843,0.918069861330042,0.999999337058203,84765,14,84,0.764420157862781,0.902927836263761,0.943439549157421
"GO:0098901","regulation of cardiac muscle cell action potential",0.00640873332270239,5,0.600604598413076,0.918193833765941,0.999999337058203,120570,5,14,1.63804319542024,0.171372945805701,0.593229738391896
"GO:0001764","neuron migration",0.0325252484983788,34,0.804728055679826,0.918239870631383,0.999999337058203,172133,32,110,1.33426063917867,0.0434807532151571,0.442114843387871
"GO:0002703","regulation of leukocyte mediated immunity",0.0264879338755116,27,0.78470519811869,0.918379618700432,0.999999337058203,143602,23,97,1.08752558541303,0.361562316131137,0.710658612643248
"GO:0030336","negative regulation of cell migration",0.0393616116515176,42,0.821423771888315,0.918704672653665,0.999999337058203,114920,32,141,1.04091255538762,0.430881029174132,0.741424756334832
"GO:0043583","ear development",0.0334109392441397,35,0.806436560446386,0.919082535899973,0.999999337058203,196079,23,115,0.917304189435337,0.716195235030863,0.863250267044997
"GO:0046631","alpha-beta T cell activation",0.0221482485515335,22,0.764670156943281,0.919608153551209,0.999999337058203,129885,19,81,1.07585059254762,0.401064534754116,0.722895245575533
"GO:0002088","lens development in camera-type eye",0.0177013235528624,17,0.739322681336196,0.919614447193089,0.999999337058203,170760,11,52,0.970225584979683,0.599641892352547,0.813546739063194
"GO:0034728","nucleosome organization",0.00842130441715835,7,0.63989618687645,0.919734965295275,0.999999337058203,156768,6,44,0.625434674615002,0.940133383312009,0.963240776605235
"GO:0010761","fibroblast migration",0.00744365598256525,6,0.620520031441595,0.92009652971884,0.999999337058203,142761,6,31,0.887713731711616,0.69772684614409,0.854160883857257
"GO:0014902","myotube differentiation",0.0221656567267315,22,0.764069610240566,0.920215685683723,0.999999337058203,192378,15,61,1.12783301979755,0.345283788915442,0.705786698003466
"GO:0002067","glandular epithelial cell differentiation",0.0122366182958592,11,0.692025537057528,0.920246831391213,0.999999337058203,167479,11,43,1.1732960562545,0.328325859346843,0.688169169392986
"GO:1901990","regulation of mitotic cell cycle phase transition",0.0377273693722426,40,0.816195725843552,0.920450324896362,0.999999337058203,196887,32,152,0.965583357300355,0.621428863343886,0.814952662780423
"GO:0032367","intracellular cholesterol transport",0.00644939669377558,5,0.596817793412059,0.920715233901121,0.999999337058203,143767,3,18,0.764420157862781,0.786239957927728,0.888514060872553
"GO:0003014","renal system process",0.0113115930473609,10,0.68056102929131,0.920774687223019,0.999999337058203,112818,10,49,0.936024683097283,0.649010778586445,0.830859209301487
"GO:0099172","presynapse organization",0.00645763567745708,5,0.596056342579842,0.921217652652922,0.999999337058203,22077,5,29,0.790779473651153,0.790074476121275,0.889313199760295
"GO:0040012","regulation of locomotion",0.126488465422846,148,0.900744544937134,0.921290477119139,0.999999337058203,134388,120,490,1.12322961971674,0.077237387388404,0.481334270273792
"GO:0007156","homophilic cell adhesion via plasma membrane adhesion molecules",0.0222007388507947,22,0.76286220966532,0.92142855627687,0.999999337058203,214638,15,56,1.22853239656518,0.224400235440259,0.624857201421022
"GO:0019538","protein metabolic process",0.407642056025089,505,0.953681248829507,0.921457335896279,0.999999337058203,127826,420,1946,0.98989660730432,0.618807579115494,0.814840345306899
"GO:1902373","negative regulation of mRNA catabolic process",0.0141156381225748,13,0.708979512120118,0.921492384012596,0.999999337058203,85013,8,39,0.940824809677269,0.639672804576288,0.822594837080773
"GO:0042110","T cell activation",0.0596029341412853,66,0.852446524986868,0.921563842479622,0.999999337058203,153384,55,239,1.05547553177706,0.347357206234712,0.706445403811136
"GO:0032006","regulation of TOR signaling",0.0177575346834636,17,0.736982369770554,0.921773832075854,0.999999337058203,76992,12,73,0.753948648850962,0.899189880677345,0.942371315625127
"GO:0120035","regulation of plasma membrane bounded cell projection organization",0.0949420613405624,109,0.883809550309675,0.921774110054661,0.999999337058203,134570,79,331,1.09466814147117,0.193504848017916,0.604295442884233
"GO:0050806","positive regulation of synaptic transmission",0.0186627597937596,18,0.742484663905859,0.922057417659229,0.999999337058203,158567,16,72,1.01922687715037,0.512015362444868,0.777727987590469
"GO:0032436","positive regulation of proteasomal ubiquitin-dependent protein catabolic process",0.00846914367724446,7,0.636281634888822,0.922314560991975,0.999999337058203,184299,7,34,0.944283724418729,0.63487232966514,0.819546396331826
"GO:1903317","regulation of protein maturation",0.0074840535799713,6,0.617170574072709,0.922396057966721,0.999999337058203,167708,6,31,0.887713731711616,0.69772684614409,0.854160883857257
"GO:0048013","ephrin receptor signaling pathway",0.0113482698134269,10,0.678361506538032,0.922492298786522,0.999999337058203,195906,6,29,0.948935368381383,0.630042193238743,0.817578361985218
"GO:0070830","bicellular tight junction assembly",0.00647942911816297,5,0.594051518030875,0.922533072852169,0.999999337058203,142016,5,29,0.790779473651153,0.790074476121275,0.889313199760295
"GO:0001818","negative regulation of cytokine production",0.03439257428374,36,0.805802602544736,0.922632930361244,0.999999337058203,124298,26,116,1.0280133157465,0.472928171938623,0.754978406316201
"GO:0042267","natural killer cell mediated cytotoxicity",0.00947283793121777,8,0.650130781346257,0.923971583561225,0.999999337058203,78539,6,28,0.982825917252147,0.593083097831942,0.810139283120952
"GO:0051649","establishment of localization in cell",0.19946473183437,239,0.92240708991967,0.92483166123817,0.999999337058203,121467,182,824,1.01304224804145,0.432064289258547,0.741424756334832
"GO:0002066","columnar/cuboidal epithelial cell development",0.00753016531122096,6,0.613391267447869,0.92494977596929,0.999999337058203,133996,6,28,0.982825917252147,0.593083097831942,0.810139283120952
"GO:0046634","regulation of alpha-beta T cell activation",0.01603146760219,15,0.720292389779528,0.924978301034782,0.999999337058203,109365,12,53,1.03845757294566,0.494893033205743,0.769895892233997
"GO:0106027","neuron projection organization",0.0169405464306597,16,0.727082039649326,0.925010547624522,0.999999337058203,160678,11,50,1.00903460837887,0.542169195075227,0.788457974921475
"GO:0032456","endocytic recycling",0.00754571307074895,6,0.61212738955675,0.92579403275403,0.999999337058203,100397,5,45,0.509613438575187,0.979994707992965,0.985306332426531
"GO:0051149","positive regulation of muscle cell differentiation",0.0123640567692553,11,0.684892710054259,0.92590791717815,0.999999337058203,269197,8,36,1.01922687715037,0.541047926978345,0.788457974921475
"GO:0038084","vascular endothelial growth factor signaling pathway",0.0114331845000797,10,0.673323290390586,0.926347348746065,0.999999337058203,162965,9,25,1.65114754098361,0.0748367485115271,0.479523898061771
"GO:0000077","DNA damage checkpoint signaling",0.0123748206027747,11,0.684296978500138,0.926369988663061,0.999999337058203,243462,8,42,0.873623037557464,0.725120666192436,0.864950897800897
"GO:0035315","hair cell differentiation",0.00655730080263647,5,0.586996817664757,0.92707563150684,0.999999337058203,126784,4,28,0.655217278168098,0.888870824285686,0.937274472507013
"GO:0007093","mitotic cell cycle checkpoint signaling",0.0151743475256472,14,0.710246101317706,0.927172516161005,0.999999337058203,219628,11,55,0.917304189435337,0.678885489959921,0.842081299816552
"GO:0071900","regulation of protein serine/threonine kinase activity",0.0285280125445171,29,0.782559431581436,0.927582384391228,0.999999337058203,160311,23,117,0.901623775940716,0.747831975481423,0.873040703943482
"GO:0048710","regulation of astrocyte differentiation",0.0133557912082071,12,0.691675629296073,0.9283306665798,0.999999337058203,97203,7,17,1.88856744883746,0.0571042645505002,0.47608274490417
"GO:0048008","platelet-derived growth factor receptor signaling pathway",0.00957741986923936,8,0.643031589913807,0.929013244096586,0.999999337058203,106878,6,30,0.917304189435337,0.664962194367397,0.835308084274144
"GO:0048041","focal adhesion assembly",0.0124407324722267,11,0.680671525319309,0.92914615424166,0.999999337058203,206593,9,45,0.917304189435337,0.672651340690624,0.839784447766504
"GO:0097305","response to alcohol",0.0277144793493861,28,0.777753825663668,0.929235981771451,0.999999337058203,118574,18,107,0.771564271487667,0.918861594039498,0.949688651592131
"GO:0072665","protein localization to vacuole",0.00958712060809015,8,0.642380937670911,0.929465839239564,0.999999337058203,39438,6,44,0.625434674615002,0.940133383312009,0.963240776605235
"GO:0000380","alternative mRNA splicing, via spliceosome",0.0124602668367618,11,0.679604414487857,0.929951527703199,0.999999337058203,167444,9,34,1.21407907425265,0.314635509361047,0.670860769959473
"GO:0070887","cellular response to chemical stimulus",0.221304151384681,266,0.925300772494507,0.930059905868076,0.999999337058203,137716,194,915,0.972442692625439,0.694161677973161,0.854160883857257
"GO:0022406","membrane docking",0.0124708977834476,11,0.679025078627415,0.930386522171117,0.999999337058203,191672,10,37,1.2396002559937,0.275445605906298,0.662283342781832
"GO:0043280","positive regulation of cysteine-type endopeptidase activity involved in apoptotic process",0.0086363153138787,7,0.623965243187174,0.930770886869758,0.999999337058203,178759,6,38,0.724187517975266,0.866035557910819,0.927270395338857
"GO:0048168","regulation of neuronal synaptic plasticity",0.0105868282570563,9,0.654436465604777,0.931024592572787,0.999999337058203,77593,6,34,0.809386049501768,0.782652865835245,0.888514060872553
"GO:0043405","regulation of MAP kinase activity",0.014364269388189,13,0.696707779487625,0.931447084657756,0.999999337058203,61593,11,57,0.885118077525325,0.726202511162991,0.864950897800897
"GO:0030330","DNA damage response, signal transduction by p53 class mediator",0.00664819539680008,5,0.578971355966888,0.932076964573669,0.999999337058203,70465,4,27,0.679484584766916,0.870815378417802,0.927836029273419
"GO:0031570","DNA integrity checkpoint signaling",0.0125151490990273,11,0.676624168114637,0.932172394313499,0.999999337058203,243462,8,44,0.83391289948667,0.773873152429765,0.883502943897388
"GO:0001937","negative regulation of endothelial cell proliferation",0.00666121830649019,5,0.577839447157569,0.932767873237802,0.999999337058203,180801,4,20,0.917304189435337,0.663704404401251,0.835308084274144
"GO:0001906","cell killing",0.019879072981449,19,0.735780581287593,0.933025154670766,0.999999337058203,81106,14,81,0.792732015561402,0.871628701003274,0.928002559989504
"GO:0060291","long-term synaptic potentiation",0.0134864189656089,12,0.684976146169023,0.933452624746104,0.999999337058203,142355,10,45,1.01922687715037,0.531361484243297,0.78539884722814
"GO:0007193","adenylate cyclase-inhibiting G protein-coupled receptor signaling pathway",0.0180893531068942,17,0.723463681369241,0.933557631108167,0.999999337058203,148707,11,36,1.40143695608176,0.142334340385786,0.57273362563044
"GO:0016925","protein sumoylation",0.00968080582575878,8,0.636164347951515,0.933709183739273,0.999999337058203,237256,6,29,0.948935368381383,0.630042193238743,0.817578361985218
"GO:0009410","response to xenobiotic stimulus",0.0408173869133046,43,0.810987399105805,0.933728197122999,0.999999337058203,159395,31,165,0.861709996136226,0.852175571276369,0.920399234187869
"GO:0043297","apical junction assembly",0.00669510444905119,5,0.574914810203395,0.934536289381543,0.999999337058203,142016,5,32,0.716643897996357,0.857926828780124,0.922020255158991
"GO:0014032","neural crest cell development",0.0153769999468453,14,0.700885816959502,0.934653038182447,0.999999337058203,211492,12,49,1.12322961971674,0.377231775511372,0.714045860789383
"GO:0065009","regulation of molecular function",0.189945250624568,226,0.91594806414727,0.934733204644726,0.999999337058203,131483,168,744,1.03566602033022,0.308692439824935,0.668216294192446
"GO:0051881","regulation of mitochondrial membrane potential",0.0116396906394514,10,0.661377492383177,0.935042567759337,0.999999337058203,125170,6,34,0.809386049501768,0.782652865835245,0.888514060872553
"GO:0051592","response to calcium ion",0.0125943496518365,11,0.67236916411362,0.935270576417413,0.999999337058203,178026,11,62,0.813737587402315,0.823499469553119,0.905776173152111
"GO:0043393","regulation of protein binding",0.0217467974273109,21,0.743386781857532,0.935338369850353,0.999999337058203,120510,13,52,1.14663023679417,0.338048667361001,0.698696688528866
"GO:0015931","nucleobase-containing compound transport",0.0226443151012598,22,0.747918610926666,0.935493502767744,0.999999337058203,58675,13,86,0.693311305968569,0.954729336520613,0.973356921816839
"GO:0010959","regulation of metal ion transport",0.0502346781480891,54,0.827524736528197,0.935671415743627,0.999999337058203,100087,40,167,1.09856789153933,0.275440140489593,0.662283342781832
"GO:0043271","negative regulation of monoatomic ion transport",0.0144830702174029,13,0.690992868168379,0.93581095227889,0.999999337058203,132669,12,47,1.17102662481107,0.31924083223203,0.677564924245326
"GO:0019725","cellular homeostasis",0.0868153670334343,98,0.869001085508993,0.936211419182598,0.999999337058203,142138,63,335,0.862539760215317,0.925051134141257,0.953110239730687
"GO:0032024","positive regulation of insulin secretion",0.0135696061234253,12,0.680776966159409,0.936548320686383,0.999999337058203,153923,7,35,0.917304189435337,0.667120715284175,0.835308084274144
"GO:0035567","non-canonical Wnt signaling pathway",0.0154346728326157,14,0.698266901217133,0.936658354759351,0.999999337058203,67904,7,43,0.746642944889228,0.858149849343395,0.922020255158991
"GO:0035966","response to topologically incorrect protein",0.0163675384042949,15,0.7055027961825,0.937025028655994,0.999999337058203,84205,12,58,0.948935368381383,0.632729461198008,0.819546396331826
"GO:0051168","nuclear export",0.00976027215223516,8,0.630984815764458,0.937132069322136,0.999999337058203,55679,7,61,0.526322075905521,0.987989809269324,0.990124849375795
"GO:0071364","cellular response to epidermal growth factor stimulus",0.00976160102057088,8,0.630898918405999,0.93718796731816,0.999999337058203,86188,4,21,0.873623037557464,0.703122337618131,0.854160883857257
"GO:0007224","smoothened signaling pathway",0.0182049646521023,17,0.718869288811858,0.937294694972399,0.999999337058203,135253,14,64,1.0033014571949,0.543739401039249,0.788457974921475
"GO:0097306","cellular response to alcohol",0.0145333014404933,13,0.688604600295662,0.937583281326,0.999999337058203,170134,6,50,0.550382513661202,0.975253823383637,0.983471509854116
"GO:0001894","tissue homeostasis",0.0324060490086642,33,0.783932562623964,0.938115205735759,0.999999337058203,132236,23,131,0.805267036527204,0.904786500243155,0.943439549157421
"GO:0060249","anatomical structure homeostasis",0.0324060490086642,33,0.783932562623964,0.938115205735759,0.999999337058203,132236,23,131,0.805267036527204,0.904786500243155,0.943439549157421
"GO:0032755","positive regulation of interleukin-6 production",0.0126823207356615,11,0.667705266603816,0.938568122875553,0.999999337058203,82284,8,29,1.26524715784184,0.287739991824985,0.668216294192446
"GO:0007029","endoplasmic reticulum organization",0.00677682985169829,5,0.567981606127173,0.938631047642339,0.999999337058203,44135,5,33,0.694927416238892,0.87602555754665,0.930518669080177
"GO:0001755","neural crest cell migration",0.0136282092170308,12,0.677849535589702,0.938654091189544,0.999999337058203,224419,11,36,1.40143695608176,0.142334340385786,0.57273362563044
"GO:0090497","mesenchymal cell migration",0.0136282092170308,12,0.677849535589702,0.938654091189544,0.999999337058203,224419,11,36,1.40143695608176,0.142334340385786,0.57273362563044
"GO:0006403","RNA localization",0.0200637856801148,19,0.729006784011129,0.938704602427818,0.999999337058203,74936,13,78,0.764420157862781,0.896028549660065,0.939563475653034
"GO:0060251","regulation of glial cell proliferation",0.00780563971721682,6,0.591743638148435,0.938719656865552,0.999999337058203,59050,4,23,0.797655816900293,0.771632506985662,0.883502943897388
"GO:1902930","regulation of alcohol biosynthetic process",0.0117421463881359,10,0.655606662766063,0.939016894784264,0.999999337058203,64295,5,24,0.955525197328476,0.625289731444584,0.81540418406306
"GO:0097061","dendritic spine organization",0.0164414234837612,15,0.702332381515476,0.939440371922758,0.999999337058203,169288,10,46,0.997069771125366,0.562182204027652,0.794225930685381
"GO:2000145","regulation of cell motility",0.121306011800351,140,0.888457299863163,0.939652131552135,0.999999337058203,130598,114,471,1.11011335027206,0.107353653593314,0.53758873962322
"GO:0030111","regulation of Wnt signaling pathway",0.055512012969755,60,0.832060917491566,0.939994045071793,0.999999337058203,135545,42,185,1.04126421503471,0.410894955094984,0.729974447948049
"GO:0045540","regulation of cholesterol biosynthetic process",0.00983575187370435,8,0.626142627921907,0.940238813708996,0.999999337058203,75878,3,11,1.25086934923,0.442336217723005,0.741424756334832
"GO:0106118","regulation of sterol biosynthetic process",0.00983575187370435,8,0.626142627921907,0.940238813708996,0.999999337058203,75878,3,11,1.25086934923,0.442336217723005,0.741424756334832
"GO:0010587","miRNA catabolic process",0.00885212353160049,7,0.608753432532717,0.940487476277935,0.999999337058203,104170,2,7,1.3104345563362,0.47232702215742,0.754978406316201
"GO:0045542","positive regulation of cholesterol biosynthetic process",0.00885996385478127,7,0.608214736921009,0.940816582481452,0.999999337058203,68658,2,8,1.14663023679417,0.548449792893634,0.788457974921475
"GO:0106120","positive regulation of sterol biosynthetic process",0.00885996385478127,7,0.608214736921009,0.940816582481452,0.999999337058203,68658,2,8,1.14663023679417,0.548449792893634,0.788457974921475
"GO:2001224","positive regulation of neuron migration",0.00887591027480997,7,0.607122021091049,0.94148098363086,0.999999337058203,36846,6,11,2.50173869846001,0.0177687287697539,0.386281270938799
"GO:0140056","organelle localization by membrane tethering",0.011829453037793,10,0.650767992623315,0.942235088671668,0.999999337058203,204183,9,34,1.21407907425265,0.314635509361047,0.670860769959473
"GO:0061001","regulation of dendritic spine morphogenesis",0.0118302503587945,10,0.650724132943947,0.942263782854276,0.999999337058203,78288,6,26,1.05842791088693,0.513803584254512,0.777727987590469
"GO:1900744","regulation of p38MAPK cascade",0.0118444692499867,10,0.649942960276162,0.942773411401119,0.999999337058203,142681,8,23,1.59531163380059,0.107771010940171,0.53758873962322
"GO:0022407","regulation of cell-cell adhesion",0.0640543772922979,70,0.841279052714076,0.94282361317474,0.999999337058203,136953,56,230,1.11671814366041,0.191662030154827,0.600562611380413
"GO:0098815","modulation of excitatory postsynaptic potential",0.0108798437250837,9,0.636811211776793,0.942835843940546,0.999999337058203,42591,6,27,1.01922687715037,0.55425832846232,0.788457974921475
"GO:2001056","positive regulation of cysteine-type endopeptidase activity",0.00891311858821028,7,0.604587556166183,0.943005615954078,0.999999337058203,178759,6,43,0.63997966704791,0.931128025037648,0.956126480179816
"GO:0035019","somatic stem cell population maintenance",0.00990751076383352,8,0.62160755335946,0.943066421916653,0.999999337058203,109282,7,39,0.82322170846761,0.777481391108923,0.886979077802615
"GO:0051222","positive regulation of protein transport",0.0273777441131133,27,0.759201317451955,0.943446798603575,0.999999337058203,137562,20,95,0.965583357300355,0.611001162214784,0.814840345306899
"GO:0007389","pattern specification process",0.0691046085153883,76,0.846637362571381,0.943580390301273,0.999999337058203,136112,57,244,1.07144136880767,0.29798887607828,0.668216294192446
"GO:0032615","interleukin-12 production",0.00992797533620369,8,0.620326231405005,0.943850894301821,0.999999337058203,146426,6,28,0.982825917252147,0.593083097831942,0.810139283120952
"GO:0032655","regulation of interleukin-12 production",0.00992797533620369,8,0.620326231405005,0.943850894301821,0.999999337058203,146426,6,28,0.982825917252147,0.593083097831942,0.810139283120952
"GO:0045912","negative regulation of carbohydrate metabolic process",0.00992996863870728,8,0.620201709578694,0.94392679175659,0.999999337058203,240808,5,23,0.997069771125366,0.584453933174545,0.806068435716566
"GO:0022607","cellular component assembly",0.300825891670653,365,0.934046507112996,0.944744625202971,0.999999337058203,138992,283,1290,1.0061902543031,0.461586555595632,0.754978406316201
"GO:0043506","regulation of JUN kinase activity",0.00690852070376867,5,0.557154688921817,0.944746632702213,0.999999337058203,39211,5,20,1.14663023679417,0.449455123695447,0.741424756334832
"GO:0008306","associative learning",0.0109381810450221,9,0.633414864683174,0.944963498239946,0.999999337058203,117731,8,47,0.780684416540712,0.83469946516902,0.913883050482637
"GO:0010646","regulation of cell communication",0.373591798224632,458,0.943754409296285,0.944995289898827,0.999999337058203,135187,356,1606,1.01668832951115,0.356774832873963,0.710658612643248
"GO:0030193","regulation of blood coagulation",0.00691782278211875,5,0.556405508618607,0.945157065713275,0.999999337058203,23172,5,23,0.997069771125366,0.584453933174545,0.806068435716566
"GO:0035967","cellular response to topologically incorrect protein",0.0128722160208367,11,0.65785505263837,0.945193950377655,0.999999337058203,111160,8,37,0.991680204794959,0.575188231266794,0.800731083677225
"GO:0098739","import across plasma membrane",0.0292180938712592,29,0.764076718329169,0.945270757463591,0.999999337058203,112994,21,93,1.03566602033022,0.468287295277295,0.754978406316201
"GO:0046488","phosphatidylinositol metabolic process",0.0166378302237814,15,0.694041467880181,0.945478953597553,0.999999337058203,72262,11,68,0.741937212043287,0.902817672741354,0.943439549157421
"GO:0035264","multicellular organism growth",0.018498511667464,17,0.707461780037134,0.945989707177625,0.999999337058203,122482,14,72,0.891823517506578,0.730300352164543,0.866181044287229
"GO:0032635","interleukin-6 production",0.0194143677244459,18,0.713740108856464,0.946026966958878,0.999999337058203,81818,14,49,1.3104345563362,0.163439134158775,0.590868505944047
"GO:0032675","regulation of interleukin-6 production",0.0194143677244459,18,0.713740108856464,0.946026966958878,0.999999337058203,81818,14,49,1.3104345563362,0.163439134158775,0.590868505944047
"GO:0090090","negative regulation of canonical Wnt signaling pathway",0.0248239249455164,24,0.744271931933319,0.946051317696273,0.999999337058203,106023,20,83,1.10518577040402,0.34605578463288,0.706445403811136
"GO:0007005","mitochondrion organization",0.0396955562642853,41,0.79512024871324,0.946191855079075,0.999999337058203,125355,29,190,0.700047934042757,0.99139370383721,0.992612440818899
"GO:0050790","regulation of catalytic activity",0.127526178706214,147,0.88737836759834,0.946352361253334,0.999999337058203,151692,105,492,0.978830689946244,0.619621826221668,0.814840345306899
"GO:0000209","protein polyubiquitination",0.0283879498219316,28,0.759302537712991,0.946424200071224,0.999999337058203,124827,24,121,0.909723163076367,0.734758379309292,0.869245404093583
"GO:0015800","acidic amino acid transport",0.0099985382448307,8,0.615948389153093,0.946483101808268,0.999999337058203,73543,8,38,0.965583357300355,0.608113769905779,0.814840345306899
"GO:0120161","regulation of cold-induced thermogenesis",0.0248506351990645,24,0.743471964775482,0.946694968916277,0.999999337058203,125317,15,80,0.859972677595628,0.78575262966671,0.888514060872553
"GO:0070555","response to interleukin-1",0.0166830117471961,15,0.692161840190232,0.94679231051575,0.999999337058203,115701,12,45,1.22307225258045,0.263638763863887,0.646036865214677
"GO:0070371","ERK1 and ERK2 cascade",0.0388682028384628,40,0.792239295367514,0.946860971740849,0.999999337058203,92407,33,132,1.14663023679417,0.21232926187045,0.616159221484306
"GO:0031344","regulation of cell projection organization",0.0966152394620741,109,0.86850377855571,0.947177052554351,0.999999337058203,134570,79,337,1.0751785009702,0.246905644020911,0.640269346339134
"GO:0070849","response to epidermal growth factor",0.0100179397225323,8,0.614755498272486,0.947187428281921,0.999999337058203,86188,4,25,0.73384335154827,0.827052302302121,0.908337490094988
"GO:0106106","cold-induced thermogenesis",0.0248752192632754,24,0.742737194869431,0.947281609141117,0.999999337058203,125317,15,81,0.849355730958645,0.801881849762782,0.896644100521663
"GO:2001222","regulation of neuron migration",0.0129393238717908,11,0.654443186666136,0.947381833314854,0.999999337058203,47576,10,27,1.69871146191729,0.0516841756824318,0.463160125076864
"GO:0050870","positive regulation of T cell activation",0.0275764099293042,27,0.753731883621682,0.948056808819636,0.999999337058203,143712,22,108,0.93429130405451,0.678505357895932,0.842081299816552
"GO:0007431","salivary gland development",0.00802596608728007,6,0.575499272500305,0.948064445606219,0.999999337058203,131254,6,24,1.14663023679417,0.429277899748396,0.740753957240256
"GO:1903039","positive regulation of leukocyte cell-cell adhesion",0.0293783553925477,29,0.759908612401375,0.948812419310786,0.999999337058203,134513,24,117,0.940824809677269,0.668814389718576,0.836863873813126
"GO:0071902","positive regulation of protein serine/threonine kinase activity",0.0186242226120236,17,0.702686510193072,0.949384443515748,0.999999337058203,224097,12,68,0.809386049501768,0.836721146543733,0.914312639550521
"GO:0060997","dendritic spine morphogenesis",0.0139629511508,12,0.661599055164949,0.949561779611232,0.999999337058203,108624,8,35,1.04834764506896,0.505878787189,0.774119999011001
"GO:0044773","mitotic DNA damage checkpoint signaling",0.00807353957369904,6,0.572108132025363,0.949905950678347,0.999999337058203,34808,6,29,0.948935368381383,0.630042193238743,0.817578361985218
"GO:0031032","actomyosin structure organization",0.0249958805081593,24,0.739151820290398,0.950081930129686,0.999999337058203,124321,18,105,0.786260733801717,0.903286957023272,0.943439549157421
"GO:1901655","cellular response to ketone",0.0149348854515495,13,0.670088716908703,0.950299503374401,0.999999337058203,165551,10,54,0.849355730958645,0.769749930667798,0.883502943897388
"GO:0061136","regulation of proteasomal protein catabolic process",0.0214117897198746,20,0.71906454415539,0.950561809039437,0.999999337058203,162133,17,74,1.05366021759464,0.448552078327679,0.741424756334832
"GO:0021536","diencephalon development",0.0159009727316218,14,0.677790054233472,0.951020960969729,0.999999337058203,222947,13,45,1.32499494029549,0.16433804303618,0.590868505944047
"GO:0050714","positive regulation of protein secretion",0.0186990378993249,17,0.699875045056421,0.951316182203729,0.999999337058203,166542,11,60,0.840862173649059,0.788195297018146,0.889313199760295
"GO:0090129","positive regulation of synapse maturation",0.00813134534630309,6,0.568041012603382,0.952064320086315,0.999999337058203,83212,4,7,2.62086911267239,0.0446790120205265,0.442114843387871
"GO:0015807","L-amino acid transport",0.01595372880455,14,0.675548726079454,0.95245238480748,0.999999337058203,79946,12,45,1.22307225258045,0.263638763863887,0.646036865214677
"GO:0050772","positive regulation of axonogenesis",0.0150166108541966,13,0.666441870710825,0.952591463015316,0.999999337058203,219948,11,50,1.00903460837887,0.542169195075227,0.788457974921475
"GO:0090288","negative regulation of cellular response to growth factor stimulus",0.0196705735395737,18,0.70444376749605,0.952606563052345,0.999999337058203,97315,15,57,1.20697919662544,0.24711340786626,0.640269346339134
"GO:0051239","regulation of multicellular organismal process",0.341806995162919,416,0.936921560626309,0.952871469933347,0.999999337058203,138670,307,1320,1.0667135839267,0.0855948350582214,0.503981106904705
"GO:0021987","cerebral cortex development",0.0269125073087758,26,0.743720985531797,0.952918119221233,0.999999337058203,100508,20,82,1.11866364565285,0.324280644951393,0.682792958439086
"GO:0062237","protein localization to postsynapse",0.0111812310636262,9,0.619646121888276,0.953096049966044,0.999999337058203,214270,7,29,1.10709126311161,0.451406565439207,0.741424756334832
"GO:0044085","cellular component biogenesis",0.316024424600011,383,0.932972781044791,0.953407686998133,0.999999337058203,137842,294,1370,0.984260699613099,0.645202420911023,0.827983736278068
"GO:0010976","positive regulation of neuron projection development",0.027832615744432,27,0.746793603245725,0.953528158764345,0.999999337058203,79746,22,81,1.24572173873935,0.149642553695078,0.585009351115636
"GO:2000134","negative regulation of G1/S transition of mitotic cell cycle",0.00818436719289853,6,0.564360998899169,0.953969930744199,0.999999337058203,125810,6,38,0.724187517975266,0.866035557910819,0.927270395338857
"GO:0043124","negative regulation of canonical NF-kappaB signal transduction",0.010223515654069,8,0.60239390579286,0.954160286635371,0.999999337058203,113628,7,22,1.45934757410167,0.185875759505939,0.597284770758932
"GO:1904062","regulation of monoatomic cation transmembrane transport",0.0418847339605592,43,0.790321038741398,0.95455946368186,0.999999337058203,103775,31,130,1.09370884124982,0.31666604167823,0.674028120841212
"GO:1904063","negative regulation of cation transmembrane transport",0.0102415882634349,8,0.601330903701413,0.954732149187323,0.999999337058203,87076,8,33,1.11188386598223,0.433367940649336,0.741424756334832
"GO:0023051","regulation of signaling",0.372528039121884,455,0.940249863754959,0.954750853391454,0.999999337058203,135822,355,1603,1.01572984170164,0.365485063699623,0.710658612643248
"GO:0002228","natural killer cell mediated immunity",0.011239435496731,9,0.616437228411324,0.954877924335973,0.999999337058203,142025,7,31,1.03566602033022,0.528442811964507,0.784760956846717
"GO:0044774","mitotic DNA integrity checkpoint signaling",0.00821386806995163,6,0.562334043474477,0.955000303867074,0.999999337058203,34808,6,31,0.887713731711616,0.69772684614409,0.854160883857257
"GO:0060326","cell chemotaxis",0.0384630308829001,39,0.780570173464134,0.955250423187327,0.999999337058203,124295,32,124,1.18361830894882,0.163455856382057,0.590868505944047
"GO:0002832","negative regulation of response to biotic stimulus",0.0112527241800882,9,0.615709258987487,0.955276208923937,0.999999337058203,25073,8,41,0.89493091652228,0.698248704847229,0.854160883857257
"GO:0018958","phenol-containing compound metabolic process",0.0151528198586084,13,0.660451211245793,0.95620636718044,0.999999337058203,329354,10,48,0.955525197328476,0.621123583969787,0.814840345306899
"GO:0007044","cell-substrate junction assembly",0.0132485515335141,11,0.63916816314137,0.956504806890646,0.999999337058203,206593,9,50,0.825573770491803,0.792393717284968,0.890303056065182
"GO:0043269","regulation of monoatomic ion transport",0.0591375644501143,63,0.820102175606172,0.957260295906283,0.999999337058203,98298,49,198,1.13504811319019,0.175676568690213,0.593229738391896
"GO:1904861","excitatory synapse assembly",0.0082918726412587,6,0.557043968736192,0.95762496582555,0.999999337058203,73898,6,27,1.01922687715037,0.55425832846232,0.788457974921475
"GO:1901700","response to oxygen-containing compound",0.17310184446925,202,0.898339555554522,0.958140347192607,0.999999337058203,141363,142,694,0.938452412822895,0.827909537028156,0.909009879365036
"GO:0007346","regulation of mitotic cell cycle",0.0549637218944347,58,0.812349109977061,0.958147893033175,0.999999337058203,198250,44,223,0.904963774330826,0.799210819572413,0.896603180557721
"GO:0090181","regulation of cholesterol metabolic process",0.0142828097592091,12,0.64678277204717,0.958361586288962,0.999999337058203,95422,6,22,1.25086934923,0.342715901316634,0.702085032515025
"GO:0048863","stem cell differentiation",0.034291846063892,34,0.763271243427275,0.958570786427831,0.999999337058203,207160,29,127,1.04731580683562,0.422854304293252,0.734796004181716
"GO:0022038","corpus callosum development",0.00936320629352044,7,0.575525137024332,0.958837876634616,0.999999337058203,89696,7,17,1.88856744883746,0.0571042645505002,0.47608274490417
"GO:0097106","postsynaptic density organization",0.00936453516185616,7,0.575443467500133,0.95887807532494,0.999999337058203,173708,6,26,1.05842791088693,0.513803584254512,0.777727987590469
"GO:0008298","intracellular mRNA localization",0.009379817147717,7,0.574505931213918,0.959337820506349,0.999999337058203,66576,3,6,2.29326047358834,0.122181350558484,0.547048978101158
"GO:0042770","signal transduction in response to DNA damage",0.0190440121192792,17,0.687197104808243,0.959420267883762,0.999999337058203,177843,13,70,0.851782461618527,0.786251121790995,0.888514060872553
"GO:0051240","positive regulation of multicellular organismal process",0.20460758518046,241,0.906747071721529,0.960245664656441,0.999999337058203,145281,171,742,1.05700145817684,0.206414269054897,0.616159221484306
"GO:0010639","negative regulation of organelle organization",0.0317575612608303,31,0.751459186882435,0.96045568972204,0.999999337058203,100129,26,144,0.828121837684679,0.887078431485177,0.937274472507013
"GO:0070252","actin-mediated cell contraction",0.0255005847020677,24,0.724522625391766,0.96045916859912,0.999999337058203,72388,13,50,1.19249544626594,0.28395095605743,0.668216294192446
"GO:0030239","myofibril assembly",0.00839512571094456,6,0.550192790838163,0.960885515162219,0.999999337058203,189923,5,37,0.619800127996849,0.93003707573405,0.955752234748459
"GO:0007435","salivary gland morphogenesis",0.00735023653856376,5,0.523672222441196,0.961442106146282,0.999999337058203,88178,5,23,0.997069771125366,0.584453933174545,0.806068435716566
"GO:1900746","regulation of vascular endothelial growth factor signaling pathway",0.00946938287354489,7,0.569071993077849,0.961940212649768,0.999999337058203,188212,6,14,1.96565183450429,0.0635516316835313,0.479523898061771
"GO:1902547","regulation of cellular response to vascular endothelial growth factor stimulus",0.00946938287354489,7,0.569071993077849,0.961940212649768,0.999999337058203,188212,6,14,1.96565183450429,0.0635516316835313,0.479523898061771
"GO:0021545","cranial nerve development",0.0114961728591931,9,0.602670693227467,0.962039090097256,0.999999337058203,79292,7,33,0.972898382734448,0.600907643410918,0.813546739063194
"GO:0032613","interleukin-10 production",0.00846276510923298,6,0.545795326317457,0.962895900620263,0.999999337058203,238780,6,26,1.05842791088693,0.513803584254512,0.777727987590469
"GO:0032653","regulation of interleukin-10 production",0.00846276510923298,6,0.545795326317457,0.962895900620263,0.999999337058203,238780,6,26,1.05842791088693,0.513803584254512,0.777727987590469
"GO:0042177","negative regulation of protein catabolic process",0.0144846648594057,12,0.637769349746806,0.963190441706024,0.999999337058203,115015,9,48,0.859972677595628,0.74891435490546,0.873040703943482
"GO:0036503","ERAD pathway",0.00848867804177962,6,0.544129206174187,0.963640790519094,0.999999337058203,201892,5,34,0.674488374584807,0.892124297496892,0.938470572489667
"GO:0032355","response to estradiol",0.0164240153085632,14,0.656205012455854,0.963679757051925,0.999999337058203,70475,11,62,0.813737587402315,0.823499469553119,0.905776173152111
"GO:0021983","pituitary gland development",0.00849572104395896,6,0.543678119896154,0.963840875130683,0.999999337058203,139046,6,25,1.1007650273224,0.472020453220527,0.754978406316201
"GO:0045995","regulation of embryonic development",0.00849572104395896,6,0.543678119896154,0.963840875130683,0.999999337058203,104692,5,42,0.546014398473415,0.967531324303314,0.979815957148538
"GO:0061003","positive regulation of dendritic spine morphogenesis",0.00850528889597619,6,0.54306652023625,0.964111077722419,0.999999337058203,48156,3,11,1.25086934923,0.442336217723005,0.741424756334832
"GO:0048708","astrocyte differentiation",0.0220584170520385,20,0.69798566135324,0.964204527157418,0.999999337058203,141276,15,48,1.43328779599271,0.0823641500154567,0.500116197311529
"GO:0032092","positive regulation of protein binding",0.0135595067240738,11,0.624510354268688,0.964239900740982,0.999999337058203,127957,9,24,1.71994535519126,0.0588712779050359,0.479523898061771
"GO:0043489","RNA stabilization",0.0135665497262531,11,0.624186143037764,0.964399906662719,0.999999337058203,112792,7,36,0.891823517506578,0.697552077978685,0.854160883857257
"GO:0018205","peptidyl-lysine modification",0.0135791739754425,11,0.62360585137757,0.964685110687342,0.999999337058203,182816,9,51,0.809386049501768,0.811937612051179,0.902152902279088
"GO:0014009","glial cell proliferation",0.00957941317174294,7,0.562535563343383,0.964930327441515,0.999999337058203,66264,5,32,0.716643897996357,0.857926828780124,0.922020255158991
"GO:0035272","exocrine system development",0.0106189868707808,8,0.579959613919008,0.965302684964338,0.999999337058203,131923,7,30,1.07018822100789,0.49036218872413,0.769093063738652
"GO:0098869","cellular oxidant detoxification",0.00748019986179769,5,0.514573778071903,0.965388951749325,0.999999337058203,136507,5,35,0.655217278168098,0.906385668846785,0.943780755380738
"GO:0048066","developmental pigmentation",0.00960226970711742,7,0.561196545132571,0.965524042615478,0.999999337058203,357777,4,23,0.797655816900293,0.771632506985662,0.883502943897388
"GO:0006986","response to unfolded protein",0.015583506086217,13,0.642198114727126,0.966091830226825,0.999999337058203,96964,10,51,0.899317832779742,0.701188875042652,0.854160883857257
"GO:0099084","postsynaptic specialization organization",0.0107174560144581,8,0.57463109878697,0.967666100353166,0.999999337058203,153313,7,31,1.03566602033022,0.528442811964507,0.784760956846717
"GO:0051898","negative regulation of phosphatidylinositol 3-kinase/protein kinase B signal transduction",0.0127342794875884,10,0.604528070452633,0.967767359111365,0.999999337058203,79088,7,26,1.23483256270142,0.332743349773908,0.692655801326738
"GO:1901654","response to ketone",0.0241176314250784,22,0.702229186499183,0.967990546517482,0.999999337058203,111913,19,100,0.87143897996357,0.787362075016873,0.889227792484809
"GO:0007605","sensory perception of sound",0.0241291925795992,22,0.701892723515295,0.968174580783986,0.999999337058203,137623,17,84,0.928224477404805,0.67821014595569,0.842081299816552
"GO:0050768","negative regulation of neurogenesis",0.0223295061925264,20,0.689511836120486,0.968863178368223,0.999999337058203,114925,17,75,1.03961141469338,0.473083261106474,0.754978406316201
"GO:0051056","regulation of small GTPase mediated signal transduction",0.0558637644182214,58,0.79926104205407,0.969032480431954,0.999999337058203,165715,39,156,1.14663023679417,0.18850496783016,0.597284770758932
"GO:0042221","response to chemical",0.326399829904853,393,0.926901266439323,0.969430383119775,0.999999337058203,148847,307,1480,0.951393196475164,0.872328974566452,0.928116001044318
"GO:0045023","G0 to G1 transition",0.00976279700207303,7,0.551968926929566,0.969442771315363,0.999999337058203,193123,5,19,1.20697919662544,0.401659934530528,0.722895245575533
"GO:0070316","regulation of G0 to G1 transition",0.00976279700207303,7,0.551968926929566,0.969442771315363,0.999999337058203,193123,5,19,1.20697919662544,0.401659934530528,0.722895245575533
"GO:0014033","neural crest cell differentiation",0.0176770052623186,15,0.653240972636328,0.96950283040724,0.999999337058203,229968,13,57,1.04604863707538,0.478724556545096,0.760954629298332
"GO:0043414","macromolecule methylation",0.0177046457237017,15,0.652221133992857,0.969987230002469,0.999999337058203,121683,10,42,1.09202879694683,0.435332898277466,0.741424756334832
"GO:0043954","cellular component maintenance",0.00979216499229256,7,0.550313499548562,0.970114072153554,0.999999337058203,280595,7,37,0.867720179195589,0.72610364221146,0.864950897800897
"GO:0120192","tight junction assembly",0.00766650720246638,5,0.502068882473609,0.970400297497387,0.999999337058203,142016,5,34,0.674488374584807,0.892124297496892,0.938470572489667
"GO:0051926","negative regulation of calcium ion transport",0.00875019933025036,6,0.527866562807735,0.970428971762537,0.999999337058203,96194,5,25,0.917304189435337,0.663607051000599,0.835308084274144
"GO:0150115","cell-substrate junction organization",0.0138590336469463,11,0.611013189207881,0.970504695179549,0.999999337058203,206593,9,54,0.764420157862781,0.862204591542723,0.925037314813043
"GO:0032722","positive regulation of chemokine production",0.00767501195981502,5,0.501512534934335,0.970612179464799,0.999999337058203,87831,4,19,0.965583357300355,0.62085454826009,0.814840345306899
"GO:0030900","forebrain development",0.0747161537234891,80,0.82426399364465,0.970807817097461,0.999999337058203,132246,67,237,1.29661140700775,0.0103446346968711,0.347715106383732
"GO:0045597","positive regulation of cell differentiation",0.122115691277308,137,0.863654308270993,0.971554716904099,0.999999337058203,158429,91,419,0.996117914541953,0.537418883363176,0.788457974921475
"GO:0045471","response to ethanol",0.0129306862276086,10,0.595345774518888,0.971741371744713,0.999999337058203,94191,7,47,0.683098864473123,0.913234687455428,0.947455450352248
"GO:0016202","regulation of striated muscle tissue development",0.00772338276723542,5,0.498371609904808,0.971790764755554,0.999999337058203,228146,5,19,1.20697919662544,0.401659934530528,0.722895245575533
"GO:0010453","regulation of cell fate commitment",0.00773760165842768,5,0.497455784561585,0.97212878704205,0.999999337058203,71970,3,22,0.625434674615002,0.888220621086991,0.937274472507013
"GO:0001504","neurotransmitter uptake",0.00774570775527561,5,0.496935183359653,0.972319805203943,0.999999337058203,197723,5,24,0.955525197328476,0.625289731444584,0.81540418406306
"GO:0051726","regulation of cell cycle",0.110709482804444,123,0.855285557392255,0.972333121423537,0.999999337058203,164964,99,481,0.944003271872124,0.765088555053923,0.881788921792499
"GO:0071466","cellular response to xenobiotic stimulus",0.0197503056397172,17,0.662622150311652,0.972415527009142,0.999999337058203,111256,14,66,0.972898382734448,0.594833466450075,0.811335353135948
"GO:0060071","Wnt signaling pathway, planar cell polarity pathway",0.0129665656726732,10,0.59369840878223,0.972417548804398,0.999999337058203,65106,5,29,0.790779473651153,0.790074476121275,0.889313199760295
"GO:0001952","regulation of cell-matrix adhesion",0.0159292776271727,13,0.628258133459597,0.972536090840112,0.999999337058203,186031,12,63,0.873623037557464,0.748347181697662,0.873040703943482
"GO:0042269","regulation of natural killer cell mediated cytotoxicity",0.00778916174985382,5,0.494162892905697,0.973323230720173,0.999999337058203,96366,5,19,1.20697919662544,0.401659934530528,0.722895245575533
"GO:0048634","regulation of muscle organ development",0.00779235103385956,5,0.493960639977957,0.973395529143543,0.999999337058203,228146,5,21,1.09202879694683,0.496178188229511,0.769895892233997
"GO:0014004","microglia differentiation",0.00889291978950726,6,0.519394951677365,0.973621826776631,0.999999337058203,80076,2,6,1.52884031572556,0.388893045673,0.717450621306231
"GO:0051279","regulation of release of sequestered calcium ion into cytosol",0.0109981130069633,8,0.559967289105855,0.973622622702608,0.999999337058203,69740,7,34,0.944283724418729,0.63487232966514,0.819546396331826
"GO:1901861","regulation of muscle tissue development",0.00783035666826131,5,0.49156313903551,0.97424318312443,0.999999337058203,228146,5,20,1.14663023679417,0.449455123695447,0.741424756334832
"GO:0009953","dorsal/ventral pattern formation",0.0160670812735874,13,0.622869708505106,0.974781769232267,0.999999337058203,78195,12,55,1.000695479384,0.552034825250051,0.788457974921475
"GO:0030155","regulation of cell adhesion",0.0969776218572264,106,0.841443934734151,0.974798775597273,0.999999337058203,153360,88,376,1.07344107274348,0.238009141342677,0.640269346339134
"GO:0071901","negative regulation of protein serine/threonine kinase activity",0.0120923031945995,9,0.572960035405578,0.974888042395775,0.999999337058203,34505,8,35,1.04834764506896,0.505878787189,0.774119999011001
"GO:0007173","epidermal growth factor receptor signaling pathway",0.0189743794184872,16,0.649147293828077,0.975003026593515,0.999999337058203,125925,10,56,0.819021597710122,0.808814499411309,0.901111649494281
"GO:1904064","positive regulation of cation transmembrane transport",0.0161104023813321,13,0.621194802744571,0.975452764884837,0.999999337058203,36512,8,53,0.692305048630443,0.917316369257672,0.949036176783593
"GO:0048864","stem cell development",0.0170960240259395,14,0.630410974725955,0.975649080557057,0.999999337058203,211492,12,53,1.03845757294566,0.494893033205743,0.769895892233997
"GO:0050906","detection of stimulus involved in sensory perception",0.016136846861213,13,0.620176811212235,0.975854403640571,0.999999337058203,155420,12,87,0.632623578920922,0.979157369945133,0.98477630665106
"GO:1900046","regulation of hemostasis",0.00793042045394142,5,0.485360735407813,0.976356275793621,0.999999337058203,23172,5,24,0.955525197328476,0.625289731444584,0.81540418406306
"GO:0014014","negative regulation of gliogenesis",0.00903484292776272,6,0.511236075853461,0.976478540362026,0.999999337058203,42794,4,25,0.73384335154827,0.827052302302121,0.908337490094988
"GO:0030048","actin filament-based movement",0.0274938872056557,25,0.699994634230255,0.976516260236856,0.999999337058203,71659,14,63,1.01922687715037,0.517408522308741,0.780319356815216
"GO:0051716","cellular response to stimulus",0.597188380375272,741,0.955207465218512,0.976646728724388,0.999999337058203,136951,632,2970,0.975986949028843,0.820008779865986,0.904220672793011
"GO:0120193","tight junction organization",0.00795766225482379,5,0.48369917952787,0.976902915089447,0.999999337058203,142016,5,37,0.619800127996849,0.93003707573405,0.955752234748459
"GO:1902807","negative regulation of cell cycle G1/S phase transition",0.0101363418912454,7,0.531627745283495,0.977035667977719,0.999999337058203,111734,7,41,0.783064551956995,0.821351781424384,0.904220672793011
"GO:0021537","telencephalon development",0.0541775633870196,55,0.78150915421095,0.977432662623425,0.999999337058203,131703,45,162,1.27403359643797,0.0414741920318117,0.442114843387871
"GO:0090130","tissue migration",0.0238744485196407,21,0.677137389870885,0.977440493768062,0.999999337058203,145491,17,51,1.52884031572556,0.0381166188357946,0.442114843387871
"GO:0098754","detoxification",0.010160394408122,7,0.530369232591774,0.977459325571035,0.999999337058203,114402,6,54,0.509613438575187,0.986750983719335,0.989560280412565
"GO:0052547","regulation of peptidase activity",0.0285080795194812,26,0.702095574173518,0.977617890327565,0.999999337058203,129856,22,113,0.892950980866257,0.761091389979986,0.879490092194061
"GO:0034620","cellular response to unfolded protein",0.0122681124754159,9,0.564749180478785,0.97783685435077,0.999999337058203,135580,6,31,0.887713731711616,0.69772684614409,0.854160883857257
"GO:0007268","chemical synaptic transmission",0.10330011162494,113,0.842109373682111,0.978062805100185,0.999999337058203,154190,87,364,1.09622890770432,0.176121033111765,0.593229738391896
"GO:0098916","anterograde trans-synaptic signaling",0.10330011162494,113,0.842109373682111,0.978062805100185,0.999999337058203,154190,87,364,1.09622890770432,0.176121033111765,0.593229738391896
"GO:0043687","post-translational protein modification",0.0840792271301759,90,0.824033082010349,0.978080755073456,0.999999337058203,120386,84,400,0.963169398907104,0.674924973825367,0.840881494579416
"GO:0021801","cerebral cortex radial glia-guided migration",0.00913676712911285,6,0.505533038006878,0.978350315840706,0.999999337058203,83783,6,18,1.52884031572556,0.180687224901036,0.593229738391896
"GO:0022030","telencephalon glial cell migration",0.00913676712911285,6,0.505533038006878,0.978350315840706,0.999999337058203,83783,6,18,1.52884031572556,0.180687224901036,0.593229738391896
"GO:0120032","regulation of plasma membrane bounded cell projection assembly",0.023967602189975,21,0.674505594137331,0.978526137853807,0.999999337058203,134039,16,96,0.764420157862781,0.915236151087572,0.947941407184503
"GO:0043547","positive regulation of GTPase activity",0.025840907882847,23,0.685189843828848,0.97866247832539,0.999999337058203,133543,14,75,0.856150576806314,0.785856411617402,0.888514060872553
"GO:0098876","vesicle-mediated transport to the plasma membrane",0.0143580237070111,11,0.589778406886525,0.978777961902262,0.999999337058203,76365,10,74,0.619800127996849,0.9751494264154,0.983471509854116
"GO:0072577","endothelial cell apoptotic process",0.0102395949609313,7,0.526266967162863,0.978803904134888,0.999999337058203,184704,5,23,0.997069771125366,0.584453933174545,0.806068435716566
"GO:0048857","neural nucleus development",0.0143655982565247,11,0.58946743440454,0.97888538988127,0.999999337058203,133572,8,28,1.3104345563362,0.253145395787625,0.640269346339134
"GO:0090205","positive regulation of cholesterol metabolic process",0.0123406686865465,9,0.561428772013454,0.978958665763665,0.999999337058203,105942,3,11,1.25086934923,0.442336217723005,0.741424756334832
"GO:0007628","adult walking behavior",0.011324615957051,8,0.543822726452334,0.979280761659169,0.999999337058203,58080,7,16,2.0066029143898,0.0411083199344292,0.442114843387871
"GO:0034767","positive regulation of monoatomic ion transmembrane transport",0.0174103013873385,14,0.619031280984527,0.979918007837168,0.999999337058203,34048,9,59,0.699638788552376,0.921499897263261,0.951242242305703
"GO:0007612","learning",0.0212629564662733,18,0.651687969874024,0.979920826448382,0.999999337058203,123535,16,85,0.863345119468552,0.785888338682742,0.888514060872553
"GO:0006508","proteolysis",0.154701403284963,175,0.870832531353845,0.980278660112239,0.999999337058203,119038,149,658,1.0385890898622,0.307353040480905,0.668216294192446
"GO:0048255","mRNA stabilization",0.0134624993355658,10,0.571827653643689,0.980374685850957,0.999999337058203,107626,6,34,0.809386049501768,0.782652865835245,0.888514060872553
"GO:1901988","negative regulation of cell cycle phase transition",0.0260141923138255,23,0.680625691662683,0.98048731127369,0.999999337058203,211567,21,107,0.900158316735611,0.743695119409887,0.873040703943482
"GO:0045582","positive regulation of T cell differentiation",0.0155024451177377,12,0.595897951485971,0.980724953980068,0.999999337058203,157371,10,54,0.849355730958645,0.769749930667798,0.883502943897388
"GO:0051094","positive regulation of developmental process",0.175149099027268,200,0.879048701933411,0.980875634959133,0.999999337058203,152200,147,643,1.04855144515548,0.262913921248333,0.646036865214677
"GO:0010893","positive regulation of steroid biosynthetic process",0.012477940785627,9,0.555252391844443,0.980939777641446,0.999999337058203,105942,3,15,0.917304189435337,0.666676036777689,0.835308084274144
"GO:0009746","response to hexose",0.0334339286663477,31,0.713781243017755,0.981245638751592,0.999999337058203,145244,18,85,0.971263259402121,0.598598310400304,0.813546739063194
"GO:0048870","cell motility",0.21236644873226,246,0.891743703153268,0.981345148059993,0.999999337058203,146307,196,820,1.09629037273979,0.0681690745214326,0.479523898061771
"GO:0003333","amino acid transmembrane transport",0.0175451815234147,14,0.614272423214766,0.981532538992039,0.999999337058203,70776,12,50,1.1007650273224,0.406688876391565,0.726789851354867
"GO:0099537","trans-synaptic signaling",0.103951655769946,113,0.836831233302206,0.981709806536897,0.999999337058203,154190,87,366,1.09023858580429,0.191506323612664,0.600562611380413
"GO:0031398","positive regulation of protein ubiquitination",0.0115095944293839,8,0.535082583802105,0.981967596765081,0.999999337058203,269364,8,48,0.764420157862781,0.851856487221732,0.920322529875546
"GO:0031016","pancreas development",0.0135940573008026,10,0.566293729450575,0.982099574277369,0.999999337058203,203540,10,40,1.14663023679417,0.370246557444554,0.714045860789383
"GO:0051647","nucleus localization",0.00825532876202626,5,0.46625819692654,0.9821543042392,0.999999337058203,105442,4,22,0.83391289948667,0.739079711540251,0.870836413296154
"GO:0035023","regulation of Rho protein signal transduction",0.0156474246531654,12,0.590376722907871,0.98247974438656,0.999999337058203,77895,11,40,1.26129326047359,0.241396183989325,0.640269346339134
"GO:0007626","locomotory behavior",0.0363135863498645,34,0.720776508616622,0.982627937279703,0.999999337058203,145991,27,93,1.33157059756742,0.0612927094811063,0.479523898061771
"GO:1901991","negative regulation of mitotic cell cycle phase transition",0.0205719449316962,17,0.636157156542745,0.982767047302773,0.999999337058203,230757,15,83,0.828889327803015,0.831487637744661,0.912128662339649
"GO:0009593","detection of chemical stimulus",0.013651464412906,10,0.563912352139929,0.982807686564718,0.999999337058203,155246,10,77,0.595652071061907,0.983237455633857,0.987058183384702
"GO:0022409","positive regulation of cell-cell adhesion",0.0381640355073619,36,0.726171263012917,0.983015416026359,0.999999337058203,145487,31,142,1.00128274198928,0.530237801554958,0.78539884722814
"GO:0002705","positive regulation of leukocyte mediated immunity",0.0186755169297826,15,0.618314564157498,0.983191554871342,0.999999337058203,116569,12,62,0.887713731711616,0.727351767945693,0.864950897800897
"GO:0090132","epithelium migration",0.0234819008132674,20,0.655673445557422,0.983222343450796,0.999999337058203,141536,16,48,1.52884031572556,0.0434533741271637,0.442114843387871
"GO:0060491","regulation of cell projection assembly",0.0244293839366396,21,0.661755605344999,0.98324709067141,0.999999337058203,134039,16,97,0.756539537678628,0.922806225572114,0.951680799853861
"GO:0010596","negative regulation of endothelial cell migration",0.0136896029341413,10,0.562341321678314,0.983263784019984,0.999999337058203,166262,8,24,1.52884031572556,0.132220877457738,0.554477376521119
"GO:0046661","male sex differentiation",0.0177325519587519,14,0.607781733571157,0.983579798001765,0.999999337058203,169311,11,77,0.655217278168098,0.964921381140026,0.978370681615057
"GO:0051961","negative regulation of nervous system development",0.0235394408122043,20,0.654070712099931,0.983749571420628,0.999999337058203,114925,17,80,0.974635701275046,0.591935292907226,0.810139283120952
"GO:1990748","cellular detoxification",0.00836921277839792,5,0.459913591103008,0.983849211027304,0.999999337058203,136507,5,43,0.533316389206591,0.972321232101428,0.981935380219602
"GO:0001817","regulation of cytokine production",0.08422965502578,89,0.813421848913347,0.983859222948633,0.999999337058203,101732,72,304,1.0862812769629,0.227994963737393,0.632183344892173
"GO:0009914","hormone transport",0.0463230213150481,45,0.747836202154413,0.983999500815731,0.999999337058203,147254,31,149,0.954242613170988,0.648951485305019,0.830859209301487
"GO:0008406","gonad development",0.022639265401584,19,0.646073784387264,0.98420729782892,0.999999337058203,164415,14,96,0.668867638129933,0.972407166287552,0.981935380219602
"GO:0051591","response to cAMP",0.00840761707330038,5,0.457812798806168,0.984385777566159,0.999999337058203,96287,5,41,0.559331822826425,0.961985336145537,0.976461175677138
"GO:0007405","neuroblast proliferation",0.0127689629511508,9,0.542597428860758,0.984584689797305,0.999999337058203,196650,7,50,0.642112932604736,0.941408284657092,0.964014555914383
"GO:0042059","negative regulation of epidermal growth factor receptor signaling pathway",0.00842755009833626,5,0.456729970003744,0.984657611639554,0.999999337058203,177526,3,15,0.917304189435337,0.666676036777689,0.835308084274144
"GO:0002715","regulation of natural killer cell mediated immunity",0.00955575931536703,6,0.483366888167002,0.984682260687106,0.999999337058203,184514,6,22,1.25086934923,0.342715901316634,0.702085032515025
"GO:0034284","response to monosaccharide",0.0338832190506565,31,0.704316526914236,0.984818945939038,0.999999337058203,145244,18,88,0.938152011922504,0.662045209027251,0.835308084274144
"GO:0010719","negative regulation of epithelial to mesenchymal transition",0.00956811779088928,6,0.482742556612329,0.984839613476271,0.999999337058203,137713,5,22,1.04239112435834,0.541314154968593,0.788457974921475
"GO:0043409","negative regulation of MAPK cascade",0.0227170041992239,19,0.643862885505331,0.984890472012328,0.999999337058203,94138,16,73,1.00526486513462,0.536730515837019,0.788457974921475
"GO:0001837","epithelial to mesenchymal transition",0.0393353000584702,37,0.724119271098353,0.984953911978758,0.999999337058203,126479,26,101,1.18068856065934,0.197491293314513,0.613131965018278
"GO:0051603","proteolysis involved in protein catabolic process",0.070848349545527,73,0.793202312168375,0.98507589371633,0.999999337058203,117167,63,309,0.935115921269033,0.751353777566439,0.873040703943482
"GO:0007267","cell-cell signaling",0.164842927762717,186,0.868627298228445,0.985115008795433,0.999999337058203,150422,138,611,1.0359081681021,0.328439962178455,0.688169169392986
"GO:0010564","regulation of cell cycle process",0.0768755647690427,80,0.801110670769224,0.985293207101332,0.999999337058203,191532,64,314,0.934832294965948,0.753732985102688,0.873040703943482
"GO:0015804","neutral amino acid transport",0.0107040344442673,7,0.503432664863245,0.985305615199588,0.999999337058203,33172,6,25,1.1007650273224,0.472020453220527,0.754978406316201
"GO:0009308","amine metabolic process",0.0117949024610642,8,0.52213941964497,0.985486639393198,0.999999337058203,155051,8,44,0.83391289948667,0.773873152429765,0.883502943897388
"GO:0030318","melanocyte differentiation",0.00849200021261893,5,0.453263613665302,0.985506343765892,0.999999337058203,459792,3,16,0.859972677595628,0.711198846224575,0.859181934058344
"GO:0001816","cytokine production",0.0846345612076755,89,0.809530299995102,0.985803122289052,0.999999337058203,101732,72,307,1.07566615047792,0.257449457710337,0.640269346339134
"GO:0051058","negative regulation of small GTPase mediated signal transduction",0.00967522457874874,6,0.477398494138019,0.986141272572374,0.999999337058203,152480,6,34,0.809386049501768,0.782652865835245,0.888514060872553
"GO:0045621","positive regulation of lymphocyte differentiation",0.0160099399351512,12,0.577008741200899,0.986246976578914,0.999999337058203,157371,10,56,0.819021597710122,0.808814499411309,0.901111649494281
"GO:0051028","mRNA transport",0.0160136607664913,12,0.576874671156638,0.98628145072841,0.999999337058203,54797,6,49,0.56161480985837,0.971192358736452,0.981510120106847
"GO:0045137","development of primary sexual characteristics",0.0228859033646946,19,0.639111143688262,0.986283189851261,0.999999337058203,164415,14,99,0.648598921822966,0.980479349124169,0.985526519981215
"GO:0035633","maintenance of blood-brain barrier",0.00968917769627385,6,0.476711005735615,0.986302906794988,0.999999337058203,201044,5,24,0.955525197328476,0.625289731444584,0.81540418406306
"GO:0009743","response to carbohydrate",0.0350336203688938,32,0.703162671849609,0.986443340418967,0.999999337058203,141519,19,97,0.898390700993371,0.739624134311639,0.870836413296154
"GO:1903169","regulation of calcium ion transmembrane transport",0.0210027640461383,17,0.62310798538481,0.986651546066095,0.999999337058203,55962,14,72,0.891823517506578,0.730300352164543,0.866181044287229
"GO:0097237","cellular response to toxic substance",0.0108249614628183,7,0.497808754661606,0.986663065486395,0.999999337058203,190871,7,47,0.683098864473123,0.913234687455428,0.947455450352248
"GO:0000381","regulation of alternative mRNA splicing, via spliceosome",0.0108266889916547,7,0.497729323269481,0.98668157982821,0.999999337058203,133069,6,28,0.982825917252147,0.593083097831942,0.810139283120952
"GO:0033500","carbohydrate homeostasis",0.0387824908308085,36,0.714591179482349,0.98714737772935,0.999999337058203,168782,23,109,0.967797998028108,0.608621322294495,0.814840345306899
"GO:0042593","glucose homeostasis",0.0387824908308085,36,0.714591179482349,0.98714737772935,0.999999337058203,168782,23,109,0.967797998028108,0.608621322294495,0.814840345306899
"GO:0099536","synaptic signaling",0.106861478764684,115,0.828452302987178,0.987197577737739,0.999999337058203,154520,89,382,1.06858734109614,0.251800191656945,0.640269346339134
"GO:0071322","cellular response to carbohydrate stimulus",0.03060184446925,27,0.679214595068737,0.987531582877651,0.999999337058203,145156,15,71,0.9689832986993,0.601717588137306,0.813546739063194
"GO:0010498","proteasomal protein catabolic process",0.0513848136926593,50,0.749076317886512,0.987693246219791,0.999999337058203,125791,44,225,0.89691965189233,0.818191694305304,0.903958066072864
"GO:0071331","cellular response to hexose stimulus",0.0297128315526498,26,0.673628039231068,0.987796017666308,0.999999337058203,149737,14,64,1.0033014571949,0.543739401039249,0.788457974921475
"GO:0070647","protein modification by small protein conjugation or removal",0.0800609950566098,83,0.798082812171923,0.988060984066882,0.999999337058203,125081,77,372,0.949360518636034,0.721102744996841,0.864950897800897
"GO:0003008","system process",0.228975708286823,264,0.887575620451678,0.988297261427181,0.999999337058203,125973,201,879,1.04879489235781,0.220136371492322,0.616159221484306
"GO:0050931","pigment cell differentiation",0.00876800616594908,5,0.438995437590631,0.988664530003049,0.999999337058203,459792,3,18,0.764420157862781,0.786239957927728,0.888514060872553
"GO:0010717","regulation of epithelial to mesenchymal transition",0.0317312496677829,28,0.679300139954677,0.988744827233864,0.999999337058203,142618,17,63,1.23763263653974,0.196190936424854,0.61114053244014
"GO:0050657","nucleic acid transport",0.0183403763355127,14,0.58763904147715,0.98887683909382,0.999999337058203,66633,8,63,0.582415358371642,0.977857544549785,0.984224495463837
"GO:0050658","RNA transport",0.0183403763355127,14,0.58763904147715,0.98887683909382,0.999999337058203,66633,8,63,0.582415358371642,0.977857544549785,0.984224495463837
"GO:0051236","establishment of RNA localization",0.0183403763355127,14,0.58763904147715,0.98887683909382,0.999999337058203,66633,8,63,0.582415358371642,0.977857544549785,0.984224495463837
"GO:0038127","ERBB signaling pathway",0.0213190347100409,17,0.613864097052106,0.988974626195449,0.999999337058203,123694,11,69,0.731184498825269,0.912613686129142,0.947455450352248
"GO:0002824","positive regulation of adaptive immune response based on somatic recombination of immune receptors built from immunoglobulin superfamily domains",0.0142883910062191,10,0.538775107980012,0.989108139281538,0.999999337058203,75130,7,53,0.605766917551638,0.961154486398694,0.976461175677138
"GO:0098698","postsynaptic specialization assembly",0.00881252325519588,5,0.436777820852697,0.989108423852069,0.999999337058203,77954,5,26,0.882023259072439,0.699274543083001,0.854160883857257
"GO:0043408","regulation of MAPK cascade",0.0846413384361877,88,0.800370363173701,0.989254111965421,0.999999337058203,108829,65,290,1.0280133157465,0.42211983635326,0.734181023663623
"GO:0010927","cellular component assembly involved in morphogenesis",0.0163975708286823,12,0.563368524838136,0.989439350800737,0.999999337058203,150361,9,64,0.644979508196721,0.957437183364172,0.974510823122381
"GO:0032989","cellular anatomical entity morphogenesis",0.0163975708286823,12,0.563368524838136,0.989439350800737,0.999999337058203,150361,9,64,0.644979508196721,0.957437183364172,0.974510823122381
"GO:0002708","positive regulation of lymphocyte mediated immunity",0.0174383405092223,13,0.573890515792751,0.989612792747612,0.999999337058203,118493,10,54,0.849355730958645,0.769749930667798,0.883502943897388
"GO:0071326","cellular response to monosaccharide stimulus",0.0300373412002339,26,0.666350471081596,0.989700411405561,0.999999337058203,149737,14,66,0.972898382734448,0.594833466450075,0.811335353135948
"GO:0010631","epithelial cell migration",0.0233819699144209,19,0.625551907186743,0.989724738370409,0.999999337058203,144779,15,47,1.46378328101384,0.0702045325503651,0.479523898061771
"GO:0050808","synapse organization",0.0882203795247967,92,0.802804419206419,0.989853558345151,0.999999337058203,158568,70,283,1.13447514594476,0.126986078650748,0.554477376521119
"GO:0016477","cell migration",0.192474618614788,218,0.871914449216935,0.989877781432663,0.999999337058203,148273,176,723,1.11649749198215,0.0465304526396115,0.444917472404533
"GO:0045786","negative regulation of cell cycle",0.0439217562323925,41,0.718612898871091,0.990308158214498,0.999999337058203,165926,37,167,1.01617529967388,0.486464575858306,0.76733995596697
"GO:0070935","3'-UTR-mediated mRNA stabilization",0.0101012597671823,6,0.457263524629686,0.990349648304338,0.999999337058203,64206,2,12,0.764420157862781,0.773055398944247,0.883502943897388
"GO:0030162","regulation of proteolysis",0.0651793972253229,65,0.767704110150863,0.990443038199833,0.999999337058203,140526,57,241,1.08477881323266,0.262580771362735,0.646036865214677
"GO:1903052","positive regulation of proteolysis involved in protein catabolic process",0.0165656726731515,12,0.557651685563949,0.99059768766662,0.999999337058203,203593,12,53,1.03845757294566,0.494893033205743,0.769895892233997
"GO:0090659","walking behavior",0.0134392441396906,9,0.515535427029767,0.990665941548162,0.999999337058203,68659,8,18,2.03845375430075,0.0267098777763669,0.405821798307366
"GO:1901800","positive regulation of proteasomal protein catabolic process",0.0145170892467974,10,0.530287392766055,0.990789086359602,0.999999337058203,221694,10,45,1.01922687715037,0.531361484243297,0.78539884722814
"GO:0002821","positive regulation of adaptive immune response",0.0145434008398448,10,0.529328008765692,0.990966125529312,0.999999337058203,75130,7,55,0.583739029640669,0.970740353660716,0.981510120106847
"GO:0050804","modulation of chemical synaptic transmission",0.070564237495349,71,0.774576906538253,0.991039772577092,0.999999337058203,163612,55,244,1.03384693481442,0.413635577046865,0.730438882885953
"GO:0099177","regulation of trans-synaptic signaling",0.070564237495349,71,0.774576906538253,0.991039772577092,0.999999337058203,163612,55,244,1.03384693481442,0.413635577046865,0.730438882885953
"GO:0045940","positive regulation of steroid metabolic process",0.0135024982724712,9,0.513120337192585,0.991105458221114,0.999999337058203,105942,3,17,0.809386049501768,0.750984683904892,0.873040703943482
"GO:0016567","protein ubiquitination",0.0662585712007654,66,0.766818740081326,0.991164129703296,0.999999337058203,114914,62,308,0.923260710145956,0.785839210884627,0.888514060872553
"GO:0045824","negative regulation of innate immune response",0.00905411151863073,5,0.425123403406045,0.991243723866373,0.999999337058203,27312,5,31,0.739761443093014,0.837668102919736,0.914312639550521
"GO:0006576","biogenic amine metabolic process",0.0113713921224685,7,0.473887500055327,0.991457544390146,0.999999337058203,176801,7,38,0.84488543763781,0.752746516603065,0.873040703943482
"GO:0034976","response to endoplasmic reticulum stress",0.0246871843937703,20,0.623662000854092,0.991574229458798,0.999999337058203,130571,15,95,0.724187517975266,0.944424945868791,0.966037096546241
"GO:0051606","detection of stimulus",0.0332353957369904,29,0.671719556392651,0.991609747970502,0.999999337058203,145415,23,145,0.72751711575906,0.971554310690674,0.981608521966884
"GO:0007548","sex differentiation",0.0323114335831606,28,0.6671026305529,0.991654286246698,0.999999337058203,151006,21,127,0.758401101501657,0.944262794564981,0.966037096546241
"GO:0022604","regulation of cell morphogenesis",0.050567028118854,48,0.730742986672713,0.991743415245004,0.999999337058203,131837,36,148,1.11564023039433,0.254602105168807,0.640269346339134
"GO:1905868","regulation of 3'-UTR-mediated mRNA stabilization",0.00912028916174985,5,0.422038669537059,0.991755207322196,0.999999337058203,64369,1,5,0.917304189435337,0.707726406600702,0.857780126915584
"GO:0050680","negative regulation of epithelial cell proliferation",0.0257183862222931,21,0.628588497562227,0.991886555096822,0.999999337058203,176672,16,65,1.12898977161272,0.335891355824688,0.696648590073105
"GO:1905897","regulation of response to endoplasmic reticulum stress",0.0125506298835911,8,0.490699158760222,0.991963002781523,0.999999337058203,150684,5,32,0.716643897996357,0.857926828780124,0.922020255158991
"GO:0042886","amide transport",0.04706665603572,44,0.719664668042987,0.992044688758962,0.999999337058203,146106,27,142,0.87208496882937,0.819197771830097,0.904220672793011
"GO:0021879","forebrain neuron differentiation",0.0103263700632541,6,0.447295382215485,0.992053248960598,0.999999337058203,372066,6,27,1.01922687715037,0.55425832846232,0.788457974921475
"GO:0032480","negative regulation of type I interferon production",0.0136531919417424,9,0.507456900633633,0.992075678328661,0.999999337058203,113984,4,16,1.14663023679417,0.473743862507848,0.754978406316201
"GO:0021762","substantia nigra development",0.00917463987668102,5,0.419538505636758,0.992153875561863,0.999999337058203,81903,5,17,1.34897674916961,0.305433703579954,0.668216294192446
"GO:0001909","leukocyte mediated cytotoxicity",0.0147686440227502,10,0.52125499100511,0.992356737578335,0.999999337058203,80761,8,51,0.719454266223794,0.894884844240334,0.939001935739697
"GO:0051057","positive regulation of small GTPase mediated signal transduction",0.014793892521129,10,0.520365373497309,0.992499459951417,0.999999337058203,123398,9,32,1.28995901639344,0.249508628329927,0.640269346339134
"GO:0035270","endocrine system development",0.0210103385956519,16,0.586243148605285,0.992794589433677,0.999999337058203,144881,15,78,0.882023259072439,0.750809462610518,0.873040703943482
"GO:1901185","negative regulation of ERBB signaling pathway",0.00927231169935683,5,0.415119209580191,0.992824568750306,0.999999337058203,177526,3,19,0.724187517975266,0.81724972224041,0.903186317995806
"GO:0043406","positive regulation of MAP kinase activity",0.0104508850263116,6,0.441966171545565,0.992868834902746,0.999999337058203,69085,5,37,0.619800127996849,0.93003707573405,0.955752234748459
"GO:0016601","Rac protein signal transduction",0.0115999574762133,7,0.464550029266535,0.992934541731144,0.999999337058203,240176,7,28,1.14663023679417,0.411900840773705,0.729974447948049
"GO:0042058","regulation of epidermal growth factor receptor signaling pathway",0.0149307659597087,10,0.515595075832702,0.993230665118336,0.999999337058203,151879,7,33,0.972898382734448,0.600907643410918,0.813546739063194
"GO:1901875","positive regulation of post-translational protein modification",0.0159941264019561,11,0.529447631908444,0.993256034674344,0.999999337058203,278840,10,59,0.777376431724862,0.857800950572975,0.922020255158991
"GO:1903322","positive regulation of protein modification by small protein conjugation or removal",0.0159941264019561,11,0.529447631908444,0.993256034674344,0.999999337058203,278840,10,59,0.777376431724862,0.857800950572975,0.922020255158991
"GO:0060322","head development",0.126940413543826,136,0.824764289130569,0.993907771905704,0.999999337058203,130993,103,413,1.14385389239515,0.0650283792973557,0.479523898061771
"GO:0009749","response to glucose",0.0320271886461489,27,0.648986697808001,0.994123098378553,0.999999337058203,148793,17,83,0.939407904843417,0.657601235736393,0.835308084274144
"GO:0034329","cell junction assembly",0.0664536490724499,65,0.752983347723804,0.994150317051452,0.999999337058203,197998,51,258,0.906637861651205,0.810442275909762,0.902152902279088
"GO:0010830","regulation of myotube differentiation",0.0095080529421145,5,0.404826805977183,0.994225289032552,0.999999337058203,238472,3,18,0.764420157862781,0.786239957927728,0.888514060872553
"GO:0010001","glial cell differentiation",0.0531936692712486,50,0.723603909328103,0.994248377949525,0.999999337058203,91958,33,151,1.00235225997901,0.52636428363943,0.784760956846717
"GO:0006836","neurotransmitter transport",0.0358836974432573,31,0.665051621287618,0.994396539064595,0.999999337058203,182542,26,104,1.14663023679417,0.24595664965015,0.640269346339134
"GO:0045687","positive regulation of glial cell differentiation",0.018339047467177,13,0.545704363725483,0.994399249419314,0.999999337058203,86726,8,28,1.3104345563362,0.253145395787625,0.640269346339134
"GO:0050796","regulation of insulin secretion",0.0302195290490618,25,0.636858816920852,0.994429471870481,0.999999337058203,145291,14,83,0.773630039282814,0.893271922598248,0.93854209010751
"GO:0007264","small GTPase-mediated signal transduction",0.0762063466751714,76,0.767738463364207,0.994467052604893,0.999999337058203,160456,56,236,1.08832700441481,0.25592134947286,0.640269346339134
"GO:0051223","regulation of protein transport",0.0568948333599107,54,0.730654021536648,0.994548974467803,0.999999337058203,128144,34,189,0.825088424359827,0.917936883643827,0.949413392338611
"GO:0008360","regulation of cell shape",0.027380933397119,22,0.618536426435409,0.994594369082216,0.999999337058203,136499,18,87,0.948935368381383,0.641479888930197,0.824632844050947
"GO:0021872","forebrain generation of neurons",0.0119240684632967,7,0.451922982634033,0.994620005927247,0.999999337058203,327248,7,34,0.944283724418729,0.63487232966514,0.819546396331826
"GO:0007601","visual perception",0.0234759209057567,18,0.590256415867694,0.99466811471989,0.999999337058203,64561,13,98,0.608416044013234,0.989085430228079,0.990955156939285
"GO:0035883","enteroendocrine cell differentiation",0.00961104023813321,5,0.400488876151641,0.994751395991209,0.999999337058203,111541,5,24,0.955525197328476,0.625289731444584,0.81540418406306
"GO:0043484","regulation of RNA splicing",0.0275152819858608,22,0.615516304889146,0.995006565239204,0.999999337058203,129008,16,80,0.917304189435337,0.694958538535013,0.854160883857257
"GO:1901184","regulation of ERBB signaling pathway",0.0164168394195503,11,0.515815019660583,0.995060919708257,0.999999337058203,146071,8,38,0.965583357300355,0.608113769905779,0.814840345306899
"GO:0050953","sensory perception of light stimulus",0.0236034922659863,18,0.587066217866146,0.99508164138706,0.999999337058203,64561,13,100,0.596247723132969,0.991542238726371,0.992612440818899
"GO:0032602","chemokine production",0.0109036304682932,6,0.423614653648917,0.995213419828582,0.999999337058203,144771,5,31,0.739761443093014,0.837668102919736,0.914312639550521
"GO:0032642","regulation of chemokine production",0.0109036304682932,6,0.423614653648917,0.995213419828582,0.999999337058203,144771,5,31,0.739761443093014,0.837668102919736,0.914312639550521
"GO:0050807","regulation of synapse organization",0.0563228884282145,53,0.72440560129217,0.995251840117658,0.999999337058203,129467,40,159,1.15384174771741,0.173450551795883,0.593229738391896
"GO:0007611","learning or memory",0.0352948758836974,30,0.654335442283744,0.995342068483725,0.999999337058203,123492,28,138,0.930598453050342,0.700121173774096,0.854160883857257
"GO:1905244","regulation of modification of synaptic structure",0.0165339127199277,11,0.512162637568163,0.99547378646768,0.999999337058203,142526,5,12,1.91105039465695,0.0987855921834425,0.521003496228806
"GO:0001678","intracellular glucose homeostasis",0.0306819752298942,25,0.627259926190782,0.995714712627638,0.999999337058203,205047,14,73,0.879606756992789,0.749773391809652,0.873040703943482
"GO:0007608","sensory perception of smell",0.00987136554510179,5,0.3899272786558,0.995884356218806,0.999999337058203,89880,6,52,0.529213955443464,0.981833851626347,0.986086515845628
"GO:0010821","regulation of mitochondrion organization",0.0145230691543082,9,0.47706214112858,0.995995184749951,0.999999337058203,92478,6,58,0.474467684190692,0.993078216749806,0.993613857643414
"GO:0051046","regulation of secretion",0.075341652049115,74,0.756114261689037,0.996042413582251,0.999999337058203,160669,54,277,0.894123217139137,0.846846961527208,0.918387087771395
"GO:0050803","regulation of synapse structure or activity",0.0567951682347313,53,0.718381811807052,0.996137018394513,0.999999337058203,129467,40,162,1.13247430794486,0.208960683623442,0.616159221484306
"GO:0007269","neurotransmitter secretion",0.0299481741349067,24,0.616924106763237,0.996256363513156,0.999999337058203,211284,21,73,1.31941013548918,0.0984122457040066,0.521003496228806
"GO:0099643","signal release from synapse",0.0299481741349067,24,0.616924106763237,0.996256363513156,0.999999337058203,211284,21,73,1.31941013548918,0.0984122457040066,0.521003496228806
"GO:0071705","nitrogen compound transport",0.189086668792856,209,0.850895494845791,0.996291502423064,0.999999337058203,117509,152,762,0.914896566890887,0.913185837887343,0.947455450352248
"GO:0048762","mesenchymal cell differentiation",0.0560044915749748,52,0.714778257812387,0.996319266803009,0.999999337058203,153810,39,149,1.20049877140866,0.11543317736291,0.5462462857352
"GO:0008584","male gonad development",0.0146873172806038,9,0.471727159844392,0.996489460905393,0.999999337058203,168019,8,63,0.582415358371642,0.977857544549785,0.984224495463837
"GO:0030073","insulin secretion",0.0329655025780046,27,0.630514258059774,0.996508913739403,0.999999337058203,164583,16,95,0.772466685840284,0.907061084486756,0.943954172074577
"GO:0032446","protein modification by small protein conjugation",0.0747969489183012,73,0.751328436327101,0.996524467327943,0.999999337058203,131608,67,335,0.917304189435337,0.811321389747337,0.902152902279088
"GO:0046546","development of primary male sexual characteristics",0.0147582788497316,9,0.469458975335645,0.996684569028651,0.999999337058203,168019,8,64,0.573315118397086,0.980774739004873,0.985556414330465
"GO:0008637","apoptotic mitochondrial changes",0.0113242172965503,6,0.407881403489925,0.996716487122478,0.999999337058203,117616,4,44,0.416956449743335,0.992660102673314,0.993463442384137
"GO:0043279","response to alkaloid",0.016963137192367,11,0.499203198790988,0.996725578798559,0.999999337058203,224426,9,48,0.859972677595628,0.74891435490546,0.873040703943482
"GO:0008347","glial cell migration",0.0180928081645671,12,0.510582724619556,0.996863843773481,0.999999337058203,120937,10,31,1.47952288618603,0.118422733117848,0.547048978101158
"GO:0008344","adult locomotory behavior",0.019154441077978,13,0.522474040806816,0.996867384757506,0.999999337058203,139308,11,42,1.20123167664151,0.298509600158855,0.668216294192446
"GO:0071333","cellular response to glucose stimulus",0.028306091532451,22,0.598320141673529,0.996897446395123,0.999999337058203,154909,13,62,0.961689876020918,0.613212281984207,0.814840345306899
"GO:0007420","brain development",0.124120687822251,130,0.806287687008225,0.996944197808789,0.999999337058203,123957,99,385,1.17939110070258,0.0342901006995437,0.437169325069785
"GO:0046883","regulation of hormone secretion",0.0398730930739382,34,0.656432144254977,0.996970200606915,0.999999337058203,154400,22,120,0.840862173649059,0.851229795625477,0.920322529875546
"GO:0046879","hormone secretion",0.0455125445170892,40,0.6765808845819,0.997034860346279,0.999999337058203,160316,27,144,0.859972677595628,0.840889468385627,0.916210439400109
"GO:0007165","signal transduction",0.524305932068251,632,0.927946965272946,0.997041577479808,0.999999337058203,130206,532,2438,1.00083229856358,0.500576598237751,0.773807991442523
"GO:0099159","regulation of modification of postsynaptic structure",0.0160191091266677,10,0.480565388896736,0.997071475285611,0.999999337058203,155724,4,9,2.03845375430075,0.1112028574589,0.53758873962322
"GO:0051924","regulation of calcium ion transport",0.0303728804550045,24,0.608297609597412,0.997087545991495,0.999999337058203,70980,21,105,0.917304189435337,0.710338360515298,0.859181934058344
"GO:0030534","adult behavior",0.0274382076223888,21,0.589188695474594,0.997120868060332,0.999999337058203,168099,15,70,0.982825917252147,0.577480425541174,0.802416621257587
"GO:0052548","regulation of endopeptidase activity",0.0244386860149896,18,0.56700319012758,0.997131791550011,0.999999337058203,157887,15,85,0.809386049501768,0.857657500468099,0.922020255158991
"GO:0050767","regulation of neurogenesis",0.0717845372880455,69,0.739961347062644,0.997170007227009,0.999999337058203,112114,47,208,1.03637732941012,0.416733097106339,0.731786363378155
"GO:0050769","positive regulation of neurogenesis",0.0529655025780046,48,0.697652233174118,0.997182254040799,0.999999337058203,120463,29,135,0.985252647912029,0.570580382708536,0.800731083677225
"GO:0060485","mesenchyme development",0.0611848190081327,57,0.71716985246642,0.997278727522282,0.999999337058203,169755,43,179,1.10178994820446,0.25919509065021,0.641075857541519
"GO:0002791","regulation of peptide secretion",0.0344017434752565,28,0.626568312032361,0.997333336032934,0.999999337058203,143412,17,94,0.829477192574507,0.842573882168044,0.916210439400109
"GO:0090087","regulation of peptide transport",0.0344017434752565,28,0.626568312032361,0.997333336032934,0.999999337058203,143412,17,94,0.829477192574507,0.842573882168044,0.916210439400109
"GO:0090276","regulation of peptide hormone secretion",0.0344017434752565,28,0.626568312032361,0.997333336032934,0.999999337058203,143412,17,94,0.829477192574507,0.842573882168044,0.916210439400109
"GO:0042552","myelination",0.0382427045128369,32,0.644157739808577,0.997361861379313,0.999999337058203,114383,14,79,0.812801180512324,0.846655004175823,0.918387087771395
"GO:0007266","Rho protein signal transduction",0.0266011534577154,20,0.578789143070301,0.997396912998812,0.999999337058203,124973,18,72,1.14663023679417,0.296053809545812,0.668216294192446
"GO:0001910","regulation of leukocyte mediated cytotoxicity",0.0128067028118854,7,0.420776578032586,0.997485963702855,0.999999337058203,94964,7,36,0.891823517506578,0.697552077978685,0.854160883857257
"GO:0050907","detection of chemical stimulus involved in sensory perception",0.0104143411470791,5,0.369597524150407,0.997540023969452,0.999999337058203,66603,6,56,0.491412958626073,0.99039609035039,0.992000403671692
"GO:0007272","ensheathment of neurons",0.0393297188114602,33,0.645927756708941,0.997552965960658,0.999999337058203,113218,15,81,0.849355730958645,0.801881849762782,0.896644100521663
"GO:0008366","axon ensheathment",0.0393297188114602,33,0.645927756708941,0.997552965960658,0.999999337058203,113218,15,81,0.849355730958645,0.801881849762782,0.896644100521663
"GO:0099563","modification of synaptic structure",0.0185759846914368,12,0.497302051123143,0.997817014678627,0.999999337058203,130724,6,20,1.37595628415301,0.258274367035768,0.640269346339134
"GO:0045685","regulation of glial cell differentiation",0.0217828097592091,15,0.530112700725978,0.997855806138428,0.999999337058203,79567,10,46,0.997069771125366,0.562182204027652,0.794225930685381
"GO:0051962","positive regulation of nervous system development",0.0590236804337426,54,0.704301027885602,0.997870331504114,0.999999337058203,119580,34,161,0.968582063378927,0.615334611465918,0.814840345306899
"GO:0051336","regulation of hydrolase activity",0.0724877744113113,69,0.732782642884425,0.99788514630445,0.999999337058203,125843,50,240,0.955525197328476,0.669233869211936,0.837106424401983
"GO:1903530","regulation of secretion by cell",0.0708213735183118,67,0.728284901381463,0.99798274152559,0.999999337058203,160076,50,257,0.89231925042348,0.842472774476948,0.916210439400109
"GO:0048713","regulation of oligodendrocyte differentiation",0.0176396640620847,11,0.480057461307411,0.998056456198903,0.999999337058203,54347,6,30,0.917304189435337,0.664962194367397,0.835308084274144
"GO:0043087","regulation of GTPase activity",0.0359732631690852,29,0.620596057023011,0.998115413569057,0.999999337058203,111236,19,100,0.87143897996357,0.787362075016873,0.889227792484809
"GO:0007166","cell surface receptor signaling pathway",0.293145431350662,334,0.877110248715166,0.998227417792667,0.999999337058203,135178,265,1224,0.992996773694299,0.569253139696092,0.800276297185488
"GO:0060284","regulation of cell development",0.125779115505236,130,0.795656591255855,0.998232982301366,0.999999337058203,140037,87,397,1.00510660555257,0.498690295452306,0.77217904679802
"GO:0051960","regulation of nervous system development",0.0835418327752086,81,0.746400409557673,0.998245041336777,0.999999337058203,124238,57,251,1.041560533821,0.386526159110234,0.717450621306231
"GO:0006865","amino acid transport",0.024154441077978,17,0.541804712021815,0.998253436627276,0.999999337058203,67658,15,78,0.882023259072439,0.750809462610518,0.873040703943482
"GO:0031341","regulation of cell killing",0.0132324722266518,7,0.40723762670832,0.998273950088454,0.999999337058203,94964,7,40,0.80264116575592,0.800334182984382,0.896603180557721
"GO:0001667","ameboidal-type cell migration",0.0447119013448148,38,0.654261412904343,0.998281458117425,0.999999337058203,177667,33,126,1.20123167664151,0.137617607283721,0.56603250889424
"GO:0000165","MAPK cascade",0.0976417902514219,97,0.764762967351523,0.998333771482498,0.999999337058203,108901,72,334,0.988711102385393,0.566658970463676,0.797535956153352
"GO:0098742","cell-cell adhesion via plasma-membrane adhesion molecules",0.0400346834635624,33,0.634553713082345,0.998335791955775,0.999999337058203,182835,24,102,1.07918139933569,0.372869532656335,0.714045860789383
"GO:0035249","synaptic transmission, glutamatergic",0.0221493116462021,15,0.521340992230542,0.998348497403305,0.999999337058203,242588,13,51,1.16911318261366,0.310693559968186,0.668216294192446
"GO:0031644","regulation of nervous system process",0.0283237654813161,21,0.570767391993147,0.998358438177923,0.999999337058203,50845,14,58,1.10709126311161,0.382160459992366,0.717450621306231
"GO:0048024","regulation of mRNA splicing, via spliceosome",0.023256657630362,16,0.52961896964497,0.998416380722202,0.999999337058203,166768,10,51,0.899317832779742,0.701188875042652,0.854160883857257
"GO:0050890","cognition",0.0429841067347047,36,0.644741230452865,0.998421436505541,0.999999337058203,121684,33,160,0.945969945355191,0.672732986189231,0.839784447766504
"GO:0023052","signaling",0.566910779779939,684,0.928821448163964,0.998436253469375,0.999999337058203,132739,581,2663,1.00066416459243,0.502015975760675,0.774119999011001
"GO:0010948","negative regulation of cell cycle process",0.0353455057672886,28,0.609838277097464,0.998455176034258,0.999999337058203,193224,26,123,0.969508492899137,0.606955183552777,0.814840345306899
"GO:0043085","positive regulation of catalytic activity",0.0803421835964493,77,0.737798797372238,0.998462378152853,0.999999337058203,160652,56,293,0.87660468614981,0.88805246811517,0.937274472507013
"GO:0098609","cell-cell adhesion",0.121151730186573,124,0.787921431272385,0.998500578602104,0.999999337058203,138261,100,440,1.04239112435834,0.332734513894669,0.692655801326738
"GO:0010038","response to metal ion",0.0345104449051188,27,0.602287784370323,0.998579644680431,0.999999337058203,138174,25,143,0.80183932642949,0.916843149220337,0.949036176783593
"GO:0099010","modification of postsynaptic structure",0.0180611810981768,11,0.468853742284594,0.998605111810197,0.999999337058203,141649,5,17,1.34897674916961,0.305433703579954,0.668216294192446
"GO:0048714","positive regulation of oligodendrocyte differentiation",0.0146705735395737,8,0.419791599092998,0.998625623890839,0.999999337058203,58637,4,16,1.14663023679417,0.473743862507848,0.754978406316201
"GO:0007154","cell communication",0.56976492319141,687,0.928222041670798,0.998633420316194,0.999999337058203,132472,582,2677,0.997144262703336,0.549600758926323,0.788457974921475
"GO:0050708","regulation of protein secretion",0.0398509009727316,32,0.618162538408167,0.998925978126151,0.999999337058203,146376,20,122,0.75188867986503,0.945691933994219,0.966799965587918
"GO:0044093","positive regulation of molecular function",0.122123265826822,124,0.781653225562243,0.998934814840101,0.999999337058203,142064,90,431,0.957742193145943,0.701907595733698,0.854160883857257
"GO:0072348","sulfur compound transport",0.0125818582894807,6,0.367110925752801,0.998971673776126,0.999999337058203,263892,6,29,0.948935368381383,0.630042193238743,0.817578361985218
"GO:0007600","sensory perception",0.0714779673629937,66,0.710824831234147,0.99897451389278,0.999999337058203,133824,48,286,0.769765753372311,0.986893002028704,0.989560280412565
"GO:0015833","peptide transport",0.0428318184234306,35,0.629060448915891,0.998982370840595,0.999999337058203,157576,22,120,0.840862173649059,0.851229795625477,0.920322529875546
"GO:0010950","positive regulation of endopeptidase activity",0.0138682028384628,7,0.388569495834022,0.999025419932141,0.999999337058203,178759,6,45,0.611536126290225,0.948073250495382,0.968700567154466
"GO:0030072","peptide hormone secretion",0.0401819220751608,32,0.613070078058422,0.999112752791896,0.999999337058203,157796,20,115,0.797655816900293,0.900328942138908,0.943269947866846
"GO:0048145","regulation of fibroblast proliferation",0.0140375006644342,7,0.383883193588625,0.9991646450686,0.999999337058203,14256,7,38,0.84488543763781,0.752746516603065,0.873040703943482
"GO:0051966","regulation of synaptic transmission, glutamatergic",0.0175978047095094,10,0.43745396282733,0.999185280286968,0.999999337058203,286660,9,36,1.14663023679417,0.382786797926292,0.717450621306231
"GO:0031646","positive regulation of nervous system process",0.0153051081698825,8,0.402387455052945,0.999211384487862,0.999999337058203,76764,4,19,0.965583357300355,0.62085454826009,0.814840345306899
"GO:1905274","regulation of modification of postsynaptic actin cytoskeleton",0.0128672992079945,6,0.358967143740005,0.999214967022738,0.999999337058203,97003,2,5,1.83460837887067,0.299989147301495,0.668216294192446
"GO:0089718","amino acid import across plasma membrane",0.0116036783075533,5,0.33171504772867,0.99922800672508,0.999999337058203,89924,5,23,0.997069771125366,0.584453933174545,0.806068435716566
"GO:0010952","positive regulation of peptidase activity",0.01413331207144,7,0.381280803666313,0.999234698017771,0.999999337058203,178759,6,49,0.56161480985837,0.971192358736452,0.981510120106847
"GO:0031643","positive regulation of myelination",0.014173709668846,7,0.380194085455976,0.999262499621059,0.999999337058203,68149,3,15,0.917304189435337,0.666676036777689,0.835308084274144
"GO:0007606","sensory perception of chemical stimulus",0.0141879285600383,7,0.379813061664507,0.99927205043163,0.999999337058203,68877,8,74,0.495840102397479,0.995674607150242,0.995943055413157
"GO:0042220","response to cocaine",0.0129546058576516,6,0.356547910071199,0.999277504757515,0.999999337058203,302308,4,27,0.679484584766916,0.870815378417802,0.927836029273419
"GO:0023061","signal release",0.072277414553766,66,0.70296252849449,0.999285627507979,0.999999337058203,164856,48,225,0.97845780206436,0.59539961884624,0.811809109121481
"GO:0010720","positive regulation of cell development",0.0769446659225004,71,0.710347210376215,0.999334884984268,0.999999337058203,120688,43,225,0.876535114349322,0.859371021998356,0.923064994676868
"GO:0007417","central nervous system development",0.175939111252857,186,0.813844437174686,0.999343819682443,0.999999337058203,120018,138,539,1.17428551152205,0.01643501764824,0.386281270938799
"GO:0034330","cell junction organization",0.117741189602934,117,0.764976847681014,0.999416562898304,0.999999337058203,163578,89,425,0.960471445408765,0.689968094496146,0.85212437768998
"GO:0021772","olfactory bulb development",0.0132646308403763,6,0.3482145639728,0.999462838098493,0.999999337058203,178702,6,18,1.52884031572556,0.180687224901036,0.593229738391896
"GO:0098885","modification of postsynaptic actin cytoskeleton",0.0145395471216712,7,0.370627815293744,0.999473530404715,0.999999337058203,83274,3,10,1.37595628415301,0.377084061829277,0.714045860789383
"GO:0014015","positive regulation of gliogenesis",0.0226210599053846,14,0.476437497412111,0.999477046877715,0.999999337058203,83513,9,40,1.03196721311475,0.519376819525846,0.781065261629869
"GO:0014013","regulation of gliogenesis",0.026948519640674,18,0.514195700461075,0.999488910538934,0.999999337058203,72161,12,60,0.917304189435337,0.682098470733109,0.8443728149549
"GO:0050684","regulation of mRNA processing",0.0248248551533514,16,0.496162695632699,0.999490847837885,0.999999337058203,166768,10,62,0.739761443093014,0.89625745022536,0.939563475653034
"GO:0009636","response to toxic substance",0.0280554669643332,19,0.521347083345425,0.999508535112513,0.999999337058203,111460,13,95,0.627629182245231,0.984144373171413,0.987604983626167
"GO:0021988","olfactory lobe development",0.0133838303300909,6,0.345113284495025,0.999521012866234,0.999999337058203,178702,6,19,1.44837503595053,0.218322033449073,0.616159221484306
"GO:0042063","gliogenesis",0.0724469781534046,65,0.690691212007228,0.999567278642567,0.999999337058203,96340,45,196,1.05302776848444,0.373137303550374,0.714045860789383
"GO:0002790","peptide secretion",0.042408308084835,33,0.599037268665862,0.999575259463949,0.999999337058203,157659,21,117,0.82322170846761,0.872323658440424,0.928116001044318
"GO:0046903","secretion",0.118751793972253,117,0.758466723338177,0.999603838220729,0.999999337058203,148486,87,424,0.941102175482008,0.762619845441589,0.879490092194061
"GO:0051345","positive regulation of hydrolase activity",0.0456197841917823,36,0.607491384648922,0.999641072739756,0.999999337058203,139143,26,144,0.828121837684679,0.887078431485177,0.937274472507013
"GO:0009306","protein secretion",0.0458371870515069,36,0.6046100916906,0.999684012929208,0.999999337058203,166590,24,151,0.728983461802917,0.97318646564178,0.982454908171702
"GO:0035592","establishment of protein localization to extracellular region",0.0459547918992186,36,0.603062808484223,0.99970515439258,0.999999337058203,166590,24,153,0.719454266223794,0.977782610745155,0.984224495463837
"GO:0019882","antigen processing and presentation",0.01525740179663,7,0.353189924267164,0.99973094501098,0.999999337058203,78264,6,49,0.56161480985837,0.971192358736452,0.981510120106847
"GO:0002709","regulation of T cell mediated immunity",0.0129718811460161,5,0.296727564822032,0.999805635117468,0.999999337058203,168318,5,41,0.559331822826425,0.961985336145537,0.976461175677138
"GO:0071692","protein localization to extracellular region",0.0487011640886621,38,0.600668840158349,0.999815734617675,0.999999337058203,161913,26,159,0.749997136016313,0.965927153438859,0.979122879578734
"GO:0007160","cell-matrix adhesion",0.0322306383883485,21,0.501581183729842,0.999887761390274,0.999999337058203,192427,19,118,0.738507610138619,0.951971005152932,0.971612772797078
"GO:0031641","regulation of myelination",0.0187063466751714,9,0.370377315614953,0.999889792285499,0.999999337058203,103642,5,27,0.849355730958645,0.73223277367861,0.867087006175436
"GO:0045862","positive regulation of proteolysis",0.0367586243554989,25,0.523566206721004,0.999910476268398,0.999999337058203,171379,24,126,0.873623037557464,0.804891078520325,0.898900030496811
"GO:0002456","T cell mediated immunity",0.015191489927178,6,0.304047704766495,0.99991917057876,0.999999337058203,151826,6,53,0.519228786472832,0.98447377059158,0.98766838531497
"GO:0140352","export from cell",0.11447031308138,107,0.719584427089573,0.999938262363738,0.999999337058203,142407,80,409,0.897119011672701,0.884149191993839,0.937198143513469
"GO:0014003","oligodendrocyte development",0.0141064689310583,5,0.272861672359661,0.999939986908251,0.999999337058203,41256,4,29,0.632623578920922,0.904678239991992,0.943439549157421
"GO:0007215","glutamate receptor signaling pathway",0.0170347631956626,7,0.316339037013296,0.999951466071955,0.999999337058203,245231,6,28,0.982825917252147,0.593083097831942,0.810139283120952
"GO:0032940","secretion by cell",0.105474804656355,96,0.700669724397696,0.999957616342004,0.999999337058203,147879,73,370,0.9049081868754,0.854617200928135,0.921694713791681
"GO:0050877","nervous system process",0.141937091372987,137,0.743045682132457,0.999961308904527,0.999999337058203,112333,107,538,0.912189110312092,0.879730110433566,0.933313900402783
"GO:0031589","cell-substrate adhesion",0.0553451071067879,42,0.584199131605387,0.999964194021959,0.999999337058203,163450,38,181,0.962915999959746,0.634301592585018,0.819546396331826
"GO:0007155","cell adhesion",0.186202227183331,188,0.777255541167874,0.999967420736858,0.999999337058203,145133,158,711,1.01922687715037,0.403786931088626,0.724395316411413
"GO:0048709","oligodendrocyte differentiation",0.0317109179822463,15,0.364144113308842,0.999999337058203,0.999999337058203,45483,9,65,0.635056746532156,0.96254402631412,0.976761033267337
