cpg_id	reason
chr1:51813	encode_blacklist
chr1:51821	encode_blacklist
chr1:51827	encode_blacklist
chr1:51843	encode_blacklist
chr1:51851	encode_blacklist
chr1:51859	encode_blacklist
chr1:51935	encode_blacklist
chr1:51953	encode_blacklist
chr1:51969	encode_blacklist
chr1:51975	encode_blacklist
chr1:51978	encode_blacklist
chr1:61901	encode_blacklist
chr1:61922	encode_blacklist
chr1:61930	encode_blacklist
chr1:61954	encode_blacklist
chr1:62082	encode_blacklist
chr1:62096	encode_blacklist
chr1:62112	encode_blacklist
chr1:62140	encode_blacklist
chr1:62156	encode_blacklist
chr1:87256	encode_blacklist
chr1:87302	encode_blacklist
chr1:87351	encode_blacklist
chr1:87360	encode_blacklist
chr1:87754	encode_blacklist
chr1:88171	encode_blacklist
chr1:88204	encode_blacklist
chr1:88315	encode_blacklist
chr1:88361	encode_blacklist
chr1:88386	encode_blacklist
chr1:88388	encode_blacklist
chr1:604132	encode_blacklist
chr1:604142	encode_blacklist
chr1:604170	encode_blacklist
chr1:604175	encode_blacklist
chr1:604220	encode_blacklist
chr1:604231	encode_blacklist
chr1:604294	encode_blacklist
chr1:604296	encode_blacklist
chr1:779514	encode_blacklist
chr1:779651	encode_blacklist
chr1:779655	encode_blacklist
chr1:779661	encode_blacklist
chr1:779699	encode_blacklist
chr1:779703	encode_blacklist
chr1:779730	encode_blacklist
chr1:779741	encode_blacklist
chr1:143540243	encode_blacklist
chr1:143540266	encode_blacklist
chr1:143540276	encode_blacklist
chr1:143540315	encode_blacklist
chr1:143540325	encode_blacklist
chr1:143540351	encode_blacklist
chr1:143540364	encode_blacklist
chr1:143542320	encode_blacklist
chr1:143542421	encode_blacklist
chr1:143542449	encode_blacklist
chr1:143542716	encode_blacklist
chr1:143542957	encode_blacklist
chr1:143543342	encode_blacklist
chr1:143543798	encode_blacklist
chr1:161425764	encode_blacklist
chr1:161425873	encode_blacklist
chr1:161426157	encode_blacklist
chr1:161426171	encode_blacklist
chr1:161426306	encode_blacklist
chr1:161426361	encode_blacklist
chr1:161427146	encode_blacklist
chr1:161427187	encode_blacklist
chr1:161427204	encode_blacklist
chr1:161427246	encode_blacklist
chr1:161427262	encode_blacklist
chr1:161427291	encode_blacklist
chr1:161427322	encode_blacklist
chr1:161427336	encode_blacklist
chr1:161427347	encode_blacklist
chr1:161427380	encode_blacklist
chr1:161427390	encode_blacklist
chr1:161427392	encode_blacklist
chr1:161427396	encode_blacklist
chr1:161439592	encode_blacklist
chr1:161439602	encode_blacklist
chr1:161439610	encode_blacklist
chr1:161439646	encode_blacklist
chr1:161439656	encode_blacklist
chr1:161439678	encode_blacklist
chr1:161439680	encode_blacklist
chr1:161439740	encode_blacklist
chr1:161439760	encode_blacklist
chr1:161439777	encode_blacklist
chr1:161439804	encode_blacklist
chr1:161439817	encode_blacklist
chr1:161439824	encode_blacklist
chr1:161439852	encode_blacklist
chr1:161439870	encode_blacklist
chr1:161442826	encode_blacklist
chr1:161442852	encode_blacklist
chr1:161442957	encode_blacklist
chr1:161443668	encode_blacklist
chr1:161443671	encode_blacklist
chr1:161443685	encode_blacklist
chr1:161443693	encode_blacklist
chr1:161443705	encode_blacklist
chr1:161443721	encode_blacklist
chr1:161443749	encode_blacklist
chr1:161443754	encode_blacklist
chr1:161443817	encode_blacklist
chr1:161443876	encode_blacklist
chr1:161443878	encode_blacklist
chr1:161457625	encode_blacklist
chr1:161458472	encode_blacklist
chr1:161458475	encode_blacklist
chr1:161458489	encode_blacklist
chr1:161458497	encode_blacklist
chr1:161458509	encode_blacklist
chr1:161458525	encode_blacklist
chr1:161458553	encode_blacklist
chr1:161458558	encode_blacklist
chr1:161458604	encode_blacklist
chr1:161459233	encode_blacklist
chr1:161459268	encode_blacklist
chr1:161459270	encode_blacklist
chr1:161459274	encode_blacklist
chr1:161459404	encode_blacklist
chr1:161459409	encode_blacklist
chr1:161459412	encode_blacklist
chr1:161459480	encode_blacklist
chr1:161459489	encode_blacklist
chr1:161459913	encode_blacklist
chr1:161459952	encode_blacklist
chr1:161460004	encode_blacklist
chr1:161460075	encode_blacklist
chr1:161460085	encode_blacklist
chr2:87348702	encode_blacklist
chr2:87348711	encode_blacklist
chr2:87348720	encode_blacklist
chr2:87348728	encode_blacklist
chr2:87348730	encode_blacklist
chr2:87348736	encode_blacklist
chr2:87348739	encode_blacklist
chr2:87348742	encode_blacklist
chr2:87348747	encode_blacklist
chr2:87348754	encode_blacklist
chr2:87348757	encode_blacklist
chr2:87348760	encode_blacklist
chr2:87348775	encode_blacklist
chr2:87348778	encode_blacklist
chr2:87348785	encode_blacklist
chr2:87348793	encode_blacklist
chr2:87348796	encode_blacklist
chr2:87348798	encode_blacklist
chr2:87348801	encode_blacklist
chr2:87348804	encode_blacklist
chr2:87348811	encode_blacklist
chr2:87348819	encode_blacklist
chr2:87348822	encode_blacklist
chr2:87348824	encode_blacklist
chr2:87348827	encode_blacklist
chr2:87348830	encode_blacklist
chr2:87348837	encode_blacklist
chr2:87348845	encode_blacklist
chr2:87348848	encode_blacklist
chr2:87348855	encode_blacklist
chr2:87348863	encode_blacklist
chr2:87348866	encode_blacklist
chr2:87348868	encode_blacklist
chr2:87348871	encode_blacklist
chr2:87348874	encode_blacklist
chr2:87348881	encode_blacklist
chr2:87348889	encode_blacklist
chr2:87348892	encode_blacklist
chr2:87348907	encode_blacklist
chr2:87348910	encode_blacklist
chr2:87348917	encode_blacklist
chr2:87348925	encode_blacklist
chr2:87348928	encode_blacklist
chr2:87348930	encode_blacklist
chr2:87348933	encode_blacklist
chr2:87348936	encode_blacklist
chr2:87348943	encode_blacklist
chr2:87348951	encode_blacklist
chr2:87348954	encode_blacklist
chr2:87348961	encode_blacklist
chr2:87348969	encode_blacklist
chr2:87348972	encode_blacklist
chr2:87348974	encode_blacklist
chr2:87348977	encode_blacklist
chr2:87348980	encode_blacklist
chr2:87348987	encode_blacklist
chr2:87348995	encode_blacklist
chr2:87348998	encode_blacklist
chr2:87349005	encode_blacklist
chr2:87349013	encode_blacklist
chr2:87349016	encode_blacklist
chr2:87349018	encode_blacklist
chr2:87349021	encode_blacklist
chr2:87349024	encode_blacklist
chr2:87349031	encode_blacklist
chr2:87349039	encode_blacklist
chr2:87349042	encode_blacklist
chr2:87349049	encode_blacklist
chr2:87349057	encode_blacklist
chr2:87349060	encode_blacklist
chr2:87349067	encode_blacklist
chr2:87349075	encode_blacklist
chr2:87349078	encode_blacklist
chr2:87349080	encode_blacklist
chr2:87349083	encode_blacklist
chr2:87349086	encode_blacklist
chr2:87349093	encode_blacklist
chr2:87349101	encode_blacklist
chr2:87349104	encode_blacklist
chr2:87349111	encode_blacklist
chr2:87349119	encode_blacklist
chr2:87349122	encode_blacklist
chr2:87349124	encode_blacklist
chr2:87349127	encode_blacklist
chr2:87349130	encode_blacklist
chr2:87349137	encode_blacklist
chr2:87349145	encode_blacklist
chr2:87349148	encode_blacklist
chr2:87349155	encode_blacklist
chr2:87349163	encode_blacklist
chr2:87349168	encode_blacklist
chr2:87349171	encode_blacklist
chr2:87349174	encode_blacklist
chr2:87349180	encode_blacklist
chr2:87349195	encode_blacklist
chr2:87349201	encode_blacklist
chr2:87349209	encode_blacklist
chr2:87583416	encode_blacklist
chr2:87583794	encode_blacklist
chr2:87583873	encode_blacklist
chr2:87583920	encode_blacklist
chr2:87583929	encode_blacklist
chr2:87583941	encode_blacklist
chr2:87583951	encode_blacklist
chr2:87825958	encode_blacklist
chr2:87825962	encode_blacklist
chr2:87825965	encode_blacklist
chr2:87825974	encode_blacklist
chr2:87826002	encode_blacklist
chr2:87826007	encode_blacklist
chr2:89585591	encode_blacklist
chr2:89585595	encode_blacklist
chr2:89585602	encode_blacklist
chr2:89585605	encode_blacklist
chr2:89585611	encode_blacklist
chr2:89585615	encode_blacklist
chr2:89585617	encode_blacklist
chr2:89585627	encode_blacklist
chr2:89585632	encode_blacklist
chr2:89585634	encode_blacklist
chr2:89585640	encode_blacklist
chr2:89585644	encode_blacklist
chr2:89585646	encode_blacklist
chr2:89585659	encode_blacklist
chr2:89585665	encode_blacklist
chr2:89585673	encode_blacklist
chr2:89585693	encode_blacklist
chr2:89585703	encode_blacklist
chr2:89585705	encode_blacklist
chr2:89585711	encode_blacklist
chr2:89767579	encode_blacklist
chr2:89767582	encode_blacklist
chr2:89767597	encode_blacklist
chr2:89767613	encode_blacklist
chr2:89767615	encode_blacklist
chr2:89767618	encode_blacklist
chr2:89767621	encode_blacklist
chr2:89768022	encode_blacklist
chr2:89768024	encode_blacklist
chr2:89768027	encode_blacklist
chr2:89768030	encode_blacklist
chr2:89768053	encode_blacklist
chr2:89768060	encode_blacklist
chr2:89768080	encode_blacklist
chr2:89768097	encode_blacklist
chr2:89768100	encode_blacklist
chr2:89768402	encode_blacklist
chr2:89768422	encode_blacklist
chr2:89768665	encode_blacklist
chr2:89769303	encode_blacklist
chr2:89769993	encode_blacklist
chr2:89770560	encode_blacklist
chr2:89770679	encode_blacklist
chr2:89770757	encode_blacklist
chr2:89814527	encode_blacklist
chr2:89814551	encode_blacklist
chr2:89814562	encode_blacklist
chr2:89814566	encode_blacklist
chr2:89814581	encode_blacklist
chr2:89814596	encode_blacklist
chr2:89814626	encode_blacklist
chr2:89815200	encode_blacklist
chr2:89938969	encode_blacklist
chr2:89939013	encode_blacklist
chr2:89939050	encode_blacklist
chr2:89939142	encode_blacklist
chr2:89939149	encode_blacklist
chr2:89939258	encode_blacklist
chr2:89940440	encode_blacklist
chr2:89940446	encode_blacklist
chr2:89940473	encode_blacklist
chr2:89940504	encode_blacklist
chr2:89940769	encode_blacklist
chr2:89940864	encode_blacklist
chr2:90323140	encode_blacklist
chr2:90323162	encode_blacklist
chr2:90323164	encode_blacklist
chr2:90323167	encode_blacklist
chr2:90323186	encode_blacklist
chr2:90323188	encode_blacklist
chr2:90323191	encode_blacklist
chr2:90323210	encode_blacklist
chr2:90323215	encode_blacklist
chr2:90323217	encode_blacklist
chr2:90323229	encode_blacklist
chr2:90323251	encode_blacklist
chr2:90323253	encode_blacklist
chr2:90323256	encode_blacklist
chr2:90323259	encode_blacklist
chr2:90323299	encode_blacklist
chr2:90323301	encode_blacklist
chr2:90323304	encode_blacklist
chr2:90323307	encode_blacklist
chr2:90323322	encode_blacklist
chr2:90323324	encode_blacklist
chr2:90324370	encode_blacklist
chr2:90324373	encode_blacklist
chr2:90324376	encode_blacklist
chr2:90324394	encode_blacklist
chr2:90324397	encode_blacklist
chr2:90324400	encode_blacklist
chr2:90324416	encode_blacklist
chr2:90324433	encode_blacklist
chr2:91571255	encode_blacklist
chr2:91571261	encode_blacklist
chr2:91571273	encode_blacklist
chr2:91571293	encode_blacklist
chr2:91571301	encode_blacklist
chr2:91571307	encode_blacklist
chr2:91571322	encode_blacklist
chr2:91571328	encode_blacklist
chr2:91571331	encode_blacklist
chr2:91571334	encode_blacklist
chr2:91571339	encode_blacklist
chr2:91571347	encode_blacklist
chr2:91571354	encode_blacklist
chr2:91571357	encode_blacklist
chr2:91571365	encode_blacklist
chr2:91571372	encode_blacklist
chr2:91571375	encode_blacklist
chr2:91571378	encode_blacklist
chr2:91571380	encode_blacklist
chr2:91571383	encode_blacklist
chr2:91571391	encode_blacklist
chr2:91571398	encode_blacklist
chr2:91571401	encode_blacklist
chr2:91571409	encode_blacklist
chr2:91571416	encode_blacklist
chr2:91571419	encode_blacklist
chr2:91571422	encode_blacklist
chr2:91571424	encode_blacklist
chr2:91571427	encode_blacklist
chr2:91571434	encode_blacklist
chr2:91571437	encode_blacklist
chr2:91571440	encode_blacklist
chr2:91571442	encode_blacklist
chr2:91571445	encode_blacklist
chr2:91571453	encode_blacklist
chr2:91571460	encode_blacklist
chr2:91571463	encode_blacklist
chr2:91571466	encode_blacklist
chr2:91571468	encode_blacklist
chr2:91571471	encode_blacklist
chr2:91571474	encode_blacklist
chr2:91571476	encode_blacklist
chr2:91571479	encode_blacklist
chr2:91571487	encode_blacklist
chr2:91571494	encode_blacklist
chr2:91571497	encode_blacklist
chr2:91571512	encode_blacklist
chr2:91571518	encode_blacklist
chr2:91571523	encode_blacklist
chr2:91571531	encode_blacklist
chr2:91571538	encode_blacklist
chr2:91571541	encode_blacklist
chr2:91571549	encode_blacklist
chr2:91571556	encode_blacklist
chr2:91571559	encode_blacklist
chr2:91571562	encode_blacklist
chr2:91571564	encode_blacklist
chr2:91571567	encode_blacklist
chr2:91571575	encode_blacklist
chr2:91571585	encode_blacklist
chr2:91571600	encode_blacklist
chr2:91571603	encode_blacklist
chr2:91571606	encode_blacklist
chr2:91571611	encode_blacklist
chr2:91571613	encode_blacklist
chr2:91571621	encode_blacklist
chr2:91571627	encode_blacklist
chr2:91571630	encode_blacklist
chr2:91571639	encode_blacklist
chr2:91571641	encode_blacklist
chr2:91571649	encode_blacklist
chr2:91571760	encode_blacklist
chr2:91571803	encode_blacklist
chr2:91571849	encode_blacklist
chr2:91571851	encode_blacklist
chr2:91571866	encode_blacklist
chr2:91571873	encode_blacklist
chr2:91571888	encode_blacklist
chr2:91589184	encode_blacklist
chr2:91589188	encode_blacklist
chr2:91589232	encode_blacklist
chr2:91589478	encode_blacklist
chr2:91589480	encode_blacklist
chr2:91589513	encode_blacklist
chr2:91589517	encode_blacklist
chr2:91589527	encode_blacklist
chr2:91589537	encode_blacklist
chr2:91589541	encode_blacklist
chr2:91589550	encode_blacklist
chr2:91589552	encode_blacklist
chr2:91589561	encode_blacklist
chr2:91589568	encode_blacklist
chr2:91589570	encode_blacklist
chr2:91589579	encode_blacklist
chr2:91589588	encode_blacklist
chr2:91589591	encode_blacklist
chr2:91589594	encode_blacklist
chr2:91589600	encode_blacklist
chr2:91589609	encode_blacklist
chr2:91589618	encode_blacklist
chr2:91589626	encode_blacklist
chr2:91589634	encode_blacklist
chr2:91589641	encode_blacklist
chr2:91589643	encode_blacklist
chr2:91589649	encode_blacklist
chr2:91589667	encode_blacklist
chr2:91589675	encode_blacklist
chr2:91589697	encode_blacklist
chr2:91589703	encode_blacklist
chr2:91589708	encode_blacklist
chr2:91589736	encode_blacklist
chr2:91589742	encode_blacklist
chr2:91589745	encode_blacklist
chr2:91589747	encode_blacklist
chr2:91589786	encode_blacklist
chr2:91589814	encode_blacklist
chr2:91589821	encode_blacklist
chr2:91589829	encode_blacklist
chr2:91589831	encode_blacklist
chr2:91589836	encode_blacklist
chr2:91589839	encode_blacklist
chr2:91589848	encode_blacklist
chr2:91589861	encode_blacklist
chr2:91589865	encode_blacklist
chr2:91589868	encode_blacklist
chr2:91589871	encode_blacklist
chr2:91589874	encode_blacklist
chr2:91589887	encode_blacklist
chr2:91589907	encode_blacklist
chr2:91589915	encode_blacklist
chr2:91589954	encode_blacklist
chr2:91589980	encode_blacklist
chr2:91590088	encode_blacklist
chr2:91590091	encode_blacklist
chr2:91590093	encode_blacklist
chr2:91590108	encode_blacklist
chr2:91590118	encode_blacklist
chr2:91590214	encode_blacklist
chr2:91659986	encode_blacklist
chr2:91659991	encode_blacklist
chr2:91659993	encode_blacklist
chr2:91659999	encode_blacklist
chr2:91660003	encode_blacklist
chr2:91660005	encode_blacklist
chr2:91660018	encode_blacklist
chr2:91660024	encode_blacklist
chr2:91660032	encode_blacklist
chr2:91660052	encode_blacklist
chr2:91660062	encode_blacklist
chr2:91660064	encode_blacklist
chr2:91660070	encode_blacklist
chr2:91660098	encode_blacklist
chr2:91660102	encode_blacklist
chr2:91660116	encode_blacklist
chr2:91660118	encode_blacklist
chr2:91660124	encode_blacklist
chr2:91660132	encode_blacklist
chr2:91840092	encode_blacklist
chr2:91840095	encode_blacklist
chr2:91840097	encode_blacklist
chr2:91840108	encode_blacklist
chr2:91840113	encode_blacklist
chr2:91840125	encode_blacklist
chr2:91840152	encode_blacklist
chr2:91840160	encode_blacklist
chr2:91840176	encode_blacklist
chr2:91840179	encode_blacklist
chr2:91840182	encode_blacklist
chr2:91840196	encode_blacklist
chr2:91840198	encode_blacklist
chr2:91840201	encode_blacklist
chr2:91840213	encode_blacklist
chr2:91840218	encode_blacklist
chr2:91840234	encode_blacklist
chr2:91840242	encode_blacklist
chr2:91840254	encode_blacklist
chr2:91840257	encode_blacklist
chr2:91840379	encode_blacklist
chr2:91840392	encode_blacklist
chr2:91840395	encode_blacklist
chr2:91840497	encode_blacklist
chr2:91974655	encode_blacklist
chr2:91974672	encode_blacklist
chr2:91974674	encode_blacklist
chr2:91974684	encode_blacklist
chr2:91974686	encode_blacklist
chr2:91974688	encode_blacklist
chr2:91974701	encode_blacklist
chr2:91974705	encode_blacklist
chr2:91974707	encode_blacklist
chr2:91974728	encode_blacklist
chr2:91974731	encode_blacklist
chr2:91974733	encode_blacklist
chr2:91974739	encode_blacklist
chr2:91974741	encode_blacklist
chr2:91974751	encode_blacklist
chr2:91974762	encode_blacklist
chr2:91974764	encode_blacklist
chr2:91974766	encode_blacklist
chr2:91974775	encode_blacklist
chr2:91974777	encode_blacklist
chr2:91974779	encode_blacklist
chr2:91974781	encode_blacklist
chr2:91974792	encode_blacklist
chr2:91974798	encode_blacklist
chr2:91974806	encode_blacklist
chr2:91974812	encode_blacklist
chr2:91974815	encode_blacklist
chr2:91974817	encode_blacklist
chr2:91974829	encode_blacklist
chr2:91974846	encode_blacklist
chr2:91974849	encode_blacklist
chr2:91974852	encode_blacklist
chr2:91974855	encode_blacklist
chr2:91974858	encode_blacklist
chr2:91974862	encode_blacklist
chr2:91974867	encode_blacklist
chr2:92074551	encode_blacklist
chr2:92074568	encode_blacklist
chr2:92074573	encode_blacklist
chr2:92074587	encode_blacklist
chr2:92074609	encode_blacklist
chr2:92074615	encode_blacklist
chr2:92074617	encode_blacklist
chr2:92074631	encode_blacklist
chr2:92074652	encode_blacklist
chr2:92074654	encode_blacklist
chr2:92074671	encode_blacklist
chr2:92074674	encode_blacklist
chr2:92074687	encode_blacklist
chr2:92074894	encode_blacklist
chr2:92074918	encode_blacklist
chr2:92074938	encode_blacklist
chr2:92074940	encode_blacklist
chr2:92074957	encode_blacklist
chr2:92074976	encode_blacklist
chr2:92075001	encode_blacklist
chr2:92075004	encode_blacklist
chr2:92075006	encode_blacklist
chr2:92075017	encode_blacklist
chr2:92075020	encode_blacklist
chr2:92075036	encode_blacklist
chr2:95911728	encode_blacklist
chr2:95911753	encode_blacklist
chr2:95911789	encode_blacklist
chr2:95911799	encode_blacklist
chr2:95911893	encode_blacklist
chr2:95911901	encode_blacklist
chr2:112432110	encode_blacklist
chr2:112432159	encode_blacklist
chr2:112432478	encode_blacklist
chr2:112432495	encode_blacklist
chr2:112432515	encode_blacklist
chr2:112432539	encode_blacklist
chr2:112432542	encode_blacklist
chr2:112432548	encode_blacklist
chr2:112432570	encode_blacklist
chr2:112432615	encode_blacklist
chr2:112432618	encode_blacklist
chr2:112432620	encode_blacklist
chr2:112432674	encode_blacklist
chr2:112432690	encode_blacklist
chr2:112432702	encode_blacklist
chr2:112432704	encode_blacklist
chr2:112432706	encode_blacklist
chr2:112432715	encode_blacklist
chr2:112432730	encode_blacklist
chr2:112432740	encode_blacklist
chr2:112432748	encode_blacklist
chr2:112432752	encode_blacklist
chr2:112432759	encode_blacklist
chr2:112432762	encode_blacklist
chr2:112432773	encode_blacklist
chr2:112432792	encode_blacklist
chr2:112432795	encode_blacklist
chr2:112432809	encode_blacklist
chr2:112432813	encode_blacklist
chr2:112432816	encode_blacklist
chr2:112432818	encode_blacklist
chr2:112432841	encode_blacklist
chr2:112432851	encode_blacklist
chr2:112432856	encode_blacklist
chr2:112432859	encode_blacklist
chr2:112432873	encode_blacklist
chr2:112432880	encode_blacklist
chr2:112432887	encode_blacklist
chr2:112432900	encode_blacklist
chr2:112432902	encode_blacklist
chr2:112432915	encode_blacklist
chr2:112432921	encode_blacklist
chr2:112432945	encode_blacklist
chr2:112432951	encode_blacklist
chr2:112432954	encode_blacklist
chr2:112432957	encode_blacklist
chr2:112433257	encode_blacklist
chr2:112433259	encode_blacklist
chr2:112433272	encode_blacklist
chr2:112433276	encode_blacklist
chr2:112433279	encode_blacklist
chr2:112433303	encode_blacklist
chr2:112433309	encode_blacklist
chr2:112433312	encode_blacklist
chr2:112433315	encode_blacklist
chr2:112433320	encode_blacklist
chr2:112433325	encode_blacklist
chr2:112433331	encode_blacklist
chr2:112433334	encode_blacklist
chr2:112433337	encode_blacklist
chr2:112433341	encode_blacklist
chr2:112433345	encode_blacklist
chr2:112433350	encode_blacklist
chr2:112433356	encode_blacklist
chr2:112433359	encode_blacklist
chr2:112433386	encode_blacklist
chr2:113390995	encode_blacklist
chr2:113391037	encode_blacklist
chr2:113391043	encode_blacklist
chr2:113391081	encode_blacklist
chr2:113391091	encode_blacklist
chr2:113391098	encode_blacklist
chr2:113391145	encode_blacklist
chr2:113391245	encode_blacklist
chr2:113391276	encode_blacklist
chr2:113391588	encode_blacklist
chr2:113391590	encode_blacklist
chr2:113391607	encode_blacklist
chr2:113392328	encode_blacklist
chr2:113496664	encode_blacklist
chr2:113496680	encode_blacklist
chr2:113496765	encode_blacklist
chr2:113496784	encode_blacklist
chr2:113496823	encode_blacklist
chr2:113496861	encode_blacklist
chr2:113496867	encode_blacklist
chr2:113498771	encode_blacklist
chr2:113498803	encode_blacklist
chr2:113498815	encode_blacklist
chr2:113498817	encode_blacklist
chr2:113498829	encode_blacklist
chr2:113498844	encode_blacklist
chr2:113603547	encode_blacklist
chr2:113603555	encode_blacklist
chr2:113603558	encode_blacklist
chr2:113603561	encode_blacklist
chr2:113603577	encode_blacklist
chr2:113603581	encode_blacklist
chr2:113603585	encode_blacklist
chr2:113603613	encode_blacklist
chr2:113603619	encode_blacklist
chr2:113603630	encode_blacklist
chr2:113603651	encode_blacklist
chr2:113603659	encode_blacklist
chr2:113603665	encode_blacklist
chr2:113603667	encode_blacklist
chr2:113603677	encode_blacklist
chr2:113603697	encode_blacklist
chr2:113603705	encode_blacklist
chr2:113603711	encode_blacklist
chr2:113603719	encode_blacklist
chr2:113603722	encode_blacklist
chr2:113603724	encode_blacklist
chr2:113603727	encode_blacklist
chr2:113603730	encode_blacklist
chr2:113603736	encode_blacklist
chr2:113603738	encode_blacklist
chr2:113603746	encode_blacklist
chr2:113603752	encode_blacklist
chr2:113603754	encode_blacklist
chr2:113603778	encode_blacklist
chr2:113603784	encode_blacklist
chr2:113603786	encode_blacklist
chr2:113603794	encode_blacklist
chr2:113603800	encode_blacklist
chr2:113603802	encode_blacklist
chr2:113603810	encode_blacklist
chr2:113603812	encode_blacklist
chr2:113603815	encode_blacklist
chr2:113603829	encode_blacklist
chr2:113603831	encode_blacklist
chr2:113603834	encode_blacklist
chr2:113603865	encode_blacklist
chr2:113603879	encode_blacklist
chr2:113603886	encode_blacklist
chr2:113603890	encode_blacklist
chr2:113603901	encode_blacklist
chr2:113603903	encode_blacklist
chr2:113603906	encode_blacklist
chr2:113603909	encode_blacklist
chr2:113603912	encode_blacklist
chr2:113603920	encode_blacklist
chr2:113603924	encode_blacklist
chr2:113603927	encode_blacklist
chr2:113603944	encode_blacklist
chr2:113603975	encode_blacklist
chr2:113604002	encode_blacklist
chr2:113604011	encode_blacklist
chr2:113604023	encode_blacklist
chr2:113604029	encode_blacklist
chr2:113604032	encode_blacklist
chr2:113604035	encode_blacklist
chr2:113604043	encode_blacklist
chr2:113604072	encode_blacklist
chr2:113604077	encode_blacklist
chr2:113604081	encode_blacklist
chr2:113604085	encode_blacklist
chr2:113604098	encode_blacklist
chr2:113604124	encode_blacklist
chr2:113604140	encode_blacklist
chr2:113604153	encode_blacklist
chr2:113604198	encode_blacklist
chr2:113604211	encode_blacklist
chr2:113604214	encode_blacklist
chr2:113604221	encode_blacklist
chr2:113604239	encode_blacklist
chr2:113604260	encode_blacklist
chr2:130520592	encode_blacklist
chr2:130520618	encode_blacklist
chr2:130520625	encode_blacklist
chr2:130520629	encode_blacklist
chr2:130520632	encode_blacklist
chr2:130520640	encode_blacklist
chr2:130520660	encode_blacklist
chr2:130520695	encode_blacklist
chr2:130529869	encode_blacklist
chr2:130529888	encode_blacklist
chr2:130529904	encode_blacklist
chr2:130529979	encode_blacklist
chr2:130529990	encode_blacklist
chr2:130530001	encode_blacklist
chr2:130598629	encode_blacklist
chr2:130598648	encode_blacklist
chr2:130598656	encode_blacklist
chr2:130598670	encode_blacklist
chr2:130598679	encode_blacklist
chr2:130598693	encode_blacklist
chr2:130598696	encode_blacklist
chr2:130598714	encode_blacklist
chr2:130598739	encode_blacklist
chr2:130693381	encode_blacklist
chr2:130693387	encode_blacklist
chr2:130693389	encode_blacklist
chr2:130693411	encode_blacklist
chr2:130693485	encode_blacklist
chr2:130693487	encode_blacklist
chr2:130693519	encode_blacklist
chr2:130693532	encode_blacklist
chr2:130693535	encode_blacklist
chr2:130693546	encode_blacklist
chr2:130693624	encode_blacklist
chr2:130693636	encode_blacklist
chr2:130693640	encode_blacklist
chr2:130693655	encode_blacklist
chr2:130693673	encode_blacklist
chr2:130693679	encode_blacklist
chr2:130693682	encode_blacklist
chr2:130693684	encode_blacklist
chr2:130693693	encode_blacklist
chr2:130693708	encode_blacklist
chr2:130693714	encode_blacklist
chr2:130693719	encode_blacklist
chr2:130693739	encode_blacklist
chr2:130693743	encode_blacklist
chr2:130693764	encode_blacklist
chr2:132268220	encode_blacklist
chr2:132268227	encode_blacklist
chr2:132268259	encode_blacklist
chr2:132268262	encode_blacklist
chr2:132268292	encode_blacklist
chr2:132268303	encode_blacklist
chr2:132268404	encode_blacklist
chr2:132268423	encode_blacklist
chr2:132268430	encode_blacklist
chr3:75741431	encode_blacklist
chr3:75741646	encode_blacklist
chr3:75741775	encode_blacklist
chr3:75741808	encode_blacklist
chr3:75742760	encode_blacklist
chr3:75743028	encode_blacklist
chr3:101687482	encode_blacklist
chr3:101687487	encode_blacklist
chr3:101687503	encode_blacklist
chr3:101687508	encode_blacklist
chr3:101687517	encode_blacklist
chr3:101687519	encode_blacklist
chr3:101687525	encode_blacklist
chr3:101687559	encode_blacklist
chr3:101687573	encode_blacklist
chr3:101687657	encode_blacklist
chr3:101687688	encode_blacklist
chr3:101687699	encode_blacklist
chr3:101687756	encode_blacklist
chr3:101687875	encode_blacklist
chr3:122417094	encode_blacklist
chr3:122417100	encode_blacklist
chr3:122417110	encode_blacklist
chr3:122417143	encode_blacklist
chr3:122417147	encode_blacklist
chr3:122417162	encode_blacklist
chr3:122417170	encode_blacklist
chr3:122417193	encode_blacklist
chr3:122417229	encode_blacklist
chr3:122417231	encode_blacklist
chr3:122417239	encode_blacklist
chr3:122417243	encode_blacklist
chr3:122417410	encode_blacklist
chr3:122417443	encode_blacklist
chr3:122417463	encode_blacklist
chr3:138593343	encode_blacklist
chr3:138593347	encode_blacklist
chr3:138593367	encode_blacklist
chr3:138593411	encode_blacklist
chr3:138593442	encode_blacklist
chr3:138593465	encode_blacklist
chr3:138593474	encode_blacklist
chr3:138593502	encode_blacklist
chr3:138593514	encode_blacklist
chr3:195478037	encode_blacklist
chr3:195478069	encode_blacklist
chr3:195478075	encode_blacklist
chr3:195478128	encode_blacklist
chr3:195478143	encode_blacklist
chr3:195478311	encode_blacklist
chr3:195478375	encode_blacklist
chr3:195478413	encode_blacklist
chr3:195479238	encode_blacklist
chr3:195479276	encode_blacklist
chr3:195479314	encode_blacklist
chr3:195479949	encode_blacklist
chr3:195479960	encode_blacklist
chr3:195480025	encode_blacklist
chr3:195637169	encode_blacklist
chr3:195637171	encode_blacklist
chr3:195637183	encode_blacklist
chr3:195637207	encode_blacklist
chr3:195637323	encode_blacklist
chr3:195637494	encode_blacklist
chr3:195653824	encode_blacklist
chr3:195653836	encode_blacklist
chr3:195653862	encode_blacklist
chr3:195653893	encode_blacklist
chr3:195654257	encode_blacklist
chr3:195654266	encode_blacklist
chr3:195657488	encode_blacklist
chr3:195657512	encode_blacklist
chr3:195657527	encode_blacklist
chr3:195657541	encode_blacklist
chr3:195657559	encode_blacklist
chr3:195657590	encode_blacklist
chr3:195955274	encode_blacklist
chr3:195955308	encode_blacklist
chr3:195955325	encode_blacklist
chr3:195955373	encode_blacklist
chr3:195955408	encode_blacklist
chr3:195955431	encode_blacklist
chr3:195955438	encode_blacklist
chr3:195955455	encode_blacklist
chr3:195955486	encode_blacklist
chr3:195955492	encode_blacklist
chr3:195955494	encode_blacklist
chr3:195955507	encode_blacklist
chr3:195955510	encode_blacklist
chr3:195955516	encode_blacklist
chr3:195955522	encode_blacklist
chr3:195955543	encode_blacklist
chr3:195955554	encode_blacklist
chr3:195955566	encode_blacklist
chr3:195955595	encode_blacklist
chr3:195955614	encode_blacklist
chr3:195955634	encode_blacklist
chr3:195955722	encode_blacklist
chr3:195955724	encode_blacklist
chr3:195955737	encode_blacklist
chr3:195994017	encode_blacklist
chr3:195994349	encode_blacklist
chr3:195994446	encode_blacklist
chr3:195994461	encode_blacklist
chr3:195994501	encode_blacklist
chr3:195994516	encode_blacklist
chr3:195994520	encode_blacklist
chr3:195994532	encode_blacklist
chr3:195994544	encode_blacklist
chr3:195995080	encode_blacklist
chr3:197406298	encode_blacklist
chr3:197406335	encode_blacklist
chr3:197406376	encode_blacklist
chr3:197406457	encode_blacklist
chr3:197406465	encode_blacklist
chr3:197406508	encode_blacklist
chr3:197406538	encode_blacklist
chr3:197459693	encode_blacklist
chr3:197459724	encode_blacklist
chr3:197459750	encode_blacklist
chr3:197459754	encode_blacklist
chr3:197459766	encode_blacklist
chr3:197459797	encode_blacklist
chr3:197459812	encode_blacklist
chr3:197459816	encode_blacklist
chr3:197459828	encode_blacklist
chr3:197459847	encode_blacklist
chr3:197459905	encode_blacklist
chr3:197459909	encode_blacklist
chr3:197459936	encode_blacklist
chr3:197459940	encode_blacklist
chr3:197459967	encode_blacklist
chr3:197459971	encode_blacklist
chr3:197459998	encode_blacklist
chr3:197460002	encode_blacklist
chr3:197460028	encode_blacklist
chr3:197460032	encode_blacklist
chr3:197460104	encode_blacklist
chr3:197460119	encode_blacklist
chr3:197460134	encode_blacklist
chr3:197460138	encode_blacklist
chr3:197460150	encode_blacklist
chr3:197460174	encode_blacklist
chr3:197460210	encode_blacklist
chr3:197460233	encode_blacklist
chr3:197460274	encode_blacklist
chr3:197460283	encode_blacklist
chr3:197603220	encode_blacklist
chr3:197603262	encode_blacklist
chr3:197603354	encode_blacklist
chr3:197603356	encode_blacklist
chr3:197603489	encode_blacklist
chr3:197603583	encode_blacklist
chr3:197603613	encode_blacklist
chr3:197603631	encode_blacklist
chr3:197603647	encode_blacklist
chr3:197603705	encode_blacklist
chr3:197603712	encode_blacklist
chr3:197603722	encode_blacklist
chr3:197603782	encode_blacklist
chr3:197603784	encode_blacklist
chr3:197603840	encode_blacklist
chr3:197631353	encode_blacklist
chr3:197631408	encode_blacklist
chr3:197631459	encode_blacklist
chr3:197631480	encode_blacklist
chr3:197631483	encode_blacklist
chr3:197631486	encode_blacklist
chr3:197631570	encode_blacklist
chr3:197631572	encode_blacklist
chr3:197632275	encode_blacklist
chr3:197632410	encode_blacklist
chr3:197632431	encode_blacklist
chr3:197655714	encode_blacklist
chr3:197655737	encode_blacklist
chr3:197655744	encode_blacklist
chr3:197655756	encode_blacklist
chr3:197655798	encode_blacklist
chr3:197655800	encode_blacklist
chr3:197655813	encode_blacklist
chr3:197655815	encode_blacklist
chr3:197655822	encode_blacklist
chr3:197655828	encode_blacklist
chr3:197655849	encode_blacklist
chr3:197655860	encode_blacklist
chr3:197655872	encode_blacklist
chr3:197655901	encode_blacklist
chr3:197655920	encode_blacklist
chr3:198105886	encode_blacklist
chr3:198105888	encode_blacklist
chr3:198105910	encode_blacklist
chr3:198105912	encode_blacklist
chr3:198105922	encode_blacklist
chr3:198105944	encode_blacklist
chr3:198106328	encode_blacklist
chr3:198106378	encode_blacklist
chr3:198106419	encode_blacklist
chr3:198117617	encode_blacklist
chr3:198118139	encode_blacklist
chr3:198118793	encode_blacklist
chr3:198118824	encode_blacklist
chr3:198118833	encode_blacklist
chr3:198119575	encode_blacklist
chr3:198119680	encode_blacklist
chr3:198119692	encode_blacklist
chr3:198119695	encode_blacklist
chr3:198119703	encode_blacklist
chr3:198119735	encode_blacklist
chr3:198119757	encode_blacklist
chr3:198119773	encode_blacklist
chr3:198120360	encode_blacklist
chr3:198120365	encode_blacklist
chr3:198120369	encode_blacklist
chr3:198120382	encode_blacklist
chr3:198120402	encode_blacklist
chr3:198120482	encode_blacklist
chr3:198120488	encode_blacklist
chr3:198120500	encode_blacklist
chr3:198120535	encode_blacklist
chr3:198120544	encode_blacklist
chr3:198120558	encode_blacklist
chr3:198120581	encode_blacklist
chr3:198120639	encode_blacklist
chr3:198120643	encode_blacklist
chr3:198139953	encode_blacklist
chr3:198139958	encode_blacklist
chr3:198140243	encode_blacklist
chr3:198140247	encode_blacklist
chr3:198140296	encode_blacklist
chr3:198140369	encode_blacklist
chr3:198140759	encode_blacklist
chr3:198140791	encode_blacklist
chr3:198157171	encode_blacklist
chr3:198157173	encode_blacklist
chr3:198157178	encode_blacklist
chr3:198157182	encode_blacklist
chr3:198157187	encode_blacklist
chr3:198157215	encode_blacklist
chr3:198157225	encode_blacklist
chr3:198157227	encode_blacklist
chr3:198157231	encode_blacklist
chr3:198157261	encode_blacklist
chr3:198157273	encode_blacklist
chr3:198157287	encode_blacklist
chr3:198157298	encode_blacklist
chr3:198157306	encode_blacklist
chr3:198157319	encode_blacklist
chr3:198157323	encode_blacklist
chr3:198157325	encode_blacklist
chr3:198157347	encode_blacklist
chr3:198157353	encode_blacklist
chr4:52895	encode_blacklist
chr4:52951	encode_blacklist
chr4:52989	encode_blacklist
chr4:52999	encode_blacklist
chr4:53001	encode_blacklist
chr4:53003	encode_blacklist
chr4:53013	encode_blacklist
chr4:53015	encode_blacklist
chr4:53017	encode_blacklist
chr4:53027	encode_blacklist
chr4:53103	encode_blacklist
chr4:53536	encode_blacklist
chr4:53542	encode_blacklist
chr4:53545	encode_blacklist
chr4:53555	encode_blacklist
chr4:53558	encode_blacklist
chr4:53561	encode_blacklist
chr4:53618	encode_blacklist
chr4:53624	encode_blacklist
chr4:53629	encode_blacklist
chr4:53640	encode_blacklist
chr4:53647	encode_blacklist
chr4:53651	encode_blacklist
chr4:53654	encode_blacklist
chr4:53672	encode_blacklist
chr4:53694	encode_blacklist
chr4:53698	encode_blacklist
chr4:53706	encode_blacklist
chr4:53722	encode_blacklist
chr4:53724	encode_blacklist
chr4:53752	encode_blacklist
chr4:53755	encode_blacklist
chr4:53758	encode_blacklist
chr4:53762	encode_blacklist
chr4:53764	encode_blacklist
chr4:53768	encode_blacklist
chr4:53777	encode_blacklist
chr4:53798	encode_blacklist
chr4:53806	encode_blacklist
chr4:9248169	encode_blacklist
chr4:9248171	encode_blacklist
chr4:9248194	encode_blacklist
chr4:9248224	encode_blacklist
chr4:9248234	encode_blacklist
chr4:9248301	encode_blacklist
chr4:49122776	encode_blacklist
chr4:49122781	encode_blacklist
chr4:49123111	encode_blacklist
chr4:49123116	encode_blacklist
chr4:49123121	encode_blacklist
chr4:49123160	encode_blacklist
chr4:49140543	encode_blacklist
chr4:49140548	encode_blacklist
chr4:49140553	encode_blacklist
chr4:49140558	encode_blacklist
chr4:49140563	encode_blacklist
chr4:49140568	encode_blacklist
chr4:49270561	encode_blacklist
chr4:49270564	encode_blacklist
chr4:49270592	encode_blacklist
chr4:49270594	encode_blacklist
chr4:49270599	encode_blacklist
chr4:49270604	encode_blacklist
chr4:49270610	encode_blacklist
chr4:49270616	encode_blacklist
chr4:49270618	encode_blacklist
chr4:49270630	encode_blacklist
chr4:49270642	encode_blacklist
chr4:49270650	encode_blacklist
chr4:189848305	encode_blacklist
chr4:189848703	encode_blacklist
chr4:189848976	encode_blacklist
chr4:189849127	encode_blacklist
chr4:189849205	encode_blacklist
chr4:189849430	encode_blacklist
chr4:189984891	encode_blacklist
chr4:189984903	encode_blacklist
chr4:189984905	encode_blacklist
chr4:189984946	encode_blacklist
chr4:189984952	encode_blacklist
chr4:189984966	encode_blacklist
chr4:189984968	encode_blacklist
chr4:189985056	encode_blacklist
chr4:189985063	encode_blacklist
chr4:189985467	encode_blacklist
chr4:189985637	encode_blacklist
chr4:189985784	encode_blacklist
chr4:190068555	encode_blacklist
chr4:190068569	encode_blacklist
chr4:190068576	encode_blacklist
chr4:190068582	encode_blacklist
chr4:190068584	encode_blacklist
chr4:190068603	encode_blacklist
chr4:190068605	encode_blacklist
chr4:190068635	encode_blacklist
chr4:190068638	encode_blacklist
chr4:190068640	encode_blacklist
chr4:190068642	encode_blacklist
chr4:190068651	encode_blacklist
chr4:190068657	encode_blacklist
chr4:190068660	encode_blacklist
chr4:190068665	encode_blacklist
chr4:190068674	encode_blacklist
chr4:190068683	encode_blacklist
chr4:190068706	encode_blacklist
chr4:190082025	encode_blacklist
chr4:190082040	encode_blacklist
chr4:190082057	encode_blacklist
chr4:190082071	encode_blacklist
chr4:190082079	encode_blacklist
chr4:190082082	encode_blacklist
chr4:190082098	encode_blacklist
chr5:12008	encode_blacklist
chr5:12062	encode_blacklist
chr5:12096	encode_blacklist
chr5:12155	encode_blacklist
chr5:12177	encode_blacklist
chr5:12182	encode_blacklist
chr5:12188	encode_blacklist
chr5:12203	encode_blacklist
chr5:12246	encode_blacklist
chr5:561427	encode_blacklist
chr5:561455	encode_blacklist
chr5:561494	encode_blacklist
chr5:561509	encode_blacklist
chr5:561593	encode_blacklist
chr5:561601	encode_blacklist
chr5:561633	encode_blacklist
chr5:561654	encode_blacklist
chr5:561658	encode_blacklist
chr5:561683	encode_blacklist
chr5:561712	encode_blacklist
chr5:561716	encode_blacklist
chr5:561720	encode_blacklist
chr5:561743	encode_blacklist
chr5:561753	encode_blacklist
chr5:561762	encode_blacklist
chr5:561767	encode_blacklist
chr5:561770	encode_blacklist
chr5:561773	encode_blacklist
chr5:561786	encode_blacklist
chr5:561805	encode_blacklist
chr5:561813	encode_blacklist
chr5:561829	encode_blacklist
chr5:561839	encode_blacklist
chr5:561848	encode_blacklist
chr5:561853	encode_blacklist
chr5:561856	encode_blacklist
chr5:561859	encode_blacklist
chr5:561872	encode_blacklist
chr5:561896	encode_blacklist
chr5:561899	encode_blacklist
chr5:561902	encode_blacklist
chr5:561915	encode_blacklist
chr5:562117	encode_blacklist
chr5:562130	encode_blacklist
chr5:562140	encode_blacklist
chr5:562149	encode_blacklist
chr5:562157	encode_blacklist
chr5:562173	encode_blacklist
chr5:69560797	encode_blacklist
chr5:69560850	encode_blacklist
chr5:69560860	encode_blacklist
chr5:69560882	encode_blacklist
chr5:69560902	encode_blacklist
chr5:69560904	encode_blacklist
chr5:69560914	encode_blacklist
chr5:69561056	encode_blacklist
chr5:70401083	encode_blacklist
chr5:70401091	encode_blacklist
chr5:70401093	encode_blacklist
chr5:70401099	encode_blacklist
chr5:70401102	encode_blacklist
chr5:70401104	encode_blacklist
chr5:70401111	encode_blacklist
chr5:70401119	encode_blacklist
chr5:70401121	encode_blacklist
chr5:70401127	encode_blacklist
chr5:70401130	encode_blacklist
chr5:70401139	encode_blacklist
chr5:70401147	encode_blacklist
chr5:70401149	encode_blacklist
chr5:70401155	encode_blacklist
chr5:70401158	encode_blacklist
chr5:70401160	encode_blacklist
chr5:70401165	encode_blacklist
chr5:70401177	encode_blacklist
chr5:70401181	encode_blacklist
chr5:175907845	encode_blacklist
chr5:175908166	encode_blacklist
chr5:175908191	encode_blacklist
chr5:175908208	encode_blacklist
chr5:175908238	encode_blacklist
chr5:175908256	encode_blacklist
chr5:175908283	encode_blacklist
chr5:175908285	encode_blacklist
chr5:175908311	encode_blacklist
chr5:175908356	encode_blacklist
chr5:175908378	encode_blacklist
chr5:175908381	encode_blacklist
chr5:175908385	encode_blacklist
chr5:175908536	encode_blacklist
chr5:175908579	encode_blacklist
chr5:175908584	encode_blacklist
chr5:175908630	encode_blacklist
chr5:175908642	encode_blacklist
chr5:175908723	encode_blacklist
chr5:176061405	encode_blacklist
chr5:176061407	encode_blacklist
chr5:176061424	encode_blacklist
chr5:176061426	encode_blacklist
chr5:176061443	encode_blacklist
chr5:176061445	encode_blacklist
chr5:176061462	encode_blacklist
chr5:176061464	encode_blacklist
chr5:176061481	encode_blacklist
chr5:176061483	encode_blacklist
chr5:176061500	encode_blacklist
chr5:176061502	encode_blacklist
chr5:176061519	encode_blacklist
chr5:176061521	encode_blacklist
chr5:176061538	encode_blacklist
chr5:176061540	encode_blacklist
chr5:176061557	encode_blacklist
chr5:176061559	encode_blacklist
chr5:176062299	encode_blacklist
chr5:177980352	encode_blacklist
chr5:177980404	encode_blacklist
chr5:177980464	encode_blacklist
chr5:177980466	encode_blacklist
chr5:177980474	encode_blacklist
chr5:177980652	encode_blacklist
chr5:177980660	encode_blacklist
chr5:177980672	encode_blacklist
chr5:177980698	encode_blacklist
chr5:177980704	encode_blacklist
chr5:177980829	encode_blacklist
chr5:177980871	encode_blacklist
chr5:177980909	encode_blacklist
chr5:181182771	encode_blacklist
chr5:181182788	encode_blacklist
chr5:181182791	encode_blacklist
chr5:181182824	encode_blacklist
chr5:181182828	encode_blacklist
chr5:181182964	encode_blacklist
chr5:181182970	encode_blacklist
chr5:181182980	encode_blacklist
chr5:181182985	encode_blacklist
chr5:181183007	encode_blacklist
chr5:181183054	encode_blacklist
chr5:181183057	encode_blacklist
chr5:181183059	encode_blacklist
chr5:181183085	encode_blacklist
chr5:181183089	encode_blacklist
chr5:181183105	encode_blacklist
chr5:181183109	encode_blacklist
chr5:181183124	encode_blacklist
chr5:181183127	encode_blacklist
chr5:181183536	encode_blacklist
chr5:181183541	encode_blacklist
chr5:181183545	encode_blacklist
chr5:181183552	encode_blacklist
chr5:181183566	encode_blacklist
chr5:181183586	encode_blacklist
chr5:181183597	encode_blacklist
chr5:181183629	encode_blacklist
chr5:181183645	encode_blacklist
chr5:181183664	encode_blacklist
chr5:181183666	encode_blacklist
chr5:181183676	encode_blacklist
chr5:181183696	encode_blacklist
chr5:181183718	encode_blacklist
chr5:181183735	encode_blacklist
chr5:181183751	encode_blacklist
chr5:181183760	encode_blacklist
chr5:181183781	encode_blacklist
chr5:181183789	encode_blacklist
chr5:181184701	encode_blacklist
chr5:181184712	encode_blacklist
chr5:181184717	encode_blacklist
chr5:181184732	encode_blacklist
chr5:181184743	encode_blacklist
chr5:181184773	encode_blacklist
chr5:181184777	encode_blacklist
chr5:181184785	encode_blacklist
chr5:181184789	encode_blacklist
chr5:181184809	encode_blacklist
chr5:181184833	encode_blacklist
chr5:181184848	encode_blacklist
chr5:181184871	encode_blacklist
chr5:181184903	encode_blacklist
chr5:181184911	encode_blacklist
chr5:181184981	encode_blacklist
chr5:181184989	encode_blacklist
chr5:181184991	encode_blacklist
chr5:181215964	encode_blacklist
chr5:181216002	encode_blacklist
chr5:181216007	encode_blacklist
chr5:181216015	encode_blacklist
chr5:181216024	encode_blacklist
chr5:181216046	encode_blacklist
chr5:181216054	encode_blacklist
chr5:181216059	encode_blacklist
chr5:181216077	encode_blacklist
chr5:181216095	encode_blacklist
chr5:181216130	encode_blacklist
chr5:181216140	encode_blacklist
chr5:181216142	encode_blacklist
chr5:181216184	encode_blacklist
chr5:181216202	encode_blacklist
chr5:181216206	encode_blacklist
chr5:181216234	encode_blacklist
chr5:181216262	encode_blacklist
chr5:181216272	encode_blacklist
chr5:181216274	encode_blacklist
chr5:181216278	encode_blacklist
chr5:181216283	encode_blacklist
chr5:181216301	encode_blacklist
chr5:181216366	encode_blacklist
chr5:181216420	encode_blacklist
chr5:181216432	encode_blacklist
chr5:181216555	encode_blacklist
chr5:181224500	encode_blacklist
chr5:181224517	encode_blacklist
chr5:181224531	encode_blacklist
chr5:181224558	encode_blacklist
chr5:181224573	encode_blacklist
chr5:181224576	encode_blacklist
chr5:181224585	encode_blacklist
chr5:181224624	encode_blacklist
chr6:291533	encode_blacklist
chr6:291687	encode_blacklist
chr6:291697	encode_blacklist
chr6:291709	encode_blacklist
chr6:291733	encode_blacklist
chr6:291743	encode_blacklist
chr6:291767	encode_blacklist
chr6:291795	encode_blacklist
chr6:291859	encode_blacklist
chr6:291882	encode_blacklist
chr6:291903	encode_blacklist
chr6:291909	encode_blacklist
chr6:291949	encode_blacklist
chr6:291953	encode_blacklist
chr6:291960	encode_blacklist
chr6:291967	encode_blacklist
chr6:291972	encode_blacklist
chr6:291976	encode_blacklist
chr6:291982	encode_blacklist
chr6:291986	encode_blacklist
chr6:291998	encode_blacklist
chr6:292004	encode_blacklist
chr6:292010	encode_blacklist
chr6:292020	encode_blacklist
chr6:292023	encode_blacklist
chr6:292025	encode_blacklist
chr6:292033	encode_blacklist
chr6:292042	encode_blacklist
chr6:292045	encode_blacklist
chr6:292050	encode_blacklist
chr6:292055	encode_blacklist
chr6:292060	encode_blacklist
chr6:292062	encode_blacklist
chr6:292066	encode_blacklist
chr6:292068	encode_blacklist
chr6:292080	encode_blacklist
chr6:292086	encode_blacklist
chr6:292090	encode_blacklist
chr6:292102	encode_blacklist
chr6:292120	encode_blacklist
chr6:292124	encode_blacklist
chr6:292127	encode_blacklist
chr6:292131	encode_blacklist
chr6:292133	encode_blacklist
chr6:292138	encode_blacklist
chr6:292145	encode_blacklist
chr6:292147	encode_blacklist
chr6:292153	encode_blacklist
chr6:292163	encode_blacklist
chr6:292165	encode_blacklist
chr6:292180	encode_blacklist
chr6:292186	encode_blacklist
chr6:292200	encode_blacklist
chr6:292204	encode_blacklist
chr6:292208	encode_blacklist
chr6:292213	encode_blacklist
chr6:292223	encode_blacklist
chr6:292236	encode_blacklist
chr6:292241	encode_blacklist
chr6:292245	encode_blacklist
chr6:292251	encode_blacklist
chr6:292258	encode_blacklist
chr6:292266	encode_blacklist
chr6:292279	encode_blacklist
chr6:292291	encode_blacklist
chr6:292304	encode_blacklist
chr6:292311	encode_blacklist
chr6:292314	encode_blacklist
chr6:292329	encode_blacklist
chr6:292332	encode_blacklist
chr6:292355	encode_blacklist
chr6:292358	encode_blacklist
chr6:292371	encode_blacklist
chr6:292385	encode_blacklist
chr6:292389	encode_blacklist
chr6:292399	encode_blacklist
chr6:292418	encode_blacklist
chr6:292436	encode_blacklist
chr6:292438	encode_blacklist
chr6:292440	encode_blacklist
chr6:292451	encode_blacklist
chr6:292455	encode_blacklist
chr6:292460	encode_blacklist
chr6:292463	encode_blacklist
chr6:292493	encode_blacklist
chr6:292499	encode_blacklist
chr6:292507	encode_blacklist
chr6:292511	encode_blacklist
chr6:292516	encode_blacklist
chr6:292522	encode_blacklist
chr6:292526	encode_blacklist
chr6:292565	encode_blacklist
chr6:292575	encode_blacklist
chr6:292579	encode_blacklist
chr6:292581	encode_blacklist
chr6:292596	encode_blacklist
chr6:292601	encode_blacklist
chr6:292604	encode_blacklist
chr6:292612	encode_blacklist
chr6:292617	encode_blacklist
chr6:292620	encode_blacklist
chr6:292623	encode_blacklist
chr6:292626	encode_blacklist
chr6:292634	encode_blacklist
chr6:292637	encode_blacklist
chr6:292642	encode_blacklist
chr6:292648	encode_blacklist
chr6:292663	encode_blacklist
chr6:292665	encode_blacklist
chr6:292674	encode_blacklist
chr6:292678	encode_blacklist
chr6:292680	encode_blacklist
chr6:292692	encode_blacklist
chr6:292695	encode_blacklist
chr6:292697	encode_blacklist
chr6:292705	encode_blacklist
chr6:292708	encode_blacklist
chr6:292712	encode_blacklist
chr6:292714	encode_blacklist
chr6:292720	encode_blacklist
chr6:292727	encode_blacklist
chr6:292739	encode_blacklist
chr6:292754	encode_blacklist
chr6:292761	encode_blacklist
chr6:292780	encode_blacklist
chr6:292796	encode_blacklist
chr6:292801	encode_blacklist
chr6:292807	encode_blacklist
chr6:292823	encode_blacklist
chr6:292825	encode_blacklist
chr6:292838	encode_blacklist
chr6:292856	encode_blacklist
chr6:292875	encode_blacklist
chr6:292909	encode_blacklist
chr6:292922	encode_blacklist
chr6:292940	encode_blacklist
chr6:292964	encode_blacklist
chr6:293166	encode_blacklist
chr6:293210	encode_blacklist
chr6:293214	encode_blacklist
chr6:293249	encode_blacklist
chr6:293263	encode_blacklist
chr6:293267	encode_blacklist
chr6:293285	encode_blacklist
chr6:293331	encode_blacklist
chr6:293392	encode_blacklist
chr6:293423	encode_blacklist
chr6:293448	encode_blacklist
chr6:293480	encode_blacklist
chr6:293506	encode_blacklist
chr6:293534	encode_blacklist
chr6:293643	encode_blacklist
chr6:293651	encode_blacklist
chr6:26746050	encode_blacklist
chr6:26746058	encode_blacklist
chr6:26746107	encode_blacklist
chr6:26746119	encode_blacklist
chr6:26746229	encode_blacklist
chr6:26746276	encode_blacklist
chr6:26746411	encode_blacklist
chr6:26746433	encode_blacklist
chr6:26748746	encode_blacklist
chr6:26748818	encode_blacklist
chr6:26749135	encode_blacklist
chr6:26749159	encode_blacklist
chr6:26749208	encode_blacklist
chr6:26749212	encode_blacklist
chr6:26749215	encode_blacklist
chr6:26749221	encode_blacklist
chr6:26749231	encode_blacklist
chr6:26749243	encode_blacklist
chr6:26749247	encode_blacklist
chr6:26749255	encode_blacklist
chr6:26749323	encode_blacklist
chr6:26749336	encode_blacklist
chr6:26749368	encode_blacklist
chr6:26749417	encode_blacklist
chr6:26749570	encode_blacklist
chr6:26749587	encode_blacklist
chr6:26749604	encode_blacklist
chr6:26749610	encode_blacklist
chr6:26749850	encode_blacklist
chr6:26749925	encode_blacklist
chr6:26749928	encode_blacklist
chr6:26749967	encode_blacklist
chr6:26750020	encode_blacklist
chr6:26750034	encode_blacklist
chr6:26750066	encode_blacklist
chr6:26750076	encode_blacklist
chr6:26750096	encode_blacklist
chr6:26750268	encode_blacklist
chr6:44074089	encode_blacklist
chr6:44074096	encode_blacklist
chr6:44074154	encode_blacklist
chr6:44074178	encode_blacklist
chr6:44074193	encode_blacklist
chr6:44074253	encode_blacklist
chr6:44074416	encode_blacklist
chr7:31375	encode_blacklist
chr7:31381	encode_blacklist
chr7:31403	encode_blacklist
chr7:31405	encode_blacklist
chr7:31409	encode_blacklist
chr7:31422	encode_blacklist
chr7:31441	encode_blacklist
chr7:31467	encode_blacklist
chr7:31497	encode_blacklist
chr7:31501	encode_blacklist
chr7:31503	encode_blacklist
chr7:31513	encode_blacklist
chr7:31541	encode_blacklist
chr7:31546	encode_blacklist
chr7:905131	encode_blacklist
chr7:905139	encode_blacklist
chr7:905145	encode_blacklist
chr7:905166	encode_blacklist
chr7:905192	encode_blacklist
chr7:905197	encode_blacklist
chr7:905236	encode_blacklist
chr7:58043618	encode_blacklist
chr7:58043644	encode_blacklist
chr7:58043693	encode_blacklist
chr7:58043716	encode_blacklist
chr7:58043755	encode_blacklist
chr7:58043859	encode_blacklist
chr7:58043898	encode_blacklist
chr7:58052049	encode_blacklist
chr7:58052121	encode_blacklist
chr7:58052131	encode_blacklist
chr7:58052135	encode_blacklist
chr7:58052141	encode_blacklist
chr7:58052157	encode_blacklist
chr7:58052183	encode_blacklist
chr7:58052209	encode_blacklist
chr7:58052231	encode_blacklist
chr7:58052247	encode_blacklist
chr7:58052257	encode_blacklist
chr7:102479673	encode_blacklist
chr7:102480155	encode_blacklist
chr7:102480161	encode_blacklist
chr7:102480198	encode_blacklist
chr7:102480214	encode_blacklist
chr7:102480237	encode_blacklist
chr7:102514686	encode_blacklist
chr7:102514720	encode_blacklist
chr7:102514850	encode_blacklist
chr7:102515080	encode_blacklist
chr7:102515092	encode_blacklist
chr7:102515146	encode_blacklist
chr7:102515217	encode_blacklist
chr7:144354780	encode_blacklist
chr7:144354810	encode_blacklist
chr7:144354818	encode_blacklist
chr7:144354880	encode_blacklist
chr7:144354932	encode_blacklist
chr7:144354955	encode_blacklist
chr7:152384024	encode_blacklist
chr7:152384069	encode_blacklist
chr7:152384071	encode_blacklist
chr7:152384324	encode_blacklist
chr7:152384637	encode_blacklist
chr7:152385141	encode_blacklist
chr7:152433838	encode_blacklist
chr7:152433846	encode_blacklist
chr7:152433848	encode_blacklist
chr7:152433852	encode_blacklist
chr7:152433864	encode_blacklist
chr7:152433866	encode_blacklist
chr7:152433872	encode_blacklist
chr7:152433874	encode_blacklist
chr7:152433886	encode_blacklist
chr7:158146937	encode_blacklist
chr7:158146970	encode_blacklist
chr7:158146975	encode_blacklist
chr7:158147008	encode_blacklist
chr7:158147160	encode_blacklist
chr7:158147165	encode_blacklist
chr7:158147198	encode_blacklist
chr7:158147203	encode_blacklist
chr7:158154190	encode_blacklist
chr7:158154195	encode_blacklist
chr7:158154229	encode_blacklist
chr7:158154270	encode_blacklist
chr7:158154340	encode_blacklist
chr7:158154441	encode_blacklist
chr7:158154488	encode_blacklist
chr7:158154519	encode_blacklist
chr7:158154984	encode_blacklist
chr7:158155025	encode_blacklist
chr7:158155301	encode_blacklist
chr8:7354966	encode_blacklist
chr8:7354971	encode_blacklist
chr8:7354979	encode_blacklist
chr8:7354986	encode_blacklist
chr8:7355002	encode_blacklist
chr8:7355008	encode_blacklist
chr8:7355011	encode_blacklist
chr8:7355138	encode_blacklist
chr8:7355148	encode_blacklist
chr8:7355159	encode_blacklist
chr8:7355161	encode_blacklist
chr8:7355171	encode_blacklist
chr8:7355178	encode_blacklist
chr8:7355187	encode_blacklist
chr8:7355190	encode_blacklist
chr8:7355195	encode_blacklist
chr8:7355212	encode_blacklist
chr8:7355233	encode_blacklist
chr8:7355244	encode_blacklist
chr8:7355270	encode_blacklist
chr8:7355276	encode_blacklist
chr8:7355324	encode_blacklist
chr8:7355329	encode_blacklist
chr8:7355332	encode_blacklist
chr8:7355334	encode_blacklist
chr8:7355419	encode_blacklist
chr8:7355432	encode_blacklist
chr8:7355585	encode_blacklist
chr8:7356000	encode_blacklist
chr8:7356004	encode_blacklist
chr8:7356477	encode_blacklist
chr8:7396139	encode_blacklist
chr8:7396153	encode_blacklist
chr8:7396169	encode_blacklist
chr8:7396191	encode_blacklist
chr8:7396267	encode_blacklist
chr8:7396325	encode_blacklist
chr8:7536886	encode_blacklist
chr8:7536897	encode_blacklist
chr8:7536906	encode_blacklist
chr8:7536917	encode_blacklist
chr8:7536943	encode_blacklist
chr8:7536945	encode_blacklist
chr8:7536962	encode_blacklist
chr8:7537086	encode_blacklist
chr8:7537089	encode_blacklist
chr8:7537188	encode_blacklist
chr8:12610890	encode_blacklist
chr8:12610904	encode_blacklist
chr8:12610950	encode_blacklist
chr8:12611269	encode_blacklist
chr8:12611300	encode_blacklist
chr8:12611357	encode_blacklist
chr8:12611433	encode_blacklist
chr8:12611495	encode_blacklist
chr8:43247866	encode_blacklist
chr8:43247932	encode_blacklist
chr8:43247955	encode_blacklist
chr8:43248002	encode_blacklist
chr8:43248111	encode_blacklist
chr8:43248171	encode_blacklist
chr8:57206383	encode_blacklist
chr8:57206408	encode_blacklist
chr8:57206437	encode_blacklist
chr8:57206449	encode_blacklist
chr8:57206514	encode_blacklist
chr8:57206523	encode_blacklist
chr8:57206575	encode_blacklist
chr8:57206582	encode_blacklist
chr8:57206591	encode_blacklist
chr8:57206627	encode_blacklist
chr8:57206641	encode_blacklist
chr8:57206644	encode_blacklist
chr8:57207215	encode_blacklist
chr8:57207251	encode_blacklist
chr8:57207289	encode_blacklist
chr8:57207368	encode_blacklist
chr8:81842624	encode_blacklist
chr8:81842628	encode_blacklist
chr8:81842635	encode_blacklist
chr8:81842643	encode_blacklist
chr8:81842657	encode_blacklist
chr8:81842665	encode_blacklist
chr8:81842676	encode_blacklist
chr8:81842707	encode_blacklist
chr8:81842815	encode_blacklist
chr8:81842830	encode_blacklist
chr8:81842876	encode_blacklist
chr8:81842919	encode_blacklist
chr8:81842938	encode_blacklist
chr8:81842982	encode_blacklist
chr8:81843051	encode_blacklist
chr8:81843069	encode_blacklist
chr8:81843100	encode_blacklist
chr8:81843223	encode_blacklist
chr8:81843323	encode_blacklist
chr9:39078440	encode_blacklist
chr9:39078453	encode_blacklist
chr9:39078504	encode_blacklist
chr9:39078607	encode_blacklist
chr9:39078653	encode_blacklist
chr9:39078667	encode_blacklist
chr9:39079001	encode_blacklist
chr9:39079008	encode_blacklist
chr9:39079036	encode_blacklist
chr9:39079045	encode_blacklist
chr9:39079071	encode_blacklist
chr9:39079140	encode_blacklist
chr9:40107388	encode_blacklist
chr9:40107406	encode_blacklist
chr9:40107426	encode_blacklist
chr9:40107457	encode_blacklist
chr9:40107463	encode_blacklist
chr9:40107466	encode_blacklist
chr9:40107480	encode_blacklist
chr9:40107483	encode_blacklist
chr9:40107486	encode_blacklist
chr9:40107489	encode_blacklist
chr9:40110937	encode_blacklist
chr9:40110940	encode_blacklist
chr9:40110942	encode_blacklist
chr9:40111662	encode_blacklist
chr9:40111673	encode_blacklist
chr9:40111686	encode_blacklist
chr9:40111691	encode_blacklist
chr9:40111696	encode_blacklist
chr9:40111735	encode_blacklist
chr9:40223043	encode_blacklist
chr9:40223071	encode_blacklist
chr9:40223073	encode_blacklist
chr9:40223075	encode_blacklist
chr9:40223078	encode_blacklist
chr9:40223088	encode_blacklist
chr9:40223103	encode_blacklist
chr9:40223116	encode_blacklist
chr9:40223124	encode_blacklist
chr9:40223126	encode_blacklist
chr9:40223128	encode_blacklist
chr9:40223135	encode_blacklist
chr9:40223143	encode_blacklist
chr9:40223154	encode_blacklist
chr9:40584151	encode_blacklist
chr9:40584159	encode_blacklist
chr9:40584161	encode_blacklist
chr9:40584167	encode_blacklist
chr9:40584170	encode_blacklist
chr9:40584173	encode_blacklist
chr9:40584180	encode_blacklist
chr9:40584185	encode_blacklist
chr9:40584188	encode_blacklist
chr9:40584191	encode_blacklist
chr9:40584198	encode_blacklist
chr9:40584206	encode_blacklist
chr9:40584216	encode_blacklist
chr9:40584224	encode_blacklist
chr9:40584227	encode_blacklist
chr9:40584234	encode_blacklist
chr9:40584242	encode_blacklist
chr9:40584245	encode_blacklist
chr9:40584252	encode_blacklist
chr9:40584260	encode_blacklist
chr9:40584263	encode_blacklist
chr9:40584270	encode_blacklist
chr9:40584278	encode_blacklist
chr9:40584281	encode_blacklist
chr9:40584288	encode_blacklist
chr9:40584296	encode_blacklist
chr9:40584299	encode_blacklist
chr9:40584301	encode_blacklist
chr9:40584304	encode_blacklist
chr9:40584307	encode_blacklist
chr9:40584310	encode_blacklist
chr9:40584314	encode_blacklist
chr9:40584319	encode_blacklist
chr9:40584322	encode_blacklist
chr9:40584325	encode_blacklist
chr9:40584328	encode_blacklist
chr9:40991299	encode_blacklist
chr9:40991310	encode_blacklist
chr9:40991320	encode_blacklist
chr9:40991407	encode_blacklist
chr9:40991425	encode_blacklist
chr9:40991529	encode_blacklist
chr9:40991546	encode_blacklist
chr9:40991548	encode_blacklist
chr9:41266205	encode_blacklist
chr9:41266219	encode_blacklist
chr9:41266229	encode_blacklist
chr9:41266237	encode_blacklist
chr9:41266712	encode_blacklist
chr9:41266717	encode_blacklist
chr9:41266756	encode_blacklist
chr9:41272995	encode_blacklist
chr9:41272997	encode_blacklist
chr9:41273002	encode_blacklist
chr9:41273007	encode_blacklist
chr9:41273013	encode_blacklist
chr9:41273019	encode_blacklist
chr9:41273021	encode_blacklist
chr9:41273033	encode_blacklist
chr9:41273053	encode_blacklist
chr9:41273062	encode_blacklist
chr9:41273078	encode_blacklist
chr9:41273086	encode_blacklist
chr9:41273089	encode_blacklist
chr9:41273095	encode_blacklist
chr9:41273107	encode_blacklist
chr9:41273111	encode_blacklist
chr9:41273120	encode_blacklist
chr9:41273139	encode_blacklist
chr9:41273151	encode_blacklist
chr9:41273160	encode_blacklist
chr9:41273163	encode_blacklist
chr9:41273166	encode_blacklist
chr9:41273175	encode_blacklist
chr9:41273188	encode_blacklist
chr9:41273196	encode_blacklist
chr9:41273199	encode_blacklist
chr9:41273212	encode_blacklist
chr9:41273220	encode_blacklist
chr9:41273230	encode_blacklist
chr9:41273232	encode_blacklist
chr9:41273478	encode_blacklist
chr9:41274178	encode_blacklist
chr9:41274189	encode_blacklist
chr9:41274195	encode_blacklist
chr9:41274207	encode_blacklist
chr9:41274223	encode_blacklist
chr9:41274227	encode_blacklist
chr9:41274231	encode_blacklist
chr9:41274236	encode_blacklist
chr9:41274245	encode_blacklist
chr9:41274247	encode_blacklist
chr9:41275792	encode_blacklist
chr9:41275801	encode_blacklist
chr9:41275855	encode_blacklist
chr9:41275865	encode_blacklist
chr9:41275887	encode_blacklist
chr9:41275911	encode_blacklist
chr9:41663611	encode_blacklist
chr9:41663621	encode_blacklist
chr9:41663630	encode_blacklist
chr9:41663645	encode_blacklist
chr9:41663676	encode_blacklist
chr9:41663685	encode_blacklist
chr9:41663702	encode_blacklist
chr9:41663705	encode_blacklist
chr9:41663708	encode_blacklist
chr9:41663714	encode_blacklist
chr9:41663718	encode_blacklist
chr9:41663733	encode_blacklist
chr9:41663741	encode_blacklist
chr9:41663748	encode_blacklist
chr9:41663761	encode_blacklist
chr9:41780146	encode_blacklist
chr9:41780990	encode_blacklist
chr9:41781007	encode_blacklist
chr9:41781223	encode_blacklist
chr9:41781262	encode_blacklist
chr9:41782080	encode_blacklist
chr9:41953038	encode_blacklist
chr9:41953057	encode_blacklist
chr9:41953083	encode_blacklist
chr9:41953121	encode_blacklist
chr9:41953128	encode_blacklist
chr9:41953135	encode_blacklist
chr9:41953137	encode_blacklist
chr9:41953142	encode_blacklist
chr9:41953148	encode_blacklist
chr9:41953176	encode_blacklist
chr9:41953193	encode_blacklist
chr9:41953197	encode_blacklist
chr9:41953200	encode_blacklist
chr9:41953202	encode_blacklist
chr9:41953210	encode_blacklist
chr9:41953215	encode_blacklist
chr9:41953227	encode_blacklist
chr9:41953234	encode_blacklist
chr9:41953239	encode_blacklist
chr9:41953256	encode_blacklist
chr9:41953258	encode_blacklist
chr9:41953263	encode_blacklist
chr9:41953274	encode_blacklist
chr9:41953276	encode_blacklist
chr9:41953280	encode_blacklist
chr9:41953285	encode_blacklist
chr9:41953289	encode_blacklist
chr9:41953291	encode_blacklist
chr9:41953304	encode_blacklist
chr9:41953310	encode_blacklist
chr9:41953318	encode_blacklist
chr9:41953332	encode_blacklist
chr9:41953343	encode_blacklist
chr9:41953345	encode_blacklist
chr9:41953348	encode_blacklist
chr9:41953357	encode_blacklist
chr9:41953362	encode_blacklist
chr9:41953370	encode_blacklist
chr9:41953376	encode_blacklist
chr9:41953378	encode_blacklist
chr9:41953398	encode_blacklist
chr9:41953423	encode_blacklist
chr9:41953430	encode_blacklist
chr9:41953472	encode_blacklist
chr9:41953506	encode_blacklist
chr9:61854001	encode_blacklist
chr9:61854016	encode_blacklist
chr9:61854022	encode_blacklist
chr9:61854025	encode_blacklist
chr9:61854027	encode_blacklist
chr9:61854029	encode_blacklist
chr9:61854032	encode_blacklist
chr9:61854038	encode_blacklist
chr9:61854054	encode_blacklist
chr9:61854074	encode_blacklist
chr9:61854079	encode_blacklist
chr9:61854081	encode_blacklist
chr9:61854086	encode_blacklist
chr9:61854100	encode_blacklist
chr9:61854106	encode_blacklist
chr9:61854108	encode_blacklist
chr9:61854113	encode_blacklist
chr9:61854119	encode_blacklist
chr9:61854129	encode_blacklist
chr9:61856492	encode_blacklist
chr9:61856512	encode_blacklist
chr9:61856517	encode_blacklist
chr9:61856519	encode_blacklist
chr9:61856524	encode_blacklist
chr9:61856538	encode_blacklist
chr9:61856546	encode_blacklist
chr9:61856551	encode_blacklist
chr9:61856553	encode_blacklist
chr9:61856557	encode_blacklist
chr9:61856567	encode_blacklist
chr9:61856584	encode_blacklist
chr9:61856607	encode_blacklist
chr9:61856632	encode_blacklist
chr9:61856652	encode_blacklist
chr9:61856684	encode_blacklist
chr9:61856690	encode_blacklist
chr9:61856699	encode_blacklist
chr9:61856705	encode_blacklist
chr9:61856853	encode_blacklist
chr9:61856859	encode_blacklist
chr9:61856864	encode_blacklist
chr9:61856871	encode_blacklist
chr9:61856896	encode_blacklist
chr9:61856903	encode_blacklist
chr9:61856926	encode_blacklist
chr9:61856984	encode_blacklist
chr9:63781371	encode_blacklist
chr9:63781400	encode_blacklist
chr9:63781406	encode_blacklist
chr9:63781420	encode_blacklist
chr9:63781422	encode_blacklist
chr9:63781432	encode_blacklist
chr9:63781452	encode_blacklist
chr9:63781460	encode_blacklist
chr9:63781466	encode_blacklist
chr9:63781468	encode_blacklist
chr9:63781715	encode_blacklist
chr9:63781743	encode_blacklist
chr9:63781759	encode_blacklist
chr9:63781763	encode_blacklist
chr9:63781767	encode_blacklist
chr9:63781797	encode_blacklist
chr9:63781800	encode_blacklist
chr9:63781808	encode_blacklist
chr9:63781823	encode_blacklist
chr9:63781861	encode_blacklist
chr9:63781867	encode_blacklist
chr9:63781871	encode_blacklist
chr9:63781873	encode_blacklist
chr9:63781885	encode_blacklist
chr9:63781923	encode_blacklist
chr9:63781926	encode_blacklist
chr9:63781929	encode_blacklist
chr9:63781932	encode_blacklist
chr9:63781946	encode_blacklist
chr9:63781961	encode_blacklist
chr9:63781964	encode_blacklist
chr9:63781978	encode_blacklist
chr9:63782073	encode_blacklist
chr9:63782079	encode_blacklist
chr9:63782085	encode_blacklist
chr9:63782091	encode_blacklist
chr9:63782115	encode_blacklist
chr9:63782138	encode_blacklist
chr9:63782182	encode_blacklist
chr9:63782202	encode_blacklist
chr9:63782207	encode_blacklist
chr9:63782232	encode_blacklist
chr9:63782268	encode_blacklist
chr9:63782442	encode_blacklist
chr9:63782468	encode_blacklist
chr9:63813000	encode_blacklist
chr9:63813006	encode_blacklist
chr9:63813009	encode_blacklist
chr9:63813027	encode_blacklist
chr9:63813030	encode_blacklist
chr9:63813037	encode_blacklist
chr9:63813061	encode_blacklist
chr9:63813069	encode_blacklist
chr9:63813073	encode_blacklist
chr9:63813092	encode_blacklist
chr9:63813105	encode_blacklist
chr9:63813107	encode_blacklist
chr9:63813113	encode_blacklist
chr9:63813121	encode_blacklist
chr9:63813127	encode_blacklist
chr9:63813137	encode_blacklist
chr9:63813141	encode_blacklist
chr9:63813156	encode_blacklist
chr9:63813180	encode_blacklist
chr9:63813189	encode_blacklist
chr9:63813212	encode_blacklist
chr9:63813214	encode_blacklist
chr9:63813217	encode_blacklist
chr9:63813222	encode_blacklist
chr9:63813252	encode_blacklist
chr9:63813281	encode_blacklist
chr9:63813294	encode_blacklist
chr9:63813300	encode_blacklist
chr9:63813318	encode_blacklist
chr9:63813348	encode_blacklist
chr9:63813368	encode_blacklist
chr9:63813380	encode_blacklist
chr9:63813388	encode_blacklist
chr9:63813394	encode_blacklist
chr9:63813396	encode_blacklist
chr9:63813433	encode_blacklist
chr9:63813447	encode_blacklist
chr9:63813474	encode_blacklist
chr9:63813479	encode_blacklist
chr9:63813481	encode_blacklist
chr9:63813499	encode_blacklist
chr9:63813503	encode_blacklist
chr9:63813508	encode_blacklist
chr9:63813520	encode_blacklist
chr9:63813532	encode_blacklist
chr9:63813534	encode_blacklist
chr9:63813551	encode_blacklist
chr9:63813563	encode_blacklist
chr9:63813570	encode_blacklist
chr9:63813782	encode_blacklist
chr9:63813798	encode_blacklist
chr9:63813825	encode_blacklist
chr9:63813830	encode_blacklist
chr9:63813842	encode_blacklist
chr9:63813845	encode_blacklist
chr9:63813850	encode_blacklist
chr9:63813857	encode_blacklist
chr9:63813888	encode_blacklist
chr9:63813898	encode_blacklist
chr9:63813925	encode_blacklist
chr9:63813983	encode_blacklist
chr9:63814040	encode_blacklist
chr9:63814180	encode_blacklist
chr9:63814256	encode_blacklist
chr9:63814355	encode_blacklist
chr9:63814405	encode_blacklist
chr9:63814477	encode_blacklist
chr9:63814479	encode_blacklist
chr9:63814490	encode_blacklist
chr9:63814517	encode_blacklist
chr9:63814670	encode_blacklist
chr9:63814786	encode_blacklist
chr9:63814804	encode_blacklist
chr9:63814818	encode_blacklist
chr9:63814849	encode_blacklist
chr9:63814851	encode_blacklist
chr9:63814859	encode_blacklist
chr9:63814869	encode_blacklist
chr9:63814895	encode_blacklist
chr9:63814925	encode_blacklist
chr9:63814956	encode_blacklist
chr9:63814975	encode_blacklist
chr9:63815013	encode_blacklist
chr9:63815021	encode_blacklist
chr9:63815033	encode_blacklist
chr9:63815036	encode_blacklist
chr9:63815067	encode_blacklist
chr9:63815080	encode_blacklist
chr9:63815084	encode_blacklist
chr9:63815088	encode_blacklist
chr9:63815107	encode_blacklist
chr9:63815150	encode_blacklist
chr9:63815153	encode_blacklist
chr9:63815176	encode_blacklist
chr9:63815178	encode_blacklist
chr9:63815186	encode_blacklist
chr9:63815212	encode_blacklist
chr9:63815214	encode_blacklist
chr9:63815231	encode_blacklist
chr9:63815236	encode_blacklist
chr9:63815387	encode_blacklist
chr9:63815389	encode_blacklist
chr9:63815405	encode_blacklist
chr9:63815408	encode_blacklist
chr9:63815414	encode_blacklist
chr9:63815419	encode_blacklist
chr9:63815432	encode_blacklist
chr9:63815435	encode_blacklist
chr9:63815442	encode_blacklist
chr9:63815447	encode_blacklist
chr9:63815452	encode_blacklist
chr9:63815469	encode_blacklist
chr9:63815488	encode_blacklist
chr9:63815503	encode_blacklist
chr9:63815509	encode_blacklist
chr9:63815532	encode_blacklist
chr9:63815538	encode_blacklist
chr9:63815552	encode_blacklist
chr9:63815570	encode_blacklist
chr9:63815620	encode_blacklist
chr9:63815640	encode_blacklist
chr9:63815658	encode_blacklist
chr9:63815663	encode_blacklist
chr9:63815671	encode_blacklist
chr9:63815678	encode_blacklist
chr9:63815705	encode_blacklist
chr9:63815769	encode_blacklist
chr9:63815774	encode_blacklist
chr9:63815830	encode_blacklist
chr9:63815842	encode_blacklist
chr9:63816064	encode_blacklist
chr9:63816081	encode_blacklist
chr9:63816162	encode_blacklist
chr9:63816164	encode_blacklist
chr9:63816170	encode_blacklist
chr9:63816174	encode_blacklist
chr9:63816199	encode_blacklist
chr9:63816284	encode_blacklist
chr9:63816304	encode_blacklist
chr9:63816321	encode_blacklist
chr9:63816338	encode_blacklist
chr9:63816350	encode_blacklist
chr9:63816359	encode_blacklist
chr9:63858595	encode_blacklist
chr9:63859118	encode_blacklist
chr9:63859169	encode_blacklist
chr9:63859177	encode_blacklist
chr9:63859185	encode_blacklist
chr9:63859194	encode_blacklist
chr9:63859219	encode_blacklist
chr9:63859223	encode_blacklist
chr9:63859225	encode_blacklist
chr9:63859253	encode_blacklist
chr9:63859270	encode_blacklist
chr9:63859277	encode_blacklist
chr9:63859301	encode_blacklist
chr9:63859318	encode_blacklist
chr9:63859324	encode_blacklist
chr9:63859332	encode_blacklist
chr9:63859339	encode_blacklist
chr9:63859349	encode_blacklist
chr9:63859355	encode_blacklist
chr9:63859357	encode_blacklist
chr9:63859370	encode_blacklist
chr9:63859374	encode_blacklist
chr9:63859396	encode_blacklist
chr9:63859399	encode_blacklist
chr9:63859427	encode_blacklist
chr9:63859484	encode_blacklist
chr9:63859522	encode_blacklist
chr9:63859551	encode_blacklist
chr9:63859573	encode_blacklist
chr9:63859595	encode_blacklist
chr9:63859620	encode_blacklist
chr9:63859660	encode_blacklist
chr9:63859671	encode_blacklist
chr9:63859687	encode_blacklist
chr9:63859695	encode_blacklist
chr9:63859698	encode_blacklist
chr9:63859712	encode_blacklist
chr9:63859723	encode_blacklist
chr9:63859727	encode_blacklist
chr9:63859751	encode_blacklist
chr9:63859770	encode_blacklist
chr9:63859796	encode_blacklist
chr9:63859800	encode_blacklist
chr9:63859808	encode_blacklist
chr9:63859817	encode_blacklist
chr9:63859823	encode_blacklist
chr9:64488551	encode_blacklist
chr9:64488687	encode_blacklist
chr9:64488699	encode_blacklist
chr9:64488720	encode_blacklist
chr9:64488738	encode_blacklist
chr9:64488747	encode_blacklist
chr9:64488754	encode_blacklist
chr9:64488760	encode_blacklist
chr9:64488765	encode_blacklist
chr9:64488775	encode_blacklist
chr9:64488777	encode_blacklist
chr9:64488784	encode_blacklist
chr9:64488793	encode_blacklist
chr9:64488798	encode_blacklist
chr9:64488806	encode_blacklist
chr9:64488841	encode_blacklist
chr9:66265680	encode_blacklist
chr9:66265682	encode_blacklist
chr9:66265685	encode_blacklist
chr9:66265769	encode_blacklist
chr9:66265774	encode_blacklist
chr9:66265779	encode_blacklist
chr9:66265792	encode_blacklist
chr9:66265825	encode_blacklist
chr9:67077031	encode_blacklist
chr9:67077058	encode_blacklist
chr9:67077068	encode_blacklist
chr9:67077071	encode_blacklist
chr9:67077115	encode_blacklist
chr9:67077195	encode_blacklist
chr9:67077215	encode_blacklist
chr9:67723701	encode_blacklist
chr9:67723718	encode_blacklist
chr9:67723726	encode_blacklist
chr9:67723739	encode_blacklist
chr9:67723838	encode_blacklist
chr9:67723896	encode_blacklist
chr9:67723919	encode_blacklist
chr9:67723926	encode_blacklist
chr9:68324349	encode_blacklist
chr9:68324382	encode_blacklist
chr9:68324398	encode_blacklist
chr9:68324400	encode_blacklist
chr9:68324405	encode_blacklist
chr9:68324407	encode_blacklist
chr9:134176587	encode_blacklist
chr9:134176632	encode_blacklist
chr9:134176786	encode_blacklist
chr9:134176818	encode_blacklist
chr9:134176857	encode_blacklist
chr9:134176929	encode_blacklist
chr9:134176962	encode_blacklist
chr9:134177008	encode_blacklist
chr9:134177054	encode_blacklist
chr9:134177100	encode_blacklist
chr10:133764119	encode_blacklist
chr10:133764215	encode_blacklist
chr10:133764305	encode_blacklist
chr10:133764498	encode_blacklist
chr10:133764681	encode_blacklist
chr10:133764710	encode_blacklist
chr11:519179	encode_blacklist
chr11:519197	encode_blacklist
chr11:519199	encode_blacklist
chr11:519201	encode_blacklist
chr11:519218	encode_blacklist
chr11:519238	encode_blacklist
chr11:519271	encode_blacklist
chr11:519273	encode_blacklist
chr11:519304	encode_blacklist
chr11:519306	encode_blacklist
chr11:50817439	encode_blacklist
chr11:50817594	encode_blacklist
chr11:50818374	encode_blacklist
chr11:50818781	encode_blacklist
chr11:50818921	encode_blacklist
chr11:50818942	encode_blacklist
chr11:50818989	encode_blacklist
chr11:50818997	encode_blacklist
chr11:50819015	encode_blacklist
chr11:50819049	encode_blacklist
chr11:50819097	encode_blacklist
chr11:50819116	encode_blacklist
chr11:50819185	encode_blacklist
chr11:50819195	encode_blacklist
chr11:50819304	encode_blacklist
chr11:50819346	encode_blacklist
chr11:50819499	encode_blacklist
chr11:50819581	encode_blacklist
chr12:386626	encode_blacklist
chr12:386667	encode_blacklist
chr12:386805	encode_blacklist
chr12:387732	encode_blacklist
chr12:387804	encode_blacklist
chr12:387827	encode_blacklist
chr12:387832	encode_blacklist
chr12:387863	encode_blacklist
chr12:422315	encode_blacklist
chr12:422341	encode_blacklist
chr12:124928538	encode_blacklist
chr12:124928546	encode_blacklist
chr12:124928578	encode_blacklist
chr12:124928583	encode_blacklist
chr12:124928594	encode_blacklist
chr12:124928602	encode_blacklist
chr12:124928607	encode_blacklist
chr12:131581829	encode_blacklist
chr12:131581897	encode_blacklist
chr12:131582837	encode_blacklist
chr12:131582908	encode_blacklist
chr12:131582940	encode_blacklist
chr12:131582957	encode_blacklist
chr12:131582974	encode_blacklist
chr14:104289154	encode_blacklist
chr14:104289168	encode_blacklist
chr14:104289196	encode_blacklist
chr14:104289212	encode_blacklist
chr14:104289340	encode_blacklist
chr14:104289342	encode_blacklist
chr14:104289360	encode_blacklist
chr14:104289402	encode_blacklist
chr14:104289492	encode_blacklist
chr14:104289626	encode_blacklist
chr14:104289715	encode_blacklist
chr14:104289782	encode_blacklist
chr14:105223277	encode_blacklist
chr14:105223299	encode_blacklist
chr14:105223309	encode_blacklist
chr14:105223313	encode_blacklist
chr14:105223334	encode_blacklist
chr14:105223376	encode_blacklist
chr14:105223392	encode_blacklist
chr14:105223412	encode_blacklist
chr14:105223429	encode_blacklist
chr14:105223452	encode_blacklist
chr14:105223468	encode_blacklist
chr14:105223477	encode_blacklist
chr14:105223508	encode_blacklist
chr14:105223541	encode_blacklist
chr14:105223578	encode_blacklist
chr14:105223607	encode_blacklist
chr14:105223675	encode_blacklist
chr14:105580133	encode_blacklist
chr14:105580166	encode_blacklist
chr14:105580793	encode_blacklist
chr14:105580983	encode_blacklist
chr14:105581578	encode_blacklist
chr14:105581612	encode_blacklist
chr15:20581535	encode_blacklist
chr15:20581537	encode_blacklist
chr15:20581542	encode_blacklist
chr15:20581551	encode_blacklist
chr15:20581566	encode_blacklist
chr15:20581572	encode_blacklist
chr15:20581575	encode_blacklist
chr15:20581586	encode_blacklist
chr15:20581610	encode_blacklist
chr15:20581613	encode_blacklist
chr15:20581621	encode_blacklist
chr15:20582275	encode_blacklist
chr15:20582287	encode_blacklist
chr15:20582289	encode_blacklist
chr15:20582298	encode_blacklist
chr15:20582312	encode_blacklist
chr15:20582328	encode_blacklist
chr15:20582350	encode_blacklist
chr15:20582368	encode_blacklist
chr15:20582377	encode_blacklist
chr15:20582418	encode_blacklist
chr15:20582424	encode_blacklist
chr15:20582455	encode_blacklist
chr15:20582470	encode_blacklist
chr15:20582486	encode_blacklist
chr15:20582496	encode_blacklist
chr15:20582563	encode_blacklist
chr15:20582583	encode_blacklist
chr15:20582594	encode_blacklist
chr15:20619402	encode_blacklist
chr15:20619430	encode_blacklist
chr15:20620128	encode_blacklist
chr15:20620279	encode_blacklist
chr15:20620328	encode_blacklist
chr15:20620394	encode_blacklist
chr15:21325192	encode_blacklist
chr15:21325196	encode_blacklist
chr15:21325199	encode_blacklist
chr15:21325203	encode_blacklist
chr15:21325209	encode_blacklist
chr15:21325211	encode_blacklist
chr15:21325215	encode_blacklist
chr15:21325219	encode_blacklist
chr15:21325223	encode_blacklist
chr15:21325227	encode_blacklist
chr15:21325321	encode_blacklist
chr15:21345131	encode_blacklist
chr15:21345138	encode_blacklist
chr15:21345150	encode_blacklist
chr15:21345163	encode_blacklist
chr15:21345174	encode_blacklist
chr15:21345177	encode_blacklist
chr15:21889612	encode_blacklist
chr15:21889615	encode_blacklist
chr15:21889622	encode_blacklist
chr15:21889627	encode_blacklist
chr15:21889636	encode_blacklist
chr15:21889653	encode_blacklist
chr15:21889666	encode_blacklist
chr15:21889673	encode_blacklist
chr15:21889679	encode_blacklist
chr15:21889684	encode_blacklist
chr15:21889695	encode_blacklist
chr15:21889697	encode_blacklist
chr15:21889712	encode_blacklist
chr15:21889715	encode_blacklist
chr15:21889717	encode_blacklist
chr15:21889720	encode_blacklist
chr15:21889725	encode_blacklist
chr15:21889729	encode_blacklist
chr15:21889731	encode_blacklist
chr15:21889734	encode_blacklist
chr15:22417457	encode_blacklist
chr15:22417462	encode_blacklist
chr15:22417496	encode_blacklist
chr15:22417498	encode_blacklist
chr15:22417502	encode_blacklist
chr15:22417509	encode_blacklist
chr15:22417567	encode_blacklist
chr15:22418872	encode_blacklist
chr15:22418874	encode_blacklist
chr15:22418878	encode_blacklist
chr15:22418892	encode_blacklist
chr15:22418896	encode_blacklist
chr15:22418909	encode_blacklist
chr15:22418922	encode_blacklist
chr15:22418935	encode_blacklist
chr15:22418951	encode_blacklist
chr15:22563708	encode_blacklist
chr15:22563808	encode_blacklist
chr15:22563843	encode_blacklist
chr15:22563853	encode_blacklist
chr15:22563895	encode_blacklist
chr15:22563899	encode_blacklist
chr15:22563908	encode_blacklist
chr15:23180161	encode_blacklist
chr15:23180165	encode_blacklist
chr15:23180172	encode_blacklist
chr15:23180179	encode_blacklist
chr15:23180181	encode_blacklist
chr15:23180183	encode_blacklist
chr15:23180186	encode_blacklist
chr15:23180194	encode_blacklist
chr15:23180198	encode_blacklist
chr15:23180207	encode_blacklist
chr15:23180274	encode_blacklist
chr15:23180280	encode_blacklist
chr15:23180290	encode_blacklist
chr15:23180302	encode_blacklist
chr15:23180309	encode_blacklist
chr15:23180340	encode_blacklist
chr15:23180359	encode_blacklist
chr15:23180373	encode_blacklist
chr15:23180380	encode_blacklist
chr15:23180425	encode_blacklist
chr15:28321852	encode_blacklist
chr15:28321858	encode_blacklist
chr15:28321886	encode_blacklist
chr15:28321937	encode_blacklist
chr15:28321948	encode_blacklist
chr15:28321950	encode_blacklist
chr15:28589736	encode_blacklist
chr15:28589761	encode_blacklist
chr15:28589765	encode_blacklist
chr15:28589767	encode_blacklist
chr15:28589787	encode_blacklist
chr15:28589814	encode_blacklist
chr15:28589822	encode_blacklist
chr15:28589896	encode_blacklist
chr15:30224936	encode_blacklist
chr15:30224940	encode_blacklist
chr15:30224961	encode_blacklist
chr15:30224979	encode_blacklist
chr15:30224988	encode_blacklist
chr15:30224991	encode_blacklist
chr15:30224994	encode_blacklist
chr15:30225012	encode_blacklist
chr15:30225025	encode_blacklist
chr15:30225041	encode_blacklist
chr15:30225044	encode_blacklist
chr15:30225047	encode_blacklist
chr15:30225050	encode_blacklist
chr15:30225053	encode_blacklist
chr15:30859175	encode_blacklist
chr15:30859192	encode_blacklist
chr15:30859261	encode_blacklist
chr15:30859458	encode_blacklist
chr15:30859486	encode_blacklist
chr15:30859517	encode_blacklist
chr15:30859535	encode_blacklist
chr15:32313221	encode_blacklist
chr15:32313223	encode_blacklist
chr15:32313226	encode_blacklist
chr15:32313231	encode_blacklist
chr15:32313238	encode_blacklist
chr15:32313242	encode_blacklist
chr15:32313255	encode_blacklist
chr15:32313257	encode_blacklist
chr15:32313275	encode_blacklist
chr15:32313279	encode_blacklist
chr15:32313290	encode_blacklist
chr15:32313298	encode_blacklist
chr15:32313302	encode_blacklist
chr15:32313307	encode_blacklist
chr15:32313317	encode_blacklist
chr15:32313326	encode_blacklist
chr15:84503220	encode_blacklist
chr15:84503225	encode_blacklist
chr15:84503229	encode_blacklist
chr15:84503258	encode_blacklist
chr15:84503267	encode_blacklist
chr15:84503270	encode_blacklist
chr15:84503276	encode_blacklist
chr15:84503318	encode_blacklist
chr16:34090397	encode_blacklist
chr16:34090423	encode_blacklist
chr16:34090433	encode_blacklist
chr16:34090449	encode_blacklist
chr16:34090459	encode_blacklist
chr16:34090498	encode_blacklist
chr16:34090550	encode_blacklist
chr16:90105980	encode_blacklist
chr16:90106059	encode_blacklist
chr16:90106069	encode_blacklist
chr16:90106086	encode_blacklist
chr16:90106091	encode_blacklist
chr16:90106207	encode_blacklist
chr16:90106209	encode_blacklist
chr16:90106214	encode_blacklist
chr16:90106218	encode_blacklist
chr16:90106223	encode_blacklist
chr16:90106251	encode_blacklist
chr16:90106261	encode_blacklist
chr16:90106263	encode_blacklist
chr16:90106267	encode_blacklist
chr16:90106297	encode_blacklist
chr16:90106309	encode_blacklist
chr16:90106323	encode_blacklist
chr16:90106334	encode_blacklist
chr16:90106342	encode_blacklist
chr16:90106355	encode_blacklist
chr16:90106359	encode_blacklist
chr16:90106361	encode_blacklist
chr16:90106383	encode_blacklist
chr16:90106389	encode_blacklist
chr16:90106392	encode_blacklist
chr16:90106396	encode_blacklist
chr16:90106406	encode_blacklist
chr16:90106408	encode_blacklist
chr16:90106414	encode_blacklist
chr16:90106436	encode_blacklist
chr16:90106440	encode_blacklist
chr16:90106447	encode_blacklist
chr16:90106456	encode_blacklist
chr16:90106463	encode_blacklist
chr16:90106728	encode_blacklist
chr16:90106748	encode_blacklist
chr16:90106750	encode_blacklist
chr16:90106758	encode_blacklist
chr16:90106760	encode_blacklist
chr16:90106806	encode_blacklist
chr16:90106900	encode_blacklist
chr17:117208	encode_blacklist
chr17:117271	encode_blacklist
chr17:117334	encode_blacklist
chr17:117397	encode_blacklist
chr17:117460	encode_blacklist
chr17:117712	encode_blacklist
chr17:117775	encode_blacklist
chr17:304214	encode_blacklist
chr17:304228	encode_blacklist
chr17:304275	encode_blacklist
chr17:304281	encode_blacklist
chr17:304302	encode_blacklist
chr17:304356	encode_blacklist
chr17:304364	encode_blacklist
chr17:304384	encode_blacklist
chr17:304429	encode_blacklist
chr17:304432	encode_blacklist
chr17:304616	encode_blacklist
chr17:304619	encode_blacklist
chr17:304629	encode_blacklist
chr17:304644	encode_blacklist
chr17:304653	encode_blacklist
chr17:304708	encode_blacklist
chr17:304711	encode_blacklist
chr17:304742	encode_blacklist
chr17:304783	encode_blacklist
chr17:304880	encode_blacklist
chr17:304888	encode_blacklist
chr17:304893	encode_blacklist
chr17:305182	encode_blacklist
chr17:305212	encode_blacklist
chr17:305241	encode_blacklist
chr17:305254	encode_blacklist
chr17:305258	encode_blacklist
chr17:305295	encode_blacklist
chr17:305298	encode_blacklist
chr17:305306	encode_blacklist
chr17:305308	encode_blacklist
chr17:305341	encode_blacklist
chr17:305363	encode_blacklist
chr17:305396	encode_blacklist
chr17:305497	encode_blacklist
chr17:489282	encode_blacklist
chr17:489299	encode_blacklist
chr17:489312	encode_blacklist
chr17:489321	encode_blacklist
chr17:489352	encode_blacklist
chr17:489372	encode_blacklist
chr17:489379	encode_blacklist
chr17:489413	encode_blacklist
chr17:489437	encode_blacklist
chr17:489462	encode_blacklist
chr17:489465	encode_blacklist
chr17:489547	encode_blacklist
chr17:489579	encode_blacklist
chr17:489581	encode_blacklist
chr17:489592	encode_blacklist
chr17:489604	encode_blacklist
chr17:489625	encode_blacklist
chr17:489649	encode_blacklist
chr17:489652	encode_blacklist
chr17:502897	encode_blacklist
chr17:502900	encode_blacklist
chr17:502918	encode_blacklist
chr17:502958	encode_blacklist
chr17:502968	encode_blacklist
chr17:502985	encode_blacklist
chr17:503009	encode_blacklist
chr17:503016	encode_blacklist
chr17:503023	encode_blacklist
chr17:503048	encode_blacklist
chr17:503055	encode_blacklist
chr17:503062	encode_blacklist
chr17:503069	encode_blacklist
chr17:503072	encode_blacklist
chr17:503094	encode_blacklist
chr17:503101	encode_blacklist
chr17:503108	encode_blacklist
chr17:503115	encode_blacklist
chr17:503118	encode_blacklist
chr17:503140	encode_blacklist
chr17:503147	encode_blacklist
chr17:503154	encode_blacklist
chr17:503186	encode_blacklist
chr17:503193	encode_blacklist
chr17:503200	encode_blacklist
chr17:503207	encode_blacklist
chr17:503232	encode_blacklist
chr17:503239	encode_blacklist
chr17:503246	encode_blacklist
chr17:503253	encode_blacklist
chr17:503256	encode_blacklist
chr17:503261	encode_blacklist
chr17:503469	encode_blacklist
chr17:503475	encode_blacklist
chr17:503513	encode_blacklist
chr17:503518	encode_blacklist
chr17:503672	encode_blacklist
chr17:19093217	encode_blacklist
chr17:19093259	encode_blacklist
chr17:19093291	encode_blacklist
chr17:19093497	encode_blacklist
chr17:19093502	encode_blacklist
chr17:19093532	encode_blacklist
chr17:19209855	encode_blacklist
chr17:19209866	encode_blacklist
chr17:19209898	encode_blacklist
chr17:19209901	encode_blacklist
chr17:19209910	encode_blacklist
chr17:19209952	encode_blacklist
chr17:19209962	encode_blacklist
chr17:21795569	encode_blacklist
chr17:21795586	encode_blacklist
chr17:21795592	encode_blacklist
chr17:21795601	encode_blacklist
chr17:21795625	encode_blacklist
chr17:21795650	encode_blacklist
chr17:21795658	encode_blacklist
chr17:21795662	encode_blacklist
chr17:21795702	encode_blacklist
chr17:21795736	encode_blacklist
chr17:21795743	encode_blacklist
chr17:21841910	encode_blacklist
chr17:21841926	encode_blacklist
chr17:21841929	encode_blacklist
chr17:21841931	encode_blacklist
chr17:21841945	encode_blacklist
chr17:21841948	encode_blacklist
chr17:21841953	encode_blacklist
chr17:21841969	encode_blacklist
chr17:21841972	encode_blacklist
chr17:21841988	encode_blacklist
chr17:21841991	encode_blacklist
chr17:21841994	encode_blacklist
chr17:21841996	encode_blacklist
chr17:21842020	encode_blacklist
chr17:21842023	encode_blacklist
chr17:21842026	encode_blacklist
chr17:21842042	encode_blacklist
chr17:21842048	encode_blacklist
chr17:21842050	encode_blacklist
chr17:21842064	encode_blacklist
chr17:21842066	encode_blacklist
chr17:21842080	encode_blacklist
chr17:21842083	encode_blacklist
chr17:21842088	encode_blacklist
chr17:21842099	encode_blacklist
chr17:21842118	encode_blacklist
chr17:21842121	encode_blacklist
chr17:21842126	encode_blacklist
chr17:21842141	encode_blacklist
chr17:21842145	encode_blacklist
chr17:21842164	encode_blacklist
chr17:21842167	encode_blacklist
chr17:21842169	encode_blacklist
chr17:21842183	encode_blacklist
chr17:21842186	encode_blacklist
chr17:21842207	encode_blacklist
chr17:21842363	encode_blacklist
chr17:21842365	encode_blacklist
chr17:21842381	encode_blacklist
chr17:21842384	encode_blacklist
chr17:21842387	encode_blacklist
chr17:21842389	encode_blacklist
chr17:21842401	encode_blacklist
chr17:21842408	encode_blacklist
chr17:21842414	encode_blacklist
chr17:21842417	encode_blacklist
chr17:21842420	encode_blacklist
chr17:21842436	encode_blacklist
chr17:21842442	encode_blacklist
chr17:21842461	encode_blacklist
chr17:21842677	encode_blacklist
chr17:21842680	encode_blacklist
chr17:21842682	encode_blacklist
chr17:21842685	encode_blacklist
chr17:21842710	encode_blacklist
chr17:21842713	encode_blacklist
chr17:21842715	encode_blacklist
chr17:21842718	encode_blacklist
chr17:21842735	encode_blacklist
chr17:21842738	encode_blacklist
chr17:21842740	encode_blacklist
chr17:21842751	encode_blacklist
chr17:21842770	encode_blacklist
chr17:21842776	encode_blacklist
chr17:21842778	encode_blacklist
chr17:21842791	encode_blacklist
chr17:21842793	encode_blacklist
chr17:21842808	encode_blacklist
chr17:21842811	encode_blacklist
chr17:21842814	encode_blacklist
chr17:21842830	encode_blacklist
chr17:21842833	encode_blacklist
chr17:21842836	encode_blacklist
chr17:21842838	encode_blacklist
chr17:21842848	encode_blacklist
chr17:21842853	encode_blacklist
chr17:21842855	encode_blacklist
chr17:21842858	encode_blacklist
chr17:21842872	encode_blacklist
chr17:21842881	encode_blacklist
chr17:21842884	encode_blacklist
chr17:21842887	encode_blacklist
chr17:21842903	encode_blacklist
chr17:21842906	encode_blacklist
chr17:21842908	encode_blacklist
chr17:21842922	encode_blacklist
chr17:21842924	encode_blacklist
chr17:21842938	encode_blacklist
chr17:21842941	encode_blacklist
chr17:21842944	encode_blacklist
chr17:21842946	encode_blacklist
chr17:21842966	encode_blacklist
chr17:21842979	encode_blacklist
chr17:21842982	encode_blacklist
chr17:21842998	encode_blacklist
chr17:21843004	encode_blacklist
chr17:26843049	encode_blacklist
chr17:26843080	encode_blacklist
chr17:26843898	encode_blacklist
chr17:26843909	encode_blacklist
chr17:26843924	encode_blacklist
chr17:26843948	encode_blacklist
chr17:26843954	encode_blacklist
chr17:26843984	encode_blacklist
chr17:26844813	encode_blacklist
chr17:26844843	encode_blacklist
chr17:26844858	encode_blacklist
chr17:43231316	encode_blacklist
chr17:43231434	encode_blacklist
chr17:43231437	encode_blacklist
chr17:43231441	encode_blacklist
chr17:43231447	encode_blacklist
chr17:43231456	encode_blacklist
chr17:43231462	encode_blacklist
chr17:43231468	encode_blacklist
chr17:43231476	encode_blacklist
chr17:43231504	encode_blacklist
chr17:43231524	encode_blacklist
chr17:43232469	encode_blacklist
chr17:43232493	encode_blacklist
chr17:45583428	encode_blacklist
chr17:45583440	encode_blacklist
chr17:45583611	encode_blacklist
chr17:45583773	encode_blacklist
chr17:45583802	encode_blacklist
chr17:45583820	encode_blacklist
chr17:45583822	encode_blacklist
chr17:45583832	encode_blacklist
chr17:45583892	encode_blacklist
chr17:45585771	encode_blacklist
chr17:45585778	encode_blacklist
chr17:45585787	encode_blacklist
chr17:45585842	encode_blacklist
chr17:45585881	encode_blacklist
chr17:45585883	encode_blacklist
chr17:45585929	encode_blacklist
chr17:45585932	encode_blacklist
chr17:45585941	encode_blacklist
chr17:45585963	encode_blacklist
chr17:45585980	encode_blacklist
chr17:45585998	encode_blacklist
chr18:79014006	encode_blacklist
chr18:79014024	encode_blacklist
chr18:79014031	encode_blacklist
chr18:79014067	encode_blacklist
chr18:79014093	encode_blacklist
chr18:79014161	encode_blacklist
chr18:79014206	encode_blacklist
chr18:79014240	encode_blacklist
chr18:79014243	encode_blacklist
chr18:79014331	encode_blacklist
chr18:79014384	encode_blacklist
chr18:79617805	encode_blacklist
chr18:80262460	encode_blacklist
chr18:80262463	encode_blacklist
chr18:80262465	encode_blacklist
chr18:80262468	encode_blacklist
chr18:80262471	encode_blacklist
chr18:80262474	encode_blacklist
chr18:80262477	encode_blacklist
chr18:80262489	encode_blacklist
chr18:80262497	encode_blacklist
chr18:80262499	encode_blacklist
chr18:80262508	encode_blacklist
chr18:80262510	encode_blacklist
chr18:80262517	encode_blacklist
chr18:80262521	encode_blacklist
chr18:80262524	encode_blacklist
chr18:80262527	encode_blacklist
chr18:80262539	encode_blacklist
chr18:80262541	encode_blacklist
chr18:80262550	encode_blacklist
chr18:80262572	encode_blacklist
chr18:80262575	encode_blacklist
chr18:80262579	encode_blacklist
chr18:80262582	encode_blacklist
chr18:80262587	encode_blacklist
chr18:80262593	encode_blacklist
chr18:80262597	encode_blacklist
chr18:80262608	encode_blacklist
chr18:80262612	encode_blacklist
chr18:80262639	encode_blacklist
chr18:80262641	encode_blacklist
chr18:80262644	encode_blacklist
chr18:80262647	encode_blacklist
chr18:80262651	encode_blacklist
chr18:80262727	encode_blacklist
chr18:80262733	encode_blacklist
chr18:80262735	encode_blacklist
chr18:80262739	encode_blacklist
chr18:80262741	encode_blacklist
chr18:80262744	encode_blacklist
chr18:80262746	encode_blacklist
chr18:80262756	encode_blacklist
chr18:80262762	encode_blacklist
chr19:36271870	encode_blacklist
chr19:36271874	encode_blacklist
chr19:36271876	encode_blacklist
chr19:36271880	encode_blacklist
chr19:36271887	encode_blacklist
chr19:36272175	encode_blacklist
chr19:36272184	encode_blacklist
chr19:36272210	encode_blacklist
chr19:36272222	encode_blacklist
chr19:36272226	encode_blacklist
chr19:36272231	encode_blacklist
chr19:36272251	encode_blacklist
chr19:36272254	encode_blacklist
chr19:36272274	encode_blacklist
chr19:36272277	encode_blacklist
chr19:36272304	encode_blacklist
chr19:36272306	encode_blacklist
chr19:36277129	encode_blacklist
chr19:36277155	encode_blacklist
chr19:36277157	encode_blacklist
chr19:36277159	encode_blacklist
chr19:36277179	encode_blacklist
chr19:36277199	encode_blacklist
chr19:36277271	encode_blacklist
chr19:36277280	encode_blacklist
chr19:36277306	encode_blacklist
chr19:36277318	encode_blacklist
chr19:36277322	encode_blacklist
chr19:36277327	encode_blacklist
chr19:36277347	encode_blacklist
chr19:36277350	encode_blacklist
chr19:36277370	encode_blacklist
chr19:36277373	encode_blacklist
chr19:36277400	encode_blacklist
chr19:36277402	encode_blacklist
chr19:36277417	encode_blacklist
chr19:36309388	encode_blacklist
chr19:36309419	encode_blacklist
chr19:36309422	encode_blacklist
chr19:36309427	encode_blacklist
chr19:36309434	encode_blacklist
chr19:36309437	encode_blacklist
chr19:36309440	encode_blacklist
chr19:36309443	encode_blacklist
chr19:36309446	encode_blacklist
chr19:36309449	encode_blacklist
chr19:36309452	encode_blacklist
chr19:36309467	encode_blacklist
chr19:36309470	encode_blacklist
chr19:36309482	encode_blacklist
chr19:36309488	encode_blacklist
chr19:36309491	encode_blacklist
chr19:36309493	encode_blacklist
chr19:36309496	encode_blacklist
chr19:36309499	encode_blacklist
chr19:36309935	encode_blacklist
chr19:36309943	encode_blacklist
chr19:36309949	encode_blacklist
chr19:36309951	encode_blacklist
chr19:36309976	encode_blacklist
chr19:36310055	encode_blacklist
chr19:36310112	encode_blacklist
chr19:36310114	encode_blacklist
chr19:36310145	encode_blacklist
chr19:36310147	encode_blacklist
chr19:36310205	encode_blacklist
chr19:36310223	encode_blacklist
chr19:37303576	encode_blacklist
chr19:37303603	encode_blacklist
chr19:37303609	encode_blacklist
chr19:37303612	encode_blacklist
chr19:37303615	encode_blacklist
chr19:37303621	encode_blacklist
chr19:37303624	encode_blacklist
chr19:37303660	encode_blacklist
chr19:37303663	encode_blacklist
chr19:37303668	encode_blacklist
chr19:37303671	encode_blacklist
chr19:37303690	encode_blacklist
chr19:37303772	encode_blacklist
chr19:37303775	encode_blacklist
chr19:37303804	encode_blacklist
chr19:37303839	encode_blacklist
chr19:37303851	encode_blacklist
chr19:37303867	encode_blacklist
chr19:37303877	encode_blacklist
chr19:37303900	encode_blacklist
chr19:37303906	encode_blacklist
chr19:37303908	encode_blacklist
chr19:37303910	encode_blacklist
chr19:37303938	encode_blacklist
chr19:37303942	encode_blacklist
chr19:37304001	encode_blacklist
chr19:37304015	encode_blacklist
chr19:37304031	encode_blacklist
chr19:37304074	encode_blacklist
chr19:37304110	encode_blacklist
chr19:37304118	encode_blacklist
chr19:37304122	encode_blacklist
chr19:37304124	encode_blacklist
chr19:37304146	encode_blacklist
chr19:37304148	encode_blacklist
chr19:37304159	encode_blacklist
chr19:37304162	encode_blacklist
chr19:37304215	encode_blacklist
chr19:37304217	encode_blacklist
chr19:37304224	encode_blacklist
chr19:37304231	encode_blacklist
chr19:37304238	encode_blacklist
chr19:37304240	encode_blacklist
chr19:37304277	encode_blacklist
chr19:37304286	encode_blacklist
chr19:44400613	encode_blacklist
chr19:44400635	encode_blacklist
chr19:44400660	encode_blacklist
chr19:44400667	encode_blacklist
chr19:44400675	encode_blacklist
chr19:44400699	encode_blacklist
chr19:44400719	encode_blacklist
chr19:44400729	encode_blacklist
chr19:44400735	encode_blacklist
chr19:44400771	encode_blacklist
chr19:44400782	encode_blacklist
chr19:44400802	encode_blacklist
chr19:44400816	encode_blacklist
chr19:44400823	encode_blacklist
chr19:44400860	encode_blacklist
chr19:44400870	encode_blacklist
chr19:44400872	encode_blacklist
chr19:44400907	encode_blacklist
chr19:50099030	encode_blacklist
chr19:50099039	encode_blacklist
chr19:50099077	encode_blacklist
chr19:50099083	encode_blacklist
chr19:50099087	encode_blacklist
chr19:50099131	encode_blacklist
chr19:50099145	encode_blacklist
chr19:50099149	encode_blacklist
chr19:50099151	encode_blacklist
chr20:28602910	encode_blacklist
chr20:28602938	encode_blacklist
chr20:28602957	encode_blacklist
chr20:28602967	encode_blacklist
chr20:28602983	encode_blacklist
chr20:28602987	encode_blacklist
chr20:28602992	encode_blacklist
chr20:28602995	encode_blacklist
chr20:28603004	encode_blacklist
chr20:28603010	encode_blacklist
chr20:28603019	encode_blacklist
chr20:28603023	encode_blacklist
chr20:28603025	encode_blacklist
chr20:28603035	encode_blacklist
chr20:28603043	encode_blacklist
chr20:28603054	encode_blacklist
chr20:28603062	encode_blacklist
chr20:28603065	encode_blacklist
chr20:28603072	encode_blacklist
chr20:28603074	encode_blacklist
chr20:28603080	encode_blacklist
chr20:28603087	encode_blacklist
chr20:28603103	encode_blacklist
chr20:28603113	encode_blacklist
chr20:28603116	encode_blacklist
chr20:28603119	encode_blacklist
chr20:28603121	encode_blacklist
chr20:28603131	encode_blacklist
chr20:28603133	encode_blacklist
chr20:28603142	encode_blacklist
chr20:28603146	encode_blacklist
chr20:28603148	encode_blacklist
chr20:28603157	encode_blacklist
chr20:28603170	encode_blacklist
chr20:28603174	encode_blacklist
chr21:5095689	encode_blacklist
chr21:5095691	encode_blacklist
chr21:5095710	encode_blacklist
chr21:5095742	encode_blacklist
chr21:5095920	encode_blacklist
chr21:5095922	encode_blacklist
chr21:5096090	encode_blacklist
chr21:5096136	encode_blacklist
chr21:5096423	encode_blacklist
chr21:5096439	encode_blacklist
chr21:5096460	encode_blacklist
chr21:5096468	encode_blacklist
chr21:5096482	encode_blacklist
chr21:5096489	encode_blacklist
chr21:5096538	encode_blacklist
chr21:5096549	encode_blacklist
chr21:5108343	encode_blacklist
chr21:5108361	encode_blacklist
chr21:5108382	encode_blacklist
chr21:5108418	encode_blacklist
chr21:5108482	encode_blacklist
chr21:5108514	encode_blacklist
chr21:5108561	encode_blacklist
chr21:5120132	encode_blacklist
chr21:5120141	encode_blacklist
chr21:5120181	encode_blacklist
chr21:5120184	encode_blacklist
chr21:5120189	encode_blacklist
chr21:5120197	encode_blacklist
chr21:5120757	encode_blacklist
chr21:5120771	encode_blacklist
chr21:5121408	encode_blacklist
chr21:5122284	encode_blacklist
chr21:5122300	encode_blacklist
chr21:5122329	encode_blacklist
chr21:5122339	encode_blacklist
chr21:5122401	encode_blacklist
chr21:5122430	encode_blacklist
chr21:5122444	encode_blacklist
chr21:5122448	encode_blacklist
chr21:5122452	encode_blacklist
chr21:5122456	encode_blacklist
chr21:5122464	encode_blacklist
chr21:5122478	encode_blacklist
chr21:5122502	encode_blacklist
chr21:5122511	encode_blacklist
chr21:5123674	encode_blacklist
chr21:5123678	encode_blacklist
chr21:5123684	encode_blacklist
chr21:5123688	encode_blacklist
chr21:5123733	encode_blacklist
chr21:5123738	encode_blacklist
chr21:5123748	encode_blacklist
chr21:5123912	encode_blacklist
chr21:5123918	encode_blacklist
chr21:5123929	encode_blacklist
chr21:5123950	encode_blacklist
chr21:5123973	encode_blacklist
chr21:5123981	encode_blacklist
chr21:5124006	encode_blacklist
chr21:5124009	encode_blacklist
chr21:5124077	encode_blacklist
chr21:5124079	encode_blacklist
chr21:5130630	encode_blacklist
chr21:5130696	encode_blacklist
chr21:5130770	encode_blacklist
chr21:5130817	encode_blacklist
chr21:5130915	encode_blacklist
chr21:5131022	encode_blacklist
chr21:5131043	encode_blacklist
chr21:5131051	encode_blacklist
chr21:5131057	encode_blacklist
chr21:5132030	encode_blacklist
chr21:5132963	encode_blacklist
chr21:5132965	encode_blacklist
chr21:5133273	encode_blacklist
chr21:5133292	encode_blacklist
chr21:5133385	encode_blacklist
chr21:5133421	encode_blacklist
chr21:5149341	encode_blacklist
chr21:5149343	encode_blacklist
chr21:5149501	encode_blacklist
chr21:5149521	encode_blacklist
chr21:5149533	encode_blacklist
chr21:5149536	encode_blacklist
chr21:5149560	encode_blacklist
chr21:6031435	encode_blacklist
chr21:6031490	encode_blacklist
chr21:6031492	encode_blacklist
chr21:6031513	encode_blacklist
chr21:6031579	encode_blacklist
chr21:6031582	encode_blacklist
chr21:6043592	encode_blacklist
chr21:6043669	encode_blacklist
chr21:6043672	encode_blacklist
chr21:6043714	encode_blacklist
chr21:6043729	encode_blacklist
chr21:6043740	encode_blacklist
chr21:6043798	encode_blacklist
chr21:6086341	encode_blacklist
chr21:6086344	encode_blacklist
chr21:6086403	encode_blacklist
chr21:6086409	encode_blacklist
chr21:6086417	encode_blacklist
chr21:6086420	encode_blacklist
chr21:6086561	encode_blacklist
chr21:6086621	encode_blacklist
chr21:6086632	encode_blacklist
chr21:6086644	encode_blacklist
chr21:6086673	encode_blacklist
chr21:6086706	encode_blacklist
chr21:6086710	encode_blacklist
chr21:6086719	encode_blacklist
chr21:6086756	encode_blacklist
chr21:6086760	encode_blacklist
chr21:6086768	encode_blacklist
chr21:6086772	encode_blacklist
chr21:6086788	encode_blacklist
chr21:6086822	encode_blacklist
chr21:6086830	encode_blacklist
chr21:6128923	encode_blacklist
chr21:6128938	encode_blacklist
chr21:6128948	encode_blacklist
chr21:6128985	encode_blacklist
chr21:6129034	encode_blacklist
chr21:6129119	encode_blacklist
chr21:6129123	encode_blacklist
chr21:6129132	encode_blacklist
chr21:6129161	encode_blacklist
chr21:6129202	encode_blacklist
chr21:6362627	encode_blacklist
chr21:6362680	encode_blacklist
chr21:6362710	encode_blacklist
chr21:6363066	encode_blacklist
chr21:6363088	encode_blacklist
chr21:6363108	encode_blacklist
chr21:6495474	encode_blacklist
chr21:6495479	encode_blacklist
chr21:6495514	encode_blacklist
chr21:6495530	encode_blacklist
chr21:6495560	encode_blacklist
chr21:6495627	encode_blacklist
chr21:6495669	encode_blacklist
chr21:6498732	encode_blacklist
chr21:6498748	encode_blacklist
chr21:6498756	encode_blacklist
chr21:6498769	encode_blacklist
chr21:6498792	encode_blacklist
chr21:6498794	encode_blacklist
chr21:6498799	encode_blacklist
chr21:6498804	encode_blacklist
chr21:6498811	encode_blacklist
chr21:6498818	encode_blacklist
chr21:6498821	encode_blacklist
chr21:6498826	encode_blacklist
chr21:6498834	encode_blacklist
chr21:6498838	encode_blacklist
chr21:6498841	encode_blacklist
chr21:6498845	encode_blacklist
chr21:6498858	encode_blacklist
chr21:6498871	encode_blacklist
chr21:6498882	encode_blacklist
chr21:6498886	encode_blacklist
chr21:6498888	encode_blacklist
chr21:6498896	encode_blacklist
chr21:6498935	encode_blacklist
chr21:6498938	encode_blacklist
chr21:6498940	encode_blacklist
chr21:6498942	encode_blacklist
chr21:6498949	encode_blacklist
chr21:6498954	encode_blacklist
chr21:6498957	encode_blacklist
chr21:6498963	encode_blacklist
chr21:6498970	encode_blacklist
chr21:6498972	encode_blacklist
chr21:6499108	encode_blacklist
chr21:6499111	encode_blacklist
chr21:6499139	encode_blacklist
chr21:6499279	encode_blacklist
chr21:6499282	encode_blacklist
chr21:6499290	encode_blacklist
chr21:6499305	encode_blacklist
chr21:6499319	encode_blacklist
chr21:6499321	encode_blacklist
chr21:6499327	encode_blacklist
chr21:6499332	encode_blacklist
chr21:6499338	encode_blacklist
chr21:6499340	encode_blacklist
chr21:6499351	encode_blacklist
chr21:6499358	encode_blacklist
chr21:6499360	encode_blacklist
chr21:6533028	encode_blacklist
chr21:6533078	encode_blacklist
chr21:6533133	encode_blacklist
chr21:6533276	encode_blacklist
chr21:6533285	encode_blacklist
chr21:6533303	encode_blacklist
chr21:6533305	encode_blacklist
chr21:6533307	encode_blacklist
chr21:6839978	encode_blacklist
chr21:6839985	encode_blacklist
chr21:6839992	encode_blacklist
chr21:6839996	encode_blacklist
chr21:6839998	encode_blacklist
chr21:6840022	encode_blacklist
chr21:6840024	encode_blacklist
chr21:6840032	encode_blacklist
chr21:6840034	encode_blacklist
chr21:6840037	encode_blacklist
chr21:6840041	encode_blacklist
chr21:6840048	encode_blacklist
chr21:6840061	encode_blacklist
chr21:6840063	encode_blacklist
chr21:8208473	encode_blacklist
chr21:8208475	encode_blacklist
chr21:8208481	encode_blacklist
chr21:8208484	encode_blacklist
chr21:8208487	encode_blacklist
chr21:8208503	encode_blacklist
chr21:8208505	encode_blacklist
chr21:8208512	encode_blacklist
chr21:8208515	encode_blacklist
chr21:8208522	encode_blacklist
chr21:8208526	encode_blacklist
chr21:8208530	encode_blacklist
chr21:8208535	encode_blacklist
chr21:8208542	encode_blacklist
chr21:8208544	encode_blacklist
chr21:8208546	encode_blacklist
chr21:8208552	encode_blacklist
chr21:8208555	encode_blacklist
chr21:8208558	encode_blacklist
chr21:8208561	encode_blacklist
chr21:8208572	encode_blacklist
chr21:8208574	encode_blacklist
chr21:8208576	encode_blacklist
chr21:8208585	encode_blacklist
chr21:8208591	encode_blacklist
chr21:8208595	encode_blacklist
chr21:8208599	encode_blacklist
chr21:8208601	encode_blacklist
chr21:8208605	encode_blacklist
chr21:8208616	encode_blacklist
chr21:8208621	encode_blacklist
chr21:8208633	encode_blacklist
chr21:8208636	encode_blacklist
chr21:8208936	encode_blacklist
chr21:8208947	encode_blacklist
chr21:8208952	encode_blacklist
chr21:8208966	encode_blacklist
chr21:8208971	encode_blacklist
chr21:8208979	encode_blacklist
chr21:8208985	encode_blacklist
chr21:8208989	encode_blacklist
chr21:8208991	encode_blacklist
chr21:8208999	encode_blacklist
chr21:8209004	encode_blacklist
chr21:8209008	encode_blacklist
chr21:8209014	encode_blacklist
chr21:8209018	encode_blacklist
chr21:8209020	encode_blacklist
chr21:8209023	encode_blacklist
chr21:8209027	encode_blacklist
chr21:8209033	encode_blacklist
chr21:8209037	encode_blacklist
chr21:8209051	encode_blacklist
chr21:8209054	encode_blacklist
chr21:8209061	encode_blacklist
chr21:8209076	encode_blacklist
chr21:8209080	encode_blacklist
chr21:8209082	encode_blacklist
chr21:8209086	encode_blacklist
chr21:8209089	encode_blacklist
chr21:8209092	encode_blacklist
chr21:8209099	encode_blacklist
chr21:8209105	encode_blacklist
chr21:8209112	encode_blacklist
chr21:8209116	encode_blacklist
chr21:8209122	encode_blacklist
chr21:8209130	encode_blacklist
chr21:8209134	encode_blacklist
chr21:8209139	encode_blacklist
chr21:8209144	encode_blacklist
chr21:8209146	encode_blacklist
chr21:8209510	encode_blacklist
chr21:8209512	encode_blacklist
chr21:8209517	encode_blacklist
chr21:8209521	encode_blacklist
chr21:8209525	encode_blacklist
chr21:8209529	encode_blacklist
chr21:8209533	encode_blacklist
chr21:8209536	encode_blacklist
chr21:8209545	encode_blacklist
chr21:8209551	encode_blacklist
chr21:8213056	encode_blacklist
chr21:8213069	encode_blacklist
chr21:8213071	encode_blacklist
chr21:8213074	encode_blacklist
chr21:8213076	encode_blacklist
chr21:8213078	encode_blacklist
chr21:8213080	encode_blacklist
chr21:8213085	encode_blacklist
chr21:8213092	encode_blacklist
chr21:8213099	encode_blacklist
chr21:8213102	encode_blacklist
chr21:8213108	encode_blacklist
chr21:8213112	encode_blacklist
chr21:8213126	encode_blacklist
chr21:8213132	encode_blacklist
chr21:8213135	encode_blacklist
chr21:8213138	encode_blacklist
chr21:8213141	encode_blacklist
chr21:8213144	encode_blacklist
chr21:8213147	encode_blacklist
chr21:8213149	encode_blacklist
chr21:8213151	encode_blacklist
chr21:8213154	encode_blacklist
chr21:8213157	encode_blacklist
chr21:8213160	encode_blacklist
chr21:8213169	encode_blacklist
chr21:8213176	encode_blacklist
chr21:8213180	encode_blacklist
chr21:8213207	encode_blacklist
chr21:8213213	encode_blacklist
chr21:8213230	encode_blacklist
chr21:8213233	encode_blacklist
chr21:8213247	encode_blacklist
chr21:8213255	encode_blacklist
chr21:8213257	encode_blacklist
chr21:8213262	encode_blacklist
chr21:8213266	encode_blacklist
chr21:8213269	encode_blacklist
chr21:8213271	encode_blacklist
chr21:8213276	encode_blacklist
chr21:8213279	encode_blacklist
chr21:8213283	encode_blacklist
chr21:8213289	encode_blacklist
chr21:8213295	encode_blacklist
chr21:8213300	encode_blacklist
chr21:8213303	encode_blacklist
chr21:8213307	encode_blacklist
chr21:8213311	encode_blacklist
chr21:8213315	encode_blacklist
chr21:8213318	encode_blacklist
chr21:8213324	encode_blacklist
chr21:8213326	encode_blacklist
chr21:8213343	encode_blacklist
chr21:8213346	encode_blacklist
chr21:8213357	encode_blacklist
chr21:8213365	encode_blacklist
chr21:8213369	encode_blacklist
chr21:8213378	encode_blacklist
chr21:8213387	encode_blacklist
chr21:8213389	encode_blacklist
chr21:8213391	encode_blacklist
chr21:8213395	encode_blacklist
chr21:8213397	encode_blacklist
chr21:8213399	encode_blacklist
chr21:8213401	encode_blacklist
chr21:8213403	encode_blacklist
chr21:8213407	encode_blacklist
chr21:8213411	encode_blacklist
chr21:8213415	encode_blacklist
chr21:8213420	encode_blacklist
chr21:8213425	encode_blacklist
chr21:8213427	encode_blacklist
chr21:8213430	encode_blacklist
chr21:8213432	encode_blacklist
chr21:8213435	encode_blacklist
chr21:8213439	encode_blacklist
chr21:8213445	encode_blacklist
chr21:8213453	encode_blacklist
chr21:8213458	encode_blacklist
chr21:8213460	encode_blacklist
chr21:8213465	encode_blacklist
chr21:8213469	encode_blacklist
chr21:8213473	encode_blacklist
chr21:8213475	encode_blacklist
chr21:8213479	encode_blacklist
chr21:8213485	encode_blacklist
chr21:8213487	encode_blacklist
chr21:8213490	encode_blacklist
chr21:8213493	encode_blacklist
chr21:8213500	encode_blacklist
chr21:8213502	encode_blacklist
chr21:8213510	encode_blacklist
chr21:8213513	encode_blacklist
chr21:8213516	encode_blacklist
chr21:8213521	encode_blacklist
chr21:8213523	encode_blacklist
chr21:8213528	encode_blacklist
chr21:8213531	encode_blacklist
chr21:8213533	encode_blacklist
chr21:8213539	encode_blacklist
chr21:8213543	encode_blacklist
chr21:8213546	encode_blacklist
chr21:8213549	encode_blacklist
chr21:8213551	encode_blacklist
chr21:8213553	encode_blacklist
chr21:8213557	encode_blacklist
chr21:8213563	encode_blacklist
chr21:8213568	encode_blacklist
chr21:8213658	encode_blacklist
chr21:8213660	encode_blacklist
chr21:8213669	encode_blacklist
chr21:8213674	encode_blacklist
chr21:8213679	encode_blacklist
chr21:8213683	encode_blacklist
chr21:8213686	encode_blacklist
chr21:8213690	encode_blacklist
chr21:8214660	encode_blacklist
chr21:8214664	encode_blacklist
chr21:8214668	encode_blacklist
chr21:8214684	encode_blacklist
chr21:8214690	encode_blacklist
chr21:8214697	encode_blacklist
chr21:8214703	encode_blacklist
chr21:8214705	encode_blacklist
chr21:8214715	encode_blacklist
chr21:8214723	encode_blacklist
chr21:8214725	encode_blacklist
chr21:8214727	encode_blacklist
chr21:8214732	encode_blacklist
chr21:8214737	encode_blacklist
chr21:8214740	encode_blacklist
chr21:8214743	encode_blacklist
chr21:8214746	encode_blacklist
chr21:8214752	encode_blacklist
chr21:8214755	encode_blacklist
chr21:8214758	encode_blacklist
chr21:8214761	encode_blacklist
chr21:8214764	encode_blacklist
chr21:8214767	encode_blacklist
chr21:8214770	encode_blacklist
chr21:8214776	encode_blacklist
chr21:8214788	encode_blacklist
chr21:8214806	encode_blacklist
chr21:8214819	encode_blacklist
chr21:8214822	encode_blacklist
chr21:8214829	encode_blacklist
chr21:8216970	encode_blacklist
chr21:8216978	encode_blacklist
chr21:8216981	encode_blacklist
chr21:8216983	encode_blacklist
chr21:8216991	encode_blacklist
chr21:8216994	encode_blacklist
chr21:8216997	encode_blacklist
chr21:8217012	encode_blacklist
chr21:8217017	encode_blacklist
chr21:8217027	encode_blacklist
chr21:8217030	encode_blacklist
chr21:8217033	encode_blacklist
chr21:8217037	encode_blacklist
chr21:8217040	encode_blacklist
chr21:8217042	encode_blacklist
chr21:8217050	encode_blacklist
chr21:8217053	encode_blacklist
chr21:8217056	encode_blacklist
chr21:8217064	encode_blacklist
chr21:8217072	encode_blacklist
chr21:8217074	encode_blacklist
chr21:8217085	encode_blacklist
chr21:8217093	encode_blacklist
chr21:8217101	encode_blacklist
chr21:8217104	encode_blacklist
chr21:8217107	encode_blacklist
chr21:8217110	encode_blacklist
chr21:8217113	encode_blacklist
chr21:8217123	encode_blacklist
chr21:8217125	encode_blacklist
chr21:8217130	encode_blacklist
chr21:8217141	encode_blacklist
chr21:8217148	encode_blacklist
chr21:8217159	encode_blacklist
chr21:8217162	encode_blacklist
chr21:8217166	encode_blacklist
chr21:8217169	encode_blacklist
chr21:8217171	encode_blacklist
chr21:8219030	encode_blacklist
chr21:8219040	encode_blacklist
chr21:8219043	encode_blacklist
chr21:8219047	encode_blacklist
chr21:8219049	encode_blacklist
chr21:8219053	encode_blacklist
chr21:8219079	encode_blacklist
chr21:8219081	encode_blacklist
chr21:8219083	encode_blacklist
chr21:8219089	encode_blacklist
chr21:8219093	encode_blacklist
chr21:8219096	encode_blacklist
chr21:8219098	encode_blacklist
chr21:8219103	encode_blacklist
chr21:8219111	encode_blacklist
chr21:8219118	encode_blacklist
chr21:8219129	encode_blacklist
chr21:8219136	encode_blacklist
chr21:8219139	encode_blacklist
chr21:8220511	encode_blacklist
chr21:8220515	encode_blacklist
chr21:8220517	encode_blacklist
chr21:8220527	encode_blacklist
chr21:8220533	encode_blacklist
chr21:8220538	encode_blacklist
chr21:8220541	encode_blacklist
chr21:8220557	encode_blacklist
chr21:8220559	encode_blacklist
chr21:8220594	encode_blacklist
chr21:8220596	encode_blacklist
chr21:8220604	encode_blacklist
chr21:8220608	encode_blacklist
chr21:8220610	encode_blacklist
chr21:8220639	encode_blacklist
chr21:8252249	encode_blacklist
chr21:8252254	encode_blacklist
chr21:8252257	encode_blacklist
chr21:8252259	encode_blacklist
chr21:8252265	encode_blacklist
chr21:8252271	encode_blacklist
chr21:8252282	encode_blacklist
chr21:8252293	encode_blacklist
chr21:8252295	encode_blacklist
chr21:8252299	encode_blacklist
chr21:8252317	encode_blacklist
chr21:8252321	encode_blacklist
chr21:8252340	encode_blacklist
chr21:8252345	encode_blacklist
chr21:8252348	encode_blacklist
chr21:8252356	encode_blacklist
chr21:8252364	encode_blacklist
chr21:8252380	encode_blacklist
chr21:8252382	encode_blacklist
chr21:8252389	encode_blacklist
chr21:8252396	encode_blacklist
chr21:8252400	encode_blacklist
chr21:8252418	encode_blacklist
chr21:8252422	encode_blacklist
chr21:8252425	encode_blacklist
chr21:8253313	encode_blacklist
chr21:8253317	encode_blacklist
chr21:8253324	encode_blacklist
chr21:8253332	encode_blacklist
chr21:8253336	encode_blacklist
chr21:8253341	encode_blacklist
chr21:8253346	encode_blacklist
chr21:8253348	encode_blacklist
chr21:8253352	encode_blacklist
chr21:8253357	encode_blacklist
chr21:8253361	encode_blacklist
chr21:8253365	encode_blacklist
chr21:8253368	encode_blacklist
chr21:8253370	encode_blacklist
chr21:8253380	encode_blacklist
chr21:8255727	encode_blacklist
chr21:8255730	encode_blacklist
chr21:8255733	encode_blacklist
chr21:8255736	encode_blacklist
chr21:8255739	encode_blacklist
chr21:8255742	encode_blacklist
chr21:8255745	encode_blacklist
chr21:8255747	encode_blacklist
chr21:8255749	encode_blacklist
chr21:8255759	encode_blacklist
chr21:8255778	encode_blacklist
chr21:8255780	encode_blacklist
chr21:8255783	encode_blacklist
chr21:8255785	encode_blacklist
chr21:8255788	encode_blacklist
chr21:8255790	encode_blacklist
chr21:8255794	encode_blacklist
chr21:8255796	encode_blacklist
chr21:8255800	encode_blacklist
chr21:8255807	encode_blacklist
chr21:8255809	encode_blacklist
chr21:8255815	encode_blacklist
chr21:8255819	encode_blacklist
chr21:8255823	encode_blacklist
chr21:8255827	encode_blacklist
chr21:8255831	encode_blacklist
chr21:8255835	encode_blacklist
chr21:8255839	encode_blacklist
chr21:8257309	encode_blacklist
chr21:8257312	encode_blacklist
chr21:8257318	encode_blacklist
chr21:8257322	encode_blacklist
chr21:8257336	encode_blacklist
chr21:8257342	encode_blacklist
chr21:8257345	encode_blacklist
chr21:8257348	encode_blacklist
chr21:8257351	encode_blacklist
chr21:8257354	encode_blacklist
chr21:8257357	encode_blacklist
chr21:8257360	encode_blacklist
chr21:8257362	encode_blacklist
chr21:8257364	encode_blacklist
chr21:8257367	encode_blacklist
chr21:8257370	encode_blacklist
chr21:8257373	encode_blacklist
chr21:8257382	encode_blacklist
chr21:8257389	encode_blacklist
chr21:8257393	encode_blacklist
chr21:8257590	encode_blacklist
chr21:8257599	encode_blacklist
chr21:8257601	encode_blacklist
chr21:8257603	encode_blacklist
chr21:8257607	encode_blacklist
chr21:8257609	encode_blacklist
chr21:8257611	encode_blacklist
chr21:8257613	encode_blacklist
chr21:8257615	encode_blacklist
chr21:8257619	encode_blacklist
chr21:8257623	encode_blacklist
chr21:8257627	encode_blacklist
chr21:8257632	encode_blacklist
chr21:8257637	encode_blacklist
chr21:8257639	encode_blacklist
chr21:8257642	encode_blacklist
chr21:8257644	encode_blacklist
chr21:8257647	encode_blacklist
chr21:8257651	encode_blacklist
chr21:8257657	encode_blacklist
chr21:8257665	encode_blacklist
chr21:8257670	encode_blacklist
chr21:8257672	encode_blacklist
chr21:8257677	encode_blacklist
chr21:8257681	encode_blacklist
chr21:8257685	encode_blacklist
chr21:8257687	encode_blacklist
chr21:8257691	encode_blacklist
chr21:8257697	encode_blacklist
chr21:8257699	encode_blacklist
chr21:8257702	encode_blacklist
chr21:8257705	encode_blacklist
chr21:8257712	encode_blacklist
chr21:8257714	encode_blacklist
chr21:8257722	encode_blacklist
chr21:8257725	encode_blacklist
chr21:8257728	encode_blacklist
chr21:8257733	encode_blacklist
chr21:8257735	encode_blacklist
chr21:8258078	encode_blacklist
chr21:8258082	encode_blacklist
chr21:8258085	encode_blacklist
chr21:8258089	encode_blacklist
chr21:8258094	encode_blacklist
chr21:8258104	encode_blacklist
chr21:8258109	encode_blacklist
chr21:8258111	encode_blacklist
chr21:8258126	encode_blacklist
chr21:8258131	encode_blacklist
chr21:8258136	encode_blacklist
chr21:8258161	encode_blacklist
chr21:8258197	encode_blacklist
chr21:8258200	encode_blacklist
chr21:8392378	encode_blacklist
chr21:8392382	encode_blacklist
chr21:8392386	encode_blacklist
chr21:8392388	encode_blacklist
chr21:8392391	encode_blacklist
chr21:8392399	encode_blacklist
chr21:8392402	encode_blacklist
chr21:8392404	encode_blacklist
chr21:8392415	encode_blacklist
chr21:8392417	encode_blacklist
chr21:8392425	encode_blacklist
chr21:8392432	encode_blacklist
chr21:8392437	encode_blacklist
chr21:8392439	encode_blacklist
chr21:8392448	encode_blacklist
chr21:8392461	encode_blacklist
chr21:8392465	encode_blacklist
chr21:8392470	encode_blacklist
chr21:8392473	encode_blacklist
chr21:8396569	encode_blacklist
chr21:8396573	encode_blacklist
chr21:8396576	encode_blacklist
chr21:8396579	encode_blacklist
chr21:8396581	encode_blacklist
chr21:8396583	encode_blacklist
chr21:8396587	encode_blacklist
chr21:8396593	encode_blacklist
chr21:8396598	encode_blacklist
chr21:8396600	encode_blacklist
chr21:8396604	encode_blacklist
chr21:8396606	encode_blacklist
chr21:8396609	encode_blacklist
chr21:8396611	encode_blacklist
chr21:8396614	encode_blacklist
chr21:8396616	encode_blacklist
chr21:8396619	encode_blacklist
chr21:8396627	encode_blacklist
chr21:8396632	encode_blacklist
chr21:8396640	encode_blacklist
chr21:8396642	encode_blacklist
chr21:8396645	encode_blacklist
chr21:8396650	encode_blacklist
chr21:8396655	encode_blacklist
chr21:8396661	encode_blacklist
chr21:8396664	encode_blacklist
chr21:8396667	encode_blacklist
chr21:8396669	encode_blacklist
chr21:8396675	encode_blacklist
chr21:8396681	encode_blacklist
chr21:8396689	encode_blacklist
chr21:8396696	encode_blacklist
chr21:8397604	encode_blacklist
chr21:8397608	encode_blacklist
chr21:8397619	encode_blacklist
chr21:8397621	encode_blacklist
chr21:8397624	encode_blacklist
chr21:8397629	encode_blacklist
chr21:8397632	encode_blacklist
chr21:8397634	encode_blacklist
chr21:8397638	encode_blacklist
chr21:8397644	encode_blacklist
chr21:8397649	encode_blacklist
chr21:8397662	encode_blacklist
chr21:8397665	encode_blacklist
chr21:8397679	encode_blacklist
chr21:8397689	encode_blacklist
chr21:8402079	encode_blacklist
chr21:8402082	encode_blacklist
chr21:8402086	encode_blacklist
chr21:8402088	encode_blacklist
chr21:8402092	encode_blacklist
chr21:8402120	encode_blacklist
chr21:8402122	encode_blacklist
chr21:8402124	encode_blacklist
chr21:8402130	encode_blacklist
chr21:8402134	encode_blacklist
chr21:8402137	encode_blacklist
chr21:8402139	encode_blacklist
chr21:8402144	encode_blacklist
chr21:8402152	encode_blacklist
chr21:8402159	encode_blacklist
chr21:9324908	encode_blacklist
chr21:9324916	encode_blacklist
chr21:9324996	encode_blacklist
chr21:9325002	encode_blacklist
chr21:9325005	encode_blacklist
chr21:9325009	encode_blacklist
chr21:9325019	encode_blacklist
chr21:9325032	encode_blacklist
chr21:9325040	encode_blacklist
chr21:9325054	encode_blacklist
chr21:9325065	encode_blacklist
chr21:9325070	encode_blacklist
chr21:9325098	encode_blacklist
chr21:9325103	encode_blacklist
chr21:9325114	encode_blacklist
chr21:9325126	encode_blacklist
chr21:9325145	encode_blacklist
chr21:9325153	encode_blacklist
chr21:9325184	encode_blacklist
chr21:9325186	encode_blacklist
chr21:9325199	encode_blacklist
chr21:9325203	encode_blacklist
chr21:9325227	encode_blacklist
chr21:9325244	encode_blacklist
chr21:9325263	encode_blacklist
chr21:9325273	encode_blacklist
chr21:9325284	encode_blacklist
chr21:9325297	encode_blacklist
chr21:9325319	encode_blacklist
chr21:9325348	encode_blacklist
chr21:10325594	encode_blacklist
chr21:10325626	encode_blacklist
chr21:10325636	encode_blacklist
chr21:10325705	encode_blacklist
chr21:10325806	encode_blacklist
chr21:10326018	encode_blacklist
chr21:10326048	encode_blacklist
chr21:10326199	encode_blacklist
chr21:10326289	encode_blacklist
chr21:10326728	encode_blacklist
chr22:11811644	encode_blacklist
chr22:11811659	encode_blacklist
chr22:11811670	encode_blacklist
chr22:11811683	encode_blacklist
chr22:11811703	encode_blacklist
chr22:11811715	encode_blacklist
chr22:11811719	encode_blacklist
chr22:11825132	encode_blacklist
chr22:11825138	encode_blacklist
chr22:11825141	encode_blacklist
chr22:11825144	encode_blacklist
chr22:11825161	encode_blacklist
chr22:11825167	encode_blacklist
chr22:11825170	encode_blacklist
chr22:11825173	encode_blacklist
chr22:11825190	encode_blacklist
chr22:11825196	encode_blacklist
chr22:11825199	encode_blacklist
chr22:11825219	encode_blacklist
chr22:11825226	encode_blacklist
chr22:11825232	encode_blacklist
chr22:11825255	encode_blacklist
chr22:11825258	encode_blacklist
chr22:11825261	encode_blacklist
chr22:11825282	encode_blacklist
chr22:11825290	encode_blacklist
chr22:11829547	encode_blacklist
chr22:11829590	encode_blacklist
chr22:11829600	encode_blacklist
chr22:11829619	encode_blacklist
chr22:11829626	encode_blacklist
chr22:11829700	encode_blacklist
chr22:11829705	encode_blacklist
chr22:11829743	encode_blacklist
chr22:11829745	encode_blacklist
chr22:12125295	encode_blacklist
chr22:12125300	encode_blacklist
chr22:12125474	encode_blacklist
chr22:12126113	encode_blacklist
chr22:12126121	encode_blacklist
chr22:12126157	encode_blacklist
chr22:12126165	encode_blacklist
chr22:12126190	encode_blacklist
chr22:12126245	encode_blacklist
chr22:12126253	encode_blacklist
chr22:12126422	encode_blacklist
chr22:12126464	encode_blacklist
chr22:12126487	encode_blacklist
chr22:12126494	encode_blacklist
chr22:12126550	encode_blacklist
chr22:12126562	encode_blacklist
chr22:12170323	encode_blacklist
chr22:12170341	encode_blacklist
chr22:12170345	encode_blacklist
chr22:12170446	encode_blacklist
chr22:12170448	encode_blacklist
chr22:12170483	encode_blacklist
chr22:12214367	encode_blacklist
chr22:12214370	encode_blacklist
chr22:12214379	encode_blacklist
chr22:12214407	encode_blacklist
chr22:12214418	encode_blacklist
chr22:12214452	encode_blacklist
chr22:12214468	encode_blacklist
chr22:12815373	encode_blacklist
chr22:12815380	encode_blacklist
chr22:12815429	encode_blacklist
chr22:12815441	encode_blacklist
chr22:12815453	encode_blacklist
chr22:12815469	encode_blacklist
chr22:12815483	encode_blacklist
chr22:12815512	encode_blacklist
chr22:12815533	encode_blacklist
chr22:12815620	encode_blacklist
chr22:12815631	encode_blacklist
chr22:12815633	encode_blacklist
chr22:12815664	encode_blacklist
chr22:12815691	encode_blacklist
chr22:12815714	encode_blacklist
chr22:12815798	encode_blacklist
chr22:12815808	encode_blacklist
chr22:12815815	encode_blacklist
chr22:12815821	encode_blacklist
chr22:12815861	encode_blacklist
chr22:12815901	encode_blacklist
chr22:12815925	encode_blacklist
chr22:18511300	encode_blacklist
chr22:18511314	encode_blacklist
chr22:18511352	encode_blacklist
chr22:18511387	encode_blacklist
chr22:18511413	encode_blacklist
chr22:18511429	encode_blacklist
chr22:18903747	encode_blacklist
chr22:18903756	encode_blacklist
chr22:18903793	encode_blacklist
chr22:18903920	encode_blacklist
chr22:18904433	encode_blacklist
chr22:18904449	encode_blacklist
chr22:18904506	encode_blacklist
chr22:18904531	encode_blacklist
chr22:18904556	encode_blacklist
chr22:18904612	encode_blacklist
chr22:18904631	encode_blacklist
chr22:18905620	encode_blacklist
chr22:18905628	encode_blacklist
chr22:18905644	encode_blacklist
chr22:18905660	encode_blacklist
chr22:18905717	encode_blacklist
chr22:18905739	encode_blacklist
chr22:18905741	encode_blacklist
chr22:18905747	encode_blacklist
chr22:18905767	encode_blacklist
chr22:18905772	encode_blacklist
chr22:18905778	encode_blacklist
chr22:18905800	encode_blacklist
chr22:18905854	encode_blacklist
chr22:18907007	encode_blacklist
chr22:18907021	encode_blacklist
chr22:18907053	encode_blacklist
chr22:18907063	encode_blacklist
chr22:18907095	encode_blacklist
chr22:18907408	encode_blacklist
chr22:18907424	encode_blacklist
chr22:18908218	encode_blacklist
chr22:18908947	encode_blacklist
chr22:18908951	encode_blacklist
chr22:18908986	encode_blacklist
chr22:18908989	encode_blacklist
chr22:18909033	encode_blacklist
chr22:18909147	encode_blacklist
chr22:18909150	encode_blacklist
chr22:18909760	encode_blacklist
chr22:18909773	encode_blacklist
chr22:18909778	encode_blacklist
chr22:18909858	encode_blacklist
chr22:18910437	encode_blacklist
chr22:18910517	encode_blacklist
chr22:18910533	encode_blacklist
chr22:18910550	encode_blacklist
chr22:18910613	encode_blacklist
chr22:18910638	encode_blacklist
chr22:18910677	encode_blacklist
chr22:18910722	encode_blacklist
chr22:18910763	encode_blacklist
chr22:18910865	encode_blacklist
chr22:18910868	encode_blacklist
chr22:18910874	encode_blacklist
chr22:18910882	encode_blacklist
chr22:18910889	encode_blacklist
chr22:18911448	encode_blacklist
chr22:18911453	encode_blacklist
chr22:18911482	encode_blacklist
chr22:18911576	encode_blacklist
chr22:18912085	encode_blacklist
chr22:18912125	encode_blacklist
chr22:18913169	encode_blacklist
chr22:18913185	encode_blacklist
chr22:18913206	encode_blacklist
chr22:18913212	encode_blacklist
chr22:18913242	encode_blacklist
chr22:18913248	encode_blacklist
chr22:18913287	encode_blacklist
chr22:18913290	encode_blacklist
chr22:18913318	encode_blacklist
chr22:18913333	encode_blacklist
chr22:18913345	encode_blacklist
chr22:18913491	encode_blacklist
chr22:18914054	encode_blacklist
chr22:18914062	encode_blacklist
chr22:18914069	encode_blacklist
chr22:18917559	encode_blacklist
chr22:18917564	encode_blacklist
chr22:18917585	encode_blacklist
chr22:18917597	encode_blacklist
chr22:18917659	encode_blacklist
chr22:18917725	encode_blacklist
chr22:18917727	encode_blacklist
chr22:18917744	encode_blacklist
chr22:18917757	encode_blacklist
chr22:18917765	encode_blacklist
chr22:18917780	encode_blacklist
chr22:18917792	encode_blacklist
chr22:18917802	encode_blacklist
chr22:18917814	encode_blacklist
chr22:18917885	encode_blacklist
chr22:21149865	encode_blacklist
chr22:21149929	encode_blacklist
chr22:21150015	encode_blacklist
chr22:21150081	encode_blacklist
chr22:21150976	encode_blacklist
chr22:21151028	encode_blacklist
chr22:21151035	encode_blacklist
chr22:21151041	encode_blacklist
chr22:21151056	encode_blacklist
chr22:21151063	encode_blacklist
chr22:21151153	encode_blacklist
